t,ncon,contact_force_total,q_joint_0,qref_joint_0,tau_joint_0,q_joint_6,qref_joint_6,tau_joint_6,q_joint_7,qref_joint_7,tau_joint_7,q_joint_1,qref_joint_1,tau_joint_1,q_joint_8,qref_joint_8,tau_joint_8,q_joint_9,qref_joint_9,tau_joint_9,q_joint_2,qref_joint_2,tau_joint_2,q_joint_10,qref_joint_10,tau_joint_10,q_joint_11,qref_joint_11,tau_joint_11,q_joint_3,qref_joint_3,tau_joint_3,q_joint_12,qref_joint_12,tau_joint_12,q_joint_13,qref_joint_13,tau_joint_13,q_joint_4,qref_joint_4,tau_joint_4,q_joint_5,qref_joint_5,tau_joint_5,q_joint_14,qref_joint_14,tau_joint_14,input_sigma_close,input_sigma_diff,object_free_horizontal_y_axis_cylinder_radius2p5_x,object_free_horizontal_y_axis_cylinder_radius2p5_y,object_free_horizontal_y_axis_cylinder_radius2p5_z
0.0,38.0,10576.688550850706,0.0,0.0,0.0,0.0,0.0,0.0,0.0,0.0,0.0,0.0,0.0,0.0,0.0,0.0,0.0,0.0,0.0,0.0,0.0,0.0,0.0,0.0,0.0,0.0,0.0,0.0,0.0,0.0,0.0,0.0,0.0,0.0,0.0,0.0,0.0,0.0,0.0,0.0,0.0,0.0,0.0,0.0,0.0,0.0,0.0,0.0,0.0,0.095,0.205,0.105
0.002,39.0,10000.7767072439,0.0,0.0,0.0,0.0,0.0,0.0,0.0,0.0,0.0,0.0018106152399308265,0.0,0.0,0.0014078865485230047,0.0,0.0,0.00014386958575859232,0.0,0.0,0.0010941367561481186,0.0,0.0,0.0015453542900719767,0.0,0.0,-0.00043229977332921184,0.0,0.0,0.0018955352399947132,0.0,0.0,0.001501249870277619,0.0,0.0,-9.782147251471054e-05,0.0,0.0,0.0,0.0,0.0,0.0,0.0,0.0,0.0,0.0,0.0,0.0,0.0,0.09499132199794992,0.20495761784241373,0.10527286148329754
0.004,37.0,8992.133307521044,7.14914296302381e-08,0.0061248563820801415,1.5312140955200354e-05,-2.8053656989453147e-08,0.0023816007098144618,5.954001774536155e-06,5.123955030481675e-08,0.002334669972006696,5.836674930016741e-06,0.00938595295081849,0.0060041627545576555,1.0483868786567072e-05,0.0010358869297293174,0.0023066628292272512,2.2469407017606163e-06,0.0016602884668716607,0.0032540901520922536,7.775551415834154e-06,0.006713311752627299,0.005932135681971728,1.2094997314559023e-05,0.0034865882431212086,0.003189966535105855,4.111530612584695e-06,0.0007369330197531596,0.003151699092905634,8.959997165587115e-06,0.008818901907540094,0.0031590033908572746,3.1586703771564037e-06,0.0034318357691613876,0.005873241190335512,1.0929978300144733e-05,3.715457171675707e-05,0.005757505777069328,1.4638318123960095e-05,1.5523710927493449e-09,0.003096753510237395,7.741883775593489e-06,3.5542495807119564e-09,0.0030596042691224236,7.649010672806059e-06,1.7521036617142086e-07,0.005688437648260847,1.4221094120652119e-05,0.13714285714285718,0.0,0.09498063432417644,0.20482426831248388,0.10608778215256849
0.006,37.0,8957.889962087527,3.5745560330904067e-07,0.012249712764160283,3.062410318182663e-05,-1.402659185609448e-07,0.0047632014196289235,1.1908073683214783e-05,2.5619573951605126e-07,0.004669339944013392,1.167322176115772e-05,0.022856276198240943,0.012008325509115311,6.555931395742054e-06,-0.0009592502659197162,0.0046133256584545024,8.943596821812962e-06,0.004462568941314102,0.006508180304184507,1.2119729593282116e-05,0.01846950808706474,0.011864271363943456,1.2877399028290394e-05,0.0051322988412037225,0.00637993307021171,7.233362067726253e-06,0.00407341042258675,0.006303398185811268,1.3916162915145272e-05,0.022275133087510772,0.006318006781714549,-6.252237814563862e-06,0.004327859295428061,0.011746482380671023,2.0786616528774092e-05,0.0007973678086963725,0.011515011554138655,2.869464245605475e-05,7.762239415153145e-09,0.00619350702047479,1.5483763670259243e-05,1.777280493934312e-08,0.006119208538244847,1.529801245998817e-05,8.760453850395666e-07,0.011376875296521694,2.8441750215388806e-05,0.27428571428571435,0.0,0.09493817523819655,0.20461459954871317,0.10735377198779525
0.008,35.0,7911.595993562939,1.0008676561415955e-06,0.018374569146240423,4.5935529226592786e-05,-3.9273226687856604e-07,0.007144802129443384,1.7862355988404864e-05,7.173376082967137e-07,0.007004009916020087,1.7509384300701428e-05,0.04221652867108337,0.018012488263672966,-1.2109469836419943e-05,-0.00250861839448567,0.006919988487681753,1.9698096884003675e-05,0.007260249425965625,0.00976227045627676,1.3249253787406642e-05,0.03703795233961881,0.01779640704591518,-1.6827526028738958e-06,0.006366913769943422,0.009569899605317563,1.1094001910284603e-05,0.005894394061970098,0.009455097278716901,1.3454217140325379e-05,0.042099126140250076,0.009477010172571822,-3.199530728734738e-05,0.0029769797073533957,0.01761972357100653,3.3229660688946176e-05,0.0030296418102667066,0.01727251733120798,4.118787380627901e-05,2.1736266910755377e-08,0.009290260530712184,2.322563192118192e-05,4.977195031017209e-08,0.00917881280736727,2.2946987586405826e-05,2.452893560113546e-06,0.01706531294478254,4.266109224849375e-05,0.4114285714285715,0.0,0.09491053845564386,0.20428411375871935,0.10911456984151212
0.01,35.0,7961.347002844853,2.1446903648841154e-06,0.024499425528320566,6.124606165166106e-05,-8.415292538333519e-07,0.009526402839257847,2.3816988928811816e-05,1.5371181019003215e-06,0.009338679888026785,2.3344906376046224e-05,0.06744499153447932,0.024016651018230622,-4.549969413213188e-05,-0.004223156363553272,0.009226651316909005,2.9338174278486688e-05,0.01042342608214926,0.013016360608369014,1.4390277956008475e-05,0.06159703414003828,0.023728542727886912,-3.327352402932975e-05,0.007212899576237734,0.01275986614042342,1.5982380926199994e-05,0.006637872033819602,0.012606796371622537,1.6781005774131096e-05,0.06719847503706478,0.012636013563429098,-7.365778144205245e-05,0.0011829455162694173,0.023492964761342047,5.128996263497163e-05,0.0055456976182725395,0.02303002310827731,5.000095324502651e-05,4.658418714144225e-08,0.01238701404094958,3.096748076170667e-05,1.0668042547131783e-07,0.012238417076489694,3.0595918261348464e-05,5.256091830139848e-06,0.02275375059304339,5.6878244248708186e-05,0.5485714285714287,0.0,0.09488784976547165,0.20381760236918017,0.11127943906807578
0.012,31.0,6727.301878919062,3.9318679695735105e-06,0.0306242819104007,7.655534305008953e-05,-1.5427050376000947e-06,0.011908003549072305,2.9772112695815345e-05,2.8179660238224098e-06,0.011673349860033478,2.9179531854828942e-05,0.09690993376040472,0.03002081377278827,-9.356044440422762e-05,-0.005961125217304789,0.011533314146136254,3.939117627422381e-05,0.014215086691569321,0.016270450760461262,1.4617561695780007e-05,0.09091260364798298,0.029660678409858636,-7.984088932544912e-05,0.007575408244263638,0.01594983267552927,2.184233274822884e-05,0.008601491202110617,0.015758495464528167,2.280155857677141e-05,0.0971777346335466,0.01579501695428637,-0.00012850864520694603,-0.0010743839175266301,0.02936620595167755,7.045815108852033e-05,0.007877219666675964,0.02878752888534663,5.810457816768523e-05,8.542034111129523e-08,0.015483767551186972,3.8709302417499576e-05,1.9564565197881527e-07,0.015298021345612114,3.824478666296661e-05,9.63589979040331e-06,0.028442188241304227,7.109233037368523e-05,0.6857142857142857,0.0,0.09484556227088355,0.20320696000892585,0.11379977624256563
0.014,29.0,5870.8826605094355,6.505319996266201e-06,0.036749138292480846,9.186301606127817e-05,-2.5522699215295935e-06,0.014289604258886769,3.572786740981092e-05,4.6622779913226015e-06,0.014008019832040175,3.501300466504088e-05,0.13000093678076372,0.03602497652734593,-0.00015221239308264696,-0.007628699653784091,0.013839976975363506,4.950275548167074e-05,0.017910188241324333,0.01952454091255352,1.3273635552460494e-05,0.12436193121297878,0.03559281409183036,-0.00013829947389038154,0.007765051316008984,0.019139799210635126,2.8910977415928724e-05,0.011110981816696864,0.018910194557433802,2.577175838830796e-05,0.1315361190190565,0.018954020345143645,-0.00019555928572100742,-0.004400699238641935,0.03523944714201306,9.078457764884922e-05,0.010213944965557522,0.03454503466241596,6.666953748934999e-05,1.4136521311067584e-07,0.018580521061424368,4.645108910270814e-05,3.2383995727964446e-07,0.01835762561473454,4.589357492270641e-05,1.5942473919106867e-05,0.03413062588956508,8.53024749744367e-05,0.822857142857143,0.0,0.09480701128321346,0.20243755026553606,0.11656145217991083
0.016,23.0,4400.298339205896,1.0007935081329608e-05,0.042873994674560975,0.00010716872338641177,-3.926186896310114e-06,0.016671204968701225,4.168439309655689e-05,7.17241039356519e-06,0.016342689804046868,4.084506881513886e-05,0.16656051116299786,0.04202913928190358,-0.00021992949374715034,-0.009292833269525918,0.016146639804590752,5.9438348645937115e-05,0.020951216024402353,0.02277863106464577,1.217110705830359e-05,0.1620483242496324,0.04152494977380209,-0.00020709245359794176,0.007013990107822464,0.022329765745740977,3.6411786074329985e-05,0.011727437795318037,0.022061893650339434,2.7377279584106428e-05,0.16926163613023437,0.022113023736000915,-0.000273557738207639,-0.00828480697613465,0.04111268833234857,0.00011378346892747625,0.01266686788477409,0.04030254043948528,7.52214886848194e-05,2.1754696658859493e-07,0.02167727457166176,5.419283301612162e-05,4.984667958555478e-07,0.02141722988385696,5.35422651097492e-05,2.4525841810861165e-05,0.03981906353782592,9.950780265976702e-05,0.96,0.0,0.09479129398992608,0.20150755486583202,0.11955088641746366
0.018000000000000002,27.0,5174.418709861875,1.4582564797729782e-05,0.04899885105664113,0.0001224721078038995,-5.7203621863314204e-06,0.019052805678515694,4.764182966353001e-05,1.0450671353125902e-05,0.01867735977605357,4.667546841415001e-05,0.20589693219249608,0.048033302036461244,-0.00029631802281634154,-0.011667618978804351,0.01845330263381801,6.936533975835982e-05,0.02354607332275025,0.02603272121673803,1.2703762980839189e-05,0.20358100850997607,0.047457085455773824,-0.00028647809698464645,0.0047450982135060615,0.02551973228084684,4.6264355432560936e-05,0.013005365717514285,0.025213592743245073,3.371538736981759e-05,0.20900050320430164,0.025272027126858197,-0.00035997402250844047,-0.01145119202168012,0.04698592952268409,0.00013817684124704688,0.014610750421113372,0.04606004621655462,8.348294582945132e-05,3.171029800613741e-07,0.02477402808189916,6.193452633733143e-05,7.267669665497486e-07,0.02447683415297939,6.119083921545883e-05,3.573587641931459e-05,0.04550750118608678,0.00011370743836068979,1.0971428571428574,0.0,0.09480398007202681,0.20040580502140098,0.12272489416548778
0.02,25.0,4291.590704916694,2.0372017483758396e-05,0.05512370743872126,0.00013777281218480884,-7.99063580118423e-06,0.021434406388330152,5.3600316876291206e-05,1.4599312691612116e-05,0.02101202974806026,5.250394769176784e-05,0.24742248486825094,0.05403746479101889,-0.00037964866850369295,-0.01369093513673478,0.020759965463045257,8.106896110462402e-05,0.02529990516007019,0.029286811368830278,1.4351845115200069e-05,0.24796183847820358,0.05338922113774555,-0.0003754794684305763,0.0016160251227785062,0.02870969881595269,5.991150150611658e-05,0.015609903034999146,0.028365291836150705,3.839981529659105e-05,0.2509758505246343,0.028431030517715467,-0.0004514236817164654,-0.015101628631093213,0.05285917071301959,0.0001607759068367493,0.016358495081154126,0.051817551993623936,9.301700393127641e-05,4.43181383065547e-07,0.027870781592136552,6.967616122289123e-05,1.0160248252290634e-06,0.027536438422101808,6.883927913783815e-05,4.992227031095365e-05,0.051195938834347615,0.00012790050739482076,1.2342857142857144,0.0,0.09481709765852894,0.1991190382294136,0.12603180735385258
0.022,27.0,4109.6965677907965,2.7519052074642245e-05,0.0612485638208014,0.0001530704795082941,-1.0792772093227258e-05,0.02381600709814461,5.955999433486449e-05,1.9720521900143396e-05,0.023346699720066956,5.833025101843836e-05,0.2906378128962918,0.06004162754557654,-0.000468452143306686,-0.01528306149641411,0.023066628292272507,9.189390857251823e-05,0.02643002621869762,0.032540901520922524,1.8102490902130835e-05,0.29400879238676797,0.05932135681971727,-0.00047160120414621576,-0.0012878775874971596,0.03189966535105854,7.570910057070007e-05,0.01901159481851411,0.031516990929056334,3.976771973514297e-05,0.29351002538931,0.03159003390857274,-0.0005484645415401539,-0.018564105345910284,0.0587324119033551,0.00018458510133612078,0.018285966301608232,0.05757505777069326,0.00010304140672384783,5.989425921628739e-07,0.030967535102373944,7.74177298024772e-05,1.37357449193436e-06,0.030596042691224228,7.64875666659975e-05,6.743450993210269e-05,0.056884376482608454,0.00014208613553074375,1.3714285714285714,0.0,0.09482187111977124,0.19763798060719634,0.12944146421282257
0.024,23.0,3734.3465645461747,3.6166371937478055e-05,0.06737342020288155,0.00016836475287701727,-1.4182450322153313e-05,0.026197607807959072,6.552100145013076e-05,2.5916414115438613e-05,0.02568136969207365,6.415412292543377e-05,0.3353211170443452,0.0660457903001342,-0.0005614800564903941,-0.017076944049810805,0.025373291121499757,0.00010164088154478466,0.027276676260990895,0.03579499167301478,2.34124136357929e-05,0.34159496882509627,0.065253492501689,-0.0005718882497126975,-0.004359352872046649,0.035089631886164395,9.094377368415389e-05,0.023075449121818588,0.03466869002196197,3.914273800861965e-05,0.33551067380295363,0.03474903729943001,-0.0006469024702246999,-0.021491461684249934,0.06460565309369061,0.00020792439609900224,0.02068333910030838,0.0633325635477626,0.00011261649311538591,7.875608470052537e-07,0.03406428861261134,8.515922417504795e-05,1.8068060516728826e-06,0.033655646960346654,8.413568346463681e-05,8.862184989115118e-05,0.0625728141308693,0.00015626344905234302,1.5085714285714287,0.0,0.09480623963991816,0.19595977414795307,0.1328968435360463
0.026000000000000002,27.0,3278.961219432206,4.64566187099352e-05,0.07349827658496169,0.00018365527553256052,-1.821525522748496e-05,0.028579208517773538,7.148347742023923e-05,3.3289024102255286e-05,0.02801603966408035,6.997530812491228e-05,0.38081732869449947,0.07204995305469186,-0.0006581779099741334,-0.019402629090553018,0.02767995395072701,0.00011189224500134455,0.02825393716284308,0.03904908182510704,2.9431013910290356e-05,0.3905257959707231,0.07118562818366073,-0.0006760233516035888,-0.007630659329927259,0.03827959842127025,0.00010659737823329226,0.026320191872105207,0.037820389114867604,3.686234998262254e-05,0.3782503504084464,0.03790804069028729,-0.0007440065827816659,-0.0243275016667835,0.07047889428402612,0.00022992588992069016,0.022850382473635873,0.06909006932483192,0.00012101682556130883,1.0122257464672128e-06,0.037161042122848736,9.290063640500433e-05,2.323171748006616e-06,0.03671525122946908,9.178361105854353e-05,0.00011383328725803528,0.06826125177913016,0.0001704315748230975,1.645714285714286,0.0,0.09480429555805936,0.19406900526009993,0.13636805112655137
0.028,23.0,2922.9576050042206,5.853236614316856e-05,0.07962313296704183,0.00019894169087082976,-2.294666760992931e-05,0.030960809227588003,7.744756120703872e-05,4.194029824292613e-05,0.03035070963608705,7.5793551529962e-05,0.4269609819545998,0.07805411580924952,-0.0007569080322131249,-0.02265752534833637,0.029986616779954265,0.0001234731146762682,0.029636752049051238,0.042303171977199294,3.512308703589054e-05,0.4402805650591685,0.07711776386563247,-0.0007835200802627267,-0.010999210977201393,0.04146956495637611,0.0001227505607157584,0.02888436016945878,0.04097208820777325,3.66297408391701e-05,0.4222196008715589,0.041067044081144574,-0.0008429582658182545,-0.027496415729458965,0.07635213547436165,0.0002516990928528629,0.024694322677346784,0.07484757510190126,0.00012999298157066348,1.2761437848535299e-06,0.04025779563308614,0.00010064195851834918,2.9301921685916067e-06,0.039774855498591506,9.943133081710876e-05,0.00014341753588299945,0.07394968942739101,0.00018458964035033244,1.7828571428571434,0.0,0.09479565097400783,0.19198463127601426,0.13980103210575337
0.03,22.0,2587.371621055698,7.253611394938352e-05,0.08574798934912195,0.00021422364245744695,-2.843205492252034e-05,0.03334240993740245,8.341339151253095e-05,5.197208653473688e-05,0.032685379608093736,8.160859827462702e-05,0.47352956120103584,0.08405827856380715,-0.0008572567584769817,-0.025816065871430736,0.032293279609181505,0.0001373770123937947,0.03083251574561285,0.04555726212929154,3.980127520060075e-05,0.49024807253999214,0.08304989954760418,-0.0008930766637789109,-0.01459009899572056,0.044659531491481955,0.00013914685617170836,0.03216223186200268,0.04412378730067887,3.809856782805022e-05,0.4658367357242124,0.04422604747200183,-0.0009449838834988928,-0.030395219921707045,0.08222537666469713,0.00027430448098539025,0.026683627181564744,0.08060508087897056,0.00013977689550405945,1.5825398881894236e-06,0.04335454914332352,0.00010838318249884666,3.635462421824006e-06,0.04283445976771392,0.00010707882393886332,0.00017772300073666205,0.07963812707565184,0.0001987367738494221,1.92,0.0,0.09477868166157984,0.18970718894465977,0.1431640517786346
0.032,20.0,2226.6716907097725,8.861028165449453e-05,0.09187284573120208,0.00022950077404313172,-3.472666187247596e-05,0.03572401064721691,8.938110675534858e-05,6.348613459588866e-05,0.03502004958010043,8.742019373391425e-05,0.5198174174970063,0.0900624413183648,-0.0009586677997066776,-0.028627533285807347,0.034599942438408755,0.00015104002077459875,0.03205451202978981,0.04881135228138379,4.494709133942734e-05,0.5396620895117679,0.0889820352295759,-0.0010031650932760406,-0.01783920920999332,0.047849498026587806,0.0001560989925557709,0.035920828609371326,0.0472754863935845,3.778313632895455e-05,0.5097111526834285,0.0473850508628591,-0.0010461292121533832,-0.03344836381525463,0.08809861785503263,0.0002962345944418492,0.028669892536558897,0.08636258665603988,0.00014919739868618785,1.9346589506005805e-06,0.046451302653560914,0.00011612430028418181,4.446658303749529e-06,0.04589406403683634,0.00011472607143603628,0.0002170977522734075,0.08532656472391267,0.00021287210430794002,2.057142857142857,0.0,0.09478136091818179,0.1872556534342168,0.14642164557773107
0.034,23.0,2252.285835482885,0.00010689720245631837,0.09799770211328226,0.00024477272957906945,-4.188560103469564e-05,0.03810561135703139,9.535084504725967e-05,7.658407568078721e-05,0.03735471955210714,9.322808354377812e-05,0.5663729748431737,0.09606660407292249,-0.0010593770335602095,-0.03168516552057221,0.03690660526763602,0.0001638353463836084,0.033310095556032225,0.05206544243347606,5.002732600921562e-05,0.588150316437755,0.09491417091154765,-0.0011118697965005505,-0.020474237342909755,0.05103946456169368,0.0001721966844292175,0.03978395959739361,0.050427185486490146,3.626589219279705e-05,0.5536808404086855,0.05054405425371639,-0.0011479177460742803,-0.036486750154341364,0.09397185904536819,0.00031855055715155706,0.030620671433326765,0.09212009243310924,0.00015862549974137588,2.3357673707901345e-06,0.04954805616379832,0.00012386530376211932,5.3715424543940476e-06,0.04895366830595878,0.00012237305411913756,0.00026188950082012535,0.09101500237217355,0.00022699476154975037,2.194285714285715,0.0,0.0947780095312059,0.1846493620312904,0.14954127821639657
0.036000000000000004,22.0,1816.234009140084,0.00012753911708874278,0.1041225584953624,0.0002600391532322652,-4.996384347782296e-05,0.04048721206684584,0.00010132274416970134,9.136742270540006e-05,0.03968938952411383,9.903201362108261e-05,0.6132226684722465,0.10207076682748013,-0.001160755520039234,-0.03494365827428705,0.03921326809686327,0.0001772460840435887,0.03454650362563172,0.05531953258556831,5.502359257384021e-05,0.6356188890476807,0.10084630659351938,-0.0012182600246105888,-0.022569006202035894,0.05422943109679953,0.00018675917109927322,0.043681667766155605,0.053578884579395775,3.448731245500542e-05,0.5979190066507798,0.053703057644573664,-0.0012499444569102796,-0.03967963562286045,0.09984510023570368,0.00034082962597511263,0.03252792213219415,0.09787759821017857,0.0001681423169421295,2.7891545886195342e-06,0.05264480967403572,0.00013160618476666232,6.417970502674178e-06,0.0520132725750812,0.00013001975258156701,0.00031244557099231534,0.09670344002043439,0.00024110387629903567,2.331428571428572,0.0,0.09477905082778423,0.18190231828046877,0.15250543898104305
0.038,20.0,1610.7427599668933,0.00015067816769231057,0.11024741487744252,0.0002752996894008845,-5.9016209403795884e-05,0.042868812776660305,0.00010729694155034532,0.00010793756028342176,0.04202405949612052,0.0001048317301835378,0.6599855379647157,0.10807492958203778,-0.0012628693472255218,-0.038144945065153125,0.04151993092609051,0.0001911589730009439,0.035826792368407995,0.058573622737660556,6.006779778007209e-05,0.6818382180757939,0.1067784422754911,-0.0013221011169304742,-0.023819559628403934,0.05741939763190538,0.0001999710095848532,0.04729383844317635,0.05673058367230141,3.2622289765364515e-05,0.6419510256238573,0.056862061035430934,-0.0013526423640383722,-0.042514126900858526,0.10571834142603918,0.00036349494262224904,0.03436337324870414,0.10363510398724787,0.00017776795463763428,3.2981346218000382e-06,0.055741563184273105,0.00013934693507421122,7.593897199047896e-06,0.055072876844203617,0.00013766614718425235,0.00036911287613957414,0.10239187766869523,0.0002551985802442573,2.468571428571429,0.0,0.09477254591633043,0.1790269764879741,0.15529278034184174
0.04,19.0,1377.9524620444265,0.00017645639169165878,0.11637227125952267,0.0002905539827295759,-6.909735880180576e-05,0.045250413486474766,0.0001132735742396964,0.00012639573677398607,0.04435872946812722,0.0001106269797696095,0.7059342961982835,0.11407909233659544,-0.0013647661140703008,-0.040468442180896555,0.043826593755317764,0.00020492884705117725,0.037080038706044954,0.061827712889752806,6.500230130336203e-05,0.7269793390312065,0.11271057795746282,-0.0014228191002958277,-0.024668186594242476,0.06060936416701123,0.00021107230948853793,0.050663659575773325,0.05988228276520704,3.147111080507673e-05,0.6858750883604766,0.060021064426288205,-0.0014548249029939229,-0.04514332244014653,0.1115915826163747,0.0003852642737930831,0.03615472137716234,0.1093926097643172,0.00018757309128903264,3.866047602701374e-06,0.0588383166945105,0.00014708754639972176,8.907382535066558e-06,0.058132481113326036,0.00014531221804031747,0.00043223789282247874,0.10808031531695607,0.00026927800610204126,2.605714285714286,0.0,0.09476304228652253,0.17604598985313477,0.15789325935953982
0.042,19.0,1241.2480226462385,0.00020501571568025178,0.1224971276416028,0.00030580167812477787,-8.026178211758449e-05,0.04763201419628922,0.00011925277888772757,0.00014684305634166253,0.04669339944013391,0.00011641750925839982,0.7509516673633996,0.12008325509115308,-0.0014646276027678264,-0.04185398214688345,0.046133256584545014,0.00021650424691360394,0.038331687586931354,0.06508180304184505,7.000441083950024e-05,0.7709284056107515,0.11864271363943454,-0.0015208415634794298,-0.025160453554785512,0.06379933070211707,0.00022116879324089885,0.0538138684403216,0.06303398185811267,3.092580570584836e-05,0.7295710540267175,0.06318006781714548,-0.0015567375513583278,-0.04750573991288322,0.1174648238067102,0.00040652036561714176,0.037931542277242804,0.11515011554138652,0.00019748848541056046,4.496261315283869e-06,0.06193507020474789,0.00015482801039286295,1.0366597848991096e-05,0.061192085382448455,0.00015295794499978348,0.0005021666353228777,0.11376875296521691,0.00028334128768098607,2.742857142857143,0.0,0.09475144282079648,0.17297862498963668,0.16030568516647636
0.044,19.0,761.4594984978077,0.000236497949312847,0.12862198402368294,0.00032104242077000673,-9.256379093893693e-05,0.05001361490610369,0.00012523469172055318,0.00016938047102947344,0.049028069412140614,0.00012220306588949737,0.7952582152694094,0.12608741784571076,-0.0015621606237942222,-0.04256315366201274,0.04843991941377227,0.0002257347539016393,0.03960237655850275,0.06833589319393732,7.501051401751491e-05,0.8136393521283752,0.12457484932140628,-0.0016158838907233632,-0.025328217109891454,0.06698929723722294,0.00023037437698002113,0.056717840617906384,0.0661856809510183,3.092953127674176e-05,0.7729779253734155,0.06633907120800275,-0.001658079957046787,-0.04958038310451159,0.12333806499704572,0.0004271095122748224,0.03971408480507825,0.12090762131845587,0.00020744019760303268,5.192172732160122e-06,0.0650318237149853,0.00016256831863417504,1.1979831916636609e-05,0.06425168965157088,0.00016060330763430474,0.000579244630189599,0.11945719061347777,0.00029738755994538723,2.8800000000000003,0.0,0.09474088663322346,0.1698436293375601,0.16253076238072875
0.046,15.0,4.395798161658759,0.0002710447792061306,0.1347468404057631,0.00033627585614112563,-0.00010605750869843409,0.052395215615918145,0.00013121944851714272,0.00019410877284566617,0.0513627393841473,0.00012798339728279458,0.8390909800202125,0.1320915806002684,-0.0016579165866728526,-0.04283794018841387,0.050746582242999515,0.00023327433976253067,0.040894701857450776,0.07158998334602956,7.996901696881702e-05,0.8550985241223462,0.130506985003378,-0.0017078309178124931,-0.025427146511024724,0.07017926377232879,0.0002387687022055506,0.059243304366904545,0.06933738004392394,3.1548848565043885e-05,0.816011902539296,0.06949807459886002,-0.0017586996269363887,-0.051326250519618005,0.12921130618738122,0.0004469792232297321,0.04152399675760302,0.1266651270955252,0.00021737760572611734,5.9572095517920545e-06,0.06812857722522268,0.0001703084626312263,1.3755497026611225e-05,0.06731129392069331,0.00016824828522194168,0.0006638168908215811,0.1251456282617386,0.0003114159590788725,3.0171428571428573,0.0,0.09473059035486812,0.16667596658766404,0.16466627754188465
0.048,16.0,4.045604745415794,0.00030879776284796045,0.1408716967878432,0.00035150163002159267,-0.00012079686139418004,0.0547768163257326,0.0001372071845860776,0.0002211285858649735,0.05369740935615399,0.0001337582514582708,0.8827779567737493,0.13809574335482602,-0.0017524880916634665,-0.04298259561215456,0.05305324507222676,0.0002397279631516016,0.04219691613427765,0.0748440734981218,8.487342910167757e-05,0.8954819416301876,0.13643912068534972,-0.0017966485085924913,-0.026073187521056265,0.07336923030743464,0.0002469909420461484,0.06133608017224359,0.07248907913682956,3.3114436924812535e-05,0.8589088595860346,0.0726570779897173,-0.0018583870613739467,-0.05294807644024211,0.13508454737771672,0.00046602699474333683,0.04334595582490782,0.13242263287259448,0.00022724659028747866,6.794831735828868e-06,0.07122533073546006,0.00017804843381477066,1.570213503911672e-05,0.07037089818981572,0.0001758928567319728,0.0007562278920904305,0.13083406590999944,0.00032542562254794463,3.154285714285714,0.0,0.09471980339818571,0.1634900596956678,0.16675078421920148
0.05,14.0,3.5647391654609644,0.00034989832251565233,0.14699655316992338,0.0003667193885176886,-0.0001368355683295636,0.057158417035547075,0.00014319803474235313,0.0002505403583450937,0.0560320793281607,0.00013952737685573932,0.9263338166448718,0.14409990610938372,-0.001846695126660914,-0.0430108934299508,0.05535990790145402,0.0002458562587840215,0.04350869288118801,0.07809816365021408,8.975311878984106e-05,0.9347963768198561,0.14237125636732145,-0.0018827767131571656,-0.027266299656404595,0.0765591968425405,0.00025658096090899193,0.06298176444850376,0.07564077822973521,3.576174514372905e-05,0.9017064118807511,0.07581608138057458,-0.00195773194551365,-0.05447572647455175,0.14095778856805224,0.00048476466252073586,0.045176333475658276,0.13818013864966383,0.00023708545706189002,7.70853304659121e-06,0.07432208424569747,0.00018578822353490412,1.7828423427480174e-05,0.07343050245893816,0.00018353700080974762,0.0008568215450044053,0.13652250355826032,0.00033941568916542474,3.291428571428572,0.0,0.09470955704420927,0.16030267082288682,0.1688579001513472
0.052000000000000005,12.0,3.156638146195744,0.0003944877392037452,0.1531214095520035,0.0003819287780737197,-0.00015422713287290305,0.05954001774536153,0.00014919213328422773,0.0002824443548591201,0.05836674930016739,0.00014529052235455575,0.9697729831911179,0.15010406886394137,-0.0019405743694523262,-0.04293602069534439,0.05766657073068127,0.0002516936604015802,0.04482953553959892,0.08135225380230632,9.460890230279577e-05,0.9730202716218966,0.1483033920492932,-0.0019662324619264073,-0.029021682954726177,0.07974916337764636,0.00026753865758512735,0.06415350566507354,0.07879247732264084,3.9526782185342715e-05,0.9444616160849566,0.07897508477143185,-0.002056828317773298,-0.05595250061286513,0.14683102975838774,0.0005032668905823487,0.04700849708284657,0.14393764442673315,0.0002469032773776872,8.701842584706507e-06,0.07741883775593486,0.0001935278230572207,2.014318130158783e-05,0.07649010672806057,0.00019118069576158273,0.0009659411714158217,0.14221094120652114,0.00035338529915379186,3.428571428571429,0.0,0.09469958665883851,0.1571085789213167,0.17096295759764207
0.054,11.0,2.928789119168263,0.00044270714656168014,0.15924626593408367,0.0003971294454871998,-0.00017302483323789028,0.061921618455176006,0.00015518961397012227,0.00031694064844464735,0.0607014192721741,0.00015104743729328746,1.0131494178340879,0.15610823161849904,-0.0020341618789315474,-0.0427999548165626,0.05997323355990853,0.0002572731356381323,0.046153573214102045,0.08460634395439859,9.944202103699918e-05,1.0101390971747337,0.15423552773126495,-0.0020469618597265793,-0.031350398021074116,0.08293912991275222,0.000279902032168696,0.06482581558015922,0.0819441764155465,4.447667687618239e-05,0.987173520223369,0.08213408816228915,-0.0021558188198066686,-0.0573771350495722,0.1527042709487233,0.0005216419289039711,0.04884253612100552,0.14969515020380253,0.0002567166328023899,9.778326326900149e-06,0.08051559126617228,0.00020126722355896893,2.2655375412394197e-05,0.07954971099718301,0.00019882391953970357,0.0010839294787738773,0.14789937885478202,0.0003673335942084155,3.5657142857142867,0.0,0.09468983054972732,0.15390845353610302,0.17306609566852255
0.056,12.0,2.711261187214462,0.0004946975248418262,0.1653711223161638,0.0004123210379240053,-0.0001932817132857372,0.06430321916499046,0.00016119060999557087,0.00035412911277028173,0.06303608924418079,0.00015679787148934035,1.0564873310223406,0.1621123943730567,-0.002127592558652578,-0.04262111566271513,0.062279896389135773,0.00026269962801424594,0.04747803134309673,0.08786043410649083,0.00010426715223097197,1.0461841522807243,0.16016766341323666,-0.0021249285844037427,-0.03423673981380392,0.08612909644785807,0.00029369873617233046,0.0649950297528183,0.08509587550845212,5.0675149820732235e-05,1.029840855959435,0.0852930915531464,-0.0022547010716755566,-0.058748138648817276,0.15857751213905877,0.0005398866179715774,0.05067858446576231,0.15545265598087182,0.0002665252996496658,1.0941588663946848e-05,0.08361234477640966,0.0002090064161252069,2.537412613668156e-05,0.08260931526630542,0.00020646664972723259,0.0012111285349248792,0.15358781650304285,0.00038125971756067245,3.7028571428571433,0.0,0.09468006770239537,0.15070280113651136,0.17516728765870707
0.058,10.0,2.489740911467206,0.0005505996948582874,0.1714959786982439,0.0004275032029335052,-0.00021505057334992564,0.0666848198748049,0.0001671952539702266,0.00039410941432027786,0.06537075921618747,0.00016254157525854296,1.0997853501066446,0.1681165571276143,-0.002220926934736816,-0.0423984562014634,0.06458655921836301,0.00026801918720269533,0.04880319335017013,0.09111452425858307,0.00010909123228871587,1.081225475353214,0.16609979909520836,-0.00220021088296379,-0.03764203899206789,0.08931906298296391,0.0003088895069919196,0.06467738656133791,0.08824757460135774,5.813136212134858e-05,1.0724618281986547,0.08845209494400366,-0.0023534719025385784,-0.06006363275627993,0.16445075332939427,0.0005579972299455288,0.05251684549108713,0.16121016175794112,0.000276328943230447,1.2195273938786205e-05,0.08670909828664704,0.00021674539174495772,2.8308713441247178e-05,0.08566891953542784,0.0002141088635232279,0.001347879742961866,0.15927625415130367,0.00039516281404094696,3.84,0.0,0.09467030513991083,0.1474920975690919,0.1772665218229972
0.06,9.0,2.2681405387346922,0.0006105543119569208,0.17762083508032409,0.0004426755884636645,-0.0002383839610844585,0.06906642058461938,0.0001732036778949233,0.00043698100459802543,0.06770542918819418,0.00016827829943468476,1.1430421111739908,0.17412071988217198,-0.0023141615755611815,-0.0421309481700388,0.06689322204759028,0.0002732291956226342,0.05012934764044778,0.09436861441067534,0.00011391355265126304,1.1153345597690332,0.1720319347771801,-0.002272983851440085,-0.04152588839459564,0.09250902951806977,0.0003253776712753442,0.06389240158285296,0.09139927369426339,6.68047178323137e-05,1.1150346511043874,0.09161109833486096,-0.0024521268246594846,-0.0613217625000355,0.17032399451972982,0.0005759690681900244,0.05435752970128113,0.16696766753501047,0.0002861270551098084,1.3543067984806116e-05,0.08980585179688445,0.0002244841413073642,3.146858282569763e-05,0.08872852380455028,0.0002217505377277726,0.001494523816125601,0.16496469179956455,0.0004090420301415067,3.9771428571428578,0.0,0.09466054245643887,0.14427680859163644,0.1793638218216795
0.062,7.0,0.9781791877871566,0.0006747018599969993,0.18374569146240416,0.00045783784287611813,-0.00026333416233650676,0.07144802129443382,0.00017921601313879572,0.00048284311234910436,0.07004009916020086,0.0001740077953890071,1.1862562592886996,0.1801248826367296,-0.0024072930713431528,-0.0418175824576428,0.06919988487681751,0.0002783270826171408,0.05145678765337042,0.09762270456276757,0.00011873339230579948,1.148583967505045,0.1779640704591518,-0.0023434262232747034,-0.045846469167937325,0.09569899605317561,0.00034306221111942814,0.0626629273501822,0.094550972787169,7.664642801079008e-05,1.1575575484602332,0.0947701017257182,-0.0025506613734466734,-0.06252069751934512,0.17619723571006526,0.0005937974955252519,0.05620085490124723,0.17272517331207976,0.0002959191090269966,1.4988699664297313e-05,0.09290260530712183,0.00023222265559784256,3.4863351243032084e-05,0.09178812807367268,0.00022939164872711745,0.0016514007527589176,0.17065312944782535,0.00042289651407924936,4.114285714285714,0.0,0.09465077971842702,0.1410574002923122,0.18145924910074812
0.064,0.0,0.0,0.0007431826453449461,0.18987054784448434,0.0004729896149612184,-0.00028995319204434513,0.0738296220042483,0.000185232390416462,0.0005317947358046273,0.07237476913220757,0.00017972981504964618,1.2294264487304298,0.1861290453912873,-0.0025003180347435306,-0.041457369474972555,0.07150654770604478,0.000283310325409219,0.05278581191026968,0.10087679471485984,0.00012355001765372356,1.1814435346843277,0.18389620614112356,-0.002411719403409804,-0.05020850552791095,0.09888896258828148,0.000361838579390547,0.06130071310293892,0.09770267188007464,8.759936132473112e-05,1.20002875403189,0.0979291051165755,-0.002649071108359144,-0.06365863267533738,0.18207047690040082,0.0006114779360493648,0.058047046357517965,0.1784826790891491,0.0003057045604697547,1.653594240708195e-05,0.09599935881735923,0.00023996092529423733,3.8502812997198824e-05,0.09484773234279512,0.00023703217247888022,0.001818849811316391,0.17634156709608623,0.0004367254158583183,4.251428571428572,0.0,0.09464101690812879,0.13783636072220207,0.1835539119008784
0.066,0.0,0.0,0.0008161367908805727,0.19599540422656453,0.00048813055395304894,-0.00031829278516146397,0.07621122271406278,0.00019125293976526782,0.000583934634945584,0.07470943910421428,0.00018544411092102412,1.2725513432289468,0.19213320814584497,-0.0025932331014614624,-0.04104933951064704,0.07381321053527204,0.0002881764500256115,0.05411672405669852,0.10413088486695211,0.00012836268239170608,1.2142614755274725,0.1898283418230953,-0.002479037982153081,-0.05452648272359626,0.10207892912338735,0.00038071858662824576,0.059939613485445326,0.10085437097298029,9.888414467510342e-05,1.2424465119284025,0.10108810850743279,-0.0027473516138111424,-0.06473378874326395,0.18794371809073637,0.0006290058769151843,0.0598963369499122,0.1842401848662185,0.00031548284627175126,1.8188615749318737e-05,0.09909611232759664,0.0002476989409629739,4.239694561681157e-05,0.09790733661191756,0.0002446720844973009,0.0019972094854313017,0.1820300047443471,0.0004505278873325768,4.38857142857143,0.0,0.09463125399803146,0.13461477437603778,0.18564829634623253
0.068,0.0,0.0,0.000893704230016246,0.2021202606086446,0.00050326030954441,-0.0003484043876077445,0.07859282342387722,0.0001972777905225967,0.0006393613237889008,0.07704410907622095,0.0001911504361031884,1.3156296161955048,0.1981373709004026,-0.0026860349308213604,-0.04059254307432095,0.07611987336449927,0.00029292303218786576,0.05544983289947897,0.10738497501904434,0.00013317062740586457,1.247036375136624,0.195760477505067,-0.002546252495056014,-0.05879855071292106,0.10526889565849318,0.0003994884459552236,0.05857969301034474,0.1040060700658859,0.00011016614145110144,1.2848090769626725,0.10424711189829004,-0.0028454985000752812,-0.0657444130859146,0.19381695928107182,0.0006463768700608394,0.06174896731367106,0.18999769064328775,0.0003252533842334389,1.9950586872486714e-05,0.10219286583783402,0.00025543669305521174,4.655591570421501e-05,0.10096694088103995,0.0002523113598385579,0.0021868174790418576,0.1877184423926079,0.0004643030822679415,4.525714285714286,0.0,0.0946214911379916,0.13139348244578,0.1877428241306767
0.07,0.0,0.0,0.0009760247007294126,0.2082451169907248,0.0005183785319017713,-0.000380339147248578,0.08097442413369169,0.00020330707130324858,0.0006981730626959261,0.07937877904822765,0.00019684854431109688,1.3586599509506996,0.20414153365496027,-0.002778720206351361,-0.04008605122628537,0.07842653619372654,0.0002975476981701187,0.05678545243843735,0.11063906517113661,0.0001379730806791441,1.2797668227969259,0.20169261318703877,-0.0026133594048739633,-0.06302287372782031,0.10845886219359906,0.0004181435322663003,0.057221021164103957,0.10715776915879155,0.00012144519037111702,1.3271147150110816,0.10740611528914733,-0.0029435074041838133,-0.06668878030779811,0.19969020047140737,0.0006635865338933049,0.06360518597193929,0.19575519642035713,0.0003350155727667152,2.1825772142549384e-05,0.10528961934807143,0.0002631741719029974,5.099008475909147e-05,0.1040265451501624,0.00025994997308614545,0.0023880106815786363,0.19340688004086878,0.0004780501564045673,4.662857142857144,0.0,0.09461172827795175,0.12817219051552223,0.18983735191512086
0.07200000000000001,0.0,0.0,0.0010632377396089048,0.21436997337280492,0.0005334848716801887,-0.0004141479049028096,0.08335602484350615,0.00020934090997688684,0.0007604678507040494,0.08171344902023435,0.00020253818989384605,1.4016410409486422,0.2101456964095179,-0.002871285636352954,-0.03952895589336622,0.08073319902295378,0.0003020481256230979,0.058123901892803705,0.11389315532322886,0.00014276925721197877,1.3124514122879092,0.20762474886901047,-0.002680355184819789,-0.06719763141494671,0.11164882872870491,0.00043667925614131306,0.05586367281748722,0.11030946825169718,0.00013272111771898309,1.369361703372077,0.1105651186800046,-0.003041373990827693,-0.06756519288971764,0.20556344166174287,0.0006806305549238524,0.06546524945847393,0.20151270219742642,0.00034476879056371786,2.3818138649300406e-05,0.10838637285830882,0.0002709113677154157,5.571001497580347e-05,0.10708614941928482,0.0002675878983363143,0.002601125143215196,0.1990953176891296,0.0004917682675188775,4.800000000000001,0.0,0.0946019654179119,0.12495089858526445,0.19193187969956502
0.074,0.0,0.0,0.0011554826759154532,0.22049482975488505,0.0005485789800381903,-0.00044988118538038006,0.08573762555332061,0.00021537943364555856,0.0008263434178821602,0.08404811899224104,0.0002082191278538425,1.4445715899973066,0.21614985916407556,-0.0029637279544614164,-0.0389203701709433,0.08303986185218103,0.00030642204436386814,0.059465505722259386,0.11714724547532111,0.00014755835895629353,1.3450887420473496,0.2135568845509822,-0.002747236319342318,-0.07132101935462914,0.11483879526381076,0.0004550910666968937,0.05450772839859539,0.11346116734460282,0.000143993736317789,1.4115483311235577,0.11372412207086187,-0.003139093953253038,-0.06837198180339038,0.21143668285207837,0.0006975046893544901,0.06732942243047835,0.20727020797449575,0.00035451239629005456,2.5931705745891648e-05,0.11148312636854621,0.0002786482705747423,6.07264750136697e-05,0.11014575368840723,0.0002752251091835786,0.0028264960501838124,0.20478375533739046,0.0005054565754854382,4.937142857142858,0.0,0.09459220255787204,0.12172960665500668,0.19402640748400918
0.076,0.0,0.0,0.001252898625656829,0.22661968613696518,0.0005636605086526244,-0.00048758918855053903,0.08811922626313506,0.00022142276862128861,0.0008958972177106484,0.08638278896424774,0.00021389111386591395,1.4874503124749017,0.2221540219186332,-0.003056043920196684,-0.03825942861092515,0.08534652468140828,0.00031066723713087894,0.0608105936426236,0.12040133562741336,0.00015233957476288492,1.3776774153365579,0.2194890202329539,-0.002813999304535989,-0.07539124956923121,0.11802876179891661,0.0004733744528838644,0.0531532740595471,0.11661286643750844,0.00015526284509728263,1.4536728994788886,0.11688312546171914,-0.0032366630141545966,-0.06910750710578308,0.21730992404241387,0.0007142047646145106,0.06919797777147506,0.21302771375156507,0.0003642457283027168,2.8170546588543953e-05,0.1145798798787836,0.00028638487043259426,6.605044573937505e-05,0.11320535795752966,0.00028286157870629,0.00306445770015828,0.2104721929856513,0.0005191142423386688,5.074285714285715,0.0,0.09458243969783219,0.1185083147247489,0.19612093526845334
0.078,0.0,0.0,0.0013556244856780374,0.23274454251904533,0.0005787291097334713,-0.0005273217804414963,0.09050082697294953,0.00022747104040375017,0.0009692264194866479,0.08871745893625443,0.00021955390429635946,1.5302759335421166,0.22815818467319088,-0.0031482303195042773,-0.03754528749552667,0.08765318751063553,0.0003147815403039017,0.06215950063617655,0.12365542577950561,0.00015711208034220503,1.4102160404071247,0.22542115591492565,-0.0028806406485540805,-0.07940655102066142,0.12121872833402246,0.0004915249447581343,0.051800401836655796,0.11976456553041408,0.00016652822867716744,1.4957337221413674,0.12004212885257641,-0.0033340769265657808,-0.06977015851285685,0.2231831652327494,0.0007307266808463311,0.07107119668414703,0.2187852195286344,0.0003739681043928983,3.053878967644045e-05,0.117676633389021,0.0002941211571060811,7.16931259407181e-05,0.11626496222665207,0.00029049727945228176,0.0033153434777057197,0.21616063063391214,0.0005327404323343846,5.211428571428572,0.0,0.09457267683779233,0.11528702279449113,0.1982154630528975
0.08,1.0,4.404768226096248,0.0014637989277669827,0.23886939890112546,0.0005937844360386186,-0.0005691284843723762,0.09288242768276399,0.00023352437365801372,0.001046427900755219,0.09105212890826113,0.00022520725622193622,1.5730471893500886,0.23416234742774852,-0.0032402839652859203,-0.03677712509670881,0.08995985033986278,0.0003187628445884737,0.06351256695662345,0.12690951593159785,0.00016187503823855327,1.4427032306691383,0.23135329159689735,-0.0029471568720255683,-0.08336517009680111,0.12440869486912831,0.0005095381147244743,0.05044920980396638,0.12291626462331971,0.00017778965696665979,1.5377291256569532,0.12320113224343368,-0.0034313314747448343,-0.07035835595243592,0.2290564064230849,0.0007470664123398543,0.07294936877309248,0.2245427253057037,0.0003836788215538917,3.304062039180175e-05,0.12077338689925839,0.00030185712027395485,7.7665938010903e-05,0.1193245664957745,0.0002981321834245845,0.0035794858298093257,0.221849068282173,0.0005463343120111682,5.348571428571429,0.0,0.09456291397775247,0.11206573086423335,0.20030999083734166
0.082,1.0,3.5127765281454595,0.001577560392776023,0.2449942552832056,0.0006088261408885965,-0.0006130584721183342,0.09526402839257844,0.00023958289219237706,0.0011275982397671656,0.09338679888026782,0.0002308509274487815,1.6103733837803478,0.24016651018230617,-0.0033322016979194556,-0.0332432521213123,0.09226651316909003,0.0003226090956644971,0.06481440524932398,0.1301636060836901,0.0001666275978176666,1.475137604860889,0.2372854272788691,-0.003013544508475673,-0.08726537108663016,0.12759866140423415,0.0005274095787525881,0.04909980222002493,0.12606796371622533,0.00018904688478064738,1.5796574497650615,0.12636013563429097,-0.0035284224750566557,-0.07087055009593657,0.2349296476134204,0.0007632200089146407,0.074832792117454,0.23030023108277303,0.00039337715577420136,3.5680282540141976e-05,0.12387014040949577,0.0003095927494727599,8.398053360258526e-05,0.12238417076489691,0.000305766262067215,0.0038572162414639774,0.22753750593043381,0.0005598950502515612,5.485714285714286,0.0,0.09455520532780547,0.10884093276979415,0.20240106634630411
0.084,1.0,2.81198627513654,0.0016970470847598351,0.2511191116652858,0.0006238538781812744,-0.0006591605551096939,0.09764562910239293,0.00024564671893627816,0.0012128337079641777,0.09572146885227453,0.00023648467653126842,1.6405041325198557,0.24617067293686384,-0.00341050677710871,-0.026035722294125804,0.09457317599831729,0.00031954107029907397,0.0660682578361827,0.13341769623578237,0.00017150822746614597,1.5075177872200687,0.24321756296084085,-0.0030798001047501206,-0.0911054366438451,0.13078862793934004,0.0005451349975649255,0.047752289667765124,0.129219662809131,0.0002002996514727652,1.6162496174437258,0.12951913902514825,-0.003625345776849783,-0.06727058777802059,0.24080288880375594,0.0007791835972492313,0.07733817093979968,0.2360577368598424,0.000403062361855971,3.846207989070381e-05,0.12696689391973318,0.0003173280340929826,9.06487992508851e-05,0.12544377503401935,0.0003133994862510419,0.004148865211346642,0.2332259435786947,0.0005734218183430767,5.622857142857144,0.0,0.0945502856013143,0.10561148206310353,0.20448746469875514
0.08600000000000001,1.0,2.2076554424183428,0.001822396965130002,0.2572439680473659,0.0006388673024065152,-0.0007074831756659539,0.10002722981220738,0.0002517159759182927,0.0013022302624919884,0.09805613882428123,0.00024210826279079262,1.6644821091213984,0.2521748356914215,-0.0034708232420710854,-0.015626114117170638,0.09687983882754454,0.0003072889028041759,0.06731329991969698,0.13667178638787464,0.00017650882137922985,1.5398424076564692,0.24914969864281256,-0.0031459202214431403,-0.0948836682387786,0.13397859447444588,0.0005627100777957274,0.046406789187404915,0.1323713619020366,0.00021154768058567871,1.6457867423321786,0.1326781424160055,-0.0037089286875693008,-0.05824572763011951,0.24667612999409144,0.0007848667944302801,0.08066880043027222,0.24181524263691173,0.0004111926792427802,4.1390377717070534e-05,0.1300636474299706,0.00032506296337519975,9.768286196458446e-05,0.12850337930314176,0.0003210318262597272,0.004454762227563481,0.23891438122695555,0.0005869137900390223,5.760000000000001,0.0,0.09454749919665995,0.1023784072656896,0.20657010555933716
0.088,0.0,0.0,0.00195374774682674,0.26336882442944604,0.0006538660686607902,-0.0007580743982655146,0.10240883052202183,0.00025779078424421946,0.00139588353874223,0.10039080879628791,0.00024772144633448983,1.6832220732581331,0.25817899844597914,-0.0035157577766885485,-0.002241390110792876,0.09918650165677179,0.00028703153943485603,0.0686696885066231,0.13992587653996688,0.00018153144155067476,1.572110101926179,0.25508183432478426,-0.0032119014333292124,-0.09859838659844354,0.13716856100955174,0.0005801305731208259,0.045063424402257066,0.13552306099494224,0.00022279067951884332,1.669280220797932,0.1358371458068628,-0.0037748739913132895,-0.044574483850711645,0.25254937118442694,0.0007769877470363662,0.08470841697320608,0.24757274841398103,0.000417259869959272,4.4469604337952197e-05,0.13316040094020798,0.0003327975264062273,0.00010509509478472808,0.1315629835722642,0.0003286632517757491,0.004775235743475568,0.24460281887521637,0.0006003701416191322,5.897142857142858,0.0,0.09454640601157266,0.09914251377859233,0.20864973735519524
0.09,0.0,0.0,0.0020912368885081774,0.2694936808115262,0.0006688498326617487,-0.0008109819008519679,0.10479043123183629,0.0002638712640752545,0.0014938888429236726,0.1027254787682946,0.0002533239880738809,1.697531363271809,0.2641831612005368,-0.003547597280143991,0.014360599083330207,0.10149316448599903,0.00025933638649197974,0.07045819663368671,0.14317996669205912,0.00018627569546359008,1.6003023420725686,0.261013970006756,-0.0032777403297985577,-0.099172166946756,0.14035852754465758,0.0005973922853577528,0.044193027910827264,0.13867476008784788,0.00023402833921397703,1.687612885321749,0.13899614919772005,-0.00382571017900053,-0.02693579832994407,0.25842261237476244,0.0007574927405636853,0.08935520479721588,0.2533302541910504,0.00042155459304461074,4.770425265814271e-05,0.13625715445044537,0.00034053171211526854,0.00011289812230985201,0.13462258784138662,0.0003362937318665047,0.005110613153605123,0.2502912565234772,0.0006137900519500041,6.034285714285715,0.0,0.09454509471711413,0.09590699310366707,0.21072976729397963
0.092,0.0,0.0,0.0022350015887575986,0.27561853719360635,0.0006838182507627455,-0.0008662529661777882,0.10717203194165077,0.00026995753460625686,0.0015963411446635234,0.10506014874030131,0.0002589156497434441,1.708089544683874,0.2701873239550945,-0.003568360098291786,0.0338401915019324,0.1037998273152263,0.00022359807057974025,0.0726881601411411,0.1464340568441514,0.0001899396505261617,1.62310704435901,0.2669461056887278,-0.003333390590959602,-0.09560326472048288,0.14354849407976344,0.0006068016525662987,0.043951035461046076,0.14182645918075354,0.00024408357817481567,1.7015543023054922,0.14215515258857736,-0.003863644331832929,-0.0059210977234572665,0.264295853565098,0.0007280791297376052,0.09452018242316503,0.2590877599681197,0.00042433138792725966,5.109888170964395e-05,0.13935390796068278,0.00034826550927006156,0.00012110482618706689,0.13768219211050906,0.000343923234970498,0.00546122076962417,0.2559796941717381,0.0006271727025453325,6.171428571428573,0.0,0.09454399383554325,0.09267111782385073,0.21280941141892704
0.094,0.0,0.0,0.0023851787803090586,0.2817433935756864,0.000698770979967322,-0.0009239344731862614,0.1095536326514652,0.0002760497140441075,0.0017033350696394633,0.10739481871230798,0.00026449619391911115,1.7154810404982674,0.27619148670965205,-0.003579745144935555,0.05574845780005402,0.10610649014445352,0.00018066574660630282,0.0752919100028924,0.1496881469962436,0.00019249996713775627,1.6412942743690249,0.27287824137069944,-0.003375572007470777,-0.0884841960714433,0.14673846061486928,0.0006058543133383804,0.04424890408041012,0.14497815827365912,0.0002525678070315326,1.7117743257645943,0.1453141559794346,-0.003890600365815144,0.01795498757070439,0.27016909475543344,0.0006902254811972269,0.10012579126880028,0.26484526574518896,0.00042581270830505986,5.465811819295248e-05,0.14245066147092011,0.00035599890647302615,0.00012972835056822692,0.14074179637963144,0.00035155172888361093,0.0058273837964274815,0.2616681318199989,0.0006405172776259367,6.308571428571428,0.0,0.09454289295397238,0.0894352425440344,0.21488905554387444
0.096,0.0,0.0,0.002541905124291782,0.28786824995776655,0.0007137076779436437,-0.0009840728884324798,0.11193523336127967,0.0002821479195861648,0.0018149648922430918,0.10972948868431469,0.0002700653840366881,1.7202130240195574,0.2821956494642097,-0.003583213477585144,0.07969561089293238,0.10841315297368077,0.0001316617379340669,0.07821080543612956,0.15294223714833588,0.00019412581786360872,1.655536348083107,0.27881037705267114,-0.0034062097432908845,-0.07833180533134693,0.14992842714997515,0.0005960315580535461,0.045009093179590155,0.14812985736656478,0.0002597023832153866,1.7188550999406644,0.14847315937029187,-0.003908252915985756,0.04424516953387961,0.27604233594576894,0.0006452183709376614,0.10610462648593146,0.2706027715222583,0.0004261924506336451,5.8386658018503814e-05,0.14554741498115753,0.0003637318921574115,0.0001387821075304193,0.14380140064875388,0.0003591791807454641,0.006209426308291724,0.26735656946825975,0.0006538229641795807,6.445714285714286,0.0,0.0945417920724015,0.08619936726421806,0.21696869966882185
0.098,0.0,0.0,0.0027053170044937474,0.29399310633984677,0.0007286280030388875,-0.001046714257544231,0.11431683407109415,0.0002882522673988166,0.0019313245282754515,0.1120641586563214,0.00027562298441019577,1.7227248264984558,0.28819981221876745,-0.003580033029501975,0.1053437453441744,0.11071981580290804,7.756051227493917e-05,0.08139416433166223,0.15619632730042815,0.0001949638046607465,1.6664194556945011,0.2847425127346429,-0.0034269845883711605,-0.06559640729459494,0.153118393685081,0.0005786254975410699,0.046163828976054,0.15128155645947042,0.00026568115819970066,1.7233016827040444,0.15163216276114916,-0.003918057342948788,0.07256119864781893,0.2819155771361045,0.0005941760190055622,0.11239828172874651,0.27636027729932766,0.00042563912703349056,6.228926784826858e-05,0.14864416849139495,0.00037146445458344115,0.00014827978246001296,0.14686100491787632,0.0003668055570258647,0.006607671225122662,0.27304500711652063,0.0006670889520205722,6.582857142857144,0.0,0.09454069119083063,0.08296349198440173,0.21904834379376925
0.1,0.0,0.0,0.002875550521644869,0.30011796272192687,0.0007435316142935829,-0.0011119041967235996,0.1166984347809086,0.00029436287259613207,0.002052507527675296,0.11439882862832809,0.0002811687602501316,1.7233962547709634,0.29420397497332507,-0.003571302128812827,0.1324004531330101,0.11302647863213529,1.9206833219902222e-05,0.08479829996706179,0.1594504174525204,0.0001951406328021454,1.6744539599322787,0.29067464841661467,-0.003439362018194716,-0.050669898921216774,0.15630836022018685,0.0005547619187869545,0.04765401572507105,0.15443325555237605,0.00027067356644080515,1.7255514429357413,0.15479116615200644,-0.003921276291380095,0.10256658217368138,0.28778881832644,0.0005380690491965526,0.11895629525494657,0.282117783076397,0.0004242987533691263,6.637078663749434e-05,0.15174092200163233,0.00037919658183446016,0.00015823533939950883,0.14992060918699873,0.0003744308235113468,0.007022440288792289,0.27873344476478146,0.0006803144338491469,6.720000000000001,0.0,0.09453959030925975,0.07972761670458539,0.22112798791871666
0.10200000000000001,0.0,0.0,0.003052741487720169,0.306242819104007,0.0007584181714559054,-0.0011796878842901,0.11908003549072306,0.00030047984921861663,0.0021786070672807647,0.11673349860033479,0.00028670247768164875,1.7225549408241503,0.30020813772788274,-0.0035579702926077017,0.16061321066357714,0.11533314146136255,-4.2668279179118895e-05,0.08838565566815464,0.16270450760461264,0.00019476551909387713,1.680083515748334,0.2966067840985864,-0.003444617939584231,-0.033892919871186575,0.1594983267552927,0.0005254205641912737,0.04942826010804504,0.1575849546452817,0.0002748273473005266,1.72598236849165,0.1579501695428637,-0.003919003183482194,0.13397019955142112,0.2936620595167755,0.00047773869335773533,0.12573519164606914,0.2878752888534663,0.0004222974839962994,7.06361271765862e-05,0.15483767551186972,0.0003869282618130806,0.0001686630263564389,0.15298021345612114,0.0003820549452918041,0.007454054039567764,0.2844218824130423,0.000693498605310625,6.857142857142858,0.0,0.09453848942768887,0.07649174142476906,0.22320763204366406
0.10400000000000001,0.0,0.0,0.0032370254202633507,0.3123676754860872,0.0007732873349959175,-0.0012501100522661491,0.12146163620053754,0.0003066033102120691,0.0023097159436251203,0.1190681685723415,0.00029222390376265183,1.7204828319581424,0.3062123004824404,-0.0035408566008542745,0.18976444146564392,0.1176398042905898,-0.00010743351593246835,0.092124030916524,0.1659585977567049,0.00019393235522137568,1.6836931421621253,0.30253891978055814,-0.00344386148991944,-0.015561155770093635,0.16268829329039858,0.000491453032903963,0.05144199039576189,0.16073665373818732,0.0002782709840753557,1.7249204065681332,0.161109172933721,-0.003912182988894822,0.16652070011931613,0.29953530070711104,0.0004139127528892248,0.13269761570047006,0.29363279463053565,0.0004197440074611663,7.509027763311864e-05,0.15793442902210714,0.00039465948223732636,0.00017957738057356446,0.15603981772524358,0.0003896778867472179,0.007902831792633982,0.29011032006130316,0.0007066406650543384,6.9942857142857155,0.0,0.094537388546118,0.07325586614495272,0.22528727616861147
0.106,0.0,0.0,0.003428537536731168,0.31849253186816734,0.00078813876611976,-0.0013232149780056884,0.12384323691035201,0.00031273336740654544,0.002445926565767209,0.1214028385443482,0.0002977328065018077,1.7174219183698616,0.3122164632369981,-0.0035206659218028607,0.21966717004191746,0.11994646711981706,-0.00017454493586456716,0.09598589281389779,0.16921268790879718,0.00019272164248068294,1.6856163628192082,0.3084710554625299,-0.0034380552167489887,0.004069120330535501,0.16587825982550444,0.0004535985389889952,0.05365665989819185,0.163888352831093,0.00028111590608832776,1.722645945081546,0.1642681763245783,-0.003901630575608887,0.2000015814133227,0.3054085418974466,0.00034721960444532616,0.1398115551198408,0.29939030040760506,0.0004167317117678375,7.973830309397033e-05,0.16103118253234455,0.00040239023063677864,0.00019099323375962915,0.15909942199436602,0.0003972996115344812,0.008369091614711655,0.29579875770956404,0.0007197398147923252,7.1314285714285734,0.0,0.09453628766454712,0.07001999086513638,0.22736692029355887
0.108,0.0,0.0,0.003627412748858986,0.3246173882502474,0.0008029721267837906,-0.001399046475866754,0.12622483762016645,0.0003188701314954304,0.0025873309481572885,0.12373750851635486,0.00030322895487646913,1.7135792844001718,0.31822062599155565,-0.003498003230945765,0.25016119316962987,0.12225312994904429,-0.00024353510023218295,0.09994776667445149,0.1724667780608894,0.00019120221311747903,1.686141519154282,0.31440319114450155,-0.0034280329291867667,0.024776177972927763,0.16906822636061025,0.0004124977650751869,0.05603902797057175,0.16704005192399857,0.0002834584800645168,1.7193995318637685,0.16742717971543553,-0.003888046913415276,0.23422685969061335,0.31128178308778204,0.0002782005041861484,0.14704964781740745,0.3051478061846743,0.0004133406276620837,8.458534710757318e-05,0.1641279360425819,0.0004101204943487199,0.00020292571727992552,0.1621590262634884,0.00040492008257432197,0.008853150300772713,0.3014871953578248,0.0007327952593577829,7.268571428571429,0.0,0.09453518678297625,0.06678411558532005,0.22944656441850628
0.11,0.0,0.0,0.0038337856570479344,0.3307422446323276,0.0008177870797086716,-0.0014776478889287916,0.12860643832998092,0.00032501371201461917,0.0027340207035388767,0.12607217848836158,0.00030871211885051075,1.709131560226699,0.3242247887461134,-0.0034733862391351463,0.2811097049071321,0.12455979277827155,-0.0003140035009783958,0.10398969926908892,0.17572086821298166,0.00018943275384632544,1.6855173487573742,0.3203353268264733,-0.0034145154808195217,0.046368548645073795,0.17225819289571614,0.000368705037306971,0.0585605133976615,0.17019175101690423,0.0002853818076158312,1.7153869179098802,0.1705861831062928,-0.0038720333718936894,0.2690372567837451,0.31715502427811754,0.00020732041146876047,0.1543885687224592,0.31090531196174365,0.0004096391603608405,8.963663322626604e-05,0.16722468955281933,0.0004178502605142794,0.00021539026730593965,0.16521863053261085,0.0004125392620383273,0.00935532335085488,0.3071756330060857,0.0007458062067632825,7.405714285714287,0.0,0.09453408590140537,0.06354824030550371,0.23152620854345368
0.112,0.0,0.0,0.00404779054477404,0.33686710101440775,0.0008325832883933996,-0.00155906208075551,0.1309880390397954,0.00033116421732181045,0.0028860870358872587,0.1284068484603683,0.00031418206939207356,1.7042288423317689,0.33022895150067105,-0.0034472565218150696,0.31239632029932685,0.12686645560749882,-0.0003856081232490832,0.10809478809587852,0.17897495836507393,0.00018746314773996253,1.6839579114607586,0.32626746250844507,-0.003398124715622323,0.0686812614564088,0.175448159430822,0.0003226990269643705,0.06119661544437818,0.17334345010980987,0.00028695734178037094,1.7107835014627704,0.1737451864971501,-0.0038541043285318256,0.3042968384045697,0.3230282654684531,0.00013497752171176991,0.16180849017006163,0.316662817738813,0.0004056856225408845,9.489746654874274e-05,0.17032144306305674,0.00042557951607457623,0.00022840262992334168,0.1682782348017333,0.0004201571113360684,0.009875924946977237,0.31286407065434657,0.0007587718682587292,7.5428571428571445,0.0,0.0945329850198345,0.06031236502568738,0.2336058526684011
0.114,0.0,0.0,0.0042695613730197365,0.3429919573964878,0.0008473604171292844,-0.0016433314272040554,0.1333696397496098,0.0003373217545759133,0.0030436207333853,0.13074151843237494,0.00031963857849121925,1.6989981435244481,0.3362331142552286,-0.003419989320191351,0.3439224502818423,0.12917311843672602,-0.0004580580046565021,0.112248770068688,0.18222904851716615,0.00018533565105321905,1.6816469366584332,0.3321995981904167,-0.0033793957831758548,0.09157253111165373,0.17863812596592782,0.0002748921612737976,0.06392639786794693,0.17649514920271547,0.00028824633439584324,1.705738241268642,0.17690418988800732,-0.003834698278936908,0.3398900484520792,0.32890150665878853,6.151167063554703e-05,0.16929260946790475,0.32242032351588223,0.0004015295833645515,0.00010037323526258373,0.17341819657329408,0.0004333082477668633,0.0002419788661975952,0.17133783907085567,0.0004277735911023308,0.010415267930158583,0.31855250830260734,0.0007716914583890752,7.68,0.0,0.09453188413826362,0.057076489745871054,0.2356854967933485
0.116,0.0,0.0,0.004499231774728136,0.34911681377856796,0.0008621181310138705,-0.0017304978082812888,0.1357512404594243,0.00034348642971657086,0.0032067121614371926,0.13307618840438165,0.0003250814191774909,1.693546426554563,0.3422372770097863,-0.0033919021662866546,0.3756049866424913,0.1314797812659533,-0.0005311066725397225,0.11643966320336989,0.18548313866925842,0.00018308592150142607,1.678741657323156,0.3381317338723885,-0.0033587880069651122,0.1149208424378654,0.18182809250103368,0.0002256389034734499,0.06673203106576414,0.1796468482956211,0.0002893011260691855,1.700377099785448,0.18006319327886464,-0.0038141876199744434,0.3757190918139214,0.3347747478491241,-1.27882515073878e-05,0.1768267370360259,0.3281778292929516,0.0003972130495626171,0.0001060694121868595,0.1765149500835315,0.0004410364421206723,0.0002561353571964631,0.17439744333997811,0.0004353886611844513,0.010973663777540416,0.3242409459508682,0.0007845641950517742,7.817142857142858,0.0,0.09453078325669274,0.053840614466054725,0.2377651409182959
0.11800000000000001,0.0,0.0,0.0047369350492804515,0.35524167016064817,0.0008768560959648,-0.0018206026000479431,0.13813284116923877,0.00034965834744380016,0.0033754512557207738,0.13541085837638836,0.00033051036553737793,1.6879632693413433,0.34824143976434396,-0.0033632624669755473,0.4073742612527283,0.13378644409518056,-0.0006045463563682769,0.12065745520786939,0.1887372288213507,0.000180743914044952,1.6753761889966587,0.3440638695543602,-0.003336694469421989,0.13862238307997393,0.18501805903613955,0.00017524304149568536,0.06959838744395375,0.18279854738852677,0.00029016629080690656,1.694806070382035,0.18322219666972192,-0.0037928872577893155,0.41170162475894556,0.34064798903945964,-8.767775693615435e-05,0.1843989385794736,0.33393533507002093,0.00039277149508498764,0.00011199155631479353,0.1796117035937689,0.00044876408545395515,0.00027088880896869195,0.17745704760910055,0.00044300228062976027,0.01155142257961631,0.3299293835991291,0.0007973892995539717,7.9542857142857155,0.0,0.09452968237512187,0.050604739186238396,0.2398447850432433
0.12,0.0,0.0,0.004982804156996956,0.3613665265427283,0.0008915739787336195,-0.0019136866665714278,0.14051444187905324,0.0003558376111977529,0.0035499275152790387,0.13774552834839504,0.00033592519273168564,1.6823232044747745,0.35424560251890164,-0.0033342941670561044,0.4391722482870529,0.13609310692440782,-0.0006782028858208012,0.12489383330916787,0.19199131897344293,0.00017833465941393387,1.6716645056071642,0.34999600523633195,-0.0033134504594008168,0.1625887823836082,0.1882080255712454,0.0001239641062281787,0.07251268509710927,0.1859502464814324,0.0002908796475936967,1.6891138365467648,0.18638120006057918,-0.0037710621758036394,0.44776871749932334,0.34652123022979514,-0.00016295098632287605,0.19199922501930744,0.3396928408470903,0.0003882347556690417,0.00011814531435647159,0.1827084571040063,0.00045649116386922874,0.0002862562574781621,0.18051665187822297,0.0004506144076731357,0.012148853017569504,0.3356178212473899,0.000810165996669434,8.091428571428573,0.0,0.09452858149355099,0.047368863906422067,0.2419244291681907
0.122,0.0,0.0,0.00523697171366186,0.3674913829248083,0.0009062714469195283,-0.0020097903519280453,0.14289604258886765,0.0003620243231385977,0.003730229995651477,0.14008019832040172,0.00034132567701280667,1.676667556733223,0.3602497652734592,-0.0033051835980032885,0.4709662327600709,0.13839976975363502,-0.0007519311963335449,0.12914443179859794,0.19524540912553515,0.0001758789395409182,1.667703058234864,0.3559281409183036,-0.0032893409117221517,0.18674511998735482,0.19139799210635122,7.202302430685759e-05,0.0754641750015962,0.189101945574338,0.0002914731511930718,1.683374105756108,0.1895402034514364,-0.003748934082738321,0.4838630580527816,0.35239447142013053,-0.00023843561519798205,0.19961928431229042,0.3454503466241595,0.0003836278040121302,0.0001245364222815837,0.18580521061424365,0.00046421766324971796,0.0003022550734927951,0.18357625614734535,0.000458224999724668,0.012766262340720457,0.3413062588956507,0.000822893514695203,8.228571428571428,0.0,0.09452748061198012,0.04413298862660574,0.2440040732931381
0.124,0.0,0.0,0.0054995699850724855,0.37361623930688853,0.0009209481689830667,-0.002108953472255381,0.14527764329868215,0.0003682185841265255,0.003916447302045847,0.14241486829240843,0.0003467115957418924,1.6710026142815786,0.36625392802801693,-0.0032760340717630154,0.5027500550097969,0.1407064325828623,-0.0008256495004430215,0.13340912458732343,0.19849949927762744,0.00017338766869757377,1.6635730778291582,0.36186027660027537,-0.0032646069540864715,0.21102817234748353,0.19458795864145711,1.9607096635255726e-05,0.07844386712991187,0.19225364466724365,0.00029197367416411863,1.677623372345292,0.19269920684229372,-0.003726687247284536,0.5199556307890668,0.35826771261046614,-0.0003139883636057887,0.20725526131424254,0.3512078524012289,0.00037897142022234626,0.00013117070686218405,0.18890196412448107,0.00047194356925549875,0.00031890296742751584,0.18663586041646782,0.0004658340133574376,0.013403956344086162,0.34699469654391163,0.0008355710855079779,8.365714285714287,0.0,0.09452637973040924,0.04089711334678941,0.24608371741808552
0.126,0.0,0.0,0.005770730881613126,0.3797410956889687,0.0009356038142597405,-0.002211215307855615,0.1476592440084966,0.0003744204937018799,0.004108667582551006,0.14474953826441514,0.00035208272740592324,1.6653313368202434,0.3722580907825746,-0.0032468613087475104,0.5345200847894349,0.14301309541208956,-0.0008993423989942682,0.13768818422632328,0.2017535894297197,0.00017086116210599065,1.6593425983169632,0.3677924122822471,-0.003239451663867278,0.23538486942638753,0.19777792517656295,-3.312561792730144e-05,0.08144429116915622,0.19540534376014929,0.00029240369157559356,1.6718663476554352,0.195858210233151,-0.0037044129052803527,0.5560414550486373,0.36414095380080164,-0.00038953669247066296,0.2149071737773522,0.3569653581782982,0.0003742752421601392,0.00013805408721545334,0.19199871763471846,0.0004796688673196407,0.0003362179941405706,0.18969546468559023,0.00047344140429540684,0.014062239346052968,0.35268313419217245,0.0008481979446202158,8.502857142857144,0.0,0.09452527884883836,0.03766123806697308,0.24816336154303292
0.128,0.0,0.0,0.00605058595285395,0.38586595207104885,0.0009502380529735893,-0.00231661459535051,0.15004084471831106,0.0003806301500654167,0.004306978521391411,0.14708420823642182,0.000357438851634677,1.6596566430919695,0.3782622535371322,-0.003217672708207778,0.5662727368527236,0.1453197582413168,-0.0009730008163702953,0.1419818803557234,0.20500767958181193,0.0001682987383887216,1.6550624924672832,0.37372454796421883,-0.003214045125881861,0.2597753158247547,0.20096789171166882,-8.604244428679679e-05,0.08445996853704633,0.19855704285305492,0.00029278187920974677,1.6661068277850237,0.19901721362400826,-0.0036821228350785674,0.5921162606236477,0.37001419499113714,-0.00046506815014375053,0.2225751408538643,0.36272286395536757,0.00036953922544503845,0.00014519257634644788,0.19509547114495587,0.00048739354264435103,0.0003542185576825086,0.19275506895471264,0.0004810471274014302,0.014741414166164672,0.3583715718404333,0.0008607733312359509,8.64,0.0,0.09452417796726749,0.03442536278715675,0.25024300566798036
0.13,0.0,0.0,0.006339266382175338,0.39199080845312906,0.0009648505562506877,-0.0024251895198888086,0.15242244542812555,0.00038684765005869015,0.00451146733222389,0.14941887820842856,0.00036277974921759284,1.6539814087124989,0.38426641629168995,-0.0031884755670006986,0.5980044738545227,0.14762642107054408,-0.0010466157894554488,0.14629047932223954,0.20826176973390423,0.00016569972344545206,1.6507474339167487,0.3796566836461906,-0.0031885145220527317,0.2841872860531833,0.2041578582467747,-0.00013904364394495,0.08748968413799207,0.20170874194596058,0.00029312193352228565,1.6603485420467468,0.20217621701486557,-0.0036598265269253954,0.6281758500001136,0.37588743618147274,-0.0005405720611054376,0.23025927774230198,0.368480369732437,0.0003647630721964317,0.00015259228269081803,0.1981922246551933,0.0004951175801971171,0.0003729234159971391,0.1958146732238351,0.0004886511366653816,0.01544178210302762,0.3640600094886942,0.000873296488306324,8.77714285714286,0.0,0.09452307708569661,0.031189487507340418,0.2523226497929278
0.132,0.0,0.0,0.006636902981418017,0.3981156648352091,0.0009794409961325844,-0.0025369777074067848,0.15480404613793997,0.00039307308914457196,0.0047222207514772884,0.1517535481804352,0.00036810520212052835,1.6483084640847452,0.3902705790462475,-0.0031592770741656283,0.6297118090920756,0.1499330838997713,-0.0011201784748868784,0.1506142438347061,0.21151585988599644,0.00016306345140939225,1.646399233105724,0.38558881932816225,-0.0031628965364714663,0.30861837507185436,0.20734782478188052,-0.0001920986531782569,0.09053374333438388,0.20486044103886616,0.00029342689225218523,1.6545951491720485,0.2053352204057228,-0.00363753330410256,0.6642161029310741,0.38176067737180813,-0.0006160379315707636,0.23795969529128558,0.3742378755095062,0.0003599464944180106,0.0001602594116574787,0.20128897816543065,0.0005028409647068496,0.0003923516855737811,0.1988742774929575,0.0004962533851924009,0.016163642912334557,0.369748447136955,0.0008857666625848185,8.914285714285715,0.0,0.09452197620412574,0.027953612227524086,0.2544022939178752
0.134,0.0,0.0,0.006943626185559365,0.4042405212172892,0.000994009045589678,-0.0026520162169426736,0.15718564684775443,0.00039930656138790306,0.0049393250317355955,0.1540882181524419,0.0003734149935024115,1.64264059239987,0.3962747418008052,-0.00313008430570985,0.6613913090800765,0.15223974672899854,-0.0011936801559076927,0.1549534326594709,0.21476995003808869,0.0001603892655084565,1.6420196917630003,0.391520955010134,-0.003137195695238975,0.33306618374034286,0.21053779131698636,-0.00024520145938717,0.09359245200776961,0.2080121401317718,0.0002936959919934698,1.6488502336588786,0.20849422379658009,-0.003615252313438671,0.7002329807088542,0.38763391856214363,-0.0006914554609223262,0.24567649968246275,0.3799953812865755,0.0003550892149882248,0.000168200267171213,0.20438573167566804,0.0005105636806600264,0.0004125228460501293,0.2019338817620799,0.0005038538251912653,0.016907294785008943,0.3754368847852158,0.0008981831046822031,9.051428571428572,0.0,0.09452087532255486,0.024717736947707753,0.25648193804282265
0.136,0.0,0.0,0.007259566047416246,0.41036537759936936,0.001008554378534525,-0.002770341533005705,0.1595672475575689,0.00040554815943627894,0.005162865935165135,0.1564228881244486,0.0003787089077317825,1.636980527728153,0.4022789045553628,-0.0031009042196112682,0.6930395959537368,0.1545464095582258,-0.0012671122488046266,0.15930830035713098,0.21802404019018093,0.0001576765188267751,1.637610602003869,0.3974530906921057,-0.0031114165026772367,0.35752832015078045,0.21372775785209222,-0.0002983460647206266,0.09666611632413497,0.21116383922467744,0.00029392846804226954,1.64311730226809,0.21165322718743734,-0.003592992516178603,0.73622253012509,0.39350715975247913,-0.0007668145523909377,0.25340979219551446,0.38575288706364486,0.00035019096845295526,0.00017642125321518996,0.20748248518590542,0.0005182857122968355,0.0004334567447650636,0.20499348603120232,0.0005114524079628805,0.017673034325471456,0.38112532243347663,0.0009105450691211692,9.188571428571429,0.0,0.09451977444098399,0.02148186166789142,0.2585615821677701
0.138,0.0,0.0,0.007584852232374743,0.4164902339814496,0.0010230766698350834,-0.0028919895580004633,0.16194884826738337,0.0004117979745009727,0.005392928726986417,0.1587575580964553,0.0003839867304032255,1.6313309532020912,0.40828306730992053,-0.0030717436510455816,0.7246533496951185,0.15685307238745308,-0.0013404663089157092,0.16367909706177514,0.22127813034227323,0.00015492457496285562,1.6331737454407416,0.40338522637407753,-0.0030855634390744785,0.382002400947501,0.2169177243871981,-0.00035152648940895586,0.09975504249964481,0.2143155383175831,0.00029412355498362034,1.6373997806729612,0.21481223057829466,-0.0035707626792244886,0.7721808871095662,0.39938040094281474,-0.0008421053229556881,0.2611596690574919,0.39151039284071426,0.0003452515016129995,0.00018492887537337625,0.21057923869614287,0.0005260070436073192,0.00045517360126073674,0.2080530903003248,0.0005190490838888994,0.018461156530030394,0.38681376008173757,0.0009228518143906653,9.325714285714287,0.0,0.09451867355941311,0.018245986388075088,0.2606412262927175
0.14,0.0,0.0,0.007919614013147157,0.42261509036352973,0.0010375755953278875,-0.003016995604707279,0.16433044897719784,0.0004180560963379958,0.00562959816899123,0.16109222806846202,0.00038924824835368904,1.6256944992937084,0.4142872300644782,-0.0030426093078440328,0.7562293101790718,0.1591597352166803,-0.0014137340361960954,0.1680660683035884,0.22453222049436547,0.00015213280858147584,1.6287108923079319,0.40931736205604924,-0.0030596409584617307,0.4064860526272768,0.22010769092230395,-0.0004047367750629926,0.10285953656899637,0.21746723741048873,0.0002942804872771098,1.6317010102653733,0.21797123396915194,-0.0035485713667595233,0.8081042800412765,0.40525364213315024,-0.00091731811244104,0.2689262213780257,0.39726789861778355,0.0003402705739007292,0.0001937297423728205,0.21367599220638026,0.0005337276583275172,0.0004776940117332785,0.2111126945694472,0.0005266438024204662,0.01927195476539765,0.3925021977299984,0.00093510260299992,9.462857142857144,0.0,0.09451757267784223,0.015010111108258757,0.26272087041766495
0.14200000000000002,0.0,0.0,0.008263980264556617,0.42873994674560983,0.0010520508318311566,-0.003145394388819364,0.1667120496870123,0.00042432261322929897,0.005872958513105561,0.1634268980404687,0.0003944932496786937,1.6200737421876177,0.4202913928190358,-0.0030135077661866817,0.7877642790361692,0.16146639804590757,-0.0014869072803329105,0.17246945487536397,0.2277863106464577,0.00014930060585717332,1.6242238006021033,0.41524949773802095,-0.003033653486424777,0.430976912817077,0.22329765745740981,-0.0004579709879246674,0.10597990415718413,0.22061893650339437,0.000294398499835995,1.6260242451212645,0.2211302373600092,-0.00352642693226341,0.8439890327274359,0.41112688332348574,-0.000992443491794477,0.27670953517123853,0.40302540439485285,0.00033524795754206793,0.00020283056762578907,0.21677274571661764,0.0005414475399356121,0.0005010389534314621,0.21417229883856964,0.0005342365120670909,0.02010572074733197,0.3981906353782592,0.0009472967015321539,9.600000000000001,0.0,0.09451647179627136,0.011774235828442427,0.2648005145426124
0.14400000000000002,0.0,0.0,0.008618079458349664,0.43486480312769005,0.0010665020571578336,-0.003277220021537391,0.16909365039682678,0.00043059761196411535,0.006123093494998907,0.16576156801247544,0.0003997215237484247,1.6144712022509482,0.42629555557359355,-0.0029844454665350607,0.8192551213310652,0.16377306087513485,-0.0015599780454025858,0.17688949274316296,0.23104040079855,0.0001464273648079651,1.619714215239823,0.42118163341999276,-0.0030076054179552763,0.45547263152638456,0.2264876239925157,-0.0005112232220614032,0.1091164502554495,0.22377063559630003,0.0002944768285977898,1.6203726491271233,0.2242892407508665,-0.0035043375109259953,0.8798315670484261,0.41700012451382135,-0.0010674722705340362,0.2845096914644901,0.40878291017192225,0.0003301834375017093,0.00021223817077172986,0.2198694992268551,0.0005491666716480732,0.0005252297890026834,0.21723190310769208,0.0005418271603856516,0.020962744519411165,0.40387907302652015,0.0009594333806979705,9.73714285714286,0.0,0.09451537091470048,0.008538360548626096,0.2668801586675598
0.146,0.0,0.0,0.00898203965803717,0.4409896595097701,0.001080928950128551,-0.0034125060022222055,0.17147525110664122,0.0004368811778204465,0.006380086327740569,0.1680962379844821,0.000404932861223708,1.6088893426008388,0.4322997183281511,-0.0029554287098069927,0.8506987670557093,0.16607972370436205,-0.0016329384940667578,0.1813264130010619,0.23429449095064223,0.00014351249551869817,1.615183867233618,0.4271137691019644,-0.0029815011153446463,0.47997087237122377,0.22967759052762152,-0.0005644876024969076,0.11226947900215735,0.22692233468920564,0.0002945147110843904,1.6147492932684864,0.22744824414172374,-0.0034823110124634986,0.9156284052688156,0.42287336570415673,-0.0011423955033606735,0.29232676649339895,0.4145404159489915,0.00032507681121125343,0.00022195947921904125,0.22296625273709242,0.0005568850364158017,0.0005502882707856084,0.22029150737681447,0.0005494156939695294,0.021843314431934904,0.4095675106747809,0.0009715119153884244,9.874285714285715,0.0,0.09451427003312961,0.005302485268809765,0.26895980279250725
0.148,0.0,0.0,0.00935598851376393,0.44711451589185014,0.0010953311905845325,-0.0035512852111063632,0.17385685181645566,0.0004431733945466947,0.006644019695503472,0.17043090795648874,0.00041012705407187045,1.6033305677698144,0.43830388108270874,-0.0029264636537953254,0.8820922124378086,0.16838638653358928,-0.0017057809513053002,0.185780441869638,0.23754858110273444,0.00014055542025418136,1.6106344728878592,0.43304590478393606,-0.002955344906124205,0.5044693137671825,0.23286755706272733,-0.0006177582882712411,0.11543929346930779,0.23007403378211122,0.0002945113869498847,1.6091571530806719,0.23060724753258097,-0.003460355114339764,0.9513761720166385,0.4287466068944922,-0.0012172044959358086,0.30016083198192095,0.4202979217260608,0.0003199278880816546,0.00023200152968662146,0.22606300624732978,0.0005646026169202769,0.0005762365450488527,0.22335111164593685,0.0005570020584378781,0.0227477171209598,0.4152559483230417,0.000983531584727767,10.01142857142857,0.0,0.09451316915155873,0.002066609988993434,0.2710394469174547
0.15,0.0,0.0,0.009740053257207273,0.45323937227393035,0.0011097084594004162,-0.0036935899020651775,0.17623845252627013,0.00044947434434344124,0.0069149757473160895,0.17276557792849548,0.00041530389558248003,1.597797222469002,0.4443080438372664,-0.00289755630983137,0.9134325210658465,0.17069304936281657,-0.0017784979076874798,0.1902518007375602,0.2408026712548267,0.0001375555734629718,1.6060677330157334,0.4389780404659078,-0.0029291410810548786,0.5289656500888532,0.23605752359783322,-0.0006710294754233733,0.11862619545535405,0.23322573287501688,0.00029446609851427276,1.6035991062613326,0.23376625092343828,-0.0034384772553930844,0.9870715959350418,0.43461984808482773,-0.0012918908098295268,0.3080119555056262,0.42605542750313014,0.000314736488803023,0.0002423714697451732,0.2291597597575672,0.0005723193955697015,0.0006030971561750602,0.22641071591505932,0.0005645861984250261,0.023676237487468398,0.4209443859713026,0.0009954916721258572,10.14857142857143,0.0,0.09451206826998786,-0.001169265290822897,0.2731190910424021
0.152,0.0,0.0,0.010134360696505066,0.4593642286560105,0.001124060438497008,-0.003839451695447944,0.1786200532360846,0.00045578410784537443,0.007193036090863027,0.17510024790050216,0.00042046318038296517,1.5922915904488049,0.4503122065918241,-0.0028687125396929447,0.944716824832839,0.1729997121920438,-0.0018510820221845068,0.19474070624538664,0.24405676140691898,0.00013451240167339695,1.6014853321784959,0.44491017614787953,-0.0029028938921696348,0.5534575927932674,0.23924749013293906,-0.0007242953998897854,0.12183048528495685,0.23637743196792252,0.0002943780912814212,1.5980779304438357,0.23692525431429556,-0.0034166846298675922,1.0227115110121825,0.4404930892751633,-0.0013664462666496964,0.31588020093570707,0.4318129332801995,0.0003095024444364332,0.0002530765593582374,0.2322565132678046,0.0005800353544951486,0.0006308930507897555,0.22947032018418173,0.0005721680575700166,0.024629158676673698,0.42663282361956345,0.0010073914653302377,10.285714285714286,0.0,0.09451096738841698,-0.004405140570639229,0.27519873516734955
0.154,0.0,0.0,0.010539037211213409,0.46548908503809067,0.001138386810853964,-0.003988901570970018,0.18100165394589907,0.00046210276410336754,0.007478281786334807,0.17743491787250887,0.0004256047044541146,1.5868158934563552,0.45631636934638176,-0.002839938052756058,0.9759423247018083,0.17530637502127105,-0.0019235261245289198,0.19924737041041296,0.24731085155901122,0.00013142536328406145,1.5968889379481157,0.4508423118298513,-0.0028766075508716116,0.5779428715050612,0.24243745666804492,-0.0007775503403130563,0.12505246161626274,0.23952913106082815,0.00029424661443967824,1.592596301129995,0.24008425770515282,-0.0033949841818467076,1.058292857596882,0.4463663304654988,-0.0014408629513667094,0.32376562896067723,0.4375704390572688,0.0003042255953039043,0.00026412417242292915,0.235353266778042,0.0005877504755467094,0.00065964758183435,0.23252992445330414,0.000579747578506286,0.025606762057460836,0.4323212612678243,0.0010192302564778764,10.422857142857143,0.0,0.0945098665068461,-0.007641015850455559,0.277278379292297
0.156,0.0,0.0,0.010954208747294397,0.47161394142017077,0.0011526872605223935,-0.004141969860666411,0.1833832546557135,0.0004684303905667088,0.007770793340327419,0.17976958784451555,0.0004307282651454519,1.5813722902887877,0.4623205321009394,-0.0028112384033885398,1.007106291296708,0.1776130378504983,-0.001995823217128275,0.20377200079117733,0.2505649417111035,0.00012829392825172632,1.5922802001943515,0.456774447511823,-0.002850286226090732,0.602419235061274,0.24562742320315076,-0.000830788620754776,0.12829242125624846,0.2426808301537338,0.00029407092134367763,1.5871567897802885,0.2432432610960101,-0.0033733826000849625,1.0938126831090023,0.4522395716558343,-0.0015151332148526193,0.3316682976821822,0.44332794483433813,0.00029890578968415224,0.00027552179831034777,0.23845002028827939,0.0005954647402896411,0.0006893845125826887,0.23558952872242656,0.0005873247028514805,0.026609327201967545,0.4380096989160851,0.0010310073421465607,10.56,0.0,0.09450876562527523,-0.01087689113027189,0.2793580234172444
0.158,0.0,0.0,0.011380000812134264,0.4777387978022509,0.0011669614726373912,-0.00429868624190755,0.18576485536552798,0.000474767063065486,0.008070650699792162,0.18210425781652226,0.00043583366119048707,1.5759628759411413,0.46832469485549705,-0.0027826189885832263,1.0382060653232121,0.17991970067972557,-0.002067966476542456,0.20831480069000288,0.2538190318631957,0.00012511757768004597,1.5876607503972104,0.4627065831937947,-0.002823934042501392,0.626884452513863,0.24881738973825662,-0.0008840046133075435,0.1315506589846259,0.24583252924663943,0.0002938502699759774,1.5817618620593838,0.24640226448686736,-0.003351886313233553,1.129268142454808,0.4581128128461698,-0.0015892496756570813,0.3395882632808436,0.4490854506114074,0.00029354288232306307,0.00028727704340563234,0.24154677379851677,0.0006031781300005161,0.0007201280206005299,0.238649132991549,0.0005948993711974158,0.027637131865304976,0.443698136564346,0.001042722023405946,10.697142857142858,0.0,0.09450766474370435,-0.014112766410088221,0.28143766754219185
0.16,0.0,0.0,0.011816538469592259,0.483863654184331,0.001181209133430492,-0.0044590797304778634,0.18814645607534242,0.0004811128557931249,0.008377933246036334,0.18443892778852894,0.000440920692721842,1.570589680847488,0.47432885761005467,-0.0027540850458277165,1.0692390578244002,0.1822263635089528,-0.002139949254535648,0.21287596939175246,0.257073122015288,0.00012189580331321274,1.5830322009856652,0.46863871887576647,-0.0027975550788036097,0.6513363140881901,0.25200735627336246,-0.0009371927406012514,0.13482746738675347,0.24898422833954503,0.00029358392338729787,1.5764138762345845,0.24956126787772465,-0.0033305014854541483,1.1646564981586947,0.4639860540365053,-0.001663205221045757,0.34752558074760065,0.45484295638847677,0.00028813673276908286,0.000299397632647633,0.24464352730875416,0.0006108906256633713,0.0007519027016473565,0.2417087372606714,0.0006024715231001771,0.028690451965420482,0.4493865742126068,0.0010543736058682546,10.834285714285715,0.0,0.09450656386213348,-0.01734864168990455,0.2835173116671393
0.162,0.0,0.0,0.012263946335080567,0.4899885105664112,0.0011954299302420475,-0.004623178673717835,0.19052805678515689,0.0004874678412890869,0.00869271978877528,0.18677359776053565,0.0004459891612862483,1.5652546702137096,0.48033302036461234,-0.0027256416512071893,1.1002027502769125,0.18453302633818006,-0.0022117650787155507,0.21745570243678058,0.2603272121673802,0.00011862810693906934,1.5783961447034118,0.4745708545577382,-0.0027711533660698174,0.6757726320959277,0.2551973228084683,-0.0009903474781993047,0.1381231366959486,0.25213592743245067,0.000293271150114243,1.5711150817246793,0.25272027126858193,-0.003309234012415007,1.1999751202236215,0.4698592952268408,-0.0017369930073296348,0.35548030467559427,0.46060046216554607,0.0002826872035448635,0.00031189141106816715,0.24774028081899155,0.0006186022079658598,0.0007847335735199243,0.24476834152979382,0.0006100410970703661,0.02976956156310394,0.45507501186086763,0.001065961399738618,10.971428571428572,0.0,0.0945054629805626,-0.020584516969720884,0.2855969557920867
0.164,0.0,0.0,0.012722348570675621,0.4961133669484914,0.0012096235515335271,-0.004791010743730155,0.19290965749497138,0.0004938320904217231,0.009015088560236346,0.18910826773254236,0.0004510388698594177,1.5599597434402097,0.48633718311917007,-0.002697293717736349,1.131094694533636,0.18683968916740734,-0.002283407652773763,0.22205419192589684,0.2635813023194725,0.00011531399970672985,1.5737541540023732,0.48050299023970994,-0.0027447328861592546,0.7001912418010146,0.2583872893435742,-0.001043463356880884,0.1414379546455454,0.25528762652535636,0.00029291122457351937,1.565867617796636,0.2558792746594392,-0.0032880895176631004,1.2352214857333725,0.4757325364171764,-0.0018106064595161129,0.3634524901072663,0.46635796794261547,0.000277194158167553,0.0003247663453308297,0.250837034329229,0.0006263128572954021,0.0008186460798369593,0.2478279457989163,0.0006176080305634909,0.03087473284213914,0.46076344950912856,0.0010774847198650615,11.10857142857143,0.0,0.09450436209899173,-0.023820392249537217,0.28767659991703415
0.166,0.0,0.0,0.01319186888026111,0.5022382233305716,0.0012237896868997399,-0.004962602930650608,0.19529125820478585,0.00050020567237129,0.009345117209315265,0.19144293770454907,0.00045606962286078186,1.554706733632731,0.4923413458737277,-0.0026690459939162046,1.1619125126193877,0.18914635199663457,-0.0023548708563425036,0.22667162685500186,0.26683539247156474,0.00011195300136416974,1.5691077804645592,0.4864351259216817,-0.002718297570201729,0.7245900022374839,0.2615772558786801,-0.0010965349648058363,0.14477220633098864,0.258439325618262,0.0002925034274317915,1.5606735124076148,0.2590382780502965,-0.003267073349365849,1.270393178210387,0.4816057776075119,-0.0018840392703146516,0.3714421934310107,0.4721154737196848,0.00027165745903104626,0.00033803052526932377,0.25393378783946635,0.0006340225537353388,0.0008536660937644215,0.2508875500680387,0.0006251722599705044,0.03200623608960188,0.4664518871573894,0.0010889428857881257,11.245714285714287,0.0,0.09450326121742085,-0.02705626752935355,0.2897562440419816
0.168,0.0,0.0,0.01367263050470302,0.5083630797126517,0.0012379280270809765,-0.005137981535984323,0.1976728589146003,0.0005065886546131272,0.009682882795785464,0.19377760767655575,0.0004610812261681012,1.5494974071993717,0.49834550862828536,-0.002640903062511114,1.192653896386408,0.19145301482586183,-0.0024261487444838144,0.23130819347692266,0.270089482623657,0.00010854463942163787,1.564458554252816,0.4923672616036534,-0.0026918512971522645,0.7489667969781739,0.2647672224137859,-0.001149556949559245,0.14812617408220344,0.26159102471116763,0.00029204704595044747,1.5555346811898911,0.2621972814411538,-0.0032461905774161526,1.305487886743368,0.4874790187978474,-0.001957285398531349,0.3794494733214255,0.4778729794967541,0.00026607696516435856,0.00035169216542527994,0.25703054134970377,0.0006417312770610862,0.0008898199216807591,0.25394715433716114,0.0006327337206084918,0.03316433967630618,0.4721403248056502,0.0011003352217901208,11.382857142857144,0.0,0.09450216033584997,-0.03029214280916988,0.291835888166929
0.17,0.0,0.0,0.014164756217057027,0.5144879360947318,0.0012520382639750719,-0.005317172166007994,0.20005445962441476,0.0005129811029009978,0.010028461784560844,0.19611227764856246,0.0004660734871319425,1.5443334635318462,0.504349671382843,-0.0026128693395413216,1.2233166070367565,0.19375967765508909,-0.0024972355468282975,0.23596407568785832,0.2733435727757493,0.00010508844824706653,1.5598079835909044,0.4982993972856251,-0.002665397892417977,0.7733195348535213,0.26795718894889176,-0.0012025240200732054,0.15150013734642687,0.2647427238040732,0.0002915413743046744,1.5504529265764528,0.265356284832011,-0.0032254459908947005,1.3405034048991908,0.4933522599881829,-0.0020303390668879625,0.3874743917169646,0.48363048527382346,0.000260452529880995,0.0003657596065855283,0.2601272948599412,0.0006494390067362897,0.0009271343067815867,0.2570067586062835,0.0006402923467115069,0.034349310037400264,0.4778287624539111,0.0011116610569440123,11.520000000000001,0.0,0.0945010594542791,-0.033528018088986214,0.29391553229187645
0.17200000000000001,0.0,0.0,0.014668368317808541,0.5206127924768119,0.0012661200906493872,-0.005500199725238695,0.2024360603342292,0.000519383081250593,0.01038193004001251,0.19844694762056914,0.00047104621459002075,1.5392165347690088,0.5103538341374007,-0.0025849490734861135,1.2538984745189148,0.19606634048431631,-0.0025681256663811,0.24063945543574936,0.2765976629278415,0.00010158396809995793,1.5551575542732692,0.5042315329675968,-0.002638941126558269,0.7976461506198258,0.2711471554839976,-0.0012554309484238094,0.154894372581636,0.26789442289697885,0.00029098571387637995,1.545429937065275,0.2685152882228683,-0.0032048440958839615,1.375437629433805,0.4992255011785184,-0.002103194759301681,0.3955170148285805,0.48938799105089276,0.0002547839983348205,0.00038024131731878916,0.26322404837017854,0.0006571457219089826,0.0009656364326232229,0.26006636287540597,0.000647848071421561,0.035561411653113766,0.4835172001021719,0.0011229197251619292,11.657142857142858,0.0,0.09449995857270822,-0.03676389336880254,0.2959951764168239
0.17400000000000002,0.0,0.0,0.015183588630145727,0.5267376488588921,0.001280173201352709,-0.005687088409969888,0.20481766104404367,0.0005257946519232058,0.01074336282033998,0.20078161759257582,0.0004759992188814083,1.5341481856406622,0.5163579968919583,-0.002557146344692626,1.2843973968060605,0.19837300331354357,-0.0026388136780134282,0.24533451314780388,0.27985175307993376,9.803074411046101e-05,1.5505087292047735,0.5101636686495685,-0.002612484714059252,0.8219446055765562,0.2743371220191035,-0.0013082725715018056,0.15830915316065475,0.2710461219898845,0.00029037937352062123,1.540467286620567,0.2716742916137256,-0.003184389113628874,1.410288558816863,0.5050987423688539,-0.002175847217662378,0.4035774141727813,0.49514549682796205,0.00024907120499845394,0.0003951458955117458,0.26632080188041596,0.0006648514014077429,0.0010053539266045323,0.2631259671445284,0.000655400826779763,0.036800907029657645,0.48920563775043274,0.0011341105652432975,11.794285714285715,0.0,0.09449885769113735,-0.03999976864861887,0.2980748205417713
0.176,0.0,0.0,0.015710538495265807,0.5328625052409722,0.0012941972915270663,-0.005877861701875216,0.20719926175385814,0.0005322158754095701,0.011112834771997345,0.20311628756458253,0.0004809323118606064,1.5291299133896976,0.5223621596465159,-0.0025294650649853655,1.3148113390635696,0.20067966614277083,-0.0027092943266582245,0.2500494281743523,0.28310584323202603,9.442832521055537e-05,1.5458629479705976,0.5160958043315403,-0.002586032312183083,0.8462128881324533,0.2775270885542093,-0.0013610437925558672,0.16174474928597177,0.2741978210827901,0.0002897216698053384,1.535566434209614,0.27483329500458287,-0.003164084979039961,1.445054291584736,0.5109719835591894,-0.002248291438144184,0.41165566762239814,0.5009030026050314,0.00024331397108062522,0.0004104820699044621,0.2694175553906533,0.000672556023737854,0.0010463148633865246,0.2661855714136508,0.0006629505437176156,0.03806805668027838,0.4948940753986936,0.0011452329209225899,11.931428571428572,0.0,0.09449775680956647,-0.0432356439284352,0.30015446466671875
0.178,0.0,0.0,0.016249338767714953,0.5389873616230524,0.0013081920578194664,-0.006072542361680693,0.20958086246367258,0.0005386468104138695,0.011490419924174902,0.2054509575365892,0.0004858453069114797,1.5241631477706552,0.5283663224010736,-0.0025019089774715596,1.3451383327133521,0.20298632897199806,-0.002779562525228929,0.2547843792461558,0.28635993338411825,9.077626302441494e-05,1.5412216264364178,0.522027940013512,-0.0025595875198927143,0.8704490143203554,0.28071705508931516,-0.0014137395826078452,0.16520142791525116,0.27734952017569575,0.00028901192722430996,1.5307287234742066,0.2779922983954401,-0.003143935339535435,1.4797330245363844,0.5168452247495249,-0.002320522667088028,0.4197518604682667,0.5066605083821007,0.00023751210189925653,0.000426258701625107,0.27251430890089073,0.0006802595670774657,0.0010885477682491672,0.26924517568277323,0.0006704971520484667,0.03936311910646781,0.5005825130469544,0.0011562861409166903,12.06857142857143,0.0,0.0944966559279956,-0.04647151920825153,0.3022341087916662
0.18,0.0,0.0,0.016800109810762066,0.5451122180051324,0.0013221571980935438,-0.006271152422905854,0.21196246317348705,0.0005450875138379194,0.011876191683336725,0.20778562750859592,0.0004907380189610526,1.519249251122859,0.5343704851556312,-0.00247448165653756,1.375376474402616,0.20529299180122532,-0.002849613352280317,0.25953954494226744,0.2896140235362105,8.707411072513674e-05,1.5365861563789087,0.5279600756954838,-0.0025331538768523353,0.8946510282608475,0.283907021624421,-0.001466354981739836,0.16867945269747028,0.2805012192686014,0.0002882494783833756,1.525955382536037,0.2811513017862974,-0.003123943554219773,1.514323050786267,0.5227184659398604,-0.00239253639649131,0.42786608648497576,0.51241801415917,0.00023166538422725828,0.0004424847857239474,0.2756110624111281,0.0006879620092737575,0.0011320816203848776,0.27230477995189567,0.0006780405804591162,0.040686350779330215,0.5062709506952153,0.0011672695789718688,12.205714285714286,0.0,0.09449555504642472,-0.04970739448806786,0.3043137529166136
0.182,0.0,0.0,0.01736297149180674,0.5512370743872127,0.0013360924114411265,-0.006473713185674455,0.21434406388330154,0.0005515380407655185,0.012270222827814665,0.21012029748060262,0.0004956102644931647,1.5143895185163516,0.540374647910189,-0.0024471865080316754,1.405523924884607,0.2075996546304526,-0.0029194420494304085,0.2643151041655284,0.2928681136883028,8.332142186508836e-05,1.5319579051465426,0.5338922113774556,-0.002506734862503633,0.9188170025749959,0.2870969881595269,-0.0015188851002533015,0.17217908391957162,0.2836529183615071,0.000287433664160092,1.5212475239358452,0.2843103051771547,-0.003104112693397206,1.5488227576881044,0.528591707130196,-0.0024643283591401777,0.43599844899381685,0.5181755199362394,0.00022577358362815922,0.0004591694527065684,0.27870781592136556,0.0006956633278391041,0.001176945856128167,0.2753643842210181,0.0006855807565015831,0.042038006121107974,0.5119593883434762,0.001178182593910365,12.342857142857145,0.0,0.09449445416485384,-0.05294326976788419,0.30639339704156104
0.184,0.0,0.0,0.017938043177821716,0.5573619307692927,0.001349997398193715,-0.006680245210595297,0.21672566459311596,0.0005579984444469761,0.012672585502459264,0.2124549674526093,0.0005004618615619866,1.5095851779689466,0.5463788106647466,-0.0024200267696290125,1.4355789078187724,0.2099063174596798,-0.002989044018562318,0.2691112366227892,0.296122203840395,7.951774918716653e-05,1.5273382153505857,0.5398243470594272,-0.0024803338952177887,0.9429450387465881,0.2902869546946327,-0.001571325119700908,0.17570057846347142,0.28680461745441266,0.0002865638338371026,1.5166061447065076,0.28746930856801195,-0.003084445538419583,1.5832306246428653,0.5344649483205314,-0.0025358945234189322,0.44414906191608683,0.5239330257133087,0.0002198364417987296,0.0004763219700662812,0.2818045694316029,0.0007033634999472409,0.0012231703721209144,0.2784239884901405,0.0006931176065850308,0.04341833748686729,0.517647825991737,0.0011890245496765726,12.48,0.0,0.09449335328328297,-0.05617914504770052,0.3084730411665085
0.186,0.0,0.0,0.01852544373083011,0.5634867871513728,0.0013638718599338778,-0.0068907683127137345,0.2191072653029304,0.0005644687762838143,0.013083351213348044,0.21478963742461596,0.0005052926298053917,1.5048373907328096,0.5523829734193041,-0.0023930055113741064,1.4655397084976687,0.21221298028890703,-0.0030584148188246636,0.27392812330695815,0.2993762939924872,7.566264342424509e-05,1.5227284045861318,0.5457564827413989,-0.002453954331522967,0.9670332674344474,0.29347692122973856,-0.001623670293792124,0.1792441897732242,0.28995631654731824,0.00028563934520961704,1.5137832799167525,0.2906283119588692,-0.003064944581869096,1.6132324933313347,0.5403381895108669,-0.0026072310878299965,0.4535988378781579,0.5296905314903779,0.00021385367393572774,0.000493951743815676,0.28490132294184023,0.0007110625024294348,0.0012707855284127564,0.2814835927592629,0.0007006510559678549,0.04482759514634546,0.5233362636399977,0.001199794815382826,12.617142857142856,0.0,0.09449225240171209,-0.059415020327516846,0.3105526852914559
0.188,0.0,0.0,0.019125291503417696,0.569611643533453,0.0013777154995065573,-0.007105301555534428,0.2214888660127449,0.0005709490858136466,0.01350259082255165,0.21712430739662267,0.0005101023904581865,1.5001472516490857,0.5583871361738618,-0.0023661256363973694,1.4954046725077659,0.21451964311813432,-0.003127550163448836,0.27876594697801416,0.3026303841445795,7.175565209405335e-05,1.5181297651829495,0.5516886184233706,-0.002427599465406903,0.9910798487355316,0.2966668877648444,-0.0016759159491740074,0.1828101678321023,0.29310801564022393,0.0002846595646674993,1.5133363162497842,0.29378731534972646,-0.0030499899114175655,1.6374238663584402,0.5462114307012024,-0.0026675526565753307,0.4647711420679228,0.5354480372674473,0.0002046229984732234,0.0005120683200172776,0.2879980764520777,0.0007187603117706551,0.0013198221514960878,0.2845431970283853,0.0007081810287499315,0.046266027265961004,0.5290247012882586,0.0012104927653547829,12.754285714285714,0.0,0.09449115152014122,-0.06265089560733318,0.31263232941640334
0.19,0.0,0.0,0.019737704334280553,0.5757364999155331,0.0013915280210302886,-0.007323863245115896,0.22387046672255934,0.0005774394206952344,0.0139303745429583,0.21945897736862938,0.0005148909663651943,1.4955157895691922,0.5643912989284194,-0.002339389881801666,1.5251722043311067,0.21682630594736155,-0.0031964459164010106,0.28362489264016305,0.30588447429667176,6.7796318296644e-05,1.5135435639858625,0.5576207541053423,-0.002401272527694018,1.0150829723996577,0.2998568542999503,-0.001728057486088953,0.18639875914931067,0.29625971473312956,0.00028362386725256815,1.5149142102240722,0.29694631874058375,-0.0030409749937730015,1.6566365050885123,0.5520846718915379,-0.002713347986167256,0.47742533094808753,0.5412055430445166,0.00019108600244148455,0.0005306813863132595,0.29109482996231506,0.0007264569041057445,0.0013703115372751713,0.28760280129750776,0.0007157074478650292,0.04773387989098812,0.5347131389365195,0.0012211177791763962,12.891428571428571,0.0,0.09449005063857034,-0.06588677088714952,0.3147119735413508
0.192,0.0,0.0,0.02036279954380833,0.5818613562976134,0.0014053091299083321,-0.007546470924237408,0.22625206743237383,0.0005839398266937243,0.014366771933157005,0.22179364734063609,0.0005196581819941944,1.4909439678415075,0.5703954616829772,-0.0023128008197155375,1.554840765894557,0.21913296877658883,-0.0032650980888862947,0.28850514801237537,0.30913856444876403,6.378417952150245e-05,1.5089710421643336,0.5635528897873141,-0.002374976685496371,1.0390408579968193,0.3030468208350562,-0.001780090378911504,0.19001020675602154,0.2994114138260352,0.00028253163669181134,1.5182118187571416,0.3001053221314411,-0.0030370222202315777,1.6715965515880151,0.5579579130818735,-0.002746696480016597,0.4913505202928604,0.5469630488215861,0.00017384429468374638,0.000549800773454172,0.29419158347255253,0.0007341522552155983,0.0014222854539688648,0.2906624055666302,0.0007232302350733876,0.04923139692789686,0.5404015765847804,0.0012316692417344806,13.02857142857143,0.0,0.09448894975699947,-0.06912264616696585,0.3167916176662982
0.194,0.0,0.0,0.021000693929703423,0.5879862126796935,0.0014190585328397128,-0.0077731413666387635,0.2286336681421883,0.0005904503476660643,0.01481185189238001,0.2241283173126428,0.0005244038634487145,1.486432684862288,0.5763996244375349,-0.0022863608585099314,1.5844088750731455,0.2214396316058161,-0.0033335028357218527,0.293406903989611,0.3123926546008563,5.9718766471202337e-05,1.5044134150508683,0.5694850254692858,-0.00234871504173762,1.0629517550381757,0.306236787370162,-0.0018320101765666433,0.19364475021037952,0.30256311291894084,0.00028138226540729824,1.5229640900484938,0.3032643255222983,-0.003037368733087108,1.6829371634348214,0.563831154272209,-0.0027694134932895152,0.5063621864520957,0.5527205545986553,0.00015342508576448728,0.0005694364568266397,0.2972883369827899,0.0007418463405233393,0.0014757761449464815,0.29372200983575264,0.0007307493109544594,0.050758820126860324,0.5460900142330413,0.001242146543262861,13.165714285714287,0.0,0.09448784887542859,-0.07235852144678219,0.31887126179124564
0.196,0.0,0.0,0.021651503762636342,0.5941110690617737,0.0014327759378301758,-0.00800389057133348,0.23101526885200277,0.0005969710255466039,0.0152656826555049,0.2264629872846495,0.0005291278384806737,1.4834897869564574,0.5824037871920926,-0.0022600722441754885,1.6101650437813002,0.22374629443504337,-0.0034016564515952554,0.2994318791449738,0.31564674475294857,5.559960190834393e-05,1.4998718720078148,0.5754171611512576,-0.0023224906347490267,1.086813943051897,0.3094267539052679,-0.0018838125028322694,0.19730262561109793,0.3057148120118465,0.00028017515450366753,1.5289410004440993,0.30642332891315566,-0.003041351902838345,1.6912096735161162,0.5697043954625446,-0.002783081919930692,0.5222991303765924,0.5584780603757248,0.0001302896848090726,0.0005895985579799787,0.3003850904930273,0.0007495391350905016,0.0015308163314963047,0.2967816141048751,0.0007382645948998215,0.05231638906443036,0.5517784518813021,0.0012525490793861046,13.302857142857146,0.0,0.09448674799385771,-0.07559439672659853,0.3209509059161931
0.198,0.0,0.0,0.022315344781937516,0.6002359254438537,0.0014464610542030435,-0.008238733756995928,0.2333968695618172,0.0006035019003328768,0.015728331788116823,0.22879765725665618,0.0005338299365028782,1.48259563607303,0.5884079499466501,-0.0022377045925245182,1.6309042314289866,0.22605295726427058,-0.0034602802162925737,0.30694227471926055,0.3189008349050408,4.867238940016741e-05,1.4953475763220967,0.5813492968332293,-0.0022963064379364637,1.110625731615146,0.3126167204403737,-0.0019354930565288085,0.20098406561923782,0.3088665111047521,0.00027890971373413547,1.5359431389506146,0.3095823323040129,-0.0030483966703502164,1.6968934487865242,0.57557763665288,-0.0027890800921580904,0.5390207667857555,0.564235566152794,0.00010484108944050414,0.0006102973461516907,0.30348184400326467,0.0007572306136132118,0.0015874392155262862,0.29984121837399746,0.0007457760051062528,0.053904341126382996,0.5574668895295629,0.0012628762511628314,13.440000000000001,0.0,0.09448564711228684,-0.07883027200641486,0.3230305500411405
0.2,0.0,0.0,0.02299233219132583,0.6063607818259338,0.0014601135926099907,-0.008477685356422916,0.23577847027163162,0.0006100430100715689,0.01619986618163125,0.23113232722866284,0.000538509988601365,1.4834486720150437,0.5944121127012078,-0.0022204588084295553,1.6473458257067872,0.2283596200934978,-0.0035063615283387217,0.3157289573659602,0.322154925057133,3.8031625844681115e-05,1.4908416651273753,0.5872814325152009,-0.0022701653595172395,1.1343854603435606,0.31580668697547953,-0.0019870476115991663,0.2046892994877364,0.3120182101976577,0.0002775853614460497,1.5437978529952219,0.3127413356948701,-0.0030580045081393613,1.700404600364722,0.5814508778432155,-0.002788606427358272,0.5564047056701316,0.5699930719298633,7.74307628602694e-05,0.0006315432397917805,0.306578597513502,0.0007649207504183759,0.0016456784821964664,0.30290082264311985,0.0007532834585689839,0.05552291149073498,0.5631553271778237,0.0012731274651286018,13.577142857142857,0.0,0.09448454623071596,-0.0820661472862312,0.32511019416608794
0.202,0.0,0.0,0.023682580654674157,0.612485638208014,0.0014737332650417206,-0.008720759011070263,0.23816007098144612,0.0006165943908446725,0.01668035204847771,0.23346699720066957,0.0005431678275475959,1.485786645200282,0.6004162754557655,-0.0022075809913981955,1.660117832326686,0.2306662829227251,-0.0035416988569601554,0.3256087431171291,0.32540901520922527,2.4200144608162723e-05,1.48635524935311,0.5932135681971727,-0.0022440702423255064,1.15809149883968,0.3189966535105854,-0.002038472017082438,0.2084185530982288,0.3151699092905634,0.00027620152450706745,1.552355880509381,0.3159003390857274,-0.0030697437847737362,1.7021036786409816,0.587324119033551,-0.0027827012033279277,0.5743445969137377,0.5757505777069326,4.8364680092002625e-05,0.0006533468080858515,0.30967535102373944,0.0007726095194598693,0.0017055683024826602,0.3059604269122423,0.0007607868710751145,0.0571723331109328,0.5688437648260846,0.001283302133338374,13.714285714285715,0.0,0.09448344534914509,-0.08530202256604753,0.3271898382910354
0.20400000000000001,0.0,0.0,0.0243862042918121,0.6186104945900941,0.00148731978483855,-0.008967967565664826,0.2405416716912606,0.0006231560767558271,0.01716985491734495,0.23580166717267625,0.0005478032878104964,1.489381673209223,0.6064204382103231,-0.002198415517474897,1.669767794889935,0.23297294575195232,-0.003567862216436835,0.33642142143539916,0.32866310536131754,7.635905610471061e-06,1.4818894136999594,0.5991457038791445,-0.002218023863684914,1.1817422466018213,0.32218662004569126,-0.0020897621969849715,0.21217204900468697,0.318321608383469,0.00027475763821310057,1.5614884038273678,0.3190593424765847,-0.0030832413450819908,1.7023024708688688,0.5931973602238865,-0.0027722657960427377,0.5927482116970727,0.581508083484002,1.7908716425660555e-05,0.0006757187724769258,0.31277210453397686,0.0007802968943147275,0.0017671433356709603,0.30902003118136473,0.0007682861571972052,0.05885283669921541,0.5745322024743454,0.0012933996734085316,13.851428571428572,0.0,0.09448234446757421,-0.08853789784586387,0.3292694824159828
0.20600000000000002,0.0,0.0,0.02510331667436627,0.6247353509721744,0.0015008728667009056,-0.009219323062892526,0.24292327240107509,0.0006297280999168497,0.017668439628487874,0.238136337144683,0.0005524162055683451,1.4940359274650894,0.6124246009648808,-0.002192392680610856,1.6767724446857004,0.2352796085811796,-0.0035862204657718883,0.3480270977057085,0.3319171955134098,-1.1260564804973367e-05,1.4774452166409344,0.6050778395611163,-0.002192028935347108,1.2053361328949725,0.32537658658079716,-0.0021409141500525605,0.21595000648338225,0.32147330747637465,0.00027325314617921917,1.5710844700257003,0.322218345867442,-0.0030981751448998143,1.701270004662575,0.5990706014142221,-0.0027580796736366166,0.6115357367843294,0.5872655892610713,-1.3706556090003486e-05,0.0006986700081859404,0.3158688580442143,0.0007879828481793434,0.0018304387317826182,0.31207963545048717,0.0007757812302870405,0.060564650710151956,0.5802206401226063,0.0013034195085584773,13.988571428571431,0.0,0.09448124358600334,-0.0917737731256802,0.33134912654093024
0.20800000000000002,0.0,0.0,0.02583403082163831,0.6308602073542545,0.0015143922266997207,-0.009474836738162833,0.24530487311088953,0.0006363104904344553,0.01817617032909678,0.24047100711668967,0.0005570064187205045,1.499577866535379,0.6184287637194384,-0.0021890179093641275,1.6815462289400556,0.23758627141040686,-0.003597965433188234,0.36030382183832516,0.3351712856655021,-3.213953010051604e-05,1.473023690447704,0.611009975243088,-0.002166088103494616,1.2288716165853166,0.328566553115903,-0.002191923949447674,0.21975264158866378,0.3246250065692803,0.00027168750021474506,1.5796160126105567,0.32537734925829925,-0.003114267801918503,1.699298467147138,0.6049438426045576,-0.002740815405145044,0.6313243094808901,0.5930230950381407,-4.62816043654718e-05,0.0007222115457308641,0.3189656115544517,0.0007956673538656643,0.0018954901339288696,0.3151392397196096,0.0007832720024695675,0.06230800132435588,0.5859090777708672,0.0013133610676517881,14.125714285714288,0.0,0.09448014270443246,-0.09500964840549654,0.33342877066587767
0.21,0.0,0.0,0.026578459196520885,0.6369850637363347,0.0015278775822867411,-0.009734519014450202,0.24768647382070402,0.0006429032763971672,0.018693110468729193,0.2428056770886964,0.0005615737668989992,1.50585894345233,0.6244329264739962,-0.002187862350153457,1.6844488478656279,0.23989293423963412,-0.003604133236751054,0.37314547426643796,0.33842537581759435,-5.4696115051827006e-05,1.4686258412414313,0.6169421109250598,-0.0021402039488066108,1.2523471859400372,0.3317565196510089,-0.0022427877423357697,0.22358016721403318,0.327776705662186,0.0002700601601838055,1.586547329994118,0.3285363526491566,-0.0031276991499035,1.6965927902014657,0.6108170837948932,-0.0027212034583806123,0.6522784689822658,0.5987806008152101,-8.135927166420004e-05,0.0007463545724443846,0.3220623650646891,0.0008033503837973955,0.001962333680595279,0.31819884398873205,0.0007907583846370079,0.06408311243237653,0.5915975154191281,0.0013232237852369305,14.262857142857147,0.0,0.09447904182286158,-0.09824552368531288,0.3355084147908251
0.212,0.0,0.0,0.02733671370145197,0.6431099201184146,0.0015413286523047343,-0.009998379497212951,0.2500680745305184,0.0006495064838624215,0.019219322794804778,0.245140347060703,0.0005661180914799345,1.5127507244134297,0.6304370892285536,-0.002188554635559441,1.685791915096717,0.2421995970688613,-0.0036056231269919166,0.3864598835055206,0.3416794659696865,-7.866502074187861e-05,1.4642526490675059,0.6228742466070313,-0.002114378986586,1.2757613583940943,0.33494648618611467,-0.0022935017493848067,0.2274327931579862,0.3309284047550915,0.0002683705938526458,1.5920998556362225,0.3316953560400137,-0.0031371299348852606,1.693298357877993,0.6166903249852285,-0.002699756163040593,0.6742138931660495,0.6045381065922791,-0.00011935090597496673,0.0007711104339901102,0.3251591185749264,0.0008110319100062051,0.0020310060078551876,0.3212584482578544,0.0007982402864431477,0.06589020561876964,0.5972859530673887,0.0013330071015875305,14.399999999999999,0.0,0.09447794094129071,-0.10148139896512921,0.33758805891577254
0.214,0.0,0.0,0.028108905674407596,0.6492347765004948,0.0015547451569976071,-0.010266426969390046,0.2524496752403329,0.0006561201368438646,0.0197548693481637,0.24747501703270972,0.0005706392355947623,1.5201423650098413,0.6364412519831113,-0.002190773681075796,1.6858448424025188,0.24450625989808858,-0.0036032141379965716,0.40016715187910107,0.3449335561217788,-0.00010381581845935448,1.4599050679935295,0.6288063822890031,-0.0020886156669462567,1.299112680285673,0.3381364527212205,-0.0023440622641821844,0.2313107261940861,0.33408010384799713,0.0002666182767250273,1.5964681464937545,0.33485435943087105,-0.003143113740513379,1.6895410320944384,0.6225635661755641,-0.002676836979256072,0.6969693921395609,0.6102956123693486,-0.0001597957019917523,0.0007964906358772315,0.3282558720851638,0.0008187119041279344,0.0021015442515118507,0.3243180525269768,0.0008057176162978042,0.06772950014634779,0.6029743907156496,0.0013427104627421998,14.537142857142857,0.0,0.09447684005971983,-0.10471727424494555,0.33966770304071997
0.216,0.0,0.0,0.02889514588493331,0.6553596328825749,0.0015681268180204183,-0.01053866938647625,0.2548312759501473,0.0006627442572988434,0.020299811458688834,0.24980968700471642,0.0005751370441413818,1.5279383977253262,0.642445414737669,-0.0021942423756804307,1.6848400376546067,0.2468129227273158,-0.0035975797991880075,0.41419816816272087,0.34818764627387105,-0.00012994876401307504,1.455584026229904,0.6347385179709748,-0.0020629163750563867,1.32239972656203,0.3413264192563264,-0.0023944656525733666,0.23521417014472884,0.33723180294090277,0.00026480269186704165,1.599822895312416,0.33801336282172834,-0.0031461369591800656,1.6854293884166174,0.6284368073658996,-0.002652760561821347,0.7204042949998035,0.6160531181464178,-0.00020229068498285764,0.0008225068449735867,0.3313526255954012,0.0008263903373988099,0.002173986049168869,0.32737765679609926,0.0008131902813614685,0.06960121294061222,0.6086628283639105,0.0013523333205439068,14.674285714285714,0.0,0.09447573917814896,-0.10795314952476188,0.3417473471656674
0.218,0.0,0.0,0.029695544530214623,0.6614844892646552,0.0015814733584493046,-0.010815113871676114,0.25721287665996184,0.0006693788651160952,0.020854209740992204,0.25214435697672316,0.0005796113637950858,1.5360567909392944,0.6484495774922268,-0.0021987220505827487,1.6829774946265736,0.2491195855565431,-0.003589301130245159,0.4284932878391176,0.3514417364259633,-0.00015689107934189385,1.4512904262723645,0.6406706536529466,-0.0020372834314423935,1.3456211004574667,0.3445163857914323,-0.0024447083519264943,0.23914332595805854,0.34038350203380846,0.00026292332972269904,1.6023136264094762,0.3411723662125856,-0.0031466263227495762,1.6810567189754448,0.6343100485562351,-0.002627798349650956,0.7443961099167392,0.6218106239234873,-0.00024648417769079057,0.0008491708910170749,0.33444937910563866,0.0008340671806516627,0.0022483695422285156,0.3304372610652217,0.0008206581875401321,0.07150555857436706,0.6143512660121714,0.001361875132678898,14.811428571428573,0.0,0.09447463829657808,-0.11118902480457822,0.34382699129061484
0.22,0.0,0.0,0.030510211231186614,0.6676093456467354,0.0015947845027913018,-0.011095766711137245,0.2595944773697763,0.0006760239781036311,0.02141812409016605,0.2544790269487298,0.000584062043019344,1.5444272451841115,0.6544537402467844,-0.002204007626731275,1.6804288441054271,0.2514262483857703,-0.003578878115602008,0.4430011634374904,0.3546958265780556,-0.00018449365315265505,1.447025145065801,0.6466027893349183,-0.0020117190923436153,1.36877543314516,0.3477063523265381,-0.0024947868703273216,0.24309839178749254,0.3435352011267141,0.0002609796879216389,1.604071105703711,0.3443313696034429,-0.003144955642015083,1.6765028253017267,0.6401832897465707,-0.0026021835730721853,0.7688384309247573,0.6275681297005566,-0.00029206995054045646,0.0008764947681253574,0.337546132615876,0.0008417424043121475,0.0023247333778175696,0.33349686533434414,0.0008281212394802891,0.07344274925251723,0.6200397036604323,0.001371335362715163,14.94857142857143,0.0,0.0944735374150072,-0.11442490008439456,0.34590663541556227
0.222,0.0,0.0,0.031339255028682976,0.6737342020288155,0.0016080599769940725,-0.011380633349263307,0.2619760780795908,0.0006826796119768201,0.021991613677598873,0.2568136969207366,0.0005884889320764263,1.5529896970855064,0.6604579030013421,-0.0022099233554569234,1.6773409278125175,0.25373291121499764,-0.0035667398322260734,0.4576777090713319,0.35794991673014787,-0.00021262811676835635,1.44278903418871,0.6525349250168901,-0.001986225550122277,1.391861383364573,0.350896318861644,-0.00254469778570879,0.247079563073318,0.34668690021961973,0.000258971271080318,1.6052094931888592,0.3474903729943002,-0.0031414518317735268,1.6718356216911248,0.6460565309369062,-0.0025761157359120513,0.7936390671565212,0.633325635477626,-0.0003387819886178284,0.0009044906363037906,0.3406428861261135,0.0008494159783949704,0.0024031167106402878,0.3365564696034666,0.0008355793405641225,0.07541299479705119,0.6257281413086931,0.0013807134801404398,15.085714285714289,0.0,0.09447243653343633,-0.11766077536421089,0.3479862795405097
0.224,0.0,0.0,0.03218278437962466,0.6798590584108956,0.0016212995084555315,-0.011669718384107205,0.2643576787894052,0.0006893457803466712,0.022574736946856883,0.25914836689274323,0.0005928918830378608,1.561693005384452,0.6664620657558996,-0.002216319078324017,1.67383894961258,0.25603957404422484,-0.0035532533844207315,0.47248518480525875,0.3612040068822401,-0.00024118425547272948,1.438582920057619,0.6584670606988617,-0.0019608049337246206,1.414877637026161,0.3540862853967498,-0.0025944377449195577,0.2510870326258268,0.3498385993125253,0.0002568975905980183,1.6058282636053727,0.3506493763851574,-0.0031364002920092546,1.6671125677574525,0.6519297721272417,-0.0025497646239097077,0.8187183724365955,0.6390831412546952,-0.000386389814754565,0.0009331708229515293,0.3437396396363508,0.0008570878725001176,0.002483559204758133,0.33961607387258896,0.0008430323929048717,0.07741650263220967,0.6314165789569539,0.0013900089603997568,15.222857142857144,0.0,0.09447133565186545,-0.12089665064402723,0.35006592366545713
0.226,0.0,0.0,0.03304090715324839,0.6859839147929756,0.0016345028260333775,-0.01196302556284485,0.2667392794992196,0.000696022494708317,0.023167551609631146,0.2614830368647499,0.0005972707497947325,1.5704937968131143,0.6724662285104572,-0.002223066942184987,1.6700292523036604,0.25834623687345204,-0.0035387317818478202,0.4873913878791323,0.3644580970343323,-0.00027006771942731614,1.4344076041508307,0.6643991963808334,-0.001935459309191964,1.437822906795067,0.35727625193185564,-0.0026440034627357636,0.2551209907094635,0.35299029840543095,0.0002547581644490103,1.6060139187622984,0.35380837977601465,-0.003130049709573395,1.6623819470692076,0.6578030133175771,-0.0025232738860996883,0.8440077551721468,0.6448406470317645,-0.00043469431351207764,0.0009625478243657409,0.34683639314658815,0.0008647580558090916,0.0025661010352959054,0.34267567814171135,0.0008504802973423831,0.07945347776984162,0.6371050166052147,0.0013992212849325125,15.36,0.0,0.09447023477029458,-0.12413252592384356,0.35214556779040457
0.228,0.0,0.0,0.033913730627375266,0.6921087711750559,0.001647669660054519,-0.01226055777732997,0.26912088020903413,0.0007027097644296974,0.023770114641750856,0.2638177068367566,0.0006016253880678136,1.578243037997171,0.678470391265015,-0.0022300585138702485,1.6660491195582738,0.26065289970267935,-0.0035234408815024527,0.5029014679720274,0.36771218718642457,-0.0002991980017317693,1.4302638632508395,0.6703313320628052,-0.0019101906802200638,1.4606959316554755,0.36046621846696153,-0.0026933917208202636,0.259181625127468,0.3561419974983366,0.00025255251697218274,1.60584151280784,0.356967383166872,-0.003122616338988566,1.6576840071701096,0.6636762545079127,-0.0024967642314032376,0.8694483503398237,0.6505981528088339,-0.0004835240059082821,0.0009926343072438684,0.34993314665682557,0.0008724264970811496,0.0026507828900739156,0.3457352824108338,0.0008579229534388447,0.08152412279494825,0.6427934542534756,0.001408349941209085,15.497142857142858,0.0,0.0944691338887237,-0.1273684012036599,0.354225211915352
0.23,0.0,0.0,0.034801361484719594,0.6982336275571359,0.0016607997423244017,-0.01256231705973037,0.2715024809188486,0.0007094075967404465,0.024382482279263047,0.2661523768087633,0.0006059556554175312,1.5845308482078582,0.6844745540195726,-0.002234421209943996,1.6619800952736488,0.2629595625319066,-0.0035077238925659182,0.5191788463714977,0.37096627733851684,-0.0003298379765837764,1.4261524497047762,0.676263467744777,-0.0018850009887651565,1.483495476457274,0.36365618500206737,-0.00274259936663352,0.263269121306509,0.3592936965912422,0.0002502801786594355,1.605376009747883,0.36012638655772927,-0.003114287815625277,1.653051974840853,0.6695494956982482,-0.0024703362786796536,0.8949898370786381,0.6563556585859032,-0.0005327317293848014,0.0010234431101838806,0.353029900167063,0.0008800931646495478,0.0027376459711658603,0.34879488667995623,0.0008653602594747057,0.08362863785141668,0.6484818919017364,0.0014173944227669705,15.634285714285715,0.0,0.09446803300715283,-0.13060427648347622,0.35630485604029943
0.232,0.0,0.0,0.03570390580923822,0.7043584839392162,0.0016738928061362415,-0.012868304578246054,0.27388408162866307,0.0007161159967209837,0.025004710014579122,0.26848704678077,0.0006102614112537674,1.5895618745206612,0.6904787167741303,-0.0022351303285843196,1.6578657506801786,0.26526622536113387,-0.0034917846747812877,0.5360986239471603,0.3742203674906091,-0.0003623961972022215,1.422074091702245,0.6821956034267487,-0.0018598921156950687,1.5062203314466314,0.36684615153717326,-0.002791623312300252,0.26738366238081207,0.3624453956841479,0.0002479406859440973,1.604673555860672,0.36328538994858656,-0.003105226549498241,1.6485102357157237,0.6754227368885837,-0.0024440730948806734,0.9205907160863762,0.6621131643629726,-0.0005821916817891637,0.0010549872451824467,0.3561266536773004,0.0008877580264177913,0.0028267319963820553,0.35185449094907867,0.000872792112444782,0.08576722062794387,0.6541703295499973,0.0014263542292464516,15.771428571428574,0.0,0.09446693212558195,-0.13384015176329256,0.35838450016524687
0.234,0.0,0.0,0.03662146908252054,0.7104833403212963,0.0016869485862801453,-0.013178520632909611,0.27626568233847754,0.000722834967291809,0.02563685259268853,0.2708217167527767,0.000614542516845494,1.593515457895741,0.6964828795286879,-0.0022326974874799332,1.6537433274903184,0.2675728881903611,-0.0034757321562245438,0.5535516753322177,0.3774744576427014,-0.0003965604157611474,1.4180294935699262,0.6881277391087204,-0.0018348658814838115,1.5288693117820689,0.3700361180722791,-0.002840460533435881,0.2715254292753056,0.36559709477705354,0.0002455335809906037,1.6037831086127565,0.36644439333944384,-0.0030955729063030703,1.6440509299693333,0.6812959780789193,-0.0024180356440920113,0.9462292001876389,0.6678706701400419,-0.0006318001148658359,0.0010872798991309696,0.3592234071875378,0.0008954210498558885,0.0029180832006777003,0.3549140952182011,0.0008802184080545476,0.08794006634415226,0.6598587671982582,0.001435228866425786,15.908571428571431,0.0,0.09446583124401108,-0.1370760270431089,0.3604641442901943
0.23600000000000002,0.0,0.0,0.037554156180219414,0.7166081967033765,0.00169996681905214,-0.013492964651469284,0.278647283048292,0.000729564509203004,0.026278964007439915,0.27315638672478343,0.0006187988353302373,1.5965485703044726,0.7024870422832457,-0.002227571039031238,1.6496444195372795,0.2698795510195884,-0.003459659441176825,0.5714428468541057,0.38072854779479365,-0.0004320578188435602,1.414019336082321,0.6940598747906922,-0.0018099240469480853,1.5514412570375657,0.373226084607385,-0.0028891080679367097,0.27569460078731856,0.3687487938699592,0.00024305841148663395,1.6027469350651293,0.3696033967303011,-0.0030854492797061385,1.6396480144186383,0.6871692192692548,-0.0023922042767501963,0.9718959360574655,0.6736281759171113,-0.0006815025606763189,0.0011203344353094163,0.36232016069777523,0.0009030822019966107,0.003011742337485853,0.35797369948732355,0.0008876390407166146,0.09014736773689795,0.6655472048465191,0.001444017846255917,16.04571428571429,0.0,0.0944647303624402,-0.14031190232292523,0.36254378841514173
0.23800000000000002,0.0,0.0,0.038502071368523086,0.7227330530854565,0.0017129472422630929,-0.013811635185355102,0.2810288837581065,0.0007363046210239393,0.026931097497890143,0.2754910566967901,0.0006230302317233754,1.5987984043031993,0.7084912050378033,-0.0022201434131666736,1.6455955974953604,0.27218621384881564,-0.00344364551422116,0.5896893557711724,0.38398263794688586,-0.0004686505222680497,1.4100442767880281,0.6999920104726639,-0.0017850683140241427,1.5739350306941908,0.3764160511424908,-0.0029375630147376874,0.2798913536663853,0.3719004929628648,0.00024051473043886566,1.6016009410776115,0.37276240012115835,-0.003074961337359927,1.6352794689638073,0.6930424604595903,-0.0023665138848976202,0.9975827373718482,0.6793856816941806,-0.0007312756359082124,0.0011541643948778765,0.3654169142080126,0.0009107414494317579,0.0031077526799747983,0.36103330375644593,0.0008950539035474002,0.09238931504677263,0.6712356424947798,0.001452720686894705,16.182857142857145,0.0,0.09446362948086932,-0.14354777760274157,0.36462343254008917
0.24,0.0,0.0,0.03946531830066845,0.7288579094675366,0.0017258895952475338,-0.014134529905728452,0.2834104844679209,0.00074305529913319,0.027593305544721426,0.2778257266687968,0.0006272365729272667,1.6003846772049755,0.7144953677923609,-0.002210757591277096,1.6416189767392333,0.27449287667804284,-0.0034277568020432943,0.6082193598176754,0.3872367280989781,-0.0005061315691804859,1.4072344242249946,0.7059241461546355,-0.0017603003265834816,1.593571466606798,0.3796060176775966,-0.0029858225325414857,0.2849401522621615,0.3750521920557704,0.00023790209597346278,1.6003755020157826,0.3759214035120156,-0.00306419884391399,1.6309267786908705,0.6989157016499257,-0.002340909418284704,1.023282428951056,0.6851431874712498,-0.0007810988747514961,0.001188783498365786,0.36851366771824995,0.0009183987583084302,0.003206158022229505,0.3640929080255683,0.0009024628883639838,0.09466609600480014,0.6769240801430406,0.00146133691274067,16.32,0.0,0.09446252859929845,-0.1467836528825579,0.3667030766650366
0.242,0.0,0.0,0.0404440000134957,0.7349827658496166,0.0017387936188723704,-0.014461645599615507,0.2857920851777353,0.0007498165377086593,0.02826563986672696,0.28016039664080344,0.000631417727740205,1.601411680106331,0.7204995305469184,-0.0021997128666451427,1.6377327326783637,0.27679953950727004,-0.0034120485930799085,0.6269706798552211,0.3904908182510703,-0.0005443213539165127,1.4059526344491668,0.7118562818366072,-0.0017384453559709683,1.609446131968312,0.38279598421270244,-0.003026938705985239,0.29111169300792117,0.378203891148676,0.00023315934721628614,1.59909619241337,0.3790804069028728,-0.0030532377377822744,1.6265744771141495,0.7047889428402611,-0.002315344589626524,1.0489887107872728,0.690900693248319,-0.0008309543392568425,0.0012242056471587451,0.3716104212284873,0.0009260540943253039,0.0033070026803568757,0.3671525122946907,0.000909865885681153,0.09697789581932888,0.6826125177913014,0.0014698660544662531,16.457142857142856,0.0,0.09446142771772757,-0.15001952816237424,0.36878272078998403
0.244,0.0,0.0,0.04143821892404464,0.741107622231697,0.0017516590555455033,-0.014792978166124845,0.2881736858875499,0.0007565883287179134,0.02894815141736536,0.2824950666128102,0.000635573566865208,1.601970098947561,0.7265036933014762,-0.002187269967012137,1.6339515676093017,0.2791062023364974,-0.003396566325854666,0.645889660104644,0.3937449084031627,-0.0005830644286301462,1.4059758804761389,0.7177884175185791,-0.0017204105423264692,1.6220954143404027,0.3859859507478084,-0.0030586504530512593,0.29824914196062147,0.3813555902415817,0.00022560974308415138,1.5977844265517098,0.3822394102937302,-0.0030421419552990993,1.6222097438167107,0.7106621840305968,-0.002289780732708882,1.074696039355739,0.6966581990253886,-0.0008808262794047107,0.001260444924982866,0.3747071747387248,0.0009337074227289151,0.003410331493514501,0.37021211656381325,0.0009172627847086409,0.09932489716312087,0.6883009554395625,0.001478307649050584,16.594285714285718,0.0,0.0944603268361567,-0.15325540344219057,0.37086236491493146
0.246,0.0,0.0,0.04244807682619276,0.7472324786137771,0.001764485649224331,-0.015128522612749655,0.2905552865973643,0.0007633706619087229,0.0296408903813842,0.28482973658481686,0.0006397039629186288,1.6021386320002864,0.7325078560560339,-0.0021736556072288176,1.6302871328645023,0.2814128651657246,-0.0033813467561089427,0.6649301519476566,0.3969989985552549,-0.0006222266538734728,1.4071099468645387,0.7237205532005507,-0.0017056383181889704,1.6319878003442705,0.38917591728291423,-0.003082298742643721,0.30621514460561333,0.3845072893344873,0.0002156453684346646,1.596452984991741,0.38539841368458744,-0.0030309650321678062,1.6178252809919247,0.7165354252209323,-0.002264185796489446,1.1004004264480856,0.7024157048024579,-0.0009307008363832028,0.0012975155993865807,0.37780392824896214,0.0009413587083099482,0.0035161898248626325,0.37327172083293564,0.0009246534733485528,0.1017072801606386,0.6939893930878233,0.001486661239811756,16.731428571428573,0.0,0.09445922595458582,-0.1564912787220069,0.3729420090398789
0.248,0.0,0.0,0.043473674887335355,0.7533573349958572,0.0017772731454241612,-0.015468273051754883,0.2929368873071787,0.0007701635247998209,0.03034390617151298,0.2871644065568235,0.0006438087904385983,1.601985425660738,0.7385120188105915,-0.0021590665329742375,1.6267484097943372,0.2837195279949518,-0.0033664190121738763,0.6840526086580893,0.4002530887073471,-0.0006616926581007737,1.409185857790078,0.7296526888825224,-0.0016936431449550407,1.6395319575101122,0.39236588381802007,-0.0030990547913156263,0.31488958008827334,0.3876589884273929,0.00020360960955444888,1.5951035516483112,0.38855741707544467,-0.003019738919790741,1.6134209032168998,0.7224086664112677,-0.002238541536451643,1.1260998760463314,0.7081732105795271,-0.0009805680396713962,0.0013354321232198374,0.3809006817591995,0.0009490079153995323,0.00362462356243911,0.376331325102058,0.0009320378381929885,0.10412522237553051,0.699677830736084,0.0014949263764386137,16.86857142857143,0.0,0.09445812507301495,-0.15972715400182325,0.37502165316482633
0.25,0.0,0.0,0.04451511364510772,0.7594821913779374,0.001790021291226505,-0.015812222696649662,0.2953184880169932,0.0007769669026718701,0.031057247425225802,0.2894990765288303,0.0006478879258932932,1.6015697878302197,0.7445161815651492,-0.002143673110238972,1.623323627759815,0.2860261908241791,-0.003351805547425395,0.7032322723932779,0.4035071788594394,-0.0007013635744966247,1.4120567509418025,0.7355848245644943,-0.0016840025830639593,1.6450838829788843,0.3955558503531259,-0.003109940267892466,0.3241675579611023,0.39081068752029857,0.0001898027685800631,1.5937362445139718,0.391716420466302,-0.003008467827955023,1.6089974299269485,0.7282819076016033,-0.0022128474890382413,1.151792672910759,0.7139307163565964,-0.0010304228992243376,0.001374209136110619,0.3839974352694369,0.0009566550078655427,0.00373567911995697,0.37939092937118046,0.0009394157645218535,0.10657889879831622,0.7053662683843449,0.0015031026150220362,17.005714285714287,0.0,0.09445702419144407,-0.16296302928163958,0.37710129728977376
0.252,0.0,0.0,0.04557249300414969,0.7656070477600174,0.0018027298352872743,-0.016160363858745416,0.29770008872680764,0.0007837807785586433,0.031780962001574084,0.29183374650083693,0.0006519412476890278,1.600943185907079,0.7505203443197067,-0.002127623608776283,1.619981525206643,0.28833285365340633,-0.0033374769352660216,0.7224580466705659,0.4067612690115316,-0.0007411775084543658,1.4155951391533879,0.7415169602464659,-0.0016763494767383417,1.6489532265360705,0.39874581688823174,-0.0031158451652266318,0.33395763288279634,0.39396238661320415,0.00017448707163025462,1.5923511800724022,0.39487542385715924,-0.0029971520516420313,1.604555682141647,0.7341551487919387,-0.0021871057028375247,1.1774771021261499,0.7196882221336657,-0.0010802611269427333,0.0014138614659387093,0.3870941887796743,0.0009642999491089091,0.0038494034375244858,0.38245053364030285,0.0009467871363008647,0.1090684818342723,0.7110547060326057,0.0015111895180857239,17.142857142857142,0.0,0.0944559233098732,-0.16619890456145592,0.3791809414147212
0.254,0.0,0.0,0.04664591223291267,0.7717319041420977,0.00181539852784487,-0.01651268794379991,0.3000816894366221,0.0007906051332384189,0.032515096978089575,0.29416841647284364,0.0006559686361781739,1.6001496699524407,0.7565245070742644,-0.0021110466970820367,1.6166944928431422,0.2906395164826336,-0.0033233550218100235,0.7417207143159269,0.41001535916362386,-0.0007811067187673551,1.419690509555419,0.7474490959284377,-0.0016703651080623755,1.6514088826700015,0.40193578342333763,-0.003117543607781832,0.34418021514844105,0.39711408570610984,0.00015789113205828375,1.5909484732689014,0.3980344272480165,-0.002985791882060964,1.6000964824109387,0.7400283899822743,-0.0021613182303984314,1.2031514492506785,0.7254457279107351,-0.001130078435538537,0.0014544041303066377,0.39019094228991175,0.0009719427020599327,0.00396584398228739,0.3855101379094253,0.000954151836179752,0.11159414129151954,0.7167431436808666,0.0015191866546164856,17.28,0.0,0.09445482242830232,-0.16943477984127225,0.38126058553966863
0.256,0.0,0.0,0.047735469960509244,0.7778567605241777,0.0018280271207281626,-0.016869185448747673,0.3024632901464365,0.0007974399452255911,0.03325969864775796,0.2965030864448503,0.0006599699736669018,1.5992267982799884,0.7625286698288221,-0.0020940525003090467,1.613439051823373,0.29294617931186084,-0.003309370783828203,0.7610122362123131,0.4132694493157161,-0.0008211281625005271,1.424247216934872,0.7533812316104093,-0.0016657731948625245,1.6526839351937217,0.40512574995844347,-0.003115707831778895,0.35476615704368275,0.4002657847990154,0.00014021392412643595,1.5895282374821986,0.40119343063887375,-0.002974387606575069,1.5956206547604175,0.7459016311726097,-0.0021354871280958227,1.2288140004645343,0.7312032336878044,-0.0011798705389071853,0.0014958523380077297,0.39328769580014905,0.0009795832291746062,0.004085048748993039,0.3885697421785477,0.0009615097454906507,0.1141560443693127,0.7224315813291273,0.0015270936000940194,17.417142857142856,0.0,0.09445372154673144,-0.1726706551210886,0.38334022966461606
0.258,0.0,0.0,0.04884126417360561,0.7839816169062581,0.001840615367364372,-0.01722984595851703,0.3048448908562511,0.0008042851907624969,0.03401481251606337,0.2988377564168571,0.0006639451444227479,1.59820647653853,0.7685328325833799,-0.0020767349142415212,1.6101953271266354,0.29525284214108816,-0.003295465524205712,0.780325595607882,0.41652353946780846,-0.0008612217418612616,1.429182633948037,0.7593133672923812,-0.0016623346241062273,1.6529800282239515,0.4083157164935494,-0.003110920546750431,0.36565549689682925,0.40341748389192117,0.00012162831712059605,1.5880905844975992,0.40435243402973114,-0.002962939508631169,1.5911290246357772,0.7517748723629455,-0.00210961445599368,1.2544630427182553,0.736960739464874,-0.0012296331524991508,0.0015382214904911887,0.3963844493103866,0.000987221492430947,0.004207066260476291,0.3916293464476702,0.000968860744246693,0.11675435564653357,0.7281200189773884,0.0015349099365201894,17.55428571428572,0.0,0.09445262066516057,-0.17590653040090493,0.3854198737895635
0.26,0.0,0.0,0.04996339221335691,0.7901064732883382,0.0018531630227868316,-0.017594658142934164,0.3072264915660655,0.0008111408438114564,0.034780483298104015,0.30117242638886377,0.000667894034682001,1.5971156955622177,0.7745369953379375,-0.0020591737030014813,1.6069465825873552,0.29755950497031536,-0.0032815895553908003,0.7996546621464387,0.41977762961990067,-0.0009013699149699532,1.434425525939514,0.7652455029743529,-0.00165984282743421,1.652471228777449,0.4115056830286552,-0.003103685862988241,0.37679634440584003,0.40656918298482675,0.00010228421521999376,1.5866356244814794,0.4075114374205884,-0.002951447867692527,1.5866224188464242,0.7576481135532809,-0.002083702277706241,1.2800968638807655,0.7427182452419432,-0.0012793619936907802,0.001581527183324139,0.39948120282062394,0.0009948574533253317,0.004331945568066876,0.3946889507167926,0.0009762047111407908,0.11938923707038812,0.7338084566256492,0.0015426352524477891,17.691428571428574,0.0,0.09445151978358969,-0.17914240568072126,0.3874995179145109
0.262,0.0,0.0,0.051101950772385656,0.7962313296704182,0.0018656698436426533,-0.01796360975371443,0.30960809227587993,0.0008180068760470352,0.03555675491577923,0.3035070963608704,0.0006718165326569161,1.595977179701733,0.780541158092495,-0.0020414363436743067,1.6036788109614704,0.2998661677995426,-0.0032677010369695316,0.8189940730794977,0.4230317197719929,-0.0009415573559361144,1.4399146224779704,0.7711776386563245,-0.0016581197182079738,1.6513074387565536,0.41469564956376104,-0.00309443894803422,0.3881438923730502,0.40972088207773233,8.231134417973074e-05,1.5851634659571432,0.4106704408114456,-0.0029399129591750847,1.582101665508243,0.7635213547436163,-0.00205775266025702,1.3057137528871,0.7484757510190124,-0.0013290527821543828,0.0016257852076505513,0.4025779563308613,0.0010024910728688428,0.004459736251918034,0.397748554985915,0.0009835415235446203,0.12206084794530886,0.73949689427391,0.0015502691430088044,17.82857142857143,0.0,0.09445041890201882,-0.1823782809605376,0.38957916203945836
0.264,0.0,0.0,0.05225703589180334,0.8023561860524984,0.0018781355882002818,-0.018336687621541323,0.31198969298569446,0.0008248832568485222,0.03634367049504829,0.30584176633287713,0.0006757125285427447,1.5948099560300382,0.7865453208470528,-0.0020235796471367007,1.6003803730225803,0.3021728306287699,-0.003253764950831751,0.8383391294744915,0.42628580992408516,-0.0009817706578885313,1.4455973614346396,0.7771097743382963,-0.0016570121203491853,1.6496174075098409,0.41788561609886693,-0.003083554556644217,0.3996595414073898,0.412872581170638,6.182172199396956e-05,1.5836742157820538,0.41382944420230294,-0.0029283350543871005,1.5775675939855092,0.7693945959339519,-0.002031767673935728,1.3313119998858074,0.7542332567960818,-0.0013787012402275453,0.0016710115516469803,0.4056747098410987,0.0010101223115836205,0.004590488421256234,0.40080815925503743,0.0009908710575077986,0.12476934492206296,0.7451853319221708,0.001557811209942155,17.965714285714288,0.0,0.09444931802044794,-0.18561415624035393,0.3916588061644058
0.266,0.0,0.0,0.05342874295827543,0.8084810424345784,0.0018905600163569378,-0.01871387765323333,0.31437129369550887,0.0008317699532926255,0.03714127236326104,0.3081764363048838,0.0006795819145245888,1.593629853643007,0.7925494836016104,-0.0020056511810710694,1.597041680255681,0.3044794934579971,-0.0032397521989114583,0.8576857055320158,0.42953990007617737,-0.0010219980734957853,1.451428784600219,0.783041910020268,-0.001656388628535929,1.6475113903502876,0.4210755826339727,-0.0030713545621896703,0.41131012546330864,0.4160242802635436,4.091184714038451e-05,1.582167979126452,0.41698844759316017,-0.0029167144204722342,1.573021034831943,0.7752678371242873,-0.0020057493921530546,1.3568898963860183,0.759990762573151,-0.001428303093281641,0.0017172224019750364,0.4087714633513361,0.0010177511294992227,0.0047242527145517615,0.4038677635241598,0.0009981931877572588,0.12751488198706712,0.7508737695704316,0.0015652610616209218,18.102857142857143,0.0,0.09444821713887706,-0.18885003152017027,0.3937384502893532
0.268,0.0,0.0,0.054617166701129816,0.8146058988166587,0.0019029428896459584,-0.019095164828999023,0.31675289440532334,0.0008386669301463917,0.03794960204656085,0.31051110627689055,0.0006834245847840738,1.5924499412321875,0.7985536463561681,-0.001987690518217097,1.5936549162535554,0.3067861562872244,-0.003225638809921142,0.8770301693770256,0.43279399022826964,-0.0010622292882593654,1.4573705665452417,0.7889740457022397,-0.0016561368472449481,1.6450834932901348,0.4242655491690786,-0.003058114602953023,0.423067227285829,0.4191759793564493,1.9664634732851626e-05,1.5806448594533709,0.42014745098401746,-0.0029050513203560864,1.5684628197308996,0.7811410783146229,-0.0019796998912933006,1.3824457354041657,0.7657482683502205,-0.0014778540700894946,0.0017644341452305165,0.4118682168615735,0.0010253774861489961,0.00486108029960999,0.40692736779328226,0.0010055077876968263,0.13029761045190996,0.7565622072186925,0.0015726183130790633,18.240000000000002,0.0,0.09444711625730619,-0.1920859067999866,0.39581809441430066
0.27,0.0,0.0,0.05582240118950885,0.8207307551987387,0.0019152839712440223,-0.01948053319978066,0.3191344951151378,0.0008455741498603421,0.038768700267359936,0.3128457762488972,0.0006872404355058409,1.5912763724385366,0.8045578091107256,-0.001969730330303655,1.5902167188011123,0.3090928191164516,-0.00321140524284276,0.8963701195822255,0.43604808038036186,-0.0011024552224916594,1.4633901607512227,0.7949061813842114,-0.0016561609629025757,1.642413739721987,0.42745551570418444,-0.0030440699439648763,0.4349065739289008,0.42232767844935487,-1.8488720911853663e-06,1.5791049585000563,0.4233064543748747,-0.002893346012696241,1.5638937814346863,0.7870143195049583,-0.0019536212505648536,1.4079778116103485,0.7715057741272897,-0.00152734990319219,0.0018126633693891173,0.41496497037181085,0.0010330013405664509,0.005001022873583162,0.40998697206240464,0.0010128147294069868,0.13311767894308274,0.7622506448669533,0.001579882586037608,18.377142857142857,0.0,0.09444601537573531,-0.19532178207980294,0.3978977385392481
0.272,0.0,0.0,0.05704453982956514,0.8268556115808191,0.0019275830259782756,-0.01986996588468657,0.32151609582495233,0.0008524915725618325,0.039598606941887396,0.31518044622090396,0.00069102936488386,1.590109548355002,0.8105619718652836,-0.0019517860014331325,1.5867274346507052,0.3113994819456789,-0.0031970430921385833,0.9157041767176601,0.43930217053245424,-0.001142669872624428,1.4694600490364371,0.8008383170661834,-0.0016563796092125985,1.6395698907655036,0.4306454822392904,-0.0030294206437067412,0.4468075035157354,0.4254793775422606,-2.356799096660048e-05,1.5775483762608038,0.4264654577657321,-0.0028815987518358106,1.5593147537030092,0.7928875606952941,-0.0019275155518484804,1.4334844214743265,0.7772632799043592,-0.0015767863292649733,0.0018619268652486551,0.4180617238820484,0.0010406226512816481,0.005144132662902501,0.4130465763315272,0.00102011388364486,0.13597523339191905,0.7679390825152144,0.001587053508930329,18.51428571428572,0.0,0.09444491449416444,-0.19855765735961928,0.3999773826641955
0.274,0.0,0.0,0.058283675361701204,0.8329804679628992,0.001939839820333335,-0.020263445068512655,0.32389769653476674,0.0008594191560486334,0.040439361177810204,0.3175151161929106,0.0006947912731275581,1.5889497634236445,0.8165661346198411,-0.0019338585343379026,1.5831874812418618,0.31370614477490616,-0.0031825532246894978,0.9350309796604406,0.44255626068454645,-0.0011828697900827842,1.4755570820224213,0.8067704527481551,-0.0016567239907207053,1.6366090474447712,0.4338354487743962,-0.0030143361049777685,0.45875249532108253,0.4286310766351662,-4.544106720142299e-05,1.5759752109712164,0.4296244611565893,-0.002869809787760536,1.5547265712405394,0.7987608018856295,-0.0019013848795434495,1.458963863411134,0.7830207856814285,-0.001626159089482245,0.0019122416278677134,0.42115847739228573,0.0010482413763175926,0.005290462423130492,0.4161061806006496,0.0010274051198443678,0.13887041702474454,0.7736275201634751,0.0015941307169288902,18.651428571428575,0.0,0.09444381361259356,-0.2017935326394356,0.40205702678914296
0.276,0.0,0.0,0.059539899857853046,0.8391053243449792,0.001952054122458195,-0.02066095199935321,0.3262792972445812,0.0008663568557827346,0.041291001271927294,0.3198497861649173,0.0006985260624677678,1.587797309885032,0.8225702973743987,-0.0019159486651231146,1.5795972793157689,0.31601280760413336,-0.0031679366840943212,0.9543491671484465,0.44581035083663867,-0.0012230515720595048,1.4816634386973295,0.8127025884301267,-0.0016571362339807367,1.6335752706796802,0.437025415309502,-0.0029989590803381726,0.47072788118706965,0.43178277572807183,-6.742429898252675e-05,1.5743855590938913,0.43278346454744654,-0.0028579793660594246,1.5501300696335982,0.8046340430759649,-0.0018752313204114363,1.4844144379263038,0.7887782914584978,-0.0016754639298815904,0.001963624858000641,0.4242552309025231,0.0010558574731866384,0.005440065438733179,0.41916578486977196,0.0010346883061166038,0.14180337035323692,0.7793159578117359,0.0016011138519674785,18.78857142857143,0.0,0.09444271273102268,-0.20502940791925195,0.4041366709140904
0.278,0.0,0.0,0.06081330471881784,0.8452301807270595,0.0019642257021730163,-0.021062466986301404,0.3286608979543957,0.0008733046248843722,0.04215356470793711,0.32218445613692404,0.0007022336371624918,1.5866524777303095,0.8285744601289564,-0.001898057124390189,1.5759572528936225,0.3183194704333606,-0.003153194522206021,0.9736573779001909,0.44906444098873094,-0.0012632118153992889,1.4877734759734742,0.8186347241120985,-0.0016575717864630776,1.6304826920966653,0.4402153818446079,-0.0029833997220876807,0.48272886631371426,0.43493447482097747,-8.948351591523046e-05,1.5727795153055422,0.4359424679383039,-0.0028461077278889683,1.5455260852859591,0.8105072842663005,-0.0018490569634182445,1.5098344477606895,0.7945357972355671,-0.0017246966017268417,0.002016093963528823,0.4273519844127605,0.0010634708988868995,0.005592995522772337,0.4222253891388944,0.0010419633092504032,0.14477423116499763,0.7850043954599968,0.0016080025627668998,18.92571428571429,0.0,0.09444161184945181,-0.20826528319906829,0.4062163150390378
0.28,0.0,0.0,0.06210398067162575,0.8513550371091395,0.001976354330975804,-0.02146796939723963,0.3310424986642101,0.0008802624141262789,0.04302708815427869,0.3245191261089307,0.0007059139035024839,1.5855155546539201,0.8345786228835139,-0.001880184637116989,1.5722678292545762,0.3206261332625879,-0.0031383277990775864,0.9929542507345651,0.45231853114082315,-0.0013033471168984196,1.4938870773820574,0.8245668597940701,-0.0016580165404485104,1.6273318489506878,0.44340534837971374,-0.002967693359292379,0.49475468802753453,0.43808617391388305,-0.00011160673099957802,1.5711571724855582,0.4391014713291611,-0.0028341951099409525,1.5409154553537627,0.8163805254566359,-0.0018228638995733083,1.5352221980348764,0.8002933030126363,-0.001773852861870133,0.002069666560888146,0.43044873792299787,0.0010710816098986728,0.005749307016517366,0.4252849934080168,0.0010492299947131112,0.14778313451433514,0.7906928331082576,0.0016147965048581498,19.062857142857144,0.0,0.09444051096788093,-0.21150115847888462,0.40829595916398526
0.28200000000000003,0.0,0.0,0.06341201776695612,0.8574798934912197,0.001988439782048985,-0.021877437656720032,0.3334240993740246,0.0008872301719281605,0.04391160746204662,0.3268537960809374,0.0007095667698166468,1.5843868260069967,0.8405827856380717,-0.0018623319225396211,1.5685294389132785,0.32293279609181513,-0.0031233375829069028,1.0122384246904508,0.4555726212929154,-0.0013434540736041243,1.500004126056683,0.8304989954760419,-0.0016584702047650387,1.6241232821390952,0.44659531491481963,-0.0029518413350896706,0.5068045804565342,0.44123787300678874,-0.00013379203755186449,1.5695186217060073,0.4422604747200184,-0.002822241744413849,1.5362990176795452,0.8222537666469715,-0.0017966542217669782,1.56057599639317,0.8060508087897057,-0.0018229284731129268,0.0021243604764925763,0.4335454914332353,0.001078689562180868,0.005909054788976798,0.4283445976771393,0.0010564882266515547,0.1508302127132612,0.7963812707565184,0.0016214953406054583,19.200000000000003,0.0,0.09443941008631006,-0.21473703375870096,0.4103756032889327
0.28400000000000003,0.0,0.0,0.06473750537659795,0.8636047498732997,0.002000481830265859,-0.022290849243935408,0.33580570008383903,0.0008942078443513977,0.044807157662979984,0.32918846605294405,0.0007131921464772435,1.5832665747514405,0.8465869483926293,-0.0018444996940359185,1.5647425155970003,0.32523945892104233,-0.0031082249499805904,1.031508539146184,0.45882671144500764,-0.001383529283113608,1.5061245047239438,0.8364311311580136,-0.0016589324872466735,1.6208575361738586,0.4497852814499254,-0.002935845001722924,0.5188777745965578,0.4443895720996943,-0.00015603752089209973,1.568004053102043,0.4454194781108756,-0.0028102478589878293,1.5320594056752594,0.8281270078373069,-0.001770430024605596,1.584290725128071,0.811808314566775,-0.0018719192045659875,0.0021801937481537763,0.43664224494347265,0.0010862947111674503,0.0060722942363492785,0.4314042019462616,0.001063737867893212,0.15391559532270027,0.8020697084047792,0.0016280987392287948,19.337142857142858,0.0,0.09443830920473918,-0.2179729090385173,0.4124552474138801
0.28600000000000003,0.0,0.0,0.06608053219095486,0.8697296062553801,0.0020124802521969552,-0.02270818069078079,0.33818730079365356,0.0009011953750939725,0.04571377296752558,0.33152313602495087,0.0007167899459049272,1.582155081414707,0.8525911111471871,-0.0018266886590106335,1.5609074962223435,0.3275461217502697,-0.0030929909846168263,1.050763233938858,0.4620808015971,-0.0014235693438727098,1.5122480956925692,0.8423632668399855,-0.0016594030947098956,1.6175351591545075,0.4529752479850314,-0.0029197057204720677,0.5309734983782136,0.44754127119260007,-0.0001783412585098944,1.566856414566619,0.448578481501733,-0.0027985639290007748,1.5288632890904243,0.8340002490276427,-0.001745147891619042,1.6035718257617977,0.8175658203438445,-0.001916812261960566,0.002237184626496674,0.4397389984537102,0.001093897011763891,0.006239081281393918,0.43446380621538416,0.0010709787799475874,0.1570394091439131,0.8077581460530403,0.00163460637682585,19.47428571428572,0.0,0.0944372083231683,-0.22120878431833363,0.41453489153882755
0.28800000000000003,0.0,0.0,0.06744118621659473,0.8758544626374601,0.0020244348261162634,-0.023129407580005902,0.340568901503468,0.000908192705485622,0.04663148676297555,0.3338578059969575,0.0007203600825735798,1.581052624045312,0.8585952739017447,-0.0018088995187824056,1.5570248208715278,0.3298527845794969,-0.0030776367791071164,1.07000114948345,0.46533489174919224,-0.0014635708554741646,1.5183747808426387,0.8482954025219571,-0.0016598817329265304,1.6141567027408288,0.4561652145201372,-0.002903424861585926,0.5430909767340771,0.45069297028550565,-0.00020070132023176994,1.566018871654885,0.45173748489259025,-0.002787797324185072,1.5265618712991538,0.8398734902179781,-0.0017224744971811156,1.6190506239324387,0.8233233261209137,-0.0019506212491022098,0.0022953515763709112,0.4428357519639475,0.001101496418343627,0.006409472372719916,0.43752341048450655,0.0010782108230077815,0.16020177821013482,0.8134465837013011,0.00164101793639347,19.611428571428576,0.0,0.09443610744159743,-0.22444465959814996,0.416614535663775
0.29,0.0,0.0,0.06881955477384381,0.8819793190195402,0.0020363453320073636,-0.023554504543458733,0.34295050221328244,0.0009151997744832209,0.04756033161167963,0.3361924759689642,0.0007239024730149715,1.5799594781690807,0.8645994366563022,-0.0017911329684725244,1.553094932768252,0.3321594474087241,-0.0030621634336570093,1.08922092689176,0.46858898190128445,-0.0015035304189554139,1.524504441614863,0.8542275382039288,-0.0016603681065967745,1.610722722125323,0.45935518105524303,-0.0028870038042139645,0.5552294316661689,0.4538446693784113,-0.00022311576838916465,1.5654424527173554,0.4548964882834475,-0.0027778059584285942,1.5250254013096993,0.8457467314083135,-0.0017020378497271007,1.6312763615522705,0.829080831897983,-0.0019749244800861395,0.0023547132782580854,0.44593250547418484,0.001109092884744535,0.006583524483995347,0.44058301475362893,0.0010854338559522726,0.16340282377842838,0.8191350213495618,0.0016473331078485677,19.74857142857143,0.0,0.09443500656002655,-0.2276805348779663,0.4186941797887224
0.292,0.0,0.0,0.07021572449442576,0.8881041754016202,0.002048211551569441,-0.023983445260420497,0.34533210292309685,0.000922216518666389,0.04850033924933222,0.33852714594097083,0.0007274170358232281,1.5788759167461517,0.8706035994108599,-0.0017733896968955521,1.5491182782531234,0.33446611023795136,-0.0030465720563257514,1.1084212080911446,0.47184307205337667,-0.0015434446370959588,1.5306369589999427,0.8601596738859004,-0.0016608619193224064,1.6072337760054178,0.4625451475903488,-0.002870443936337436,0.567388082313703,0.45699636847131686,-0.0002455826579871301,1.5650847640319148,0.4580554916743047,-0.0027684674026076266,1.5241404883972813,0.851619972598649,-0.0016835135717776259,1.6407281604264112,0.8348383376750522,-0.0019910950596930457,0.0024152886296747093,0.4490292589844222,0.0011166863642654104,0.006761295113075037,0.4436426190227513,0.00109264773634689,0.16664266432175381,0.8248234589978226,0.0016535515880484856,19.885714285714286,0.0,0.09443390567845568,-0.23091641015778264,0.42077382391366985
0.294,0.0,0.0,0.0716297813191453,0.8942290317837003,0.0020600332682231865,-0.02441620245603214,0.3477137036329113,0.0009292428722333296,0.04945154058333448,0.3408618159129775,0.0007309036916591132,1.5778022101287572,0.8766077621654175,-0.0017556703864518356,1.5450953067586528,0.33677277306717857,-0.0030308637629648623,1.1276006359430353,0.4750971622054689,-0.0015833101147141892,1.5367722135280089,0.8660918095678721,-0.0016613628735801765,1.6036904265554282,0.46573511412545465,-0.002853746654699908,0.5795661450211003,0.46014806756422244,-0.0002681000368737013,1.5649091026376223,0.46121449506516193,-0.002759675672416882,1.523808214815198,0.8574932137889844,-0.0016666181865207426,1.64782339686055,0.8405958434521216,-0.002000330792435724,0.002477096746570803,0.45212601249465956,0.001124276809662462,0.0069428422810474425,0.4467022232918737,0.0010998523204469967,0.1699214155212539,0.8305118966460834,0.001659673080810824,20.02285714285714,0.0,0.0944328047968848,-0.23415228543759897,0.4228534680386173
0.296,0.0,0.0,0.07306181049561696,0.9003538881657805,0.0020718102671165883,-0.02485274789981268,0.3500953043427258,0.0009362787669968948,0.05041396569123155,0.34319648588498425,0.0007343623632541244,1.5767386260197938,0.8826119249199752,-0.001737975713021955,1.5410264707838082,0.3390794358964058,-0.0030150396771556178,1.1467578543612265,0.47835125235756115,-0.0016231234589636854,1.5429100852581519,0.8720239452498438,-0.0016618706706954126,1.600093239398265,0.46892508066056054,-0.0028369133647371692,0.5917628334062611,0.46329976665712813,-0.00029066594590993036,1.5648836985378058,0.4643734984560193,-0.0027513390104540077,1.5239424468892957,0.86336645497932,-0.001651104399589695,1.6529251168021615,0.8463533492291909,-0.0020036751190783977,0.0025401569647240424,0.455222766004897,0.0011318641731458154,0.0071282245312004645,0.44976182756099614,0.0011070474631998718,0.1732391902587569,0.8362003342943443,0.001665697296932726,20.16,0.0,0.09443170391531393,-0.2373881607174153,0.4249331121635647
0.298,0.0,0.0,0.07451189657603859,0.9064787445478607,0.0020835423351306093,-0.025293052404269517,0.35247690505254026,0.0009433241323808823,0.051387643819225136,0.34553115585699096,0.0007377929754143986,1.5756854294322018,0.8886160876745328,-0.0017203063458631524,1.5369122258681243,0.34138609872563314,-0.0029991009301454374,1.1658915084299193,0.4816053425096534,-0.0016628812796289328,1.549050453768045,0.8779560809318157,-0.0016623850108158406,1.5964427835768829,0.47211504719566644,-0.002819945480506496,0.6039773584290934,0.46645146575003377,-0.0003132784191405684,1.5649810648210263,0.46753250184687656,-0.002743377991727323,1.5244683268647217,0.8692396961696555,-0.0016367568767991006,1.6563485984161679,0.8521108550062603,-0.002002035654489753,0.0026044888411293817,0.4583195195151344,0.0011394484063760259,0.007317500927906136,0.45282143183011864,0.0011142330182472954,0.1765960986094968,0.8418887719426053,0.001671623954209621,20.29714285714286,0.0,0.09443060303374305,-0.24062403599723164,0.42701275628851215
0.3,0.0,0.0,0.07598012341501005,0.9126036009299409,0.0020952292608847557,-0.025737085823600993,0.3548585057623547,0.0009503788954165607,0.05237260338076161,0.3478658258289976,0.0007411954550244313,1.5746428826491687,0.8946202504290904,-0.0017026629475077784,1.5327530305653623,0.34369276155486034,-0.00298304866078316,1.1850002445215084,0.48485943266174564,-0.001702580189420434,1.5551931981436695,0.8838882166137874,-0.0016629055928856441,1.5927396315254636,0.4753050137307723,-0.002802844424615276,0.6162089284602896,0.46960316484293935,-0.0003359354839653851,1.5651774382994608,0.4706915052377338,-0.002735723898958231,1.5253209287318414,0.875112937359991,-0.0016233884737618268,1.6583671573078702,0.8578683607833295,-0.001996200594082096,0.0026701121553840664,0.46141627302537175,0.001147029460460606,0.007510731055424133,0.455881036099241,0.0011214088379283373,0.17999224783505163,0.847577209590866,0.001677452777453423,20.434285714285714,0.0,0.09442950215217218,-0.24385991127704798,0.4290924004134596
0.302,0.0,0.0,0.0774665741673969,0.918728457312021,0.0021068708347425275,-0.026184817052491358,0.3572401064721692,0.0009574429807394255,0.05336887195519578,0.3502004958010043,0.0007445697310506068,1.5736112451851736,0.9006244131836482,-0.0016850461736638014,1.5285493464167161,0.3459994243840876,-0.002966884015453187,1.2040827104140996,0.48811352281383796,-0.001742216804269176,1.5613381969691478,0.8898203522957591,-0.0016634321146197762,1.5889843590403319,0.4784949802658781,-0.002785611628148964,0.6284567493503492,0.47275486393584504,-0.0003586351613111115,1.5654522964771058,0.4738505086285911,-0.0027283173241771743,1.5264440622697384,0.8809861785503266,-0.0016108368754537872,1.6592172791817417,0.863625866560399,-0.001986853226868678,0.002737046911067961,0.4645130265356092,0.001154607285950563,0.0077079750166240595,0.45894064036836346,0.0011285747732823483,0.18342774237650045,0.8532656472391269,0.0016831834985101882,20.571428571428573,0.0,0.0944284012706013,-0.24709578655686432,0.431172044538407
0.304,0.0,0.0,0.07897133128623922,0.9248533136941011,0.0021184668488167606,-0.02663621402499835,0.3596217071819836,0.0009645163105861874,0.05437647628653046,0.352535165773011,0.0007479157345445381,1.5725907737478886,0.9066285759382058,-0.0016674566731174195,1.5243016379235597,0.34830608721331485,-0.0029506081480085034,1.2231375554087422,0.4913676129659302,-0.0017817877436204239,1.5674853283166896,0.8957524879777308,-0.0016639642724785425,1.5851775452505958,0.48168494680098395,-0.0027682485305983696,0.6407200244988402,0.4759065630287506,-0.00038137546580399654,1.5657879392166394,0.47700951201944836,-0.0027211069611441435,1.527789210639687,0.886859419740662,-0.0015989616063226911,1.6591031554278644,0.8693833723374682,-0.0019745847671106837,0.0028053133371191063,0.4676097800458465,0.0011621818328369465,0.007909293431626475,0.46200024463748585,0.0011357306740521545,0.18690268384779923,0.8589540848873877,0.0016888158562772182,20.708571428571428,0.0,0.09442730038903042,-0.25033166183668065,0.43325168866335445
0.306,0.0,0.0,0.08049447652070574,0.9309781700761813,0.0021300170969748553,-0.027091243713533577,0.36200330789179813,0.0009715988047919911,0.05539544228223204,0.35486983574501774,0.0007512333986462182,1.5715817222009525,0.9126327386927635,-0.0016498950876378128,1.520010372519731,0.3506127500425421,-0.0029342222197025437,1.2421634304463671,0.49462170311802245,-0.0018212896307267996,1.573249497737206,0.9016846236597026,-0.0016645017616424677,1.5815495855820507,0.48487491333608984,-0.002750756579786265,0.6530755344268517,0.4790582621216563,-0.00040415440594295985,1.5661691255155763,0.48016851541030564,-0.0027140485595158344,1.529314587985456,0.8927326609309976,-0.0015876413742717237,1.6582006888368737,0.8751408781145376,-0.001959905693283317,0.0028749318892044282,0.470706533556084,0.0011697530505474123,0.00811474743636263,0.4650598489066083,0.0011428763886874545,0.19041717102937653,0.8646425225356485,0.001694349596719623,20.845714285714287,0.0,0.09442619950745955,-0.253567537116497,0.4353313327883019
0.308,0.0,0.0,0.08203609091409308,0.9371030264582614,0.002141521374843889,-0.0275498721279359,0.36438490860161254,0.0009786903807878652,0.05642579501212217,0.3572045057170244,0.0007545226585869809,1.5705843415276328,0.918636901447321,-0.0016323620518840787,1.515676020543349,0.3529194128717693,-0.002917727399119904,1.2611589882244145,0.49787579327011466,-0.0018607190929406311,1.577944363405767,0.9076167593416742,-0.0016640818459888295,1.5785053163070049,0.4880648798711957,-0.0027337117642771375,0.6656634595548541,0.4822099612145619,-0.0004271639330307246,1.5665827574400069,0.48332751880116287,-0.002707104016786034,1.5309843046152027,0.898605902121333,-0.0015767717146603075,1.6566610292509516,0.8808983838916068,-0.0019432557623631672,0.002945923251085515,0.47380328706632135,0.0011773208879427924,0.008324398681052895,0.46811945317573067,0.00115001176434842,0.19397129986194897,0.8703309601839093,0.001699784472886332,20.982857142857142,0.0,0.09442509862588867,-0.2568034123963133,0.4374109769132493
0.31,0.0,0.0,0.08359625480187041,0.9432278828403415,0.002152979479815621,-0.028012064314637975,0.366766509311427,0.0009857909535984073,0.05746755870734568,0.3595391756890311,0.0007577834516922723,1.5695988797953908,0.9246410642018787,-0.0016148581933143852,1.5112990552081587,0.3552260757009966,-0.002901124862105881,1.2801228833131406,0.501129883422207,-0.0019000727620055188,1.5817151670216232,0.913548895023646,-0.0016609886709553026,1.5759618242729834,0.4912548464063015,-0.002718126174751758,0.6784520531083073,0.4853616603074676,-0.0004507544981184662,1.5670176045838076,0.4864865221920202,-0.0027002405881199664,1.5327676284254024,0.9044791433116686,-0.0015662629032588355,1.6546136923661532,0.8866558896686763,-0.0019250128489556883,0.0030183083359793844,0.47690004057655877,0.0011848852933136831,0.008538309328603878,0.4711790574448531,0.0011571366469095006,0.1975651634405573,0.8760193978321702,0.0017051202449255532,21.12,0.0,0.0944239977443178,-0.26003928767612966,0.43949062103819675
0.312,0.0,0.0,0.08517504780976935,0.9493527392224218,0.0021643912110513785,-0.028477784355926128,0.36914811002124154,0.0009929004358396989,0.05852075675941488,0.36187384566103786,0.0007610157173842306,1.5686255821213646,0.9306452269564365,-0.0015973841320973859,1.5068799525743977,0.3575327385302239,-0.0028844157916948373,1.2990537722715898,0.5043839735742992,-0.0019393472743471035,1.584695313556936,0.9194810307056178,-0.0016555853407900134,1.573847260812457,0.4944448129414074,-0.00270379252832894,0.6914099408998797,0.4885133594003732,-0.0004748467342698351,1.5674640634898525,0.4896455255828775,-0.002693430197502325,1.5346383322636488,0.9103523845020042,-0.0015560381098084955,1.6521693090240492,0.8924133954457456,-0.001905500742301019,0.0030921082879141614,0.4799967940867962,0.001192446214377042,0.008756542052924206,0.4742386617139756,0.0011642508809634293,0.20119885200882331,0.8817078354804312,0.0017103566800996848,21.25714285714286,0.0,0.09442289686274692,-0.263275162955946,0.4415702651631442
0.314,0.0,0.0,0.08677254885191933,0.9554775956045019,0.0021757563694868314,-0.028946995369293762,0.37152971073105595,0.0010000187377174551,0.0595854117193304,0.3642085156330445,0.0007642193971840742,1.5676646906387848,0.9366493897109941,-0.0015799404810259263,1.5024191915191845,0.35983940135945114,-0.0028676013780373666,1.3179503137632205,0.5076380637263914,-0.001978539271362996,1.5870011632260723,0.9254131663875894,-0.0016482053679233663,1.572099419645669,0.49763477947651324,-0.002690531203339859,0.7045094383659176,0.49166505849327885,-0.0004993622060165022,1.5679139473397938,0.4928045289737347,-0.002686648836290294,1.536574117903665,0.9162256256923396,-0.001546031766428273,1.6494220470914873,0.8981709012228148,-0.001884996019503086,0.003167344483079581,0.48309354759703355,0.0012000035982727985,0.008979160037159007,0.477298265983098,0.0011713543098254345,0.204872452953428,0.887396273128692,0.0017154935527996717,21.394285714285715,0.0,0.09442179598117605,-0.26651103823576233,0.4436499092880916
0.316,0.0,0.0,0.08838883612902834,0.961602451986582,0.002187074757836657,-0.02941965950688843,0.3739113114408704,0.0010071457670254105,0.060661545296778654,0.3665431856050512,0.0007673944347143021,1.566716444464337,0.9426535524655518,-0.0015625278454330825,1.4979172537064203,0.3621460641886784,-0.002850682818326265,1.3368111686711721,0.5108921538784837,-0.002017645399711842,1.5887340743905058,0.9313453020695612,-0.0016391396528912777,1.5706644981164244,0.5008247460116191,-0.002678186684085125,0.7177261503416857,0.4948167575861845,-0.0005242317019493329,1.5683603019312995,0.49596353236459206,-0.0026798760374380044,1.5385561082165478,0.9220988668826752,-0.0015361881275524744,1.6464517433576458,0.9039284069998843,-0.0018637341002290075,0.0032440385311722423,0.48619030110727096,0.0012075573915604784,0.009206226971843076,0.48035787025222043,0.0011784467755376537,0.20858605079881146,0.8930847107769528,0.001720530644558812,21.531428571428574,0.0,0.09442069509960517,-0.26974691351557867,0.44572955341303905
0.318,0.0,0.0,0.09002398712660913,0.967727308368662,0.002198346180599084,-0.029895737955052726,0.37629291215068483,0.0010142814291439332,0.06174917835940602,0.3688778555770579,0.0007705407757006981,1.5657810796664857,0.9486577152201093,-0.0015451468231105696,1.4933746235562007,0.3644527270179056,-0.0028336613167212867,1.3556350002131619,0.514146244030576,-0.0020566623116014906,1.589982208883559,0.9372774377515329,-0.0016286415915974324,1.569496073731993,0.5040147125467249,-0.0026666244639242487,0.7310385817565362,0.49796845667909007,-0.0005493942341564892,1.568797244548243,0.4991225357554493,-0.0026730944154396254,1.5405683999647086,0.9279721080730106,-0.001526460000358843,1.6433257787162625,0.9096859127769535,-0.0018419145764517306,0.0033222122767355322,0.4892870546175083,0.0012151075402158404,0.00943780705297277,0.4834174745213428,0.0011855281188737493,0.21233972720209457,0.8987731484252136,0.0017254677440660055,21.66857142857143,0.0,0.0944195942180343,-0.272982788795395,0.4478091975379865
0.32,0.0,0.0,0.09167807861325085,0.9738521647507423,0.0022095704440603333,-0.030375190933959177,0.37867451286049936,0.0010214256270388803,0.06284833093216993,0.3712125255490646,0.0007736583679741465,1.56485882923477,0.9546618779746671,-0.0015277980042295468,1.4887917882137354,0.3667593898471329,-0.0028165380842726695,1.3744204740559982,0.5174003341826683,-0.002095586665076234,1.590822233400529,0.9432095734335046,-0.0016169315886251357,1.5685498503083668,0.5072046790818309,-0.002655728486625405,0.7444299153002866,0.5011201557719958,-0.0005747960649613512,1.5692198228153151,0.5022815391463066,-0.002666289263504841,1.5425976704191227,0.9338453492633462,-0.0015168076267534061,1.6401007261932914,0.9154434185540229,-0.001819705900405599,0.0034018878004941364,0.49238380812774574,0.0012226539896275255,0.009673964979996643,0.48647707879046526,0.0011925981793437313,0.2161335609482235,0.9044615860734745,0.0017303046471784497,21.805714285714288,0.0,0.09441849333646342,-0.27621866407521134,0.4498888416629339
0.322,0.0,0.0,0.09335118663893631,0.9799770211328224,0.002220747356298929,-0.03085797769733926,0.38105611357031377,0.0010285782612606824,0.06395902219676687,0.3735471955210713,0.0007767471614722535,1.5639499230500884,0.9606660407292247,-0.0015104819712638635,1.484169237517769,0.3690660526763601,-0.0027993143388434383,1.3931662584297007,0.5206544243347604,-0.0021344151243030945,1.5913206942223852,0.9491417091154764,-0.0016042013107126318,1.567783321738573,0.5103946456169366,-0.0026453880117285754,0.7578874933744771,0.5042718548649013,-0.0006003951510884631,1.5696240464282265,0.5054405425371639,-0.002659448200695378,1.5446332523908866,0.9397185904536816,-0.0015071976999136028,1.636822029375597,0.9212009243310921,-0.0017972495046554983,0.003483087420683063,0.4954805616379831,0.0012301966845937224,0.009914765953724883,0.48953668305958764,0.0011996567951989775,0.21996762794533647,0.9101500237217353,0.0017350411569337792,21.942857142857143,0.0,0.09441739245489254,-0.2794545393550277,0.45196848578788135
0.324,0.0,0.0,0.09504338653340463,0.9861018775149025,0.0022318767271899157,-0.031344056532306694,0.38343771428012824,0.0010357392299436689,0.06508127049113747,0.375881865493078,0.0007798071082407779,1.5630545878559827,0.9666702034837824,-0.001493199298915765,1.4795074639685013,0.37137271550558737,-0.0027819913050304546,1.411871024241214,0.5239085144868527,-0.00217314435985712,1.5915351467251537,0.9550738447974482,-0.0015906171235623425,1.5671596704682895,0.5135846121520425,-0.002635496773966326,0.771400305020961,0.507423553957807,-0.0006261598485416753,1.5700083381692065,0.5085995459280211,-0.0026525612512505138,1.5466710465719586,0.9455918316440172,-0.0014976035518671736,1.633507543532929,0.9269584301081616,-0.0017746589981685887,0.0035658336943711006,0.49857731514822057,0.0012377355693188438,0.010160275674157566,0.49259628732871014,0.0012067038034374632,0.2238420012203539,0.9158384613699962,0.0017396770835616494,22.080000000000002,0.0,0.09441629157332167,-0.282690414634844,0.4540481299128288
0.326,0.0,0.0,0.09675475290455952,0.9922267338969828,0.0022429583684089455,-0.03183338475927513,0.38581931498994276,0.0010429084288056238,0.06621509330904873,0.3782165354650847,0.0007828381624348681,1.5621730472309334,0.9726743662383401,-0.0014759505540441066,1.4748069626950002,0.3736793783348147,-0.0027645702140842165,1.430533445187705,0.527162604638945,-0.0022117710490056723,1.5915152654092442,0.9610059804794199,-0.0015763229156143346,1.5666471413367018,0.5167745786871484,-0.002625962729452853,0.7849587447264551,0.5105752530507127,-0.0006520626299256208,1.57033957775603,0.5117585493188784,-0.0026456244721258203,1.5487325616481087,0.9514650728343528,-0.0014880149343440147,1.630163640344584,0.9327159358852309,-0.0017519790191192451,0.003650149418778626,0.501674068658458,0.0012452705874102172,0.010410560338231817,0.4956558915978326,0.0012137390398091876,0.22775675091479147,0.9215268990182571,0.001744212244494758,22.21714285714286,0.0,0.09441519069175079,-0.28592628991466035,0.4561277740377762
0.328,0.0,0.0,0.09848535963692309,0.9983515902790628,0.0022539920934362585,-0.032325918731970396,0.3882009156997572,0.0010500857511475806,0.06736050729975351,0.38055120543709137,0.0007858402803201066,1.5613055215616787,0.9786785289928976,-0.0014587362955950894,1.4700682314221083,0.3759860411640419,-0.002747052303827396,1.4491521978694315,0.5304166947910373,-0.002250291875991669,1.5913038251720641,0.9669381161613916,-0.0015614428731196314,1.5662184217127788,0.5199645452222542,-0.0026167064902861193,0.7985544323623597,0.5137269521436183,-0.000678079481457092,1.5706082939049135,0.5149175527097357,-0.0026385550626157363,1.5508239182694397,0.9573383140246882,-0.0014784856190585513,1.626792563046171,0.9384734416623002,-0.0017292254967057098,0.0037360576325896943,0.5047708221686953,0.0012528016818747917,0.010665686637487905,0.49871549586695496,0.0012207623388218079,0.23171194428079728,0.9272153366665179,0.001748646464379316,22.354285714285716,0.0,0.09441408981017992,-0.2891621651944767,0.45820741816272365
0.33,0.0,0.0,0.10023527989013524,1.004476446661143,0.00226497771756055,-0.032821613837537414,0.3905825164095717,0.0010572710878538553,0.06851752826772729,0.38288587540909813,0.0007888134202733615,1.5604522280175683,0.9846826917474554,-0.0014415570745355583,1.465291770436834,0.37829270399326914,-0.002729438818572098,1.4677259619021734,0.5336707849431295,-0.0022887035323157553,1.590937566847471,0.9728702518433634,-0.0015460839333217519,1.5658500917127045,0.5231545117573602,-0.0026076597748885466,0.8121800558683681,0.516878651236524,-0.0007041894528145892,1.5708224203810532,0.518076556100593,-0.002631329344510801,1.5529399145599456,0.9632115552150238,-0.0014690309076360398,1.6233935153803458,0.9442309474393696,-0.0017064040390170035,0.003823581617258326,0.5078675756789327,0.0012603287951158577,0.010925721755654379,0.5017751001360774,0.0012277735337464738,0.23570764567741243,0.9329037743147788,0.0017529795750849536,22.491428571428575,0.0,0.09441298892860904,-0.292398040474293,0.4602870622876711
0.332,0.0,0.0,0.10200458609749866,1.010601303043223,0.0022759150578827193,-0.033320424496741885,0.3929641171193861,0.0010644643273923088,0.06968617117248238,0.3852205453811048,0.0007917575427834438,1.559613380525963,0.990686854502013,-0.0014244134337888883,1.4604780825542276,0.3805993668224964,-0.002711731009035844,1.486253420029212,0.5369248750952217,-0.0023270027170173794,1.590447960203055,0.978802387525335,-0.0015303379483053402,1.5655221373359725,0.5263444782924659,-0.0025987640335505967,0.8258292336761586,0.5200303503294296,-0.0007303742638473462,1.5709894305259282,0.5212355594914502,-0.0026239671522240078,1.555075648638657,0.9690847964053592,-0.0014596377953864663,1.6199657830273697,0.9499884532164389,-0.0016835126554097673,0.00391274489830892,0.5109643291891701,0.0012678518689297794,0.011190733366152289,0.5048347044051998,0.0012347724566238638,0.23974391656705585,0.9385922119630395,0.0017572114157140678,22.62857142857143,0.0,0.09441188804703816,-0.29563391575410936,0.4623667064126185
0.334,0.0,0.0,0.10379334996456933,1.0167261594253034,0.002286803933319512,-0.033822304164266896,0.3953457178292006,0.0010716653558148562,0.07086645012845953,0.3875552153531115,0.0007946726104515728,1.5587891897486903,0.9966910172565707,-0.001407305908173481,1.4556276730827378,0.38290602965172366,-0.00269393013225626,1.5047332582328514,0.540178965247314,-0.002365186136954745,1.5898618761150698,0.9847345232073068,-0.0015142835924893704,1.5652175199456964,0.5295344448275718,-0.0025899692312710016,0.8394963943096998,0.5231820494223353,-0.0007566179606345582,1.5711162478895888,0.5243945628823076,-0.002616487169109052,1.5572265768722198,0.9749580375956948,-0.0014502940276074055,1.6165087492098815,0.9557459589935082,-0.0016605495600846537,0.004003571246630716,0.5140610826994075,0.0012753708445027464,0.01146078962951861,0.5078943086743223,0.001241758938270425,0.24382081551223353,0.9442806496113004,0.0017613418326106116,22.76571428571429,0.0,0.09441078716546729,-0.2988697910339257,0.46444635053756594
0.336,0.0,0.0,0.10560164246779276,1.0228510158073834,0.002297644164607035,-0.034327205329104535,0.397727318539015,0.0010788740567582048,0.07205837840499717,0.38988988532511815,0.0007975585879916466,1.5579798630595647,1.0026951800111283,-0.001390235024343905,1.4507410497890445,0.38521269248095086,-0.002676037451504467,1.5231641658454684,0.5434330553994062,-0.002403250507083613,1.5892021783319021,0.9906666588892784,-0.0014979880430644784,1.5649217960928954,0.5327244113626777,-0.002581232771457547,0.8531766709649055,0.5263337485152408,-0.0007829066144861474,1.5712090151529514,0.5275535662731647,-0.00260890670404106,1.55938866398184,0.9808312787860302,-0.001440988245215474,1.6130219352198738,0.9615034647705775,-0.0016375132110982601,0.004096084679766225,0.5171578362096448,0.0012828856624075352,0.011735959190748936,0.5109539129434446,0.001248732808284815,0.2479383981724721,0.9499690872595612,0.001765370679368319,22.902857142857144,0.0,0.09440968628389641,-0.302105666313742,0.4665259946625134
0.338,0.0,0.0,0.1074295338531856,1.0289758721894635,0.002308435574304177,-0.03483507951504263,0.4001089192488295,0.0010860903114448353,0.0732619684263781,0.3922245552971249,0.0008004154422303194,1.5571856045229844,1.008699342765686,-0.0013732013007346966,1.4458187228623665,0.38751935531017817,-0.002658054236197166,1.5415448356600825,0.5466871455514986,-0.0024411925507349247,1.5884882440723802,0.9965987945712502,-0.0014815084594016299,1.5646227822346375,0.5359143778977835,-0.0025725185454877797,0.8668658091776059,0.5294854476081464,-0.0008092280583918976,1.5712730755026565,0.530712569664022,-0.0026012411137223235,1.5615583949524217,0.9867045199763658,-0.0014317103600136854,1.6095050038109293,0.9672609705476469,-0.0016144024116805673,0.004190309463193571,0.5202545897198824,0.0012903962626002905,0.01201631117655957,0.514013517212567,0.0012556938950545452,0.25209671730147715,0.9556575249078222,0.0017692978168383753,23.040000000000003,0.0,0.09440858540232554,-0.30534154159355836,0.4686056387874608
0.34,0.0,0.0,0.10927709363506306,1.035100728571544,0.002319177986795896,-0.035345877281246704,0.402490519958644,0.0010933139986842165,0.07447723177195392,0.3945592252691316,0.0008032431421068838,1.5564066148736102,1.0147035055202438,-0.0013562052475068515,1.4408612048782399,0.38982601813940543,-0.0026399817618074028,1.559873964040435,0.5499412357035908,-0.0024790089998912293,1.5877364216690568,1.0025309302532222,-0.0014648932845478951,1.564310259415439,0.5391043444328895,-0.00256379609450437,0.880560085946245,0.5326371467010521,-0.0008355716561913846,1.5713130619082476,0.5338715730548794,-0.002593503756119443,1.5637327168319088,0.9925777611667014,-0.0014224515844643007,1.605957743685459,0.9730184763247163,-0.0015912163187155326,0.004286270111602646,0.5233513432301198,0.0012979025844173156,0.012301915192569105,0.5170731214816896,0.0012626420257628253,0.25629582274451657,0.9613459625560831,0.001773123113136515,23.17714285714286,0.0,0.09440748452075466,-0.3085774168733747,0.47068528291240824
0.342,0.0,0.0,0.11114439059481175,1.0412255849536238,0.002329871228296402,-0.035859548222937264,0.4048721206684584,0.0011005449948742628,0.07570417917634713,0.3968938952411383,0.0008060416586729609,1.5556430914971369,1.0207076682748013,-0.0013392473664970222,1.4358690107617649,0.39213268096863263,-0.0026218213097740184,1.5781502510305696,0.553195325855683,-0.0025166965954618804,1.5869604325447555,1.0084630659351936,-0.001448183389334658,1.56397571346652,0.5422943109679952,-0.0025550398711186094,0.8942562388932763,0.5357888457939577,-0.0008619281003807184,1.5713320889811444,0.5370305764457366,-0.0025857062136562777,1.565909562355598,0.9984510023570368,-0.0014132042861871802,1.6023802117702015,0.9787759821017855,-0.001567954403959184,0.0043839913901650325,0.5264480967403571,0.001305404566571886,0.012592841320399619,0.5201327257508119,0.001269577026395607,0.2605357614360287,0.9670344002043438,0.0017768464436495681,23.314285714285717,0.0,0.09440638363918379,-0.31181329215319104,0.4727649270373557
0.34400000000000003,0.0,0.0,0.11303149277970816,1.047350441335704,0.0023405151268522306,-0.03637604097216248,0.4072537213782729,0.0011077831740030255,0.07694282052973087,0.399228565213145,0.0008088109650919946,1.5550886053159167,1.026711831029359,-0.0013223281511694446,1.4313951088418624,0.39443934379785994,-0.0026035741674097623,1.5940677583209786,0.5564494160077753,-0.002554252087556986,1.5861717239905793,1.0143952016171656,-0.0014314130773189749,1.5636121067266342,0.5454842775031011,-0.0025462285899085467,0.907951404234036,0.5389405448868634,-0.0008882892350160324,1.5713306159947813,0.5401895798365939,-0.002577856272861376,1.5680885860512663,1.0043242435473723,-0.0014039632970205647,1.5987729336584133,0.9845334878788549,-0.0015446168097283666,0.004483498315797597,0.5295448502505945,0.0013129021471510738,0.012889160114697616,0.5231923300199344,0.001276498721748837,0.2648165773974556,0.9727228378526047,0.0017804676910414402,23.451428571428576,0.0,0.09440528275761291,-0.31504916743300737,0.4748445711623031
0.34600000000000003,0.0,0.0,0.11493846750178263,1.0534752977177841,0.0023511095123451902,-0.03689530319866637,0.40963532208808734,0.0011150284076506245,0.07819316487818653,0.40156323518515163,0.000811551036638552,1.5548048318317895,1.0327159937839165,-0.0013059315288300006,1.4276198032625602,0.39674600662708714,-0.0025866227555369384,1.6068784121134467,0.5597035061598675,-0.002585910630402778,1.5853797784841093,1.020327337299137,-0.0014146109667286055,1.5632136777009986,0.548674244038207,-0.0025373446567210677,0.9216430624796217,0.542092243979769,-0.0009146479006356676,1.571308595703998,0.5433485832274512,-0.0025699550819183255,1.5702697700522914,1.0101974847377078,-0.0013947277532838965,1.5951365262754102,0.9902909936559241,-0.0015212048500062231,0.004584816158419706,0.5326416037608319,0.0013203952636125858,0.013190942600074843,0.5262519342890568,0.001283406935435898,0.2691383117353019,0.9784112755008655,0.0017839867452585246,23.58857142857143,0.0,0.09440418187604203,-0.3182850427128237,0.47692421528725054
0.34800000000000003,0.0,0.0,0.11686538133672897,1.0596001540998643,0.0023616542164952045,-0.037417281610852574,0.4120169227979018,0.0011222805649914204,0.07945522042413913,0.4038979051571584,0.0008142618506974298,1.5547532470829641,1.0387201565384743,-0.0012902116882332882,1.4244367656345602,0.3990526694563144,-0.002571417834515615,1.6170294965613312,0.5629575963119599,-0.002609802039503717,1.5845918053519896,1.026259472981109,-0.0013978007637575009,1.562776141091391,0.5518642105733128,-0.002528373667819215,0.9353290927587788,0.5452439430726747,-0.0009409977985173676,1.5712808853710758,0.5465075866183084,-0.002562002522714224,1.5721898255811053,1.0160707259280433,-0.0013854976103106205,1.5915957915881183,0.9960484994329936,-0.0014977200671060418,0.004687970442203983,0.5357383572710693,0.0013278838527816242,0.013498260267969114,0.5293115385581793,0.001290301489895261,0.2735010026394185,0.9840997131491265,0.0017874035035345614,23.72571428571429,0.0,0.09440308099447116,-0.32152091799264004,0.479003859412198
0.35000000000000003,0.0,0.0,0.11881230012285943,1.0657250104819445,0.0023721490728630386,-0.037941921956843726,0.4143985235077163,0.001129539512796422,0.08072899452687039,0.40623257512916505,0.0008169433867625648,1.5549004953291057,1.0447243192930318,-0.0012750723194748308,1.4217530569452264,0.40135933228554166,-0.0025576935833725467,1.6249112889213575,0.5662116864640521,-0.0026270445252431977,1.5838102095757278,1.0321916086630807,-0.0013810004917222723,1.5622983291137074,0.5550541771084186,-0.0025193049099574306,0.9490082179012327,0.5483956421655802,-0.0009673336264829966,1.571253942613255,0.5496665900091657,-0.0025540357384047753,1.5737489322302103,1.0219439671183788,-0.0013756146461568165,1.588197995121467,1.0018060052100628,-0.0014744744659451387,0.004792986946820534,0.5388351107813066,0.0013353678508477565,0.013811185073425308,0.5323711428273016,0.0012971822063983314,0.27790468538151214,0.9897881507973872,0.0017907178703949218,23.862857142857145,0.0,0.09440198011290028,-0.3247567932724564,0.4810835035371454
0.352,0.0,0.0,0.12077928896010533,1.0718498668640244,0.0023825939168529127,-0.038469169025636636,0.41678012421753063,0.0011368051154359358,0.08201449370310979,0.40856724510117165,0.0008195956264357532,1.5552177028992396,1.0507284820475893,-0.001260430033203791,1.4194875762230836,0.4036659951147688,-0.002545217654576144,1.6308638607448334,0.5694657766161442,-0.0026386137807630334,1.5830352348224752,1.0381237443450522,-0.0013642161630766892,1.5617804772209858,0.5582441436435244,-0.0025101354636754575,0.9626795401669747,0.5515473412584858,-0.0009936521916068671,1.5712266906907322,0.5528255934000229,-0.0025460708730330804,1.5749973789523528,1.027817208308714,-0.0013648293098037407,1.5849191074421944,1.007563510987132,-0.0014515862103358379,0.004899891708674595,0.5419318642915439,0.0013428471933618086,0.01412978943179669,0.5354307470964239,0.0013040489050574965,0.2823493923138801,0.9954765884456478,0.001793929757660339,23.999999999999996,0.0,0.09440087923132941,-0.3279926685522727,0.48316314766209284
0.354,0.0,0.0,0.12276634071340321,1.0718498668640244,0.0023776764447597976,-0.03899893859824067,0.4167801242175307,0.0011381232331079184,0.08331167239204039,0.4085672451011717,0.0008163818784951549,1.5556798094403137,1.0507284820475895,-0.0012612230521291251,1.417569689716797,0.40366599511476886,-0.0025395539527707867,1.635183096699231,0.5694657766161442,-0.0026534952103217232,1.5822670614645789,1.0381237443450522,-0.0013622787261935577,1.5612228279479856,0.5582441436435245,-0.002508840833943653,0.9763420918915668,0.5515473412584858,-0.0010278304972712222,1.5711983955602131,0.5528255934000229,-0.002546002743226773,1.5759792563083244,1.0278172083087143,-0.0013679504266090965,1.581737838859987,1.007563510987132,-0.0014433889911376564,0.0050087094697112795,0.541931864291544,0.0013425799314571738,0.01445414266114088,0.535430747096424,0.0013032523941615684,0.28683497765802024,0.995476588445648,0.0017828179903294197,24.0,0.0,0.09439977834975853,-0.33122854383208905,0.4852427917870403
0.356,0.0,0.0,0.12477337601336347,1.0718498668640244,0.002372708815376553,-0.039531117453637826,0.4167801242175307,0.0011394476570394283,0.08462043295916472,0.4085672451011717,0.0008131389317728283,1.5562650602572763,1.0507284820475895,-0.0012623783184818106,1.4159379951102893,0.40366599511476886,-0.002534759236505071,1.6381260262812554,0.5694657766161442,-0.002664293300207717,1.5815058065805099,1.0381237443450522,-0.0013603582927988168,1.5606256308699766,0.5582441436435245,-0.002507446710761153,0.9899948355645766,0.5515473412584858,-0.0010619868765827027,1.5711685929042416,0.5528255934000229,-0.0025459320054004755,1.5767331789528565,1.0278172083087143,-0.0013704051199990254,1.5786353160860902,1.007563510987132,-0.0014354358196821376,0.0051194636782416845,0.541931864291544,0.0013423078870545817,0.014784310977214938,0.535430747096424,0.0013024415110882079,0.2913611175102648,0.995476588445648,0.0017716040269690695,24.0,0.0,0.09439867746818766,-0.3344644191119054,0.4873224359119877
0.358,0.0,0.0,0.1268003147556804,1.0718498668640244,0.0023676912271266524,-0.04006559142879932,0.4167801242175307,0.0011407781041779213,0.08594067693951947,0.4085672451011717,0.0008098670303550175,1.5569546471499491,1.0507284820475895,-0.001263841445524217,1.4145392066885967,0.40366599511476886,-0.0025306799999888006,1.6399155440171278,0.5694657766161442,-0.002671650624162778,1.5807515861541086,1.0381237443450522,-0.0013584551555886443,1.5599891377767225,0.5582441436435245,-0.002505953718066131,1.0036367336962206,0.5515473412584858,-0.0010961187357652268,1.5711370288980497,0.5528255934000229,-0.0025458574987605466,1.5772929216096314,1.0278172083087143,-0.0013722899266103556,1.5755949750395268,1.007563510987132,-0.0014276795127473958,0.005232178041424638,0.541931864291544,0.001342031001533256,0.015120361039500159,0.535430747096424,0.0013016160902980228,0.29592748507088135,0.995476588445648,0.001760288677338458,24.0,0.0,0.09439757658661678,-0.3377002943917217,0.48940208003693514
0.36,0.0,0.0,0.1288470761065228,1.0718498668640244,0.00236262388027086,-0.040602245429959695,0.4167801242175307,0.001142114289115825,0.08727230504674542,0.4085672451011717,0.0008065664204041307,1.5577323282047482,1.0507284820475895,-0.001265565412755899,1.4133271777553975,0.40366599511476886,-0.0025271830289345697,1.6407445794222013,0.5694657766161442,-0.002676124418502459,1.5800045150558288,1.0381237443450522,-0.001356569604522641,1.5593136026487906,0.5582441436435245,-0.002504362485332995,1.0172667489034322,0.5515473412584858,-0.0011302234810943372,1.5711036113485504,0.5528255934000229,-0.002545778588745067,1.5776879804993906,1.0278172083087143,-0.001373689283252293,1.5726023056709642,1.007563510987132,-0.0014200786601309874,0.005346876524938914,0.541931864291544,0.0013417492156252986,0.015462359941360785,0.535430747096424,0.0013007759651423095,0.30053375066949173,0.995476588445648,0.0017488727584369168,24.0,0.0,0.0943964757050459,-0.34093616967153806,0.49148172416188257
0.362,0.0,0.0,0.13091357850797114,1.0718498668640244,0.002357506976893754,-0.041140963443994365,0.4167801242175307,0.001143455924118726,0.0886152171822373,0.4085672451011717,0.0008032373501360657,1.5585840975314573,1.0507284820475895,-0.0012675096153928966,1.412262032877663,0.40366599511476886,-0.002524152956601572,1.6407797822981944,0.5694657766161442,-0.002678197007015143,1.5792647070241699,1.0381237443450522,-0.0013547019267769417,1.558599281633691,0.5582441436435245,-0.002502673647513165,1.0308838439959145,0.5515473412584858,-0.001164298519112366,1.5710683696814631,0.5528255934000229,-0.002545695044871319,1.5779440727056773,1.0278172083087143,-0.001374676930476691,1.5696446232573462,1.007563510987132,-0.0014125969867095805,0.005463583352648328,0.541931864291544,0.001341462469416513,0.015810375200125352,0.535430747096424,0.001299920967887658,0.30517958179071353,0.995476588445648,0.0017373570944403908,24.0,0.0,0.09439537482347503,-0.3441720449513544,0.49356136828683
0.364,0.0,0.0,0.1329997396835011,1.0718498668640244,0.0023523407208901333,-0.04168162854989975,0.4167801242175307,0.0011448027191538128,0.08996931244437291,0.4085672451011717,0.000799880069797336,1.55949789780091,1.0507284820475895,-0.0012696390387096695,1.4113093985996694,0.40366599511476886,-0.002521490094407235,1.6401647778772876,0.5694657766161442,-0.0026782850142051257,1.5785322746473012,1.0381237443450522,-0.0013528524066977942,1.5578464330218484,0.5582441436435245,-0.0025008878449754167,1.0444869820621738,0.5515473412584858,-0.0011983412568435717,1.571031422370624,0.5528255934000229,-0.0025456069407036007,1.5780835801234845,1.0278172083087143,-0.0013753171609924076,1.5667108635627516,1.007563510987132,-0.0014052027806755356,0.0055823230062596214,0.541931864291544,0.0013411707023472394,0.016164474747091765,0.535430747096424,0.0012990509297407466,0.30986464310002193,0.995476588445648,0.0017257425166373364,24.0,0.0,0.09439427394190415,-0.34740792023117073,0.49564101241177744
0.366,0.0,0.0,0.13510547664351283,1.0718498668640244,0.0023471253179513083,-0.0422241229303751,0.4167801242175307,0.0011461543819185761,0.09133448913782061,0.4085672451011717,0.000796494831641997,1.5604633696081722,1.0507284820475895,-0.0012719235393833012,1.4104397222696452,0.40366599511476886,-0.002519108508712251,1.6390230403302197,0.5694657766161442,-0.002676747503152859,1.5778073293448858,1.0381237443450522,-0.0013510213257556226,1.5570553172224015,0.5582441436435245,-0.00249900572344581,1.058075126555523,0.5515473412584858,-0.00123234910200922,1.5709929506106908,0.5528255934000229,-0.002545514572426503,1.5781259439391557,1.0278172083087143,-0.0013756659295369256,1.5637913995042456,1.007563510987132,-0.0013978683814390492,0.005703120224973067,0.541931864291544,0.001340873853213211,0.016524726917457117,0.535430747096424,0.0012981656808733306,0.3145885964698298,0.995476588445648,0.0017140298633640653,24.0,0.0,0.09439317306033328,-0.35064379551098707,0.49772065653672487
0.368,0.0,0.0,0.13723070569090576,1.0718498668640244,0.002341860975551279,-0.042768327883505104,0.4167801242175307,0.0011475106178697645,0.0927106447829244,0.4085672451011717,0.0007930818899083777,1.5614716326355171,1.0507284820475895,-0.0012743372189014568,1.4096276695742744,0.40366599511476886,-0.0025169343178871907,1.6374604278118463,0.5694657766161442,-0.002673893159285189,1.5770899813501067,1.0381237443450522,-0.0013492089624995841,1.5562261967388356,0.5582441436435245,-0.0024970279339471928,1.0716472413800477,0.5515473412584858,-0.001266319463242593,1.5709531777939718,0.5528255934000229,-0.0025454183930266696,1.578088014939622,1.0278172083087143,-0.0013757718390761038,1.5608778769054508,1.007563510987132,-0.0013905697212927843,0.005826000005125711,0.541931864291544,0.0013405718601664275,0.016891200440173372,0.535430747096424,0.0012972650504474174,0.3193511010057839,0.995476588445648,0.0017022199799395456,24.0,0.0,0.0943920721787624,-0.3538796707908034,0.4998003006616723
0.37,0.0,0.0,0.13937534242669827,1.0718498668640244,0.0023365479029327967,-0.04331412383454233,0.4167801242175307,0.0011488711302525894,0.09409767612516581,0.4085672451011717,0.0007896415007956183,1.5625150943653585,1.0507284820475895,-0.0012768578764698192,1.4088515922706346,0.40366599511476886,-0.0025149041861487645,1.6355674174528307,0.5694657766161442,-0.0026699866279892553,1.5763803396919034,1.0381237443450522,-0.0013474155925126364,1.5553593361444469,0.5582441436435245,-0.002494955132738278,1.0852022909765269,0.5515473412584858,-0.0013002497503039048,1.5709123549069295,0.5528255934000229,-0.0025453189609848724,1.577984364380193,1.0278172083087143,-0.0013756770165772691,1.557963066926314,1.007563510987132,-0.0013832859147957972,0.005950987599827178,0.541931864291544,0.001340264660716046,0.017263964427729966,0.535430747096424,0.0012963488666406268,0.3241518130732752,0.995476588445648,0.0016903137185996604,24.0,0.0,0.09439097129719153,-0.35711554607061974,0.5018799447866197
0.372,0.0,0.0,0.14153930175569218,1.0718498668640244,0.0023311863110933155,-0.043861390347788624,0.4167801242175307,0.0011502356201301826,0.09549547914470151,0.4085672451011717,0.0007861739224400147,1.563587282730776,1.0507284820475895,-0.0012794665307944225,1.408093058437448,0.40366599511476886,-0.002512963992889664,1.633421074458163,0.5694657766161442,-0.0026652541020917163,1.5756785121774202,1.0381237443450522,-0.001345641488367128,1.5544550020576386,0.5582441436435245,-0.002492787981252306,1.098739240408298,0.5515473412584858,-0.0013341373742951027,1.5708705271647105,0.5528255934000229,-0.0025452169037672666,1.5778275695207196,1.0278172083087143,-0.0013754178901786967,1.5550408404647298,1.007563510987132,-0.0013759988898479553,0.0060781085185879595,0.541931864291544,0.0013399521917292923,0.01764308836586444,0.535430747096424,0.0012954169566717353,0.3289903863241607,0.995476588445648,0.001678311938430932,24.0,0.0,0.09438987041562065,-0.3603514213504361,0.5039595889115671
0.374,0.0,0.0,0.14372249789218108,1.0718498668640244,0.0023257764127708304,-0.044410006138574494,0.4167801242175307,0.0011516037864132984,0.09690394906597613,0.4085672451011717,0.0007826794148911754,1.5646826996180192,1.0507284820475895,-0.0012821470017079662,1.4073364383362132,0.40366599511476886,-0.0025110676583066983,1.6310867856865974,0.5694657766161442,-0.002659888244605047,1.5749846053746752,1.0381237443450522,-0.00134388691958092,1.5535134631170515,0.5582441436435245,-0.0024905271460352856,1.1122570554470625,0.5515473412584858,-0.0013679797478745306,1.5708252715217033,0.5528255934000229,-0.002545112334411719,1.577628553444337,1.0278172083087143,-0.0013750259030300134,1.552107129909325,1.007563510987132,-0.0013686933236939946,0.006207388526940112,0.541931864291544,0.0013396343894323903,0.01802864210320217,0.535430747096424,0.0012944691468263988,0.33386647172369566,0.995476588445648,0.0016662155053037181,24.0,0.0,0.09438876953404977,-0.3635872966302524,0.5060392330365145
0.376,0.0,0.0,0.1459248443657028,1.0718498668640244,0.0023203184224296083,-0.04495984908533552,0.4167801242175307,0.001152975325890263,0.09832298036740916,0.4085672451011717,0.000779158240087989,1.565796692573219,1.0507284820475895,-0.0012848855439260743,1.4065685396783316,0.40366599511476886,-0.0025091761080536113,1.6286197847103678,0.5694657766161442,-0.002654052522676133,1.5742987245954523,1.0381237443450522,-0.0013421521525740577,1.5525349899565266,0.5582441436435245,-0.0024881732986838175,1.125754702658618,0.5515473412584858,-0.0014017742854714418,1.570772717050042,0.5528255934000229,-0.002544999195304201,1.5773967332859078,1.0278172083087143,-0.001374528362839057,1.549159345154633,1.007563510987132,-0.0013613590473054826,0.006338853646050287,0.541931864291544,0.0013393111894115098,0.01842069584082632,0.535430747096424,0.0012935052624830545,0.3387797175776722,0.995476588445648,0.001654025291804881,24.0,0.0,0.0943876686524789,-0.36682317191006875,0.508118877161462
0.378,0.0,0.0,0.1481462540268349,1.0718498668640244,0.002314812556245804,-0.04551079624178482,0.4167801242175307,0.0011543499332571656,0.09975246679115518,0.4085672451011717,0.0007756106618344063,1.566925342431598,1.0507284820475895,-0.0012876705263140736,1.4057782867386632,0.40366599511476886,-0.0025072563614089074,1.6260664923474326,0.5694657766161442,-0.0026478850202355593,1.5736209738784213,1.0381237443450522,-0.0013404374506260004,1.5515198551799032,0.5582441436435245,-0.002485727115782505,1.1392311494885146,0.5515473412584858,-0.0014355184035003308,1.5707095646385516,0.5528255934000229,-0.0025448678091250475,1.5771401217102445,1.0278172083087143,-0.0013739488124429838,1.5461953132205637,1.007563510987132,-0.0013539895854187529,0.006472530152325034,0.541931864291544,0.0013389825266137345,0.018819320121779125,0.535430747096424,0.0012925251281389943,0.34372976955976436,0.995476588445648,0.0016417421771699396,24.0,0.0,0.09438656777090802,-0.3700590471898851,0.5101985212864094
0.38,0.0,0.0,0.1503866390530333,1.0718498668640244,0.002309259032092974,-0.046062723849180635,0.4167801242175307,0.0011557273011482889,0.10119230135293643,0.4085672451011717,0.0007720369457750413,1.568066420238362,1.0507284820475895,-0.0012904921509600215,1.4049594891485222,0.40366599511476886,-0.0025052807290597357,1.6234529861755573,0.5694657766161442,-0.0026415017893282214,1.572951455972493,1.0381237443450522,-0.0013387430738334228,1.550468333335653,0.5582441436435245,-0.0024831892788409467,1.1526853643476223,0.5515473412584858,-0.001469209520575072,1.5706330131573119,0.5528255934000229,-0.0025447099280963216,1.576865508240236,1.0278172083087143,-0.0013733072835038257,1.5432132246549042,1.007563510987132,-0.0013465795055835794,0.00660844457700828,0.541931864291544,0.0013386483353480475,0.019224585820495625,0.535430747096424,0.0012915285674366124,0.34871627073907524,0.995476588445648,0.0016293670472147092,24.0,0.0,0.09438546688933715,-0.3732949224697014,0.5122781654113568
0.382,0.0,0.0,0.15264591095451324,1.0718498668640244,0.0023036580695274776,-0.046615507348687975,0.4167801242175307,0.0011571071201667783,0.10264237635194697,0.4085672451011717,0.0007684373593705882,1.5692196334044342,1.0507284820475895,-0.0012933448454769314,1.4041115568009268,0.40366599511476886,-0.0025032337350843837,1.6207820238300898,0.5694657766161442,-0.002634968023898533,1.5722902723204106,1.0381237443450522,-0.0013370692790686024,1.5493807008913492,0.5582441436435245,-0.0024805604742303214,1.1661163166976052,0.5515473412584858,-0.001502845057722841,1.5705406944887494,0.5528255934000229,-0.0025445185493932223,1.5765786188447108,1.0278172083087143,-0.0013726207498288045,1.5402115863482924,1.007563510987132,-0.0013391242841694307,0.0067466237057709376,0.541931864291544,0.0013383085492863396,0.019636564132170953,0.535430747096424,0.001290515403189821,0.3537388616078855,0.995476588445648,0.001616900794266432,24.0,0.0,0.09438436600776627,-0.37653079774951775,0.5143578095363043
0.384,0.0,0.0,0.15492398058017257,1.0718498668640244,0.002298009889773778,-0.04716902139383337,0.4167801242175307,0.0011584890789155466,0.1041025833808274,0.4085672451011717,0.0007648121718730619,1.5703849013805473,1.0507284820475895,-0.0012962278783921117,1.4032345175034224,0.40366599511476886,-0.0025011139042153954,1.6180537968215323,0.5694657766161442,-0.0026282906180348643,1.5716375230425843,1.0381237443450522,-0.0013354163199383962,1.5482572362079723,0.5582441436435245,-0.002477841393119562,1.1795229771362925,0.5515473412584858,-0.0015364224385977984,1.5704306163936423,0.5528255934000229,-0.002544287752721817,1.576284256306794,1.0278172083087143,-0.0013719035263399914,1.5371891800202415,1.007563510987132,-0.001331620188402901,0.006887094578292558,0.541931864291544,0.0013379631014644327,0.02005532656206233,0.535430747096424,0.0012894854574106327,0.3587971801096002,0.995476588445648,0.0016043443170944065,24.0,0.0,0.0943832651261954,-0.3797666730293341,0.5164374536612517
0.386,0.0,0.0,0.15722075812355635,1.0718498668640244,0.0022923147157096297,-0.04772313986305169,0.4167801242175307,0.0011598728640284102,0.10557281333570924,0.4085672451011717,0.0007611616543008608,1.571407962008153,1.0507284820475895,-0.0012991410483323945,1.4024313208524442,0.40366599511476886,-0.002498921305971634,1.6152941301556085,0.5694657766161442,-0.0026214700505134705,1.5709933069211732,1.0381237443450522,-0.0013337844467438303,1.5470982195140555,0.5582441436435245,-0.0024750327314111194,1.1929043174829386,0.5515473412584858,-0.0015699390896945168,1.5703011123107216,0.5528255934000229,-0.002544012557484049,1.5759864235769943,1.0278172083087143,-0.0013711676199951995,1.5341450257275266,1.007563510987132,-0.001324064172582774,0.007029884487834973,0.541931864291544,0.0013376119242831288,0.020480944914726882,0.535430747096424,0.0012884385513359043,0.36389086166689216,0.995476588445648,0.0015916985208401196,24.0,0.0,0.09438216424462452,-0.3830025483091504,0.5185170977861991
0.388,0.0,0.0,0.15953615312886293,1.0718498668640244,0.0022865727718511704,-0.04827773587232404,0.4167801242175307,0.0011612581602014561,0.10705295642632812,0.4085672451011717,0.0007574860794136562,1.5722329741772503,1.0507284820475895,-0.0013016986999014085,1.4017392722933106,0.40366599511476886,-0.002496913314344188,1.612512463161337,0.5694657766161442,-0.002614570883848661,1.5703577213844184,1.0381237443450522,-0.0013321739064403027,1.5459039328796655,0.5582441436435245,-0.0024721351896763275,1.2062593108633648,0.5515473412584858,-0.001603392440561132,1.5701508018948394,0.5528255934000229,-0.0025436887972767465,1.5756884207592483,1.0278172083087143,-0.0013704230381707,1.5310783531707728,1.007563510987132,-0.001316453786850987,0.007175020980807843,0.541931864291544,0.0013372549495092728,0.020913491283196462,0.535430747096424,0.001287374505454243,0.3690195392100387,0.995476588445648,0.0015789643169468897,24.0,0.0,0.09438106336305364,-0.38623842358896676,0.5205967419111466
0.39,0.0,0.0,0.1618700744969909,1.0718498668640244,0.0022807842843379036,-0.048832681787905605,0.4167801242175307,0.001162644650224637,0.10854290218620467,0.4085672451011717,0.000753785721687109,1.5728883820592692,1.0507284820475895,-0.001303761230324152,1.4011394068810865,0.40366599511476886,-0.0024951831929463544,1.6097042293921473,0.5694657766161442,-0.002607616716362982,1.5697308624912316,1.0381237443450522,-0.0013305849425984157,1.5446746601902268,0.5582441436435245,-0.002469149473090353,1.2195869317949743,0.5515473412584858,-0.0016367799240121976,1.5699790585738034,0.5528255934000229,-0.0025433130212370414,1.5753916968243031,1.0278172083087143,-0.001369678031126335,1.5279889421140416,1.007563510987132,-0.0013087871054591022,0.007322531856326059,0.541931864291544,0.0013368921082768407,0.02135303803809056,0.535430747096424,0.0012862931395330691,0.3741828432054508,0.995476588445648,0.0015661426230890233,24.0,0.0,0.09437996248148277,-0.3894742988687831,0.522676386036094
0.392,0.0,0.0,0.1642224304916262,1.0718498668640244,0.002274949480917584,-0.0493878492391425,0.4167801242175307,0.0011640320150135908,0.11004253948289242,0.4085672451011717,0.0007500608572874176,1.5733990429704772,1.0507284820475895,-0.0013053997500291992,1.400615131752815,0.40366599511476886,-0.002493683529415794,1.606865471305783,0.5694657766161442,-0.0026005961319400077,1.5691128249160442,1.0381237443450522,-0.0013290177953654487,1.543410687120182,0.5582441436435245,-0.002466076291366756,1.2328861562716327,0.5515473412584858,-0.0016700989763412215,1.5697858587445896,0.5528255934000229,-0.002542883662934451,1.5750962203149226,1.0278172083087143,-0.0013689362212889722,1.524877012465076,1.007563510987132,-0.0013010635778172742,0.007472445165758929,0.541931864291544,0.001336523331088045,0.021799657816668525,0.535430747096424,0.0012851942726458338,0.37938040168439097,0.995476588445648,0.001553234363100493,24.0,0.0,0.09437886159991189,-0.39271017414859943,0.5247560301610414
0.394,0.0,0.0,0.1665931287453693,1.0718498668640244,0.0022690685909309955,-0.049943109131376485,0.4167801242175307,0.001165419933641683,0.11155175652829145,0.4085672451011717,0.0007463117640456982,1.5737866128214955,1.0507284820475895,-0.0013066764023072191,1.400151974586709,0.40366599511476886,-0.0024923728415951157,1.6039927735763226,0.5694657766161442,-0.0025934992367240973,1.56850370193392,1.0381237443450522,-0.00132747270142748,1.5421123011064972,0.5582441436435245,-0.002462916358691644,1.246155961848406,0.5515473412584858,-0.0017033470375328672,1.569571184019028,0.5528255934000229,-0.0025424006633614172,1.5748019476443185,1.0278172083087143,-0.0013681975300155209,1.521742789003252,1.007563510987132,-0.0012932837536948599,0.007624789212271086,0.541931864291544,0.0013361485478144627,0.0222534235118222,0.535430747096424,0.0012840777231993888,0.38461184027187867,0.995476588445648,0.001540240466903143,24.0,0.0,0.09437776071834102,-0.39594604942841577,0.5268356742859889
0.396,0.0,0.0,0.16898207626590214,1.0718498668640244,0.002263141845296638,-0.0504983316589365,0.4167801242175307,0.001166808083372268,0.11307044088902712,0.4085672451011717,0.0007425387214322006,1.5740699310990802,1.0507284820475895,-0.001307645326934765,1.3997373309085686,0.40366599511476886,-0.0024912149486798507,1.6010831971804822,0.5694657766161442,-0.0025863174924004462,1.5679035854059364,1.0381237443450522,-0.0013259498939721698,1.5407797913220076,0.5582441436435245,-0.002459670393657432,1.259395327726149,0.5515473412584858,-0.0017365215514748003,1.5693350167549855,0.5528255934000229,-0.0025418639765475127,1.5745088340830569,1.0278172083087143,-0.0013674618483390105,1.5185864981066381,1.007563510987132,-0.0012854481950403001,0.0077795925503550585,0.541931864291544,0.0013357676876981825,0.022714408261010198,0.535430747096424,0.0012829433089615045,0.38987678221578004,0.995476588445648,0.0015271618704344233,24.0,0.0,0.09437665983677014,-0.3991819247082321,0.5289153184109363
0.398,0.0,0.0,0.17138917944219384,1.0718498668640244,0.0022571694764953057,-0.05105338631821593,0.4167801242175307,0.001168196139691168,0.1145984794968926,0.4085672451011717,0.0007387420105303614,1.5742653614707247,1.0507284820475895,-0.0013083536226287267,1.3993602399255773,0.40366599511476886,-0.002490178339484499,1.5981342213769896,0.5694657766161442,-0.002579043551410845,1.5673125657648361,1.0381237443450522,-0.0013244496026522108,1.5394134486486073,0.5582441436435245,-0.0024563391191962077,1.2726032348359348,0.5515473412584858,-0.0017696199661691578,1.5690773400583231,0.5528255934000229,-0.0025412735583874068,1.5742168337645022,1.0278172083087143,-0.0013667290644358565,1.5154083677341954,1.007563510987132,-0.0012775574677987656,0.007936883985355433,0.541931864291544,0.0013353806793529725,0.023182685435134912,0.535430747096424,0.0012817908470885344,0.39517484841607997,0.995476588445648,0.00151399951557467,24.0,0.0,0.09437555895519927,-0.40241779998804844,0.5309949625358837
0.4,0.0,0.0,0.17381434405074533,1.0718498668640244,0.0022511517185545764,-0.05160814192083449,0.4167801242175307,0.0011695837763393666,0.11613575865935451,0.4085672451011717,0.0007349219140106978,1.5743870929847177,1.0507284820475895,-0.001308842198557838,1.3990111858414707,0.40366599511476886,-0.0024892356120270213,1.595143692619589,0.5694657766161442,-0.0025716711119021136,1.5667307320009571,1.0381237443450522,-0.00132297205354946,1.5380135656502831,0.5582441436435245,-0.002452923262512707,1.2857786659233208,0.5515473412584858,-0.0018026397339436227,1.568798137784823,0.5528255934000229,-0.00254062936664575,1.5739258996903838,1.0278172083087143,-0.00136599906363947,1.5122086274078326,1.007563510987132,-0.0012696121418676587,0.008096692572984572,0.541931864291544,0.0013349874507654715,0.02365832862736352,0.535430747096424,0.0012806201541532228,0.4005056574543342,0.995476588445648,0.0015007543500739201,24.0,0.0,0.09437445807362839,-0.4056536752678648,0.5330746066608312
0.402,0.0,0.0,0.17625747526187224,1.0718498668640244,0.0022450888070331978,-0.05216246660688361,0.4167801242175307,0.0011709706653459128,0.11768216407012043,0.4085672451011717,0.0007310787161045431,1.574447406291829,1.0507284820475895,-0.0013091465273428204,1.3986819219055273,0.40366599511476886,-0.0024883629768167547,1.5921097795677737,0.5694657766161442,-0.002564194790008612,1.5661581716484398,1.0381237443450522,-0.0013215174691397625,1.5365804365459939,0.5582441436435245,-0.0024494235550168966,1.2989206056324383,0.5515473412584858,-0.0018355783116620874,1.5684973945420861,0.5528255934000229,-0.002539931360962,1.5736359837364862,1.0278172083087143,-0.0013652717284541739,1.508987508194316,1.007563510987132,-0.0012616127910517517,0.008259047618829805,0.541931864291544,0.0013345879292963987,0.024141411641894105,0.535430747096424,0.0012794310461726514,0.4058688256232988,0.995476588445648,0.0014874273274782847,24.0,0.0,0.09437335719205751,-0.4088895505476811,0.5351542507857786
0.404,0.0,0.0,0.17871847764602564,1.0718498668640244,0.0022389809790053805,-0.052716227858254264,0.4167801242175307,0.0011723564770610357,0.1192375808197674,0.4085672451011717,0.0007272127025776282,1.5744569088276288,1.0507284820475895,-0.0013092973106105987,1.398365314722355,0.40366599511476886,-0.0024875398169768963,1.5890309334652613,0.5694657766161442,-0.002556610007379074,1.565594970771719,1.0381237443450522,-0.0013200860682584692,1.5351143571823966,0.5582441436435245,-0.0024458407322561736,1.312028040589904,0.5515473412584858,-0.0018684331609348812,1.5681750956914007,0.5528255934000229,-0.002539179502855158,1.5733470366584597,1.0278172083087143,-0.0013645469385694298,1.5057452426870375,1.007563510987132,-0.0012535599930179604,0.008423978677852051,0.541931864291544,0.0013341820416817858,0.024632008482668097,0.535430747096424,0.001278223338636325,0.41126396695673484,0.995476588445648,0.0014740194070558732,24.0,0.0,0.09437225631048664,-0.41212542582749745,0.537233894910726
0.406,0.0,0.0,0.18119725518015015,1.0718498668640244,0.002232828473044997,-0.053269292512046,0.4167801242175307,0.0011737408801894623,0.12080189340643037,0.4085672451011717,0.0007233241607035107,1.574424742460187,1.0507284820475895,-0.0013093210669500983,1.3980552066006913,0.40366599511476886,-0.0024867482990189654,1.5859058532473715,0.5694657766161442,-0.0025489128921227927,1.565041213952301,1.0381237443450522,-0.0013186780660666669,1.5336156250064203,0.5582441436435245,-0.0024421755338471804,1.3250999594885422,0.5515473412584858,-0.0019012017483285458,1.5678312273495807,0.5528255934000229,-0.0025383737557284447,1.573059008097754,1.0278172083087143,-0.0013638245708743634,1.5024820649876374,1.007563510987132,-0.001245454329249764,0.00859151555387582,0.541931864291544,0.00133376971403423,0.02513019334203026,0.535430747096424,0.0012769968465343898,0.41669069325938574,0.995476588445648,0.001460531553722283,24.0,0.0,0.09437115542891576,-0.4153613011073138,0.5393135390356735
0.40800000000000003,0.0,0.0,0.18369371125407918,1.0718498668640244,0.002226631529209686,-0.053821526774056105,0.4167801242175307,0.0011751235418239418,0.12237498574654951,0.4085672451011717,0.0007194133792368533,1.5743587667208325,1.0507284820475895,-0.0013092406510314936,1.3977462939484457,0.40366599511476886,-0.002485973028714806,1.5827334548171827,0.5694657766161442,-0.0025411001915780686,1.564496984275832,1.0381237443450522,-0.001317293674018122,1.5320845390376885,0.5582441436435245,-0.00243842870340724,1.3381353531709097,0.5515473412584858,-0.001933881545575141,1.5674657763907742,0.5528255934000229,-0.002537514084873894,1.572771846587672,1.0278172083087143,-0.0013631044994725993,1.4991982106874906,1.007563510987132,-0.0012372963850012637,0.008761688299070532,0.541931864291544,0.0013333508718441705,0.025636040589337362,0.535430747096424,0.0012757513843859845,0.4221486141371248,0.995476588445648,0.0014469647379656558,24.0,0.0,0.09437005454734489,-0.4185971763871301,0.5413931831606209
0.41000000000000003,0.0,0.0,0.18620774867696668,1.0718498668640244,0.002220390389024863,-0.054372796232347746,0.4167801242175307,0.001176504127478967,0.12395674118567548,0.4085672451011717,0.0007154806483865556,1.5742657203906956,1.0507284820475895,-0.0013090757116831077,1.3974340199292041,0.40366599511476886,-0.002485200747084192,1.5795128439985449,0.5694657766161442,-0.0025331691955025964,1.5639623633194604,1.0381237443450522,-0.0013159330998269497,1.530521399840791,0.5582441436435245,-0.00243460098848541,1.3511332147126196,0.5515473412584858,-0.0019664700297810597,1.567078730448243,0.5528255934000229,-0.002536600457476879,1.572485499559544,1.0278172083087143,-0.0013623865956973946,1.495893916849051,1.007563510987132,-0.0012290867492508967,0.00893452721342311,0.541931864291544,0.0013329254399811839,0.026149624759516786,0.535430747096424,0.0012744867662677168,0.42763733702727047,0.995476588445648,0.001433319935771308,24.0,0.0,0.09436895366577401,-0.42183305166694646,0.5434728272855683
0.41200000000000003,0.0,0.0,0.18873926968375507,1.0718498668640244,0.0022141052954676443,-0.05492296587089587,0.4167801242175307,0.001177882301124696,0.12554704250933144,0.4085672451011717,0.0007115262597887406,1.5741513639083573,1.0507284820475895,-0.0013088430958577652,1.3971144797837773,0.40366599511476886,-0.0024844200620360883,1.5762432927333008,0.5694657766161442,-0.002525117668456002,1.563437431139493,1.0381237443450522,-0.0013145965474360205,1.528926509497409,0.5582441436435245,-0.0024306931404931664,1.364092539505452,0.5515473412584858,-0.0019989646836353343,1.5666700779161105,0.5528255934000229,-0.00253563284262055,1.5721999133490214,1.0278172083087143,-0.0013616707281270746,1.4925694219870607,1.007563510987132,-0.0012208260146547977,0.009110062844201792,0.541931864291544,0.0013324933426953024,0.026671020541576253,0.535430747096424,0.001273202805842268,0.43315646722906703,0.995476588445648,0.0014195981285459439,24.0,0.0,0.09436785278420314,-0.4250689269467628,0.5455524714105158
0.41400000000000003,0.0,0.0,0.19128817594167893,1.0718498668640244,0.002207776492950673,-0.05547190008330973,0.4167801242175307,0.0011792577252210665,0.12714577195393087,0.4085672451011717,0.0007075505064796006,1.5740206047900547,1.0507284820475895,-0.0013085572046519194,1.396784337390507,0.40366599511476886,-0.002483621211672521,1.5729242181417262,0.5694657766161442,-0.0025169437902928917,1.562922266259354,1.0381237443450522,-0.0013132842169861021,1.5273001715782906,0.5582441436435245,-0.002426705914634711,1.3770123253402475,0.5515473412584858,-0.0020313629956174154,1.566239807951081,0.5528255934000229,-0.002534611211290219,1.5719150332024905,1.0278172083087143,-0.0013609567626007679,1.4892249660496208,1.007563510987132,-0.001212514777499822,0.009288325985411114,0.541931864291544,0.0013320545036183556,0.027200302767065896,0.535430747096424,0.0012718993163871196,0.43870560793432806,0.995476588445648,0.0014058003030414524,24.0,0.0,0.09436675190263226,-0.42830480222657913,0.5476321155354632
0.41600000000000004,0.0,0.0,0.19385436855680407,1.0718498668640244,0.002201404227305864,-0.05601946268663082,0.4167801242175307,0.001180630060752101,0.12875281121775015,0.4085672451011717,0.0007035536828681022,1.5738776080099066,1.0507284820475895,-0.001308230306856163,1.3964407517913733,0.40366599511476886,-0.002482795855689345,1.5695551641103296,0.5694657766161442,-0.002508646103813955,1.5624169456578454,1.0381237443450522,-0.0013119963047857547,1.5256426911150813,0.5582441436435245,-0.002422640069836915,1.3898915724895755,0.5515473412584858,-0.0020636624602044045,1.565787910474128,0.5528255934000229,-0.002533535536377646,1.5716308032836044,1.0278172083087143,-0.0013602445622344407,1.485860790399131,1.007563510987132,-0.0012041536376562222,0.009469347677238029,0.541931864291544,0.0013316088457653325,0.027737546398493875,0.535430747096424,0.0012705761108233954,0.4442843602582401,0.995476588445648,0.0013919274512782997,24.0,0.0,0.09436565102106138,-0.43154067750639546,0.5497117596604106
0.418,0.0,0.0,0.19643774808060138,1.0718498668640244,0.0021949887457680508,-0.05656551693520505,0.4167801242175307,0.0011819989672604038,0.1303680414719546,0.4085672451011717,0.0006995360847085538,1.5737258930703162,1.0507284820475895,-0.0013078728149057929,1.3960813125488882,0.40366599511476886,-0.002481936891691511,1.566135785110673,0.5694657766161442,-0.0025002234687354634,1.561921544757713,1.0381237443450522,-0.001310733003281983,1.523954374572009,0.5582441436435245,-0.002418496368678892,1.4027292837901684,0.5515473412584858,-0.0020958605780777243,1.5653143761721504,0.5528255934000229,-0.0025324057926852626,1.5713471666799328,1.0278172083087143,-0.0013595339874372253,1.4824771377930936,1.007563510987132,-0.0011957431985299978,0.0096531592054891,0.541931864291544,0.001331156291535765,0.028282826517696775,0.535430747096424,0.0012692330017448252,0.4498923232703244,0.995476588445648,0.00137798057046852,24.0,0.0,0.09436455013949051,-0.4347765527862118,0.5517914037853581
0.42,0.0,0.0,0.1990382145165553,1.0718498668640244,0.0021885302969585573,-0.05710992553462789,0.41678012421753063,0.0011833641028818392,0.13199134337167734,0.40856724510117165,0.0006954980090730426,1.573568419299187,1.0507284820475893,-0.0013074935275568173,1.395703982922612,0.4036659951147688,-0.002481038293585299,1.5626658319875566,0.5694657766161442,-0.002491675021236322,1.5614361374145214,1.0381237443450522,-0.0013094945010316522,1.5222355298174257,0.5582441436435244,-0.0024142755773212117,1.4155244647251164,0.5515473412584858,-0.0021279548563292064,1.5648191964996023,0.5528255934000229,-0.0025312219569303186,1.5710640654097292,1.027817208308714,-0.0013588248959280468,1.4790742523647884,1.007563510987132,-0.0011872840670149043,0.009839792101018732,0.5419318642915439,0.001330696762715137,0.028836218314166,0.5354307470964239,0.001267869801446818,0.4555290940255539,0.9954765884456478,0.0013639606629383084,23.999999999999996,0.0,0.09436344925791963,-0.43801242806602814,0.5538710479103055
0.422,0.0,0.0,0.20165566732680626,1.0718498668640244,0.002182029130868673,-0.05765255065576135,0.4167801242175307,0.0011847251243803966,0.13362259706714932,0.4085672451011717,0.0006914397543237359,1.573407660738296,1.0507284820475895,-0.0013070998431289939,1.3953070499652132,0.40366599511476886,-0.0024800949695196082,1.5591451394853868,0.5694657766161442,-0.002483000138428531,1.5609607959058394,1.0381237443450522,-0.0013082809826736731,1.520486466095207,0.5582441436435245,-0.002409978465434753,1.4282761235058148,0.5515473412584858,-0.0021599428086665766,1.5643023636800868,0.5528255934000229,-0.002529984007748949,1.5707814404288152,1.0278172083087143,-0.0013581171427525375,1.4756523796038163,1.007563510987132,-0.0011787768534441412,0.010029278139148404,0.541931864291544,0.0013302301804763133,0.0293977970733314,0.535430747096424,0.001266486321955645,0.46119426759562265,0.995476588445648,0.0013498687360502355,24.0,0.0,0.09436234837634876,-0.4412483033458445,0.5559506920352529
0.424,0.0,0.0,0.2042900054388269,1.0718498668640244,0.0021754854988430454,-0.05819325394882147,0.4167801242175307,0.00118608168718323,0.1352616822148799,0.4085672451011717,0.000687361620085056,1.5732456718337915,1.0507284820475895,-0.0013066979467267665,1.3948890807374519,0.40366599511476886,-0.002479102637126111,1.555573615308385,0.5694657766161442,-0.002474198407173107,1.56049559092074,1.0381237443450522,-0.001307092628901968,1.5187074939960115,0.5582441436435245,-0.0024056058061292067,1.4409832711536568,0.5515473412584858,-0.0021918219556183224,1.5637638707079227,0.5528255934000229,-0.0025286919257001593,1.5704992316375805,1.0278172083087143,-0.0013574105803002524,1.4722117663365166,1.007563510987132,-0.001170222171541711,0.010221649339076861,0.541931864291544,0.001329756465380989,0.029967638164803367,0.535430747096424,0.0012650823750577317,0.4668874371003659,0.995476588445648,0.0013357058021250634,24.0,0.0,0.09436124749477788,-0.4444841786256608,0.5580303361602004
0.426,0.0,0.0,0.2069411272521313,1.0718498668640244,0.002168899653562994,-0.05873189655753515,0.41678012421753063,0.0011874334454158803,0.13690847798888664,0.40856724510117165,0.0006832639072157293,1.5730841450032884,1.0507284820475893,-0.0013062929744655056,1.3944488839304527,0.4036659951147688,-0.002478057714056708,1.5519512305339525,0.5694657766161442,-0.002465269596730602,1.5600405915496167,1.0381237443450522,-0.0013059296164392197,1.5168989254283987,0.5582441436435244,-0.0024011583758812177,1.4536449215814649,0.5515473412584858,-0.0022235898247379275,1.5632037113496786,0.5528255934000229,-0.002527345693269749,1.5702173778880992,1.027817208308714,-0.0013567050583221663,1.4687526607062562,1.007563510987132,-0.0011616206383734619,0.010416937963281216,0.5419318642915439,0.0013292755373811678,0.03054581703057461,0.5354307470964239,0.0012636577723290513,0.47260819373932766,0.9954765884456478,0.0013214728783632046,23.999999999999996,0.0,0.094360146613207,-0.44772005390547714,0.5601099802851478
0.428,0.0,0.0,0.20960893064501726,1.0718498668640244,0.0021622718490297327,-0.05926833913336499,0.4167801242175307,0.0011887800519376646,0.13856286309197313,0.4085672451011717,0.0006791469177807127,1.5729244610325923,1.0507284820475895,-0.0013058891573892472,1.3939854762631316,0.40366599511476886,-0.0024769572220392096,1.5482780112193835,0.5694657766161442,-0.002456213634794521,1.5595958652743167,1.0381237443450522,-0.0013047921180114113,1.5150610735898113,0.5582441436435245,-0.0023966369544621857,1.4662600916746542,0.5515473412584858,-0.0022552439508074476,1.5626218801456762,0.5528255934000229,-0.002525945294874139,1.5699358169913598,1.0278172083087143,-0.0013560004239484625,1.4652753121535957,1.007563510987132,-0.0011529728742978107,0.01061517651690894,0.541931864291544,0.001328787315820657,0.031132409173182902,0.535430747096424,0.0012622123251646237,0.47835612682347334,0.995476588445648,0.001307170986765801,24.0,0.0,0.09435904573163613,-0.4509559291852935,0.5621896244100952
0.43,0.0,0.0,0.21229331298134085,1.0718498668640244,0.0021556023405475177,-0.05980244184980099,0.4167801242175307,0.0011901211583772392,0.14022471576705395,0.4085672451011717,0.0006750109550229964,1.5727677331470369,1.0507284820475895,-0.001305489947462507,1.393498053093629,0.40366599511476886,-0.002475798702870907,1.5445540310605685,0.5694657766161442,-0.0024470305865080984,1.5591614779585976,1.0381237443450522,-0.0013036803023231613,1.5131942529374207,0.5582441436435245,-0.0023920423248657173,1.4788278013721192,0.5515473412584858,-0.002286781876040421,1.5620183724114616,0.5528255934000229,-0.002524490716864133,1.56965448572461,1.0278172083087143,-0.0013552965217066139,1.4617799713963313,1.007563510987132,-0.0011442795029161597,0.010816397747160693,0.541931864291544,0.0013282917194365879,0.03172749014383597,0.535430747096424,0.0012607458448081028,0.48413082380704486,0.995476588445648,0.001292801154055437,24.0,0.0,0.09435794485006525,-0.4541918044651098,0.5642692685350427
0.432,0.0,0.0,0.21499417111732286,1.0718498668640244,0.0021488913847067088,-0.06033406441671772,0.41678012421753063,0.001191456415168329,0.1418939138085254,0.40856724510117165,0.0006708563233352944,1.5726148455063582,1.0507284820475893,-0.001305098127748619,1.392985962746915,0.4036659951147688,-0.0024745801449471507,1.5407794049776382,0.5694657766161442,-0.002437720636111061,1.558737493838905,1.0381237443450522,-0.0013025943340338635,1.511298779158836,0.5582441436435244,-0.002387375273234741,1.491347073746839,0.5515473412584858,-0.0023182011502840836,1.5613931842392457,0.5528255934000229,-0.0025229819475285965,1.569373319838815,1.027817208308714,-0.0013545931935397399,1.458266890409416,1.007563510987132,-0.0011355411510229985,0.011020634642663974,0.5419318642915439,0.001327788666360958,0.03233113553049988,0.5354307470964239,0.0012592581423814698,0.4899318703195559,0.9954765884456478,0.0012783644115965072,23.999999999999996,0.0,0.09435684396849438,-0.45742767974492615,0.5663489126599901
0.434,0.0,0.0,0.217711401408387,1.0718498668640244,0.002142139239366754,-0.06086306609479574,0.4167801242175307,0.001192785471585621,0.143570334573681,0.4085672451011717,0.0006666833282316158,1.572466486786595,1.0507284820475895,-0.0013047159086469217,1.392448684117165,0.40366599511476886,-0.002473299919080365,1.5369542835169305,0.5694657766161442,-0.0024282840709037353,1.5583239755154759,1.0381237443450522,-0.0013015343737346318,1.5093749691426817,0.5582441436435245,-0.0023826365887882786,1.503816935086193,0.5515473412584858,-0.0023494993312208833,1.5607463124993126,0.5528255934000229,-0.0025214189770980566,1.5690922540662287,1.0278172083087143,-0.0013538902788252517,1.45473632240476,1.007563510987132,-0.0011267584485557102,0.011227920432837544,0.541931864291544,0.0013272780741222002,0.03294342094595204,0.535430747096424,0.0012577490289148103,0.495758850197924,0.995476588445648,0.0012638617953152304,24.0,0.0,0.0943557430869235,-0.4606635550247425,0.5684285567849375
0.436,0.0,0.0,0.22044489971602907,1.0718498668640244,0.002135346163639094,-0.061389305710005955,0.4167801242175307,0.0011941079757808162,0.14525385499417062,0.4085672451011717,0.0006624922763187268,1.57232317943659,1.0507284820475895,-0.0013043450118475136,1.3918858071537696,0.40366599511476886,-0.0024719567225059903,1.5330788479714395,0.5694657766161442,-0.0024187212672519658,1.5579209839437695,1.0381237443450522,-0.0013005005779260592,1.5074231409490426,0.5582441436435245,-0.002377827063747893,1.5162364149719805,0.5515473412584858,-0.002380673984569268,1.5600777548413964,0.5528255934000229,-0.0025198017977482246,1.5688112221280766,1.0278172083087143,-0.0013531876143937861,1.4511885218109148,1.007563510987132,-0.0011179320285440702,0.0114382885872466,0.541931864291544,0.0013267598596467664,0.03356442201580021,0.535430747096424,0.00125621831537618,0.5016113455187381,0.995476588445648,0.00124929434561931,24.0,0.0,0.09435464220535263,-0.4638994303045588,0.570508200909885
0.438,0.0,0.0,0.22319456141471705,1.0718498668640244,0.002128512417869988,-0.06191264166815563,0.41678012421753063,0.0011954235748188415,0.14694435158750185,0.40856724510117165,0.0006582834752675026,1.572185305129192,1.0507284820475893,-0.0013039867434725017,1.3912970158845843,0.4036659951147688,-0.002470549530097502,1.5291533061332192,0.5694657766161442,-0.002409032678388238,1.5575285784262263,1.0381237443450522,-0.0012994930989967935,1.5054436137797789,0.5582441436435244,-0.0023729474932637955,1.528604546360138,0.5515473412584858,-0.0024117226842837367,1.5593875096960257,0.5528255934000229,-0.0025181304036034336,1.5685301567423504,1.027817208308714,-0.0013524850345484063,1.447623744252639,1.007563510987132,-0.0011090625270594573,0.011651772814948667,0.5419318642915439,0.0013262339392607434,0.03419421436646867,0.5354307470964239,0.0012546658127015591,0.5074889366306572,0.9954765884456478,0.0012346631073172742,23.999999999999996,0.0,0.09435354132378175,-0.46713530558437516,0.5725878450348324
0.44,0.0,0.0,0.22596028139882124,1.0718498668640244,0.0021216382636232685,-0.062432931969494745,0.4167801242175307,0.0011967319147142158,0.14864170046858285,0.4085672451011717,0.0006540572337841746,1.5720531268673346,1.0507284820475895,-0.0013036420577040065,1.3906820736698222,0.40366599511476886,-0.0024690775519245387,1.5251778886012402,0.5694657766161442,-0.0023992188237926875,1.557146816604357,1.0381237443450522,-0.0012985120852029353,1.5034367079487125,0.5582441436435245,-0.002367998675340636,1.5409203656601471,0.5515473412584858,-0.0024426430127541306,1.5586755762758353,0.5528255934000229,-0.0025164047907400068,1.5682489896317136,1.0278172083087143,-0.0013517823710840905,1.4440422465303504,1.007563510987132,-0.0011001505831637675,0.011868407063830187,0.541931864291544,0.0013257002286914885,0.034832873613152855,0.535430747096424,0.0012530913318248885,0.5133912021869395,0.995476588445648,0.001219969129537477,24.0,0.0,0.09435244044221087,-0.4703711808641915,0.5746674891597798
0.442,0.0,0.0,0.2287419540895745,1.0718498668640244,0.0021147239636630077,-0.06295003422338129,0.4167801242175307,0.0011980326404675637,0.15034577736130508,0.4085672451011717,0.0006498138615814722,1.5719268081519364,1.0507284820475895,-0.0013033116120493627,1.3900408104153756,0.40366599511476886,-0.0024675401963876334,1.5211528455770764,0.5694657766161442,-0.00238928027996274,1.5567757544511645,1.0381237443450522,-0.001297557680648262,1.5014027448516876,0.5582441436435245,-0.00236298141076297,1.553182912814125,0.5515473412584858,-0.0024734325610041535,1.557941954576847,0.5528255934000229,-0.002514624957189531,1.5679676515315155,1.0278172083087143,-0.0013510794533074983,1.4404442865994662,1.007563510987132,-0.0010911968388580462,0.012088225519933764,0.541931864291544,0.0013251586430692848,0.03548047534774374,0.535430747096424,0.0012514946837081779,0.5193177191780971,0.995476588445648,0.0012052134656467715,24.0,0.0,0.09435133956064,-0.47360705614400783,0.5767471332847273
0.444,0.0,0.0,0.23153947344206202,1.0718498668640244,0.0021077697819361246,-0.06346380566300432,0.41678012421753063,0.0011993253961022799,0.1520564576101651,0.40856724510117165,0.0006455536693496664,1.5718064295713299,1.0507284820475893,-0.0013029958152608679,1.3893731115057943,0.4036659951147688,-0.0024659370382515175,1.5170784440886798,0.5694657766161442,-0.0023792176724023307,1.556415446263899,1.0381237443450522,-0.0012966300252652808,1.4993420469365046,0.5582441436435244,-0.002357896503020408,1.5653912313755949,0.5515473412584858,-0.002504088928889098,1.5571866453797163,0.5528255934000229,-0.0025127909029420605,1.567686072197917,1.027817208308714,-0.0013503761080570038,1.43683012354963,1.007563510987132,-0.0010822019390308358,0.012311262606776058,0.5419318642915439,0.0013246090969290256,0.0361370951267232,0.5354307470964239,0.0012498756793717005,0.5252680629646763,0.9954765884456478,0.0011903971731688767,23.999999999999996,0.0,0.09435023867906912,-0.47684293142382417,0.5788267774096747
0.446,0.0,0.0,0.23435273295223988,1.0718498668640244,0.002100775983554906,-0.0639741031601633,0.4167801242175307,0.0012006098247013374,0.15377361619192384,0.4085672451011717,0.0006412769687275166,1.5716920031299833,1.0507284820475895,-0.001302694868809351,1.388678908245064,0.40366599511476886,-0.002464267790977564,1.512954965589464,0.5694657766161442,-0.002369031668681339,1.5561312706460173,1.0381237443450522,-0.0012957292547971172,1.4974358006943225,0.5582441436435245,-0.0023527447582324503,1.5767864452821012,0.5515473412584858,-0.0025346097252927726,1.5564096502509472,0.5528255934000229,-0.002510902629949233,1.567404180416122,1.0278172083087143,-0.0013496721597230066,1.4332000175838304,1.007563510987132,-0.001073166531406245,0.012537552984656287,0.541931864291544,0.00132405150421192,0.036802808459031645,0.535430747096424,0.001248234129924252,0.5312418073101579,0.995476588445648,0.0011755213137024292,24.0,0.0,0.09434913779749825,-0.4800788067036405,0.5809064215346221
0.448,0.0,0.0,0.23718162566398265,1.0718498668640244,0.0020937428347794613,-0.06448078324010248,0.4167801242175307,0.001201885568444235,0.15549712772730276,0.4085672451011717,0.0006369840722731196,1.57158348459709,1.0507284820475895,-0.0013024088027059845,1.3879581696181162,0.40366599511476886,-0.0024625322828257376,1.5087827038861166,0.5694657766161442,-0.0023587229724333,1.5560366012829356,1.0381237443450522,-0.0012950188157524129,1.495998817002648,0.5582441436435245,-0.002347979142626995,1.5860503100863994,0.5515473412584858,-0.002563097760059039,1.5556109715440742,0.5528255934000229,-0.002508960142127311,1.5671219040087196,1.0278172083087143,-0.0013489674302685196,1.4295542299974129,1.007563510987132,-0.0010640912664917463,0.01276713154995533,0.541931864291544,0.0013234857782672194,0.037477690793909196,0.535430747096424,0.001246569846593481,0.5372385244139773,0.995476588445648,0.0011605869528387254,24.0,0.0,0.09434803691592737,-0.48331468198345684,0.5829860656595696
0.45,0.0,0.0,0.2400260441761589,1.0718498668640244,0.0020866706030001044,-0.06498370209639881,0.41678012421753063,0.0012031522686440828,0.15722686649271486,0.40856724510117165,0.0006326752934346721,1.571480784122607,1.0507284820475893,-0.0013021375063737518,1.3872108952079862,0.4036659951147688,-0.002460730436258369,1.5045619633540224,0.5694657766161442,-0.002348292318174931,1.5561049584885815,1.0381237443450522,-0.0012947821423447087,1.4949589412533708,0.5582441436435244,-0.0023443866833978088,1.5934863337243448,0.5515473412584858,-0.0025862574220697843,1.5547906124008097,0.5528255934000229,-0.0025069634453601286,1.5668391698441302,1.027817208308714,-0.001348261739250014,1.4258930231569844,1.007563510987132,-0.0010549767975257024,0.013000033434425396,0.5419318642915439,0.0013229118318539715,0.03816181750871167,0.5354307470964239,0.001244882640756287,0.5432577849446603,0.9954765884456478,0.0011455951600791762,23.999999999999996,0.0,0.0943469360343565,-0.4865505572632732,0.585065709784517
0.452,0.0,0.0,0.24288588064973476,1.0718498668640244,0.0020795595567196638,-0.06548271560590227,0.4167801242175307,0.0012044095657848238,0.15896270643203017,0.4085672451011717,0.000628350946521142,1.5713837753390805,1.0507284820475895,-0.0013018807551875438,1.386437109123028,0.40366599511476886,-0.0024588622502330435,1.5002930574040514,0.5694657766161442,-0.0023377404668446958,1.556313404212292,1.0381237443450522,-0.0012949530353588235,1.4942533214468126,0.5582441436435245,-0.002341786994024616,1.5993585793868064,0.5515473412584858,-0.002604847481164647,1.5539485767521604,0.5528255934000229,-0.0025049125475019676,1.5665559038451597,1.0278172083087143,-0.0013475549038385398,1.4222166604792144,1.007563510987132,-0.0010458237804246311,0.013236294004470251,0.541931864291544,0.0013223295771427968,0.03885526389670268,0.535430747096424,0.001243172323969281,0.549299158073072,0.995476588445648,0.0011305470087524694,24.0,0.0,0.09434583515278562,-0.4897864325430895,0.5871453539094644
0.454,0.0,0.0,0.2457610268149049,1.0718498668640244,0.002072409965535724,-0.06597767934372696,0.4167801242175307,0.0012056570995585825,0.1607045211683739,0.4085672451011717,0.0006240113466728539,1.5712923031416812,1.0507284820475895,-0.0013016382332287275,1.3856368548058822,0.40366599511476886,-0.002456927785020648,1.4959763071687504,0.5694657766161442,-0.002327068201969768,1.5566419964332272,1.0381237443450522,-0.0012954741496680993,1.4938270769418254,0.5582441436435245,-0.00234002294450822,1.6038973977153634,0.5515473412584858,-0.002619528095320801,1.553084869319508,0.5528255934000229,-0.002502807458380344,1.566272030997659,1.0278172083087143,-0.0013468467388411138,1.418525406409534,1.007563510987132,-0.001036632873730206,0.013475948860415981,0.541931864291544,0.0013217389257176846,0.03955810515482308,0.535430747096424,0.0012414387079993034,0.555362211505777,0.995476588445648,0.0011154435759314402,24.0,0.0,0.09434473427121474,-0.49302230782290585,0.5892249980344119
0.456,0.0,0.0,0.24865137397825035,1.0718498668640244,0.0020652221001227987,-0.06646844859829179,0.41678012421753063,0.001206894508903144,0.16245218401595632,0.40856724510117165,0.0006196568098319944,1.571206190315923,1.0507284820475893,-0.0013014095527352299,1.3848101906111934,0.4036659951147688,-0.0024549271492277838,1.4916120403797961,0.5694657766161442,-0.0023162763263815155,1.5570734089117435,1.0381237443450522,-0.0012962956302204375,1.4936323618791332,0.5582441436435244,-0.0023389573332457526,1.6073034527451329,0.5515473412584858,-0.002630875141142194,1.5521994956156577,0.5528255934000229,-0.002500648189798713,1.5659874753592866,1.027817208308714,-0.0013461370567223623,1.414819526400735,1.007563510987132,-0.0010274047385560054,0.013719033835772266,0.5419318642915439,0.0013211397885778198,0.04027041637143913,0.5354307470964239,0.0012396816048540022,0.5614465115185076,0.9954765884456478,0.001100285942349677,23.999999999999996,0.0,0.09434363338964387,-0.4962581831027222,0.5913046421593593
0.458,0.0,0.0,0.25155681302992317,1.0718498668640244,0.002057996232214435,-0.06695487838640925,0.4167801242175307,0.0012081214320395562,0.16420556799193317,0.4085672451011717,0.0006152876527130385,1.5711252431622076,1.0507284820475895,-0.0013011942706708335,1.3839571860526334,0.40366599511476886,-0.0024528604887410614,1.4872005904119334,0.5694657766161442,-0.00230536565940913,1.5575926006863787,1.0381237443450522,-0.0012973741614167283,1.4936275318139824,0.5582441436435245,-0.002338470545589022,1.609751286755087,0.5515473412584858,-0.002639390278716618,1.5512924619458517,0.5528255934000229,-0.002498434755539087,1.5657021600683776,1.0278172083087143,-0.0013454256676264308,1.4110992868914685,1.007563510987132,-0.0010181400385340079,0.01396558499648416,0.541931864291544,0.0013205320761394295,0.04099227251407053,0.535430747096424,0.0012379008268124621,0.5675516229897359,0.995476588445648,0.0010850751923178511,24.0,0.0,0.094342532508073,-0.4994940583825385,0.5933842862843067
0.46,0.0,0.0,0.25447723445085724,1.0718498668640244,0.0020507326345852533,-0.06743682346842093,0.4167801242175307,0.00120933750650985,0.16596454582829512,0.4085672451011717,0.0006109041927730963,1.5710492562483631,1.0507284820475895,-0.0013009919027865452,1.3830779186317756,0.40366599511476886,-0.0024507279773446616,1.4827422954716105,0.5694657766161442,-0.0022943370344894734,1.5581865281940364,1.0381237443450522,-0.0012986721408533165,1.4937764030911969,0.5582441436435245,-0.002338458470426145,1.6113924753558269,0.5515473412584858,-0.002645509863741503,1.550363775408749,0.5528255934000229,-0.002496167171364572,1.565416007352913,1.0278172083087143,-0.0013447123793991584,1.4073649552846494,1.007563510987132,-0.0010088394397608413,0.014215638640174357,0.541931864291544,0.0013199156982376498,0.04172374841709976,0.535430747096424,0.0012360961864558836,0.5736771094343507,0.995476588445648,0.0010698124136397803,24.0,0.0,0.09434143162650212,-0.5027299336623549,0.5954639304092542
0.462,0.0,0.0,0.25741252832000466,1.0718498668640244,0.002043431581032918,-0.06791413836337835,0.41678012421753063,0.001210542369214879,0.1677289899837852,0.40856724510117165,0.0006065067481821914,1.5709780164054246,1.0507284820475893,-0.0013008019355019347,1.3821724711719798,0.4036659951147688,-0.0024485298087925174,1.4782374979111583,0.5694657766161442,-0.002283191297138666,1.5588438940529281,1.0381237443450522,-0.0013001569596224605,1.4940475953919394,0.5582441436435244,-0.0023388306486191814,1.6123584185439839,0.5515473412584858,-0.0026496128352433523,1.549413443897371,0.5528255934000229,-0.002493845455021815,1.5651289385395932,1.027817208308714,-0.0013439969976104975,1.4036167999257643,1.007563510987132,-0.0009995036107437938,0.014469231295375926,0.5419318642915439,0.001319290564128424,0.042464918769463914,0.5354307470964239,0.0012342674966983103,0.5798225330374319,0.9954765884456478,0.0010544986975282427,23.999999999999996,0.0,0.09434033074493124,-0.5059658089421711,0.5975435745342016
0.464,0.0,0.0,0.26036258432159787,1.0718498668640244,0.0020360933463600497,-0.06838667736426769,0.4167801242175307,0.0012117356564522726,0.16949877265584304,0.4085672451011717,0.0006020956377934663,1.570911307918422,1.0507284820475895,-0.0013006238358945876,1.3812409283500875,0.40366599511476886,-0.0024462661901430275,1.4736865433462818,0.5694657766161442,-0.0022719293032375356,1.559554927494525,1.0381237443450522,-0.00130180037426969,1.4944139487383237,0.5582441436435245,-0.0023395086293710376,1.6127628084543904,0.5515473412584858,-0.0026520276932137455,1.5484414761000127,0.5528255934000229,-0.00249146962624337,1.5648408740630115,1.0278172083087143,-0.0013432793255771975,1.3998550900810867,1.007563510987132,-0.0009901332223465808,0.014726399720755507,0.541931864291544,0.0013186565824904203,0.04321585810233037,0.535430747096424,0.0012324145708174003,0.5859874546881236,0.995476588445648,0.0010391351385205401,24.0,0.0,0.09433922986336037,-0.5092016842219874,0.599623218659149
0.466,0.0,0.0,0.2633272917524364,1.0718498668640244,0.0020287182063560665,-0.06885429455327703,0.4167801242175307,0.001212917003954496,0.17127376579257453,0.4085672451011717,0.0005976711811133216,1.57084892190197,1.0507284820475895,-0.0013004570646770813,1.3802833704223052,0.40366599511476886,-0.0024439373330882967,1.4690897790838242,0.5694657766161442,-0.002260551916825344,1.5603111922057833,1.0381237443450522,-0.0013035779578736823,1.4948520070507936,0.5582441436435245,-0.002340424512736998,1.6127038100815247,0.5515473412584858,-0.002653038667989761,1.547447881501118,0.5528255934000229,-0.0024890397067499747,1.564551733474929,1.0278172083087143,-0.0013425591643857432,1.3960800959158017,1.007563510987132,-0.0009807289477348868,0.014987180904326953,0.541931864291544,0.0013180136614269714,0.04397664077675757,0.535430747096424,0.001230537222485234,0.5921714340136004,0.995476588445648,0.001023722834393811,24.0,0.0,0.09433812898178949,-0.5124375595018037,0.6017028627840965
0.468,0.0,0.0,0.26630653952919864,1.0718498668640244,0.00202130643777897,-0.06931684381710466,0.41678012421753063,0.0012140860469270192,0.17305384110474564,0.40856724510117165,0.0005932336982714928,1.5707906580819664,1.0507284820475893,-0.0013003010996359516,1.3792998720349894,0.4036659951147688,-0.0024415434382688414,1.4644475538038715,0.5694657766161442,-0.0022490600061692003,1.561105417980631,1.0381237443450522,-0.0013054686196518278,1.4953415611089942,0.5582441436435244,-0.002341519658518173,1.6122659872629765,0.5515473412584858,-0.002652891172057598,1.5464326703821207,0.5528255934000229,-0.0024865557202527373,1.5642614354536493,1.027817208308714,-0.0013418363129155376,1.392292088472041,1.007563510987132,-0.0009712914623216745,0.015251612062655406,0.5419318642915439,0.0013173617084680424,0.044747340971342225,0.5354307470964239,0.001228635265799166,0.5983740294131259,0.9954765884456478,0.0010082628860801186,23.999999999999996,0.0,0.09433702810021861,-0.51567343478162,0.6037825069090439
0.47000000000000003,0.0,0.0,0.2693002161957772,1.0718498668640244,0.0020138583183370645,-0.06977417886230701,0.4167801242175307,0.0012152424200865884,0.1748388700777992,0.4085672451011717,0.0005887835099910652,1.570736322196751,1.0507284820475895,-0.0013001554400859422,1.378290503970338,0.40366599511476886,-0.0024390846923005513,1.4597602179645783,0.5694657766161442,-0.002237454442969318,1.5619313531071757,1.0381237443450522,-0.001307454184088947,1.4958652444675233,0.5582441436435245,-0.0023427435436636744,1.6115220026684431,0.5515473412584858,-0.002651796615011227,1.5453958538222514,0.5528255934000229,-0.0024840176924552444,1.563969897813491,1.0278172083087143,-0.0013411105678623376,1.38849133964683,1.007563510987132,-0.0009618214437122724,0.015519730640051804,0.541931864291544,0.0013167006305722217,0.04552803266985421,0.535430747096424,0.0012267085153127044,0.6045947980921995,0.995476588445648,0.0009927563975813054,24.0,0.0,0.09433592721864774,-0.5189093100614363,0.6058621510339913
0.47200000000000003,0.0,0.0,0.2723082099306387,1.0718498668640244,0.002006374126670618,-0.0702261532306847,0.4167801242175307,0.0012163857576995942,0.17662872398389337,0.4085672451011717,0.0005843209375584313,1.5706857243835028,1.0507284820475895,-0.0013000196003729036,1.3772553342328642,0.40366599511476886,-0.002436561272138923,1.4550281240438836,0.5694657766161442,-0.0022257361033710854,1.5627836348557271,1.0381237443450522,-0.0013095190219053088,1.4964081765232904,0.5582441436435245,-0.0023440527520599973,1.6105341173721714,0.5515473412584858,-0.002649936653524894,1.5443374436993065,0.5528255934000229,-0.002481425651055571,1.5636770375143596,1.0278172083087143,-0.001340381723761942,1.3846781221699513,1.007563510987132,-0.000952319571649245,0.01579157430775779,0.541931864291544,0.0013160303341287305,0.0463187896488605,0.535430747096424,0.0012247567860664244,0.6108332960967895,0.995476588445648,0.0009772044758836213,24.0,0.0,0.09433482633707686,-0.5221451853412525,0.6079417951589388
0.47400000000000003,0.0,0.0,0.27533040855420615,1.0718498668640244,0.0019988541423334645,-0.07067262031470546,0.41678012421753063,0.0012175156936205384,0.17842327389396048,0.40856724510117165,0.0005798463027931958,1.570638678342223,1.0507284820475893,-0.0012998931058397839,1.3761944286153318,0.4036659951147688,-0.0024339733477952387,1.4502516266525844,0.5694657766161442,-0.0022139058685693488,1.563657675799433,1.0381237443450522,-0.0013116497262766875,1.496957647522393,0.5582441436435244,-0.0023454100821994153,1.609355512763782,0.5515473412584858,-0.0026474669402842144,1.5432574526903833,0.5528255934000229,-0.002478779625748209,1.5633827706714154,1.027817208308714,-0.0013396495730141139,1.3808527095817231,1.007563510987132,-0.0009427865279570486,0.01606718096312105,0.5419318642915439,0.0013153507249594654,0.047119685465339414,0.5354307470964239,0.0012227798936189085,0.6170890783476489,0.9954765884456478,0.0009616082308721458,23.999999999999996,0.0,0.09433372545550599,-0.5253810606210688,0.6100214392838862
0.47600000000000003,0.0,0.0,0.2783666995362651,1.0718498668640244,0.0019912986457745457,-0.07111343337296229,0.4167801242175307,0.0012186318613305904,0.18022239068978502,0.4085672451011717,0.0005753599280180281,1.5705950010372387,1.0507284820475895,-0.001299775490736584,1.3751078509046817,0.40366599511476886,-0.0024313210837514075,1.445431082558526,0.5694657766161442,-0.0022019646250911007,1.5645495640075502,1.0381237443450522,-0.001313834828635952,1.4975028408336064,0.5582441436435245,-0.002346783759697171,1.6080314550354204,0.5515473412584858,-0.0026445204287632407,1.5421558942725786,0.5528255934000229,-0.002476079648225901,1.5630870125648382,1.0278172083087143,-0.0013389139059067528,1.3770153762106967,1.007563510987132,-0.000933222996486478,0.016346588728761005,0.541931864291544,0.0013146617083210574,0.04793079344428649,0.535430747096424,0.0012207776540777116,0.6233616986747125,0.995476588445648,0.0009459687752449978,24.0,0.0,0.09433262457393511,-0.5286169359008851,0.6121010834088336
0.47800000000000004,0.0,0.0,0.28141697000339166,1.0718498668640244,0.0019837079183193983,-0.07154844554566536,0.4167801242175307,0.0012197338939762324,0.18202594507609943,0.4085672451011717,0.0005708621360284667,1.5705545127522946,1.0507284820475895,-0.001299666297474123,1.3739956628509906,0.40366599511476886,-0.002428604639474782,1.4405668506523432,0.5694657766161442,-0.0021899132648559544,1.5654559754118025,1.0381237443450522,-0.001316064549156245,1.498034588305474,0.5582441436435245,-0.002348146742975205,1.6066003202394246,0.5515473412584858,-0.002641210284442337,1.5410327827236505,0.5528255934000229,-0.0024733257521813894,1.5627896776496872,1.0278172083087143,-0.00133817451064031,1.3731663971512744,1.007563510987132,-0.000923629663058912,0.016629835951724955,0.541931864291544,0.0013139631889069576,0.04875218666631326,0.535430747096424,0.001218749884130344,0.62965070985157,0.995476588445648,0.0009302872244273388,24.0,0.0,0.09433152369236424,-0.5318528111807014,0.6141807275337811
0.48,0.0,0.0,0.2844811067464032,1.0718498668640244,0.001976082242151582,-0.07197750987016643,0.41678012421753063,0.00122082142440799,0.18383380759269652,0.40856724510117165,0.0005663532500626805,1.5705170373616923,1.0507284820475893,-0.0012995650767617633,1.3728579239915117,0.4036659951147688,-0.0024258241693405546,1.4356592918775093,0.5694657766161442,-0.0021777526850904976,1.5663740968674469,1.0381237443450522,-0.0013183305776668759,1.4985451549676876,0.5582441436435244,-0.0023494761116548742,1.6050944959108984,0.5515473412584858,-0.0026376324474523473,1.5398881331226455,0.5528255934000229,-0.002470517973309069,1.562490679565856,1.027817208308714,-0.001337431173352433,1.36930604824125,1.007563510987132,-0.0009140072154103562,0.016916961202634535,0.5419318642915439,0.0013132550708495475,0.04958393795524029,0.5354307470964239,0.0012166964010752767,0.635955663630016,0.9954765884456478,0.0009145646964851945,23.999999999999996,0.0,0.09433042281079336,-0.5350886864605177,0.6162603716587285
0.482,0.0,0.0,0.28755899622783027,1.0718498668640244,0.001968421900294053,-0.07240047929651403,0.4167801242175307,0.0012218940852192427,0.185645848626557,0.4085672451011717,0.000561833593771188,1.5704824027169133,1.0507284820475895,-0.0012994713882852572,1.3716946913971289,0.40366599511476886,-0.002422979822191857,1.4307087691413,0.5694657766161442,-0.002165483788153413,1.5673025530837885,1.0381237443450522,-0.001320625881305987,1.4990307997539656,0.5582441436435245,-0.002350752528310408,1.603529646347554,0.5515473412584858,-0.002633867886631032,1.5387219613504861,0.5528255934000229,-0.0024676563493065567,1.5621899311481202,1.0278172083087143,-0.0013366836781428543,1.3654346060392732,1.007563510987132,-0.0009043563431352953,0.017208003274822605,0.541931864291544,0.0013125372577222738,0.05042611986568577,0.535430747096424,0.0012146170228529594,0.6422761107746701,0.995476588445648,0.0008988023120390801,24.0,0.0,0.09432932192922248,-0.5383245617403339,0.6183400157836759
0.484,0.0,0.0,0.2906505245894104,1.0718498668640246,0.001960727176590486,-0.07281720670303811,0.41678012421753075,0.001222951508785112,0.1874619384239912,0.40856724510117176,0.000557303491186537,1.5704504399120442,1.0507284820475895,-0.0012993848016733095,1.3705060201711496,0.4036659951147689,-0.0024200717407058996,1.4257156474100658,0.5694657766161443,-0.0021531074813128897,1.5682412626813318,1.0381237443450524,-0.0013229470218468404,1.4994913688326148,0.5582441436435245,-0.002351966640276103,1.6019064101518061,0.5515473412584859,-0.00262995576272267,1.5375342840905242,0.552825593400023,-0.002464740919876158,1.5618873444362786,1.0278172083087143,-0.0013359318070985148,1.3615523478022409,1.0075635109871321,-0.0008946777376303527,0.017503001183460456,0.541931864291544,0.0013118096525418035,0.05127880467065094,0.535430747096424,0.0012125115680768456,0.6486116010976671,0.9954765884456481,0.0008830011941774452,24.000000000000004,0.0,0.09432822104765161,-0.5415604370201502,0.6204196599086234
0.486,0.0,0.0,0.29375557765960236,1.0718498668640244,0.001952998355686535,-0.07322754491196266,0.4167801242175307,0.001223993327301422,0.1892819471027932,0.4085672451011717,0.0005527632666929513,1.5704209813903778,1.0507284820475895,-0.0012993048946611369,1.36929196472628,0.40366599511476886,-0.002417100062640952,1.4206802939946968,0.5694657766161442,-0.0021406246769848044,1.569190186693606,1.0381237443450522,-0.001325293795840699,1.4999268300922284,0.5582441436435245,-0.002353118062972726,1.6002249224902736,0.5515473412584858,-0.0026258976722333006,1.5363251188290556,0.5528255934000229,-0.002461771726726253,1.5615828306853863,1.0278172083087143,-0.001335175340318911,1.3576595514626166,1.007563510987132,-0.0008849720920377724,0.017801994164675417,0.541931864291544,0.001311072157770209,0.052142064349103685,0.535430747096424,0.0012103798560644328,0.6549616834934138,0.995476588445648,0.0008671624683699522,24.0,0.0,0.09432712016608073,-0.5447963122999665,0.6224993040335708
0.488,0.0,0.0,0.2968740409611213,1.0718498668640244,0.0019452357230110551,-0.07363134670504473,0.4167801242175307,0.0012250191728237333,0.19110574466440658,0.4085672451011717,0.0005482132449959463,1.5703938621165943,1.0507284820475895,-0.0012992312483569707,1.368052578004481,0.40366599511476886,-0.002414064924028778,1.4156030783317204,0.5694657766161442,-0.0021280362934463816,1.5701492848199414,1.0381237443450522,-0.0013276661058713845,1.5003371520670723,0.5582441436435245,-0.0023542067161217597,1.598485322518779,0.5515473412584858,-0.002621693953079469,1.5350944838557974,0.5528255934000229,-0.002458748813572582,1.5612763003760772,1.0278172083087143,-0.00133441405594168,1.3537564956056802,1.007563510987132,-0.0008752401011887118,0.01810502167465878,0.541931864291544,0.0013103246753171716,0.053015970573561624,0.535430747096424,0.0012082217068683009,0.6613259059734079,0.995476588445648,0.0008512872623805856,24.0,0.0,0.09432601928450986,-0.5480321875797828,0.6245789481585182
0.49,0.0,0.0,0.3000057997184938,1.0718498668640246,0.0019374395647572585,-0.07402846483923839,0.41678012421753075,0.0012260286773064387,0.19293320100610006,0.40856724510117176,0.000543653751091913,1.5703689214867909,1.0507284820475895,-0.001299163450172512,1.3667879102007934,0.4036659951147689,-0.00241096645722428,1.4104843716433517,0.5694657766161443,-0.00211534325428894,1.570994121384894,1.0381237443450524,-0.0013300638511872225,1.5008039089075391,0.5582441436435245,-0.0023552325210588697,1.5967091479088364,0.5515473412584859,-0.0026173449531507326,1.5338423982643274,0.552825593400023,-0.002455672226139436,1.560967663224979,1.0278172083087143,-0.0013336477301684074,1.34984345944671,1.0075635109871321,-0.0008654824615463702,0.01841212338876409,0.541931864291544,0.0013095671065422132,0.05390059469767601,0.535430747096424,0.001206036941307156,0.6677038157011199,0.9954765884456481,0.0008353767061806006,24.000000000000004,0.0,0.09432491840293898,-0.5512680628595991,0.6266585922834657
0.492,0.0,0.0,0.3031507388656327,1.0718498668640244,0.0019296101678638268,-0.07441875206238216,0.4167801242175307,0.0012270214726419226,0.19476418593315203,0.4085672451011717,0.0005390851102376791,1.570346004692238,1.0507284820475895,-0.0012991010985980034,1.365498007853022,0.40366599511476886,-0.0024078047877150615,1.4053245466876265,0.5694657766161442,-0.002102546487568019,1.5716777728435025,1.0381237443450522,-0.0013321759425996044,1.501357845463313,0.5582441436435245,-0.0023563994131600365,1.59490459787604,0.5515473412584858,-0.0026129045166258767,1.5325688819524863,0.5528255934000229,-0.0024525420121607614,1.560656828195215,1.0278172083087143,-0.0013328761372906617,1.3459207228080996,1.007563510987132,-0.000855699871148945,0.018723339200595768,0.541931864291544,0.00130879935225695,0.05479600774381771,0.535430747096424,0.00120382538099687,0.6740949590269306,0.995476588445648,0.0008194319318613202,24.0,0.0,0.0943238175213681,-0.5545039381394153,0.6287382364084131
0.494,0.0,0.0,0.3063087430534314,1.0718498668640244,0.0019217478199959792,-0.07480206112890848,0.4167801242175307,0.0012279971906997821,0.19659856917104235,0.4085672451011717,0.0005345076479200491,1.570324963655509,1.0507284820475895,-0.0012990438066116212,1.3641829132179593,0.40366599511476886,-0.002404580031845633,1.4001239775789756,0.5694657766161442,-0.002089646925178706,1.5722224136027914,1.0381237443450522,-0.001333885071246126,1.5019843712943701,0.5582441436435245,-0.0023577842545494713,1.593067992334535,0.5515473412584858,-0.0026083931415438856,1.5312739556227402,0.5528255934000229,-0.0024493582213811586,1.5603437035069951,1.0278172083087143,-0.0013320990497162515,1.3419885660964108,1.007563510987132,-0.0008458930295524192,0.01903870922108806,0.541931864291544,0.0013080213127273708,0.05570228039066664,0.535430747096424,0.0012015868483815158,0.680498881523125,0.995476588445648,0.0008034540735467935,24.0,0.0,0.09432271663979723,-0.5577398134192316,0.6308178805333605
0.496,0.0,0.0,0.30947969665737685,1.0718498668640246,0.001913852809526483,-0.07517824481557349,0.41678012421753075,0.001228955463366098,0.19843622037765046,0.40856724510117176,0.0005299216898253235,1.5703056576328276,1.0507284820475895,-0.0012989912040197987,1.3628426638714075,0.4036659951147689,-0.002401292295257976,1.3948830396637006,0.5694657766161443,-0.0020766455024070784,1.5726483555238575,1.0381237443450524,-0.0013352466731443473,1.5026701072053772,0.5582441436435245,-0.002359350569127114,1.591195978737551,0.5515473412584859,-0.0026038016276901227,1.5299576407825055,0.552825593400023,-0.0024461209055567927,1.5600281966482945,1.0278172083087143,-0.0013313162379957023,1.338047270279365,1.0075635109871321,-0.0008360626377731967,0.0193582737775743,0.541931864291544,0.00130723288767614,0.056619482960805934,0.535430747096424,0.0011993211667643935,0.6869151280189378,0.9954765884456481,0.0007874442673063078,24.000000000000004,0.0,0.09432161575822635,-0.5609756886990479,0.632897524658308
0.498,0.0,0.0,0.312663483785181,1.0718498668640244,0.0019059254255166188,-0.0755471559372058,0.4167801242175307,0.0012298959225827606,0.2002770091554583,0.4085672451011717,0.0005253275618088032,1.570287953557222,1.0507284820475895,-0.0012989429389630952,1.3614772924821124,0.40366599511476886,-0.002397941671891597,1.389602109438009,0.5694657766161442,-0.002063543157618891,1.5729732977296869,1.0381237443450522,-0.0013363115279470133,1.503403380179269,0.5582441436435245,-0.0023610649089046316,1.5892856599264755,0.5515473412584858,-0.002599121593697663,1.5286199597444352,0.5528255934000229,-0.0024428301184562067,1.5597102143856174,1.0278172083087143,-0.0013305274708489507,1.3340971168627753,1.007563510987132,-0.0008262093982305829,0.019682073412846505,0.541931864291544,0.0013064339762849245,0.057547685408322224,0.535430747096424,0.0011970281603390451,0.6933432426356488,0.995476588445648,0.0007714036510667755,24.0,0.0,0.09432051487665548,-0.5642115639788642,0.6349771687832554
0.5,0.0,0.0,0.3158599882844308,1.0718498668640244,0.0018979659576971086,-0.0759086473624728,0.4167801242175307,0.0012308182003868413,0.20212080506375657,0.4085672451011717,0.0005207255898642836,1.5702717261818662,1.0507284820475895,-0.0012988986787740814,1.3600868267198936,0.40366599511476886,-0.0023945282434183588,1.3842815644987836,0.5694657766161442,-0.0020503408320546625,1.57321264062211,1.0381237443450522,-0.0013371238834615868,1.5041740195057813,0.5582441436435245,-0.0023628980913393614,1.5873345392534133,0.5515473412584858,-0.0025943457966699744,1.5272609356266644,0.5528255934000229,-0.0024394859158610306,1.559389662774847,1.0278172083087143,-0.001329732515192258,1.3301383878674211,1.007563510987132,-0.0008163340146891085,0.020010148884205263,0.541931864291544,0.0013056244771967437,0.05848695730641325,0.535430747096424,0.0011947076542202545,0.6997827688217241,0.995476588445648,0.0007553333645249979,24.0,0.0,0.0943194139950846,-0.5674474392586805,0.6370568129082028
0.502,0.0,0.0,0.31906909375025533,1.0718498668640246,0.0018899746964489844,-0.07626257202966263,0.41678012421753075,0.001231721928950009,0.20396747763085335,0.40856724510117176,0.000516116100093538,1.5702568580709042,1.0507284820475895,-0.0012988581103356917,1.3586712892663242,0.4036659951147689,-0.0023910520790128113,1.3789217835192644,0.5694657766161443,-0.0020370394697065983,1.5733797637107154,1.0381237443450524,-0.0013377222406926442,1.5049731760435991,0.5582441436435245,-0.0023648246896556422,1.5853404722042115,0.5515473412584859,-0.0025894679949873185,1.5258805923530174,0.552825593400023,-0.0024360883555666034,1.5590664471721793,1.0278172083087143,-0.0013289311361653316,1.3261713658058674,1.0075635109871321,-0.0008064371922007225,0.020342541162499898,0.541931864291544,0.001304804288518347,0.0594373678350042,0.535430747096424,0.001192359474475027,0.7062332493880012,0.9954765884456481,0.0007392345490598102,24.000000000000004,0.0,0.09431831311351373,-0.5706833145384967,0.6391364570331503
0.504,0.0,0.0,0.32229068353301066,1.0718498668640244,0.0018819519327844226,-0.0766087829624808,0.4167801242175307,0.0012326067406179834,0.20581689636628353,0.4085672451011717,0.0005114994186757959,1.57024323947544,1.0507284820475895,-0.0012988209400582869,1.3572306979027415,0.40366599511476886,-0.0023875132353788882,1.373523146243416,0.5694657766161442,-0.002023640017257801,1.5734862713083262,1.0381237443450522,-0.0013381400484141581,1.5057931621200964,0.5582441436435245,-0.0023668225810001865,1.5833016237458877,0.5515473412584858,-0.002584482827364314,1.5244789546531754,0.5528255934000229,-0.0024326374973824864,1.5587404722451412,1.0278172083087143,-0.0013281230971586627,1.3221963336592306,1.007563510987132,-0.0007965196370468387,0.020679291431158948,0.541931864291544,0.0013039733078226104,0.06039898576837416,0.535430747096424,0.0011899834481535496,0.7126942265429156,0.995476588445648,0.0007231083476441169,24.0,0.0,0.09431721223194285,-0.573919189818313,0.6412161011580977
0.506,0.0,0.0,0.3255246407459813,1.0718498668640244,0.0018738979583275345,-0.07694713328585949,0.4167801242175307,0.0012334722679500287,0.2076689307730177,0.4085672451011717,0.0005068758718372204,1.5702307681246663,1.0507284820475895,-0.0012987868935696262,1.355765065655516,0.40366599511476886,-0.002383911756969932,1.3680860334940272,0.5694657766161442,-0.0020101434240681797,1.5735422097019192,1.0381237443450522,-0.0013384063174081851,1.5066273098233716,0.5582441436435245,-0.00236887254619143,1.5812164307195142,0.5515473412584858,-0.0025793857062185043,1.523056048062803,0.5528255934000229,-0.0024291334031328812,1.5584116419836902,1.0278172083087143,-0.0013273081598410674,1.3182135748538941,1.007563510987132,-0.0007865820566802467,0.02102044108521089,0.541931864291544,0.0013031314321509627,0.06137187946279378,0.535430747096424,0.0011875794033201247,0.7191652419277637,0.995476588445648,0.0007069559047568311,24.0,0.0,0.09431611135037198,-0.5771550650981293,0.6432957452830451
0.508,0.0,0.0,0.3287708482730984,1.0718498668640246,0.0018658130652951083,-0.07727747624177819,0.41678012421753075,0.0012343181437584757,0.2095234503596694,0.40856724510117176,0.0005022457858203851,1.5702193489559504,1.0507284820475895,-0.0012987557151926921,1.3542744009826275,0.4036659951147689,-0.0023802476763518676,1.3626108271906128,0.5694657766161443,-0.0019965506421947073,1.573556259010753,1.0381237443450524,-0.001338546163392167,1.5074698456701958,0.5582441436435245,-0.002370957915449618,1.5790835686833724,0.5515473412584859,-0.002574172723652571,1.521611898923635,0.552825593400023,-0.00242557613665695,1.5580798597113952,1.0278172083087143,-0.0013264860841874398,1.314223373238173,1.0075635109871321,-0.000776625159666905,0.021366031730295134,0.541931864291544,0.001302278558015833,0.06235611684417576,0.535430747096424,0.0011851471690840756,0.7256458366520024,0.9954765884456481,0.0006907783662947112,24.000000000000004,0.0,0.0943150104688011,-0.5803909403779456,0.6453753894079926
0.51,0.0,0.0,0.3320291887766736,1.0718498668640244,0.001857697546477315,-0.07759966520509429,0.4167801242175307,0.0012351440011482723,0.21138032465269915,0.4085672451011717,0.0004976094868537558,1.5702088938027179,1.0507284820475895,-0.0012987271672709022,1.3527587079889176,0.40366599511476886,-0.0023765210146696465,1.3570979103740093,0.5694657766161442,-0.0019828626264361713,1.5735359025894573,1.0381237443450522,-0.0013385812866642522,1.5083157798418827,0.5582441436435245,-0.0023730642550666785,1.5769019226837113,0.5515473412584858,-0.002568840568562216,1.5201465343835217,0.5528255934000229,-0.0024219657638090302,1.5577450280966996,1.0278172083087143,-0.0013256566285067023,1.3102260130589336,1.007563510987132,-0.0007666496556276026,0.021716105181663246,0.541931864291544,0.0013014145814031223,0.06335176539573928,0.535430747096424,0.0011826865756306207,0.7321355513285808,0.995476588445648,0.000674576879484114,24.0,0.0,0.09431390958723022,-0.5836268156577619,0.64745503353294
0.512,0.0,0.0,0.33529954470514906,1.0718498668640244,0.0018495516952183773,-0.07791355369938167,0.4167801242175307,0.0012359494735565623,0.2132394232086141,0.4085672451011717,0.0004929673011211813,1.5701993210549934,1.0507284820475895,-0.001298701029387821,1.3512179866600544,0.40366599511476886,-0.002372731782185372,1.351547667235218,0.5694657766161442,-0.001969080334394663,1.573487576518274,1.0381237443450522,-0.0013385303956110128,1.5091608083691577,0.5582441436435245,-0.0023751790904958958,1.5746705614934233,0.5515473412584858,-0.0025633864535630634,1.5186599823964346,0.5528255934000229,-0.002418302352458747,1.5574070491642622,1.0278172083087143,-0.0013248195494699633,1.306221778938167,1.007563510987132,-0.0007566562551795042,0.02207070346317042,0.541931864291544,0.0013005393977747021,0.06435889214568977,0.535430747096424,0.0011801974542517118,0.7386339261092996,0.995476588445648,0.0006583525927926681,24.0,0.0,0.09431280870565935,-0.5868626909375781,0.6495346776578874
0.514,0.0,0.0,0.3385817983008623,1.0718498668640246,0.0018413758053971892,-0.0782189954127763,0.41678012421753075,0.001236734194792281,0.21510061562616195,0.40856724510117176,0.0004883195547313941,1.5701905553042275,1.0507284820475895,-0.0012986770975185098,1.3496522331074035,0.4036659951147689,-0.0023688799788632135,1.3459604831465797,0.5694657766161443,-0.0019552047265476843,1.573416801441393,1.0381237443450524,-0.0013384095804330543,1.5100012268181935,0.5582441436435245,-0.002377291661814083,1.572388714913802,0.5515473412584859,-0.0025578080505873437,1.5171522717224286,0.552825593400023,-0.002414585972491029,1.5570658243063773,1.0278172083087143,-0.00132397460213887,1.3022109558495203,1.0075635109871321,-0.000746645669877587,0.022429868806257143,0.541931864291544,0.001299652902070934,0.06537756365491536,0.535430747096424,0.0011776796373768356,0.745140500720199,0.9954765884456481,0.0006421066558408714,24.000000000000004,0.0,0.09431170782408847,-0.5900985662173944,0.6516143217828348
0.516,0.0,0.0,0.3418758316078262,1.0718498668640244,0.0018331701714079053,-0.07851584421382676,0.4167801242175307,0.0012374977990757675,0.21696377155851762,0.4085672451011717,0.0004836665736875244,1.5701825269814487,1.0507284820475895,-0.001298655183141595,1.34806143981773,0.40366599511476886,-0.0023649655949815867,1.3403367446937982,0.5694657766161442,-0.0019412367663260888,1.57332829876369,1.0381237443450522,-0.001338232642740852,1.5108338541844029,0.5582441436435245,-0.0023793927079366725,1.5700557537824458,0.5515473412584858,-0.002552103434138291,1.5156234319275643,0.5528255934000229,-0.0024108166958060145,1.5567212542944726,1.0278172083087143,-0.0013231215399941577,1.2981938290947872,1.007563510987132,-0.000736618612155971,0.022793643648921055,0.541931864291544,0.0012987549887132173,0.06640784600470132,0.535430747096424,0.0011751329586037716,0.751654814496969,0.995476588445648,0.0006258402193136226,24.0,0.0,0.0943106069425176,-0.5933344414972107,0.6536939659077823
0.518,0.0,0.0,0.3451815264795231,1.0718498668640244,0.0018249350881404955,-0.07880395416734863,0.4167801242175307,0.0012382399210783938,0.2188287607254618,0.4085672451011717,0.0004790086838566352,1.570175171995689,1.0507284820475895,-0.001298635112334648,1.3464455959030615,0.40366599511476886,-0.0023609886117574026,1.334676839707673,0.5694657766161442,-0.001927177420194135,1.5732260929928672,1.0381237443450522,-0.0013380113860465947,1.5116559658396977,0.5582441436435245,-0.002381474276352196,1.5676711723722887,0.5515473412584858,-0.0025462710313099,1.5140734933837874,0.5528255934000229,-0.0024069945963188536,1.556373239290683,1.0278172083087143,-0.0013222601149643959,1.2941706842803602,1.007563510987132,-0.0007265757952691382,0.02316207063467898,0.541931864291544,0.0012978455516065577,0.0674498047844638,0.535430747096424,0.001172557252729307,0.7581764064203811,0.995476588445648,0.0006095544348716975,24.0,0.0,0.09430950606094672,-0.596570316777027,0.6557736100327297
0.52,0.0,0.0,0.34849876458671314,1.0718498668640246,0.001816670850961254,-0.07908317955028078,0.41678012421753075,0.0012389601959621984,0.2206954529255495,0.40856724510117176,0.0004743462109392749,1.5701684313779454,1.0507284820475895,-0.0012986167248702485,1.344804687347162,0.4036659951147689,-0.0023569490019707314,1.3289811572946812,0.5694657766161443,-0.0019130276577288216,1.5731136018150471,1.0381237443450524,-0.0013377558716195371,1.5124652345040008,0.5582441436435245,-0.0023835295554904333,1.5652345729035124,0.5515473412584859,-0.002540309577784507,1.5125024872687653,0.552825593400023,-0.002403119749959411,1.5560216788595012,1.0278172083087143,-0.001321390077454922,1.2901418072936457,1.0075635109871321,-0.0007165179332330701,0.023535192611519106,0.541931864291544,0.0012969244841421626,0.06850350507950428,0.535430747096424,0.0011699523557799005,0.7647048151517373,0.9954765884456481,0.0005932504550631676,24.000000000000004,0.0,0.09430840517937585,-0.5998061920568433,0.6578532541576771
0.522,0.0,0.0,0.35182742742525613,1.0718498668640244,0.0018083777556932783,-0.07935337486754236,0.4167801242175307,0.0012396582594195286,0.22256371804826766,0.4085672451011717,0.0004696794804390555,1.5701622509345943,1.0507284820475895,-0.0012985998733258898,1.3431386972459738,0.40366599511476886,-0.002352846730580983,1.3232500878657698,0.5694657766161442,-0.0018987884516963427,1.5729937153146845,1.0381237443450522,-0.0013374746436749874,1.5132596783240975,0.5582441436435245,-0.002385552727151191,1.5627456519223994,0.5515473412584858,-0.0025342180791125667,1.510910445565682,0.5528255934000229,-0.0023991922346718562,1.5556664719795008,1.0278172083087143,-0.0013205111763769672,1.286107484279446,1.007563510987132,-0.0007064457407662845,0.02391305263084329,0.541931864291544,0.0012959916792000623,0.06956901145878591,0.535430747096424,0.0011673181050422994,0.7712395790683346,0.995476588445648,0.0005769294332347768,24.0,0.0,0.09430730429780497,-0.6030420673366595,0.6599328982826246
0.524,0.0,0.0,0.3551673963239466,1.0718498668640244,0.0018000560985969205,-0.07961439486788864,0.4167801242175307,0.0012403337477126827,0.2244334260861803,0.4085672451011717,0.0004650088176322601,1.5701565809130904,1.0507284820475895,-0.001298584422217512,1.34144760604011,0.40366599511476886,-0.0023486817553280124,1.3174840231628997,0.5694657766161442,-0.0018844607781240642,1.5728688655918568,1.0381237443450522,-0.0013371749274240807,1.5140376152435813,0.5582441436435245,-0.0023875388367014323,1.560204188329628,0.5515473412584858,-0.0025279957766597837,1.5092974010629894,0.5528255934000229,-0.002395212130414148,1.555307517055136,1.0278172083087143,-0.0013196231591769663,1.2820680016163082,1.007563510987132,-0.0006963599332307852,0.02429569394639946,0.541931864291544,0.0012950470291517519,0.07064638796273326,0.535430747096424,0.0011646543390940952,0.7777802362989416,0.995476588445648,0.0005605925234432835,24.0,0.0,0.0943062034162341,-0.6062779426164758,0.662012542407572
0.526,0.0,0.0,0.3585185524523616,1.0718498668640246,0.0017917061763501952,-0.07986609455976446,0.41678012421753075,0.0012409862977135484,0.2263044471470601,0.40856724510117176,0.00046033454753747864,1.5701513756819288,1.0507284820475895,-0.0012985702471637523,1.3397313917380516,0.4036659951147689,-0.0023444540273133523,1.3116833562830248,0.5694657766161443,-0.0018700456163668886,1.5727410878895023,1.0381237443450524,-0.0013368628031170111,1.5147976229377926,0.5582441436435245,-0.002389483679000142,1.5576100328655773,0.5515473412584859,-0.0025216421176778555,1.507663387354114,0.552825593400023,-0.002391179519157416,1.5549447119286108,1.0278172083087143,-0.0013187257718660546,1.2780236458928442,1.0075635109871321,-0.0006862612265729401,0.024683160013204055,0.541931864291544,0.0012940904258628616,0.07173569809105665,0.535430747096424,0.001161960897834227,0.7843263247592839,0.9954765884456481,0.0005442408803667664,24.000000000000004,0.0,0.09430510253466322,-0.6095138178962921,0.6640921865325194
0.528,0.0,0.0,0.3618807768287205,1.0718498668640244,0.0017833282860291572,-0.08010832922715344,0.4167801242175307,0.0012416155469432378,0.2281766514660048,0.4085672451011717,0.000455656994885279,1.5701465934261556,1.0507284820475895,-0.0012985572340858482,1.3379900301291674,0.40366599511476886,-0.0023401634915582066,1.3058484816992992,0.5694657766161442,-0.0018555439491672015,1.5726120742181082,1.0381237443450522,-0.0013365433588611254,1.5155385036682654,0.5582441436435245,-0.0023913836982356706,1.554963098882332,0.5515473412584858,-0.002515156729017729,1.5060084388371227,0.5528255934000229,-0.002387094484885228,1.5545779538918219,1.0278172083087143,-0.0013178187590497414,1.2739747038840223,1.007563510987132,-0.0006761503372642808,0.025075494486454557,0.541931864291544,0.00129312176069585,0.07283700479060251,0.535430747096424,0.0011592376225134184,0.7908773821875368,0.995476588445648,0.0005278756592159104,24.0,0.0,0.09430400165309234,-0.6127496931761084,0.6661718306574669
0.53,0.0,0.0,0.3652539503277575,1.0718498668640244,0.00177492272508826,-0.08034095444542164,0.4167801242175307,0.0012422211336117104,0.23004990941753725,0.4085672451011717,0.0004509764840879173,1.5701421958591883,1.0507284820475895,-0.0012985452784464151,1.33622349498603,0.40366599511476886,-0.0023358100875359965,1.2999797952793988,0.5694657766161442,-0.0018409567627078877,1.5724832203540526,1.0381237443450522,-0.0013362208246826403,1.5162592534832393,0.5582441436435245,-0.0023932359000618524,1.5522633542516282,0.5515473412584858,-0.002508539394059616,1.5043325907143406,0.5528255934000229,-0.0023829571135927496,1.5542071396983705,1.0278172083087143,-0.001316901863957769,1.269921462527433,1.007563510987132,-0.0006660279822422261,0.025472741220431975,0.541931864291544,0.0012921409245127238,0.07395037044323104,0.535430747096424,0.0011564843557645538,0.7974329461798206,0.995476588445648,0.0005114980156452781,24.0,0.0,0.09430290077152147,-0.6159855684559247,0.6682514747824143
0.532,0.0,0.0,0.3686379536886046,1.0718498668640246,0.001766489791340668,-0.08056382609715389,0.41678012421753075,0.001242802696657381,0.23192409152768786,0.40856724510117176,0.0004462933392090863,1.5701381479512766,1.0507284820475895,-0.0012985342845289972,1.334431758255787,0.4036659951147689,-0.002331393749678153,1.2940776943009067,0.5694657766161443,-0.0018262850466581363,1.5723556669887688,1.0381237443450524,-0.0013358986900225006,1.5169590352551006,0.5582441436435245,-0.002395037774599287,1.5495108142752632,0.5515473412584859,-0.0025017900324828556,1.5026358789919279,0.552825593400023,-0.002378767493285794,1.5538321655756457,1.0278172083087143,-0.0013159748284741408,1.2658642088995324,1.0075635109871321,-0.0006558948788507523,0.025874944267393295,0.541931864291544,0.0012911478076777802,0.07507585685372245,0.535430747096424,0.0011537009416329824,0.8039925542256975,0.9954765884456481,0.0004951091056645688,24.000000000000004,0.0,0.09430179988995059,-0.619221443735741,0.6703311189073617
0.534,0.0,0.0,0.37203266752268643,1.0718498668640244,0.0017580297829385494,-0.08077680038798146,0.4167801242175307,0.0012433598757867115,0.23379906848605805,0.4085672451011717,0.0004416078839337096,1.5701344176746184,1.0507284820475895,-0.0012985241647592177,1.3326147902405587,0.40366599511476886,-0.0023269144078525454,1.2881425774637694,0.5694657766161442,-0.0018115297942119064,1.572230335717808,1.0381237443450522,-0.0013355798066092917,1.5176371551029768,0.5582441436435245,-0.0023967872290289404,1.5467055354797914,0.5515473412584858,-0.002494908682541943,1.5009183404794089,0.5528255934000229,-0.0023745257139797626,1.553452927236974,1.0278172083087143,-0.0013150373931673288,1.261803230191863,1.007563510987132,-0.0006457517447810013,0.026282147876453884,0.541931864291544,0.0012901423000603767,0.07621352523771331,0.535430747096424,0.001150887225606754,0.8105557437436652,0.995476588445648,0.00047871008554987635,24.0,0.0,0.09430069900837972,-0.6224573190155572,0.6724107630323092
0.536,0.0,0.0,0.3754379723216254,1.0718498668640244,0.001749542998353345,-0.08097973386239936,0.4167801242175307,0.0012438923115137804,0.23567471115786323,0.4085672451011717,0.00043692044153778413,1.5701309757648974,1.0507284820475895,-0.0012985148390675721,1.3307725597670093,0.40366599511476886,-0.002322371987814475,1.28217484489987,0.5694657766161442,-0.001796692002119063,1.5721079604805341,1.0381237443450522,-0.0013352664784318897,1.518293041799845,0.5582441436435245,-0.002398482528648631,1.543847610190879,0.5515473412584858,-0.002487895485553264,1.499180012789158,0.5528255934000229,-0.002370231867698465,1.553069319893838,1.0278172083087143,-0.0013140892973206493,1.2577388136872565,1.007563510987132,-0.0006355992980118275,0.026694396492459735,0.541931864291544,0.0012891242910377254,0.07736343620966414,0.535430747096424,0.0011480430546467768,0.8171220521166467,0.995476588445648,0.00046230211175495695,24.0,0.0,0.09429959812680884,-0.6256931942953735,0.6744904071572566
0.538,0.0,0.0,0.3788537484651568,1.0718498668640246,0.001741029736355998,-0.08117248341957173,0.41678012421753075,0.0012443996451998254,0.2375508905959544,0.40856724510117176,0.0004322313348582713,1.5701277954988222,1.0507284820475895,-0.0012985062342932697,1.3289050343453497,0.4036659951147689,-0.002317766411630601,1.2761748981797925,0.5694657766161443,-0.0017817726707093143,1.5719891149915286,1.0381237443450524,-0.0013349605403387044,1.5189262288090515,0.5582441436435245,-0.0024001222453908016,1.5409371617946896,0.5515473412584859,-0.0024807506723309824,1.4974209343358384,0.552825593400023,-0.0023658860484728375,1.552681238268161,1.0278172083087143,-0.001313130278962809,1.2536712467360203,1.0075635109871321,-0.0006254382567503109,0.027111734754849563,0.541931864291544,0.0012880936694977109,0.07852564977085963,0.535430747096424,0.0011451682772168998,0.823691016727471,0.9954765884456481,0.0004458863408225036,24.000000000000004,0.0,0.09429849724523796,-0.6289290695751898,0.676570051282204
0.54,0.0,0.0,0.382279876229054,1.0718498668640244,0.001732490295997169,-0.08135490632912389,0.4167801242175307,0.0012448815190927562,0.23942747805281658,0.4085672451011717,0.0004275408862630432,1.5701248524871187,1.0507284820475895,-0.0012984982836280817,1.3270121803181323,0.40366599511476886,-0.002313097598076452,1.270143140316875,0.5694657766161442,-0.0017667728039091207,1.5718742366428755,1.0381237443450522,-0.0013346634266161912,1.5195363386356837,0.5582441436435245,-0.0024017052129138177,1.5379743406043154,0.5515473412584858,-0.0024734745513405095,1.4956411443357964,0.5528255934000229,-0.0023614883523395388,1.5522885766046568,1.0278172083087143,-0.0013121600748986168,1.2496008167321075,1.007563510987132,-0.0006152693393722209,0.027534207496506674,0.541931864291544,0.0012870503238417363,0.07970022529744294,0.535430747096424,0.001142262743313911,0.8302621749943443,0.995476588445648,0.00042946392929544246,24.0,0.0,0.09429739636366709,-0.6321649448550061,0.6786496954071515
0.542,0.0,0.0,0.3857162357930629,1.0718498668640244,0.0017239249765874259,-0.08152686024691927,0.4167801242175307,0.0012453375763666365,0.24130434499254308,0.4085672451011717,0.00042284941762088784,1.5701221244823274,1.0507284820475895,-0.001298490926098823,1.3250939629992553,0.40366599511476886,-0.0023083654630084087,1.264079975768667,0.5694657766161442,-0.0017516934092518272,1.5717636473014807,1.0381237443450522,-0.0013343762307445584,1.5201230692143033,0.5582441436435245,-0.002403230487480398,1.5349593202586969,0.5515473412584858,-0.0024660674983645737,1.493840682806407,0.5528255934000229,-0.002357038877339434,1.5518912286832438,1.0278172083087143,-0.0013111784207398564,1.2455278110892762,1.007563510987132,-0.0006050932643624391,0.027961859742600566,0.541931864291544,0.0012859941419875935,0.08088722152848528,0.535430747096424,0.0011393263044974528,0.8368350644063062,0.995476588445648,0.00041303603362825934,24.0,0.0,0.09429629548209621,-0.6354008201348224,0.6807293395320989
0.544,0.0,0.0,0.38916270724884494,1.0718498668640246,0.0017153340776774042,-0.08168820323081988,0.41678012421753075,0.001245767461161125,0.24318136310278426,0.40856724510117176,0.0004181572502715717,1.5701195912006987,1.0507284820475895,-0.0012984841060868447,1.323150346803639,0.4036659951147689,-0.0023035699197112157,1.257985810435908,0.5694657766161443,-0.0017365354978813067,1.5716575713767136,1.0381237443450524,-0.0013340997573910707,1.5206861820866113,0.5582441436435245,-0.0024046973139269473,1.531892294589847,0.5515473412584859,-0.0024585299475005274,1.492019590565375,0.552825593400023,-0.0023525377235159603,1.5514890878315235,1.0278172083087143,-0.001310185050936324,1.2414525172172373,1.0075635109871321,-0.0005949107502553603,0.028394736709418184,0.541931864291544,0.0012849250113723587,0.08208669655409215,0.535430747096424,0.001136358813919847,0.8434092225586705,0.9954765884456481,0.00039660381009835486,24.000000000000004,0.0,0.09429519460052534,-0.6386366954146386,0.6828089836570463
0.546,0.0,0.0,0.392619170607929,1.0718498668640244,0.0017067178990379486,-0.08183879375642862,0.4167801242175307,0.0012461708186208764,0.24505840430666936,0.4085672451011717,0.0004134647049959686,1.5701172341574439,1.0507284820475895,-0.001298477772882773,1.321181295368061,0.40366599511476886,-0.0022987108792221753,1.2518610516591626,0.5694657766161442,-0.0017213000845494098,1.5715561514902585,1.0381237443450522,-0.0013338345675791535,1.5212254921511217,0.5582441436435245,-0.0024061050961077172,1.5287734749016046,0.5515473412584858,-0.002450862383328403,1.4901779092299876,0.5528255934000229,-0.0023479849929133804,1.5510820469373192,1.0278172083087143,-0.001309179698807023,1.237375222497795,1.007563510987132,-0.0005847225155752633,0.028832883803184793,0.541931864291544,0.0012838428189553147,0.08329870780354762,0.535430747096424,0.0011333601263558296,0.8499841871884461,0.995476588445648,0.0003801684147174439,24.0,0.0,0.09429409371895446,-0.6418725706944549,0.6848886277819938
0.548,0.0,0.0,0.39608550580967083,1.0718498668640244,0.0016980767406402386,-0.08197849073281194,0.4167801242175307,0.0012465472949348983,0.24693534077470014,0.4085672451011717,0.0004087721019862559,1.570115036514578,1.0507284820475895,-0.001298471880274636,1.319186771663653,0.40366599511476886,-0.0022937882506332305,1.245706108213236,0.5694657766161442,-0.0017059881876075461,1.5714594620415403,1.0381237443450522,-0.0013335810178630159,1.5217408587922239,0.5582441436435245,-0.002407453371268993,1.52560308760973,0.5515473412584858,-0.0024430653341077973,1.4883156812163194,0.5528255934000229,-0.002343380789574912,1.5506699984612782,1.0278172083087143,-0.0013081620965715124,1.233296214260982,1.007563510987132,-0.0005745292787766576,0.029276346618874387,0.541931864291544,0.001282747451220898,0.08452331203349794,0.535430747096424,0.001130330098232191,0.8565594962097361,0.995476588445648,0.0003637310031430047,24.0,0.0,0.09429299283738359,-0.6451084459742712,0.6869682719069412
0.55,0.0,0.0,0.3995615927292203,1.0718498668640246,0.0016894109026358846,-0.08210715351820128,0.41678012421753075,0.0012468965373758566,0.24881204493661513,0.40856724510117176,0.00040407976081617905,1.5701129829405904,1.0507284820475895,-0.0012984663861674711,1.3171667381005567,0.4036659951147689,-0.00228880194137221,1.2395213902995066,0.5694657766161443,-0.001690600828992729,1.5713675209278932,1.0381237443450524,-0.0013333392942412197,1.522232178218491,0.5582441436435245,-0.0024087417878717486,1.5223813721989874,0.5515473412584859,-0.00243513936587811,1.4864329497383904,0.552825593400023,-0.002338725219540741,1.5502528344495328,1.0278172083087143,-0.0013071319753814098,1.2292157797611898,1.0075635109871321,-0.0005643317581846247,0.02972517093900956,0.541931864291544,0.0012816387941816743,0.08576056531617587,0.535430747096424,0.0011272685876573152,0.8631346877491113,0.9954765884456481,0.00034729273058977994,24.000000000000004,0.0,0.09429189195581271,-0.6483443212540875,0.6890479160318886
0.552,0.0,0.0,0.40304731118549564,1.0718498668640244,0.0016807206853370101,-0.08222464193567171,0.4167801242175307,0.0012472181943393298,0.2506883894932231,0.4085672451011717,0.00039938800041139144,1.5701110594811902,1.0507284820475895,-0.0012984612522325023,1.3151211566252423,0.40366599511476886,-0.0022837518574644698,1.2333073095363027,0.5694657766161442,-0.001675139034208406,1.5712802996483146,1.0381237443450522,-0.0013331094414571027,1.522699376860026,0.5582441436435245,-0.0024099700864374167,1.5191085794580363,0.5515473412584858,-0.002427085077351254,1.484529758807274,0.5528255934000229,-0.0023340183908459188,1.5498304465464203,1.0278172083087143,-0.0013060890653520463,1.2251342061532982,1.007563510987132,-0.0005541306719351447,0.030179402732450768,0.541931864291544,0.0012805167333813361,0.08701052302766703,0.535430747096424,0.0011241754544506204,0.8697093001809559,0.995476588445648,0.0003308547517413418,24.0,0.0,0.09429079107424183,-0.6515801965339038,0.6911275601568361
0.554,0.0,0.0,0.40654254094916403,1.0718498668640244,0.0016720063891963218,-0.08233081628879625,0.4167801242175307,0.001247511915383006,0.25256424742820444,0.4085672451011717,0.0003946971390198716,1.5701092534403893,1.0507284820475895,-0.001298456443584002,1.3130499888109677,0.40366599511476886,-0.0022786379037761837,1.227064278947448,0.5694657766161442,-0.0016596038323003965,1.571197731992743,1.0381237443450522,-0.0013328913882581562,1.5231424056923217,0.5582441436435245,-0.002411138083041254,1.5157849699575408,0.5515473412584858,-0.002418903095498876,1.4826061532301573,0.5528255934000229,-0.0023292604135181274,1.5494027260072625,1.0278172083087143,-0.0013050330955942653,1.2210517804688061,1.007563510987132,-0.0005439267379154155,0.03063908815317491,0.541931864291544,0.001279381153897733,0.08827323983621957,0.535430747096424,0.0011210505601718926,0.8762828721627834,0.995476588445648,0.0003144182206617302,24.0,0.0,0.09428969019267096,-0.65481607181372,0.6932072042817835
0.556,0.0,0.0,0.4100471617506289,1.0718498668640246,0.0016632683147871513,-0.0824255373772743,0.41678012421753075,0.0012477773512658175,0.25443949201987937,0.40856724510117176,0.00039000749418241834,1.5701075532712114,1.0507284820475895,-0.0012984519284819996,1.3109531959418537,0.4036659951147689,-0.0022734599842404966,1.2207927129490996,0.5694657766161443,-0.0016439962558282592,1.5711197214949562,1.0381237443450524,-0.0013326849691192267,1.5235612353697907,0.5582441436435245,-0.002412245655121993,1.5124108127409754,0.5515473412584859,-0.002410594071747637,1.4806621786093526,0.552825593400023,-0.002324451399575336,1.5489695637112002,1.0278172083087143,-0.0013039637942463705,1.2169687895919652,1.0075635109871321,-0.000533720673704185,0.031104273539043135,0.541931864291544,0.0012782319403459228,0.08954876969059865,0.535430747096424,0.001117893768150511,0.8828549426705178,0.9954765884456481,0.0002979842907071617,24.000000000000004,0.0,0.09428858931110008,-0.6580519470935363,0.6952868484067309
0.558,0.0,0.0,0.41356105328802223,1.0718498668640244,0.0016545067627834887,-0.08250866651253258,0.4167801242175307,0.0012480141539870126,0.2563139968529412,0.4085672451011717,0.0003853193827032309,1.5701059484753448,1.0507284820475895,-0.0012984476780590547,1.308830739091023,0.40366599511476886,-0.002268218002067712,1.2144930273349959,0.5694657766161442,-0.0016283173408323888,1.571046147806051,1.0381237443450522,-0.0013324899428747599,1.5239558520660081,0.5582441436435245,-0.0024132927293156656,1.5089863842012146,0.5515473412584858,-0.002402158678706224,1.4786978813412572,0.5528255934000229,-0.0023195914630233243,1.5485308501740858,1.0278172083087143,-0.001302880888506215,1.212885520235918,1.007563510987132,-0.0005235131965120832,0.031575005410557785,0.541931864291544,0.0012770689768812524,0.09083716580848691,0.535430747096424,0.0011147049435145634,0.8894250510337386,0.995476588445648,0.0002815541144378256,24.0,0.0,0.0942874884295292,-0.6612878223733526,0.6973664925316784
0.56,0.0,0.0,0.41708409523520257,1.0718498668640244,0.0016457220339400054,-0.0825800655332971,0.4167801242175307,0.0012482219768251582,0.25818763583015425,0.4085672451011717,0.00038063312062057626,1.570104429511086,1.0507284820475895,-0.0012984436660693883,1.3066825791932335,0.40366599511476886,-0.0022629118599406355,1.2081656392602222,0.5694657766161442,-0.0016125681267971292,1.5709768721267543,1.0381237443450522,-0.0013323060086524968,1.5243262539300118,0.5582441436435245,-0.0024142792710562092,1.5055119671191803,0.5515473412584858,-0.002393597607356822,1.4767133086152657,0.5528255934000229,-0.002314680719853086,1.5480864755614288,1.0278172083087143,-0.0013017841046634288,1.2088022589188445,1.007563510987132,-0.0005133050231219649,0.03205133046960836,0.541931864291544,0.0012758921472024658,0.09213848066493244,0.535430747096424,0.0011114839532198428,0.8959927369708874,0.995476588445648,0.0002651288435297736,24.0,0.0,0.09428638754795833,-0.6645236976531689,0.6994461366566258
0.562,0.0,0.0,0.42061616724975753,1.0718498668640246,0.001636914429072055,-0.0826395968211346,0.41678012421753075,0.0012484004743770697,0.2600602831840139,0.40856724510117176,0.0003759490231775438,1.5701029877089607,1.0507284820475895,-0.0012984398686587413,1.3045086771124135,0.4036659951147689,-0.002257541460196161,1.2018109672236044,0.5694657766161443,-0.001596749656610195,1.5709117436562712,1.0381237443450524,-0.0013321328194542549,1.5246724468798232,0.5582441436435245,-0.002415205275716218,1.5019878495251855,0.5515473412584859,-0.002384911564651736,1.4747085084126303,0.552825593400023,-0.002309719288038107,1.5476363297013964,1.0278172083087143,-0.0013006731681317863,1.2047192919401188,1.0075635109871321,-0.0005030968698292809,0.03253329559820646,0.541931864291544,0.0012747013345548392,0.0934527659808453,0.535430747096424,0.0011082306660787288,0.9025575406244315,0.9954765884456481,0.0002487096286869017,24.000000000000004,0.0,0.09428528666638746,-0.6677595729329852,0.7015257807815732
0.5640000000000001,0.0,0.0,0.42415714898101065,1.0718498668640244,0.0016280842490356672,-0.08268712331596187,0.4167801242175307,0.0012485493025966633,0.261931813488369,0.4085672451011717,0.00037126740479289446,1.5701016151944371,1.0507284820475895,-0.0012984362641534281,1.3023089937044838,0.40366599511476886,-0.0022521067049941115,1.1954294310488265,0.5694657766161442,-0.0015808629765186506,1.5708506095906682,1.0381237443450522,-0.0013319699982780476,1.5249944380791192,0.5582441436435245,-0.0024160707580907466,1.4984143229435667,0.5515473412584858,-0.0023761012706667493,1.47268352950527,0.5528255934000229,-0.0023047072875315186,1.5471803020978672,1.0278172083087143,-0.0012995478034817055,1.2006369053564765,1.007563510987132,-0.0004928894523824673,0.033020947857209534,0.541931864291544,0.0012734964217333438,0.0947800727115444,0.535430747096424,0.0011049449527889468,0.909119002595983,0.995476588445648,0.0002322976195530413,24.0,0.0,0.09428418578481658,-0.6709954482128014,0.7036054249065207
0.5660000000000001,0.0,0.0,0.4277069200780318,1.0718498668640244,0.0016192317947075344,-0.08272250853152135,0.4167801242175307,0.0012486681188337316,0.26380210167000406,0.4085672451011717,0.0003665885790320067,1.5701003048171838,1.0507284820475895,-0.0012984328328671192,1.3000834898758296,0.40366599511476886,-0.0022466074964742873,1.1890214518643683,0.5694657766161442,-0.0015649091360817058,1.5707933177796893,1.0381237443450522,-0.0013318171631140402,1.525292234209806,0.5582441436435245,-0.002416875736088987,1.4947916819098794,0.5515473412584858,-0.002367167454212702,1.4706384214545296,0.5528255934000229,-0.0022996448402631178,1.5467182819435343,1.0278172083087143,-0.0012984077344728824,1.1965553849581971,1.007563510987132,-0.0004826834859233614,0.03351433448503335,0.541931864291544,0.0012722772910858363,0.09612045103535562,0.535430747096424,0.001101626685962199,0.9156766639813703,0.995476588445648,0.00021589396462416254,24.0,0.0,0.0942830849032457,-0.6742313234926177,0.7056850690314681
0.5680000000000001,0.0,0.0,0.43126536019765127,1.0718498668640246,0.001610357366964982,-0.08274561657082166,0.41678012421753075,0.0012487565818726303,0.2656710230201805,0.40856724510117176,0.00036191285857791925,1.5700990500863619,1.0507284820475895,-0.0012984295569239857,1.2978321266377593,0.4036659951147689,-0.0022410437369026516,1.1825874520823498,0.5694657766161443,-0.00154888918812056,1.570739715388543,1.0381237443450524,-0.0013316739335865924,1.525565842353827,0.5582441436435245,-0.002417620226415704,1.4911202241807862,0.5515473412584859,-0.002358110851628484,1.4685732346098856,0.552825593400023,-0.0022945320701362663,1.5462501581330628,1.0278172083087143,-0.0012972526840870503,1.1924750162453033,1.0075635109871321,-0.0004724796849276625,0.03401350289635308,0.541931864291544,0.0012710438245162768,0.09747395034226279,0.535430747096424,0.001098275740152671,0.9222300664056589,0.9954765884456481,0.00019949981116069467,24.000000000000004,0.0,0.09428198402167483,-0.677467198772434,0.7077647131564155
0.5700000000000001,0.0,0.0,0.4348323490124762,1.0718498668640244,0.0016014612666659328,-0.08275631214154124,0.4167801242175307,0.0012488143519708808,0.267538453206136,0.4085672451011717,0.0003572405552024781,1.5700978451114702,1.0507284820475895,-0.0012984264200969309,1.295554865157269,0.40366599511476886,-0.002235415328807476,1.1761278553763663,0.5694657766161442,-0.0015328041886655142,1.5706896483338961,1.0381237443450522,-0.001331539927608727,1.5258152703693013,0.5582441436435245,-0.002418304246775756,1.4874002508094795,0.5515473412584858,-0.002348932207305751,1.4664880201076016,0.5528255934000229,-0.002289369103024657,1.5457758192762927,1.0278172083087143,-0.0012960823745608713,1.1883960844037778,1.007563510987132,-0.00046227876314542836,0.03451850068079288,0.541931864291544,0.0012697959034879776,0.09884061922261284,0.535430747096424,0.001094891991885403,0.9287787520581193,0.995476588445648,0.00018311630509997291,24.0,0.0,0.09428088314010395,-0.6807030740522503,0.709844357281363
0.5720000000000001,0.0,0.0,0.4384077662189096,1.0718498668640244,0.0015925437946288706,-0.08275446057139378,0.4167801242175307,0.0012488410908976799,0.26940426828254055,0.4085672451011717,0.00035257197973758927,1.570096684548297,1.0507284820475895,-0.0012984234076597017,1.293251666804408,0.40366599511476886,-0.0022297221751062506,1.1696430866583893,0.5694657766161442,-0.0015166551969005553,1.5706429613056214,1.0381237443450522,-0.00133141475997211,1.5260405268841837,0.5582441436435245,-0.002418927816814442,1.483632066119268,0.5515473412584858,-0.002339632273877484,1.464382829869329,0.5528255934000229,-0.0022841560667689466,1.5452951537114936,1.0278172083087143,-0.0012948965274189462,1.1843188742818025,1.007563510987132,-0.00045208143354161457,0.03502937560160376,0.541931864291544,0.001268533409026878,0.10022050545587637,0.535430747096424,0.001091475319684528,0.9353222637271383,0.995476588445648,0.00016674459096882173,24.0,0.0,0.09427978225853308,-0.6839389493320666,0.7119240014063104
0.5740000000000001,0.0,0.0,0.44199149154517103,1.0718498668640246,0.0015836052516127875,-0.08273992782345387,0.41678012421753075,0.0012488364619723114,0.27126834470290717,0.40856724510117176,0.00034790744204657805,1.5700955635495648,1.0507284820475895,-0.001298420506251769,1.290922493196518,0.4036659951147689,-0.002223964179224098,1.1631335720548064,0.5694657766161443,-0.0015004432751056127,1.5705994981738256,1.0381237443450524,-0.0013312980424014225,1.5262416210384224,0.5582441436435245,-0.002419490958101648,1.4798159776100634,0.5515473412584859,-0.002330211812151955,1.4622577166006567,0.552825593400023,-0.0022788930911732653,1.5448080495186653,1.0278172083087143,-0.0012936948635069484,1.1802436703660195,1.0075635109871321,-0.0004418884082366759,0.035546175594329724,0.541931864291544,0.0012672562217248507,0.10161365599946508,0.535430747096424,0.0010880256041013692,0.9418601448350717,0.9954765884456481,0.00015038581179627447,24.000000000000004,0.0,0.0942786813769622,-0.6871748246118828,0.7140036455312578
0.5760000000000001,0.0,0.0,0.4455834047593185,1.0718498668640244,0.0015746459382971335,-0.08271258051144109,0.4167801242175307,0.0012488001301024614,0.27313055933095737,0.4085672451011717,0.00034324725099566135,1.5700944777198802,1.0507284820475895,-0.0012984177037549383,1.2885673062396035,0.40366599511476886,-0.0022181412452043727,1.1565997388816656,0.5694657766161442,-0.0014841694885966556,1.5705591026280903,1.0381237443450522,-0.0013311893845719335,1.5264185620746047,0.5582441436435245,-0.002419993693487245,1.475952295824319,0.5515473412584858,-0.002320671590878944,1.460112733789605,0.5528255934000229,-0.0022735803080015846,1.544314394532885,1.0278172083087143,-0.0012924771030248777,1.1761707567578188,1.007563510987132,-0.000431700398447219,0.03606894876546196,0.541931864291544,0.0012659642217430359,0.1030201169776074,0.535430747096424,0.0010845427277423973,0.9483919394730356,0.995476588445648,0.00013404110902644068,24.0,0.0,0.09427758049539132,-0.6904106998916991,0.7160832896562053
0.578,0.0,0.0,0.44918338567727134,1.0718498668640244,0.0015656661552617647,-0.08267228591496144,0.4167801242175307,0.0012487317618224295,0.2749907894519392,0.4085672451011717,0.00033859171442553583,1.5700934230746353,1.0507284820475895,-0.0012984149891807268,1.286186068167068,0.40366599511476886,-0.0022122532778120867,1.150042015619187,0.5694657766161442,-0.0014678349056638036,1.5705216189353626,1.0381237443450522,-0.0013310883957075954,1.526571358851255,0.5582441436435245,-0.0024204360460777005,1.4720413341921206,0.5515473412584858,-0.002311012386414583,1.4579479357050678,0.5528255934000229,-0.0022682178509739553,1.543814076357699,1.0278172083087143,-0.001291242965560427,1.1721004171496525,1.007563510987132,-0.0004215181144267172,0.03659774339108095,0.541931864291544,0.0012646572888152052,0.10443993367028365,0.535430747096424,0.0010810265752970417,0.9549171924356322,0.995476588445648,0.0001177116224315311,24.0,0.0,0.09427647961382045,-0.6936465751715154,0.7181629337811527
0.58,0.0,0.0,0.45279131417083285,1.0718498668640244,0.0015566662029668826,-0.08261891199470406,0.4167801242175307,0.0012486310253312304,0.2768489127838972,0.4085672451011717,0.0003339411391230812,1.5700923960025288,1.0507284820475895,-0.0012984123525676145,1.2837787415760338,0.40366599511476886,-0.002206300182630748,1.1434608318855992,0.5694657766161442,-0.0014514405975076072,1.5704868927349855,1.0381237443450522,-0.001330994686475776,1.5267000193320026,0.5582441436435245,-0.0024208180380193263,1.4680834088695889,0.5515473412584858,-0.002301234982334087,1.4557633773951995,0.5528255934000229,-0.0022628058557626124,1.5433069823785608,1.0278172083087143,-0.0012899921701224621,1.16803293480138,1.007563510987132,-0.00041134226540630146,0.03713260791548629,0.541931864291544,0.001263335302251158,0.105873150502222,0.535430747096424,0.0010774770335653509,0.9614354492556104,0.995476588445648,0.00010139849002503947,24.0,0.0,0.09427537873224957,-0.6968824504513317,0.7202425779061001
0.582,0.0,0.0,0.4564070701757133,1.0718498668640244,0.001547646381732979,-0.08255232740759219,0.4167801242175307,0.001248497590530587,0.2787048074888924,0.4085672451011717,0.0003292958307931862,1.5700913932314022,1.0507284820475895,-0.0012984097848873482,1.2813452894614479,0.40366599511476886,-0.0022002818661531623,1.1368566184103512,0.5694657766161442,-0.0014349876381736376,1.5704547710126955,1.0381237443450522,-0.0013309078709748334,1.526804550610845,0.5582441436435245,-0.0024211396892211954,1.4640788387195742,0.5515473412584858,-0.0022913401690277577,1.4535591146857463,0.5528255934000229,-0.0022573444599879415,1.5427929997763095,1.0278172083087143,-0.0012887244351746164,1.1639685925166448,1.007563510987132,-0.0004011735595356203,0.037673590949814206,0.541931864291544,0.0012619981409401444,0.10731981103195684,0.535430747096424,0.001073893991485505,0.967946256238454,0.995476588445648,8.510284797509399e-05,24.0,0.0,0.0942742778506787,-0.700118325731148,0.7223222220310476
0.584,0.0,0.0,0.4600305336995516,1.0718498668640244,0.0015386069917207779,-0.08247240152188647,0.4167801242175307,0.0012483311290628072,0.2805583521841721,0.4085672451011717,0.0003246560940306982,1.5700904117971102,1.0507284820475895,-0.0012984072779595318,1.27888567524816,0.40366599511476886,-0.0021941982358666978,1.1302298070067536,0.5694657766161442,-0.0014184771044855177,1.5704251004720806,1.0381237443450522,-0.0013308275666691083,1.5268849599836154,0.5582441436435245,-0.0024214010174183013,1.4600279455703495,0.5515473412584858,-0.002281328743652721,1.4513352041783232,0.5528255934000229,-0.0022518338032143084,1.5422720155406922,1.0278172083087143,-0.001287439478668988,1.1599076726192854,1.007563510987132,-0.00039101270382378207,0.0382207412706424,0.541931864291544,0.0012606456833543244,0.10877995794095059,0.535430747096424,0.0010702773401611678,0.9744491604968992,0.995476588445648,6.882583051798508e-05,24.0,0.0,0.09427317696910782,-0.7033542010109642,0.724401866155995
0.586,0.0,0.0,0.4636615848299358,1.0718498668640244,0.001529548332911182,-0.08237900443223926,0.4167801242175307,0.0012481313143485428,0.2824094259532871,0.4085672451011717,0.0003200222322924991,1.5700894490151671,1.0507284820475895,-0.0012984048243738016,1.2763998628211428,0.40366599511476886,-0.002188049200333478,1.1235808305440904,0.5694657766161442,-0.0014019100759765236,1.5703977285055706,1.0381237443450522,-0.001330753390317571,1.5269412543224519,0.5582441436435245,-0.0024216020408502274,1.455931054022859,0.5515473412584858,-0.0022712015107796595,1.449091703248635,0.5528255934000229,-0.0022462740269457507,1.5417439164839268,1.0278172083087143,-0.0012861370180799448,1.1558504569297838,1.007563510987132,-0.0003808604040803837,0.03877410781858216,0.541931864291544,0.0012592778075522543,0.11025363302278048,0.535430747096424,0.0010666269728886837,0.9809437099853754,0.995476588445648,5.256856987187198e-05,24.0,0.0,0.09427207608753695,-0.7065900762907805,0.7264815102809424
0.588,0.0,0.0,0.46730010374242165,1.0718498668640244,0.0015204707050852214,-0.08227200697469846,0.4167801242175307,0.001247897821624425,0.28425790835715653,0.4085672451011717,0.0003153945478697115,1.570088502454931,1.0507284820475895,-0.001298402417418944,1.2738878165540115,0.40366599511476886,-0.002181834669265935,1.116910122919246,0.5694657766161442,-0.0013852876348198655,1.5703725052733712,1.0381237443450522,-0.001330684960401296,1.526973438727093,0.5582441436435245,-0.0024217427766973186,1.451788491065402,0.5515473412584858,-0.002260959281910933,1.446828670044641,0.5528255934000229,-0.00224066527462153,1.5412085892543046,1.0278172083087143,-0.0012848167704380316,1.151797226741752,1.007563510987132,-0.0003707173648566298,0.03933373969685758,0.541931864291544,0.0012578943911824047,0.11174087717239163,0.535430747096424,0.001062942785184109,0.9874294535343684,0.995476588445648,3.6332196150681564e-05,24.0,0.0,0.09427097520596607,-0.7098259515705968,0.7285611544058899
0.59,0.0,0.0,0.4709459707085487,1.0718498668640244,0.001511374407804007,-0.08215128074165902,0.4167801242175307,0.0012476303279805728,0.28610367944507764,0.4085672451011717,0.0003107733418600379,1.5700875699161052,1.0507284820475895,-0.0012984000510183535,1.2713495013359897,0.40366599511476886,-0.0021755545535981067,1.1102181190278844,0.5694657766161442,-0.0013686108657577545,1.5703492852380019,1.0381237443450522,-0.0013306219023207977,1.5269815155316648,0.5582441436435245,-0.0024218232377089216,1.4476005857826093,0.5515473412584858,-0.0022506028745172906,1.4445461634846632,0.5528255934000229,-0.0022350076916115456,1.5406659203498314,1.0278172083087143,-0.001283478452363976,1.1477482627984597,1.007563510987132,-0.0003605842893865502,0.03989968616987154,0.541931864291544,0.0012564953114867162,0.11324173037541789,0.535430747096424,0.001059224674810081,0.9939059408847024,0.995476588445648,2.0117837278199047e-05,24.0,0.0,0.0942698743243952,-0.7130618268504131,0.7306407985308373
0.592,0.0,0.0,0.4745990661038535,1.0718498668640244,0.0015022597403886893,-0.08201669809676114,0.4167801242175307,0.0012473285123979743,0.2879466197656807,0.4085672451011717,0.0003061589141402352,1.5700866494073586,1.0507284820475895,-0.0012983977196712893,1.2687848825974524,0.40366599511476886,-0.002169208765553052,1.1035052547352184,0.5694657766161442,-0.0013518808560293505,1.570327928259174,1.0381237443450522,-0.0013305638522323744,1.5269654835985638,0.5582441436435245,-0.002421843429720351,1.4433676691405597,0.5515473412584858,-0.0022401331113103087,1.4422442432554365,0.5528255934000229,-0.002229301425211601,1.5401157961319065,1.0278172083087143,-0.001282121780102793,1.143703845269406,1.007563510987132,-0.0003504618795283193,0.04047199666175845,0.541931864291544,0.0012550804453041813,0.11475623169757146,0.535430747096424,0.0010554725418025154,1.0003727227217385,0.995476588445648,3.92661890236401e-06,24.0,0.0,0.09426877344282432,-0.7162977021302294,0.7327204426557847
0.594,0.0,0.0,0.478259270415879,1.0718498668640244,0.0014931270019004272,-0.08186813218973311,0.4167801242175307,0.0012469920557857297,0.2897866103778268,0.4085672451011717,0.0003015515633387275,1.5700857391268774,1.0507284820475895,-0.001298395418399423,1.2661939263341675,0.40366599511476886,-0.0021627972187067087,1.096771966846402,0.5694657766161442,-0.0013350986952976856,1.5703083003426583,1.0381237443450522,-0.0013305104597853047,1.5269253378382903,0.5582441436435245,-0.002421803349887598,1.4390900738318024,0.5515473412584858,-0.0022295508197051847,1.4399229698101035,0.5528255934000229,-0.0022235466246385343,1.5395581028390393,1.0278172083087143,-0.0012807464695579807,1.1396642537269361,1.007563510987132,-0.00034035083570568505,0.04105072075492338,0.541931864291544,0.001253649669074464,0.11628441927410307,0.535430747096424,0.0010516862884971316,1.0068293507094868,0.995476588445648,-1.2240335690226201e-05,24.0,0.0,0.09426767256125344,-0.7195335774100456,0.7348000867807322
0.596,0.0,0.0,0.48192646425218,1.0718498668640244,0.0014839764911203635,-0.08170545697117763,0.4167801242175307,0.0012466206410181595,0.2916235328614483,0.4085672451011717,0.0002969515868083622,1.570084837444681,1.0507284820475895,-0.00129839314269822,1.2635765991303503,0.40366599511476886,-0.002156319828048497,1.0900186930765736,0.5694657766161442,-0.0013182654755756445,1.5702902741178797,1.0381237443450522,-0.0013304613899940154,1.5268610689064437,0.5582441436435245,-0.0024217029854869147,1.434768134167324,0.5515473412584858,-0.0022188568314332915,1.4375824043661485,0.5528255934000229,-0.0022177434410252015,1.5389927266005996,1.0278172083087143,-0.0012793522363258125,1.1356297671229068,1.007563510987132,-0.00033025185684951055,0.0416359081885674,0.541931864291544,0.001252202858841552,0.11782633029933381,0.535430747096424,0.0010478658195558024,1.013275377524629,0.995476588445648,-2.8381905659596862e-05,24.0,0.0,0.09426657167968257,-0.7227694526898619,0.7368797309056796
0.598,0.0,0.0,0.48560052834832373,1.0718498668640244,0.001474808506529611,-0.08152854720729993,0.4167801242175307,0.0012462139529717709,0.2934572693283299,0.4085672451011717,0.00029235928059930845,1.570083942886546,1.0507284820475895,-0.0012983908884927288,1.2609328681806289,0.40366599511476886,-0.0021497765100389537,1.0832458720205824,0.5694657766161442,-0.0013013822911510738,1.5702737291039817,1.0381237443450522,-0.0013304163244320687,1.52677266303888,0.5582441436435245,-0.002421542313157298,1.4304021860050924,0.5515473412584858,-0.0022080519822720956,1.4352226089032751,0.5528255934000229,-0.002211892027415314,1.5384195534506038,1.0278172083087143,-0.0012779387957297134,1.1316006637653997,1.007563510987132,-0.0003201656403394371,0.042227608857198964,0.541931864291544,0.0012507398902574416,0.11938200101625997,0.535430747096424,0.0010440110419927256,1.0197103568904504,0.995476588445648,-4.449697269745257e-05,24.0,0.0,0.09426547079811169,-0.7260053279696782,0.738959375030627
0.6,0.0,0.0,0.4892813435758853,1.0718498668640244,0.0014656233462892515,-0.08133727849457623,0.4167801242175307,0.0012457716785620764,0.2952877024328299,0.4085672451011717,0.00028777493943210456,1.5700830541193975,1.0507284820475895,-0.0012983886520973914,1.2582627013110192,0.40366599511476886,-0.00214316718266465,1.0764539431224214,0.5694657766161442,-0.0012844502385110956,1.5702585518121686,1.0381237443450522,-0.0013303749618973238,1.52666010199383,0.5582441436435245,-0.002421321298488389,1.425992566706885,0.5515473412584858,-0.0021971371118665165,1.4328436461612246,0.5528255934000229,-0.0022059925387581305,1.5378384693415337,1.0278172083087143,-0.001276505862854724,1.1275772212954898,1.007563510987132,-0.0003100928819456694,0.042825872809131055,0.541931864291544,0.0012492606385858629,0.12095146670623239,0.535430747096424,0.0010401218652004102,1.0261338436106757,0.995476588445648,-6.058442111200602e-05,24.0,0.0,0.09426436991654082,-0.7292412032494945,0.7410390191555745
0.602,0.0,0.0,0.4929687909504371,1.0718498668640244,0.0014564213082203475,-0.08113152727436108,0.4167801242175307,0.0012452935067802672,0.2971147153825404,0.4085672451011717,0.00028319885667085445,1.5700821699380345,1.0507284820475895,-0.0012983864301795202,1.2555660669989905,0.40366599511476886,-0.002136491765490626,1.0696433466443924,0.5694657766161442,-0.001267470416265693,1.5702446357226012,1.0381237443450522,-0.001330337018667791,1.5265233630759973,0.5582441436435245,-0.0024210398958757636,1.421539615116752,0.5515473412584858,-0.0021861130636209977,1.4304455796375335,0.5528255934000229,-0.0022000451319030044,1.537249360158188,1.0278172083087143,-0.0012750531525820485,1.1235597166640665,1.007563510987132,-0.0003000342757708946,0.04343075024496379,0.541931864291544,0.0012477649787060324,0.12253476167871159,0.535430747096424,0.0010361982009754792,1.0325453936032096,0.995476588445648,-7.664313791256927e-05,24.0,0.0,0.09426326903496994,-0.7324770785293108,0.7431186632805219
0.604,0.0,0.0,0.49666275163953166,1.0718498668640244,0.0014472026897839683,-0.08091117084743203,0.4167801242175307,0.0012447791287297295,0.2989381919488847,0.4085672451011717,0.00027863132429657825,1.570081289253075,1.0507284820475895,-0.0012983842197261126,1.2528429343927028,0.40366599511476886,-0.0021297501797105543,1.0628145236360245,0.5694657766161442,-0.0012504439250706208,1.570231881166482,1.0381237443450522,-0.0013303022284438725,1.526362419222649,0.5582441436435245,-0.0024206980485811823,1.4170436715557997,0.5515473412584858,-0.0021749806846456657,1.428028473585233,0.5528255934000229,-0.0021940499655937764,1.5366521117315652,1.0278172083087143,-0.0012735803796236846,1.1195484261087119,1.007563510987132,-0.00028999051419233645,0.04404229151605236,0.541931864291544,0.0012462527851164506,0.12413191926110004,0.535430747096424,0.0010322399635442812,1.0389445639337758,0.995476588445648,-9.267201289390404e-05,24.0,0.0,0.09426216815339906,-0.735712953809127,0.7451983074054693
0.606,0.0,0.0,0.5003631069706775,1.0718498668640244,0.0014379677880612318,-0.08067608738847007,0.4167801242175307,0.001244228237662407,0.3007580164776516,0.4085672451011717,0.0002740726328807175,1.570080411080009,1.0507284820475895,-0.001298382018013714,1.2500932733294854,0.40366599511476886,-0.002122942348194835,1.0559679159027668,0.5694657766161442,-0.0012333718675497007,1.5702201951378165,1.0381237443450522,-0.0013302703420535744,1.5261772391357136,0.5582441436435245,-0.0024202956889478114,1.4125050778290342,0.5515473412584858,-0.002163740825743285,1.4255923930104875,0.5528255934000229,-0.0021880072004630256,1.5360466098527756,1.0278172083087143,-0.0012720872585571274,1.1155436251306383,1.007563510987132,-0.0002799622878039498,0.04466054712295991,0.541931864291544,0.0012447239319387292,0.12574297178865287,0.535430747096424,0.00102824706958831,1.0453309128494552,0.995476588445648,-0.00010866993872031938,24.0,0.0,0.09426106727182819,-0.7389488290889433,0.7472779515304168
0.608,0.0,0.0,0.5040697384393074,1.0718498668640244,0.0014287168997333673,-0.08042615596047452,0.4167801242175307,0.0012436405290150018,0.30257407389946517,0.4085672451011717,0.00026952307155880025,1.5700795345292595,1.0507284820475895,-0.001298379822581049,1.2473170543536245,0.40366599511476886,-0.002116068195536791,1.0491039659744756,0.5694657766161442,-0.0012162553482165568,1.5702094910543927,1.0381237443450522,-0.001330241126981911,1.5259677874471438,0.5582441436435245,-0.002419832738730473,1.4079241772408755,0.5515473412584858,-0.0021523943414263713,1.4231374036701712,0.5528255934000229,-0.0021819169990261616,1.5354327402869836,1.0278172083087143,-0.0012705735038601536,1.1115455884716867,1.007563510987132,-0.000269950285358766,0.04528556771389519,0.541931864291544,0.0012431782929214605,0.12736795059446857,0.535430747096424,0.0010242194382694277,1.0517039998121176,0.995476588445648,-0.00012463581100951804,24.0,0.0,0.09425996639025731,-0.7421847043687596,0.7493575956553642
0.61,0.0,0.0,0.5077825277167377,1.0718498668640244,0.0014194503210617927,-0.08016125652911069,0.4167801242175307,0.001243015700445013,0.30438624974018885,0.4085672451011717,0.00026498292800426635,1.5700786587971634,1.0507284820475895,-0.0012983776312041752,1.2445142487335155,0.40366599511476886,-0.002109127648097139,1.0422231170737117,0.5694657766161442,-0.0011990954733958287,1.570199688483509,1.0381237443450522,-0.0013302143667733512,1.5257340249074054,0.5582441436435245,-0.0024193091095090482,1.4033013146166387,0.5515473412584858,-0.0021409420899559744,1.4206635720693859,0.5528255934000229,-0.0021757795256753705,1.534810388787377,1.0278172083087143,-0.0012690388299456735,1.1075545900913886,1.007563510987132,-0.00025995519371138697,0.04591740408313462,0.541931864291544,0.0012416157414441222,0.12900688599956076,0.535430747096424,0.0010201569912548886,1.058063385531747,0.995476588445648,-0.00014056852841617395,24.0,0.0,0.09425886550868644,-0.7454205796485759,0.7514372397803116
0.612,0.0,0.0,0.5115013566581199,1.0718498668640244,0.0014101683478682167,-0.07988126997698894,0.4167801242175307,0.0012423534518666035,0.3061944301312628,0.4085672451011717,0.00026045248840245714,1.5700777831577875,1.0507284820475895,-0.0012983754418739346,1.2416848284782374,0.40366599511476886,-0.0021021206340468665,1.0353258130838654,0.5694657766161442,-0.001181893351143919,1.5701907128447519,1.0381237443450522,-0.001330189860346142,1.5254759085890703,0.5582441436435245,-0.0024187247031597025,1.398636836327845,0.5515473412584858,-0.002129384933395382,1.4181709654589147,0.5528255934000229,-0.0021695949466734076,1.5341794411091632,1.0278172083087143,-0.0012674829511966567,1.1035709031440935,1.007563510987132,-0.0002499776977606416,0.04655610716942852,0.541931864291544,0.0012400361505210237,0.13065980730301274,0.535430747096424,0.0010160596527421582,1.064408631999655,0.995476588445648,-0.00015646699271524734,24.0,0.0,0.09425776462711556,-0.7486564549283922,0.7535168839052591
0.614,0.0,0.0,0.5152261073103809,1.0718498668640244,0.0014008712755147613,-0.07958607811787367,0.4167801242175307,0.001241653485486299,0.30799850181997346,0.4085672451011717,0.00025593203742477227,1.5700769069555047,1.0507284820475895,-0.001298373252775495,1.2388287663535975,0.40366599511476886,-0.002095047083408671,1.0284124985171246,0.5694657766161442,-0.0011646500911693032,1.570182495099498,1.0381237443450522,-0.0013301674212492492,1.525193392099197,0.5582441436435245,-0.002418079412363865,1.3939310903196804,0.5515473412584858,-0.002117723737673398,1.4156596518326154,0.5528255934000229,-0.0021633634301472296,1.5335397830235924,1.0278172083087143,-0.0012659055820011223,1.0995947999561642,1.007563510987132,-0.00024001848039240383,0.047201728054391205,0.541931864291544,0.0012384393928052888,0.1323267427722158,0.535430747096424,0.0010119273494835282,1.0707393025215832,0.995476588445648,-0.00017233010888501765,24.0,0.0,0.09425666374554469,-0.7518923302082084,0.7555965280302065
0.616,0.0,0.0,0.5189566619201543,1.0718498668640244,0.0013915593988841088,-0.07927556371082065,0.4167801242175307,0.0012409155058385108,0.3097983521796543,0.4085672451011717,0.00025142185820299564,1.5700760295982608,1.0507284820475895,-0.001298371062269788,1.235946035897691,0.40366599511476886,-0.0020879069280970715,1.0214836184822986,0.5694657766161442,-0.001147366804752451,1.5701749714346984,1.0381237443450522,-0.0013301468768861147,1.5248864257955703,0.5582441436435245,-0.002417373121139181,1.3891844261392863,0.5515473412584858,-0.0021059593726529867,1.4131296999247493,0.5528255934000229,-0.0021570851460814815,1.5328913003320035,1.0278172083087143,-0.0012643064367871954,1.095626552003242,1.007563510987132,-0.00023007822242258059,0.047854317960874616,0.541931864291544,0.0012368253405928822,0.13400771963319294,0.535430747096424,0.0010077600108105206,1.077054961750688,0.995476588445648,-0.00018815678518983804,24.0,0.0,0.09425556286397381,-0.7551282054880247,0.7576761721551539
0.618,0.0,0.0,0.5226929029417009,1.0718498668640244,0.0013822330123596752,-0.07894961047424126,0.4167801242175307,0.0012401392198208782,0.31159386921981674,0.4085672451011717,0.00024692223230379356,1.5700751505514694,1.0507284820475895,-0.0012983688688766781,1.2330366114360167,0.40366599511476886,-0.0020807001019573054,1.0145396186525124,0.5694657766161442,-0.001130044604665386,1.570168082946782,1.0381237443450522,-0.0013301280677241157,1.5245549570029906,0.5582441436435245,-0.0024166057053801146,1.3843971949638665,0.5515473412584858,-0.002094092712202001,1.4105811792072491,0.5528255934000229,-0.002150760266311816,1.532233878879895,1.0278172083087143,-0.001262685230058223,1.0916664298875847,1.007563510987132,-0.00022015760254027517,0.04851392825132515,0.541931864291544,0.0012351938658266735,0.13570276406100926,0.535430747096424,0.0010035575686580778,1.083355175720409,0.995476588445648,-0.0002039459332625998,24.0,0.0,0.09425446198240293,-0.758364080767841,0.7597558162801014
0.62,0.0,0.0,0.526434713044816,1.0718498668640244,0.0013728924098058088,-0.07860810309989233,0.4167801242175307,0.00123932433672943,0.3133849415962102,0.4085672451011717,0.0002424334397033874,1.5700742693324785,1.0507284820475895,-0.0012983666712596998,1.2301004680961862,0.40366599511476886,-0.00207342654080312,1.0075809452327822,0.5694657766161442,-0.0011126846050909206,1.57016177533013,1.0381237443450522,-0.0013301108465043243,1.5241989302267018,0.5582441436435245,-0.0024157770333986654,1.379569749627838,0.5515473412584858,-0.0020821246342634515,1.4080141598869218,0.5528255934000229,-0.002144388964518066,1.5315674045710186,1.0278172083087143,-0.001261041676427952,1.0877147033154775,1.007563510987132,-0.00021025729725113185,0.04918061042612344,0.541931864291544,0.0012335448401005473,0.1374119011702703,0.535430747096424,0.000999319957588537,1.0896395118772155,0.995476588445648,-0.00021969646818690235,24.0,0.0,0.09425336110083206,-0.7615999560476573,0.7618354604050488
0.622,0.0,0.0,0.5301819751227267,1.0718498668640244,0.001363537884548021,-0.07825092726678978,0.4167801242175307,0.0012384705682935576,0.31517145862081,0.4085672451011717,0.00023795575876240372,1.5700733855055544,1.0507284820475895,-0.0012983644682122225,1.2271375818222596,0.40366599511476886,-0.0020660861824535436,1.0006080449274837,0.5694657766161442,-0.0010952879215415951,1.5701559985734566,1.0381237443450522,-0.0013300950774626946,1.5238182873607875,0.5582441436435245,-0.0024148869664579434,1.3747024446484435,0.5515473412584858,-0.002070056020923381,1.4054287129025882,0.5528255934000229,-0.002137971416217247,1.5308917633814925,1.0278172083087143,-0.0012593754906557609,1.0837716410747225,1.007563510987132,-0.00020037798082086388,0.04985441612190663,0.541931864291544,0.0012318781346635516,0.13913515500570992,0.535430747096424,0.0009950471148153844,1.095907539113231,0.995476588445648,-0.0002354073085789188,24.0,0.0,0.09425226021926118,-0.7648358313274736,0.7639151045299962
0.624,0.0,0.0,0.5339345722999742,1.0718498668640244,0.0013541697293532444,-0.07787796965504498,0.4167801242175307,0.0012375776287108012,0.31695331027173224,0.4085672451011717,0.00023348946620090432,1.570072498677337,1.0507284820475895,-0.0012983622586449123,1.22414792938874,0.40366599511476886,-0.002058678966768727,0.9936213649077243,0.5694657766161442,-0.0010778556707783488,1.5701507066665252,1.0381237443450522,-0.001330080635571011,1.5234129678899395,0.5582441436435245,-0.0024139353592931576,1.3697956362494021,0.5515473412584858,-0.0020578877584748944,1.4028249099221577,0.5528255934000229,-0.0021315077987564134,1.530206841373937,1.0278172083087143,-0.0012576863876819456,1.079837511012205,1.007563510987132,-0.00019052032521897633,0.050535397109872884,0.541931864291544,0.0012301936204240937,0.1408725485328687,0.535430747096424,0.0009907389802267853,1.1021588277987295,0.995476588445648,-0.00025107737666895725,24.0,0.0,0.09425115933769031,-0.7680717066072899,0.7659947486549437
0.626,0.0,0.0,0.5376923879402841,1.0718498668640244,0.0013447882364101254,-0.077489117959622,0.4167801242175307,0.0012366452346814392,0.31873038720307517,0.4085672451011717,0.00022903483707359867,1.5700716084927226,1.0507284820475895,-0.0012983600415743684,1.2211314884142521,0.40366599511476886,-0.002051204835684928,0.9866213527786288,0.5694657766161442,-0.0010603889707289506,1.5701458573189202,1.0381237443450522,-0.0013300674058036826,1.5229829090834812,0.5582441436435245,-0.0024129220606160374,1.3648496823823033,0.5515473412584858,-0.0020456207374772908,1.4002028233396386,0.5528255934000229,-0.002124998291305337,1.5295125247116281,1.0278172083087143,-0.0012559740826630567,1.0759125800115423,1.007563510987132,-0.0001806850000626825,0.05122360529406776,0.541931864291544,0.001228491167954178,0.14262410362886477,0.535430747096424,0.0009863954964088883,1.108392949814507,0.995476588445648,-0.0002667055983827038,24.0,0.0,0.09425005845611943,-0.7713075818871061,0.7680743927798911
0.628,0.0,0.0,0.5414553056544211,1.0718498668640244,0.001335393697309351,-0.0770842609040146,0.4167801242175307,0.0012356731054428817,0.320502580754685,0.4085672451011717,0.00022459214474524134,1.5700707146311361,1.0507284820475895,-0.001298357816112833,1.2180882373749322,0.40366599511476886,-0.002043663733248708,0.9796084565465463,0.5694657766161442,-0.0010428889404062117,1.5701414116920107,1.0381237443450522,-0.0013300552824346702,1.522528046180895,0.5582441436435245,-0.002411846913599892,1.359864942745542,0.5515473412584858,-0.0020332558528095438,1.397562526272083,0.5528255934000229,-0.0021184430748490395,1.5288086996726706,1.0278172083087143,-0.0012542382910072846,1.0719971139708147,1.007563510987132,-0.00017087267256102602,0.05191909270965202,0.541931864291544,0.0012267706474936907,0.1443898410732578,0.535430747096424,0.000982016608668898,1.1146094785841187,0.995476588445648,-0.0002822909034221477,24.0,0.0,0.09424895757454856,-0.7745434571669224,0.7701540369048385
0.63,0.0,0.0,0.5452232093080299,1.0718498668640244,0.0013259864030240082,-0.07666328825384132,0.4167801242175307,0.0012346609628038632,0.3222697829618462,0.4085672451011717,0.00022016166086621673,1.570069816803153,1.0507284820475895,-0.0012983555814588665,1.2150181556175519,0.40366599511476886,-0.0020360556056504085,0.9725831245861892,0.5694657766161442,-0.0010253566998260054,1.570137334144794,1.0381237443450522,-0.0013300441683673965,1.5220483125684052,0.5582441436435245,-0.0024107097563434263,1.3548417788006797,0.5515473412584858,-0.0020207940037176406,1.3949040925564649,0.5528255934000229,-0.00211184233218015,1.5280952526641862,1.0278172083087143,-0.001252478728409891,1.0680913777803813,1.007563510987132,-0.00016108400745920681,0.05262191152115054,0.541931864291544,0.00122503192895473,0.1461697805390081,0.535430747096424,0.0009776022650579154,1.1208079891059852,0.995476588445648,-0.0002978322253461768,24.0,0.0,0.09424785669297768,-0.7777793324467387,0.772233681029786
0.632,0.0,0.0,0.5489959830294591,1.0718498668640244,0.0013165666438899862,-0.07622609083035731,0.4167801242175307,0.00123360853117843,0.3240318865648945,0.4085672451011717,0.0002157436553483137,1.5700689147474434,1.0507284820475895,-0.0012983533368889088,1.211921223372396,0.40366599511476886,-0.0020283804012569575,0.9655458056077114,0.5694657766161442,-0.0010077933699251126,1.5701335919939499,1.0381237443450522,-0.0013300339744993545,1.5215436399463955,0.5582441436435245,-0.002409510422312202,1.3497805537861713,0.5515473412584858,-0.0020082360938554846,1.3922275967464939,0.5528255934000229,-0.002105196247891105,1.5273720702365194,1.0278172083087143,-0.00125069511088868,1.064195635300785,1.007563510987132,-0.00015131966698312348,0.05333211402068197,0.541931864291544,0.0012232748819259837,0.14796394058353168,0.535430747096424,0.0009731524163935399,1.126988057985361,0.995476588445648,-0.000313328501650843,24.0,0.0,0.0942467558114068,-0.781015207726555,0.7743133251547334
0.634,0.0,0.0,0.5527735112175696,1.0718498668640244,0.0013071347095864134,-0.07577256052388143,0.4167801242175307,0.00123251553761972,0.3257887850187523,0.4085672451011717,0.000211338396340693,1.5700680082280045,1.0507284820475895,-0.0012983510817496347,1.2087974217659125,0.40366599511476886,-0.002020638070644068,0.9584969486237318,0.5694657766161442,-0.0009902000724789182,1.5701301552881577,1.0381237443450522,-0.0013300246191222443,1.5210139584876232,0.5582441436435245,-0.002408248740757178,1.3446816327284536,0.5515473412584858,-0.0019955830313192137,1.3895331141093608,0.5528255934000229,-0.0020985050083661776,1.5266390390974576,1.0278172083087143,-0.001248887154819513,1.0603101493407454,1.007563510987132,-0.00014158031078413292,0.05404975262616864,0.541931864291544,0.0012214993756771552,0.14977233863985318,0.535430747096424,0.0009686670162822309,1.1331492634661666,0.995476588445648,-0.00032877867384928264,24.0,0.0,0.09424565492983593,-0.7842510830063713,0.7763929692796808
0.636,0.0,0.0,0.5565556785495255,1.0718498668640244,0.001297690889116137,-0.07530259030713712,0.4167801242175307,0.0012313817118535303,0.32754037250238505,0.4085672451011717,0.0002069461502060485,1.5700670970316568,1.0507284820475895,-0.0012983488154510376,1.2056467328331548,0.40366599511476886,-0.002012828566627859,0.9514370029163126,0.5694657766161442,-0.0009725779300189691,1.5701269965965161,1.0381237443450522,-0.001330016027357764,1.520459196986331,0.5582441436435245,-0.002406924537110247,1.3395453824504207,0.5515473412584858,-0.0019828357286749195,1.3868207206224168,0.5528255934000229,-0.0020917688017733447,1.525896046126465,1.0278172083087143,-0.0012470545769718584,1.0564351816352433,1.007563510987132,-0.00013186659588403373,0.05477487987952639,0.541931864291544,0.0012197052791634386,0.15159499100785728,0.535430747096424,0.0009641460211414272,1.1392911854626777,0.995476588445648,-0.00034418168755129654,24.0,0.0,0.09424455404826505,-0.7874869582861875,0.7784726134046283
0.638,0.0,0.0,0.5603423699885667,1.0718498668640244,0.0012882354707862472,-0.07481607424850581,0.4167801242175307,0.0012302067863116694,0.3292865439281779,0.4085672451011717,0.00020256718149696664,1.5700661809657783,1.0507284820475895,-0.0012983465374601683,1.2024691395300258,0.40366599511476886,-0.0020049518442959648,0.9443664180038974,0.5694657766161442,-0.0009549280657504211,1.5701240908107452,1.0381237443450522,-0.00133000813062866,1.519879282998461,0.5582441436435245,-0.0024055376333570163,1.3343721715773453,0.5515473412584858,-0.0019699951029798373,1.3840904929697846,0.5528255934000229,-0.002084987818055985,1.5251429783889294,1.0278172083087143,-0.0012451970945443769,1.0525709928237004,1.007563510987132,-0.00012217917662027844,0.05550754844483388,0.541931864291544,0.0012178924610300442,0.15343191284564095,0.535430747096424,0.0009595893902214169,1.145413405591073,0.995476588445648,-0.00035953649254257425,24.0,0.0,0.09424345316669418,-0.7907228335660038,0.7805522575295757
0.64,0.0,0.0,0.5641334707917633,1.0718498668640244,0.0012787687421886443,-0.0743129075251911,0.4167801242175307,0.0012289904961650913,0.3310271949512317,0.4085672451011717,0.0001982017529324845,1.570065259856255,1.0507284820475895,-0.001298344247295472,1.199264625745343,0.40366599511476886,-0.001997007861038142,0.9372856436082162,0.5694657766161442,-0.0009372516034693831,1.5701214149607332,1.0381237443450522,-0.0013300008661642326,1.519274142973253,0.5582441436435245,-0.0024040878483873418,1.329162370540325,0.5515473412584858,-0.001957062075797149,1.3813425085389022,0.5528255934000229,-0.0020781622489244042,1.524379723150421,1.0278172083087143,-0.001243314425200538,1.048717842428254,1.007563510987132,-0.0001125187045914211,0.05624781110648091,0.541931864291544,0.0012160607896167755,0.1552831181609668,0.535430747096424,0.0009549970856269577,1.151515507200835,0.995476588445648,-0.0003748420428635624,24.0,0.0,0.0942423522851233,-0.7939587088458201,0.7826319016545231
0.642,0.0,0.0,0.5679288665177507,1.0718498668640244,0.0012692909901806527,-0.07379298643629263,0.4167801242175307,0.0012277325793568045,0.33276222197857713,0.4085672451011717,0.0001938501253748501,1.5700643335456268,1.0507284820475895,-0.0012983419445216637,1.196033176312735,0.40366599511476886,-0.0019889965765764353,0.930195129621163,0.5694657766161442,-0.00091954966748018,1.5701189480429028,1.0381237443450522,-0.0013299941765392027,1.5186437023765635,0.5582441436435245,-0.0024025749983243214,1.3239163515773422,0.5515473412584858,-0.0019440375732045982,1.3785768454169975,0.5528255934000229,-0.002071292287847198,1.523606167890961,1.0278172083087143,-0.001241406287104267,1.0448759888321295,1.007563510987132,-0.00010288582860280504,0.05699572076729534,0.541931864291544,0.0012142101329626579,0.15714861980281983,0.535430747096424,0.0009503690723386431,1.1575970754060025,0.995476588445648,-0.00039009729688796734,24.0,0.0,0.09424125140355243,-0.7971945841256364,0.7847115457794706
0.644,0.0,0.0,0.5717284430344431,1.0718498668640244,0.0012598025008656844,-0.07325620841578803,0.4167801242175307,0.0012264327766345583,0.3344915221783067,0.4085672451011717,0.00018951255780648644,1.5700634018914121,1.0507284820475895,-0.0012983396287450932,1.1927747770223796,0.40366599511476886,-0.001980917952994915,0.9230953260716519,0.5694657766161442,-0.0009018233825125472,1.5701166708608176,1.0381237443450522,-0.0013299880092446264,1.517987885806283,0.5582441436435245,-0.002400998896832598,1.3186344887320447,0.5515473412584858,-0.0019309225257971411,1.3757935823874956,0.5528255934000229,-0.0020643781300424364,1.5228222003192995,1.0278172083087143,-0.0012394723989556167,1.0410456892581141,1.007563510987132,-9.328119461249396e-05,0.057751330446648194,0.541931864291544,0.001212340358810622,0.15902842945306842,0.535430747096424,0.0009457053182340106,1.1636576971162746,0.995476588445648,-0.0004053012174008863,24.0,0.0,0.09424015052198155,-0.8004304594054527,0.786791189904418
0.646,0.0,0.0,0.5755320865267283,1.0718498668640244,0.001250303559573953,-0.07270247204542153,0.4167801242175307,0.0012250908315832967,0.3362149934886229,0.4085672451011717,0.00018518930730716254,1.5700624647645918,1.0507284820475895,-0.0012983372996095567,1.1894894146325945,0.40366599511476886,-0.0019727719547690268,0.9159866830924567,0.5694657766161442,-0.0008840738736387694,1.5701145658774136,1.0381237443450522,-0.0013299823162894137,1.5173066171002463,0.5582441436435245,-0.0023993593554068964,1.3133171578503537,0.5515473412584858,-0.0019177178686838972,1.3729927989263544,0.5528255934000229,-0.002057419972468682,1.5220277083872042,1.0278172083087143,-0.001237512480026463,1.0372271997471316,1.007563510987132,-8.370544567745552e-05,0.05851469327853639,0.541931864291544,0.0012104513346122396,0.16092255761823096,0.535430747096424,0.0009410057941083891,1.1696969610679586,0.995476588445648,-0.0004204527716765666,24.0,0.0,0.09423904964041067,-0.8036663346852689,0.7888708340293654
0.648,0.0,0.0,0.5793396835041382,1.0718498668640244,0.0012407944508432403,-0.07213167706749789,0.4167801242175307,0.0012237064906573806,0.3379325346268023,0.4085672451011717,0.00018088062903137206,1.5700615220482388,1.0507284820475895,-0.0012983349567925056,1.18617707688129,0.40366599511476886,-0.001964558548794564,0.9088696508870395,0.5694657766161442,-0.0008663022661907813,1.5701126170782178,1.0381237443450522,-0.0013299770538309037,1.5165998194370478,0.5582441436435245,-0.0023976561836418046,1.3079647365750124,0.5515473412584858,-0.00190442454147967,1.370174575198333,0.5528255934000229,-0.0020504180138158287,1.521222580303753,1.0278172083087143,-0.001235526250196225,1.0334207751369227,1.007563510987132,-7.415922189999924e-05,0.0592858625096427,0.541931864291544,0.0012085429275325193,0.1628310136213497,0.535430747096424,0.0009362704736954827,1.1757144578547651,0.995476588445648,-0.0004355509315557765,24.0,0.0,0.0942379487588398,-0.8069022099650852,0.7909504781543129
0.65,0.0,0.0,0.583151120808499,1.0718498668640244,0.0012312754583997155,-0.07154372439758018,0.4167801242175307,0.0012222795032125716,0.3396440450980745,0.4085672451011717,0.00017658677618592356,1.5700605736362814,1.0507284820475895,-0.0012983326000016232,1.182837752497291,0.40366599511476886,-0.001956277704416303,0.9017446796963736,0.5694657766161442,-0.0008485096856772384,1.5701108098449164,1.0381237443450522,-0.0013299721818329142,1.5158674154301763,0.5582441436435245,-0.0023958891894838084,1.3025776043381885,0.5515473412584858,-0.0018910434882913167,1.367338992053188,0.5528255934000229,-0.002043372454495775,1.5204067045496348,1.0278172083087143,-0.0012335134299875966,1.0296266690408304,1.007563510987132,-6.464316037447681e-05,0.06006489149737244,0.541931864291544,0.0012066150044547535,0.16475380559397287,0.535430747096424,0.0009314993336876859,1.1817097799584442,0.995476588445648,-0.00045059467352279284,24.0,0.0,0.09423684787726892,-0.8101380852449015,0.7930301222792603
0.652,0.0,0.0,0.5869662856215557,1.0718498668640244,0.0012217468651388136,-0.07093851613709011,0.4167801242175307,0.0012208096215377772,0.34134942520441497,0.4085672451011717,0.00017230800000774302,1.5700596194323835,1.0507284820475895,-0.0012983302289717297,1.1794714312115353,0.40366599511476886,-0.0019479293934563055,0.8946122197657641,0.5694657766161442,-0.0008306972577005736,1.570109130838634,1.0381237443450522,-0.0013299676637496605,1.5151093272158787,0.5582441436435245,-0.0023940581794666296,1.2971561423522433,0.5515473412584858,-0.0018775756576992566,1.3644861310218015,0.5528255934000229,-0.0020362834966329126,1.519579969891456,1.0278172083087143,-0.0012314737406023013,1.0258451338266954,1.007563510987132,-5.5157895134246295e-05,0.06085183370786636,0.541931864291544,0.0012046674319854292,0.16669094046824687,0.535430747096424,0.0009266923537561278,1.187682521779262,0.995476588445648,-0.0004655829787819904,24.0,0.0,0.09423574699569805,-0.8133739605247178,0.7951097664042077
0.654,0.0,0.0,0.5907850654725747,1.0718498668640244,0.0012122089531061717,-0.0703159555858093,0.4167801242175307,0.001219296600886552,0.3430485760532508,0.4085672451011717,0.00016804454974189185,1.5700586593489345,1.0507284820475895,-0.0012983278434619849,1.1760781037681554,0.40366599511476886,-0.0019395135902419162,0.8874727213116724,0.5694657766161442,-0.0008128661078740498,1.570107567892303,1.0381237443450522,-0.0013299634662339544,1.514325476535157,0.5582441436435245,-0.0023921629589308854,1.2917007335987787,0.5515473412584858,-0.0018640220027343938,1.3616160743122359,0.5528255934000229,-0.0020291513440544467,1.5187422653960498,1.0278172083087143,-0.0012294069039568544,1.0220764205958608,1.007563510987132,-4.570405709890868e-05,0.06164674271398926,0.541931864291544,0.0012027000764591944,0.16864242396911927,0.535430747096424,0.000921849516570443,1.1936322796663144,0.995476588445648,-0.0004805148333340348,24.0,0.0,0.09423464611412717,-0.8166098358045341,0.7971894105291552
0.656,0.0,0.0,0.5946073482459192,1.0718498668640244,0.0012026620034786242,-0.06967594725428038,0.4167801242175307,0.00121774019950835,0.3447413995660793,0.4085672451011717,0.0001637966726198023,1.5700576933061365,1.0507284820475895,-0.0012983254432533625,1.1726577619354501,0.40366599511476886,-0.0019310302716334662,0.8803266344885478,0.5694657766161442,-0.0007950173617388206,1.5701061099115183,1.0381237443450522,-0.0013299595588681273,1.5135157848102903,0.5582441436435245,-0.0023902033322290815,1.2862117628160687,0.5515473412584858,-0.0018503834808507322,1.3587289048057187,0.5528255934000229,-0.0020219762022805326,1.5178934804447888,1.0278172083087143,-0.001227312642718339,1.0183207791622904,1.007563510987132,-3.6282274021822156e-05,0.06244967219329383,0.541931864291544,0.001200712803943887,0.17060826060665457,0.535430747096424,0.0009169708078182619,1.1995586519476773,0.995476588445648,-0.0004953892280516658,24.0,0.0,0.0942335452325563,-0.8198457110843503,0.7992690546541026
0.658,0.0,0.0,0.5984330221886003,1.0718498668640244,0.001193106296545263,-0.0690183968761062,0.4167801242175307,0.0012161401786795277,0.3464277984869976,0.4085672451011717,0.00015956461383773103,1.5700567212311802,1.0507284820475895,-0.0012983230281463675,1.1692103985167484,0.40366599511476886,-0.0019224794170517032,0.8731744093556704,0.5694657766161442,-0.000777152144681009,1.5701047467832896,1.0381237443450522,-0.0013299559139161655,1.5126801732162556,0.5582441436435245,-0.0023881791029169144,1.2806896164849806,0.5515473412584858,-0.0018366610538939573,1.3558247060525563,0.5528255934000229,-0.0020147582785142396,1.5170335047478996,1.0278172083087143,-0.0012251906803401862,1.014578458031801,1.007563510987132,-2.6893170437896074e-05,0.06326067592595913,0.541931864291544,0.0011987054802456256,0.17258845366846368,0.535430747096424,0.0009120562162244236,1.2054612389603878,0.995476588445648,-0.0005102051587550732,24.0,0.0,0.09423244435098542,-0.8230815863641666,0.80134869877905
0.66,0.0,0.0,0.6022619759178004,1.0718498668640244,0.0011835421116885602,-0.06834321142014613,0.4167801242175307,0.0012144963027340922,0.3481076763911432,0.4085672451011717,0.00015534861653543523,1.5700557430575,1.0507284820475895,-0.0012983205979589768,1.1657360073611727,0.40366599511476886,-0.0019138610085049487,0.8660164958440102,0.5694657766161442,-0.0007592715818488155,1.5701034692921427,1.0381237443450522,-0.0013299525060955935,1.511818562747411,0.5582441436435245,-0.0023860900739318277,1.275134682813482,0.5515473412584858,-0.001822855688066237,1.3529035622679737,0.5528255934000229,-0.0020074977816313335,1.5161622283587792,1.0278172083087143,-0.0012230407410979633,1.0108497043814113,1.007563510987132,-1.753736761167246e-05,0.06407980779270323,0.541931864291544,0.0011966779709139622,0.1745830052122486,0.535430747096424,0.000907105733569901,1.211339643080258,0.995476588445648,-0.0005249616262868495,24.0,0.0,0.09423134346941454,-0.8263174616439829,0.8034283429039975
0.662,0.0,0.0,0.6060940984283693,1.0718498668640244,0.0011739697273655601,-0.06765029910260774,0.4167801242175307,0.001212808339094192,0.34978093769304414,0.4085672451011717,0.00015114892177507124,1.570054758724103,1.0507284820475895,-0.0012983181525247761,1.1622345833743046,0.40366599511476886,-0.0019051750306160096,0.8588533437231055,0.5694657766161442,-0.0007413767980696651,1.5701022690430317,1.0381237443450522,-0.0013299493123677265,1.5109308742797822,0.5582441436435245,-0.0023839360477597164,1.269547351719833,0.5515473412584858,-0.0018089683538874905,1.3499655583278836,0.5528255934000229,-0.002000194922169877,1.51527954168831,1.0278172083087143,-0.0012208625501251625,1.0071347640388113,1.007563510987132,-8.21548348569845e-06,0.06490712177266941,0.541931864291544,0.001194630141247102,0.17659191605846378,0.535430747096424,0.0009021193547104387,1.2171934687515162,0.995476588445648,-0.0005396576365865253,24.0,0.0,0.09423024258784367,-0.8295533369237992,0.8055079870289449
0.664,0.0,0.0,0.6099292791002916,1.0718498668640244,0.0011643894210891378,-0.06693956939903269,0.4167801242175307,0.001211076058300346,0.35144748765487865,0.4085672451011717,0.00014696576852031893,1.5700537681749624,1.0507284820475895,-0.0012983156916912836,1.1587061225287572,0.40366599511476886,-0.0018964214706488395,0.8516854025679645,0.5694657766161442,-0.0007234689177674033,1.5701011383905654,1.0381237443450522,-0.001329946311744949,1.5100170286292762,0.5582441436435245,-0.0023817168265906443,1.26392801481455,0.5515473412584858,-0.001795000026153368,1.347010779764582,0.5528255934000229,-0.0019928499123196518,1.5143853355191736,1.0278172083087143,-0.0012186558334489894,1.0034338814619492,1.007563510987132,1.0718673708015603e-06,0.0657426719412855,0.541931864291544,0.0011925618562971866,0.1786151857830952,0.535430747096424,0.0008970970775949006,1.2230223225162744,0.995476588445648,-0.0005542922007646706,24.0,0.0,0.09422914170627279,-0.8327892122036155,0.8075876311538923
0.666,0.0,0.0,0.6137674077061256,1.0718498668640244,0.001154801469409332,-0.06621093305617533,0.4167801242175307,0.0012092992340414085,0.3531072323946429,0.4085672451011717,0.00014279939361573263,1.5700527713584704,1.0507284820475895,-0.0012983132153184323,1.1551506218746537,0.40366599511476886,-0.0018876003185349709,0.8445131217259941,0.5694657766161442,-0.0007055490648795509,1.5701000703740717,1.0381237443450522,-0.0013299434851137832,1.5090769466061287,0.5582441436435245,-0.0023794322124643793,1.2582770653812256,0.5515473412584858,-0.0017809516838901604,1.3440393127623707,0.5528255934000229,-0.001985462965911398,1.5134795010201627,1.0278172083087143,-0.0012164203180261486,0.999747299718744,1.007563510987132,1.0324073812956747e-05,0.06658651246809547,0.541931864291544,0.0011904729808756465,0.1806528127105588,0.535430747096424,0.000892038903283322,1.2288258130438203,0.995476588445648,-0.000568864335176566,24.0,0.0,0.09422804082470192,-0.8360250874834317,0.8096672752788397
0.668,0.0,0.0,0.6176083744184104,1.0718498668640244,0.001145206147894747,-0.06546430210377277,0.4167801242175307,0.001207477643184265,0.35476007889422645,0.4085672451011717,0.00013865003176632195,1.5700517682269448,1.0507284820475895,-0.0012983107232772022,1.1515680795500216,0.40366599511476886,-0.001878711566899712,0.8373369502839592,0.5694657766161442,-0.0006876183627746249,1.5700990586580577,1.0381237443450522,-0.001329940815072549,1.5081105490658733,0.5582441436435245,-0.0023770820074065107,1.252594898356288,0.5515473412584858,-0.0017668243103068496,1.3410512441531057,0.5528255934000229,-0.0019780342984058695,1.5125619297604898,1.0278172083087143,-0.0012141557317786212,0.9960752604669214,1.007563510987132,1.954052817096985e-05,0.06743869761456314,0.541931864291544,0.0011883633795586215,0.1827047939067194,0.535430747096424,0.0008869448359646631,1.2346035511597304,0.995476588445648,-0.0005833730614954308,24.0,0.0,0.09422693994313104,-0.839260962763248,0.8117469194037872
0.67,0.0,0.0,0.6214520698170434,1.0718498668640244,0.001135603731114035,-0.06469958986620497,0.4167801242175307,0.0012056110658032588,0.3564059350073943,0.4085672451011717,0.00013451791551736313,1.5700507587361838,1.0507284820475895,-0.0012983082154483883,1.1479584947910975,0.40366599511476886,-0.0018697552110881319,0.8301573370349761,0.5694657766161442,-0.0006696779341695374,1.570098097477646,1.0381237443450522,-0.0013299382857825137,1.507117756957099,0.5582441436435245,-0.0023746660135558722,1.2468819103077704,0.5515473412584858,-0.0017526188927445055,1.338046661411673,0.5528255934000229,-0.001970564126882707,1.5116325137240905,1.0278172083087143,-0.0012118618036294387,0.9924180039339767,1.007563510987132,2.87206263005263e-05,0.06829928173184706,0.541931864291544,0.0011862329166924524,0.18477112517203162,0.535430747096424,0.0008818148829742616,1.240355149874803,0.995476588445648,-0.000597817406785206,24.0,0.0,0.09422583906156017,-0.8424968380430643,0.8138265635287346
0.672,0.0,0.0,0.6252983848966244,1.0718498668640244,0.0011259944926174526,-0.06391671097404344,0.4167801242175307,0.0012036992852093394,0.3580447094676757,0.4085672451011717,0.0001304032752344435,1.570049742845065,1.0507284820475895,-0.001298305691721486,1.1443218679425493,0.40366599511476886,-0.0018607312491908216,0.8229747304455438,0.5694657766161442,-0.0006517289010470798,1.5700971815886013,1.0381237443450522,-0.0013299358828314845,1.5060984913662505,0.5582441436435245,-0.0023721840332839366,1.2411384994131645,0.5515473412584858,-0.0017383364226232114,1.3350256526513893,0.5528255934000229,-0.0019630526700291254,1.5106911453239216,1.0278172083087143,-0.0012095382635384404,0.9887757688972665,1.007563510987132,3.7863767632888013e-05,0.06916831925854608,0.541931864291544,0.0011840814563992424,0.18685180103480403,0.535430747096424,0.0008766490548109809,1.2460802244138087,0.995476588445648,-0.0006121964035728877,24.0,0.0,0.09422473817998929,-0.8457327133228806,0.815906207653682
0.674,0.0,0.0,0.6291472110737678,1.0718498668640244,0.0011163787049185,-0.06311558137548735,0.4167801242175307,0.0012017420879789353,0.35967631189615756,0.4085672451011717,0.00012630633908374003,1.5700487205151834,1.0507284820475895,-0.001298303151993689,1.1406582004676158,0.40366599511476886,-0.0018516396820694512,0.8157895786226153,0.5694657766161442,-0.0006337723845734991,1.5700963062215818,1.0381237443450522,-0.001329933593108873,1.5050526735597014,0.5582441436435245,-0.002369635869306815,1.235365065436421,0.5515473412584858,-0.0017239778953866967,1.3319883066193277,0.5528255934000229,-0.001955500148128416,1.5097377174162532,1.0278172083087143,-0.0012071848425380183,0.9851487926642306,1.007563510987132,4.696935522466361e-05,0.07004586471841509,0.541931864291544,0.001181908862582495,0.18894681474458783,0.535430747096424,0.00087144736515405,1.2517783922440548,0.995476588445648,-0.0006265090899204018,24.0,0.0,0.09422363729841841,-0.8489685886026969,0.8179858517786295
0.676,0.0,0.0,0.6329984401943805,1.0718498668640244,0.0011067566394756415,-0.06229611834768561,0.4167801242175307,0.001199739263982545,0.3613006528091832,0.4085672451011717,0.00012222733301253536,1.570047691710526,1.0507284820475895,-0.0012983005961689847,1.1369674949581652,0.40366599511476886,-0.0018424805133821173,0.8086023292807134,0.5694657766161442,-0.0006158095050161777,1.5700954670402785,1.0381237443450522,-0.0013299314046913242,1.5039802250233234,0.5582441436435245,-0.0023670213247904423,1.229562009704161,0.5515473412584858,-0.001709544310444838,1.3289347126915698,0.5528255934000229,-0.001947906783048262,1.508772123314952,1.0278172083087143,-0.0012048012727688474,0.9815373110527473,1.007563510987132,5.60367958072533e-05,0.07093197271805016,0.541931864291544,0.0011797149989328224,0.19105615826569144,0.535430747096424,0.0008662098308795904,1.2574492731037654,0.995476588445648,-0.0006407545094960171,24.0,0.0,0.09422253641684754,-0.8522044638825131,0.8200654959035769
0.678,0.0,0.0,0.6368519645409042,1.0718498668640244,0.00109712856667411,-0.0614582405079435,0.4167801242175307,0.0011976906064130408,0.3629176436259549,0.4085672451011717,0.00011816648072997122,1.570046656397177,1.0507284820475895,-0.001298298024157341,1.1332497551446736,0.40366599511476886,-0.001833253749608491,0.8014134297090941,0.5694657766161442,-0.0005978413816614231,1.5700946601031291,1.0381237443450522,-0.0013299293067380658,1.5028810674997484,0.5582441436435245,-0.002364340203449497,1.2237297350811531,0.5515473412584858,-0.0016950366711141881,1.3258649608683815,0.5528255934000229,-0.0019402727982288674,1.507794256805756,1.0278172083087143,-0.0012023872875155945,0.9779415583716221,1.007563510987132,6.50654998359615e-05,0.07182669794454256,0.541931864291544,0.0011774997289337346,0.19317982227082248,0.535430747096424,0.0008609364720768315,1.2630924890302693,0.995476588445648,-0.0006549317116452936,24.0,0.0,0.09422143553527666,-0.8554403391623294,0.8221451400285243
0.68,0.0,0.0,0.6407076768395235,1.0718498668640244,0.0010874947558078005,-0.06060186782481271,0.4167801242175307,0.0011955959118136856,0.3645271966760397,0.4085672451011717,0.00011412400368804199,1.5700456145430557,1.0507284820475895,-0.001298295435873969,1.1295049859061248,0.40366599511476886,-0.001823959400074762,0.7942233267389598,0.5694657766161442,-0.0005798691327323749,1.5700938818283168,1.0381237443450522,-0.0013299272893951926,1.5017551230235138,0.5582441436435245,-0.0023615923096405598,1.2178686459451107,0.5515473412584858,-0.0016804559845566684,1.3227791417693135,0.5528255934000229,-0.0019325984186708963,1.5068040121605402,1.0278172083087143,-0.0011999426212426045,0.9743617674012138,1.007563510987132,7.405488153877455e-05,0.07273009516310101,0.541931864291544,0.0011752629158675039,0.195317796134858,0.535430747096424,0.0008556273120640038,1.268707664387999,0.995476588445648,-0.0006690397514615532,24.0,0.0,0.09422033465370579,-0.8586762144421457,0.8242247841534718
0.682,0.0,0.0,0.6445654702673352,1.0718498668640244,0.0010778554750612524,-0.05972692162906325,0.4167801242175307,0.0011934549801058585,0.36612922520677826,0.4085672451011717,0.00011010012106282996,1.5700445661176756,1.0507284820475895,-0.0012982928312386655,1.125733193279832,0.40366599511476886,-0.00181459747697839,0.7870324667107262,0.5694657766161442,-0.000561893875307039,1.5700931289617814,1.0381237443450522,-0.0013299253437081616,1.5006023139542646,0.5582441436435245,-0.002358777448449973,1.2119791481608586,0.5515473412584858,-0.0016658032617165623,1.3196773466282272,0.5528255934000229,-0.0019248838709232266,1.50580128415157,1.0278172083087143,-0.0011974670096295647,0.9707981693741983,1.007563510987132,8.300435896479525e-05,0.07364221921464147,0.541931864291544,0.0011730044228211076,0.1974700679287449,0.535430747096424,0.000850282377403915,1.2742944258962958,0.995476588445648,-0.0006830776898558778,24.0,0.0,0.09421923377213491,-0.861912089721962,0.8263044282784192
0.684,0.0,0.0,0.6484252384594823,1.0718498668640244,0.001068210991491723,-0.05883332462453603,0.4167801242175307,0.0011912676146164849,0.3677236433905953,0.4085672451011717,0.00010609504973598361,1.5700435110919329,1.0507284820475895,-0.0012982902101752152,1.1219343844711815,0.40366599511476886,-0.001805167995412658,0.7798412954413462,0.5694657766161442,-0.0005439167252364552,1.570092398547999,1.0381237443450522,-0.0013299234615418232,1.4994225630081695,0.5582441436435245,-0.00235589542577685,1.2060616490539158,0.5515473412584858,-0.001651079517255932,1.3165596672882418,0.5528255934000229,-0.001917129383070511,1.5047859680657438,1.0278172083087143,-0.0011949601896071394,0.9672509939564727,1.007563510987132,9.191335403233414e-05,0.07456312501334382,0.541931864291544,0.0011707241126922565,0.19963662441353147,0.535430747096424,0.0008449016979191978,1.2798524026570182,0.995476588445648,-0.0006970445936266195,24.0,0.0,0.09421813289056404,-0.8651479650017783,0.8283840724033666
0.686,0.0,0.0,0.6522868755162466,1.0718498668640244,0.0010585615710113554,-0.057921000898874746,0.4167801242175307,0.0011890336221051668,0.36931036633221187,0.4085672451011717,0.00010210900427644096,1.5700424494379124,1.0507284820475895,-0.0012982875726108584,1.1181085678632998,0.40366599511476886,-0.0017956709733910317,0.7726502581916919,0.5694657766161442,-0.000525938797063005,1.5700916879032967,1.0381237443450522,-0.0013299216355073674,1.498215793287703,0.5582441436435245,-0.0023529460484116127,1.2001165573835344,0.5515473412584858,-0.001636285769488575,1.313426196196608,0.5528255934000229,-0.0019093351847205473,1.5037579597188213,1.0278172083087143,-0.001192421899392574,0.9637204692282021,1.007563510987132,0.00010078129257664798,0.07549286754417488,0.541931864291544,0.0011684218481955006,0.20181745103453114,0.535430747096424,0.0008394853067072314,1.2853812261819553,0.995476588445648,-0.0007109395355284254,24.0,0.0,0.09421703200899316,-0.8683838402815945,0.8304637165283141
0.6880000000000001,0.0,0.0,0.6561502760101039,1.0718498668640244,0.0010489074783694445,-0.056989875934135716,0.4167801242175307,0.0011867528127910136,0.37088931007575804,0.4085672451011717,9.81421969223996e-05,1.5700413811287153,1.0507284820475895,-0.0012982849184758072,1.114255753026643,0.40366599511476886,-0.0017861064318713275,0.765459799634001,0.5694657766161442,-0.0005079612039388693,1.57009099459149,1.0381237443450522,-0.0013299198588956113,1.4969819283099255,0.5582441436435245,-0.002349929124110446,1.194144283315238,0.5515473412584858,-0.0016214230403126216,1.3102770263995034,0.5528255934000229,-0.0019015015069914628,1.5027171554696388,1.0278172083087143,-0.0011898518785252677,0.9602068216650091,1.007563510987132,0.00010960760439732458,0.07643150186037688,0.541931864291544,0.001166097491868423,0.20401253191562047,0.535430747096424,0.0008340332401547322,1.2908805304200386,0.995476588445648,-0.0007247615943407682,24.0,0.0,0.09421593112742228,-0.8716197155614108,0.8325433606532615
0.6900000000000001,0.0,0.0,0.660015334992737,1.0718498668640244,0.0010392489771348012,-0.056039876617274435,0.4167801242175307,0.0011844250003791661,0.37246039161178623,0.4085672451011717,9.419483756353417e-05,1.5700403061383033,1.0507284820475895,-0.0012982822477028144,1.1103759507285103,0.40366599511476886,-0.0017764743947796854,0.758270363819387,0.5694657766161442,-0.0004899850575446421,1.5700903164016526,1.0381237443450522,-0.0013299181256160948,1.4957208920333906,0.5582441436435245,-0.0023468444616660026,1.1881452383928925,0.5515473412584858,-0.0016064923551418805,1.3071122515367508,0.5528255934000229,-0.0018936285824987012,1.501663452234308,1.0278172083087143,-0.0011872498679023115,0.9567102761193105,1.007563510987132,0.00011839172330530695,0.07737908308092094,0.541931864291544,0.0011637509060779178,0.20622184985367192,0.535430747096424,0.0008285455379520089,1.296349951784354,0.995476588445648,-0.0007385098549359764,24.0,0.0,0.09421483024585141,-0.8748555908412271,0.8346230047782089
0.6920000000000001,0.0,0.0,0.663881948002008,1.0718498668640244,0.0010295863296782184,-0.05507093125050748,0.4167801242175307,0.0011820500020870129,0.3740235288841838,0.4085672451011717,9.026713372346368e-05,1.5700392244413597,1.0507284820475895,-0.0012982795602267843,1.1064691729424803,0.40366599511476886,-0.0017667748890343535,0.7510823941454179,0.5694657766161442,-0.000472011468008107,1.5700896513278315,1.0381237443450522,-0.0013299164301415012,1.4944326088837925,0.5582441436435245,-0.0023436918709746654,1.182119835510346,0.5515473412584858,-0.0015914947428360168,1.303931965836461,0.5528255934000229,-0.0018857166453418199,1.5005967475003996,1.0278172083087143,-0.0011846156098139842,0.9532310558018002,1.007563510987132,0.00012713308716955362,0.0783356663879247,0.541931864291544,0.0011613819530265578,0.2084453863131232,0.535430747096424,0.0008230222431068803,1.3017891291789485,0.995476588445648,-0.000752183408346765,24.0,0.0,0.09421372936428053,-0.8780914661210434,0.8367026489031564
0.6940000000000001,0.0,0.0,0.6677500110688868,1.0718498668640244,0.0010199197971550412,-0.05408296956154845,0.4167801242175307,0.0011796276386700955,0.37557864079698466,0.4085672451011717,8.635929054246982e-05,1.5700381360131639,1.0507284820475895,-0.0012982768559844254,1.1025354328577703,0.40366599511476886,-0.0017570079445692786,0.7438963333237669,0.5694657766161442,-0.0004540415438231843,1.570088997550548,1.0381237443450522,-0.0013299147674569484,1.4931170037784594,0.5582441436435245,-0.00234047116310067,1.1760684888826671,0.5515473412584858,-0.0015764312356296504,1.3007362641095959,0.5528255934000229,-0.0018777659310910953,1.4995169393411087,1.0278172083087143,-0.0011819488479792135,0.949769382263083,1.007563510987132,0.00013583113796332923,0.0793013070240335,0.541931864291544,0.0011589904947590483,0.2106831214206842,0.535430747096424,0.0008174634019582521,1.3071977040254334,0.995476588445648,-0.0007657813518332512,24.0,0.0,0.09421262848270966,-0.8813273414008597,0.8387822930281038
0.6960000000000001,0.0,0.0,0.6716194207243372,1.0718498668640244,0.0010102496394878441,-0.053075922713716674,0.4167801242175307,0.0011771577344476978,0.37712564722107966,0.4085672451011717,8.24715107604676e-05,1.5700370408294801,1.0507284820475895,-0.001298274134913936,1.098574744888519,0.40366599511476886,-0.0017471735943575036,0.7367126233479359,0.5694657766161442,-0.0004360763917690569,1.57008835341993,1.0381237443450522,-0.0013299131330137398,1.4917740021497936,0.5582441436435245,-0.0023371821503373373,1.1699916140170135,0.5515473412584858,-0.0015613028690604532,1.2975252417444554,0.5528255934000229,-0.0018697766767739323,1.4984239264294024,1.0278172083087143,-0.0011792493275809863,0.9463254753754584,1.007563510987132,0.0001444853218101222,0.0802760602897643,0.541931864291544,0.0011565763931687765,0.2129350339601829,0.535430747096424,0.0008118690641893495,1.3125753202893786,0.995476588445648,-0.0007793027889494636,24.0,0.0,0.09421152760113878,-0.884563216680676,0.8408619371530512
0.6980000000000001,0.0,0.0,0.6754900740061573,1.0718498668640244,0.001000576115349218,-0.05204972331591742,0.4167801242175307,0.0011746401173281186,0.37866446900082434,0.4085672451011717,7.860399470023011e-05,1.5700359388664566,1.0507284820475895,-0.0012982713969547266,1.094587124682991,0.40366599511476886,-0.0017372718744343755,0.7295317054610554,0.5694657766161442,-0.0004181171168294792,1.5700877174403338,1.0381237443450522,-0.0013299115226871943,1.4904035299677432,0.5582441436435245,-0.002333824646265673,1.163889627683154,0.5515473412584858,-0.0015461106818963192,1.294298994701087,0.5528255934000229,-0.0018617491208610811,1.4973176080521462,1.0278172083087143,-0.0011765167953017204,0.9428995533148582,1.007563510987132,0.00015309508902918378,0.08125998154081185,0.541931864291544,0.0011541395100044495,0.21520110136755155,0.535430747096424,0.0008062392828406029,1.3179216245064986,0.995476588445648,-0.0007927468296093265,24.0,0.0,0.0942104267195679,-0.8877990919604922,0.8429415812779987
0.7000000000000001,0.0,0.0,0.679361868465774,1.0718498668640244,0.0009908994821446677,-0.051004305432492236,0.4167801242175307,0.0011720746188336204,0.3801950279605447,0.4085672451011717,7.47569402508684e-05,1.570034830100537,1.0507284820475895,-0.0012982686420471678,1.0905725891327047,0.40366599511476886,-0.0017273028239205555,0.7223540201237655,0.5694657766161442,-0.00040016482211227805,1.5700870882563336,1.0381237443450522,-0.0013299099327382042,1.4890055137613905,0.5582441436435245,-0.002330398465810547,1.1577629478836735,0.5515473412584858,-0.0015308557160616707,1.2910576195056156,0.5528255934000229,-0.0018536835032526603,1.4961978841242123,1.0278172083087143,-0.00117375099935858,0.9394918325429384,1.007563510987132,0.00016165989418068434,0.08225312618531602,0.541931864291544,0.0011516797068768306,0.21748129972595445,0.535430747096424,0.0008005741143221811,1.323236265808626,0.995476588445648,-0.0008061125901521266,24.0,0.0,0.09420932583799703,-0.8910349672403085,0.8450212254029461
0.7020000000000001,0.0,0.0,0.6832347021749909,1.0718498668640244,0.000981219995995626,-0.0499396045929382,0.4167801242175307,0.0011694610741250573,0.3817172469109393,0.4085672451011717,7.093054285156748e-05,1.5700337145083791,1.0507284820475895,-0.0012982658701323686,1.0865311563814815,0.40366599511476886,-0.0017172664850448396,0.7151800069821771,0.5694657766161442,-0.0003822206087690533,1.570086464639952,1.0381237443450522,-0.0013299083597782036,1.4875798806397311,0.5582441436435245,-0.002326903425294665,1.1516119938238791,0.5515473412584858,-0.0015155390165629693,1.2878012132444965,0.5528255934000229,-0.0018455800652639818,1.4950646552025642,1.0278172083087143,-0.001170951689538745,0.9361025277893283,1.007563510987132,0.0001701791961104837,0.08325554968109002,0.541931864291544,0.0011491968452655701,0.21977560376105837,0.535430747096424,0.000794873618426174,1.3285188959494736,0.995476588445648,-0.0008193991934074452,24.0,0.0,0.09420822495642615,-0.8942708425201248,0.8471008695278935
0.704,0.0,0.0,0.687108473732689,1.0718498668640244,0.0009715379117225837,-0.048855557801494795,0.4167801242175307,0.0011667993220261723,0.3832310496553777,0.4085672451011717,6.712499547558107e-05,1.5700325920667861,1.0507284820475895,-0.001298263081151974,1.082462845834416,0.40366599511476886,-0.0017071629031667815,0.7080101048359189,0.5694657766161442,-0.00036428557591508233,1.5700858454790314,1.0381237443450522,-0.0013299068007372494,1.4861265583117131,0.5582441436435245,-0.0023233393424905166,1.1454371858814336,0.5515473412584858,-0.0015001616314134834,1.2845298735586894,0.5528255934000229,-0.001837439049611184,1.493917822500319,1.0278172083087143,-0.0011681186172346248,0.9327318520340371,1.007563510987132,0.00017865245799450897,0.08426730753280835,0.541931864291544,0.0011466907865261351,0.2220839868364471,0.535430747096424,0.0007891378583384141,1.3337691693301794,0.995476588445648,-0.000832605768759564,24.0,0.0,0.09420712407485528,-0.8975067177999411,0.849180513652841
0.706,0.0,0.0,0.6909830822714769,1.0718498668640244,0.0009618534828283384,-0.04775210354659713,0.4167801242175307,0.0011640892050475639,0.3847363609960952,0.4085672451011717,6.334048861448505e-05,1.5700314627526417,1.0507284820475895,-0.0012982602750479916,1.0783676781667686,0.40366599511476886,-0.0016969921267991181,0.7008447516062716,0.5694657766161442,-0.00034636082054943676,1.570085229766644,1.0381237443450522,-0.0013299052528349482,1.4846454751055977,0.5582441436435245,-0.0023197060366704717,1.139238945575733,0.5515473412584858,-0.0014847246115573696,1.281243698637754,0.5528255934000229,-0.0018292607003966663,1.4927572879007858,1.0278172083087143,-0.0011652515354790116,0.9293800164900211,1.007563510987132,0.00018707914738273713,0.08528845528915414,0.541931864291544,0.0011441613918968393,0.22440642094918117,0.535430747096424,0.0007833669006499424,1.3389867430246367,0.995476588445648,-0.0008457314522113286,24.0,0.0,0.0942060231932844,-0.9007425930797573,0.8512601577777884
0.708,0.0,0.0,0.694858427464292,1.0718498668640244,0.0009521669614813689,-0.04662918181019425,0.4167801242175307,0.0011613305694103196,0.3862331067402824,0.4085672451011717,5.957721026269125e-05,1.5700303265428552,1.0507284820475895,-0.0012982574517626305,1.0742456753327756,0.40366599511476886,-0.0016867542076299993,0.6936843843043927,0.5694657766161442,-0.0003284474374753185,1.5700846165914488,1.0381237443450522,-0.00132990371355398,1.4831365599877009,0.5582441436435245,-0.002316003328655183,1.133017695537048,0.5515473412584858,-0.001469229010793118,1.2779427872138671,0.5528255934000229,-0.0018210452630943279,1.4915829539714798,1.0278172083087143,-0.0011623501989801788,0.9260472305859125,1.007563510987132,0.00019545873624277706,0.08631904853992473,0.541931864291544,0.0011416085225059748,0.2267428767255044,0.535430747096424,0.0007775608153681072,1.344171276804604,0.995476588445648,-0.0008587753864474718,24.0,0.0,0.09420492231171353,-0.9039784683595736,0.8533398019027358
0.71,0.0,0.0,0.6987344095309508,1.0718498668640244,0.0009424785984993309,-0.04548673407693122,0.4167801242175307,0.0011585232650693125,0.3877212137060698,0.4085672451011717,5.5835345902223304e-05,1.5700291834143127,1.0507284820475895,-0.0012982546112381645,1.070096860574382,0.40366599511476886,-0.0016764492005450168,0.6865294389996336,0.5694657766161442,-0.0003105465192206214,1.5700840051289144,1.0381237443450522,-0.0013299021806159916,1.4815997425805665,0.5582441436435245,-0.002312231040860441,1.1267738594754448,0.5515473412584858,-0.0014536758856964053,1.2746272385557604,0.5528255934000229,-0.0018127929845346107,1.4903947239781095,1.0278172083087143,-0.0011594143641569137,0.9227337019489116,1.007563510987132,0.00020379070100304847,0.08735914291309504,0.541931864291544,0.0011390320393790483,0.22909332341669783,0.535430747096424,0.0007717196759272991,1.3493224331645943,0.995476588445648,-0.0008717367208973898,24.0,0.0,0.09420382143014265,-0.9072143436393899,0.8554194460276833
0.712,0.0,0.0,0.7026109292446453,1.0718498668640244,0.000932788643332684,-0.04432470334319383,0.4167801242175307,0.0011556671457361547,0.38920060972840703,0.4085672451011717,5.2115078487754705e-05,1.570028033343833,1.0507284820475895,-0.0012982517534168082,1.065921258429891,0.40366599511476886,-0.0016660771636490327,0.679380350787952,0.5694657766161442,-0.00029265915595872355,1.5700833946333324,1.0381237443450522,-0.0013299006519596557,1.4800349531806218,0.5582441436435245,-0.002308388997342605,1.1205078621495055,0.5515473412584858,-0.0014380662955423976,1.2712971524625796,0.5528255934000229,-0.0018045041128893439,1.4891925018985368,1.0278172083087143,-0.0011564437891734881,0.9194396363878439,1.007563510987132,0.00021207452259555088,0.088408794071838,0.541931864291544,0.0011364318034461226,0.23145772889508293,0.535430747096424,0.0007658435591993154,1.3544398773465438,0.995476588445648,-0.0008846146117973658,24.0,0.0,0.09420272054857178,-0.9104502189192062,0.8574990901526307
0.714,0.0,0.0,0.7064878879383882,1.0718498668640244,0.0009230973440484477,-0.04314303412601457,0.4167801242175307,0.0011527620689018112,0.3906712236648356,0.4085672451011717,4.841658843191168e-05,1.5700268763081302,1.0507284820475895,-0.0012982488782406088,1.0617188947425331,0.40366599511476886,-0.0016556381582878052,0.6722375537604229,0.5694657766161442,-0.0002747864354295196,1.5700827844305483,1.0381237443450522,-0.0013298991257207004,1.4784421227753557,0.5582441436435245,-0.0023044770238427434,1.1142201293348557,0.5515473412584858,-0.0014224013022275492,1.2679526292576642,0.5528255934000229,-0.0017961788976563918,1.4879761924367096,1.0278172083087143,-0.0011534382339745564,0.9161652378763844,1.007563510987132,0.00022030968649822014,0.08946805771150092,0.541931864291544,0.001133807675549265,0.23383605965017493,0.535430747096424,0.0007599325455033527,1.3595232773642543,0.995476588445648,-0.0008974082222522395,24.0,0.0,0.0942016196670009,-0.9136860941990225,0.8595787342775781
0.716,0.0,0.0,0.7103651875114023,1.0718498668640244,0.0009134049473140904,-0.04194167247183873,0.4167801242175307,0.001149807895858863,0.39213298540115554,0.4085672451011717,4.47400535908403e-05,1.5700257122837813,1.0507284820475895,-0.0012982459856513517,1.0574897966689518,0.40366599511476886,-0.0016451322490694106,0.66510148097185,0.5694657766161442,-0.00025692944286069693,1.570082173911351,1.0381237443450522,-0.0013298976002137403,1.4768211830600626,0.5582441436435245,-0.002300494947829578,1.1079110877925207,0.5515473412584858,-0.0014066819701909247,1.2645937697822485,0.5528255934000229,-0.0017878175896441032,1.4867457010365646,1.0278172083087143,-0.0011503974603199886,0.91291070853645,1.007563510987132,0.0002284956827768689,0.09053698955653745,0.541931864291544,0.0011311595164501078,0.2362282807849875,0.535430747096424,0.0007539867186156226,1.3645723040276108,0.995476588445648,-0.0009101167222965157,24.0,0.0,0.09420051878543002,-0.9169219694788387,0.8616583784025256
0.718,0.0,0.0,0.7142427304354544,1.0718498668640244,0.0009037116983815552,-0.04072056596514925,0.4167801242175307,0.0011468044917234234,0.3935858258569852,0.4085672451011717,4.1085649250040405e-05,1.5700245266583084,1.0507284820475895,-0.0012982430755904795,1.0532340029891565,0.40366599511476886,-0.0016345595038854575,0.6579725665531493,0.5694657766161442,-0.00023908926088926448,1.5700815625254596,1.0381237443450522,-0.0013298960739157473,1.475172066454186,0.5582441436435245,-0.0022964425985413455,1.101581165237118,0.5515473412584858,-0.0013909093663350871,1.2612206753890833,0.5528255934000229,-0.001779420440955564,1.485500933895899,1.0278172083087143,-0.0011473212318196258,0.9096762486217618,1.007563510987132,0.00023663200612670493,0.09161564535739422,0.541931864291544,0.0011284871868375167,0.23863435601249025,0.535430747096424,0.0007480061657785913,1.3695866309665714,0.995476588445648,-0.0009227392889549069,24.0,0.0,0.09419941790385915,-0.920157844758655,0.863738022527473
0.72,0.0,0.0,0.7181204197611328,1.0718498668640244,0.0008940178410714251,-0.03947966373694928,0.4167801242175307,0.0011437517254566998,0.39502967699121344,0.4085672451011717,3.745354811046625e-05,1.5700232455970737,1.0507284820475895,-0.0012982401115267971,1.0489515956668134,0.40366599511476886,-0.001623920019685969,0.6508512522206565,0.5694657766161442,-0.0002212669748425128,1.570080949776054,1.0381237443450522,-0.0013298945454510186,1.4734947061172976,0.5582441436435245,-0.002292319807026654,1.0952307903048997,0.5515473412584858,-0.0013750845599465804,1.2578334479359778,0.5528255934000229,-0.0017709877049726511,1.4842417979802132,1.0278172083087143,-0.001144209313967962,0.9064620565015794,1.007563510987132,0.0002447181559134254,0.09270408088735123,0.541931864291544,0.0011257905473353747,0.24105424765221978,0.535430747096424,0.0007419909777098344,1.374565934654928,0.995476588445648,-0.0009352751063023085,24.0,0.0,0.09419831702228827,-0.9233937200384713,0.8658176666524204
0.722,0.0,0.0,0.7219981591240674,1.0718498668640244,0.000884323617757229,-0.038218916473101015,0.4167801242175307,0.0011406494698862,0.3964644718073443,0.4085672451011717,3.3843920274895664e-05,1.57002174663859,1.0507284820475895,-0.0012982369088737106,1.0446426924334924,0.40366599511476886,-0.0016132140013801113,0.6437379856589792,0.5694657766161442,-0.00020346368901128092,1.5700803352148045,1.0381237443450522,-0.0013298930135775045,1.4717890359647388,0.5582441436435245,-0.002288126406184433,1.0888603925216565,0.5515473412584858,-0.0013592086226160347,1.2544321897792632,0.5528255934000229,-0.0017625196363398874,1.4829682010365173,1.0278172083087143,-0.0011410614741787473,0.9032683286446084,1.007563510987132,0.0002527536362138813,0.09380235193931542,0.541931864291544,0.0011230694585104822,0.24348791662704597,0.535430747096424,0.0007359412486105106,1.3795098944338346,0.995476588445648,-0.0009477233655231998,24.0,0.0,0.0941972161407174,-0.9266295953182876,0.8678973107773679
0.724,0.0,0.0,0.7258758527510897,1.0718498668640244,0.0008746292693498925,-0.03693827642251979,0.4167801242175307,0.0011374976017265793,0.3978901443587337,0.4085672451011717,3.0256933234568545e-05,1.5700199067255811,1.0507284820475895,-0.001298233161477501,1.0403074128931105,0.40366599511476886,-0.0016024417432968089,0.6366332134254497,0.5694657766161442,-0.00018568052260708762,1.5700797184373527,1.0381237443450522,-0.0013298914771743809,1.4700549906829559,0.5582441436435245,-0.0022838622308030358,1.0824704022704918,0.5515473412584858,-0.0013432826281579266,1.2510170037671753,0.5528255934000229,-0.0017540164909481007,1.4816800516071071,1.0278172083087143,-0.0011378774818195075,0.9000952596030819,1.007563510987132,0.0002607379558563089,0.09491051432256664,0.541931864291544,0.0011203237808805717,0.24593532246009428,0.535430747096424,0.0007298570761734453,1.3844181925351056,0.995476588445648,-0.0009600832649704666,24.0,0.0,0.09419611525914652,-0.9298654705981039,0.8699769549023153
0.726,0.0,0.0,0.7297534054663337,1.0718498668640244,0.0008649350352823368,-0.03563769740522204,0.4167801242175307,0.0011342960016001262,0.3993066297537176,0.4085672451011717,2.669275185609499e-05,1.570017602208758,1.0507284820475895,-0.001298228561694979,1.0359458785252396,0.40366599511476886,-0.001591603544445854,0.6295373809186389,0.5694657766161442,-0.0001679185920232637,1.5700790990792033,1.0381237443450522,-0.0013298899352307515,1.4682925057445506,0.5582441436435245,-0.0022795271175985784,1.0760612507594787,0.5515473412584858,-0.001327307652530015,1.2475879932331597,0.5528255934000229,-0.001745478525917881,1.4803772590433042,1.0278172083087143,-0.0011346571082459821,0.8969430419970197,1.007563510987132,0.0002686706284601251,0.09602862385945503,0.541931864291544,0.0011175533749224436,0.2483964232718254,0.535430747096424,0.0007237385615908243,1.3892905141042766,0.995476588445648,-0.0009723540102236439,24.0,0.0,0.09419501437757564,-0.9331013458779202,0.8720565990272627
0.728,0.0,0.0,0.7336307226972754,1.0718498668640244,0.0008552411534942267,-0.034317134820226046,0.4167801242175307,0.0011310445540568819,0.4007138641606314,0.4085672451011717,2.3151538368635234e-05,1.5700147088505596,1.0507284820475895,-0.0012982228004029212,1.0315582126882978,0.40366599511476886,-0.0015806997085261768,0.6224509323470163,0.5694657766161442,-0.00015017901075623674,1.5700784768119922,1.0381237443450522,-0.0013298883868353777,1.4665015174230704,0.5582441436435245,-0.0022751209052525655,1.069633369989205,0.5515473412584858,-0.0013112847737524822,1.244145261989096,0.5528255934000229,-0.001736905999582842,1.4790597335191595,1.0278172083087143,-0.0011314001268364748,0.8938118664986641,1.007563510987132,0.00027655117247528063,0.09715673638204929,0.541931864291544,0.0011147581010802225,0.2508711757772734,0.535430747096424,0.0007175858095614965,1.3941265472234317,0.995476588445648,-0.0009845348141465716,24.0,0.0,0.09419391349600477,-0.9363372211577364,0.8741362431522102
0.73,0.0,0.0,0.7375077104807092,1.0718498668640244,0.0008455478604168726,-0.03297654565330424,0.4167801242175307,0.0011277431475943918,0.40211178481272014,0.4085672451011717,1.9633452351350835e-05,1.5700111018288647,1.0507284820475895,-0.0012982155670074253,1.0271445406226236,0.40366599511476886,-0.0015697305439338225,0.6153743106977572,0.5694657766161442,-0.00013246288932718036,1.5700778513400955,1.0381237443450522,-0.0013298868311673502,1.4646819628075591,0.5582441436435245,-0.002270643434448865,1.0631871927202203,0.5515473412584858,-0.0012952150718267984,1.2406889143184436,0.5528255934000229,-0.0017282991714726828,1.4777273860451214,1.0278172083087143,-0.0011281063130261133,0.8907019218170957,1.007563510987132,0.00028437911122116967,0.09829490772873485,0.541931864291544,0.0011119378197737369,0.2533595352834435,0.535430747096424,0.0007113989282978765,1.3989259829337914,0.995476588445648,-0.000996624896944459,24.0,0.0,0.0941928126144339,-0.9395730964375527,0.8762158872771576
0.732,0.0,0.0,0.7413842754686618,1.0718498668640244,0.000835855390958288,-0.031615888484585825,0.4167801242175307,0.0011243916746770874,0.4035003300129396,0.4085672451011717,1.613865072112891e-05,1.570006655740673,1.0507284820475895,-0.0012982065494531881,1.0227049894534288,0.40366599511476886,-0.0015586963637696368,0.6083079577057001,0.5694657766161442,-0.00011477133520403249,1.5700772223975485,1.0381237443450522,-0.0013298852674876083,1.4628337798168853,0.5582441436435245,-0.002266094547910087,1.0567231524403857,0.5515473412584858,-0.0012790996286543364,1.237219054969308,0.5528255934000229,-0.001719658302296052,1.4763801284816642,1.0278172083087143,-0.001124775444341018,0.8876133946830304,1.007563510987132,0.0002921539729250905,0.09944319374076135,0.541931864291544,0.001109092391407023,0.2558614556868705,0.535430747096424,0.0007051780295324512,1.4036885152580627,0.995476588445648,-0.0010086234862203586,24.0,0.0,0.09419171173286302,-0.942808971717369,0.878295531402105
0.734,0.0,0.0,0.7452603249342405,1.0718498668640244,0.0008261639784884065,-0.0302351234960086,0.4167801242175307,0.0011209900317552912,0.40487943913864716,0.4085672451011717,1.2667287720580235e-05,1.5700012446057576,1.0507284820475895,-0.001298195434232709,1.01823968819363,0.40366599511476886,-0.00154759748584665,0.6012523138224579,0.5694657766161442,-9.710545272388987e-05,1.5700765897452484,1.0381237443450522,-0.001329883695131241,1.460956907213868,0.5582441436435245,-0.0022614740904334024,1.050241683332142,0.5515473412584858,-0.0012629395279547498,1.2337357891474274,0.5528255934000229,-0.001710983653923213,1.475017873552879,1.0278172083087143,-0.001121407300432375,0.8845464698337975,1.007563510987132,0.00029987529076025394,0.10060165025873845,0.541931864291544,0.0011062216763769567,0.25837688947133913,0.535430747096424,0.0006989232285238838,1.408413841222547,0.995476588445648,-0.0010205298170310368,24.0,0.0,0.09419061085129214,-0.9460448469971853,0.8803751755270525
0.736,0.0,0.0,0.749135766777416,1.0718498668640244,0.0008164738548244597,-0.028834212478618754,0.4167801242175307,0.0011175381192838482,0.40624905264618283,0.4085672451011717,9.219514906311371e-06,1.5699947418702906,1.0507284820475895,-0.0012981819063954203,1.0137487677465553,0.40366599511476886,-0.001536434232697153,0.5942078181856827,0.5694657766161442,-7.946634301578437e-05,1.5700759531684123,1.0381237443450522,-0.0013298821135004908,1.459051284619211,0.5582441436435245,-0.002256781908925859,1.0437432202396968,0.5515473412584858,-0.0012467358551841404,1.230239222509081,0.5528255934000229,-0.0017022754893685113,1.473640534860023,1.0278172083087143,-0.0011180016631104118,0.8815013299985035,1.007563510987132,0.00030754260288333614,0.10177033311907925,0.541931864291544,0.001103325535082014,0.26090578770576717,0.535430747096424,0.0006926346440627123,1.413101660879008,0.995476588445648,-0.0010323431319422477,24.0,0.0,0.09418950996972127,-0.9492807222770016,0.8824548196519999
0.738,0.0,0.0,0.7530105095307381,1.0718498668640244,0.000806785250216521,-0.02741311883971749,0.4167801242175307,0.0011140358417403738,0.40760911207534,0.4085672451011717,5.7954811374721915e-06,1.5699870204104431,1.0507284820475895,-0.0012981656495567528,1.0092323609085234,0.40366599511476886,-0.0015252069315794662,0.5871749085884894,0.5694657766161442,-6.18551039238463e-05,1.5700753124742703,1.0381237443450522,-0.0013298805220584003,1.4571168525252647,0.5582441436435245,-0.0022520178524392163,1.0372281986361414,0.5515473412584858,-0.0012304896974530274,1.2267294611539175,0.5528255934000229,-0.0016935340727726453,1.4722480268950286,1.0278172083087143,-0.001114558316378272,0.8784781558833792,1.007563510987132,0.0003151554524715711,0.10294929815039071,0.541931864291544,0.001100403827931162,0.26344810004225294,0.535430747096424,0.0006863123984766421,1.4177516773262917,0.995476588445648,-0.0010440626810833996,24.0,0.0,0.09418840908815039,-0.9525165975568178,0.8845344637769473
0.74,0.0,0.0,0.7568844623649832,1.0718498668640244,0.0007970983933332157,-0.025971807609853324,0.4167801242175307,0.0011104831076431205,0.4089595600537255,0.4085672451011717,2.3953325645792445e-06,1.5699779525359612,1.0507284820475895,-0.0012981463459071341,1.0046906023712943,0.40366599511476886,-0.0015139159144843864,0.5801540214490389,0.5694657766161442,-4.427282993086312e-05,1.570074667489971,1.0381237443450522,-0.0013298789203230455,1.4551535523096224,0.5582441436435245,-0.0022471817722043504,1.0306970545905014,0.5515473412584858,-0.001214202143444139,1.223206611617705,0.5528255934000229,-0.0016847596693847363,1.4708402650539694,1.0278172083087143,-0.001111077046465786,0.8754771261573147,1.007563510987132,0.00032271338775938187,0.10413860116980997,0.541931864291544,0.0010974564153528833,0.2660037747142875,0.535430747096424,0.0006799566176354277,1.422363596731706,0.995476588445648,-0.0010556877222016093,24.0,0.0,0.09418730820657951,-0.9557524728366341,0.8866141079018948
0.742,0.0,0.0,0.7607575350947321,1.0718498668640244,0.000787413511247603,-0.024510245449658855,0.4167801242175307,0.0011068798295684602,0.4103003403010088,0.4085672451011717,-9.807873813845458e-07,1.5699674099937186,1.0507284820475895,-0.0012981236762209293,1.0001236287243864,0.40366599511476886,-0.0015025615181413136,0.573145591780283,0.5694657766161442,-2.6720612082236917e-05,1.570074018060679,1.0381237443450522,-0.0013298773078622972,1.453161326248567,0.5582441436435245,-0.0022422735216652448,1.0241502247347296,0.5515473412584858,-0.0011978742833300391,1.2196707808650022,0.5528255934000229,-0.0016759525455442052,1.4694171656504822,1.0278172083087143,-0.0011075576418631378,0.872498417437582,1.007563510987132,0.0003302159620745432,0.10533829797928608,0.541931864291544,0.0010944831578043352,0.2685727585351332,0.535430747096424,0.0006735674309553413,1.42693712835215,0.995476588445648,-0.0010672175207151451,24.0,0.0,0.09418620732500864,-0.9589883481164504,0.8886937520268422
0.744,0.0,0.0,0.7646296381838774,1.0718498668640244,0.0007777308294232307,-0.02302840065653093,0.4167801242175307,0.001103225924167974,0.4116313976330599,0.4085672451011717,-4.332737999592773e-06,1.569955263971249,1.0507284820475895,-0.0012980973198653228,0.9955315784572618,0.40366599511476886,-0.001491144084024044,0.566150053159874,0.5694657766161442,-9.199537910347112e-06,1.5700733640478488,1.0381237443450522,-0.001329875684289067,1.4511401175303762,0.5582441436435245,-0.002237292956512606,1.0175881462306442,0.5515473412584858,-0.0011815072086906095,1.2161220762817515,0.5528255934000229,-0.0016671129686624483,1.4679786459291457,1.0278172083087143,-0.0011039998933544198,0.8695422042757476,1.007563510987132,0.00033766273387387467,0.10654844436180612,0.541931864291544,0.001091483915780645,0.2711549968963694,0.535430747096424,0.0006671449714032271,1.4314719845549957,0.995476588445648,-0.0010786513497662547,24.0,0.0,0.09418510644343776,-0.9622242233962667,0.8907733961517896
0.746,0.0,0.0,0.7685006827510593,1.0718498668640244,0.0007680505717003674,-0.021526243171153002,0.4167801242175307,0.001099521312185154,0.41295267796597607,0.4085672451011717,-7.660381329720467e-06,1.5699413851002597,1.0507284820475895,-0.001298066954809149,0.990914591961373,0.40366599511476886,-0.0014796639583562325,0.5591678377002411,0.5694657766161442,8.289308640675452e-06,1.5700727053276586,1.0381237443450522,-0.0013298740492569917,1.4490898702684951,0.5582441436435245,-0.0022322399347171292,1.01101125673682,0.5515473412584858,-0.001165102012430396,1.2125606056677916,0.5528255934000229,-0.0016582412072043216,1.4665246240788121,1.0278172083087143,-0.0011004035940510787,0.8666086591437744,1.007563510987132,0.00034505326677846087,0.10776909607756519,0.541931864291544,0.001088458549824345,0.27375043376660646,0.535430747096424,0.0006606893755001365,1.4359678808387208,0.995476588445648,-0.0010899884902733693,24.0,0.0,0.09418400556186689,-0.965460098676083,0.8928530402767371
0.748,0.0,0.0,0.7723705805750279,1.0718498668640244,0.0007583729602824127,-0.020003744583858583,0.4167801242175307,0.0010957659184717091,0.414264128319997,0.4085672451011717,-1.0963582162010905e-05,1.5699256434601259,1.0507284820475895,-0.0012980322576316755,0.986272811532071,0.40366599511476886,-0.0014681214921165103,0.5521993760188362,0.5694657766161442,2.5744847289757567e-05,1.570072041789588,1.0381237443450522,-0.0013298724024565162,1.447010529514585,0.5582441436435245,-0.0022271143165624265,1.0044199943754364,0.5515473412584858,-0.0011486597886958352,1.2089864772292942,0.5528255934000229,-0.0016493375306694217,1.4650550192458924,1.0278172083087143,-0.0010967685394252446,0.8636979524203178,1.007563510987132,0.00035238712960839385,0.10900030886007919,0.541931864291544,0.0010854069205349472,0.2763590116903688,0.535430747096424,0.0006542007833245439,1.4404245358532903,0.995476588445648,-0.001101228230982682,24.0,0.0,0.09418290468029601,-0.9686959739558992,0.8949326844016845
0.75,0.0,0.0,0.7762392440999318,1.0718498668640244,0.0007486982157224911,-0.01846087814083467,0.4167801242175307,0.0010919596720034733,0.4155656968233079,0.4085672451011717,-1.4242208047063193e-05,1.569907908581372,1.0507284820475895,-0.0012979929035313409,0.9816063813703721,0.40366599511476886,-0.0014565170410432554,0.5452450972085495,0.5694657766161442,4.316600149326999e-05,1.5700713733351275,1.0381237443450522,-0.0013298707436113393,1.444902041271456,0.5582441436435245,-0.002221915964677651,0.9978147976990885,0.5515473412584858,-0.0011321816327923766,1.2053997995711225,0.5528255934000229,-0.0016404022095731783,1.4635697515475936,1.0278172083087143,-0.0010930945273429455,0.8608102523772132,1.007563510987132,0.0003596638964170354,0.11024213841223997,0.541931864291544,0.0010823288885786623,0.27898067178714836,0.535430747096424,0.0006476793385151381,1.444841671420284,0.995476588445648,-0.0011123698685191058,24.0,0.0,0.09418180379872514,-0.9719318492357155,0.8970123285266319
0.752,0.0,0.0,0.7801065864405309,1.0718498668640244,0.0007390265569102314,-0.016897618750164003,0.4167801242175307,0.0010881025058959136,0.416857332715731,0.4085672451011717,-1.7496129305340503e-05,1.5698880494491374,1.0507284820475895,-0.0012979485663344565,0.9769154475845798,0.40366599511476886,-0.0014448509656390083,0.5383054288083001,0.5694657766161442,6.055169851898662e-05,1.5700706998766083,1.0381237443450522,-0.0013298690724751882,1.4427643525058895,0.5582441436435245,-0.0022166447440698286,0.9911961056575651,0.5515473412584858,-0.001115668641101507,1.20180068168911,0.5528255934000229,-0.0016314355154277492,1.4620687420851066,1.0278172083087143,-0.0010893813580971983,0.85794572516616,1.007563510987132,0.00036688314652479683,0.11149464040231172,0.541931864291544,0.0010792243146982602,0.28161535375062924,0.535430747096424,0.0006411251882731891,1.4492190125527722,0.995476588445648,-0.0011234127074365903,24.0,0.0,0.09418070291715426,-0.9751677245155318,0.8990919726515794
0.754,0.0,0.0,0.7839725213873328,1.0718498668640244,0.0007293582010587338,-0.015313942987705085,0.4167801242175307,0.0010841943574192367,0.4181389863523043,0.4085672451011717,-2.0725219036398234e-05,1.5698659345066313,1.0507284820475895,-0.0012978989185038698,0.9722001581917601,0.40366599511476886,-0.0014331236311745275,0.5313807967738006,0.5694657766161442,7.790086951961012e-05,1.5700700213361398,1.0381237443450522,-0.0013298673888288903,1.4405974111613569,0.5582441436435245,-0.0022113005221559125,0.9845643575645983,0.5515473412584858,-0.0010991219109976983,1.1981892329622639,0.5528255934000229,-0.0016224377207227178,1.460551912956744,1.0278172083087143,-0.0010856288344409809,0.8551045348055999,1.007563510987132,0.0003740444645524299,0.11275787045986814,0.541931864291544,0.0010760930597230808,0.28426299584808445,0.535430747096424,0.0006345384833644869,1.4535562874749344,0.995476588445648,-0.0011343560602678105,24.0,0.0,0.09417960203558338,-0.9784035997953481,0.9011716167765268
0.756,0.0,0.0,0.7878369634116515,1.0718498668640244,0.0007196933636917291,-0.013709829102808848,0.4167801242175307,0.0010802351680130895,0.4194106092067484,0.4085672451011717,-2.3929353127831454e-05,1.569841431658578,1.0507284820475895,-0.0012978436311476044,0.9674606631190675,0.40366599511476886,-0.001421335407692478,0.5244716254485001,0.5694657766161442,9.521244960585901e-05,1.570069337644646,1.0381237443450522,-0.0013298656924777192,1.4384011661706382,0.5582441436435245,-0.002205883168794581,0.9779199930645901,0.5515473412584858,-0.0010825425407652812,1.19456556314489,0.5528255934000229,-0.0016134090989056024,1.4590191872710256,1.0278172083087143,-0.0010818367616200742,0.852286843167794,1.007563510987132,0.0003811474404538301,0.11403188417166946,0.541931864291544,0.0010729349845791899,0.2869235349199458,0.535430747096424,0.000627919378120849,1.457853227641423,0.995476588445648,-0.001145199247573216,24.0,0.0,0.09417850115401251,-0.9816394750751644,0.9032512609014742
0.758,0.0,0.0,0.7916998276705873,1.0718498668640244,0.0007100322586309321,-0.012085257023870876,0.4167801242175307,0.0010762248833008489,0.4206721538748207,0.4085672451011717,-2.71084102639417e-05,1.5698144082746546,1.0507284820475895,-0.0012977823740274712,0.962697114204919,0.40366599511476886,-0.0014094866700107467,0.5175783375347068,0.5694657766161442,0.00011248537791911013,1.5700686487409905,1.0381237443450522,-0.0013298639832489845,1.436175567468349,0.5582441436435245,-0.002200392556317784,0.9712634520993195,0.5515473412584858,-0.0010659316295152607,1.1909297823586416,0.5528255934000229,-0.0016043499243621677,1.4574704891597137,1.0278172083087143,-0.0010780049474057784,0.8494928099660971,1.007563510987132,0.0003881916695483448,0.1153167370774786,0.541931864291544,0.0010697499502996866,0.2895969063795478,0.535430747096424,0.0006212680304411955,1.4621095677564682,0.995476588445648,-0.0011559415979894379,24.0,0.0,0.09417740027244163,-0.9848753503549806,0.9053309050264217
0.76,0.0,0.0,0.7955610300119256,1.0718498668640244,0.0007003750979835926,-0.010440208363718118,0.4167801242175307,0.0010721634531035038,0.4219235740775569,0.4085672451011717,-3.026227193412251e-05,1.5697847311929232,1.0507284820475895,-0.0012977148155676626,0.9579096652000125,0.40366599511476886,-0.0013975777977253754,0.5107013540648917,0.5694657766161442,0.00012971859770359335,1.5700679545711842,1.0381237443450522,-0.0013298622609898459,1.4339205660033747,0.5582441436435245,-0.0021948285595620614,0.9645951748746341,0.5515473412584858,-0.0010492902771020844,1.1872820010844918,0.5528255934000229,-0.0015952604723965466,1.4559057437907912,1.0278172083087143,-0.0010741332021274985,0.8467225927424327,1.007563510987132,0.00039517675255258705,0.11661248466581575,0.541931864291544,0.0010665378180351637,0.2922830442130467,0.535430747096424,0.0006145846017921905,1.4663250457927224,0.995476588445648,-0.0011665824482770505,24.0,0.0,0.09417629939087076,-0.9881112256347969,0.9074105491513691
0.762,0.0,0.0,0.7994204869789554,1.0718498668640244,0.0006907220921302471,-0.008774666424829013,0.4167801242175307,0.0010680508314531221,0.4231648246643994,0.4085672451011717,-3.339082244096292e-05,1.5697522667232608,1.0507284820475895,-0.0012976406228633341,0.9530984717681893,0.40366599511476886,-0.001385609175213109,0.5038410943731765,0.5694657766161442,0.00014691105637813117,1.570067255087665,1.0381237443450522,-0.0013298605255653302,1.4316361137512206,0.5582441436435245,-0.0021891910558996257,0.9579156018271308,0.5515473412584858,-0.0010326195840403708,1.1836223301546285,0.5528255934000229,-0.0015861410192111723,1.4543248773813875,1.0278172083087143,-0.0010702213387051923,0.8439763468549676,1.007563510987132,0.0004021022956117482,0.11791918236965067,0.541931864291544,0.0010632984490643207,0.29498188097951494,0.535430747096424,0.0006078692572084434,1.4704994030098475,0.995476588445648,-0.001177121143367686,24.0,0.0,0.09417519850929988,-0.9913471009146132,0.9094901932763165
0.764,0.0,0.0,0.8032781158152047,1.0718498668640244,0.0006810734497126725,-0.0070886162043859785,0.4167801242175307,0.0010638869766058992,0.4243958616162134,0.4085672451011717,-3.6493948908069285e-05,1.569716880650788,1.0507284820475895,-0.0012975594616891784,0.9482636914871347,0.40366599511476886,-0.001373581191633551,0.4969979760670071,0.5694657766161442,0.00016406170560741924,1.5700665502486457,1.0381237443450522,-0.0013298587768565324,1.4293221637262765,0.5582441436435245,-0.0021834799252692405,0.9512251735908293,0.5515473412584858,-0.0010159206514216124,1.1799508807442751,0.5528255934000229,-0.0015769918418865139,1.4527278172106475,1.0278172083087143,-0.001066269172681683,0.8412542254659899,1.007563510987132,0.00040896791033041087,0.11923688556203184,0.541931864291544,0.0010600317048047336,0.297693347811213,0.535430747096424,0.0006011221652922728,1.4746323839728372,0.995476588445648,-0.0011875570364104986,24.0,0.0,0.094174097627729,-0.9945829761944295,0.911569837401264
0.766,0.0,0.0,0.8071338344690919,1.0718498668640244,0.0006714293776220493,-0.0053820443991592064,0.4167801242175307,0.0010596718510547918,0.4256166420481891,0.4085672451011717,-3.9571541287604234e-05,1.5696784382392988,1.0507284820475895,-0.0012974709965079961,0.9434054838489172,0.40366599511476886,-0.0013614942409309147,0.49017241499901454,0.5694657766161442,0.00018116950137284275,1.5700658400175207,1.0381237443450522,-0.001329857014758984,1.4269786699940035,0.5582441436435245,-0.00217769505020688,0.9445243309638419,0.5515473412584858,-0.0009991945808308586,1.1762677643634352,0.5528255934000229,-0.0015678132183606305,1.4511144916325436,1.0278172083087143,-0.0010622765222548331,0.8385563795299892,1.007563510987132,0.000415773213802855,0.12056564955165189,0.541931864291544,0.0010567374468237805,0.30041737441403804,0.535430747096424,0.0005943434982130276,1.4787237365700787,0.995476588445648,-0.001197889488817973,24.0,0.0,0.09417299674615813,-0.9978188514742458,0.9136494815262114
0.768,0.0,0.0,0.8109875615984928,1.0718498668640244,0.0006617900809873312,-0.0036549394102207353,0.4167801242175307,0.0010554054215417246,0.42682712421263147,0.4085672451011717,-4.262349236754351e-05,1.5696368042346958,1.0507284820475895,-0.0012973748904792732,0.9385240102603613,0.40366599511476886,-0.001349348721835371,0.48336482523906577,0.5694657766161442,0.00019823340404282407,1.5700651243623294,1.0381237443450522,-0.0013298552391811714,1.42460558768304,0.5582441436435245,-0.0021718363158761975,0.9378135148750443,0.5515473412584858,-0.0009824424742633903,1.1725730928485618,0.5528255934000229,-0.0015586054274085307,1.4494848300886287,1.0278172083087143,-0.0010582432083095733,0.8358829577819412,1.007563510987132,0.0004225178286428569,0.12190552957834855,0.541931864291544,0.0010534155368497305,0.30315388906815155,0.535430747096424,0.0005875334317059649,1.4827732120311485,0.995476588445648,-0.0012081178703110768,24.0,0.0,0.09417189586458725,-1.0010547267540622,0.9157291256511588
0.77,0.0,0.0,0.8148392165752206,1.0718498668640244,0.0006521557631638289,-0.0019072913474877664,0.4167801242175307,0.0010510876590693785,0.4280272675016363,0.4085672451011717,-4.564969777864941e-05,1.5695918428684315,1.0507284820475895,-0.0012972708054677657,0.9336194340432519,0.40366599511476886,-0.001337145037863981,0.4765756190465054,0.5694657766161442,0.00021525237844269602,1.5700644032552682,1.0381237443450522,-0.001329853450043193,1.4222028729972342,0.5582441436435245,-0.0021659036100987886,0.9310931663507488,0.5515473412584858,-0.0009656654340413961,1.1688669783541534,0.5528255934000229,-0.0015493687486213474,1.4478387631207303,1.0278172083087143,-0.0010541690544497862,0.8332341067257981,1.007563510987132,0.0004292013830129768,0.12325658080854035,0.541931864291544,0.0010500658367829888,0.3059028186287858,0.535430747096424,0.0005806921450706812,1.4867805649443444,0.995476588445648,-0.0012182415589637513,24.0,0.0,0.09417079498301638,-1.0042906020338784,0.9178087697761063
0.772,0.0,0.0,0.8186887194894192,1.0718498668640244,0.0006425266257220094,-0.00013909203409421546,0.4167801242175307,0.0010467185389125462,0.42921703244965315,0.4085672451011717,-4.865005600116143e-05,1.5695434178609584,1.0507284820475895,-0.0012971584020521048,0.928691920434368,0.40366599511476886,-0.0013248835973212075,0.4698052068425914,0.5694657766161442,0.0002322253939240969,1.5700636766722482,1.0381237443450522,-0.0013298516472755402,1.4197704832276017,0.5582441436435245,-0.0021598968233842745,0.9243637264813865,0.5515473412584858,-0.0009488645627306574,1.1651495333442752,0.5528255934000229,-0.0015401034623853263,1.4461762223835843,1.0278172083087143,-0.0010500538870300401,0.8306099706231845,1.007563510987132,0.0004358235106533345,0.12461885833059654,0.541931864291544,0.0010466882087075092,0.3086640885272307,0.535430747096424,0.0005738198211690955,1.4907455532739502,0.995476588445648,-0.001228259941246741,24.0,0.0,0.0941696941014455,-1.0075264773136947,0.9198884139010537
0.774,0.0,0.0,0.8225359911538678,1.0718498668640244,0.0006329028684365129,0.001649664989410511,0.4167801242175307,0.0010422980406290623,0.4303963807359348,0.4085672451011717,-5.16244683712036e-05,1.569491392425191,1.0507284820475895,-0.0012970373395334222,0.9237416365853417,0.40366599511476886,-0.0013125648132989978,0.46305399718312523,0.5694657766161442,0.0002491514244338819,1.5700629445924936,1.0381237443450522,-0.00132984983081799,1.4173083767642087,0.5582441436435245,-0.0021538158489601933,0.9176256363881995,0.5515473412584858,-0.0009320409630572519,1.1614208705840066,0.5528255934000229,-0.0015308098498606308,1.4444971406574059,1.0278172083087143,-0.0010458975351871752,0.828010691482302,1.007563510987132,0.00044238385090986847,0.1259924171501403,0.541931864291544,0.0010432825149023688,0.31143762277200077,0.535430747096424,0.0005669166464229833,1.4946679383772332,0.995476588445648,-0.0012381724120707554,24.0,0.0,0.09416859321987463,-1.010762352593511,0.9219680580260011
0.776,0.0,0.0,0.8263809531081951,1.0718498668640244,0.0006232846892753915,0.003458984461036504,0.4167801242175307,0.0010378261480703005,0.43156527518687315,0.4085672451011717,-5.457283908690769e-05,1.5694356292699825,1.0507284820475895,-0.0012969072759440037,0.9187687515623411,0.40366599511476886,-0.001300189103676432,0.45632239673127944,0.5694657766161442,0.00026602944858254734,1.570062206998177,1.0381237443450522,-0.0013298480006186037,1.4148165131079866,0.5582441436435245,-0.0021476605828017106,0.910879337189947,0.5515473412584858,-0.0009151957378242842,1.1576811031308167,0.5528255934000229,-0.001521488192959959,1.4428014518603975,1.0278172083087143,-0.001041699830871729,0.825436409047041,1.007563510987132,0.00044888204876207484,0.12737731218528497,0.541931864291544,0.0010398486178535094,0.31422334395018436,0.535430747096424,0.0005599828108110582,1.4985474850211729,0.995476588445648,-0.001247978374828963,24.0,0.0,0.09416749233830375,-1.0139982278733273,0.9240477021509486
0.778,0.0,0.0,0.8302235276230037,1.0718498668640244,0.0006136722843895731,0.005288869393503086,0.4167801242175307,0.0010333028493912356,0.4327236797782219,0.4085672451011717,-5.7495075214253626e-05,1.5693759906036193,1.0507284820475895,-0.0012967678680559824,0.9137734363455726,0.40366599511476886,-0.0012877568911189305,0.44961081023062355,0.5694657766161442,0.0002828584497121618,1.5700614638740884,1.0381237443450522,-0.0013298461566328117,1.4122948528824744,0.5582441436435245,-0.0021414309236611555,0.9041252699696297,0.5515473412584858,-0.0008983299898286529,1.1539303443258668,0.5528255934000229,-0.0015121387743269846,1.441089091061194,1.0278172083087143,-0.0010374606088792082,0.8228872607863027,1.007563510987132,0.0004553177548502274,0.12877359826180204,0.541931864291544,0.0010363863802656478,0.3170211732289746,0.535430747096424,0.0005530185078655991,1.5023839613989196,0.995476588445648,-0.001257677241438812,24.0,0.0,0.09416639145673288,-1.0172341031531436,0.926127346275896
0.78,0.0,0.0,0.8340636377039009,1.0718498668640244,0.0006040658481025518,0.00713932107056426,0.4167801242175307,0.001028728137060069,0.4338715596372052,0.4085672451011717,-6.0391086692625495e-05,1.5693123381373344,1.0507284820475895,-0.0012966187713900745,0.9087558638286017,0.40366599511476886,-0.0012752686030770095,0.44291964047835064,0.5694657766161442,0.00029963741596380155,1.5700607152073354,1.0381237443450522,-0.0013298442988225905,1.409743357845492,0.5582441436435245,-0.002135126773097375,0.8973638757412348,0.5515473412584858,-0.0008814448217778597,1.1501687077852416,0.5528255934000229,-0.0015027618773146099,1.43935999449124,1.0278172083087143,-0.0010331797068811994,0.8203633818835316,1.007563510987132,0.0004616906255020731,0.13018133010822097,0.541931864291544,0.0010328956650743552,0.3198310303573834,0.535430747096424,0.0005460239346686235,1.5061771391459833,0.995476588445648,-0.001267268432383179,24.0,0.0,0.094165290575162,-1.0204699784329598,0.9282069904008434
0.782,0.0,0.0,0.8379012070954375,1.0718498668640244,0.0005944655729003088,0.00901033904351083,0.4167801242175307,0.0010241020078674162,0.4350088810445132,0.4085672451011717,-6.326078634008372e-05,1.5692445330888443,1.0507284820475895,-0.0012964596402243623,0.9037162088174877,0.40366599511476886,-0.0012627246717845822,0.4362492882987058,0.5694657766161442,0.0003163653403444838,1.5700599609870691,1.0381237443450522,-0.001329842427155708,1.4071619909007451,0.5582441436435245,-0.002128748035504919,0.8905955954165038,0.5515473412584858,-0.0008645413362068724,1.1463963073911085,0.5528255934000229,-0.0014933577859630469,1.4376140995571034,1.0278172083087143,-0.0010288569654563146,0.8178649052264592,1.007563510987132,0.0004680003227590007,0.13160056235085965,0.541931864291544,0.0010293763354583076,0.32265283366813924,0.535430747096424,0.0005389992918476015,1.5099267933561493,0.995476588445648,-0.0012767513767508382,24.0,0.0,0.09416418969359112,-1.0237058537127761,0.9302866345257909
0.784,0.0,0.0,0.8417361602849512,1.0718498668640244,0.0005848716494214673,0.010901921127850132,0.4167801242175307,0.0010194244629350496,0.43613561143618373,0.4085672451011717,-6.61040898583537e-05,1.5691724361859114,1.0507284820475895,-0.001296290127603137,0.8986546480297298,0.40366599511476886,-0.0012501255342567972,0.4296001525166185,0.5694657766161442,0.00033304122079359593,1.5700592012042374,1.0381237443450522,-0.0013298405416050424,1.4045507161093604,0.5582441436435245,-0.0021222946181430518,0.8838208697717295,0.5515473412584858,-0.000847620635395045,1.1426132572828078,0.5528255934000229,-0.0014839267849777141,1.4358513448527181,1.0278172083087143,-0.001024492228120973,0.8153919613970594,1.007563510987132,0.00047424651440168195,0.13303134950878515,0.541931864291544,0.001025828254851711,0.32548650007976876,0.535430747096424,0.000531944783570712,1.5136327025971223,0.995476588445648,-0.0012861255122762533,24.0,0.0,0.09416308881202025,-1.0269417289925924,0.9323662786507383
0.786,0.0,0.0,0.8455684225063149,1.0718498668640244,0.0005752842664476829,0.012814063400164317,0.4167801242175307,0.0010146955077242014,0.4372517194053707,0.4085672451011717,-6.892091583753008e-05,1.5690959076699356,1.0507284820475895,-0.0012961098853458048,0.893571360093023,0.40366599511476886,-0.0012374716322874025,0.42297262993154017,0.5694657766161442,0.0003496640602488142,1.5700584358513583,1.0381237443450522,-0.001329838642147963,1.401909498701354,0.5582441436435245,-0.00211576643116459,0.8770401394145813,0.5515473412584858,-0.0008306838212831091,1.1388196718478716,0.5528255934000229,-0.0014744691597069622,1.4340716701715597,1.0278172083087143,-0.0010200853413600097,0.8129446786617185,1.007563510987132,0.00048042887397518137,0.13447374598870407,0.541931864291544,0.0010222512869568973,0.3283319450988637,0.535430747096424,0.0005248606175416382,1.5172946489258952,0.995476588445648,-0.001295390285378686,24.0,0.0,0.09416198793044937,-1.0301776042724087,0.9344459227756857
0.788,0.0,0.0,0.8493979197435875,1.0718498668640244,0.0005657036108942737,0.014746760195148086,0.4167801242175307,0.001009915152043416,0.43835717470399843,0.4085672451011717,-7.171118576049754e-05,1.5690148072995769,1.0507284820475895,-0.0012959185640558652,0.8884665255438187,0.40366599511476886,-0.0012247634124456352,0.41636711529148906,0.5694657766161442,0.00036623286671151004,1.570057664922316,1.0381237443450522,-0.0013298367287657654,1.399238305087031,0.5582441436435245,-0.002109163387644574,0.8702538447509647,0.5515473412584858,-0.0008137319953902386,1.1350156657129753,0.5528255934000229,-0.0014649851961196217,1.4322750165187503,1.0278172083087143,-0.0010156361546571136,0.8105231829616181,1.007563510987132,0.0004865470808135336,0.13592780607978205,0.541931864291544,0.0010186452957571,0.3311890828225332,0.535430747096424,0.0005177470049939007,1.520912417903844,0.995476588445648,-0.0013045451512006178,24.0,0.0,0.0941608870488785,-1.033413479552225,0.9365255669006332
0.79,0.0,0.0,0.8532245787345675,1.0718498668640244,0.0005561298678010923,0.016700004102826793,0.4167801242175307,0.0010050834100559566,0.4394519482443029,0.4085672451011717,-7.447482400706682e-05,1.568928994354413,1.0507284820475895,-0.0012957158131299685,0.8833403268256893,0.40366599511476886,-0.0012120013260726245,0.4097840012673034,0.5694657766161442,0.00038274665331163775,1.5700568884121735,1.0381237443450522,-0.0013298348014431595,1.3965371028683164,0.5582441436435245,-0.002102485403608766,0.8634624259519172,0.5515473412584858,-0.0007967662587311971,1.1312013537348191,0.5528255934000229,-0.001455475180782381,1.4304613261230916,1.0278172083087143,-0.00101114452052509,0.8081275979033332,1.007563510987132,0.0004926008200637846,0.1373935839483916,0.541931864291544,0.001015010145529405,0.3340578259410417,0.535430747096424,0.0005106041606847271,1.524485798611547,0.995476588445648,-0.00131358957364549,24.0,0.0,0.09415978616730762,-1.0366493548320412,0.9386052110255806
0.792,0.0,0.0,0.8570483269742469,1.0718498668640244,0.0005465632203236423,0.018673785965955793,0.4167801242175307,0.0010002003002867598,0.44053601210025917,0.4085672451011717,-7.721175785782797e-05,1.5688383276386346,1.0507284820475895,-0.0012955012807670586,0.8781929482874923,0.40366599511476886,-0.001199185829277301,0.40322367842710477,0.5694657766161442,0.0003992044383721019,1.5700561063170044,1.0381237443450522,-0.0013298328601678033,1.3938058608500208,0.5582441436435245,-0.00209573239806198,0.8566663229205429,0.5515473412584858,-0.0007797877117335786,1.1273768509909434,0.5528255934000229,-0.0014459394008369906,1.4286305424490253,1.0278172083087143,-0.0010066102945359434,0.8057580447496466,1.007563510987132,0.0004985897827094967,0.13887113363278802,0.541931864291544,0.0010113457008578811,0.33693808574063433,0.535430747096424,0.0005034323028884558,1.5280145836633263,0.995476588445648,-0.0013225230254147475,24.0,0.0,0.09415868528573675,-1.0398852301118575,0.940684855150528
0.794,0.0,0.0,0.8608690927181653,1.0718498668640244,0.0005370038497244437,0.020668094877601927,0.4167801242175307,0.0009952658456289373,0.4416093395088955,0.4085672451011717,-7.992191749771865e-05,1.568742665484783,1.0507284820475895,-0.0012952746139776128,0.8730245761813311,0.40366599511476886,-0.0011863173829318085,0.39668653521097297,0.5694657766161442,0.0004156052454725985,1.5700553186337372,1.0381237443450522,-0.0013298309049298808,1.391044549051034,0.5582441436435245,-0.002088904293016241,0.8498659752589898,0.5515473412584858,-0.0007627974541551427,1.1235422727704762,0.5528255934000229,-0.0014363781439773013,1.4267826102085197,1.0278172083087143,-0.0010020333353507776,0.8034146424105791,1.007563510987132,0.0005045136655937132,0.14036050903771263,0.541931864291544,0.00100765182664689,0.3398297721065484,0.535430747096424,0.0004962316533894742,1.5314985692215126,0.995476588445648,-0.0013313449880441959,24.0,0.0,0.09415758440416587,-1.0431211053916738,0.9427644992754755
0.796,0.0,0.0,0.8646868049856614,1.0718498668640244,0.0005274519353646479,0.02268291817890799,0.4167801242175307,0.000990280073349822,0.442671904871494,0.4085672451011717,-8.260523601930955e-05,1.568641865757529,1.0507284820475895,-0.0012950354585929836,0.8678353986603111,0.40366599511476886,-0.0011733964526664056,0.390172957905834,0.5694657766161442,0.000431948103512928,1.5700545253600147,1.0381237443450522,-0.0013298289357217125,1.3882531387154524,0.5582441436435245,-0.0020820010135187738,0.843061822235472,0.5515473412584858,-0.00074579658500126,1.1196977345648158,0.5528255934000229,-0.0014267916984261333,1.424917475372881,1.0278172083087143,-0.0009974135047495136,0.8010975074346378,1.007563510987132,0.000510372171441382,0.1418617639289229,0.541931864291544,0.0010039283881345786,0.3427327935262134,0.535430747096424,0.0004890024374746891,1.5349375550104307,0.995476588445648,-0.0013400549519396615,24.0,0.0,0.094156483522595,-1.04635698067149,0.9448441434004229
0.798,0.0,0.0,0.868501393563024,1.0718498668640244,0.0005179076546959075,0.024718241457041004,0.4167801242175307,0.0009852430150965568,0.4437236837546777,0.4085672451011717,-8.526164942580572e-05,1.5685357858575022,1.0507284820475895,-0.0012947834592748487,0.862625605776086,0.40366599511476886,-0.0011604235088638556,0.3836833306205626,0.5694657766161442,0.00044823204677577543,1.5700537264940664,1.0381237443450522,-0.0013298269525374063,1.3854316023236384,0.5582441436435245,-0.00207502248767982,0.8362543027513404,0.5515473412584858,-0.0007287862024424655,1.1158433520582474,0.5528255934000229,-0.0014171803529119823,1.4230350851844882,1.0278172083087143,-0.000992750667660417,0.7988067540002817,1.007563510987132,0.0005161650088812353,0.14337495192764907,0.541931864291544,0.0010001752509065528,0.3456470570926384,0.535430747096424,0.0004817448839255266,1.5383313443301065,0.995476588445648,-0.0013486524164119569,24.0,0.0,0.09415538264102412,-1.0495928559513064,0.9469237875253703
0.8,0.0,0.0,0.8723127890065374,1.0718498668640244,0.0005083711832525009,0.02677404854332519,0.4167801242175307,0.0009801547069012242,0.4447646528913847,0.4085672451011717,-8.789109663376496e-05,1.568424282725169,1.0507284820475895,-0.0012945182595247818,0.8573953894761932,0.40366599511476886,-0.001147399026653293,0.3772180352613003,0.5694657766161442,0.00046445611498895393,1.5700529220345911,1.0381237443450522,-0.0013298249553725355,1.382579913603207,0.5582441436435245,-0.002067968646700285,0.8294438553082036,0.5515473412584858,-0.0007117674037321365,1.1119792411184966,0.5528255934000229,-0.0014075443966455612,1.421135388168449,1.0278172083087143,-0.0009880446921894349,0.7965424939076068,1.007563510987132,0.0005218918924671256,0.14490012650497652,0.541931864291544,0.0009963922809097376,0.3485724685079884,0.535430747096424,0.0004744592250094641,1.5416797440696925,0.995476588445648,-0.0013571368897111464,24.0,0.0,0.09415428175945324,-1.0528287312311226,0.9490034316503178
0.802,0.0,0.0,0.8761209226454229,1.0718498668640244,0.0004988426946437174,0.028850321511560358,0.4167801242175307,0.0009750151891855137,0.4457947901817288,0.4085672451011717,-9.049351947553255e-05,1.5683072128447653,1.0507284820475895,-0.001294239501693949,0.8521449436011738,0.40366599511476886,-0.001134323485903561,0.37077745150699143,0.5694657766161442,0.0004806193533871096,1.57005211198065,1.0381237443450522,-0.0013298229442238474,1.379698047539947,0.5582441436435245,-0.0020608394248992066,0.8226309179751036,0.5515473412584858,-0.0006947412851242945,1.1081055177872183,0.5528255934000229,-0.001397884119296184,1.4192183341441789,1.0278172083087143,-0.0009832954496493368,0.7943048365702505,1.007563510987132,0.0005275525426988129,0.14643734097615385,0.541931864291544,0.0009925793444664189,0.35150893208734946,0.535430747096424,0.00046714569647108905,1.5449825647206135,0.995476588445648,-0.0013655078890601113,24.0,0.0,0.09415318087788237,-1.056064606510939,0.9510830757752652
0.804,0.0,0.0,0.8799257265846745,1.0718498668640244,0.0004893223605465038,0.030947040676526604,0.4167801242175307,0.0009698245067649258,0.446814074693747,0.4085672451011717,-9.306886270139273e-05,1.5681844322482852,1.0507284820475895,-0.0012939468269929394,0.8468744638814761,0.40366599511476886,-0.0011211973712160123,0.3643619567851368,0.5694657766161442,0.0004967208127728818,1.5700512963315694,1.0381237443450522,-0.0013298209190889948,1.3767859803886675,0.5582441436435245,-0.002053634759741056,0.8158159283557466,0.5515473412584858,-0.0006777089417915444,1.1042222982704253,0.5528255934000229,-0.0013881998109679886,1.417283874236898,1.0278172083087143,-0.0009785028145886615,0.7920938890075162,1.007563510987132,0.0005331466860422035,0.14798664849482576,0.541931864291544,0.0009887363082884755,0.35445635076268317,0.535430747096424,0.0004598045375226864,1.5482396203894289,0.995476588445648,-0.0013737649406874136,24.0,0.0,0.09415207999631149,-1.0593004817907552,0.9531627199002126
0.806,0.0,0.0,0.8837271337077878,1.0718498668640244,0.00047981035069837475,0.033064184592676016,0.4167801242175307,0.0009645827088525103,0.44782248666403435,0.4085672451011717,-9.561707398143826e-05,1.5680557965195328,1.0507284820475895,-0.0012936398755017393,0.8415841479341379,0.40366599511476886,-0.0011080211719167682,0.35797192624776786,0.5694657766161442,0.0005127595495775185,1.5700504750868507,1.0381237443450522,-0.001329818879966293,1.373843689683977,0.5582441436435245,-0.0020463545918628576,0.8089993235557947,0.5515473412584858,-0.0006606714677431519,1.1003296989288534,0.5528255934000229,-0.001378491762176006,1.4153319608890478,1.0278172083087143,-0.0009736666648204595,0.7899097558367185,1.007563510987132,0.0005386740549490393,0.1495481020471908,0.541931864291544,0.0009848630394917956,0.35741462608697067,0.535430747096424,0.0004524359908343521,1.551450728810414,0.995476588445648,-0.001381907579859452,24.0,0.0,0.09415097911474062,-1.0625363570705715,0.95524236402516
0.808,0.0,0.0,0.88752507767938,1.0718498668640244,0.00047030683289059154,0.03520173005301219,0.4167801242175307,0.0009592898490621367,0.4488200074982652,0.4085672451011717,-9.81381039071566e-05,1.5679211607982357,1.0507284820475895,-0.0012933182861798581,0.8362741952592458,0.40366599511476886,-0.0010947953820484228,0.351607732747642,0.5694657766161442,0.0005287346259209408,1.5700496482460902,1.0381237443450522,-0.0013298168268544963,1.3708711542509882,0.5582441436435245,-0.002038998865101131,0.8021815401502195,0.5515473412584858,-0.0006436299557432723,1.0964278362682673,0.5528255934000229,-0.001368760263822076,1.413362547871623,1.0278172083087143,-0.0009687868814508338,0.7877525392657505,1.007563510987132,0.0005441343878760335,0.1511217544460831,0.541931864291544,0.000980959405610883,0.36038365823854684,0.535430747096424,0.0004450403025236334,1.5546157113578567,0.995476588445648,-0.001389935350911915,24.0,0.0,0.09414987823316974,-1.0657722323503878,0.9573220081501075
0.81,0.0,0.0,0.8913194929477021,1.0718498668640244,0.00046081197296161085,0.03735965208815832,0.4167801242175307,0.0009539459854112963,0.44980661977160247,0.4085672451011717,-0.0001006319059927338,1.5677803797842267,1.0507284820475895,-0.0012929816968766156,0.830944807236168,0.40366599511476886,-0.0010815205003611925,0.3452697468146599,0.5694657766161442,0.0005446451096712554,1.5700488158089028,1.0381237443450522,-0.001329814759752595,1.3678683542159518,0.5582441436435245,-0.002031567526518659,0.7953630141507193,0.5515473412584858,-0.0006265854972293341,1.0925168269297085,0.5528255934000229,-0.001359005607170611,1.411375590295421,1.0278172083087143,-0.0009638633489072718,0.7856223390858722,1.007563510987132,0.0005495274293034535,0.15270765832497832,0.541931864291544,0.0009770252746136524,0.3633633460256247,0.535430747096424,0.00043761772214469296,1.5577343930580696,0.995476588445648,-0.0013978478072805217,24.0,0.0,0.09414877735159886,-1.069008107630204,0.9594016522750549
0.812,0.0,0.0,0.8951103147470396,1.0718498668640244,0.0004513259347908058,0.039537923965614494,0.4167801242175307,0.0009485511803234309,0.4507823072289936,0.4085672451011717,-0.00010309843667607691,1.5676333077416964,1.0507284820475895,-0.001292629744341593,0.8255961871195587,0.40366599511476886,-0.0010681970303034979,0.3389583366325063,0.5694657766161442,0.0005604900745037107,1.570047977774854,1.0381237443450522,-0.0013298126786596264,1.3648352710168166,0.5582441436435245,-0.0020240605264310683,0.788544180973206,0.5515473412584858,-0.0006095391822305838,1.0885967876796823,0.5528255934000229,-0.0013492280838242141,1.4093710446222054,1.0278172083087143,-0.000958895954966767,0.7835192526647227,1.007563510987132,0.0005548529297531494,0.15430586613192276,0.541931864291544,0.0009730605149164143,0.3663535868910102,0.535430747096424,0.0004301685026769983,1.560806602601119,0.995476588445648,-0.001405644511531054,24.0,0.0,0.09414767647002799,-1.0722439829100203,0.9614812964000023
0.8140000000000001,0.0,0.0,0.8988974791000036,1.0718498668640244,0.000441848880292462,0.041736517189205034,0.4167801242175307,0.0009431055006297905,0.4517470547853543,0.4085672451011717,-0.00010553765531955473,1.5674797985035205,1.0507284820475895,-0.0012922620642352672,0.8202285400351298,0.40366599511476886,-0.0010548254800119747,0.33267386801551624,0.5694657766161442,0.0005762685999590947,1.570047134143397,1.0381237443450522,-0.0013298105835745045,1.3617718874137155,0.5582441436435245,-0.00201647781843323,0.7817254754053607,0.5515473412584858,-0.0005924920992868005,1.0846678354002899,0.5528255934000229,-0.0013394279856991484,1.407348868675782,1.0278172083087143,-0.0009538845907837279,0.7814433749395545,1.007563510987132,0.0005601106458060232,0.15591643012338613,0.541931864291544,0.0009690649953990533,0.3693542769170081,0.535430747096424,0.0004226929005135345,1.5638321723522661,0.995476588445648,-0.0014133250353886772,24.0,0.0,0.09414657558845711,-1.0754798581898366,0.9635609405249498
0.8160000000000001,0.0,0.0,0.9026809228197086,1.0718498668640244,0.00043238096941005196,0.04395540149871645,0.4167801242175307,0.0009376090175708142,0.45270084852564,0.4085672451011717,-0.00010794952421045653,1.5673197054756636,1.0507284820475895,-0.0012918782911398275,0.8148420729751881,0.40366599511476886,-0.0010414063623009023,0.32641670438576625,0.5694657766161442,0.0005919797715015698,1.5700462849138146,1.0381237443450522,-0.0013298084744958621,1.3586781874993774,0.5582441436435245,-0.0020088193594254775,0.7749073315742635,0.5515473412584858,-0.0005754453353671873,1.0807300870793044,0.5528255934000229,-0.0013296056050006674,1.405309021652987,1.0278172083087143,-0.0009488291509176694,0.7793947984106927,1.007563510987132,0.0005653003401189436,0.1575394023580369,0.541931864291544,0.0009650385854203949,0.37236531083051844,0.535430747096424,0.0004151911754485398,1.566810938363124,0.995476588445648,-0.0014208889597665452,24.0,0.0,0.09414547470688624,-1.0787157334696529,0.9656405846498972
0.8180000000000001,0.0,0.0,0.9064605835118371,1.0718498668640244,0.00042292236011078955,0.04619454486972676,0.4167801242175307,0.0009320618067970356,0.45364367570480485,0.4085672451011717,-0.00011033400856117079,1.5671528816416662,1.0507284820475895,-0.0012914780585701851,0.809436994793935,0.40366599511476886,-0.001027940194651048,0.3201872067503931,0.5694657766161442,0.0006076226805759448,1.5700454300851658,1.0381237443450522,-0.0013298063514219061,1.355554156709462,0.5582441436435245,-0.0020010851096396325,0.7680901829140986,0.5515473412584858,-0.0005583999757894443,1.0767836598001914,0.5528255934000229,-0.0013197612341982038,1.4032514641345863,1.0278172083087143,-0.0009437295333606821,0.7773736131352171,1.007563510987132,0.0005704217814410981,0.15917483469044058,0.541931864291544,0.000960981154833768,0.3753865820083243,0.535430747096424,0.00040766359066476396,1.5697427403825255,0.995476588445648,-0.0014283358747936897,24.0,0.0,0.09414437382531536,-1.0819516087494692,0.9677202287748446
0.8200000000000001,0.0,0.0,0.9102363995765911,1.0718498668640244,0.0004134732083804682,0.04845391351362676,0.4167801242175307,0.0009264639483695099,0.45457552474764873,0.4085672451011717,-0.00011269107650908286,1.5669791795672152,1.0507284820475895,-0.0012910609989851918,0.8040135162025263,0.40366599511476886,-0.0010144274991979155,0.3139857336791402,0.5694657766161442,0.0006231964246643777,1.570044569656237,1.0381237443450522,-0.0013298042143502842,1.3523997818328195,0.5582441436435245,-0.001993275032664844,0.7612744621339381,0.5515473412584858,-0.0005413571041390319,1.0728286707320764,0.5528255934000229,-0.0013098951660004212,1.4011761580960824,1.0278172083087143,-0.0009385856395646802,0.77537990672087,1.007563510987132,0.000575474744629787,0.16083280601663186,0.541931864291544,0.0009568925740027587,0.3784616336876096,0.535430747096424,0.00040011041272024927,1.5724551495241452,0.995476588445648,-0.0014356653798421938,24.0,0.0,0.09414327294374449,-1.0851874840292854,0.9697998728997921
0.8220000000000001,0.0,0.0,0.9140083102105272,1.0718498668640244,0.00040403366821858326,0.05073347187783392,0.4167801242175307,0.0009208155267597598,0.4554963852485526,0.4085672451011717,-0.00011502069911619256,1.5667984514048032,1.0507284820475895,-0.0012906267437990642,0.798571849763887,0.40366599511476886,-0.0010008688027193936,0.30781264128213304,0.5694657766161442,0.00063870010734251,1.5700437036254966,1.0381237443450522,-0.0013298020632779622,1.3492150510216723,0.5582441436435245,-0.0019853890954732376,0.7544606011856069,0.5515473412584858,-0.0005243178021886308,1.0688652371196605,0.5528255934000229,-0.001300007693330134,1.3990830669184309,1.0278172083087143,-0.0009333973744684204,0.7734137643201883,1.007563510987132,0.0005804590106656548,0.1625306782226244,0.541931864291544,0.0009527476456872805,0.3816655130790742,0.535430747096424,0.00039242278352203606,1.5746512760947702,0.995476588445648,-0.0014424464026962431,24.0,0.0,0.09414217206217361,-1.0884233593091017,0.9718795170247395
0.8240000000000001,0.0,0.0,0.9177762554082766,1.0718498668640244,0.000394603891633743,0.05303318264619948,0.4167801242175307,0.000915116630849242,0.45640624797110213,0.4085672451011717,-0.0001173228503684523,1.5666105488984803,1.0507284820475895,-0.0012901749233930344,0.7931122098872825,0.40366599511476886,-0.0009872646366227953,0.30166828318788497,0.5694657766161442,0.0006541328383350279,1.5700428319910529,1.0381237443450522,-0.0013297998982011111,1.345999953801717,0.5582441436435245,-0.0019774272684453696,0.7476490312316311,0.5515473412584858,-0.0005072831498178027,1.0648934762730842,0.5528255934000229,-0.0012900991092990941,1.396972155398662,1.0278172083087143,-0.0009281646465242916,0.7714752686248622,1.007563510987132,0.0005853743666673592,0.1642642561487414,0.541931864291544,0.0009485029651722991,0.3849792864448095,0.535430747096424,0.00038441308504337453,1.5764050362632884,0.995476588445648,-0.0014479367191228055,24.0,0.0,0.09414107118060273,-1.091659234588918,0.973959161149687
0.8260000000000001,0.0,0.0,0.9215401759641475,1.0718498668640244,0.0003851840286393696,0.05535300673960934,0.4167801242175307,0.000909367353928328,0.4573051048475994,0.4085672451011717,-0.00011959750717482606,1.5664153233887002,1.0507284820475895,-0.001289705167127227,0.7876348128226397,0.40366599511476886,-0.0009736155369312841,0.29555301052153343,0.5694657766161442,0.000669493733570648,1.570041954750616,1.0381237443450522,-0.0013297977191150019,1.3427544810821501,0.5582441436435245,-0.0019693895253954817,0.7408401826132736,0.5515473412584858,-0.0004902542249328631,1.0609135055577423,0.5528255934000229,-0.0012801697071826532,1.3948433897604078,1.0278172083087143,-0.0009228873677248695,0.7695644998603186,1.007563510987132,0.0005902206059056744,0.16602989686492067,0.541931864291544,0.0009441690203570067,0.3883864568286026,0.535430747096424,0.0003761286516290363,1.5777807331513276,0.995476588445648,-0.001452321119544101,24.0,0.0,0.09413997029903186,-1.0948951098687343,0.9760388052746344
0.8280000000000001,0.0,0.0,0.92530001347361,1.0718498668640244,0.00037577422724969226,0.05769290331677933,0.4167801242175307,0.0009035677936948033,0.4581929489784641,0.4085672451011717,-0.00012184464936606924,1.5662126258172668,1.0507284820475895,-0.0012892171033527767,0.7821398766546171,0.40366599511476886,-0.0009599220442696771,0.28946717188330856,0.5694657766161442,0.0006847819152365268,1.570041071901461,1.0381237443450522,-0.0013297955260139094,1.3394786251656092,0.5582441436435245,-0.0019612758435965643,0.7340344848186579,0.5515473412584858,-0.00047323210338696937,1.0569254423840506,0.5528255934000229,-0.0012702197803942986,1.3926967376643329,1.0278172083087143,-0.0009175654536292339,0.767681535780532,1.007563510987132,0.0005949975278170333,0.1678244298737979,0.541931864291544,0.0009397549185665585,0.3918726141239713,0.535430747096424,0.0003676107256695535,1.5788344387461988,0.995476588445648,-0.001455760361764199,24.0,0.0,0.09413886941746098,-1.0981309851485506,0.9781184493995818
0.8300000000000001,0.0,0.0,0.9290557103346616,1.0718498668640244,0.00036637463347603594,0.060052829775245356,0.4167801242175307,0.0008977180522518784,0.459069774631523,0.4085672451011717,-0.00012406425969323093,1.5660023067323827,1.0507284820475895,-0.0012887103594241933,0.776627621296421,0.40366599511476886,-0.0009461847038496207,0.2834111133272341,0.5694657766161442,0.000699996511832089,1.570040183440396,1.0381237443450522,-0.0013297933188910222,1.3361723797580374,0.5582441436435245,-0.001953086203805212,0.7272323664509841,0.5515473412584858,-0.0004562178589004301,1.0529294041971649,0.5528255934000229,-0.0012602496224600693,1.3905321682184673,1.0278172083087143,-0.0009121988233890465,0.7658264516630606,1.007563510987132,0.0005997049380164998,0.16964510036302013,0.541931864291544,0.0009352685860443654,0.39542518595026394,0.535430747096424,0.00035889533243113186,1.5796149779696542,0.995476588445648,-0.001458394625751377,24.0,0.0,0.0941377685358901,-1.1013668604283668,0.9801980935245292
0.8320000000000001,0.0,0.0,0.9328072097490734,1.0718498668640244,0.000356985391323407,0.062432741752548974,0.4167801242175307,0.0008918182361057134,0.459935577241189,0.4085672451011717,-0.00012625632382587821,1.5657842162938043,1.0507284820475895,-0.001288184561711983,0.7710982684833652,0.40366599511476886,-0.0009324040654541305,0.2773851783400625,0.5694657766161442,0.0007151366582222751,1.5700392893637307,1.0381237443450522,-0.0013297910977383598,1.332835739978461,0.5582441436435245,-0.0019448205902862822,0.7204342551968393,0.5515473412584858,-0.00043921256298124574,1.0489255084666556,0.5528255934000229,-0.0012502595269928548,1.3883496519884404,1.0278172083087143,-0.0009067873997743825,0.7639993203043107,1.007563510987132,0.0006043426483101782,0.17148951904189141,0.541931864291544,0.0009307169098213097,0.39903321699320987,0.535430747096424,0.0003500139028654002,1.58016480001946,0.995476588445648,-0.0014603459738100155,24.0,0.0,0.09413666765431923,-1.1046027357081831,0.9822777376494767
0.834,0.0,0.0,0.9365544557235156,1.0718498668640244,0.0003476066427873775,0.0648325931276189,0.4167801242175307,0.0008858684561624543,0.46079035340752944,0.4085672451011717,-0.00012842083035004322,1.565558204278106,1.0507284820475895,-0.001287639335615537,0.7655520417661708,0.40366599511476886,-0.0009185806834214907,0.27138970782044386,0.5694657766161442,0.0007302014956902043,1.5700383896672472,1.0381237443450522,-0.0013297888625466963,1.3294687023686877,0.5582441436435245,-0.0019364789908373412,0.7136405777946042,0.5515473412584858,-0.0004222172848458838,1.0449138726761371,0.5528255934000229,-0.0012402497876665816,1.3861491610076142,1.0278172083087143,-0.0009013311091993154,0.7622002120150277,1.007563510987132,0.000608910476707053,0.17335561780607325,0.541931864291544,0.0009261058631241316,0.40268717366178386,0.535430747096424,0.0003409938252580354,1.5805207495240552,0.995476588445648,-0.0014617205289345298,24.0,0.0,0.09413556677274836,-1.1078386109879994,0.9843573817744241
0.836,0.0,0.0,0.9402973930705618,1.0718498668640244,0.000338238527851272,0.06725233602234883,0.4167801242175307,0.0008798688277247795,0.46163410089522394,0.4085672451011717,-0.00013055777076589434,1.5653241200840597,1.0507284820475895,-0.0012870743055762913,0.7599891665040055,0.40366599511476886,-0.0009047151166285048,0.2654250400583307,0.5694657766161442,0.0007451901719892508,1.5700374843461746,1.0381237443450522,-0.0013297866133054875,1.326071264902918,0.5582441436435245,-0.0019280613968129083,0.7068517600029595,0.5515473412584858,-0.000405233091340296,1.0408946143128563,0.5528255934000229,-0.0012302206981902855,1.3839306687871145,1.0278172083087143,-0.0008958298817472499,0.7604291946160144,1.007563510987132,0.0006134082474302605,0.17524161056232224,0.541931864291544,0.0009214406162136771,0.40637877125170363,0.535430747096424,0.0003318589335866004,1.580714748684984,0.995476588445648,-0.001462610402696018,24.0,0.0,0.09413446589117748,-1.1110744862678157,0.9864370258993715
0.838,0.0,0.0,0.9440359674095706,1.0718498668640244,0.00032888118448365643,0.06969192080337222,0.4167801242175307,0.0008738194704879547,0.46246681863241224,0.4085672451011717,-0.0001326671394851306,1.5650818127381292,1.0507284820475895,-0.0012864890950911756,0.7544098698572579,0.40366599511476886,-0.0008908079284730916,0.2594915107146182,0.5694657766161442,0.0007601018413945338,1.5700365733951631,1.0381237443450522,-0.0013297843500028061,1.3226434269972724,0.5582441436435245,-0.001919567803148484,0.7000682265694946,0.5515473412584858,-0.00038826104686118414,1.0368678508572382,0.5528255934000229,-0.0012201725522820836,1.3816941503257587,1.0278172083087143,-0.0008902836511960005,0.7586863334340772,1.007563510987132,0.0006178357909277937,0.1771459586226422,0.541931864291544,0.0009167256343230545,0.41010082110909185,0.535430747096424,0.00032262993961180097,1.5807744003625122,0.995476588445648,-0.0014630954005983399,24.0,0.0,0.0941333650096066,-1.114310361547632,0.988516670024319
0.84,0.0,0.0,0.9477701251674446,1.0718498668640244,0.00031953474863613443,0.07215129608403417,0.4167801242175307,0.0008677205085353962,0.4632885067094323,0.4085672451011717,-0.00013474893382810132,1.5648311309000857,1.0507284820475895,-0.0012858833267263491,0.748814380780045,0.40366599511476886,-0.0008768596868562226,0.2535894528010216,0.5694657766161442,0.000774935664753815,1.5700356568082616,1.0381237443450522,-0.0013297820726252774,1.3191851895192317,0.5582441436435245,-0.00191099820838437,0.6932904011994206,0.5515473412584858,-0.00037130221327752206,1.0328336997723933,0.5528255934000229,-0.0012101056436430383,1.379439582119879,1.0278172083087143,-0.0008846923550426112,0.7569716912982005,1.007563510987132,0.0006221929438826368,0.1790673401452455,0.541931864291544,0.0009119647641722546,0.41384709555929666,0.535430747096424,0.0003133248149683304,1.580723520971414,0.995476588445648,-0.0014632445297921605,24.0,0.0,0.09413226412803573,-1.1175462368274482,0.9905963141492664
0.842,0.0,0.0,0.9514998135792652,1.0718498668640244,0.0003101993542414494,0.07463040872656106,0.4167801242175307,0.0008615720703337412,0.46409916637744847,0.4085672451011717,-0.00013680315402065144,1.564571922868749,1.0507284820475895,-0.0012852566221312406,0.7432029300124513,0.40366599511476886,-0.0008628709641631904,0.2477191966601907,0.5694657766161442,0.0007896908095378065,1.5700347345788959,1.0381237443450522,-0.0013297797811580236,1.3156965547969903,0.5582441436435245,-0.001902352614689268,0.68651870652439,0.5515473412584858,-0.0003543576498523371,1.0287922784935866,0.5528255934000229,-0.001200020265930926,1.377166942173039,1.0278172083087143,-0.000879055934527912,0.7552853285359487,1.007563510987132,0.0006264795492223285,0.18100462315960517,0.541931864291544,0.0009071613103657464,0.4176122086087497,0.535430747096424,0.0003039591288428184,1.5805826110824637,0.995476588445648,-0.0014631173313144152,24.0,0.0,0.09413116324646485,-1.1207821121072645,0.9926759582742138
0.844,0.0,0.0,0.9552249806888029,1.0718498668640244,0.0003008751332118981,0.07712920384442816,0.4167801242175307,0.000855374288727424,0.4648988000469708,0.4085672451011717,-0.00013882980319069192,1.5643040365878538,1.0507284820475895,-0.0012846086020528984,0.7375757500724958,0.40366599511476886,-0.0008488423372442061,0.24188106994606276,0.5694657766161442,0.0008043664498898836,1.5700338066998485,1.0381237443450522,-0.0013297774755846093,1.3121775266287217,0.5582441436435245,-0.0018936310278836646,0.6797535640714261,0.5515473412584858,-0.00033742841316476035,1.024743704417671,0.5528255934000229,-0.001189916712733909,1.3748762100056426,1.0278172083087143,-0.000873374334660812,0.7536273029700963,1.007563510987132,0.0006306954561279582,0.18295684176569016,0.541931864291544,0.0009023181028298471,0.4213915106449422,0.535430747096424,0.0002945463462191858,1.5803692707582768,0.995476588445648,-0.0014627650565920392,24.0,0.0,0.09413006236489398,-1.1240179873870808,0.9947556023991613
0.846,0.0,0.0,0.9589455753489028,1.0718498668640244,0.0002915622154380537,0.07964762480492565,0.4167801242175307,0.0008491273009327563,0.4656874112862649,0.4085672451011717,-0.0001408288873644978,1.5640273196520496,1.0507284820475895,-0.0012839388863506607,0.7319330752478259,0.40366599511476886,-0.0008347743873943173,0.23607539760445356,0.5694657766161442,0.0008189617666752036,1.5700328731632403,1.0381237443450522,-0.0013297751558869909,1.3086281102917525,0.5582441436435245,-0.001884833457462993,0.6729953942319654,0.5515473412584858,-0.00032051555703235064,1.0206880948924857,0.5528255934000229,-0.0011797952775441203,1.3725673666644336,1.0278172083087143,-0.000867647504242321,0.7519976699154874,1.007563510987132,0.0006348405200425891,0.18492317514410922,0.541931864291544,0.0008974375563146347,0.4251809955537359,0.535430747096424,0.0002850980911287046,1.5800985658787494,0.995476588445648,-0.0014622317057815721,24.0,0.0,0.0941289614833231,-1.127253862666897,0.9968352465241087
0.848,0.0,0.0,0.9626615472217434,1.0718498668640244,0.00028226072878780403,0.08218561323192324,0.4167801242175307,0.0008428312485315126,0.4664650048196533,0.4085672451011717,-0.00014280041546273298,1.5637416193130333,1.0507284820475895,-0.0012832470940111502,0.7262751415871354,0.40366599511476886,-0.0008206677003326426,0.23030250185388826,0.5694657766161442,0.0008334759475292265,1.5700319339605124,1.0381237443450522,-0.0013297728220454702,1.305048312551649,0.5582441436435245,-0.0018759599166205702,0.6662446162310134,0.5515473412584858,-0.00030362013243369904,1.0166255672062208,0.5528255934000229,-0.001169656253731157,1.3702403947318844,1.0278172083087143,-0.0008618753958892984,0.7503964821761223,1.007563510987132,0.0006389146026791112,0.18690314418993,0.541931864291544,0.0008925217228685871,0.42897814414838004,0.535430747096424,0.00027562437885672033,1.579779693811489,0.995476588445648,-0.0014615549435827535,24.0,0.0,0.09412786060175223,-1.1304897379467134,0.9989148906490561
0.85,0.0,0.0,0.966372846778969,1.0718498668640244,0.0002729707991057026,0.08474310900883379,0.4167801242175307,0.0008364862774640187,0.46723158652570823,0.4085672451011717,-0.000144744399296204,1.5634467824858218,1.0507284820475895,-0.0012825328431636095,0.7206021868913033,0.40366599511476886,-0.0008065228661809162,0.22456270216667185,0.5694657766161442,0.0008479081869056399,1.5700309890824107,1.0381237443450522,-0.0013297704740386506,1.3014381416712093,0.5582441436435245,-0.0018670104222703113,0.6595016480964181,0.5515473412584858,-0.00028674318743131895,1.0125562385767528,0.5528255934000229,-0.0011594999345154948,1.3678952783354739,1.0278172083087143,-0.0008560579660579254,0.7488237900424732,1.007563510987132,0.000642917572027524,0.18889673555326067,0.541931864291544,0.0008875718002540351,0.43278244929557835,0.535430747096424,0.00026613150737010997,1.5794139034003591,0.995476588445648,-0.0014607577634146024,24.0,0.0,0.09412675972018135,-1.1337256132265296,1.0009945347740035
0.852,0.0,0.0,0.9700794253016948,1.0718498668640244,0.00026369255021263863,0.08732005028177629,0.4167801242175307,0.0008300925380217422,0.46798716343533636,0.4085672451011717,-0.00014666085356134133,1.5631426557551638,1.0507284820475895,-0.0012817957510955808,0.7149144507042543,0.40366599511476886,-0.0007923404794413361,0.21885631525019994,0.5694657766161442,0.0008622576861236808,1.5700300385189696,1.0381237443450522,-0.0013297681118433964,1.2977976074193656,0.5582441436435245,-0.0018579849950692122,0.6527669066282629,0.5515473412584858,-0.0002698857670948307,1.0084802261409493,0.5528255934000229,-0.0011493266129418247,1.3655320031568488,1.0278172083087143,-0.000850195175066899,0.7472796412890291,1.007563510987132,0.0006468493023616467,0.19090400296330545,0.541931864291544,0.0008825878218457085,0.4365936936636027,0.535430747096424,0.0002566207445021142,1.5790012978423242,0.995476588445648,-0.001459843287386778,24.0,0.0,0.09412565883861047,-1.136961488506346,1.0030741788989508
0.854,0.0,0.0,0.9737812348803839,1.0718498668640244,0.00025442610390582403,0.08991637346293807,0.4167801242175307,0.000823650184839386,0.46873174372975573,0.4085672451011717,-0.00014854979583541164,1.5628290853820994,1.0507284820475895,-0.0012810354342689357,0.7092121743035354,0.40366599511476886,-0.0007781211389737136,0.21318365502851044,0.5694657766161442,0.0008765236534148606,1.570029082259499,1.0381237443450522,-0.0013297657354347937,1.2941267210799905,0.5582441436435245,-0.0018488836594396027,0.6460408073683815,0.5515473412584858,-0.00025304891342444266,1.004397646943946,0.5528255934000229,-0.0011391365818523161,1.363150556440873,1.0278172083087143,-0.0008442869871203363,0.7457640811720678,1.007563510987132,0.000650709674245257,0.19292499974134472,0.541931864291544,0.0008775696533205965,0.4404116588581842,0.535430747096424,0.0002470926335820534,1.5785419839987525,0.995476588445648,-0.0014588117734916906,24.0,0.0,0.0941245579570396,-1.1401973637861622,1.005153823023898
0.856,0.0,0.0,0.9774782284145961,1.0718498668640244,0.00024517157995910117,0.09253201323413689,0.4167801242175307,0.0008171593768864816,0.469465336738365,0.4085672451011717,-0.0001504112465714601,1.562505917310666,1.0507284820475895,-0.0012802515083362748,0.7034956006906091,0.40366599511476886,-0.0007638654479719165,0.2075450326240766,0.5694657766161442,0.0008907053039690844,1.5700281202925706,1.0381237443450522,-0.0013297633447861173,1.2904254954606105,0.5582441436435245,-0.001839706443591165,0.639323764569998,0.5515473412584858,-0.00023623366527473932,1.0003086179283984,0.5528255934000229,-0.0011289301338598076,1.3607509270045577,1.0278172083087143,-0.0008383333703303969,0.7442771524276581,1.007563510987132,0.0006544985745376603,0.1949597787882329,0.541931864291544,0.0008725171613754984,0.4442361254431343,0.535430747096424,0.0002375477205955996,1.5780360723847922,0.995476588445648,-0.0014576634888827612,24.0,0.0,0.09412345707546872,-1.1434332390659785,1.0072334671488454
0.858,0.0,0.0,0.9811703596126067,1.0718498668640244,0.00023592909612357078,0.09516690255058277,0.4167801242175307,0.0008106202774584845,0.47018795293650567,0.4085672451011717,-0.0001522452290929832,1.562172997174756,1.0507284820475895,-0.001279443588157691,0.69776497458086,0.40366599511476886,-0.0007495740139396007,0.2019407563398416,0.5694657766161442,0.000904801859980169,1.570027152606005,1.0381237443450522,-0.001329760939868796,1.2866939449010235,0.5582441436435245,-0.001830453379542715,0.6326161911674919,0.5515473412584858,-0.00021944105827878036,0.9962132559237107,0.5528255934000229,-0.0011187075613209388,1.3583331052458743,1.0278172083087143,-0.0008323342967396086,0.7428188952698893,1.007563510987132,0.0006582158963986845,0.1970083925718082,0.541931864291544,0.0008674302137582779,0.44806687296114484,0.535430747096424,0.00022798655413322434,1.577483677158474,0.995476588445648,-0.0014563987098478604,24.0,0.0,0.09412235619389785,-1.1466691143457948,1.0093131112737928
0.86,0.0,0.0,0.9848575829908965,1.0718498668640244,0.00022669876812854428,0.09782097264483984,0.4167801242175307,0.0008040330541673699,0.47089960394311764,0.4085672451011717,-0.00015405176958833492,1.561830170305132,1.0507284820475895,-0.0012786112878179162,0.6920205423933139,0.40366599511476886,-0.0007352474486652278,0.19637113164149553,0.5694657766161442,0.0009188125506907564,1.570026179186862,1.0381237443450522,-0.0013297585206523822,1.282932085281819,0.5582441436435245,-0.0018211245031437475,0.6259184987462953,0.5515473412584858,-0.00020267212477251522,0.9921116776352401,0.5528255934000229,-0.0011084691563092194,1.3558970831524477,1.0278172083087143,-0.0008262897423429,0.7413893473893296,1.007563510987132,0.0006618615392931065,0.19907089311421636,0.541931864291544,0.0008623086792993397,0.45190367995476394,0.535430747096424,0.00021840968533819798,1.5768849161095397,0.995476588445648,-0.0014550177217820647,24.0,0.0,0.09412125531232697,-1.149904989625611,1.01139275539874
0.862,0.0,0.0,0.9885398538735113,1.0718498668640244,0.00021748070968281963,0.10049415303098834,0.4167801242175307,0.0007973978789317271,0.4716003025182877,0.4085672451011717,-0.00015583089710486484,1.5614772817365967,1.0507284820475895,-0.0012777542206438564,0.6862625522400672,0.40366599511476886,-0.0007208863681963626,0.19083646113999456,0.5694657766161442,0.0009327366124366216,1.5700252000214285,1.0381237443450522,-0.0013297560871045244,1.2791399340328011,0.5582441436435245,-0.001811719854095736,0.6192310975129194,0.5515473412584858,-0.00018592789371952385,0.9880039996334837,0.5528255934000229,-0.001098215210588043,1.3534428543101278,1.0278172083087143,-0.0008201996871093337,0.7399885439517131,1.007563510987132,0.0006654354089945058,0.20114733197915108,0.541931864291544,0.0008571524279433194,0.455746323987545,0.535430747096424,0.00020881766785415021,1.5762399106479994,0.995476588445648,-0.0014535208191597292,24.0,0.0,0.0941201544307561,-1.1531408649054273,1.0134723995236874
0.864,0.0,0.0,0.9922171283912903,1.0718498668640244,0.00020827503247628277,0.10318637150898673,0.4167801242175307,0.0007907149279663559,0.47229006256069267,0.4085672451011717,-0.00015758264354279004,1.561114176215327,1.0507284820475895,-0.001276871999222518,0.6804912539154238,0.40366599511476886,-0.0007064913928132458,0.18533704457432318,0.5694657766161442,0.0009465732886903742,1.5700242150952097,1.0381237443450522,-0.001329753639190941,1.275317510141314,0.5582441436435245,-0.0018022394759731916,0.6125543962651163,0.5515473412584858,-0.00016920939063608392,0.9838903383432458,0.5528255934000229,-0.001087946015583652,1.350970413911438,1.0278172083087143,-0.0008140641150035338,0.7386165175968546,1.007563510987132,0.0006689374175885471,0.20323776025901313,0.541931864291544,0.0008519613307809825,0.4595945816653655,0.535430747096424,0.00019921105777219756,1.5755487857924173,0.995476588445648,-0.0014519083055058784,24.0,0.0,0.09411905354918522,-1.1563767401852436,1.0155520436486347
0.866,0.0,0.0,0.9958893634809638,1.0718498668640244,0.00019908184618183528,0.10589755416923412,0.4167801242175307,0.0007839843817713599,0.47296889910493595,0.4085672451011717,-0.00015930704364880243,1.5607406982063718,1.0507284820475895,-0.001275964235419344,0.6747068988847406,0.40366599511476886,-0.0006920631470016372,0.17987317879449935,0.5694657766161442,0.0009603218301045525,1.5700232243929204,1.0381237443450522,-0.001329751176875394,1.2714648341604653,0.5582441436435245,-0.0017926834162444736,0.6058888023621775,0.5515473412584858,-0.00015251763751657628,0.9797708100327897,0.5528255934000229,-0.0010776618623580573,1.3484797587638992,1.0278172083087143,-0.0008078830140068094,0.7372732984377931,1.007563510987132,0.0006723674834756932,0.20534222856199139,0.541931864291544,0.0008467352600813273,0.46344822865791313,0.535430747096424,0.00018959041357764634,1.5748116701579278,0.995476588445648,-0.0014501804933669232,24.0,0.0,0.09411795266761434,-1.15961261546506,1.017631687773582
0.868,0.0,0.0,0.9995565168841191,1.0718498668640244,0.0001899012584576515,0.10862762539733296,0.4167801242175307,0.0007772064251207415,0.4736368283187794,0.4085672451011717,-0.0001610041350094106,1.5603566919013179,1.0507284820475895,-0.0012750305403969558,0.6689097402729772,0.40366599511476886,-0.0006776022594249293,0.17444515774482325,0.5694657766161442,0.000973981494554112,1.5700222278984763,1.0381237443450522,-0.0013297487001196707,1.2675819282172511,0.5582441436435245,-0.0017830517262923521,0.5992347216953702,0.5515473412584858,-0.00013585365275922912,0.9756455308029752,0.5528255934000229,-0.001067363041581917,1.3459708872982283,1.0278172083087143,-0.0008016563761379624,0.7359589140601623,1.007563510987132,0.0006757255313733471,0.20746078699906792,0.541931864291544,0.0008414740893238818,0.46730703972033544,0.535430747096424,0.00017995629609627724,1.574028695943981,0.995476588445648,-0.0014483377042806994,24.0,0.0,0.09411685178604347,-1.1628484907448762,1.0197113318985294
0.87,0.0,0.0,1.0032185471460344,1.0718498668640244,0.00018073337494976333,0.11137650787905198,0.4167801242175307,0.0007703812470504943,0.4742938675002696,0.4085672451011717,-0.00016267395804401923,1.5599620012261266,1.0507284820475895,-0.001274070524634321,0.66310003285295,0.40366599511476886,-0.000663109362895521,0.16905327244736937,0.5694657766161442,0.0009875515471783022,1.5700212233821962,1.0381237443450522,-0.0013297462088835605,1.2636688175322235,0.5582441436435245,-0.0017733444614343166,0.5925925590090896,0.5515473412584858,-0.00011921845109221092,0.9715146165763848,0.5528255934000229,-0.001057049843507381,1.3434437995764086,1.0278172083087143,-0.0007953841974737853,0.7346733895217901,1.007563510987132,0.000679011492317424,0.20959348517095006,0.541931864291544,0.0008361776932311905,0.47117078871505,0.535430747096424,0.00017030926844022147,1.5731999989218226,0.995476588445648,-0.0014463802687458328,24.0,0.0,0.09411575090447259,-1.1660843660246925,1.0217909760234767
0.872,0.0,0.0,1.0068754136143805,1.0718498668640244,0.00017157829929497493,0.11414412260548931,0.4167801242175307,0.0007635090408461968,0.4749400350747597,0.4085672451011717,-0.0001643165559977447,1.5595564698491446,1.0507284820475895,-0.0012730837979463428,0.6572780330332891,0.40366599511476886,-0.000648585094345453,0.16369781098572275,0.5694657766161442,0.0010010312604219372,1.5700201577134523,1.0381237443450522,-0.00132974369759286,1.2597255637173945,0.5582441436435245,-0.0017635616847217475,0.5859627255702481,0.5515473412584858,-0.00010261304437650943,0.9673781830864392,0.5528255934000229,-0.0010467225579409048,1.3408984972996305,1.0278172083087143,-0.0007890664781692358,0.7334167473525244,1.007563510987132,0.0006822253036633546,0.21174037215493216,0.541931864291544,0.0008308459478014851,0.47503924863371255,0.535430747096424,0.000160649895953435,1.5723257184217037,0.995476588445648,-0.0014443085261904365,24.0,0.0,0.09411465002290172,-1.1693202413045087,1.023870620148424
0.874,0.0,0.0,1.0105270764377896,1.0718498668640244,0.00016243613312410976,0.11693038887843579,0.4167801242175307,0.0007565900040301035,0.4755753505918271,0.4085672451011717,-0.00016593197493396995,1.5591399411892917,1.0507284820475895,-0.0012720699695038878,0.6514439988460962,0.40366599511476886,-0.0006340300947963007,0.15837905848895892,0.5694657766161442,0.0010144199140760535,1.5700189266201987,1.0381237443450522,-0.0013297410334210003,1.255752265000782,0.5582441436435245,-0.001753703550184675,0.5793456391507389,0.5515473412584858,-8.60384607794057e-05,0.9632363458665055,0.5528255934000229,-0.0010363814742160406,1.3383349838161023,1.0278172083087143,-0.0007827032224772906,0.7321890075542872,1.007563510987132,0.0006853669090865189,0.21390149649168982,0.541931864291544,0.0008254787303415298,0.47891219161933857,0.535430747096424,0.00015097874615677866,1.571405997319826,0.995476588445648,-0.001442122824940139,24.0,0.0,0.09411354914133084,-1.172556116584325,1.0259502642733713
0.876,0.0,0.0,1.014173496564291,1.0718498668640244,0.00015330697606558697,0.11973522431593829,0.4167801242175307,0.0007496243383477371,0.4761998347220871,0.4085672451011717,-0.00016752026372663848,1.5587122584244275,1.0507284820475895,-0.0012710286478542555,0.645598189934303,0.40366599511476886,-0.0006194450093283182,0.1530972971158682,0.5694657766161442,0.001027716795317963,1.5700174240023186,1.0381237443450522,-0.0013297379556878664,1.251749022557397,0.5582441436435245,-0.0017437703033931437,0.5727417161793602,0.5515473412584858,-6.94957447306327e-05,0.9590892202390003,0.5528255934000229,-0.0010260268811662066,1.3357532641287275,1.0278172083087143,-0.0007762944387684701,0.7309901876013548,1.007563510987132,0.000688436258582112,0.21607690617200967,0.541931864291544,0.0008200759194996356,0.48278938898857643,0.535430747096424,0.00014129638869271363,1.5704409820250222,0.995476588445648,-0.001439823522185445,24.0,0.0,0.09411244825975996,-1.1757919918641413,1.0280299083983186
0.878,0.0,0.0,1.0178146357396136,1.0718498668640244,0.00014419092574933346,0.12255854485806292,0.4167801242175307,0.000742612249753981,0.47681350925390314,0.4085672451011717,-0.0001690814740522885,1.5582732644999027,1.0507284820475895,-0.001269959440942095,0.6397408675387286,0.40366599511476886,-0.0006048304870488353,0.14785280603942422,0.5694657766161442,0.00104092119875069,1.5700155432639449,1.0381237443450522,-0.001329734199143166,1.247715939604893,0.5582441436435245,-0.0017337621972846814,0.5661513715017625,0.5515473412584858,-5.298593730218598e-05,0.9549369213044888,0.5528255934000229,-0.0010156590670974436,1.3331533449026491,1.0278172083087143,-0.0007698401395500331,0.7298203024408656,1.007563510987132,0.0006914333084644428,0.21826664862345724,0.541931864291544,0.0008146373952988359,0.48667061125412764,0.535430747096424,0.00013160339526961898,1.5694308224651712,0.995476588445648,-0.0014374109839484356,24.0,0.0,0.09411134737818909,-1.1790278671439576,1.030109552523266
0.88,0.0,0.0,1.0214504565053557,1.0718498668640244,0.00013508807781102694,0.1254002647728579,0.4167801242175307,0.0007355539483986695,0.4774163970899939,0.4085672451011717,-0.0001706156603818286,1.5578228021372935,1.0507284820475895,-0.0012688619561307829,0.6338722944848355,0.40366599511476886,-0.0005901871810598994,0.14264586143149668,0.5694657766161442,0.0010540324264418,1.5700131773161836,1.0381237443450522,-0.0013297294972972318,1.24365312140788,0.5582441436435245,-0.001723679489903421,0.5595750183509516,0.5515473412584858,-3.651007560819181e-05,0.9507795639307829,0.5528255934000229,-0.0010052783197611649,1.3305352344726569,1.0278172083087143,-0.0007633403414848372,0.7286793644935534,1.007563510987132,0.0006943580213656658,0.2204707706969865,0.541931864291544,0.0008091630391702171,0.49055562814731135,0.535430747096424,0.00012190033960574096,1.5683756720733506,0.995476588445648,-0.001434885585048808,24.0,0.0,0.09411024649661821,-1.1822637424237739,1.0321891966482133
0.882,0.0,0.0,1.0250809221970194,1.0718498668640244,0.00012599852589667172,0.12826029666251598,0.4167801242175307,0.0007284496486116821,0.47800852224393786,0.4085672451011717,-0.00017212287997205549,1.5573607138433259,1.0507284820475895,-0.00126773580022426,0.6279927351691817,0.40366599511476886,-0.0005755157484251666,0.13747673644780875,0.5694657766161442,0.0010670497879616187,1.570010218579756,1.0381237443450522,-0.0013297235824278287,1.2395606752821544,0.5582441436435245,-0.001713522444410889,0.553013068317976,0.5515473412584858,-2.006919273116442e-05,0.946617262742041,0.5528255934000229,-0.0009948849263268999,1.3278989428504577,1.0278172083087143,-0.0007567950654098566,0.7275673836547075,1.007563510987132,0.0006972103662339462,0.22268931865349365,0.541931864291544,0.0008036527339863939,0.49444420864076977,0.535430747096424,0.00011218779737278167,1.5672756877737273,0.995476588445648,-0.0014322477090692564,24.0,0.0,0.09410914561504734,-1.1854996177035901,1.0342688407731606
0.884,0.0,0.0,1.0287059969419128,1.0718498668640244,0.00011692236166751247,0.13113855146973605,0.4167801242175307,0.0007212995688875368,0.4785899098365757,0.4085672451011717,-0.0001736031928569154,1.5568868419189896,1.0507284820475895,-0.0012665805794893409,0.6221024555455705,0.40366599511476886,-0.0005608168501360322,0.1323457012131386,0.5694657766161442,0.0010799726004208385,1.5700065589875614,1.0381237443450522,-0.0013297161855867596,1.2354387105988336,0.5582441436435245,-0.0017032913290965749,0.5464659313228019,0.5515473412584858,-3.664317648725546e-06,0.9424501321078711,0.5528255934000229,-0.0009844791733550453,1.325244481731808,1.0278172083087143,-0.0007502043363543587,0.7264843672953579,1.007563510987132,0.000699990318331061,0.22492233815031842,0.541931864291544,0.0007981063640951262,0.49833612097131036,0.535430747096424,0.00010246634613913564,1.5661310299671867,0.995476588445648,-0.0014294977483201982,24.0,0.0,0.09410804473347646,-1.1887354929834064,1.036348484898108
0.886,0.0,0.0,1.0323256456569168,1.0718498668640244,0.00010785967480527902,0.13403493848428374,0.4167801242175307,0.0007141039318694866,0.4791605860923106,0.4085672451011717,-0.00017505666183850993,1.556401028468846,1.0507284820475895,-0.0012653958996785004,0.6162017231108953,0.40366599511476886,-0.0005460911510770042,0.12725302280676576,0.5694657766161442,0.001092800188507514,1.5700020899871618,1.0381237443450522,-0.001329707036606273,1.2312873387884007,0.5582441436435245,-0.0016929864173882729,0.5399340155853759,0.5515473412584858,1.270352483920989e-05,0.9382782861324391,0.5528255934000229,-0.0009740613467696205,1.3225718645035038,1.0278172083087143,-0.0007435681835577346,0.7254303202636863,1.007563510987132,0.0007026978592294351,0.22716987422769636,0.541931864291544,0.0007925238153530641,0.5022311326628822,0.535430747096424,9.273656531278416e-05,1.5649418625167022,0.995476588445648,-0.0014266361038038466,24.0,0.0,0.09410694385190559,-1.1919713682632227,1.0384281290230553
0.888,0.0,0.0,1.035939834046119,1.0718498668640244,9.88105530177691e-05,0.1369493653497506,0.4167801242175307,0.0007068629643331173,0.47972057833530785,0.4085672451011717,-0.00017648335247784724,1.5559031154105314,1.0507284820475895,-0.0012641813660531414,0.6102908068906798,0.40366599511476886,-0.0005313393199903161,0.1221989652481615,0.5694657766161442,0.0011055318845234461,1.5699967025431885,1.0381237443450522,-0.0013296958641052742,1.2271066733446554,0.5582441436435245,-0.0016826079878621905,0.5334177275968809,0.5515473412584858,2.9033314182774772e-05,0.9341018386435863,0.5528255934000229,-0.0009636317318310406,1.319881106250229,1.0278172083087143,-0.000736886640486974,0.7244052448866608,1.007563510987132,0.0007053329768086142,0.2294319712951648,0.541931864291544,0.0007869049751596192,0.5061290105496826,0.535430747096424,8.29990360838545e-05,1.563708352732446,0.995476588445648,-0.0014236631851776355,24.0,0.0,0.09410584297033471,-1.195207243543039,1.0405077731480026
0.89,0.0,0.0,1.039548528598313,1.0718498668640244,8.977508204476348e-05,0.13988173807051157,0.4167801242175307,0.0006995768971694502,0.4802699149855926,0.4085672451011717,-0.00017788333308534036,1.5553929444844579,1.0507284820475895,-0.0012629365834073546,0.6043699774243134,0.40366599511476886,-0.0005165620294397775,0.11718378948292392,0.5694657766161442,0.0011181670284199567,1.5699902871396698,1.0381237443450522,-0.0013296823954953407,1.2228968298285676,0.5582441436435245,-0.0016721563242528272,0.526917472091184,0.5515473412584858,4.5324034154012316e-05,0.9299209031819566,0.5528255934000229,-0.0009531906131089085,1.3171722237612595,1.0278172083087143,-0.0007301597448537867,0.7234091409718968,1.007563510987132,0.0007078956652511779,0.23170867311792634,0.541931864291544,0.0007812497324909481,0.5100295207993898,0.535430747096424,7.32543413668535e-05,1.5624306713566412,0.995476588445648,-0.001420579410716995,24.0,0.0,0.09410474208876383,-1.1984431188228553,1.04258741727295
0.892,0.0,0.0,1.0431516965843628,1.0718498668640244,8.075334566427839e-05,0.14283196101888032,0.4167801242175307,0.0006922459653675478,0.4808086255550482,0.4085672451011717,-0.0001792566747110523,1.5548703572637161,1.0507284820475895,-0.001261661156092171,0.59843950674998,0.40366599511476886,-0.0005017599557738614,0.1122077533689571,0.5694657766161442,0.0011307049678330506,1.5699827337822843,1.0381237443450522,-0.0013296663569865442,1.218657925872035,0.5582441436435245,-0.0016616317154626078,0.5204336520164815,0.5515473412584858,6.157467291825453e-05,0.9257355929901372,0.5528255934000229,-0.0009427382744548343,1.3144452355370224,1.0278172083087143,-0.0007233875386313632,0.7224420058097402,1.007563510987132,0.0007103859250380878,0.2340000228031728,0.541931864291544,0.0007755579779340444,0.5139324289365191,0.535430747096424,6.350306574258557e-05,1.5611089925481578,0.995476588445648,-0.001417385207277483,24.0,0.0,0.09410364120719296,-1.2016789941026715,1.0446670613978972
0.894,0.0,0.0,1.046749306054434,1.0718498668640244,7.174542569915399e-05,0.145799936942462,0.4167801242175307,0.0006848704079966258,0.4813367406433136,0.4085672451011717,-0.00018060345113469128,1.5543351951641797,1.0507284820475895,-0.0012603546880403165,0.5924996683892817,0.40366599511476886,-0.0004869337790880279,0.1072711116628945,0.5694657766161442,0.0011431450581179676,1.5699739320005366,1.0381237443450522,-0.0013296474735930803,1.2143900811815391,0.5582441436435245,-0.001651034455571276,0.5139666685071418,0.5515473412584858,7.778422310501077e-05,0.9215460210018144,0.5528255934000229,-0.0009322749989752857,1.3117001617955064,1.0278172083087143,-0.0007165700680707704,0.7215038341755744,1.007563510987132,0.0007128037629434795,0.23630606278637326,0.541931864291544,0.0007698296037209282,0.5178374998658986,0.535430747096424,5.374579539976221e-05,1.5597434938668533,0.995476588445648,-0.0014140810102562745,24.0,0.0,0.09410254032562208,-1.2049148693824878,1.0467467055228445
0.896,0.0,0.0,1.0503413258350902,1.0718498668640244,6.275140202397612e-05,0.14878556697170298,0.4167801242175307,0.0006774504681876717,0.4818542919335819,0.4085672451011717,-0.00018192373885535476,1.553787299454814,1.0507284820475895,-0.0012590167827914755,0.5865507373315557,0.40366599511476886,-0.0004720841831862821,0.1023741160067665,0.5694657766161442,0.0011554866623831243,1.569963770849861,1.0381237443450522,-0.001329625469138711,1.2100934175417026,0.5582441436435245,-0.0016403648438450367,0.5075169208557486,0.5515473412584858,9.395168187836006e-05,0.9173522998309477,0.5528255934000229,-0.0009218010690044787,1.3089370244785241,1.0278172083087143,-0.0007097073837169803,0.7205946183323508,1.007563510987132,0.0007151491920288939,0.23862683481752944,0.541931864291544,0.000764064503762927,0.5217444978962594,0.535430747096424,4.398311807631367e-05,1.5583343562576577,0.995476588445648,-0.0014106672635530132,24.0,0.0,0.09410143944405121,-1.208150744662304,1.0488263496477919
0.898,0.0,0.0,1.053927725526256,1.0718498668640244,5.377135257233545e-05,0.15178875062763705,0.4167801242175307,0.0006699863931145693,0.48236131218829964,0.4085672451011717,-0.00018321761708102555,1.5532265112681933,1.0507284820475895,-0.0012576470435180615,0.5805929900178863,0.40366599511476886,-0.00045721185554196714,0.09751701491491163,0.5694657766161442,0.0011677291515234441,1.5699521389136495,1.0381237443450522,-0.0013296000662620221,1.2057680588187412,0.5582441436435245,-0.0016296231847454455,0.501084806485347,0.5515473412584858,0.00011007605100684298,0.9131545417609642,0.5528255934000229,-0.000911316766077312,1.3061558472578227,1.0278172083087143,-0.0007027995404245246,0.719714348033341,1.007563510987132,0.0007174222316369528,0.24096237994740227,0.541931864291544,0.0007582625736850365,0.5256531867639398,0.535430747096424,3.4215623000411476e-05,1.5568817640344055,0.995476588445648,-0.0014071444195300241,24.0,0.0,0.09410033856248033,-1.2113866199421204,1.0509059937727392
0.9,0.0,0.0,1.0575084754980455,1.0718498668640244,4.480535334442093e-05,0.15480938582982742,0.4167801242175307,0.0006624784339747342,0.4828578352447674,0.4085672451011717,-0.00018448516771781985,1.5526526716112246,1.0507284820475895,-0.0012562450730515095,0.5746267043248097,0.40366599511476886,-0.0004423174872577937,0.09270005376113166,0.5694657766161442,0.0011798719042530814,1.569938924305209,1.0381237443450522,-0.0013295709864214933,1.2014141309638107,0.5582441436435245,-0.0016188097879380418,0.4946707209218937,0.5515473412584858,0.00012615633693284696,0.9089528587339757,0.5528255934000229,-0.0009008223709023533,1.3033566555410432,1.0278172083087143,-0.0006958465973727712,0.7188630105251107,1.007563510987132,0.0007196229073844773,0.2433127385137128,0.541931864291544,0.0007524237108603544,0.5295633296566953,0.535430747096424,2.4443900831210563e-05,1.5553859048634155,0.995476588445648,-0.0014035129389718937,24.0,0.0,0.09409923768090946,-1.2146224952219367,1.0529856378976865
0.902,0.0,0.0,1.0610835468874573,1.0718498668640244,3.5853478414947236e-05,0.15784736890450407,0.4167801242175307,0.0006549268459692581,0.48334389601064237,0.4085672451011717,-0.0001857264753589892,1.5520656213760837,1.0507284820475895,-0.0012548104739090876,0.568652159547713,0.40366599511476886,-0.00042740177302510204,0.08792347476609015,0.5694657766161442,0.0011919143071375312,1.5699240146696476,1.0381237443450522,-0.0013295379499003923,1.197031762016247,0.5582441436435245,-0.0016079249683007156,0.48827505776691466,0.5515473412584858,0.00014219155084148032,0.9047473623400214,0.5528255934000229,-0.0008903181633348819,1.3005394764775233,1.0278172083087143,-0.0006888486180808224,0.7180405905507151,1.007563510987132,0.0007217512511550531,0.24567795012732113,0.541931864291544,0.000746547814444578,0.5334746892376152,0.535430747096424,1.466854359932185e-05,1.5538469697468194,0.995476588445648,-0.0013997732910444188,24.0,0.0,0.09409813679933858,-1.217858370501753,1.0550652820226338
0.904,0.0,0.0,1.0646529115949361,1.0718498668640244,2.6915799941417684e-05,0.16090259459289588,0.4167801242175307,0.0006473318882825665,0.4838195304593434,0.4085672451011717,-0.00018694162727367667,1.551465201351363,1.0507284820475895,-0.0012533428483212355,0.5626696363839289,0.40366599511476886,-0.0004124654110823603,0.08318751698495426,0.5694657766161442,0.0012038557546251352,1.569907297185691,1.0381237443450522,-0.0013295006758114885,1.1926210821066963,0.5582441436435245,-0.0015969690459318063,0.4818982086703713,0.5515473412584858,0.0001581807087289279,0.9005381638063391,0.5528255934000229,-0.0008798044223499962,1.2977043389639469,1.0278172083087143,-0.0006818056704220226,0.717247070353115,1.007563510987132,0.000723807301091042,0.24805805365838735,0.541931864291544,0.0007406347854105573,0.5373870276691384,0.535430747096424,4.890144647022032e-06,1.5522651530056388,0.995476588445648,-0.0013959259532529283,24.0,0.0,0.0940970359177677,-1.2210942457815692,1.0571449261475812
0.906,0.0,0.0,1.0682165422808003,1.0718498668640244,1.799238817272064e-05,0.16397495605975654,0.4167801242175307,0.0006396938240615871,0.48428477562535893,0.4085672451011717,-0.0001881307133954292,1.5508512522334332,1.0507284820475895,-0.0012518417982594339,0.5566794169155241,0.40366599511476886,-0.0003975091031729,0.07849241629527952,0.5694657766161442,0.0012156956490779749,1.5698886585674323,1.0381237443450522,-0.0013294588821015974,1.1881822234601334,0.5582441436435245,-0.0015859423461579295,0.4755405633037377,0.5515473412584858,0.00017412283147028626,0.8963253739866667,0.5528255934000229,-0.0008692814260157905,1.2948512736498334,1.0278172083087143,-0.0006747178266380816,0.7164824296788118,1.007563510987132,0.0007257911015850424,0.2504530872225176,0.541931864291544,0.0007346845265828918,0.5413001066371667,0.535430747096424,-4.8907014317858825e-06,1.5506406522626155,0.995476588445648,-0.0013919714113999771,24.0,0.0,0.09409593503619683,-1.2243301210613855,1.0592245702725285
0.908,0.0,0.0,1.0717744123615376,1.0718498668640244,9.083311458060183e-06,0.16706434490208397,0.4167801242175307,0.0006320129203944354,0.48473966959945824,0.4085672451011717,-0.00018929382631046807,1.5502236146380208,1.0507284820475895,-0.0012503069254646093,0.5506817845917839,0.40366599511476886,-0.0003825335545018882,0.0738384053851374,0.5694657766161442,0.0012274334008021616,1.5698679850660138,1.0381237443450522,-0.0013294122855559505,1.1837153203987663,0.5582441436435245,-0.0015748451995415223,0.46920250933329044,0.5515473412584858,0.00019001694488687034,0.892109103350577,0.5528255934000229,-0.0008587494514666094,1.2919803129428695,1.0278172083087143,-0.0006675851633527979,0.7157466457817031,1.007563510987132,0.0007277027032708003,0.2528630881668993,0.541931864291544,0.0007286969426725662,0.5452136873752709,0.535430747096424,-1.467339885185659e-05,1.5489736684247917,0.995476588445648,-0.0013879101595424188,24.0,0.0,0.09409483415462595,-1.2275659963412018,1.0613042143974758
0.91,0.0,0.0,1.0753264960059672,1.0718498668640244,1.8863625621701185e-07,0.1701706511580321,0.4167801242175307,0.0006242894482886168,0.48518425152380656,0.4085672451011717,-0.00019043106124571636,1.549582129112002,1.0507284820475895,-0.0012487378314760783,0.544677024211392,0.40366599511476886,-0.0003675394736925375,0.06922571374148527,0.5694657766161442,0.0012390684280775169,1.569845162471246,1.0381237443450522,-0.001329360601802404,1.1792205093448247,0.5582441436435245,-0.0015636779418881045,0.4628844323936138,0.5515473412584858,0.00020586207981298843,0.8878894619728492,0.5528255934000229,-0.0008482087748763853,1.289091491014078,1.0278172083087143,-0.0006604077615853882,0.7150396934271558,1.007563510987132,0.0007295421630135721,0.2552880930564296,0.541931864291544,0.0007226719403116119,0.549127530688986,0.535430747096424,-2.4457350697117132e-05,1.5472644056658444,0.995476588445648,-0.001383742699947859,24.0,0.0,0.09409373327305508,-1.230801871621018,1.0633838585224231
0.912,0.0,0.0,1.07887276813127,1.0718498668640244,-8.691572854856999e-06,0.1732937633160145,0.4167801242175307,0.0006165236826487465,0.4856185615869849,0.4085672451011717,-0.00019154251605658714,1.5489266361454153,1.0507284820475895,-0.0012471341176610313,0.5386654219043088,0.40366599511476886,-0.0003525275727415578,0.06465456763877846,0.5694657766161442,0.0012506001571866473,1.5698200761131627,1.0381237443450522,-0.0013293035453154844,1.17469792882323,0.5582441436435245,-0.0015524409142532506,0.4565867160613213,0.5515473412584858,0.00022165727216218,0.8836665595228781,0.5528255934000229,-0.0008376596714320658,1.2861848438028254,1.0278172083087143,-0.0006531857067634095,0.7143615448962972,1.007563510987132,0.0007313095438999404,0.25772813765984,0.541931864291544,0.0007166094280877862,0.5530413969801917,0.535430747096424,-3.4241958981404974e-05,1.5455130714081744,0.995476588445648,-0.001379469543050491,24.0,0.0,0.0940926323914842,-1.2340377469008343,1.0654635026473704
0.914,0.0,0.0,1.0824132043988863,1.0718498668640244,-1.7557253168113963e-05,0.17643356832399892,0.4167801242175307,0.0006087159022537905,0.48604264101891453,0.4085672451011717,-0.000192628291214533,1.548256976183694,1.0507284820475895,-0.0012454953852445644,0.5326472651133461,0.40366599511476886,-0.0003374985669738498,0.06012519012782409,0.5694657766161442,0.0012620280224434144,1.569792610863515,1.0381237443450522,-0.0013292408294202761,1.1701477194641439,0.5582441436435245,-0.0015411344629492638,0.450309741828996,0.5515473412584858,0.00023740156299291134,0.8794405052541253,0.5528255934000229,-0.000827102415307138,1.2832604090216624,1.0278172083087143,-0.0006459190887352778,0.7137121699905237,1.007563510987132,0.0007330049152270868,0.260183256935822,0.541931864291544,0.0007105093165792602,0.5569550462715743,0.535430747096424,-4.402662470941926e-05,1.5437198763047495,0.995476588445648,-0.001375091207406316,24.0,0.0,0.09409153150991333,-1.2372736221806506,1.0675431467723178
0.916,0.0,0.0,1.0859477812102833,1.0718498668640244,-2.6408343837154846e-05,0.1795899515989917,0.4167801242175307,0.0006008663897338294,0.48645653208568707,0.4085672451011717,-0.00019368848979435708,1.5475729896401182,1.0507284820475895,-0.0012438212353402612,0.5266228425754415,0.40366599511476886,-0.0003224531749964432,0.05563780102487629,0.5694657766161442,0.0012733514662208,1.5697626511372078,1.0381237443450522,-0.001329172166296157,1.1655700240053943,0.5582441436435245,-0.0015297589395515485,0.44405388907935184,0.5515473412584858,0.0002530939985737245,0.8752114079936147,0.5528255934000229,-0.000816537279635256,1.2803182261610004,1.0278172083087143,-0.0006386080017823703,0.713091536036225,1.007563510987132,0.0007346283524915206,0.26265348501915675,0.541931864291544,0.0007043715183893051,0.5608682382311654,0.535430747096424,-5.381074793787577e-05,1.5418850342207058,0.995476588445648,-0.0013706082196477537,24.0,0.0,0.09409043062834245,-1.240509497460467,1.069622790897265
0.918,0.0,0.0,1.0894764757025899,1.0718498668640244,-3.524478586564739e-05,0.1827627970367115,0.4167801242175307,0.0005929754315463475,0.4868602780843006,0.4085672451011717,-0.0001947232174612884,1.5468745169084892,1.0507284820475895,-0.001242111268981322,0.5205924443026322,0.40366599511476886,-0.0003073921186516815,0.05119261690097244,0.5694657766161442,0.00128456993897817,1.5697300808936776,1.0381237443450522,-0.0013290972669803892,1.1609649872947754,0.5582441436435245,-0.0015183147009046746,0.43781953505961657,0.5515473412584858,0.00026873363044783495,0.8709793761314745,0.5528255934000229,-0.0008059645364839796,1.2773583364936185,1.0278172083087143,-0.0006312525446307154,0.7124996078897246,1.007563510987132,0.0007361799373772674,0.2651388552068532,0.541931864291544,0.0006981959481809683,0.5647807321969549,0.535430747096424,-6.359372783685341e-05,1.5400087622147058,0.995476588445648,-0.0013660211144376445,24.0,0.0,0.09408932974677157,-1.2437453727402832,1.0717024350222124
0.92,0.0,0.0,1.092999265744102,1.0718498668640244,-4.406652209641371e-05,0.18595198702145116,0.4167801242175307,0.000585043317952048,0.48725392333730233,0.4085672451011717,-0.00019573258245782224,1.5461613983760256,1.0507284820475895,-0.0012403650871522492,0.5145563615627312,0.40366599511476886,-0.0002923161229696583,0.04678985107150999,0.5694657766161442,0.0012956828992879293,1.5696947836382167,1.0381237443450522,-0.0013290158413715636,1.1563327562922192,0.5582441436435245,-0.0015068021091281273,0.43160705485613965,0.5515473412584858,0.0002843195154971731,0.8667445176105285,0.5528255934000229,-0.000795384456828629,1.2743807830789995,1.0278172083087143,-0.0006238528204622607,0.7119363479424344,1.007563510987132,0.0007376597577435184,0.2676393999442985,0.541931864291544,0.0006919825227117271,0.568692287201573,0.535430747096424,-7.337496275132721e-05,1.5380912805200566,0.995476588445648,-0.0013613304344226446,24.0,0.0,0.0940882288652007,-1.2469812480200995,1.0737820791471597
0.922,0.0,0.0,1.0965161299296589,1.0718498668640244,-5.28734972001943e-05,0.18915740243612653,0.4167801242175307,0.0005770703429901988,0.48763751318733833,0.4085672451011717,-0.00019671669559032657,1.545433474436484,1.0507284820475895,-0.0012385822908210903,0.5085148868597053,0.40366599511476886,-0.0002772259161199059,0.042429713586063504,0.5694657766161442,0.0013066898138615853,1.5696566424232445,1.0381237443450522,-0.0013289275982329113,1.1516734800718362,0.5582441436435245,-0.0014952215316217368,0.42541682136922554,0.5515473412584858,0.00029985071600586543,0.8625069399159412,0.5528255934000229,-0.000784797310526264,1.2713856107674963,1.0278172083087143,-0.000616408936925713,0.711401716126224,1.007563510987132,0.0007390679076117437,0.27015515081142444,0.541931864291544,0.0006857311608681139,0.5726026619970377,0.535430747096424,-8.315385026287258e-05,1.536132812525586,0.995476588445648,-0.0013565367301860214,24.0,0.0,0.09408712798362982,-1.2502171232999157,1.075861723272107
0.924,0.0,0.0,1.1000270475758875,1.0718498668640244,-6.166565766408617e-05,0.19237892267251155,0.4167801242175307,0.0005690568044535104,0.4880110939916111,0.4085672451011717,-0.00019767567021541658,1.5446905855035011,1.0507284820475895,-0.0012367624809722362,0.5024683139137575,0.40366599511476886,-0.00026212222936234096,0.03811241121844138,0.5694657766161442,0.0013175901575752016,1.5696155398495288,1.0381237443450522,-0.001328832245195481,1.146987309823823,0.5582441436435245,-0.0014835733410707794,0.4192492052881949,0.5515473412584858,0.0003153262997231507,0.8582667500649164,0.5528255934000229,-0.0007742033662897957,1.268372866204323,1.0278172083087143,-0.0006089210061469552,0.7108956699190021,1.007563510987132,0.0007404044871522698,0.2726861385088945,0.541931864291544,0.000679441783700299,0.5765116150795637,0.535430747096424,-9.292978725153418e-05,1.534133584756283,0.995476588445648,-0.001351640560199845,24.0,0.0,0.09408602710205895,-1.253452998579732,1.0779413673970544
0.926,0.0,0.0,1.1035319987163212,1.0718498668640244,-7.044295177965787e-05,0.19561642564165835,0.4167801242175307,0.0005610030038625479,0.48837471311624486,0.4085672451011717,-0.00019860962222609843,1.5439325720241635,1.0507284820475895,-0.0012349052586397792,0.49641693764111605,0.40366599511476886,-0.0002470057969974715,0.03383814745698194,0.5694657766161442,0.001328383413494257,1.5695713580673587,1.0381237443450522,-0.0013287294887611917,1.1422743988562334,0.5582441436435245,-0.0014718579154507465,0.41310457506667536,0.5515473412584858,0.00033074533992572723,0.8540240545964551,0.5528255934000229,-0.0007636028916622337,1.2653425978333708,1.0278172083087143,-0.0006013891447390218,0.7104181643505105,1.007563510987132,0.0007416696026703246,0.27523239284431444,0.541931864291544,0.0006731143144566239,0.5804189047144296,0.535430747096424,-0.00010270216995784926,1.5320938268536977,0.995476588445648,-0.0013466424907765872,24.0,0.0,0.09408492622048807,-1.2566888738595483,1.0800210115220017
0.928,0.0,0.0,1.1070309640963885,1.0718498668640244,-7.920532963074212e-05,0.19886978778450118,0.4167801242175307,0.0005529092464396809,0.48872841893056057,0.4085672451011717,-0.0001995186700376829,1.543159274492798,1.0507284820475895,-0.001233010224941435,0.49036105413353065,0.40366599511476886,-0.000231877356315868,0.029607122495088217,0.5694657766161442,0.0013390690728979054,1.569523978777673,1.0381237443450522,-0.0013286190343057664,1.1375349025966106,0.5582441436435245,-0.0014600756380317723,0.40698329689812274,0.5515473412584858,0.0003461069154795261,0.8497789595611742,0.5528255934000229,-0.0007529961529910806,1.2622948559008478,1.0278172083087143,-0.0005938134738116413,0.70996915200833,1.007563510987132,0.0007428633665915535,0.2777939427184718,0.541931864291544,0.0006667486786180741,0.5843242889608974,0.535430747096424,-0.00011247039404501392,1.5300137715561077,0.995476588445648,-0.001341543096020124,24.0,0.0,0.0940838253389172,-1.2599247491393646,1.082100655646949
0.93,0.0,0.0,1.1105239251682752,1.0718498668640244,-8.795274308091017e-05,0.20213888408264305,0.4167801242175307,0.0005447758410825738,0.4890722608012593,0.4085672451011717,-0.00020040293457347216,1.5423705334649913,1.0507284820475895,-0.0012310769811130213,0.48430096063747824,0.40366599511476886,-0.00021673764754690447,0.025419533222001193,0.5694657766161442,0.0013496466353026398,1.5694732832331453,1.0381237443450522,-0.0013285005860815518,1.132768978593478,0.5582441436435245,-0.0014482268973827154,0.4008857346915757,0.5515473412584858,0.0003614101109009077,0.8455315705111881,0.5528255934000229,-0.0007423834154028783,1.2592296924587387,1.0278172083087143,-0.0005861941189803338,0.7095485830440956,1.007563510987132,0.0007439858974470048,0.2803708161116074,0.541931864291544,0.0006603448039326806,0.5882275256971824,0.535430747096424,-0.00012223385466118343,1.5278936546784476,0.995476588445648,-0.0013363429577761493,24.0,0.0,0.09408272445734632,-1.2631606244191809,1.0841802997718963
0.932,0.0,0.0,1.1140108640856612,1.0718498668640244,-9.668514576062715e-05,0.20542358806932395,0.4167801242175307,0.0005366031003372191,0.4894062890865162,0.4085672451011717,-0.00020126253925021903,1.541566189571831,1.0507284820475895,-0.0012291051285435045,0.478236955533081,0.40366599511476886,-0.00020158741380677344,0.02127557321381074,0.5694657766161442,0.0013601156084853574,1.5694191522392302,1.0381237443450522,-0.0013283738472202329,1.1279767865176853,0.5582441436435245,-0.001436312087374884,0.3948122500476439,0.5515473412584858,0.00037665401641727534,0.8412819924900578,0.5528255934000229,-0.000731764942777913,1.2561471613680844,1.0278172083087143,-0.0005785312103750612,0.7091564051799223,1.007563510987132,0.0007450373198575908,0.2829630400697233,0.541931864291544,0.0006539026204498416,0.5921283726454686,0.535430747096424,-0.00013199194650189593,1.525733715092005,0.995476588445648,-0.001331042665581999,24.0,0.0,0.09408162357577544,-1.2663964996989971,1.0862599438968437
0.934,0.0,0.0,1.1174917636983295,1.0718498668640244,-0.000105402493054092,0.20872377184056923,0.4167801242175307,0.0005283913403705168,0.4897305551299846,0.4085672451011717,-0.0002020976099633612,1.540746083534374,1.0507284820475895,-0.0012270942688106035,0.47216933831273783,0.40366599511476886,-0.00018642740104578032,0.01717543272470391,0.5694657766161442,0.0013704755085058335,1.5693614661551702,1.0381237443450522,-0.0013282385197354453,1.1231584881636076,0.5582441436435245,-0.001424331607185402,0.3887632022347327,0.5515473412584858,0.0003918377280271047,0.8370303300228092,0.5528255934000229,-0.0007211409977250871,1.2530473183020787,1.0278172083087143,-0.0005708248826484252,0.7087925637150383,1.007563510987132,0.0007460177645180242,0.2855706406909312,0.541931864291544,0.000647422060554552,0.5960265873969647,0.535430747096424,-0.0001417440638726114,1.5235341947038838,0.995476588445648,-0.0013256428166158925,24.0,0.0,0.09408052269420457,-1.2696323749788134,1.088339588021791
0.936,0.0,0.0,1.1209666075466522,1.0718498668640244,-0.00011410474208576272,0.2120393060665168,0.4167801242175307,0.0005201408809424037,0.4900451112547117,0.4085672451011717,-0.00020290827507203223,1.5399100561783396,1.0507284820475895,-0.0012250440037169614,0.4660984095594723,0.40366599511476886,-0.00017125835799492242,0.01311929867844996,0.5694657766161442,0.0013807258597286008,1.5693001048949702,1.0381237443450522,-0.0013280943045252953,1.118314247450194,0.5582441436435245,-0.001412285861300208,0.3827389481655044,0.5515473412584858,0.0004069603475593828,0.8327766871060243,0.5528255934000229,-0.0007105118415569659,1.249930220748982,1.0278172083087143,-0.0005630752749834112,0.7084570015326268,1.007563510987132,0.0007469273681802341,0.28819364311184587,0.541931864291544,0.0006409030590015321,0.5999219274369987,0.535430747096424,-0.00015148960075135165,1.521295338436237,0.995476588445648,-0.0013201440156455895,24.0,0.0,0.09407942181263369,-1.2728682502586297,1.0904192321467383
0.9380000000000001,0.0,0.0,1.1244353798559523,1.0718498668640244,-0.00012279185170656958,0.21537006000292222,0.4167801242175307,0.0005118520453775348,0.4903500107569654,0.4085672451011717,-0.00020369466538384994,1.5390579484490263,1.0507284820475895,-0.0012229539353268753,0.4600244709249988,0.40366599511476886,-0.00015608103611175857,0.009107354660121622,0.5694657766161442,0.0013908661948442355,1.5692349479283394,1.0381237443450522,-0.001327940901374795,1.1134442304218624,0.5582441436435245,-0.0014001752595166736,0.376739842373579,0.5515473412584858,0.0004220209827324535,0.8285211671980063,0.5528255934000229,-0.0006998777342650034,1.246795928014847,1.0278172083087143,-0.0005552825311006692,0.7081496591068737,1.007563510987132,0.0007477662736362628,0.29083207149402684,0.541931864291544,0.0006343455529492454,0.603814150170145,0.535430747096424,-0.00016122795085143666,1.5190173942052683,0.995476588445648,-0.0013145468749764728,24.0,0.0,0.09407832093106282,-1.276104125538446,1.0924988762716856
0.9400000000000001,0.0,0.0,1.1278980655307425,1.0718498668640244,-0.00013146378247981983,0.2187159015028397,0.4167801242175307,0.0005035251605365211,0.49064530789997407,0.4085672451011717,-0.00020445691413948418,1.5381896014264538,1.0507284820475895,-0.0012208236660035921,0.45394782510751036,0.40366599511476886,-0.0001408961895255749,0.005139780908051992,0.5694657766161442,0.0014008960548900565,1.5691658742816057,1.0381237443450522,-0.001327778008958218,1.10854860524924,0.5582441436435245,-0.0013880002169458447,0.3707662369904748,0.5515473412584858,0.00043701874721226706,0.8242638732090247,0.5528255934000229,-0.0006892389344949584,1.2436445012260584,1.0278172083087143,-0.000547446799265332,0.7078704745102209,1.007563510987132,0.0007485346297006457,0.29348594901047337,0.541931864291544,0.000627749481993793,0.607703012945381,0.535430747096424,-0.0001709585076843023,1.5167006129000047,0.995476588445648,-0.0013088520143990506,24.0,0.0,0.09407722004949194,-1.2793400008182623,1.094578520396633
0.9420000000000001,0.0,0.0,1.1313546501488414,1.0718498668640244,-0.00014012049666679515,0.22207669702847796,0.4167801242175307,0.0004951605567867274,0.4909310579075787,0.4085672451011717,-0.00020519515699700592,1.5373048563407292,1.0507284820475895,-0.0012186527984471608,0.4478687758291897,0.40366599511476886,-0.00012570457498185374,0.0012167543060265448,0.5694657766161442,0.0014108149892702304,1.5690927625386042,1.0381237443450522,-0.0013276053248413838,1.103627542229742,0.5582441436435245,-0.0013757611540142886,0.3648184817227908,0.5515473412584858,0.0004519527606700276,0.8200049074916405,0.5528255934000229,-0.0006785956995225045,1.2404760033316817,1.0278172083087143,-0.0005395682322933604,0.7076193834208248,1.007563510987132,0.0007492325911922776,0.29615529783217626,0.541931864291544,0.0006211147882026767,0.6115882730812698,0.535430747096424,-0.0001806806646223924,1.5143452483608422,0.995476588445648,-0.0013030600611358917,24.0,0.0,0.09407611916792107,-1.2825758760980785,1.0966581645215803
0.9440000000000001,0.0,0.0,1.134805119955371,1.0718498668640244,-0.00014876195821204253,0.22545231166322938,0.4167801242175307,0.0004867585679726318,0.49120731695779873,0.4085672451011717,-0.00020590953201601745,1.5364035545876351,1.0507284820475895,-0.0012164409357328493,0.4417876278134475,0.40366599511476886,-0.00011050695178605213,-0.002661551624290367,0.5694657766161442,0.0014206225557752941,1.5690154908415435,1.0381237443450522,-0.00132742254548388,1.0986812137879896,0.5582441436435245,-0.0013634584964655435,0.35889692382963245,0.5515473412584858,0.0004668221488392375,0.8157443718311155,0.5528255934000229,-0.0006679482852290439,1.2372904991056215,1.0278172083087143,-0.0005316469875574187,0.707396319130217,1.007563510987132,0.0007498603189157679,0.2988401391147312,0.541931864291544,0.0006144414161484195,0.6154696878911632,0.535430747096424,-0.00019039381496211455,1.5119515573578648,0.995476588445648,-0.0012971716497879853,24.0,0.0,0.09407501828635019,-1.2858117513778948,1.0987378086465276
0.9460000000000001,0.0,0.0,1.1382494618566317,1.0718498668640244,-0.0001573881327283666,0.22884260912387092,0.4167801242175307,0.00047831953138575327,0.4914741421763125,0.4085672451011717,-0.00020660017964156758,1.5354855377444419,1.0507284820475895,-0.001214187681350114,0.43570468676188956,0.40366599511476886,-9.530408174669658e-05,-0.006494966730695083,0.5694657766161442,0.0014303183206010863,1.5689339368918536,1.0381237443450522,-0.0013272293662412282,1.0937097944760623,0.5582441436435245,-0.0013510926753611627,0.3530019081002812,0.5515473412584858,0.0004816260435721334,0.8114823674359093,0.5528255934000229,-0.0006572969460777315,1.2340880551485864,1.0278172083087143,-0.0005236832269922681,0.7072012125511693,1.007563510987132,0.0007504179796422872,0.30154049298501734,0.541931864291544,0.0006077293129420322,0.6193470147084222,0.535430747096424,-0.00020009735198684792,1.5095197995689382,0.995476588445648,-0.001291187422280542,24.0,0.0,0.09407391740477931,-1.289047626657711,1.100817452771475
0.9480000000000001,0.0,0.0,1.1416876634138602,1.0718498668640244,-0.0001659989874815182,0.2322474517729352,0.4167801242175307,0.00046984378773414946,0.4917315916298518,0.4085672451011717,-0.00020726724268785204,1.5345506475859396,1.0507284820475895,-0.0012118926392421308,0.42962025933101705,0.40366599511476886,-8.009672911780175e-05,-0.010283324237550876,0.5694657766161442,0.001439901858367098,1.5688479779510185,1.0381237443450522,-0.0013270254813670035,1.0887134609735811,0.5582441436435245,-0.0013386641270813446,0.3471337768321104,0.5515473412584858,0.0004963635828955116,0.8072189949282655,0.5528255934000229,-0.0006466419350897159,1.2308687398898597,1.0278172083087143,-0.0005156771170996804,0.7070339922257578,1.007563510987132,0.0007509057460899066,0.3042563785279457,0.541931864291544,0.0006009784282663168,0.6232200109116517,0.535430747096424,-0.00020979066902999556,1.5070502375575792,0.995476588445648,-0.0012851080278082256,24.0,0.0,0.09407281652320844,-1.2922835019375274,1.1028970968964222
0.9500000000000001,0.0,0.0,1.1451197128368704,1.0718498668640244,-0.00017459449137458948,0.23566670063125023,0.4167801242175307,0.0004613316811114887,0.49197972431951226,0.4085672451011717,-0.00020791086632170026,1.533598726100692,1.0507284820475895,-0.0012095554138458753,0.423534653108662,0.40366599511476886,-6.488566054062048e-05,-0.014026460752661483,0.5694657766161442,0.0014493727521342375,1.5687574908413964,1.0381237443450522,-0.0013268105840149157,1.0836923920876194,0.5582441436435245,-0.0013261732933251417,0.3412928698087479,0.5515473412584858,0.0005110339110659386,0.8029543543348916,0.5528255934000229,-0.0006359835038206066,1.2276326235888715,1.0278172083087143,-0.0005076288289528636,0.7068945843336295,1.007563510987132,0.0007513237969034353,0.3069878137732809,0.541931864291544,0.000594188714408996,0.6270884339499427,0.535430747096424,-0.00021947315953806917,1.5045431367506037,0.995476588445648,-0.001278934122779828,24.0,0.0,0.09407171564163756,-1.2955193772173437,1.1049767410213696
0.9520000000000001,0.0,0.0,1.1485455989775768,1.0718498668640244,-0.00018317461493211508,0.23910021539064594,0.4167801242175307,0.00045278355896570115,0.49221860017397967,0.4085672451011717,-0.0002085311980458514,1.532629615507509,1.0507284820475895,-0.0012071756101327564,0.41744817659016215,0.40366599511476886,-4.9671644984732865e-05,-0.01772421627391251,0.5694657766161442,0.001458730593422014,1.5686623519470315,1.0381237443450522,-0.0013265843662408606,1.0786467687524393,0.5582441436435245,-0.0013136206211102372,0.335479524278487,0.5515473412584858,0.0005256361786243448,0.7986885450777337,0.5528255934000229,-0.0006253219023371718,1.2243797783365753,1.0278172083087143,-0.0004995385382003931,0.7067829127004666,1.007563510987132,0.0007516723166337561,0.3097348156825414,0.541931864291544,0.000587360126295658,0.6309520413681217,0.535430747096424,-0.00022914421713379678,1.5019987654155522,0.995476588445648,-0.0012726663707623893,24.0,0.0,0.09407061476006669,-1.29875525249716,1.1070563851463169
0.9540000000000001,0.0,0.0,1.1519653113234034,1.0718498668640244,-0.00019173933028388102,0.2425478544268262,0.4167801242175307,0.0004441997720672119,0.49244828004267316,0.4085672451011717,-0.00020912838768201992,1.5316431582721373,1.0507284820475895,-0.0012047528336497986,0.41136113915427786,0.40366599511476886,-3.445545368848321e-05,-0.021376434195681374,0.5694657766161442,0.0014679749822251419,1.5685624372144613,1.0381237443450522,-0.0013263465190049483,1.0735767740290498,0.5582441436435245,-0.001301006562772287,0.32969407493294683,0.5515473412584858,0.0005401695424499971,0.7944216659648511,0.5528255934000229,-0.0006146573791942769,1.221110278056622,1.0278172083087143,-0.0004914064250696527,0.7066988988066488,1.007563510987132,0.0007519514957166634,0.3124974001359819,0.541931864291544,0.0005804926215225066,0.6348105908319995,0.535430747096424,-0.0002388032356792441,1.4994173946378966,0.995476588445648,-0.0012663054424247606,24.0,0.0,0.09406951387849581,-1.3019911277769762,1.1091360292712642
0.9560000000000001,0.0,0.0,1.1553788399905789,1.0718498668640244,-0.00020028861114844754,0.24600947481240407,0.4167801242175307,0.00043558067447676125,0.49266882568880543,0.4085672451011717,-0.00020970258735375364,1.5306391971241675,1.0507284820475895,-0.0012022866905613695,0.40527385103885516,0.40366599511476886,-1.9237860098772486e-05,-0.024982961315016327,0.5694657766161442,0.001477105527029564,1.5684576221535225,1.0381237443450522,-0.001326096732173523,1.068482593104582,0.5582441436435245,-0.0012883315759638133,0.3239368538859835,0.5515473412584858,0.0005546331658138475,0.7901538151813924,0.5528255934000229,-0.0006039901814120705,1.2178241985063338,1.0278172083087143,-0.0004832326743697696,0.7066424617961137,1.007563510987132,0.0007521615304512078,0.3152755819196613,0.541931864291544,0.0005735861603889055,0.638663840153619,0.535430747096424,-0.00024844960933893877,1.4967992982980267,0.995476588445648,-0.0012598520154806214,24.0,0.0,0.09406841299692494,-1.3052270030567925,1.1112156733962115
0.9580000000000001,0.0,0.0,1.1587861757173195,1.0718498668640244,-0.00020882243281638625,0.249484932330099,0.4167801242175307,0.00042692662351281657,0.49288029978236136,0.4085672451011717,-0.00021025395146908433,1.5296175750741565,1.0507284820475895,-0.0011997767876914451,0.39918662331623805,0.40366599511476886,-4.0196398102157476e-06,-0.02854364783758529,0.5694657766161442,0.0014861218448279012,1.5683477818381593,1.0381237443450522,-0.0013258346945211757,1.0633644132914797,0.5582441436435245,-0.0012755961236526438,0.3182081906528527,0.5515473412584858,0.0005690262184312559,0.7858850902806758,0.5528255934000229,-0.0005933205544534236,1.214521617277473,1.0278172083087143,-0.00047501747549404897,0.7066135184854115,1.007563510987132,0.0007523026229775457,0.3180693747126023,0.541931864291544,0.0005666407059297068,0.6425115473164946,0.535430747096424,-0.00025808273264298743,1.4941447530480216,0.995476588445648,-0.0012533067746309469,24.0,0.0,0.09406731211535406,-1.3084628783366088,1.1132953175211588
0.96,0.0,0.0,1.1621873098569007,1.0718498668640244,-0.00021734077213323767,0.2529740814860938,0.4167801242175307,0.00041823797971857923,0.4930827658929949,0.4085672451011717,-0.00021078263670297416,1.5285781354309629,1.0507284820475895,-0.0011972227325664176,0.3930997678684342,0.40366599511476886,1.1198429496327018e-05,-0.03205834738339504,0.5694657766161442,0.0014950235611343237,1.5682327909072384,1.0381237443450522,-0.0013255600937327678,1.058222424026501,0.5582441436435245,-0.001262800674119888,0.31250841212962577,0.5515473412584858,0.0005833478765140828,0.7816155881753777,0.5528255934000229,-0.0005826487422016321,1.2112026137968077,1.0278172083087143,-0.00046676102242189713,0.7066119833729554,1.007563510987132,0.000752374981254301,0.3208787910740448,0.541931864291544,0.0005596562239473543,0.6463534705008424,0.535430747096424,-0.00026770200055017653,1.491454038288203,0.995476588445648,-0.001246670411505934,24.0,0.0,0.09406621123378318,-1.311698753616425,1.1153749616461062
0.962,0.0,0.0,1.1655822343706195,1.0718498668640244,-0.00022584360748219068,0.2564767755235497,0.4167801242175307,0.00040951510682859225,0.4932762884828455,0.4085672451011717,-0.00021128880197955795,1.5275207218192934,1.0507284820475895,-0.0011946241334584334,0.38701359736203766,0.40366599511476886,2.6415568115836645e-05,-0.0355269169922814,0.5694657766161442,0.0015038103099988482,1.5681125235653746,1.0381237443450522,-0.0013252726164054657,1.0530568168695282,0.5582441436435245,-0.0012499457009574413,0.3068378425728591,0.5515473412584858,0.0005975973228221501,0.7773454051288319,0.5528255934000229,-0.000571974986938387,1.2078672693264676,1.0278172083087143,-0.00045846351372023366,0.7066377686484642,1.007563510987132,0.0007523788190354414,0.32370384243079847,0.541931864291544,0.0005526326830437481,0.6501893681087944,0.535430747096424,-0.0002773068085110458,1.4887274361434755,0.995476588445648,-0.0012399436246063877,24.0,0.0,0.09406511035221231,-1.3149346288962414,1.1174546057710535
0.964,0.0,0.0,1.1689709418206482,1.0718498668640244,-0.0002343309187664877,0.2599928664362776,0.4167801242175307,0.00040075837173495247,0.49346093289927473,0.4085672451011717,-0.00021177260845418446,1.52644517819746,1.0507284820475895,-0.00119198059942926,0.38092842522291254,0.40366599511476886,4.163099438182799e-05,-0.03894921712917115,0.5694657766161442,0.001512481734021064,1.5679868535837693,1.0381237443450522,-0.001324971948050806,1.047867785502182,0.5582441436435245,-0.0012370316830650095,0.301196803579519,0.5515473412584858,0.0006117737467140667,0.7730746367464417,0.5528255934000229,-0.0005612995293220224,1.2045156669640935,1.0278172083087143,-0.0004501251525443834,0.706690784202598,1.007563510987132,0.0007523143558466694,0.32654453906469827,0.541931864291544,0.000545570054651864,0.6540189987895955,0.535430747096424,-0.0002868965525309258,1.485965231439452,0.995476588445648,-0.0012331271192445687,24.0,0.0,0.09406400947064143,-1.3181705041760576,1.1195342498960008
0.966,0.0,0.0,1.172353425362782,1.0718498668640244,-0.00024280268739155952,0.2635222049825634,0.4167801242175307,0.0003919681444531327,0.49363676536752316,0.4085672451011717,-0.00021223421949525756,1.525351348875342,1.0507284820475895,-0.0011892917403746762,0.37484456561064183,0.40366599511476886,5.684392472964081e-05,-0.04232511168911611,0.5694657766161442,0.0015210374843632882,1.5678556543010698,1.0381237443450522,-0.0013246577730967929,1.0426555257262362,0.5582441436435245,-0.001224059104646644,0.29558561406716233,0.5515473412584858,0.000625876344197417,0.7688033779672095,0.5528255934000229,-0.0005506226083660471,1.201147891642776,1.0278172083087143,-0.00044174614663844815,0.7067709376367847,1.007563510987132,0.0007521818169613348,0.329400890100167,0.541931864291544,0.0005384683130671145,0.6578421214647767,0.535430747096424,-0.00029647062923292863,1.48316771167837,0.995476588445648,-0.00122622160748451,24.0,0.0,0.09406290858907056,-1.321406379455874,1.1216138940209481
0.968,0.0,0.0,1.175729678739081,1.0718498668640244,-0.0002512588962468942,0.2670646406991456,0.4167801242175307,0.00038314479808741823,0.4938038529832889,0.4085672451011717,-0.00021267380066587862,1.5242390785325564,1.0507284820475895,-0.0011865571670693815,0.36876233339274556,0.40366599511476886,7.205357376031757e-05,-0.04565446800210026,0.5694657766161442,0.0015294772207631508,1.567718798624248,1.0381237443450522,-0.001324329774890044,1.0374202354618296,0.5582441436435245,-0.0012110284552067794,0.29000459025437436,0.5515473412584858,0.0006399043179783087,0.7645317230553852,0.5528255934000229,-0.0005399444614179667,1.1977640301307813,1.0278172083087143,-0.0004333267083351544,0.7068781342732353,1.007563510987132,0.0007519814333758682,0.33227290349188915,0.541931864291544,0.0005313274354784426,0.661658495353303,0.535430747096424,-0.00030602843592088177,1.480335167014794,0.995476588445648,-0.0012192278080818048,24.0,0.0,0.09406180770749968,-1.3246422547356902,1.1236935381458955
0.97,0.0,0.0,1.1790996962704083,1.0718498668640244,-0.0002596995296876414,0.270620021915343,0.4167801242175307,0.00037428870879596275,0.49396226370522806,0.4085672451011717,-0.00021309151970529296,1.5231082122368271,1.0507284820475895,-0.0011837764912124172,0.36268204411867233,0.40366599511476886,8.725915430505826e-05,-0.048937156837620316,0.5694657766161442,0.0015378006115456112,1.5675761590295083,1.0381237443450522,-0.0013239876356979897,1.0321621147454725,0.5582441436435245,-0.0011979402295457628,0.2844540456414642,0.5515473412584858,0.0006538568775102786,0.760259765592237,0.5528255934000229,-0.0005292653241384057,1.1943641710310635,1.0278172083087143,-0.0004248670545551675,0.7070122771651489,1.007563510987132,0.0007517134417847416,0.33516058601259996,0.541931864291544,0.0005241474019991373,0.6654678799966903,0.535430747096424,-0.00031556937064219746,1.4774678902311118,0.995476588445648,-0.001212146446422865,24.0,0.0,0.0940607068259288,-1.3278781300155065,1.1257731822708428
0.972,0.0,0.0,1.1824634728488683,1.0718498668640244,-0.0002681245735159599,0.2741881957673307,0.4167801242175307,0.0003654002557554692,0.4941120663473781,0.4085672451011717,-0.00021348754651014088,1.521958595462558,1.0507284820475895,-0.0011809493254730942,0.3566040139935688,0.40366599511476886,0.00010245987749024133,-0.052173052409040535,0.5694657766161442,0.0015460073336344114,1.5674276075632247,1.0381237443450522,-0.0013236310367111404,1.0268813657278424,0.5582441436435245,-0.00118479492775487,0.27893429099141936,0.5515473412584858,0.0006677332390425541,0.7559875984679476,0.5528255934000229,-0.0005185854304805351,1.1909484047805625,1.0278172083087143,-0.0004163674068058732,0.707173267107104,1.007563510987132,0.0007513780845549576,0.33806394324099376,0.541931864291544,0.0005169281956973603,0.6692700352840887,0.535430747096424,-0.00032509283225066576,1.4745661767128215,0.995476588445648,-0.0012049782544636596,24.0,0.0,0.09405960594435793,-1.3311140052953228,1.12785282639579
0.974,0.0,0.0,1.1858210039301418,1.0718498668640244,-0.00027653401496210983,0.2777690082125618,0.4167801242175307,0.00035647982112549994,0.4942533305715044,0.4085672451011717,-0.00021386205311551597,1.5207900741096008,1.0507284820475895,-0.0011780752835374214,0.3505285598518314,0.40366599511476886,0.0001176549528030002,-0.05536203237772232,0.5694657766161442,0.0015540970725629619,1.5672730158429136,1.0381237443450522,-0.0013232596580454315,1.0215781926713667,0.5582441436435245,-0.0011715930552107948,0.2734456343111199,0.5515473412584858,0.0006815326256676661,0.7517153138736388,0.5528255934000229,-0.0005079050126698117,1.1875168236492837,1.0278172083087143,-0.0004078279911796207,0.7073610026456358,1.007563510987132,0.0007509756097000697,0.34098297954975604,0.541931864291544,0.0005096698026263758,0.6730647214773273,0.535430747096424,-0.00033459822046916167,1.4716303244236129,0.995476588445648,-0.0011977239706679338,24.0,0.0,0.09405850506278705,-1.334349880575139,1.1299324705207374
0.976,0.0,0.0,1.1891722855257243,1.0718498668640244,-0.0002849278426652935,0.28136230404433293,0.4167801242175307,0.00034752779001242227,0.4943861268793712,0.4085672451011717,-0.00021421521367583172,1.5196024945222186,1.0507284820475895,-0.001175153980155028,0.34445599913044533,0.40366599511476886,0.00013284358815734366,-0.058503977856929235,0.5694657766161442,0.0015620695224846661,1.567112255058246,1.0381237443450522,-0.0013228731787446534,1.0162528019475887,0.5582441436435245,-0.0011583351225696056,0.2679883808328129,0.5515473412584858,0.0006952542673684148,0.7474430032935265,0.5528255934000229,-0.0004972243011840396,1.1840695217391604,1.0278172083087143,-0.00039924903835142356,0.7075753800899987,1.007563510987132,0.0007505062708537402,0.34391769809372263,0.541931864291544,0.00050237221185447,0.6768516992359179,0.535430747096424,-0.0003440849359522583,1.4686606338802433,0.995476588445648,-0.0011903843399449121,24.0,0.0,0.09405740418121618,-1.3375857558549553,1.1320121146456847
0.978,0.0,0.0,1.1925173141950673,1.0718498668640244,-0.00029330604665424976,0.28496792690649186,0.4167801242175307,0.0003385445504329944,0.4945105266049374,0.4085672451011717,-0.0002145472044454988,1.5183957035082416,1.0507284820475895,-0.001172185031186573,0.3383866498421147,0.40366599511476886,0.00014802498996080882,-0.061598773415508096,0.5694657766161442,0.0015699243861826834,1.5669451959721028,1.0381237443450522,-0.0013224712767829843,1.0109054020343113,0.5582441436435245,-0.0011450216457601606,0.2625628329958487,0.5515473412584858,0.0007088974010641823,0.7431707574972103,0.5528255934000229,-0.0004865435247337591,1.1806065949826943,1.0278172083087143,-0.0003906307835761153,0.7078162935231109,1.007563510987132,0.0007499703272428332,0.34686810079817043,0.541931864291544,0.0004950354154945536,0.6806307296420125,0.535430747096424,-0.00035355238034873475,1.465657408127212,0.995476588445648,-0.0011829601135864881,24.0,0.0,0.0940563032996453,-1.3408216311347716,1.134091758770632
0.98,0.0,0.0,1.1958560870376242,1.0718498668640244,-0.0003016686183276074,0.28858571930828397,0.4167801242175307,0.00032953049327759707,0.49462660190647745,0.4085672451011717,-0.0002148582037594142,1.5171695483584104,1.0507284820475895,-0.0011691680536516302,0.33232083054818917,0.40366599511476886,0.0001631983631816354,-0.0646463070813467,0.5694657766161442,0.0015776613750791307,1.56677170892168,1.0381237443450522,-0.0013220536290676267,1.0055362035125182,0.5582441436435245,-0.001131653145976967,0.2571692904286787,0.5515473412584858,0.0007224612706565928,0.7388986665320995,0.5528255934000229,-0.0004758629102429685,1.177128141141376,1.0278172083087143,-0.00038197346668495004,0.7080836348126829,1.007563510987132,0.0007493680436600525,0.3498341883472436,0.541931864291544,0.0004876594087334341,0.6844015742253119,0.535430747096424,-0.00036299995636397133,1.4626209527112308,0.995476588445648,-0.00117545204920391,24.0,0.0,0.09405520241807443,-1.3440575064145879,1.1361714028955794
0.982,0.0,0.0,1.1991886016848032,1.0718498668640244,-0.00031001555043399967,0.29221552263933603,0.4167801242175307,0.0003204860122731168,0.49473442575862936,0.4085672451011717,-0.00021514839201326437,1.5159238768659062,1.0507284820475895,-0.0011661026657770524,0.3262588603313918,0.40366599511476886,0.00017836291141644923,-0.06764647034460877,0.5694657766161442,0.001585280209243727,1.5665916638196444,1.0381237443450522,-0.0013216199114415694,1.0001454190630654,0.5582441436435245,-0.0011182301496724843,0.25180804993111644,0.5515473412584858,0.0007359451270745178,0.7346268197159784,0.5528255934000229,-0.0004651826828301914,1.1736342598038814,1.0278172083087143,-0.0003732773320816546,0.7083772936225244,1.007563510987132,0.0007486996904361226,0.3528159601725192,0.541931864291544,0.0004802441898607511,0.6881639949879208,0.535430747096424,-0.0003724270678222197,1.4595515756554953,0.995476588445648,-0.001167860910663957,24.0,0.0,0.09405410153650355,-1.3472933816944042,1.1382510470205267
0.984,0.0,0.0,1.2025148562918284,1.0718498668640244,-0.00031834683705194713,0.295857177184775,0.4167801242175307,0.0003114115039454866,0.49483407194436896,0.4085672451011717,-0.00021541795164364415,1.514658537346062,1.0507284820475895,-0.001162988487045792,0.32020105876835275,0.40366599511476886,0.0001935178369584427,-0.0705991581607469,0.5694657766161442,0.0015927806174018825,1.566404930155349,1.0381237443450522,-0.0013211697986864807,0.9947332634631421,0.5582441436435245,-0.0011047531885488523,0.24647940545686192,0.5515473412584858,0.0007493482283184235,0.7303553056297152,0.5528255934000229,-0.0004545030657898888,1.1701250523840423,1.0278172083087143,-0.0003645426287379178,0.7086971574240324,1.007563510987132,0.0007479655434115188,0.35581341444171577,0.541931864291544,0.00047278976029756215,0.6919177544291469,0.535430747096424,-0.00038183311972874194,1.456449587433757,0.995476588445648,-0.0011601874680246182,24.0,0.0,0.09405300065493268,-1.3505292569742204,1.140330691145474
0.986,0.0,0.0,1.2058348495295121,1.0718498668640244,-0.0003266624735695101,0.29951052214047913,0.4167801242175307,0.0003023073675818892,0.4949256150469124,0.4085672451011717,-0.00021566706710799313,1.513373378656253,1.0507284820475895,-0.0011598251382461812,0.3141477459019543,0.40366599511476886,0.00020866234086604028,-0.07350426895329379,0.5694657766161442,0.0016001623369422278,1.566211376996108,1.0381237443450522,-0.0013207029645257422,0.9892999535824943,0.5582441436435245,-0.001091222799549044,0.24118364809629023,0.5515473412584858,0.0007626698395040597,0.7260842121101142,0.5528255934000229,-0.0004438242805742307,1.1666006221185923,1.0278172083087143,-0.0003557696101883201,0.7090431115078561,1.007563510987132,0.0007471658839077489,0.3588265480475493,0.541931864291544,0.0004652961246245707,0.6956626155702388,0.535430747096424,-0.0003912175183318073,1.4533153009441988,0.995476588445648,-0.0011524324974702728,24.0,0.0,0.0940518997733618,-1.3537651322540367,1.1424103352704214
0.988,0.0,0.0,1.2091485805759385,1.0718498668640244,-0.0003349624566637194,0.3031753956284592,0.4167801242175307,0.00029317400519262893,0.4950091304415468,0.4085672451011717,-0.00021589592486435176,1.512068250215964,1.0507284820475895,-0.001156612241521659,0.3080992422134919,0.40366599511476886,0.00022379562303203636,-0.0763617046164326,0.5694657766161442,0.001607425113923595,1.5660108729885391,1.0381237443450522,-0.0013202190816276394,0.9838457083794115,0.5582441436435245,-0.0010776395248474247,0.23592106605950494,0.5515473412584858,0.000775909232905489,0.7218136262429179,0.5528255934000229,-0.00043314654677522826,1.1630610740646838,1.0278172083087143,-0.00034695853452469504,0.7094150389957394,1.007563510987132,0.0007463009986981894,0.3618553565967403,0.541931864291544,0.00045776329060998684,0.6993983419790598,0.535430747096424,-0.0004005796711845369,1.4501490314831134,0.995476588445648,-0.001144596781246377,24.0,0.0,0.09405079889179092,-1.357001007533853,1.1444899793953687
0.99,0.0,0.0,1.212456049108063,1.0718498668640244,-0.0003432467842797854,0.3068516347123673,0.4167801242175307,0.00028401182147267875,0.4950846942873905,0.4085672451011717,-0.00021610471335093778,1.510743002027024,1.0507284820475895,-0.001153349420420936,0.3020558685946562,0.40366599511476886,0.00023891688225319245,-0.07917137051734688,0.5694657766161442,0.001614568703081442,1.5658032863599787,1.0381237443450522,-0.0013197178216087175,0.9783707488964684,0.5582441436435245,-0.0010640039118397177,0.23069194465965703,0.5515473412584858,0.0007890656879974522,0.7175436343559585,0.5528255934000229,-0.0004224700821072375,1.1595065150971755,1.0278172083087143,-0.00033810966438992395,0.7098128208525376,1.007563510987132,0.0007453711799784812,0.36489983439917506,0.541931864291544,0.00045019126923700944,0.7031246977946948,0.535430747096424,-0.0004099189872065895,1.4469510967183885,0.995476588445648,-0.0011366811075936634,24.0,0.0,0.09404969801022005,-1.3602368828136693,1.146569623520316
0.992,0.0,0.0,1.2157572552932265,1.0718498668640244,-0.00035151545561009636,0.31053907541313125,0.4167801242175307,0.00027482122376290845,0.4951523835190827,0.4085672451011717,-0.00021629362296554698,1.5093974846940144,1.0507284820475895,-0.0011500362999485865,0.2960179463193422,0.40366599511476886,0.0002540253163002816,-0.08193317549835066,0.5694657766161442,0.0016215928678337277,1.5655884849199695,1.0381237443450522,-0.0013191988550373163,0.9728752982560203,0.5582441436435245,-0.0010503165131323597,0.22549656629652962,0.5515473412584858,0.000802138491497072,0.7132743220124633,0.5528255934000229,-0.0004117951023898389,1.1559370539056895,1.0278172083087143,-0.0003292232669711531,0.710236335898409,1.007563510987132,0.0007443767253364858,0.3679599744572261,0.541931864291544,0.0004425800747309225,0.7068414477519845,0.535430747096424,-0.0004192348767456769,1.4437218166627996,0.995476588445648,-0.0011286862706818513,24.0,0.0,0.09404859712864917,-1.3634727580934856,1.1486492676452633
0.994,0.0,0.0,1.2190521997805899,1.0718498668640244,-0.00035976847107300537,0.31423755272471104,0.4167801242175307,0.0002656026220109986,0.4952122758384045,0.4085672451011717,-0.00021646284604477748,1.5080315494448358,1.0507284820475895,-0.001146672506616062,0.2899857970152896,0.40366599511476886,0.0002691201219885667,-0.08464703187879923,0.5694657766161442,0.0016284973802862372,1.5653663360618317,1.0381237443450522,-0.0013186618514372933,0.9673595816554489,0.5582441436435245,-0.0010365778865312394,0.22033521044038948,0.5515473412584858,0.0008151269374048906,0.7090057740045165,0.5528255934000229,-0.00040112182153110107,1.1523528009914359,1.0278172083087143,-0.000320299613992438,0.7106854608211781,1.007563510987132,0.0007433179377218075,0.3710357684552346,0.541931864291544,0.00043492972458579487,0.7105483572059863,0.535430747096424,-0.00042852675163890133,1.4404615136471106,0.995476588445648,-0.0011206130705428792,24.0,0.0,0.0940474962470783,-1.3667086333733018,1.1507289117702106
0.996,0.0,0.0,1.2223408836924867,1.0718498668640244,-0.0003680058322914137,0.31794690062997627,0.4167801242175307,0.0002563564287320491,0.4952644497058308,0.4085672451011717,-0.00021661257684308196,1.5066450481514384,1.0507284820475895,-0.0011432576684931156,0.2839597426355606,0.40366599511476886,0.0002842004952486982,-0.08731285545678115,0.5694657766161442,0.0016352820212373585,1.5651367067643176,1.0381237443450522,-0.0013181064792919489,0.9618238263621531,0.5582441436435245,-0.001022788595029811,0.21520815361610532,0.5515473412584858,0.0008280303270452408,0.7047380743466791,0.5528255934000229,-0.0003904504515112339,1.1487538686638037,1.0278172083087143,-0.0003113389817068041,0.7111600701888711,1.007563510987132,0.0007421951254148845,0.3741272067491585,0.541931864291544,0.0004272402395907736,0.7142451921563553,0.535430747096424,-0.0004377940252739057,1.437170512292986,0.995476588445648,-0.0011124623130036565,24.0,0.0,0.09404639536550742,-1.3699445086531181,1.152808555895158
0.998,0.0,0.0,1.2256233086157,1.0718498668640244,-0.00037622754207115584,0.32166695211670054,0.4167801242175307,0.00024708305896888603,0.4953089843320148,0.4085672451011717,-0.00021674301151164768,1.505237833350706,1.0507284820475895,-0.0011397914152596223,0.2779401054298603,0.40366599511476886,0.0002992656311980206,-0.08993056551059207,0.5694657766161442,0.0016419465801823132,1.564899463593357,1.0381237443450522,-0.0013175324060481636,0.9562682617082823,0.5582441436435245,-0.0010089492067965717,0.21011566938753376,0.5515473412584858,0.0008408479691059512,0.7004713062697708,0.5528255934000229,-0.0003797812023666405,1.1451403710367167,1.0278172083087143,-0.00030234165088772357,0.7116600364624195,1.007563510987132,0.0007410086019956521,0.37723427835639056,0.541931864291544,0.0004195116438559639,0.7179317192716445,0.535430747096424,-0.0004470361126498282,1.4338491394857147,0.995476588445648,-0.0011042348096183452,24.0,0.0,0.09404529448393655,-1.3731803839329344,1.1548882000201053
1.0,0.0,0.0,1.2288994765926635,1.0718498668640244,-0.00038443360437918905,0.3253975391936715,0.4167801242175307,0.00023778293025207537,0.4953459596692056,0.4085672451011717,-0.00021685434807710777,1.5038097582654915,1.0507284820475895,-0.0011362733782577911,0.27192720791570485,0.40366599511476886,0.00031431472421227137,-0.09250008479999072,0.5694657766161442,0.0016484908553168406,1.5646544727038982,1.0381237443450522,-0.0013169392981207623,0.9506931190852075,0.5582441436435245,-0.0009950602951618946,0.20505802834217315,0.5515473412584858,0.0008535791796773801,0.6962055522148157,0.5528255934000229,-0.00036911428217436984,1.141512424024753,1.0278172083087143,-0.0002933079068200062,0.7121852300085335,1.007563510987132,0.0007397586863117811,0.38035697094574916,0.541931864291544,0.00041174396483788375,0.7216077059135186,0.535430747096424,-0.00045625243043805107,1.4304977243467472,0.995476588445648,-0.0010959313776001667,24.0,0.0,0.09404419360236567,-1.3764162592127507,1.1569678441450526
1.002,0.0,0.0,1.2321693901125894,1.0718498668640244,-0.00039262402432159785,0.32913849290691277,0.4167801242175307,0.00022845646255964804,0.49537545640259883,0.4085672451011717,-0.00021694678642008469,1.5023606768258009,1.0507284820475895,-0.001132703190544755,0.2659213728494435,0.40366599511476886,0.00032934696799766006,-0.09502133956723771,0.5694657766161442,0.0016549146535403373,1.5644015998418468,1.0381237443450522,-0.0013163268208971153,0.945098631937728,0.5582441436435245,-0.0009811224386042075,0.20003549807608578,0.5515473412584858,0.0008662232822907817,0.6919408938271545,0.5528255934000229,-0.00035844989703698207,1.1378701453390265,1.0278172083087143,-0.00028423803929009675,0.7127355191127415,1.007563510987132,0.000738445702446496,0.3834952708276461,0.541931864291544,0.00040393723336448723,0.7252729201608805,0.535430747096424,-0.00046544239704273657,1.4271165982060496,0.995476588445648,-0.001087552839752748,24.0,0.0,0.0940430927207948,-1.379652134492567,1.15904748827
1.004,0.0,0.0,1.2354330521025247,1.0718498668640244,-0.00040079880812141257,0.332889643356016,0.4167801242175307,0.0002191040782765448,0.49539755594162294,0.4085672451011717,-0.00021702052825356782,1.5008904436901185,1.0507284820475895,-0.0011290804869455284,0.25992292319713967,0.40366599511476886,0.0003443615556633134,-0.09749425953791754,0.5694657766161442,0.0016612177904584548,1.564140710346111,1.0381237443450522,-0.0013156946387419867,0.9394850357580085,0.5582441436435245,-0.0009671362207355089,0.19504834317908876,0.5515473412584858,0.0008787796079560001,0.6876774119507261,0.5528255934000229,-0.00034778825106782904,1.1342136544828296,1.0278172083087143,-0.00027513234257578066,0.7133107699925949,1.007563510987132,0.0007370699796859761,0.3866491629444342,0.541931864291544,0.00039609148365974485,0.7289271308339037,0.535430747096424,-0.00047460543266114125,1.423706094574274,0.995476588445648,-0.0010791000244010042,24.0,0.0,0.09404199183922392,-1.3828880097723832,1.1611271323949472
1.006,0.0,0.0,1.2386904659183402,1.0718498668640244,-0.0004089579630962509,0.33665081971057986,0.4167801242175307,0.00020972620215378672,0.4954123404111597,0.4085672451011717,-0.00021707577710112808,1.4993989142668702,1.0507284820475895,-0.0011254049041063226,0.25393218210531665,0.40366599511476886,0.000359357679794073,-0.09991877792154431,0.5694657766161442,0.0016674000903851543,1.5638716691507546,1.0381237443450522,-0.0013150424150026468,0.9338525680792437,0.5582441436435245,-0.00095310223028621,0.190096825220214,0.5515473412584858,0.0008912474951984926,0.6834151866225204,0.5528255934000229,-0.0003371295463767579,1.1305430727470356,1.0278172083087143,-0.0002659911154352884,0.7139108468110377,1.007563510987132,0.0007356318524863425,0.38981863086093854,0.541931864291544,0.0003882067533677747,0.7325701075179706,0.535430747096424,-0.00048374095934369923,1.420266549114747,0.995476588445648,-0.0010705737653215652,24.0,0.0,0.09404089095765304,-1.3861238850521995,1.1632067765198946
1.008,0.0,0.0,1.2419416353356512,1.0718498668640244,-0.0004171014976357895,0.3404218502267533,0.4167801242175307,0.00020032326126737706,0.4954198926427017,0.4085672451011717,-0.00021711273827497004,1.4978859447360207,1.0507284820475895,-0.0011216760805482018,0.24794947287157412,0.40366599511476886,0.00037433453252363054,-0.1022948314119515,0.5694657766161442,0.0016734613863442214,1.563594340787266,1.0381237443450522,-0.001314369812014256,0.9282014684690469,0.5582441436435245,-0.000939021061089298,0.18518120273343755,0.5515473412584858,0.0009036262900956796,0.6791542970672058,0.5528255934000229,-0.0003264739830562438,1.126858523205259,1.0278172083087143,-0.00025681466109580333,0.7145356116899377,1.007563510987132,0.0007341316604402357,0.39300365675517485,0.541931864291544,0.0003802830835765138,0.7362016205875114,0.535430747096424,-0.0004928484010538664,1.4167982996152795,0.995476588445648,-0.0010619749016727476,24.0,0.0,0.09403979007608217,-1.3893597603320158,1.165286420644842
1.01,0.0,0.0,1.2451865645406754,1.0718498668640244,-0.00042522942117906694,0.3442025622638808,0.4167801242175307,0.00019089568497694345,0.495420296165446,0.4085672451011717,-0.00021713161885382497,1.4963513920707978,1.0507284820475895,-0.001117893656721078,0.24197511891508044,0.40366599511476886,0.00038929130560798683,-0.10462236018746635,0.5694657766161442,0.0016794015200702391,1.563308589386944,1.0381237443450522,-0.0013136764911055342,0.9225319785225587,0.5582441436435245,-0.0009248933120638062,0.1803017312036785,0.5515473412584858,0.0009159153463126207,0.6748948216919319,0.5528255934000229,-0.00031582175916795716,1.1231601307087746,1.0278172083087143,-0.00024760328724136193,0.7151849247237799,1.007563510987132,0.0007325697482429856,0.3962042214092578,0.541931864291544,0.000372320518840923,0.7398214412297409,0.535430747096424,-0.0005019271837277184,1.4133016859597993,0.995476588445648,-0.0010533042779240786,24.0,0.0,0.09403868919451129,-1.392595635611832,1.1673660647697892
1.012,0.0,0.0,1.248425258121028,1.0718498668640244,-0.00043334174419162766,0.34799278230124586,0.4167801242175307,0.00018144390488412473,0.4954136351973259,0.4085672451011717,-0.00021713262766068567,1.4947951140595426,1.0507284820475895,-0.0011140572750580207,0.23600944374694713,0.40366599511476886,0.00040422719049922106,-0.10690130791086913,0.5694657766161442,0.0016852203420090262,1.5630142786834103,1.0381237443450522,-0.0013129621126047298,0.9168443418552716,0.5582441436435245,-0.0009107195871975856,0.17545866305306798,0.5515473412584858,0.0009281140251370182,0.6706368380813132,0.5528255934000229,-0.00030517307072977257,1.1194480218811902,1.0278172083087143,-0.00023835730600015094,0.7158586439935184,1.007563510987132,0.00073094646565838,0.399420304200503,0.541931864291544,0.0003643191072057156,0.7434293414682901,0.535430747096424,-0.0005109767353332922,1.4097770500998068,0.995476588445648,-0.0010445627437853783,24.0,0.0,0.09403758831294041,-1.3958315108916484,1.1694457088947365
1.014,0.0,0.0,1.251657721056457,1.0718498668640244,-0.00044143847814250904,0.351792335954911,0.4167801242175307,0.00017196835479071207,0.4953999946359813,0.4085672451011717,-0.00021711597524038547,1.4932169693276751,1.0507284820475895,-0.0011101665800298827,0.23005277094049098,0.40366599511476886,0.00041914137841955436,-0.10913162172913787,0.5694657766161442,0.0016909177113175334,1.5627112720152478,1.0381237443450522,-0.0013122263358458953,0.9111388040955685,0.5582441436435245,-0.0008965004955293679,0.17065224762748796,0.5515473412584858,0.0009402216955135445,0.6663804229925916,0.5528255934000229,-0.00029452811170322583,1.1157223251128763,1.0278172083087143,-0.00022907703393118984,0.7165566255805873,1.007563510987132,0.0007292621674840339,0.4026518830927255,0.541931864291544,0.0003562789002276026,0.7470250941867289,0.535430747096424,-0.0005199964859296652,1.406224736025657,0.995476588445648,-0.001035751154135397,24.0,0.0,0.09403648743136954,-1.3990673861714646,1.1715253530196839
1.016,0.0,0.0,1.2548839587095222,1.0718498668640244,-0.00044951963548108155,0.35560104799465075,0.4167801242175307,0.00016246947065654924,0.4953794600496677,0.4085672451011717,-0.00021708187383702394,1.4916168173597764,1.0507284820475895,-0.001106221218200214,0.2241054241013897,0.40366599511476886,0.0004340330604356947,-0.11131325227297859,0.5694657766161442,0.001696493495863205,1.562399432328775,1.0381237443450522,-0.0013114688191754893,0.90541561287697,0.5582441436435245,-0.00088223665113011,0.1658827311833806,0.5515473412584858,0.0009522377340774946,0.6621256523509839,0.5528255934000229,-0.0002838870739814217,1.1119831705551493,1.0278172083087143,-0.00021976279201040504,0.7172787235810683,1.007563510987132,0.0007275172135163616,0.40589893462773824,0.541931864291544,0.00034819995299704645,0.7506084731519772,0.535430747096424,-0.0005289858677257623,1.4026450897376685,0.995476588445648,-0.0010268703689500225,24.0,0.0,0.09403538654979866,-1.402303261451281,1.1736049971446312
1.018,0.0,0.0,1.2581039768162188,1.0718498668640244,-0.0004575852296137445,0.3594187423609751,0.4167801242175307,0.00015294769055719984,0.4953521176681061,0.4085672451011717,-0.00021703053737124,1.489994518521776,1.0507284820475895,-0.001102220838280467,0.2181677268377369,0.40366599511476886,0.0004489014275334479,-0.11344615365614169,0.5694657766161442,0.001701947572222807,1.5620786221809577,1.0381237443450522,-0.0013106892199593074,0.8996750178300886,0.5582441436435245,-0.0008679286730836139,0.16115035687482793,0.5515473412584858,0.000964161525187763,0.6578726012452146,0.5528255934000229,-0.0002732501473774024,1.1082306901142065,1.0278172083087143,-0.00021041490561608757,0.7180247901200133,1.007563510987132,0.0007257119685151592,0.4091614339170534,0.541931864291544,0.0003400823241595145,0.7541792530376016,0.535430747096424,-0.000537944315138883,1.3990384592170637,0.995476588445648,-0.0010179212532300513,24.0,0.0,0.09403428566822779,-1.4055391367310972,1.1756846412695785
1.02,0.0,0.0,1.261317781476548,1.0718498668640244,-0.00046563527488048594,0.36324524218224014,0.4167801242175307,0.000143403454641389,0.495318054373273,0.4085672451011717,-0.000216962181417336,1.488349934083245,1.0507284820475895,-0.0010981650911854662,0.21224000273000232,0.40366599511476886,0.0004637456706925799,-0.11553028347452476,0.5694657766161442,0.001707279825680715,1.5617487037424633,1.0381237443450522,-0.0013098871945897638,0.8939172705742842,0.5582441436435245,-0.0008535771854664104,0.1564553647409021,0.5515473412584858,0.0009759924609591447,0.6536213439232369,0.5528255934000229,-0.0002626175196129793,1.104465017444814,1.0278172083087143,-0.0002010337045137306,0.7187946753659209,1.007563510987132,0.0007238468021677966,0.4124393546337896,0.541931864291544,0.0003319260759362266,0.7577372094469931,0.535430747096424,-0.0005468712648529439,1.3954051943967378,0.995476588445648,-0.0010089046769285392,24.0,0.0,0.09403318478665691,-1.4087750120109135,1.1777642853945258
1.022,0.0,0.0,1.2645253791450382,1.0718498668640244,-0.00047366978653130885,0.36708036979184355,0.4167801242175307,0.0001338372050882264,0.49527735769013265,0.4085672451011717,-0.00021687702318025319,1.4866829262397843,1.0507284820475895,-0.0010940536300891384,0.20632257530090328,0.40366599511476886,0.00047856498096191636,-0.11756560280506194,0.5694657766161442,0.0017124901502266724,1.5614095388008653,1.0381237443450522,-0.0013090623984935278,0.8881426247090198,0.5582441436435245,-0.0008391828173268993,0.15179799169328623,0.5515473412584858,0.0009877299412939594,0.6493719537881428,0.5528255934000229,-0.00025198937630803496,1.1006862879437447,1.0278172083087143,-0.00019161952284024953,0.7195882275453653,1.007563510987132,0.0007219220890530276,0.41573266900478795,0.541931864291544,0.00032373127414438613,0.7612821189364252,0.535430747096424,-0.0005557661558764226,1.391745647131863,0.995476588445648,-0.0009998215148777246,24.0,0.0,0.09403208390508604,-1.4120108872907298,1.1798439295194731
1.024,0.0,0.0,1.2677267766212188,1.0718498668640244,-0.00048168878070253444,0.37092394674550155,0.4167801242175307,0.00012424938606421784,0.4952301157773117,0.4085672451011717,-0.00021677528147240235,1.4849933581355066,1.0507284820475895,-0.001089886110480487,0.20041576798519298,0.40366599511476886,0.0004933585495346639,-0.11955207620440023,0.5694657766161442,0.0017175784485530152,1.5610609887639986,1.0381237443450522,-0.001308214486139533,0.8823513358049129,0.5582441436435245,-0.0008247462026637384,0.14717847150416605,0.5515473412584858,0.0009993733739129989,0.6451245033942667,0.5528255934000229,-0.0002413659009702998,1.0968946387429663,1.0278172083087143,-0.00018217269908757605,0.7204052929577761,1.007563510987132,0.0007199382086044164,0.4190413478029398,0.541931864291544,0.0003154979882168903,0.7648137590379869,0.535430747096424,-0.0005646284296000029,1.3880601711703267,0.995476588445648,-0.0009906726467155374,24.0,0.0,0.09403098302351516,-1.415246762570546,1.1819235736444205
1.026,0.0,0.0,1.2709219810400478,1.0718498668640244,-0.000489692274392986,0.3747757938386046,0.4167801242175307,0.00011464044368007284,0.495176417417717,0.4085672451011717,-0.00021665717669034994,1.483281093885604,1.0507284820475895,-0.0010856621902197927,0.19451990409937175,0.40366599511476886,0.0005081255678239397,-0.12148967170736308,0.5694657766161442,0.001722544632051361,1.5607029146634737,1.0381237443450522,-0.001307343111047366,0.8765436613944788,0.5582441436435245,-0.000810267980403471,0.14259703479439223,0.5515473412584858,0.0010109221743857995,0.640879064443482,0.5528255934000229,-0.0002307472749856096,1.0930902087025784,1.0278172083087143,-0.00017269357608563018,0.7212457159903669,1.007563510987132,0.0007178955450733896,0.422365360339729,0.541931864291544,0.0003072262912215107,0.7683319082823893,0.535430747096424,-0.0005734575298539072,1.384349122123007,0.995476588445648,-0.0009814589568116967,24.0,0.0,0.09402988214194428,-1.4184826378503623,1.1840032177693678
1.028,0.0,0.0,1.274110999862298,1.0718498668640244,-0.0004976802854400587,0.3786357311236487,0.4167801242175307,0.00010501082594731523,0.4951163520090977,0.4085672451011717,-0.00021652293079136325,1.4815459985989972,1.0507284820475895,-0.0010813815295950364,0.1886353068113273,0.40366599511476886,0.0005228652275384928,-0.12337836082520139,0.5694657766161442,0.001727388620808768,1.5603351771583527,1.0381237443450522,-0.0013064479257960538,0.8707198609625644,0.5582441436435245,-0.0007957487943773858,0.13805390902191345,0.5515473412584858,0.001022375766160234,0.6366357077816943,0.5528255934000229,-0.00022013367760864767,1.0892731384034977,1.0278172083087143,-0.00016318250098466046,0.7221093391332126,1.007563510987132,0.0007157944874919126,0.4257046744579916,0.541931864291544,0.0002989162598795377,0.7718363462216428,0.535430747096424,-0.0005822529029649131,1.3806128574338878,0.995476588445648,-0.0009721813341933977,24.0,0.0,0.09402878126037341,-1.4217185131301786,1.186082861894315
1.03,0.0,0.0,1.277293840864902,1.0718498668640244,-0.0005056528324956838,0.3825035779277393,0.4167801242175307,9.536098273470504e-05,0.4950500095545524,0.4085672451011717,-0.000216372767269815,1.4797879384010586,1.0507284820475895,-0.001077043791378519,0.18276229910990957,0.40366599511476886,0.0005375767207586038,-0.12521811854363207,0.5694657766161442,0.0017321103436033639,1.5599576365389927,1.0381237443450522,-0.0013055285820332513,0.8648801959364669,0.5582441436435245,-0.0007811892932975997,0.13354931847048018,0.5515473412584858,0.0010337335805914308,0.6323945033955335,0.5528255934000229,-0.00020952528595417853,1.0854435701398901,1.0278172083087143,-0.00015363982523695864,0.7229960029944724,1.007563510987132,0.0007136354296347982,0.4290592565248953,0.541931864291544,0.00029056797458388114,0.7753268534516002,0.535430747096424,-0.0005910139978130469,1.3768517363500128,0.995476588445648,-0.0009628406724705996,24.0,0.0,0.09402768037880253,-1.4249543884099949,1.1881625060192624
1.032,0.0,0.0,1.2804705121312605,1.0718498668640244,-0.0005136099350021939,0.3863791528701654,0.4167801242175307,8.569136572447844e-05,0.4949774806529821,0.4085672451011717,-0.0002162069111334518,1.478006780456407,1.0507284820475895,-0.0010726486408836728,0.17690120377444624,0.40366599511476886,0.0005522592400121482,-0.12700892332066463,0.5694657766161442,0.0017367097378994407,1.5595701527310601,1.0381237443450522,-0.0013045847304848513,0.8590249296757364,0.5582441436435245,-0.0007665901307323561,0.12908348423861912,0.5515473412584858,0.0010449950569700142,0.6281555204092443,0.5528255934000229,-0.00019892227498877646,1.0816016479113497,1.0278172083087143,-0.00014406590457793968,0.7239055463157581,1.007563510987132,0.0007114187699816488,0.4324290714251413,0.541931864291544,0.0002821815194166219,0.7788032116343665,0.535430747096424,-0.0005997402658879405,1.3730661198912844,0.995476588445648,-0.000953437869760912,24.0,0.0,0.09402657949723166,-1.4281902636898112,1.1902421501442098
1.034,0.0,0.0,1.2836410220415155,1.0718498668640244,-0.0005215516131680903,0.3902622738800394,0.4167801242175307,7.600242836841326e-05,0.4948988564894894,0.4085672451011717,-0.00021602558887952596,1.4762023929917634,1.0507284820475895,-0.0010681957460220437,0.17105234334420494,0.40366599511476886,0.0005669119783508065,-0.12875075708421552,0.5694657766161442,0.001741186749842022,1.5591725852997234,1.0381237443450522,-0.00130361602096502,0.8531543274616582,0.5582441436435245,-0.0007519519650805299,0.12465662422887808,0.5515473412584858,0.0010561596425496668,0.6239188270817796,0.5528255934000229,-0.00018832481752305343,1.0777475174148234,1.0278172083087143,-0.00013446109900658865,0.7248378059876451,1.007563510987132,0.0007091449116784346,0.43581408255439175,0.541931864291544,0.0002737569821660069,0.7822652035205678,0.535430747096424,-0.0006084311613448562,1.3692563708201064,0.995476588445648,-0.0009439738286140908,24.0,0.0,0.09402547861566078,-1.4314261389696274,1.192321794269157
1.036,0.0,0.0,1.2868053792627896,1.0718498668640244,-0.0005294778879437279,0.3941527582140017,0.4167801242175307,6.629462584372817e-05,0.4948142288257261,0.4085672451011717,-0.00021582902847079423,1.4743746453188664,1.0507284820475895,-0.0010636847773604348,0.16521604008780805,0.40366599511476886,0.0005815341294264098,-0.13044360522951073,0.5694657766161442,0.001745541334250899,1.5587647934540236,1.0381237443450522,-0.001302622102386678,0.8472686564864124,0.5582441436435245,-0.0007372754595453343,0.1202689531373414,0.5515473412584858,0.0010672267925740193,0.6196844908040975,0.5528255934000229,-0.0001777330842043917,1.0738813260362807,1.0278172083087143,-0.00012482577276527295,0.7257926170653263,1.007563510987132,0.000706814262498717,0.43921425181292395,0.541931864291544,0.00026529445434288077,0.7857126129714819,0.535430747096424,-0.0006170861410603596,1.3654228536108743,0.995476588445648,-0.000934449455936146,24.0,0.0,0.0940243777340899,-1.4346620142494437,1.1944014383941044
1.038,0.0,0.0,1.2899635927393975,1.0718498668640244,-0.0005373887809969131,0.39805042247398476,0.4167801242175307,5.6568415008822485e-05,0.49472368999018834,0.4085672451011717,-0.00021561745931138605,1.4725234078574383,1.0507284820475895,-0.0010591154081781922,0.15939261597260562,0.40366599511476886,0.000596124887567402,-0.13208745661627677,0.5694657766161442,0.0017497734546141372,1.5583466360514335,1.0381237443450522,-0.0013016026227724287,0.8413681858419068,0.5582441436435245,-0.0007225612821072197,0.11592068244341566,0.5515473412584858,0.001078195970302861,0.6154525780966628,0.5528255934000229,-0.00016714724351018647,1.070003222842128,1.0278172083087143,-0.00011516029431891616,0.7267698127844051,1.007563510987132,0.0007044272348045141,0.4426295395995151,0.541931864291544,0.00025679403119655025,0.7891452249810227,0.535430747096424,-0.0006257046646876446,1.3615659344193138,0.995476588445648,-0.0009248656629130659,24.0,0.0,0.09402327685251903,-1.43789788952926,1.1964810825190517
1.04,0.0,0.0,1.2931156716830285,1.0718498668640244,-0.0005452843146884329,0.4019550826250353,0.4167801242175307,4.682425435886484e-05,0.4946273328684611,0.4085672451011717,-0.0002153911122225416,1.4706485521581967,1.0507284820475895,-0.001054487314524622,0.1535823926340129,0.40366599511476886,0.0006106834478554081,-0.1336823035657197,0.5694657766161442,0.0017538830830810524,1.5579179716026048,1.0381237443450522,-0.0013005572292659534,0.8354531865082825,0.5582441436435245,-0.0007078101054959557,0.11161202039988538,0.5515473412584858,0.0010890666470376753,0.611223154607156,0.5528255934000229,-0.00015656746174159963,1.0661133585703657,1.0278172083087143,-0.0001054650363335341,0.7277692245768285,1.007563510987132,0.000701984245506817,0.4460599048055589,0.541931864291544,0.00024825581173007233,0.7925628256975803,0.535430747096424,-0.0006342861947114967,1.3576859810516706,0.995476588445648,-0.0009152233649341645,24.0,0.0,0.09402217597094815,-1.4411337648090763,1.198560726643999
1.042,0.0,0.0,1.2962616255629051,1.0718498668640244,-0.0005531645120475104,0.4058665540131909,0.4167801242175307,3.706260398123842e-05,0.49452525089341304,0.4085672451011717,-0.00021515021941822352,1.468749950925906,1.0507284820475895,-0.001049800175276518,0.14778569134481787,0.40366599511476886,0.0006252090062018899,-0.13522814185729282,0.5694657766161442,0.0017578702004546597,1.5574786582763098,1.0381237443450522,-0.0012994855681438817,0.829523931342087,0.5582441436435245,-0.000693022607161895,0.10734317202323865,0.5515473412584858,0.001099838302146501,0.606996285108391,0.5528255934000229,-0.00014599390301783284,1.0622118856214915,1.0278172083087143,-9.574037565412863e-05,0.7287906820869562,1.007563510987132,0.0006994857160257587,0.44950530480941636,0.541931864291544,0.00023967989871496288,0.7959652024457107,0.535430747096424,-0.0006428301965028907,1.3537833629337535,0.995476588445648,-0.0009055234815150564,24.0,0.0,0.09402107508937728,-1.4443696400888926,1.2006403707689464
1.044,0.0,0.0,1.2994014640959197,1.0718498668640244,-0.0005610293967472019,0.40978465138340725,0.4167801242175307,2.7283925510849517e-05,0.4944175380353419,0.4085672451011717,-0.00021489501448060334,1.466827478042463,1.0507284820475895,-0.0010450536721957914,0.1420028329844647,0.40366599511476886,0.0006397007594248775,-0.13672497072525272,0.5694657766161442,0.0017617347961835924,1.5570285539045827,1.0381237443450522,-0.0012983872848281442,0.8235806950641135,0.5582441436435245,-0.0006781994692464064,0.1031143390842624,0.5515473412584858,0.001110510423088118,0.6027720334964413,0.5528255934000229,-0.0001354267292709202,1.0582989580491433,1.0278172083087143,-8.598669328194308e-05,0.7298340131877668,1.007563510987132,0.0006969320722504394,0.4529656954710037,0.541931864291544,0.00023106639870531923,0.7993521437476749,0.535430747096424,-0.0006513361383732166,1.3498584510798326,0.995476588445648,-0.0008957669362202636,24.0,0.0,0.0940199742078064,-1.4476055153687089,1.2027200148938937
1.046,0.0,0.0,1.3025351972367507,1.0718498668640244,-0.0005688789930797383,0.4137091888975344,0.4167801242175307,1.74886820853086e-05,0.49430428879207183,0.4085672451011717,-0.00021462573233542546,1.464881008590008,1.0507284820475895,-0.0010402474899871839,0.13623413800831938,0.40366599511476886,0.0006541579053257604,-0.13817279285500372,0.5694657766161442,0.0017654768683534922,1.5565675159880632,1.0381237443450522,-0.0012972620238988265,0.8176237542469035,0.5582441436435245,-0.0006633413785514725,0.09892572009890711,0.5515473412584858,0.0011210825054355587,0.5985504627889794,0.5528255934000229,-0.00012486610024104589,1.0543747315504863,1.0278172083087143,-7.620437435107263e-05,0.7308990439971971,1.007563510987132,0.000694323744498413,0.45644103112661816,0.541931864291544,0.00022241542205135093,0.8027234393448239,0.535430747096424,-0.0006598034916281274,1.345911618061396,0.995476588445648,-0.0008859546565854615,24.0,0.0,0.09401887332623553,-1.4508413906485251,1.204799659018841
1.048,0.0,0.0,1.3056628351679636,1.0718498668640244,-0.0005767133259318158,0.4176399801523374,0.4167801242175307,7.677338299990761e-06,0.4941855981790034,0.4085672451011717,-0.00021434260922725031,1.4629104188740574,1.0507284820475895,-0.0010353813163560461,0.1304799264169226,0.40366599511476886,0.0006685796427661236,-0.13957161437923088,0.5694657766161442,0.0017690964236778699,1.5560954017015476,1.0381237443450522,-0.0012961094291075277,0.8116533873019107,0.5582441436435245,-0.0006484490265084475,0.09477751031942049,0.5515473412584858,0.0011315540528989468,0.5943316351238283,0.5528255934000229,-0.0001143121734723912,1.0504393634563423,1.0278172083087143,-6.639380810443019e-05,0.7319855988946152,1.007563510987132,0.0006916611674748372,0.459931264584005,0.541931864291544,0.00021372708291231475,0.8060788802188263,0.535430747096424,-0.0006682317306209998,1.3419432379757634,0.995476588445648,-0.0008760875740393698,24.0,0.0,0.09401777244466465,-1.4540772659283414,1.2068793031437883
1.05,0.0,0.0,1.3087843882900958,1.0718498668640244,-0.0005845324207598479,0.42157683819755915,0.4167801242175307,-2.1496398370167426e-06,0.4940615617191169,0.4085672451011717,-0.0002140458826945793,1.4609155864466523,1.0507284820475895,-0.0010304548420661697,0.1247405177252363,0.40366599511476886,0.0006829651717446156,-0.1409214448738214,0.5694657766161442,0.0017725934774884377,1.5556120678997507,1.0381237443450522,-0.0012949291433912386,0.8056698744663232,0.5582441436435245,-0.0006335231091459656,0.09066990172574993,0.5515473412584858,0.0011419245773476633,0.5901156117577264,0.5528255934000229,-0.00010376510430951336,1.0464930127210599,1.0278172083087143,-5.6555387869069995e-05,0.7330935005374243,1.007563510987132,0.0006889447802312917,0.4634363471176666,0.541931864291544,0.0002050014992688476,0.8094182586127385,0.535430747096424,-0.0006766203328060058,1.3379536864145654,0.995476588445648,-0.0008661666238252885,24.0,0.0,0.09401667156309378,-1.4573131412081577,1.2089589472687357
1.052,0.0,0.0,1.311899867211732,1.0718498668640244,-0.0005923363035651786,0.42551957555402203,0.4167801242175307,-1.1991784950071138e-05,0.49393227543292995,0.4085672451011717,-0.00021373579154486302,1.458896390129513,1.0507284820475895,-0.001025467760997657,0.11901623093188923,0.40366599511476886,0.0006973136934738314,-0.1422222973535744,0.5694657766161442,0.001775968053724914,1.5551173711232844,1.0381237443450522,-0.0012937208088867464,0.7996734977895414,0.5582441436435245,-0.0006185643270569969,0.08660308301721349,0.5515473412584858,0.0011521935988318397,0.5859024530653087,0.5528255934000229,-9.322504589425879e-05,1.042535839912127,1.0278172083087143,-4.668951103086405e-05,0.734222569877796,1.007563510987132,0.0006861750261242691,0.466956228464416,0.541931864291544,0.00019623879293469357,0.8127413680519125,0.535430747096424,-0.0006849687787907863,1.333943340432083,0.995476588445648,-0.0008561927449222934,24.0,0.0,0.0940155706815229,-1.460549016487974,1.211038591393683
1.054,0.0,0.0,1.3150092827395683,1.0718498668640244,-0.0006001250008692688,0.4294680042317649,0.4167801242175307,-2.184862834122836e-05,0.49379783582841064,0.4085672451011717,-0.0002134125758293956,1.4568527100371977,1.0507284820475895,-0.001020419770204809,0.1133073844884274,0.40366599511476886,0.000711624410457199,-0.14347418826769875,0.5694657766161442,0.0017792201849242963,1.5546111676048544,1.0381237443450522,-0.0012924840669455806,0.793664541119311,0.5582441436435245,-0.0006035733853650424,0.0825772396044387,0.5515473412584858,0.0011623606456031808,0.5816922185383038,0.5528255934000229,-8.26921491632146e-05,1.0385680071995242,1.0278172083087143,-3.6796579008531724e-05,0.7353726261795325,1.007563510987132,0.0006833523527733399,0.4704908568191762,0.541931864291544,0.0001874390895678202,0.8160480033647408,0.535430747096424,-0.0006932765523887213,1.3299125785134571,0.995476588445648,-0.0008461668799660876,24.0,0.0,0.09401446979995202,-1.4637848917677903,1.2131182355186303
1.056,0.0,0.0,1.3181126458684733,1.0718498668640244,-0.0006078985396888597,0.43342193574821275,0.4167801242175307,-3.171970003558552e-05,0.4936583398908464,0.4085672451011717,-0.00021307647681809733,1.4547844276002542,1.0507284820475895,-0.0010153105699740206,0.10761429626857501,0.40366599511476886,0.0007258965265658536,-0.14467713749509958,0.5694657766161442,0.0017823499122096072,1.5540933132756813,1.0381237443450522,-0.0012912185581495056,0.7876432900875064,0.5582441436435245,-0.0005885509936894662,0.07859255360156915,0.5515473412584858,0.0011724252541351178,0.5774849667849484,0.5528255934000229,-7.216656284570216e-05,1.0345896783448199,1.0278172083087143,-2.6876997227024968e-05,0.7365434870350549,1.007563510987132,0.0006804772120189987,0.4740401788310277,0.541931864291544,0.00017860251868091968,0.8193379607032348,0.535430747096424,-0.000701543140670792,1.3258617805427635,0.995476588445648,-0.0008360899751695228,24.0,0.0,0.09401336891838115,-1.4670207670476065,1.2151978796435776
1.058,0.0,0.0,1.3212099677715425,1.0718498668640244,-0.0006156569475111223,0.4373811811463757,0.4167801242175307,-4.1604528826705154e-05,0.49351388507267013,0.4085672451011717,-0.00021272773697418674,1.4526914255883627,1.0507284820475895,-0.0010101398638816617,0.10193728353751144,0.40366599511476886,0.0007401292471154847,-0.14583116833945226,0.5694657766161442,0.0017853572852781095,1.5535636637721484,1.0381237443450522,-0.0012899239223265729,0.7816100320955668,0.5582441436435245,-0.0005734978661099549,0.07464920381873813,0.5515473412584858,0.0011823869691422917,0.5732807555296215,0.5528255934000229,-6.16484334623138e-05,1.0306010186900048,1.0278172083087143,-1.6931175090263984e-05,0.7377349683825172,1.007563510987132,0.0006775500598801926,0.4776041395995049,0.541931864291544,0.00016972921365129083,0.8226110375634359,0.535430747096424,-0.0007097680340170271,1.321791327770961,0.995476588445648,-0.0008259629802427887,24.0,0.0,0.09401226803681027,-1.4702566423274228,1.217277523768525
1.06,0.0,0.0,1.324301259790154,1.0718498668640244,-0.0006234002522687953,0.44134555101307393,0.4167801242175307,-5.150264232211252e-05,0.49336456928324385,0.4085672451011717,-0.00021236659992874608,1.45057358813346,1.0507284820475895,-0.0010049073588519332,0.09627666292116999,0.40366599511476886,0.0007543217789431437,-0.1469363075240646,0.5694657766161442,0.001788242362388991,1.55302207444268,1.0381237443450522,-0.0012885997985677407,0.7755650562995771,0.5582441436435245,-0.0005584147211301057,0.07074736575480908,0.5515473412584858,0.0011922453435993692,0.5690796416126963,0.5528255934000229,-5.113790532399659e-05,1.0266021951460702,1.0278172083087143,-6.959525953226242e-06,0.7389468845230431,1.007563510987132,0.0006745713565115369,0.4811826826711429,0.541931864291544,0.00016081931173009796,0.8258670328056558,0.535430747096424,-0.0007179507261675297,1.3177016027837116,0.995476588445648,-0.0008157868483132825,24.0,0.0,0.0940111671552394,-1.473492517607239,1.2193571678934723
1.062,0.0,0.0,1.3273865334240245,1.0718498668640244,-0.0006311284823153241,0.4453148554971859,0.4167801242175307,-6.141356698885812e-05,0.4932104908786014,0.4085672451011717,-0.00021199331045518036,1.4484308007528404,1.0507284820475895,-0.0009996127652146763,0.09063275037556373,0.40366599511476886,0.0007684733304839973,-0.14799258518652678,0.5694657766161442,0.001791005210350522,1.5524684003548557,1.0381237443450522,-0.0012872458252440695,0.769508653594998,0.5582441436435245,-0.0005433022816401314,0.06688721159038219,0.5515473412584858,0.0012019999387591917,0.5648816809906136,0.5528255934000229,-4.06351205316835e-05,1.0225933761813253,1.0278172083087143,3.03753290661013e-06,0.7401790481380864,1.007563510987132,0.000671541566160222,0.4847757500362774,0.541931864291544,0.0001518729540510029,0.8291057466745442,0.535430747096424,-0.0007260907142730794,1.3135929894690779,0.995476588445648,-0.000805562535845159,24.0,0.0,0.09401006627366852,-1.4767283928870554,1.2214368120184196
1.064,0.0,0.0,1.3304658003212713,1.0718498668640244,-0.0006388416664000002,0.4492889043279159,0.4167801242175307,-7.133682819913806e-05,0.4930517486511505,0.4085672451011717,-0.00021160811444357428,1.4462629503722246,1.0507284820475895,-0.0009942557967631271,0.08500586115614409,0.40366599511476886,0.0007825831118480128,-0.14900003487314847,0.5694657766161442,0.0017936459045066774,1.551902496302761,1.0381237443450522,-0.0012858616400245088,0.7634411166010397,0.5582441436435245,-0.0005281612748786838,0.06306891018106672,0.5515473412584858,0.001211650324170259,0.5606869287361768,0.5528255934000229,-3.014021897647684e-05,1.0185747318094556,1.0278172083087143,1.3059580318472431e-05,0.7414312703069103,1.007563510987132,0.0006684611571226137,0.488383282126097,0.541931864291544,0.0001428902856381667,0.8323269808189829,0.535430747096424,-0.0007341874989453004,1.3094658729850963,0.995476588445648,-0.0007952910025585747,24.0,0.0,0.09400896539209765,-1.4799642681668717,1.223516456143367
1.066,0.0,0.0,1.3335390722684808,1.0718498668640244,-0.0006465398336431172,0.4532675068330788,0.4167801242175307,-8.127195027596304e-05,0.4928884418193353,0.4085672451011717,-0.00021121125887494695,1.4440699253487936,1.0507284820475895,-0.0009888361708115878,0.07939630978719743,0.40366599511476886,0.0007966503348965621,-0.14995869353318367,0.5694657766161442,0.0017961645287232317,1.5513242168145807,1.0381237443450522,-0.001284446879894272,0.7573627396446792,0.5582441436435245,-0.0005129924323937882,0.05929262705101856,0.5515473412584858,0.0012211960776935477,0.5564954390390671,0.5528255934000229,-1.965333834038463e-05,1.0145464335773244,1.0278172083087143,2.3106191248146723e-05,0.7427033605241866,1.007563510987132,0.0006653306017005542,0.492005217809951,0.541931864291544,0.00013387145541361763,0.8355305383118024,0.535430747096424,-0.0007422405843063973,1.3053206397272332,0.995476588445648,-0.0007849732113486208,24.0,0.0,0.09400786451052677,-1.483200143446688,1.2255961002683142
1.068,0.0,0.0,1.3366063611807866,1.0718498668640244,-0.000654223013511141,0.4572504719573978,0.4167801242175307,-9.121845653887031e-05,0.4927206700172606,0.4085672451011717,-0.00021080299179540893,1.4418516154941772,1.0507284820475895,-0.0009833536082530104,0.07380441003128513,0.40366599511476886,0.0008106742133189287,-0.15086860151284212,0.5694657766161442,0.0017985611753733198,1.5507334161604365,1.0381237443450522,-0.0012830011811738211,0.751273818744319,0.5582441436435245,-0.0004977964900028867,0.05555852438674221,0.5515473412584858,0.0012306367855186681,0.5523072652065828,0.5528255934000229,-9.17461409761039e-06,1.010508654552514,1.0278172083087143,3.317693682847456e-05,0.7439951267177132,1.007563510987132,0.0006621503761573633,0.4956414943929124,0.541931864291544,0.00012481661620398265,0.8387162236693201,0.535430747096424,-0.0007502494780384459,1.301157677295723,0.995476588445648,-0.0007746101282039631,24.0,0.0,0.0940067636289559,-1.4864360187265042,1.2276757443932615
1.07,0.0,0.0,1.33966767909196,1.0718498668640244,-0.0006618912357919055,0.46123760828081284,0.4167801242175307,-0.00010117586934966782,0.492548533284278,0.4085672451011717,-0.00021038356229022227,1.439607912097393,1.0507284820475895,-0.0009778078336164693,0.06823047485873235,0.40366599511476886,0.0008246539627087094,-0.1517298025490878,0.5694657766161442,0.0018008359453224657,1.5501299483604731,1.0381237443450522,-0.0012815241795384607,0.7451746515930882,0.5582441436435245,-0.00048257418775198626,0.05186676103115698,0.5515473412584858,0.0012399720421793592,0.548122459664601,0.5528255934000229,1.295820483600274e-06,1.0064615693106091,1.0278172083087143,4.327138439050082e-05,0.7453063752662459,1.007563510987132,0.0006589209606735469,0.49929204761359824,0.541931864291544,0.00011572592474657916,0.8418838428706986,0.535430747096424,-0.0007582136914322402,1.296977374462791,0.995476588445648,-0.0007642027221251874,24.0,0.0,0.09400566274738502,-1.4896718940063205,1.2297553885182089
1.072,0.0,0.0,1.3427230381445168,1.0718498668640244,-0.0006695445305698389,0.4652287240367959,0.4167801242175307,-0.00011114371015820537,0.4923721320545353,0.4085672451011717,-0.00020995322045776573,1.437338707947729,1.0507284820475895,-0.0009721985751245089,0.06267481641717078,0.40366599511476886,0.0008385888006400913,-0.15254234376322373,0.5694657766161442,0.00180298894791308,1.5495136671931955,1.0381237443450522,-0.0012800155100385524,0.7390655375417812,0.5582441436435245,-0.0004673262698739092,0.04821749247792634,0.5515473412584858,0.0012492014505683221,0.5439410739587628,0.5528255934000229,1.1757834338554652e-05,1.0024053539222244,1.0278172083087143,5.338909749526277e-05,0.7466369110174466,1.007563510987132,0.0006556428393022151,0.5029568116422475,0.541931864291544,0.00010659954169486452,0.845033203377121,0.535430747096424,-0.0007661327394356865,1.2927801211397658,0.995476588445648,-0.0007537519650428576,24.0,0.0,0.09400456186581414,-1.4929077692861368,1.2318350326431562
1.074,0.0,0.0,1.345772450579841,1.0718498668640244,-0.000677182928201231,0.4692236271306707,0.4167801242175307,-0.00012112149954816299,0.49219156714649004,0.4085672451011717,-0.00020951221738340896,1.4350438973575619,1.0507284820475895,-0.000966525564750349,0.057137746001140556,0.40366599511476886,0.0008524779467439953,-0.153306275654263,0.5694657766161442,0.00180502030094842,1.5488844262040593,1.0381237443450522,-0.0012784748071203583,0.7329467775814368,0.5582441436435245,-0.00045205348474564174,0.04461087086605019,0.5515473412584858,0.001258324621951399,0.5397631587558819,0.5528255934000229,2.2211298603150298e-05,0.9983401859397714,1.0278172083087143,6.352963596622464e-05,0.747986537305943,1.007563510987132,0.0006523164999242135,0.5066357190790578,0.541931864291544,9.743763162324143e-05,0.8481641141507815,0.535430747096424,-0.0007740061407017424,1.2885663083440813,0.995476588445648,-0.0007432588317352945,24.0,0.0,0.09400346098424327,-1.496143644565953,1.2339146767681035
1.076,0.0,0.0,1.348815928728329,1.0718498668640244,-0.0006848064592895414,0.4732221251579328,0.4167801242175307,-0.00013110875728284996,0.49200693975238796,0.4085672451011717,-0.00020906080511329584,1.4327233761851057,1.0507284820475895,-0.000960788538274931,0.05161957402175639,0.40366599511476886,0.0008663206227840707,-0.15402165209208546,0.5694657766161442,0.001806930130676018,1.5482420787143198,1.0381237443450522,-0.0012769017046475178,0.7268186743255539,0.5582441436435245,-0.00043675658484478074,0.04104704497471908,0.5515473412584858,0.001267341175981089,0.5355887638455787,0.5528255934000229,3.265608661035258e-05,0.9942662443839709,1.0278172083087143,7.369255592235725e-05,0.7493550559715009,1.007563510987132,0.0006489424342029723,0.5103287009527818,0.541931864291544,8.824036303121563e-05,0.8512763856736916,0.535430747096424,-0.0007818334176358938,1.2843363281661715,0.995476588445648,-0.0007327242997460831,24.0,0.0,0.09400236010267239,-1.4993795198457693,1.2359943208930508
1.078,0.0,0.0,1.3518534849995578,1.0718498668640244,-0.0006924151546607616,0.4772240254225679,0.4167801242175307,-0.00014110500235100533,0.4918183514277073,0.4085672451011717,-0.00020859923662804063,1.4303770418570845,1.0507284820475895,-0.0009549872353437905,0.046120609976443,0.40366599511476886,0.0008801160527325312,-0.15468853031038016,0.5694657766161442,0.001808718571770574,1.5475864778301396,1.0381237443450522,-0.0012752958359231693,0.7206815319919453,0.5582441436435245,-0.0004214363267050736,0.037526160218429826,0.5515473412584858,0.0012762507407094168,0.5314179381421377,0.5528255934000229,4.309207388611042e-05,0.9901837097301083,1.0278172083087143,8.387740981185831e-05,0.7507422673773055,1.007563510987132,0.0006455211375390777,0.5140356867195837,0.541931864291544,7.900790834690557e-05,0.854369829966296,0.535430747096424,-0.0007896140964431689,1.2800905737362627,0.995476588445648,-0.0007221493493013087,24.0,0.0,0.09400125922110152,-1.5026153951255856,1.2380739650179982
1.08,0.0,0.0,1.354885131872478,1.0718498668640244,-0.0007000090453388336,0.48122913495536424,0.4167801242175307,-0.00015110975301259308,0.4916259040805698,0.4085672451011717,-0.00020812776581633898,1.4280047933913205,1.0507284820475895,-0.0009491213995237375,0.04064116241874485,0.40366599511476886,0.0008938634628458146,-0.15530697089937254,0.5694657766161442,0.001810385767316311,1.5469174764519589,1.0381237443450522,-0.0012736568337127186,0.7145356563842276,0.5582441436435245,-0.000406093470871052,0.03404835864236177,0.5515473412584858,0.0012850529526001401,0.5272507296865896,0.5528255934000229,5.35191381447131e-05,0.9860927638940328,1.0278172083087143,9.408374644651496e-05,0.7521479704283522,1.007563510987132,0.000642053109024566,0.517756604262156,0.541931864291544,6.974044392990097e-05,0.8574442606059006,0.535430747096424,-0.0007973477071746798,1.2758294391910618,0.995476588445648,-0.0007115349632265366,24.0,0.0,0.09400015833953064,-1.505851270405402,1.2401536091429455
1.082,0.0,0.0,1.3579108818856358,1.0718498668640244,-0.0007075881625211339,0.48523726053221683,0.4167801242175307,-0.00016112252684458386,0.4914296999611194,0.4085672451011717,-0.00020764664744849518,1.425606531419234,1.0507284820475895,-0.0009431907783593274,0.03518153892821502,0.40366599511476886,0.0009075620817400601,-0.15587703779833653,0.5694657766161442,0.0018119318687887917,1.5462349272841307,1.0381237443450522,-0.0012719843302672668,0.7083813548729473,0.5582441436435245,-0.0003907287818517577,0.030613778918012948,0.5515473412584858,0.0012937474565403102,0.5230871856490185,0.5528255934000229,6.393715928358329e-05,0.9819935902179022,1.0278172083087143,0.00010431111103670371,0.7535719625899433,1.007563510987132,0.0006385388513969493,0.5214913798890991,0.541931864291544,6.04381500734702e-05,0.860499492744909,0.535430747096424,-0.0008050337837736915,1.2715533196403477,0.995476588445648,-0.0007008821268635345,24.0,0.0,0.09399905745795976,-1.5090871456852182,1.2422332532678928
1.084,0.0,0.0,1.3609307476274266,1.0718498668640244,-0.0007151525375540286,0.48924820869242025,0.4167801242175307,-0.00017114284078671537,0.4912298416508697,0.4085672451011717,-0.00020715613714986924,1.4231821582082462,1.0507284820475895,-0.0009371951234291115,0.029742046080388038,0.40366599511476886,0.0009212111404663846,-0.15639879828789088,0.5694657766161442,0.0018133570360362016,1.5455386828448232,1.0381237443450522,-0.0012702779573476963,0.7022189363763436,0.5582441436435245,-0.00037534302807355703,0.02722255633909539,0.5515473412584858,0.0013023339058511822,0.5189273523310931,0.5528255934000229,7.434601937751112e-05,0.9778863734556731,1.0278172083087143,0.00011455904522703009,0.7550140399062906,1.007563510987132,0.0006349788709929716,0.5252399383345613,0.541931864291544,5.110121100611237e-05,0.8635353431288649,0.535430747096424,-0.0008126718641212125,1.2672626111334646,0.995476588445648,-0.0006901918279867492,24.0,0.0,0.09399795657638889,-1.5123230209650345,1.2443128973928401
1.086,0.0,0.0,1.363944741726381,1.0718498668640244,-0.0007227022019085055,0.4932617857569461,0.4167801242175307,-0.0001811702111872239,0.49102643205202035,0.4085672451011717,-0.00020665649137424497,1.4207315776840785,1.0507284820475895,-0.0009311341904016418,0.024322989416841585,0.40366599511476886,0.000934809872585952,-0.1568723229820794,0.5694657766161442,0.001814661437260088,1.5448285954761913,1.0381237443450522,-0.0012685373462494277,0.6960487113407462,0.5582441436435245,-0.0003599369818320478,0.02387482281768876,0.5515473412584858,0.001310811962298476,0.5147712751688232,0.5528255934000229,8.474560267232451e-05,0.9737712997583373,1.0278172083087143,0.00012482708713260293,0.7564739970192221,1.007563510987132,0.0006313736777021034,0.5290022027581416,0.541931864291544,4.172981489245692e-05,0.8665516301143015,0.535430747096424,-0.0008202614900811023,1.2629577106257233,0.995476588445648,-0.0006794650567195415,24.0,0.0,0.09399685569481801,-1.5155588962448507,1.2463925415177874
1.088,0.0,0.0,1.3669528768414883,1.0718498668640244,-0.0007302371871558916,0.49727779784670345,0.4167801242175307,-0.00019120415384853859,0.4908195743767445,0.4085672451011717,-0.0002061479673771216,1.418254695452944,1.0507284820475895,-0.0009250077390912226,0.018924673415351485,0.40366599511476886,0.0009483575142448182,-0.15729768582023448,0.5694657766161442,0.001815845248995559,1.54410451735482,1.0381237443450522,-0.001266762127827848,0.6898709917206094,0.5582441436435245,-0.0003445114192430543,0.02057070688065155,0.5515473412584858,0.0013191812961019928,0.5106189987355391,0.5528255934000229,9.51357955779994e-05,0.9696485566589066,1.0278172083087143,0.00013511477137594235,0.757951627186991,1.007563510987132,0.0006277237849197745,0.5327780947450551,0.541931864291544,3.232415383350617e-05,0.8695481736863934,0.535430747096424,-0.0008278022075446937,1.2586390159447105,0.995476588445648,-0.0006687028054501882,24.0,0.0,0.09399575481324714,-1.518794771524667,1.2484721856427348
1.09,0.0,0.0,1.3699551656525577,1.0718498668640244,-0.0007377575249436596,0.5012960509007774,0.4167801242175307,-0.00020124418407293192,0.4906093721364471,0.4085672451011717,-0.000205630823188932,1.4157514188236215,1.0507284820475895,-0.0009188155335133863,0.013547401460144805,0.40366599511476886,0.0009618533042485435,-0.15767496405862375,0.5694657766161442,0.0018169086560909467,1.5433663005024407,1.0381237443450522,-0.0012649519325244197,0.6836860909581824,0.5582441436435245,-0.0003290671201927123,0.01731033366628895,0.5515473412584858,0.0013274415859445858,0.5064705667450964,0.5528255934000229,0.0001055164866612096,0.9655183330571446,1.0278172083087143,0.00014542162912451918,0.7594467223031851,1.007563510987132,0.0006240297095003523,0.5365675343065609,0.541931864291544,2.288442386622236e-05,0.8725247954764119,0.535430747096424,-0.0008352935664749234,1.254306925756511,0.995476588445648,-0.0006579060687476562,24.0,0.0,0.09399465393167626,-1.5220306468044833,1.250551829767682
1.092,0.0,0.0,1.3729516208506225,1.0718498668640244,-0.0007452632469713333,0.5053163506946452,0.4167801242175307,-0.00021128981670811688,0.49039592913099544,0.4085672451011717,-0.00020510531758818854,1.4132216568294083,1.0507284820475895,-0.0009125573419400801,0.008191475812255485,0.40366599511476886,0.0009752964841365601,-0.15800423826187907,0.5694657766161442,0.0018178518516869197,1.5426137967969231,1.0381237443450522,-0.0012631063903934714,0.6774943239628165,0.5582441436435245,-0.00031360486828664494,0.014093824921276588,0.5515473412584858,0.001335592518980492,0.5023260220553035,0.5528255934000229,0.00011588756663731632,0.9613808192040495,1.0278172083087143,0.00015574718812892409,0.760959072915736,1.007563510987132,0.0006202919717098671,0.5403704398806525,0.541931864291544,1.3410824962457879e-05,0.8754813187789805,0.535430747096424,-0.0008427351209499698,1.249961839531843,0.995476588445648,-0.0006470758432771573,24.0,0.0,0.09399355305010539,-1.5252665220842996,1.2526314738926294
1.094,0.0,0.0,1.3759422551283869,1.0718498668640244,-0.0007527543849664953,0.5093385028583637,0.4167801242175307,-0.00022134056619278628,0.49017934943792296,0.4085672451011717,-0.00020457171007455936,1.4106653202499428,1.0507284820475895,-0.0009062329369545469,0.0028571975799869557,0.40366599511476886,0.0009886862982562835,-0.1582855922942077,0.5694657766161442,0.001818675037195058,1.5418468579835436,1.0381237443450522,-0.0012612251311296774,0.6712960070899081,0.5582441436435245,-0.00029812545079823007,0.01092129899783923,0.5515473412584858,0.001343633790843023,0.4981854066715727,0.5528255934000229,0.00012624892836179846,0.9572362066860861,1.0278172083087143,0.00016609097276166192,0.762488468246026,1.007563510987132,0.00061651109517849,0.5441867283330113,0.541931864291544,3.9035610272289415e-06,0.8784175685691302,0.535430747096424,-0.0008501264292063912,1.2456041575121135,0.995476588445648,-0.0006362131277154875,24.0,0.0,0.09399245216853451,-1.5285023973641159,1.2547111180175767
1.096,0.0,0.0,1.3789270811707193,1.0718498668640244,-0.0007602309706609062,0.5133623128947282,0.4167801242175307,-0.0002313959466020825,0.489959737401607,0.4085672451011717,-0.00020403026084187814,1.4080823216328935,1.0507284820475895,-0.0008998420955058833,-0.002455133310513907,0.40366599511476886,0.0010020219938369546,-0.15851911331038482,0.5694657766161442,0.0018193784222758796,1.5410653356865316,1.0381237443450522,-0.0012593077840962286,0.665091458119481,0.5582441436435245,-0.0002826296586159591,0.007792870851183549,0.5515473412584858,0.0013515651056516165,0.4940487617507932,0.5528255934000229,0.00013660046682112555,0.9530846884091706,1.0278172083087143,0.00017645250405657037,0.764034696208092,1.007563510987132,0.0006126876068527648,0.5480163149582228,0.541931864291544,-5.637160103668104e-06,0.8813333715191527,0.535430747096424,-0.0008574670536817655,1.2412342806753915,0.995476588445648,-0.0006253189226661638,24.0,0.0,0.09399135128696363,-1.5317382726439321,1.256790762142524
1.098,0.0,0.0,1.381906111645196,1.0718498668640244,-0.0007676930357667372,0.5173875861973978,0.4167801242175307,-0.00024145547169299384,0.48973719762242135,0.4085672451011717,-0.00020348123075108817,1.4054725753155044,1.0507284820475895,-0.00089338459896326,-0.007745218144567187,0.40366599511476886,0.0010153028210632068,-0.15870489174652724,0.5694657766161442,0.0018199622248163225,1.5402690814208968,1.0381237443450522,-0.0012573539783536985,0.6588809962344062,0.5582441436435245,-0.00026711828618989134,0.004708652037184045,0.5515473412584858,0.0013593861760182557,0.489916127605427,0.5528255934000229,0.00014694207912307425,0.9489264585824077,1.0278172083087143,0.00018683129974885916,0.7655975434279224,1.007563510987132,0.0006088220369476,0.551859113481255,0.541931864291544,-1.5211126666696828e-05,0.8842285560152506,0.535430747096424,-0.0008647565610568217,1.236852610702306,0.995476588445648,-0.0006143942305743589,24.0,0.0,0.09399025040539276,-1.5349741479237484,1.2588704062674714
1.1,0.0,0.0,1.3848793591926953,1.0718498668640244,-0.0007751406119529292,0.5214141280689845,0.4167801242175307,-0.00025151865494966774,0.4895118349458652,0.4085672451011717,-0.00020292488130312412,1.402835997445994,1.0507284820475895,-0.0008868602331697872,-0.013012759448150522,0.40366599511476886,0.00102852803314834,-0.1588430213106474,0.5694657766161442,0.0018204266709066785,1.5394579466045353,1.0381237443450522,-0.0012553633426896115,0.6526649419982615,0.5582441436435245,-0.0002515921314772043,0.0016687507103211982,0.5515473412584858,0.0013670967230532544,0.48578754370782523,0.5528255934000229,0.00015727366448648971,0.9447617127015825,1.0278172083087143,0.0001972268743157665,0.7671767952628499,1.007563510987132,0.0006049149188980238,0.5557150360591998,0.541931864291544,-2.481812297427749e-05,0.8871029521739828,0.535430747096424,-0.0008719945222970666,1.2324595499418691,0.995476588445648,-0.0006034400556416447,24.0,0.0,0.09398914952382188,-1.5382100232035647,1.2609500503924187
