t,ncon,contact_force_total,q_joint_0,qref_joint_0,tau_joint_0,q_joint_6,qref_joint_6,tau_joint_6,q_joint_7,qref_joint_7,tau_joint_7,q_joint_1,qref_joint_1,tau_joint_1,q_joint_8,qref_joint_8,tau_joint_8,q_joint_9,qref_joint_9,tau_joint_9,q_joint_2,qref_joint_2,tau_joint_2,q_joint_10,qref_joint_10,tau_joint_10,q_joint_11,qref_joint_11,tau_joint_11,q_joint_3,qref_joint_3,tau_joint_3,q_joint_12,qref_joint_12,tau_joint_12,q_joint_13,qref_joint_13,tau_joint_13,q_joint_4,qref_joint_4,tau_joint_4,q_joint_5,qref_joint_5,tau_joint_5,q_joint_14,qref_joint_14,tau_joint_14,input_sigma_close,input_sigma_diff,object_fixed_horizontal_cylinder_radius2p5_x,object_fixed_horizontal_cylinder_radius2p5_y,object_fixed_horizontal_cylinder_radius2p5_z
0.0,38.0,456.9699785543979,0.0,0.0,0.0,0.0,0.0,0.0,0.0,0.0,0.0,0.0,0.0,0.0,0.0,0.0,0.0,0.0,0.0,0.0,0.0,0.0,0.0,0.0,0.0,0.0,0.0,0.0,0.0,0.0,0.0,0.0,0.0,0.0,0.0,0.0,0.0,0.0,0.0,0.0,0.0,0.0,0.0,0.0,0.0,0.0,0.0,0.0,0.0,0.075,0.17,0.045
0.002,36.0,376.1539627308165,0.006811501011873151,0.0,0.0,-0.0052211471750318525,0.0,0.0,-0.0007951769184206517,0.0,0.0,0.006809399753331577,0.0,0.0,-0.005219536521162052,0.0,0.0,-0.0007949316160847678,0.0,0.0,0.006782183288069974,0.0,0.0,-0.005198674601386686,0.0,0.0,-0.0007917543433416522,0.0,0.0,0.006770472642085127,0.0,0.0,-0.005189698177953083,0.0,0.0,-0.0007903872320660266,0.0,0.0,0.0,0.0,0.0,0.0,0.0,0.0,0.0,0.0,0.0,0.0,0.0,0.075,0.17,0.045
0.004,36.0,323.59534021025644,0.025530758108268173,-0.0027153529960555287,-5.716112404757208e-05,-0.019569366863744435,-0.0010558429813510779,2.4991825162084645e-05,-0.002980713611769566,-0.0010350370209229684,-1.4391606150139001e-06,0.02554185856844158,-0.002661845487853893,-5.6827471447112824e-05,-0.01957786287745429,-0.0010226205209574145,2.5181496001227827e-05,-0.0029820464241200103,-0.001442646634094232,-3.8862901080567864e-06,0.025445711114437098,-0.002629913485674132,-5.6472580642464635e-05,-0.01950418960780021,-0.001414218497230262,2.270673662493854e-05,-0.002970806165737556,-0.0013972532645214974,-3.632993527079071e-06,0.025421499316680616,-0.001400491503280058,-4.902578487219111e-05,-0.019485664345125005,-0.002603803594382076,1.5515367501426043e-05,-0.0029680496438025017,-0.002552494227834068,-1.0572641974608247e-05,-1.6517228426852952e-09,-0.0013728940562052448,-8.237364337231469e-06,-3.781721553877532e-09,-0.0013564245593109408,-8.138547355865645e-06,-1.8642382960639175e-07,-0.002521874024062308,-1.5131244144373849e-05,-0.0608,0.0,0.075,0.17,0.045
0.006,35.0,288.75525983814435,0.05404136529705861,-0.0054307059921110575,-0.00018576878460227538,-0.04141990696676737,-0.0021116859627021557,0.00010474608540625367,-0.006310714835700953,-0.0020700740418459367,5.4638374195417746e-06,0.05410872829696297,-0.005323690975707786,-0.00018519329726489618,-0.04147147098049905,-0.002045241041914829,0.00010519573101323677,-0.00631876713762434,-0.002885293268188464,5.805189355892765e-07,0.05400516956974962,-0.005259826971348264,-0.00018423322851471218,-0.041392221067091305,-0.002828436994460524,0.00010005451568003813,-0.0063065972661137185,-0.0027945065290429947,1.0577978201673673e-06,0.05397264308771271,-0.002800983006560116,-0.0001693348939394444,-0.04168016800186315,-0.005207607188764152,8.566834293816511e-05,-0.006146794287409742,-0.005104988455668136,-1.2821632871193803e-05,-8.259594671738e-09,-0.0027457881124104896,-1.6474718764125883e-05,-1.89125838159638e-08,-0.0027128491186218817,-1.6277072021401965e-05,-9.321026879922943e-07,-0.005043748048124616,-3.026136974577006e-05,-0.1216,0.0,0.075,0.17,0.045
0.008,35.0,286.5515333112159,0.0908098619960123,-0.008146058988166586,-0.0003731245457113512,-0.06959088678859843,-0.0031675289440532333,0.0002295142681362848,-0.010609132237059194,-0.003105111062768905,1.923362263759229e-05,0.09101891935503456,-0.00798553646356168,-0.0003725655885631479,-0.06975088152657519,-0.0030678615628722435,0.00023042165650576088,-0.01063409072585874,-0.004327939902282696,1.1944963412049865e-05,0.09097367936220123,-0.007889740457022397,-0.0003713694601606321,-0.06971655464263937,-0.004242655491690786,0.00022289739345240312,-0.010628591141647737,-0.0041917597935644925,1.2689024835295357e-05,0.09090758106443383,-0.004201474509840175,-0.00034904470558531735,-0.07029171260876453,-0.007811410783146228,0.00020321254331230157,-0.010309189130820476,-0.007657482683502204,-9.064130376554769e-06,-2.313196347029505e-08,-0.0041186821686157345,-2.471204345412638e-05,-5.297590947688096e-08,-0.004069273677932823,-2.441552859209404e-05,-2.6098019357285753e-06,-0.007565622072186925,-4.5388139816993595e-05,-0.1824,0.0,0.075,0.17,0.045
0.01,33.0,312.7048009907919,0.13517224428252025,-0.010861411984222115,-0.0006100276438814066,-0.10356105691103687,-0.004223371925404311,0.0003922050891791647,-0.0158041716877964,-0.0041401480836918735,3.8813904920203924e-05,0.13541117907019767,-0.010647381951415572,-0.0006099978078387008,-0.10374361156294584,-0.004090482083829658,0.00039396239665647316,-0.01583327482263478,-0.005770586536376928,2.918102513689087e-05,0.13543642391212882,-0.010519653942696529,-0.0006089599998293866,-0.10376363993354842,-0.005656873988921048,0.00038435808392231,-0.015835789957072542,-0.0055890130580859895,3.0237468501370483e-05,0.13528552379941414,-0.005601966013120232,-0.0005790572824653244,-0.10458682866772463,-0.010415214377528305,0.00035925898938741737,-0.015351406488044693,-0.010209976911336271,5.95273316905228e-07,-4.9585020931433385e-08,-0.005491576224820979,-3.294931855714505e-05,-1.135868250498499e-07,-0.005425698237243763,-3.255387156800572e-05,-5.592155263963472e-06,-0.010087496096249232,-6.0509317765881025e-05,-0.2432,0.0,0.075,0.17,0.045
0.012,36.0,410.38245845123635,0.18693638763742126,-0.013576764980277642,-0.0008924940555767873,-0.14316260509206388,-0.005279214906755389,0.0005896910520256889,-0.021883120295630606,-0.005175185104614842,6.377391949908934e-05,0.18712198468302418,-0.013309227439269466,-0.0008923224390568028,-0.14330383055387816,-0.005113102604787072,0.0005917830537489526,-0.021906976125023563,-0.00721323317047116,5.172024991298172e-05,0.18711481543756553,-0.013149567428370661,-0.0008915159480429969,-0.14329959059884215,-0.0070710924861513095,0.0005801552846843827,-0.02190533789043073,-0.006986266322607487,5.309714180679033e-05,0.18698161974765623,-0.007002457516400291,-0.0008537278878948866,-0.14444923055683895,-0.01301901797191038,0.0005494068641748855,-0.02126885592575506,-0.01276247113917034,1.5533612093246123e-05,-9.094672440305138e-08,-0.006864470281026224,-4.118652417603176e-05,-2.08408153357521e-07,-0.006782122796554704,-4.069205525837793e-05,-1.025159888227786e-05,-0.01260937012031154,-7.562266779028546e-05,-0.304,0.0,0.075,0.17,0.045
0.014,32.0,729.2265666576857,0.24686500996201866,-0.016292117976333172,-0.0012193710336825267,-0.1889465365835039,-0.006335057888106467,0.0008209652832237446,-0.028951144091750005,-0.00621022212553781,9.403738902055677e-05,0.2469519477263663,-0.01597107292712336,-0.0012185583456608853,-0.18901165672303633,-0.006135723125744487,0.000823008644568802,-0.028964812218209277,-0.008655879804565392,7.950657792274903e-05,0.24702272294253308,-0.015779480914044793,-0.001217365778109662,-0.18906778512229103,-0.008485310983381572,0.0008088856776927635,-0.028971844033831413,-0.008383519587128985,8.113090981981046e-05,0.2468281088981879,-0.00840294901968035,-0.0011723074126040196,-0.19048300379103086,-0.015622821566292456,0.0007729584539432789,-0.02817517558012836,-0.015314965367004408,3.572334335250391e-05,-1.5056071895648652e-07,-0.008237364337231469,-4.9423640343042396e-05,-3.451662930212812e-07,-0.008138547355865645,-4.8830033686273726e-05,-1.696030573766373e-05,-0.01513124414437385,-9.072595527294943e-05,-0.3648,0.0,0.075,0.17,0.045
0.016,35.0,2328.487887405152,0.31817270792445806,-0.0190074709723887,-0.0015952348856064441,-0.24331425124411227,-0.007390900869457544,0.0010893338142842783,-0.03741401071347258,-0.007245259146460778,0.00013023530967173536,0.318142172074966,-0.018632918414977252,-0.0015935091968480614,-0.24328901962736868,-0.0071583436467019005,0.0010911198784580066,-0.03741560179277917,-0.010098526438659624,0.0001131977146772979,0.31818762222149377,-0.018409394399718924,-0.0015925927040535122,-0.2433267600644199,-0.009899529480611834,0.001075009533850075,-0.03741900238817727,-0.009780772851650481,0.0001151464270930856,0.3181221215109939,-0.009803440522960406,-0.0015397892965268898,-0.24515221658125527,-0.018226625160674532,0.001033538271782138,-0.03648631756713176,-0.017867459594838472,6.184629591173932e-05,-2.31790259627771e-07,-0.009610258393436714,-5.766064699630655e-05,-5.316670797577462e-07,-0.009494971915176585,-5.696776049330138e-05,-2.6090119777068576e-05,-0.017653118168436156,-0.00010581694717619096,-0.4256,0.0,0.075,0.17,0.045
0.018000000000000002,32.0,879282.6636971644,0.4149086646953706,-0.02172282396844423,-0.0020393731913574136,-0.3168538300052922,-0.008446743850808623,0.001409205044359822,-0.04900126171918405,-0.008280296167383747,0.000174802287276533,0.41491205631947037,-0.021294763902831144,-0.0020366216158667827,-0.31685372256470934,-0.008180964167659316,0.0014106483327582563,-0.04900919574520981,-0.011541173072753857,0.00015524657232015188,0.4145804432756648,-0.021039307885393058,-0.002035361580641321,-0.31660596803199437,-0.011313747977842096,0.0013920780725194667,-0.04896659771384641,-0.011178026116171979,0.00015744585763203172,0.414837378875353,-0.011203932026240464,-0.0019759563212234064,-0.3189853988092075,-0.02083042875505661,0.0013459307269571919,-0.04792411915506809,-0.020419953822672542,9.639818246675532e-05,-3.380221338797656e-07,-0.010983152449641959,-6.589752395629398e-05,-7.758116242912731e-07,-0.010851396474487527,-6.510518884444661e-05,-3.8012490265941025e-05,-0.020174992192498464,-0.00012089341243632837,-0.4864,0.0,0.075,0.17,0.045
0.02,26.0,7.937554733948018e+17,0.6385235124895418,-0.024438176964499757,-0.002636081049959222,-0.4854396965982143,-0.009502586832159701,0.001844107459038795,-0.07649965284742304,-0.009315333188306716,0.00023811557118526402,0.669021667597391,-0.02395660939068504,-0.0026332119942609326,-0.5081720579426551,-0.00920358468861673,0.001845900827256556,-0.08039119450868915,-0.01298381970684809,0.00021615225623017033,0.6466094659356375,-0.02366922137106719,-0.002629497987880392,-0.4914871825280954,-0.012727966475072358,0.0018232680093415322,-0.07752659315605773,-0.012575279380693478,0.0002183479099989176,0.6684984477259452,-0.012604423529520523,-0.002564650814429241,-0.5102611503075978,-0.023434232349438686,0.0017733069987586128,-0.0791104654982883,-0.022972448050506612,0.00014971002662736888,-4.7267058433253376e-07,-0.012356046505847203,-7.413425090227994e-05,-1.0856121216968316e-06,-0.012207821033798468,-7.324227133304506e-05,-5.309840617520329e-05,-0.022696866216560776,-0.000135953122357769,-0.5472,0.0,0.075,0.17,0.045
0.022,17.0,8.61235995330606e+17,0.8275331044196452,-0.027153529960555284,-0.003994062254700582,-0.6253896442541009,-0.010558429813510777,0.002849287600708221,-0.10100543787130813,-0.010350370209229683,0.0003968956958291601,0.8824968676367595,-0.026618454878538932,-0.00417384073485558,-0.6655481969839688,-0.010226205209574145,0.002987675116398486,-0.1084194365633929,-0.01442646634094232,0.00039578836900648097,0.8424815940368093,-0.026299134856741322,-0.004037451604754273,-0.6363661362866498,-0.014142184972302619,0.002864069985334757,-0.1030017757842286,-0.013972532645214975,0.00038132436306505653,0.8817150858971361,-0.014004915032800581,-0.0040950201765524745,-0.6677430171547369,-0.02603803594382076,0.0029053386861826623,-0.10696564853785898,-0.02552494227834068,0.0003215131393196858,-6.391812318082198e-07,-0.013728940562052448,-8.23708073488087e-05,-1.4692076269944541e-06,-0.013564245593109408,-8.137895988592627e-05,-7.171833064906377e-05,-0.02521874024062308,-0.00015099385100668727,-0.608,0.0,0.075,0.17,0.045
0.024,14.0,6.363377871787382e+17,0.9952465212412621,-0.02986888295661081,-0.005144411924257537,-0.7472517268831099,-0.011614272794861854,0.0036826522287554345,-0.12389538515589282,-0.01138540723015265,0.0005377201838469329,1.0713699004567632,-0.029280300366392824,-0.005470663008018914,-0.8016973666344168,-0.011248825730531558,0.0039257962275206235,-0.1347481910749655,-0.015869112975036553,0.000555301941530138,1.0161882190544393,-0.028929048342415453,-0.005228463854275349,-0.7623310936360749,-0.01555640346953288,0.003724858396902702,-0.12683986612141432,-0.01536978590973647,0.0005257919392469528,1.0703733018481412,-0.015405406536080638,-0.005382722954599301,-0.8040334034548667,-0.028641839538202835,0.0038346070656992046,-0.1331274252106976,-0.028077436506174745,0.00047332927219010534,-8.410349987353761e-07,-0.015101834618257693,-9.060717262215532e-05,-1.9348797918247263e-06,-0.014920670152420348,-8.951520566876013e-05,-9.424213556606851e-05,-0.02774061426468539,-0.00016601337560421796,-0.6688,0.0,0.075,0.17,0.045
0.026000000000000002,14.0,5.814273947972997e+17,1.1491046739675959,-0.032584235952666345,-0.006166984543163571,-0.856789758469347,-0.012670115776212933,0.004407489666641382,-0.14600464379135603,-0.01242044425107562,0.0006688496454289033,1.2429125122527116,-0.03194214585424672,-0.00661987227786606,-0.9223616888135651,-0.012271446251488974,0.004736555522297567,-0.16013840980353122,-0.017311759609130783,0.0007046185887950083,1.1750950203253125,-0.031558961828089586,-0.0062864830852951735,-0.8751142454002339,-0.016970621966763143,0.00447216283001587,-0.14985411951659308,-0.01676703917425797,0.0006604369616829382,1.2417360480853623,-0.0168058980393607,-0.006523075199325011,-0.9248687699191214,-0.031245643132584912,0.004636726561933691,-0.15835537301659366,-0.030629930734008815,0.0006149849668601327,-1.0817520329561482e-06,-0.016474728674462938,-9.884332583678522e-05,-2.4910685570444094e-06,-0.01627709471173129,-9.76509589916368e-05,-0.00012103903620577308,-0.0302624882887477,-0.0001810094769190898,-0.7296,0.0,0.075,0.17,0.045
0.028,15.0,5.7407588557560794e+17,1.2925153061364711,-0.03529958894872187,-0.0071064255774979075,-0.956692874811203,-0.013725958757564011,0.005058382798270698,-0.16768929796252374,-0.013455481271998589,0.0007952949751161447,1.4012097458935573,-0.03460399134210061,-0.007665099021568873,-1.0308466916796002,-0.013294066772446388,0.005454405732246712,-0.18497618757847523,-0.018754406243225018,0.0008483040213618372,1.322709321346009,-0.03418887531376372,-0.007255703373834458,-0.9775089353032982,-0.018384840463993406,0.0051403764296174435,-0.17239822151817893,-0.018164292438779466,0.0007901389624668818,1.399879418829625,-0.018206389542640755,-0.007559654625768019,-1.0335480114122615,-0.033849446726966985,0.005346115939152927,-0.1830346202783779,-0.03318242496184288,0.0007510376883285047,-1.364895631977976e-06,-0.017847622730668183,-0.00010707924587181136,-3.1463877960922684e-06,-0.01763351927104223,-0.0001057861692149111,-0.00015247752603339697,-0.032784362312810005,-0.0001959799396596254,-0.7904,0.0,0.075,0.17,0.045
0.03,13.0,4.6842448005787155e+17,1.4284468806436685,-0.0380149419447774,-0.007983181488487492,-1.049263072368273,-0.014781801738915088,0.005651466438433728,-0.18927945159958137,-0.014490518292921556,0.0009191926780176132,1.550089469613546,-0.037265836829954505,-0.008630853496341072,-1.1301641065328147,-0.014316687293403801,0.0060991800263171785,-0.2096660421640314,-0.02019705287731925,0.000988674808206936,1.4623412298760927,-0.03681878879943785,-0.00815716866087268,-1.0720877069897679,-0.019799058961223668,0.005746259258052447,-0.19483774689503883,-0.019561545703300962,0.0009170200548892679,1.5486426609692998,-0.019606881045920812,-0.008516917799253275,-1.1330900688797725,-0.036453250321349065,0.005982568566545474,-0.20757195980199714,-0.035734919189676945,0.0008837982065322058,-1.6940761677094937e-06,-0.019220516786873428,-0.00011531491134744869,-3.90964090398753e-06,-0.01898994383035317,-0.00011392078465534247,-0.00018892531161480056,-0.03530623633687231,-0.0002109225528650335,-0.8512,0.0,0.075,0.17,0.045
0.032,15.0,5.126572736221208e+17,1.5593380972693252,-0.040730294940832926,-0.00881506305350701,-1.1363427207367778,-0.015837644720266164,0.006200552565888041,-0.2110701794394545,-0.015525555313844523,0.001042523377714421,1.691133198359303,-0.0399276823178084,-0.009540102911588126,-1.2216491065008153,-0.015339307814361216,0.006688948792310721,-0.2343276462942771,-0.02163969951141348,0.0011281580559157076,1.5962412187929529,-0.03944870228511198,-0.009010739592967228,-1.1605807595879774,-0.021213277458453927,0.006305246577187884,-0.21742966833763633,-0.020958798967822462,0.0010432736875632981,1.6895880157796697,-0.02100737254920087,-0.009417900201111004,-1.224816313947564,-0.03905705391573114,0.006564198089784248,-0.23208451804226302,-0.03828741341751101,0.0010157072783069168,-2.0729550117181275e-06,-0.020593410843078672,-0.00012355030060146578,-4.789836326837121e-06,-0.02034636838966411,-0.00012205475249256074,-0.00023074924767410031,-0.03782811036093462,-0.0002258351102959189,-0.9119999999999999,0.0,0.075,0.17,0.045
0.034,14.0,4.628745110545523e+17,1.6857466032050517,-0.04344564793688846,-0.009616702471237283,-1.2184070859239726,-0.016893487701617246,0.006716695398210964,-0.23309957376376325,-0.016560592334767494,0.001167057522628122,1.8246109527887056,-0.04258952780566229,-0.010402336356989792,-1.3057106194027222,-0.016361928335318632,0.0072317230689929795,-0.2588880614261824,-0.023082346145507714,0.0012674718008926164,1.7248428727765872,-0.042078615770786115,-0.009829919007382434,-1.2434082686544443,-0.022627495955684192,0.0068277195817937585,-0.24017752263718978,-0.022356052232343958,0.0011704416966317542,1.823040083014061,-0.02240786405248093,-0.010271975278992904,-1.3091723621855436,-0.04166085751011322,0.007098932738624705,-0.25650849122268704,-0.040839907645345085,0.0011474676623815076,-2.5052484610444825e-06,-0.021966304899283917,-0.0001317853916656332,-5.796203026742906e-06,-0.021702792948975053,-0.0001301880186758893,-0.00027831527230621133,-0.04034998438499693,-0.00024071541082393698,-0.9728,0.0,0.075,0.17,0.045
0.036000000000000004,15.0,4.860145703364793e+17,1.8073796984276378,-0.04616100093294399,-0.010391445624827975,-1.295355013353685,-0.017949330682968324,0.0072027465314460255,-0.2552687305953796,-0.01759562935569046,0.001293023666448437,1.9502824133906032,-0.04525137329351619,-0.011219173956493331,-1.3824266533228162,-0.017384548856276046,0.0077299564232786765,-0.2831846485075819,-0.024524992779601948,0.001406178411879483,1.8478652698949798,-0.04470852925646025,-0.010617308412198285,-1.320513765360589,-0.024041714452914455,0.00731619932520918,-0.26296589234679013,-0.023753305496865457,0.0012985453028419459,1.9487387191456835,-0.02380835555576099,-0.011081090631418931,-1.3862214926067626,-0.0442646611044953,0.00758944620648629,-0.280678880707626,-0.04339240187317916,0.0012786965360970474,-2.994731664605997e-06,-0.023339198955489165,-0.00014002016224216873,-6.938205877016573e-06,-0.023059217508285997,-0.00013832052783155553,-0.0003319883423565765,-0.042871858409059244,-0.0002555612588205182,-1.0336,0.0,0.075,0.17,0.045
0.038,16.0,6.142162253457324e+17,1.9236899147538753,-0.048876353928999514,-0.011137536314139825,-1.3669449305034038,-0.019005173664319402,0.0076580990381361945,-0.2774215424681714,-0.018630666376613432,0.0014198283853125969,2.067719254219229,-0.04791321878137008,-0.011989173793031839,-1.4517726121673062,-0.01840716937723346,0.008184116903673497,-0.3070120947343171,-0.02596763941369618,0.0015433020545633145,1.9647740334542103,-0.04733844274213438,-0.011371222275822686,-1.391700615245081,-0.025455932950144717,0.007770346994462666,-0.2856227007213313,-0.025150558761386957,0.0014268920015124192,2.0663194225308477,-0.025208847059041046,-0.011843685397228347,-1.4559803009281984,-0.04686846469887737,0.008036118167447313,-0.3044018761136807,-0.045944896101013225,0.0014084039076396767,-3.5452425502195064e-06,-0.024712093011694407,-0.0001482545896801788,-8.225560982627613e-06,-0.024415642067596936,-0.0001464522231703195,-0.00039213236898031083,-0.04539373243312155,-0.00027037046454458984,-1.0944,0.0,0.075,0.17,0.045
0.04,17.0,6.999584304036805e+17,2.0340193490981897,-0.05159170692505504,-0.011851689730073584,-1.4328960799690975,-0.020061016645670476,0.0080813034831464,-0.29936626764926755,-0.0196657033975364,0.0015465350344238103,2.169436212497352,-0.05057506426922397,-0.01270976591093072,-1.509148165185606,-0.019429789898190875,0.008594056933614693,-0.32892454118756226,-0.02741028604779041,0.0016776108521191603,2.073993056031127,-0.049968356227808514,-0.012088454338092112,-1.4561182372499177,-0.026870151447374976,0.008188982782786236,-0.307781985777872,-0.026547812025908453,0.001554449332172537,2.1682095039705307,-0.026609338562321103,-0.012557572566559013,-1.513792224029803,-0.049472268293259444,0.008439048195809635,-0.326216205271631,-0.04849739032884729,0.0015354269147090003,-4.1606857522693165e-06,-0.02608498706789965,-0.0001564886509520966,-9.668250920828955e-06,-0.025772066626907876,-0.00015458304639555148,-0.00045911015339295447,-0.04791560645718385,-0.00028514084452922127,-1.1552,0.0,0.075,0.17,0.045
0.042,14.0,6.143488870241876e+17,2.1325633610090136,-0.05430705992111057,-0.012529958454115801,-1.4895941717376073,-0.021116859627021554,0.008470675322052456,-0.32000457885973776,-0.020700740418459367,0.0016719931633848491,2.2518416747557986,-0.053236909757077865,-0.013336038733526578,-1.5527240094749775,-0.02045241041914829,0.008932174528598746,-0.34803761848914416,-0.02885293268188464,0.0018004296510340657,2.167802942677788,-0.052598269713482644,-0.012759547954467659,-1.5089824964248115,-0.028284369944605238,0.008567003203831875,-0.32797296589856756,-0.02794506529042995,0.0016790215229246525,2.250753475353882,-0.028009830065601163,-0.013177316004216792,-1.557790204353666,-0.05207607188764152,0.008770296912852969,-0.34522462047979874,-0.05104988455668136,0.0016509979242896977,-4.8450365400441255e-06,-0.027457881124104896,-0.00016472232263011575,-1.1276539896925297e-05,-0.027128491186218816,-0.00016271293761178793,-0.0005332833228249924,-0.05043748048124616,-0.0002998702219671192,-1.216,0.0,0.075,0.17,0.045
0.044,14.0,6.143401297318514e+17,2.212917397585741,-0.057022412917166095,-0.013137514643557079,-1.5332425394821725,-0.022172702608372633,0.008804528814775408,-0.338029494340483,-0.021735777439382334,0.0017896128085221328,2.3186037479021686,-0.05589875524493176,-0.013846442580004384,-1.5853270548136658,-0.0214750309401057,0.009187493871209231,-0.3647690646864534,-0.03029557931597887,0.0019064522350389918,2.2437991239286164,-0.055228183199156775,-0.013338186755261668,-1.549179907227465,-0.0296985884418355,0.008875703447897856,-0.3455471324398799,-0.029342318554951445,0.0017917838840616966,2.3176240405671193,-0.02941032156888122,-0.01368098278153658,-1.590804619463838,-0.05467987548202359,0.009018661973229853,-0.3618456060675741,-0.053602378784515424,0.0017497334501717,-5.6023447467626795e-06,-0.02883077518031014,-0.0001729555808626206,-1.3060988810171e-05,-0.028484915745529756,-0.00017084183523379697,-0.0006150122666922591,-0.05295935450530847,-0.00031455642709490086,-1.2768,0.0,0.075,0.17,0.045
0.046,15.0,6.582160047851809e+17,2.278020570610403,-0.05973776591322162,-0.013635930980993773,-1.566172967094296,-0.023228545589723707,0.009060083963354693,-0.3537419335503191,-0.0227708144603053,0.0018915520792810662,2.372686930766815,-0.05856060073278565,-0.014262986091809727,-1.6091583479577636,-0.022497651461063115,0.009376976420115616,-0.3794981338743528,-0.031738225950073105,0.001998185032418282,2.3053672966255694,-0.057858096684830905,-0.013809943323680683,-1.5792887466017604,-0.03111280693906576,0.009108402601730396,-0.3609055725528362,-0.03073957181947294,0.0018888453637224416,2.3717985989395722,-0.030810813072161276,-0.014090609121835684,-1.6150446901280988,-0.05728367907640567,0.009201125642324594,-0.37646096198480666,-0.05615487301234949,0.0018341443983313475,-6.436738699304347e-06,-0.030203669236515386,-0.00018118840135061175,-1.5032470224807543e-05,-0.029841340304840695,-0.00017896967589618314,-0.0007046560729943058,-0.05548122852937078,-0.00032919729757607114,-1.3376,0.0,0.075,0.17,0.045
0.048,14.0,6.143494481221219e+17,2.3307616170426035,-0.06245311890927715,-0.014042842137118082,-1.590531487899509,-0.024284388571074785,0.009251331471139327,-0.3675108732602335,-0.02380585148122827,0.001979616492414545,2.4165010218531324,-0.06122244622063954,-0.014603456261924727,-1.6259516263033789,-0.02352027198202053,0.009513828455854459,-0.39256071346482707,-0.03318087258416733,0.0020779035677411127,2.3552508618710895,-0.060488010170505035,-0.014195131840776448,-1.601326191484464,-0.03252702543629602,0.009280570326992787,-0.3744091379627652,-0.03213682508399444,0.0019726124848130503,2.4156860022122406,-0.03221130457544134,-0.014424059421090082,-1.6322431031801574,-0.059887482670787744,0.009330943244743867,-0.38940681083366313,-0.05870736724018356,0.0019065215684677388,-7.35242914865694e-06,-0.03157656329272063,-0.00018942075932412795,-1.7202183241275014e-05,-0.031197764864151635,-0.00018709639436356097,-0.0008025724649527655,-0.058003102553433085,-0.0003437906788826327,-1.3983999999999999,0.0,0.075,0.17,0.045
0.05,15.0,6.582254911686264e+17,2.3734855161010513,-0.06516847190533269,-0.014375580533687616,-1.6080076878738576,-0.025340231552425867,0.0093911475380825,-0.3796619542436916,-0.02484088850215124,0.002056019908548494,2.4519953054559953,-0.06388429170849344,-0.014882311881369757,-1.6370741789736503,-0.024542892502977948,0.009608452402802406,-0.4042459330670808,-0.03462351921826157,0.002147623165479393,2.3956645943708925,-0.06311792365617917,-0.014510212713163613,-1.6168749655221932,-0.03394124393352629,0.009404309685305628,-0.38637189913679165,-0.03353407834851594,0.0020452503576854956,2.4512409003955615,-0.0336117960787214,-0.014695786789745771,-1.6437700357755365,-0.062491286265169824,0.009418510901489926,-0.40097370482537736,-0.06125986146801763,0.001968881696193873,-8.353713201090002e-06,-0.032949457348925876,-0.0001976526295186633,-1.9581668262657915e-05,-0.03255418942346258,-0.00019522192344132783,-0.0009091177379017009,-0.0605249765774954,-0.0003583344246752558,-1.4592,0.0,0.075,0.17,0.045
0.052000000000000005,13.0,5.704476233539511e+17,2.408093953097521,-0.06788382490138821,-0.014648216046014637,-1.6199378251248837,-0.026396074533776945,0.009489669680040483,-0.39047610135681093,-0.02587592552307421,0.002122716172323704,2.480747944563351,-0.06654613719634733,-0.015111248655914056,-1.64361043231223,-0.025565513023935362,0.009669051995698289,-0.4147990213153172,-0.0360661658523558,0.00220907860328835,2.4284082407980048,-0.06574783714185331,-0.014768474589076475,-1.6271908408959233,-0.035355462430756546,0.00948911701854862,-0.397064142934437,-0.034931331613037436,0.0021086434051425253,2.4800479159853817,-0.03501228758200145,-0.014917519127865377,-1.65071344702186,-0.0650950898595519,0.009472049675495907,-0.41140852007248174,-0.0638123556958517,0.002022968094777154,-9.444978250057506e-06,-0.034322351405131124,-0.0002058839861515802,-2.218282165145266e-05,-0.03391061398277352,-0.00020334619388706518,-0.001024646696441878,-0.06304685060155771,-0.0003728263971819361,-1.52,0.0,0.075,0.17,0.045
0.054,15.0,6.58217249254575e+17,2.436133573653337,-0.07059917789744374,-0.01487215878596979,-1.6273865806449899,-0.027451917515128023,0.009554915445658535,-0.40019272977749865,-0.026910962543997177,0.0021813908328768825,2.50404250031979,-0.06920798268420122,-0.015299735563485314,-1.6464277718730542,-0.026588133544892777,0.009702133792604024,-0.4244266145287697,-0.037508812486450036,0.002263741252973203,2.454935121112784,-0.06837775062752743,-0.014980715948553195,-1.6332689401309466,-0.03676968092798681,0.00954252695980762,-0.4067134785358505,-0.03632858487755893,0.0021644133483412686,2.5033881637681166,-0.03641277908528151,-0.01509876417042398,-1.6539385872253942,-0.06769889345393397,0.009498087321407557,-0.42091792156099245,-0.06636484992368576,0.002070262020892776,-1.0630705908829368e-05,-0.035695245461336365,-0.00021411480289851786,-2.5017910271772578e-05,-0.03526703854208446,-0.00021146913432259807,-0.001149512591870853,-0.06556872462562001,-0.0003872644675750688,-1.5808,0.0,0.075,0.17,0.045
0.056,15.0,6.582158316344268e+17,2.4588483351072488,-0.07331453089349926,-0.01505668862728102,-1.6311968484063961,-0.028507760496479097,0.009593272920891065,-0.40901098663640717,-0.027945999564920145,0.0022334803812754708,2.5229117908465337,-0.07186982817205512,-0.01545547397095107,-1.6462154175670234,-0.027610754065850188,0.009712902106843224,-0.43329921465848414,-0.03895145912054426,0.0023128509324493525,2.476425800647977,-0.07100766411320157,-0.015155656711355915,-1.6359053123813032,-0.03818389942521707,0.009570510244234377,-0.41551084799992044,-0.03772583814208043,0.0022139258423626205,2.5222979592649497,-0.03781327058856157,-0.01524720860614007,-1.6541363977994605,-0.07030269704831604,0.009501815341062468,-0.4296734834027192,-0.06891734415151983,0.0021120034644568357,-1.1915475943846553e-05,-0.03706813951754161,-0.00022234505286979666,-2.8099585912135944e-05,-0.0366234631013954,-0.00021959067114674178,-0.0012840670599007077,-0.06809059864968232,-0.0004016465163468689,-1.6416,0.0,0.075,0.17,0.045
0.058,15.0,6.582193541464086e+17,2.4772474580846726,-0.0760298838895548,-0.015209269313980823,-1.632043753803954,-0.029563603477830176,0.009609799469571396,-0.41709668468797606,-0.028981036585843112,0.0022801797003033845,2.5381952758993065,-0.07453167365990901,-0.015584660787038657,-1.6435279501284306,-0.028633374586807602,0.009705492257881294,-0.4415580900976707,-0.0403941057546385,0.002357430653423074,2.4938319019715336,-0.0736375775988757,-0.015300380269481117,-1.6357341830740388,-0.039598117922447336,0.009577843166753135,-0.42361377598220873,-0.039123091406601924,0.0022583265395599112,2.5376178016690765,-0.039213762091841624,-0.01536907032814075,-1.651861659990409,-0.07290650064269813,0.009487379382940574,-0.4378170775729692,-0.07146983837935389,0.002149221870140192,-1.3303970208789572e-05,-0.038441033573746855,-0.00023057470858681804,-3.144089958401357e-05,-0.03797988766070634,-0.00022771072844876523,-0.0014286600586752166,-0.07061247267374463,-0.0004159704336830635,-1.7024,0.0,0.075,0.17,0.045
0.06,13.0,5.704585360093198e+17,2.492158090352996,-0.07874523688561033,-0.015335956169821698,-1.6304749361486341,-0.030619446459181257,0.009608545844068636,-0.4245884656193487,-0.030016073606766083,0.00232248366648726,2.5505728012836273,-0.07719351914776292,-0.015692332770282418,-1.6388111903897682,-0.02965599510776502,0.009683231730123993,-0.4493191848691701,-0.04183675238873273,0.002398328026253628,2.507934140178498,-0.07626749108454985,-0.015420596358336501,-1.6332709196957822,-0.0410123364196776,0.009568331079926167,-0.4311538783526042,-0.04052034467112343,0.002298560587866512,2.5500306692389065,-0.040614253595121684,-0.015469392331585188,-1.6475617806280256,-0.0755103042370802,0.009458108134519973,-0.44546560522348777,-0.07402233260718798,0.0021827684697946874,-1.4800976579345139e-05,-0.0398139276299521,-0.0002388037419584599,-3.505531569134482e-05,-0.03933631222001729,-0.00023582922792259967,-0.0015836398070981656,-0.07313434669780694,-0.00043023411983479035,-1.7632,0.0,0.075,0.17,0.045
0.062,14.0,6.143315986847805e+17,2.5042418821853474,-0.08146058988166585,-0.015441712081407972,-1.6269253798463237,-0.03167528944053233,0.00959279788024861,-0.4315986493087753,-0.031051110627689046,0.002361224129949958,2.56060001391313,-0.0798553646356168,-0.015782568995515462,-1.6324275185644743,-0.03067861562872243,0.009648795448566274,-0.4566781472223097,-0.04327939902282696,0.002436238715078059,2.5193596065815798,-0.07889740457022396,-0.015520989268492331,-1.6289267841902497,-0.04242655491690785,0.009545066188673247,-0.43823810615631686,-0.041917597935644924,0.002335417682501756,2.560085223070345,-0.04201474509840174,-0.015552272486023849,-1.64159433773749,-0.07811410783146228,0.00941668603677938,-0.45271380635463493,-0.07657482683502202,0.0022133446703307942,-1.6411392888650412e-05,-0.041186821686157345,-0.000247032124257468,-3.89567260662645e-05,-0.04069273677932822,-0.00024394608878182124,-0.001749352723484488,-0.07565622072186924,-0.0004444354854886265,-1.8239999999999998,0.0,0.075,0.17,0.045
0.064,15.0,6.582215176855645e+17,2.5140353286924824,-0.08417594287772137,-0.015530506950378413,-1.6217458945529506,-0.032731132421883406,0.009565165484546643,-0.438219146091876,-0.032086147648612014,0.0023970750099609798,2.5687208170787175,-0.08251721012347069,-0.015858703344219606,-1.6246655125049116,-0.031701236149679846,0.009604357694488768,-0.46371172226907004,-0.044722045656921186,0.0024717366093923313,2.5286144236400276,-0.0815273180558981,-0.015605321547824867,-1.6230321385809958,-0.04384077341413812,0.009510516064656669,-0.44495345237442013,-0.04331485120016642,0.0023695395297369027,2.568225758943527,-0.0434152366016818,-0.01562100275803216,-1.6342478763007229,-0.08071791142584435,0.009365258557869875,-0.45963882198499373,-0.0791273210628561,0.0022415189117506733,-1.814023086338882e-05,-0.042559715742362586,-0.0002552598260968436,-4.315946386631783e-05,-0.04204916133863916,-0.0002520612276754374,-0.0019261433645458186,-0.07817809474593154,-0.0004585724521346823,-1.8847999999999998,0.0,0.075,0.17,0.045
0.066,13.0,5.7045840389602656e+17,2.521971343731159,-0.08689129587377692,-0.015605559747397557,-1.6152185640791203,-0.03378697540323449,0.009527753514898298,-0.44452450394624493,-0.03312118466953499,0.002430587768534046,2.5753024772997004,-0.08517905561132458,-0.01592339923614025,-1.6157634156408842,-0.032723856670637264,0.009551649935005646,-0.47048355851089485,-0.04616469229101543,0.0025052821798683274,2.536109351586768,-0.08415723154157223,-0.015676629931089602,-1.6158542715015893,-0.045254991911368385,0.009466662880017766,-0.4513708274265309,-0.044712104464687916,0.0024014480874583934,2.574818635257322,-0.04481572810496186,-0.015678248922290933,-1.625759817088427,-0.08332171502022644,0.00930555696768298,-0.46630444081152417,-0.08167981529069017,0.0022677540401658215,-1.999262006050572e-05,-0.043932609798567834,-0.0002634868174062267,-4.7678317328477e-05,-0.04340558589795011,-0.0002601745586045028,-0.0021143543647219993,-0.08069996876999386,-0.0004726429524326883,-1.9456,0.0,0.075,0.17,0.045
0.068,13.0,5.7045026637999443e+17,2.5284011470666328,-0.08960664886983245,-0.015669467955605948,-1.6075717641415146,-0.03484281838458557,0.00948225447416721,-0.4505753307126245,-0.034156221690457955,0.0024622096935347218,2.5806355055564993,-0.08784090109917848,-0.01597886027039327,-1.6059096585837773,-0.03374647719159468,0.009492101630695736,-0.47704387712345026,-0.04760733892510966,0.0025372573175147114,2.54218282393733,-0.08678714502724637,-0.015737378979684087,-1.6076130113170684,-0.04666921040859865,0.009415110366557945,-0.45754875852178933,-0.04610935772920942,0.002431568818183929,2.5801577160915627,-0.046216219608241925,-0.015726209129193383,-1.6163205286565443,-0.08592551861460851,0.009239005790842912,-0.4727617741727222,-0.08423230951852424,0.0022924327877579995,-2.1973811804506343e-05,-0.04530550385477308,-0.00027171306740827545,-5.2528543375309994e-05,-0.044762010457261046,-0.0002682859928395954,-0.00231432637587001,-0.08322184279405617,-0.00048664493057600503,-2.0064,0.0,0.075,0.17,0.045
0.07,14.0,6.143433993395351e+17,2.5336147637361286,-0.09232200186588797,-0.015724338893595126,-1.598993907066189,-0.03589866136593665,0.009430038616653468,-0.45642166128830564,-0.03519125871138092,0.002492304432007462,2.5849594112677545,-0.09050274658703238,-0.01602682951286119,-1.5952596993625525,-0.03476909771255209,0.00942684336522735,-0.4834339202869563,-0.049049985559203896,0.0025679633493854784,2.5471031664402863,-0.0894170585129205,-0.0157895992947015,-1.5984826559501726,-0.04808342890582891,0.009357177494467437,-0.4635335245131405,-0.047506610993730915,0.0024602528851683505,2.5844831683178286,-0.04761671111152198,-0.01576664656321851,-1.6060857207822041,-0.0885293222089906,0.009166747238685323,-0.4790524492685325,-0.08678480374635832,0.0023158618225581832,-2.408918312529239e-05,-0.04667839791097833,-0.000279938544595043,-5.772588106869119e-05,-0.04611843501657199,-0.0002763954388391801,-0.0025263980073217222,-0.08574371681811849,-0.0005005763426534908,-2.0672,0.0,0.075,0.17,0.045
0.07200000000000001,15.0,6.582217611905021e+17,2.5378448139456897,-0.09503735486194351,-0.015771912711588433,-1.5896362259388295,-0.036954504347287725,0.009372236416313408,-0.46210345220221966,-0.03622629573230389,0.0025211721933360103,2.588459421450312,-0.09316459207488627,-0.016068744020055845,-1.5839340712371137,-0.03579171823350951,0.009356807886774258,-0.4896852799997461,-0.05049263219329812,0.0025976477285619493,2.551090632454973,-0.09204697199859463,-0.015834900830633287,-1.5886064023922957,-0.04949764740305917,0.009293910051282682,-0.46936295097026354,-0.04890386425825241,0.002487777961529329,2.587987312433928,-0.04901720261480204,-0.015801002225595783,-1.5951803608819421,-0.09113312580337267,0.009089715569872989,-0.48520956941309157,-0.08933729797419238,0.002338290907766041,-2.6344240696487383e-05,-0.04805129196718357,-0.0002881632167043497,-6.328656490648284e-05,-0.04747485957588293,-0.00028450280216888547,-0.0027509057663218078,-0.08826559084218079,-0.0005144351570091544,-2.128,0.0,0.075,0.17,0.045
0.074,15.0,6.582190889087753e+17,2.541279100514092,-0.09775270785799903,-0.015813585130822132,-1.5796210180449508,-0.038010347328638804,0.009309755271661144,-0.4676527468674384,-0.037261332753226864,0.002549052716693957,2.591295313165346,-0.09582643756274016,-0.016105715154078312,-1.572037037370592,-0.03681433875446692,0.009282718394895882,-0.4958249815026208,-0.05193527882739236,0.0026265000070341223,2.5543187835965964,-0.09467688548426877,-0.015874605107635453,-1.5780973875090865,-0.050911865900289434,0.009226167218952037,-0.47506657379149336,-0.050301117522773914,0.002514371000684938,2.5908279134595746,-0.05041769411808209,-0.01583043003931206,-1.5837073033607956,-0.09373692939775474,0.009008660588905124,-0.4912600392032284,-0.09188979220202645,0.002359918663266391,-2.874462477419456e-05,-0.049424186023388814,-0.00029638705069615393,-6.922733795765785e-05,-0.04883128413519387,-0.0002926079854217243,-0.002988183998857054,-0.0907874648662431,-0.0005282193545995278,-2.1888,0.0,0.075,0.17,0.045
0.076,15.0,6.582078803853398e+17,2.5440619350655993,-0.10046806085405455,-0.01585048296820888,-1.5690426243541555,-0.03906619030998987,0.009243328966409767,-0.47309384353542727,-0.038296369774149824,0.0025761382625597313,2.5935949703482817,-0.09848828305059404,-0.01613870157729564,-1.5596524458797731,-0.037836959275424326,0.009205200468571007,-0.501874329772304,-0.05337792546148658,0.0026546823362468054,2.5569386090558157,-0.09730679896994288,-0.015909753495399234,-1.5670542925887454,-0.052326084397519686,0.0091546278186694,-0.4806698915373533,-0.051698370787295396,0.002540209218025188,2.593131991359144,-0.05181818562136214,-0.015855876594485622,-1.5717497479717746,-0.09634073299213679,0.008924199422211952,-0.49722523604951513,-0.0944422864298605,0.002380906516640208,-3.129611313612433e-05,-0.05079708007959405,-0.00030461001272891913,-7.556546483137642e-05,-0.0501877086945048,-0.00030071088813928286,-0.0032385648308882703,-0.09330933889030539,-0.00054192692934869,-2.2495999999999996,0.0,0.075,0.17,0.045
0.078,13.0,5.70447722019724e+17,2.5463196130512076,-0.10318341385011008,-0.015883472093494257,-1.557983854697823,-0.04012203329134095,0.009173523546376888,-0.47844781599219777,-0.0393314067950728,0.002602574620442127,2.5954485200206636,-0.10115012853844794,-0.01616847059332038,-1.5468398912585386,-0.03885957979638175,0.009124757196500348,-0.5078478932908893,-0.05482057209558082,0.002682322546060339,2.5590688020172023,-0.09993671245561703,-0.015941251929068596,-1.5555550925331159,-0.05374030289474995,0.009079883938163974,-0.4861926249166542,-0.053095624051816906,0.0025654456049132184,2.5949966633808903,-0.053218677124642205,-0.01587810401090272,-1.5593717827085265,-0.09894453658651889,0.008836831268311534,-0.5031211562783913,-0.09699478065769458,0.0024013827323509235,-3.4004625021021716e-05,-0.0521699741357993,-0.0003128320681359791,-8.231874447557271e-05,-0.05154413325381575,-0.00030881140673390625,-0.003502378109995883,-0.0958312129143677,-0.0005555558885008766,-2.3104,0.0,0.075,0.17,0.045
0.08,14.0,6.143351078953971e+17,2.548153803532534,-0.10589876684616562,-0.015913310279384238,-1.5465117580579142,-0.04117787627269203,0.009100835870550788,-0.4837313199029466,-0.040366443815995766,0.002628488233057212,2.596939738567148,-0.10381197402630184,-0.016195562964281793,-1.5336550497449364,-0.03988220031733916,0.009041746145647197,-0.5137590368102918,-0.056263218729675046,0.0027095080473672857,2.5607941192217814,-0.10256662594129116,-0.01596981256775096,-1.543655938109236,-0.05515452139198022,0.009002403426846814,-0.4916484520505452,-0.0544928773163384,0.002590198485601895,2.5965119799350878,-0.054619168627922265,-0.015897694992052878,-1.5466331081729787,-0.10154834018090096,0.008746940655165753,-0.508962468084384,-0.09954727488552864,0.002421443288357176,-3.6876225068317144e-05,-0.05354286819200455,-0.0003210531814019012,-8.95055228006523e-05,-0.05290055781312669,-0.00031690943441190677,-0.003779951347450249,-0.09835308693843002,-0.0005691042529706048,-2.3712,0.0,0.075,0.17,0.045
0.082,15.0,6.582169341108916e+17,2.549645690209761,-0.10861411984222114,-0.015940607540248532,-1.5346802552556325,-0.04223371925404311,0.009025668232823227,-0.48895734415198905,-0.04140148083691873,0.0026539790343961672,2.5981476870510387,-0.10647381951415573,-0.016220481348487824,-1.5201507396790253,-0.04090482083829658,0.00895650137343984,-0.5196202067361011,-0.05770586536376928,0.002736319028679135,2.5621854032050053,-0.10519653942696529,-0.01599594395189248,-1.5314041211445277,-0.056568739889210476,0.008922523189320153,-0.49704853448899267,-0.0558901305808599,0.0026145499288181117,2.5977432903074855,-0.056019660131202326,-0.01591518984039774,-1.5335775925490491,-0.10415214377528303,0.008654885786386174,-0.5147594146001404,-0.10209976911336271,0.0024411761938261272,-3.9917127257916835e-05,-0.05491576224820979,-0.00032927331613884887,-9.714470512394712e-05,-0.05425698237243763,-0.0003250048610978219,-0.0040716096607176155,-0.10087496096249232,-0.0005825700576902525,-2.432,0.0,0.075,0.17,0.045
0.084,14.0,6.143363375915537e+17,2.550855770243587,-0.11132947283827667,-0.015965850978288225,-1.5225299806233898,-0.04328956223539419,0.00894834415812143,-0.49413518719440963,-0.0424365178578417,0.002679124957764884,2.59912886590058,-0.10913566500200962,-0.01624370011231829,-1.5063652484830041,-0.04192744135925399,0.008869339789918627,-0.5254398430448269,-0.05914851199786351,0.0027628301684294253,2.563317193103198,-0.10782645291263943,-0.01602007113670587,-1.5188495125407404,-0.057982958386440735,0.008840526976548522,-0.5024046017440554,-0.057287383845381394,0.0026385669038616675,2.5987435700841433,-0.05742015163448238,-0.015930980651651806,-1.5202412207334959,-0.10675594736966511,0.008560929871076305,-0.5205200011750715,-0.10465226334119677,0.002460642907553662,-4.3133698850041816e-05,-0.056288656304415034,-0.0003374924350629427,-0.00010525576843062159,-0.05561340693174857,-0.0003330975733597478,-0.004377675716412596,-0.10339683498655464,-0.0005959513519550221,-2.4928,0.0,0.075,0.17,0.045
0.08600000000000001,13.0,5.704509114872426e+17,2.5518400435662913,-0.11404482583433219,-0.015989403576467515,-1.5100987798403003,-0.044345405216745265,0.008869107452439868,-0.49927330112229706,-0.04347155487876467,0.00270398179389387,2.5999237972556886,-0.11179751048986351,-0.01626555825834266,-1.492326592529933,-0.0429500618802114,0.008780491119616757,-0.5312235389564252,-0.06059115863195774,0.002789092106477215,2.5642438773285434,-0.11045636639831355,-0.016042641357009068,-1.5060290100343956,-0.059397176883671,0.008756714013942417,-0.5077248020303274,-0.05868463710990289,0.0026623197878049153,2.5995550039187174,-0.05882064313776244,-0.015945385279331436,-1.5066530874874782,-0.10935975096404718,0.008465288818616693,-0.5262502888145784,-0.10720475756903085,0.0024798914616362437,-4.6532464325017076e-05,-0.05766155036062028,-0.00034571049997062143,-0.0001138587734467719,-0.05696983149105951,-0.00034118745433577333,-0.004698469673707916,-0.10591870901061694,-0.0006092461997652261,-2.5536,0.0,0.075,0.17,0.045
0.088,14.0,6.143361900202031e+17,2.552637977170475,-0.11676017883038774,-0.016011601334380073,-1.4974138481466523,-0.04540124819809635,0.008788185189853224,-0.5043772033705878,-0.04450659189968764,0.0027286002553356566,2.6005669364992356,-0.11445935597771742,-0.01628629891940044,-1.4780589313707782,-0.043972682401168826,0.008690123460772584,-0.5369757885339266,-0.06203380526605198,0.0028151384021422392,2.5649952092866024,-0.1130862798839877,-0.016063980943275186,-1.4929635333730953,-0.06081139538090127,0.008671305687920966,-0.5130129610447123,-0.0600818903744244,0.002685857469935418,2.6002128464254803,-0.060221134641042506,-0.01595865683135856,-1.4928378864121197,-0.11196355455842928,0.008368137197574293,-0.5319550790838029,-0.10975725179686494,0.0024989582221062808,-5.012010932290472e-05,-0.05903444441682554,-0.00035392747171500313,-0.0001229743765205098,-0.05832625605037046,-0.0003492743836615421,-0.005034309128212125,-0.10844058303467927,-0.0006224526801658281,-2.6144000000000003,0.0,0.075,0.17,0.045
0.09,15.0,6.582141102068032e+17,2.553284442795862,-0.11947553182644324,-0.01603268105398151,-1.4844994625981256,-0.046457091179447414,0.008705740541803229,-0.5094515783856441,-0.0455416289206106,0.002753013446699863,2.601090087841181,-0.1171212014655713,-0.016306128827788844,-1.4635848129493776,-0.04499530292212623,0.008598381770691912,-0.542700571111476,-0.06347645190014621,0.002840996019802682,2.56559790032702,-0.11571619336966181,-0.016084268415937585,-1.4796721134045432,-0.06222561387813152,0.008584427516969783,-0.5182723329992226,-0.06147914363894588,0.0027092029044345984,2.6007454306430233,-0.06162162614432255,-0.01597100683541882,-1.4788158876892648,-0.11456735815281134,0.00826962316955585,-0.5376379286544101,-0.11230974602469898,0.0025178719983546234,-5.3903484582867365e-05,-0.06040733847303077,-0.00036214331018224723,-0.00013262384130687254,-0.05968268060968139,-0.0003573582373989653,-0.005385509056325846,-0.11096245705874155,-0.0006355688875831766,-2.6752,0.0,0.075,0.17,0.045
0.092,16.0,7.021043238393501e+17,2.553799158510338,-0.12219088482249878,-0.016052851965710165,-1.4713700706453843,-0.04751293416079849,0.008621919170623963,-0.5144984533608353,-0.04657666594153357,0.0027772494746646633,2.6015216213623646,-0.11978304695342519,-0.01632523880876764,-1.4489246266811613,-0.04601792344308365,0.008505401337037763,-0.5484012326413613,-0.06491909853424044,0.0028666888354634133,2.56608026190508,-0.11834610685533595,-0.016103664043094136,-1.4661749215130524,-0.06363983237536178,0.008496193686175088,-0.523506406452511,-0.06287639690346739,0.0027323756165745314,2.6011760974664493,-0.06302211764760261,-0.015982605289743754,-1.4646041797206077,-0.11717116174719341,0.008169868355652428,-0.5433014925742503,-0.11486224025253304,0.0025366541304112622,-5.7889609882139854e-05,-0.061780232529236014,-0.00037035797426791887,-0.00014282905025245256,-0.06103910516899233,-0.0003654388879661128,-0.005752381760087079,-0.11348433108280385,-0.0006485929321588681,-2.7359999999999998,0.0,0.075,0.17,0.045
0.094,15.0,6.582276516302642e+17,2.554213500048253,-0.1249062378185543,-0.016072232377973353,-1.4580478746256118,-0.04856877714214957,0.00853680776101941,-0.5195218111565483,-0.04761170296245654,0.002801320502390273,2.6018770482142606,-0.12244489244127908,-0.016343799082821863,-1.4340903629328046,-0.04704054396404106,0.00841130449630272,-0.5540788930046694,-0.06636174516833467,0.00289223692483816,2.566470549103148,-0.12097602034101007,-0.01612233769347654,-1.4524921990099389,-0.06505405087259204,0.008406725223842762,-0.5287186108696862,-0.06427365016798887,0.002755396537707133,2.6015240520122176,-0.06442260915088267,-0.01599359223970399,-1.4502172113169753,-0.11977496534157549,0.008068975286274194,-0.548947680889262,-0.11741473448036711,0.002555320548563299,-6.208567797447955e-05,-0.06315312658544125,-0.00037857142185335473,-0.00015361251587569296,-0.06239552972830327,-0.0003735162040683049,-0.006135236812515943,-0.11600620510686617,-0.0006615229400806745,-2.7967999999999997,0.0,0.075,0.17,0.045
0.096,15.0,6.582273585283756e+17,2.554548353257854,-0.12762159081460983,-0.016091010545177177,-1.4445482442611397,-0.04962462012350065,0.008450539527012668,-0.5245238098238364,-0.048646739983379504,0.0028252504270390127,2.602167090486985,-0.12510673792913296,-0.016361902716860364,-1.4190909064369999,-0.04806316448499847,0.008316163190686838,-0.5597338339029652,-0.06780439180242889,0.0029176470072134427,2.5667911253576965,-0.12360593382668421,-0.016140458897578994,-1.4386403779402916,-0.06646826936982231,0.0083161435778407,-0.5339113380635893,-0.06567090343251038,0.002778286244623055,2.6018048809492105,-0.06582310065416272,-0.016004082915998284,-1.4356671149542388,-0.12237876893595756,0.007967030654286108,-0.5545777553386676,-0.11996722870820117,0.002573882713086365,-6.649905852795691e-05,-0.0645260206416465,-0.00038678360978203213,-0.00016499739183884865,-0.06375195428761421,-0.0003815900506304311,-0.00653438100346917,-0.11852807913092847,-0.0006743570539104751,-2.8575999999999997,0.0,0.075,0.17,0.045
0.098,14.0,6.143447061124945e+17,2.554815103807587,-0.13033694381066538,-0.016109311782411116,-1.4308803434492363,-0.05068046310485173,0.008363206686937729,-0.5295049636021065,-0.04968177700430248,0.0028490521969172034,2.6024066590011845,-0.12776858341698688,-0.01637961404342383,-1.4039379758990589,-0.049085785005955895,0.008220030728586264,-0.5653670178458162,-0.06924703843652313,0.0029429207727986522,2.567048068499439,-0.12623584731235835,-0.01615816183602033,-1.424625194589824,-0.06788248786705257,0.008224547340439434,-0.5390841880248394,-0.06706815669703188,0.0028010590881993444,2.602031234247912,-0.0672235921574428,-0.01601417083863992,-1.4209641414611902,-0.12498257253033965,0.007864107254543395,-0.5601924526477398,-0.12251972293603526,0.002592348194415794,-7.113730206194006e-05,-0.06589891469785175,-0.00039499449383594275,-0.0001770074838076683,-0.06510837884692516,-0.00038966028873051785,-0.006950118286014557,-0.1210499531549908,-0.0006870934329091297,-2.9184,0.0,0.075,0.17,0.045
0.1,14.0,6.143446620564069e+17,2.5550265450010685,-0.1330522968067209,-0.016127204403685848,-1.4170543195473104,-0.05173630608620281,0.008274864224178202,-0.5344660019835824,-0.050716814025225446,0.0028727288974612864,2.6026067551497722,-0.13043042890484077,-0.01639702252743615,-1.3886407507997283,-0.050108405526913306,0.008122977422232874,-0.5709787255769383,-0.07068968507061738,0.0029680639966511934,2.5672595448950557,-0.1288657607980325,-0.016175482975784826,-1.4104604448421423,-0.06929670636428284,0.008131970929353248,-0.5442387781646766,-0.06846540996155338,0.002823712668379716,2.602213378483005,-0.06862408366072285,-0.01602393190745181,-1.4061170133091132,-0.12758637612472173,0.007760266592018811,-0.5657920843844302,-0.12507221716386932,0.0026107214129032228,-7.600814388311814e-05,-0.067271808754057,-0.00040320402871197035,-0.00018966726009490771,-0.0664648034062361,-0.00039772677553457064,-0.0073827497233354775,-0.1235718271790531,-0.0006997302533582313,-2.9792,0.0,0.075,0.17,0.045
0.10200000000000001,14.0,6.143446420334504e+17,2.555193066527522,-0.13576764980277642,-0.01614476516882307,-1.4030787750712357,-0.05279214906755389,0.00818557302287854,-0.5394072281460803,-0.05175185104614842,0.002896284905624604,2.602777727725831,-0.13309227439269466,-0.0164141941772548,-1.373208023237364,-0.051131026047870724,0.008025058348511145,-0.5765691084738139,-0.0721323317047116,0.00299307836323336,2.5674340872646995,-0.13149567428370662,-0.016192531315072575,-1.3961535805978853,-0.07071092486151309,0.008038497119883775,-0.5493750839228396,-0.06986266322607487,0.00284625668963161,2.602359645889223,-0.0700245751640029,-0.016033427721882047,-1.391133211786312,-0.1301901797191038,0.007655561001540056,-0.5713766178214096,-0.1276247113917034,0.0026290042379563607,-8.111950802039987e-05,-0.06864470281026225,-0.0004114121679982748,-0.0002030018620838428,-0.06782122796554704,-0.0004057893642327128,-0.007832573436175461,-0.12609370120311542,-0.0007122657088786796,-3.04,0.0,0.075,0.17,0.045
0.10400000000000001,14.0,6.143445997469832e+17,2.555315779147279,-0.13848300279883197,-0.016162056415958127,-1.388956164425089,-0.05384799204890497,0.008095384698133984,-0.5443273828534395,-0.05278688806707139,0.002919722040474054,2.6029249534570043,-0.13575411988054856,-0.016431191085638275,-1.357645301318374,-0.052153646568828135,0.007926326260011215,-0.5821374770872593,-0.07357497833880583,0.0030179647808100483,2.567578631557703,-0.13412558776938074,-0.016209358050204483,-1.3817110285785004,-0.07212514335874336,0.007944170623434853,-0.5544927976840687,-0.07125991649059638,0.0028686910045934598,2.6024767988111113,-0.07142506666728296,-0.016042708275339036,-1.3760192104547353,-0.13279398331348588,0.007550035370836957,-0.5769457414117224,-0.13017720561953747,0.0026471964732112324,-8.64795111585148e-05,-0.07001759686646748,-0.00041961886415068256,-0.00021703711442800782,-0.06917765252485798,-0.00041384790397664485,-0.008299884550832722,-0.1286155752271777,-0.0007246980107460134,-3.1008,0.0,0.075,0.17,0.045
0.106,14.0,6.143441378163681e+17,2.555406883587752,-0.1411983557948875,-0.016179084809652997,-1.374696388468169,-0.054903835030256046,0.008004313976368999,-0.5492270316917051,-0.053821925087994354,0.0029430327465926713,2.60304202631034,-0.13841596536840245,-0.01644804551295244,-1.3419501937579175,-0.05317626708978555,0.007826814205371532,-0.5876812035338504,-0.07501762497290007,0.0030427191126861553,2.567698810002431,-0.13675550125505487,-0.016226004796876546,-1.3671383784263824,-0.07353936185597362,0.00784903000033516,-0.5595913812778743,-0.07265716975511786,0.0028910137675737047,2.6025703254870356,-0.07282555817056302,-0.016051814141890046,-1.3607806649501017,-0.13539778690786794,0.007443728541281204,-0.5824989178065492,-0.1327296998473715,0.0026652962493861057,-9.209646657013585e-05,-0.07139049092267273,-0.00042782406846908526,-0.00023179953502344426,-0.07053407708416892,-0.00042190223981844547,-0.008784975147714449,-0.13113744925124002,-0.0007370253882024438,-3.1616,0.0,0.075,0.17,0.045
0.108,14.0,6.143364800781843e+17,2.555475714868918,-0.143913708790943,-0.016195923554272167,-1.36030746966441,-0.05595967801160712,0.007912420262739372,-0.5541062497091858,-0.05485696210891732,0.0029662204174967263,2.603129591884981,-0.14107781085625634,-0.01646471902299958,-1.3261250652169363,-0.054198887610742964,0.007726507836883048,-0.5931988112725535,-0.0764602716069943,0.003067325591561137,2.5677991961625097,-0.13938541474072902,-0.01624250534845896,-1.3524405403877422,-0.07495358035320389,0.007753108788439071,-0.5646701097286526,-0.07405442301963937,0.0029132217495494096,2.602644680104585,-0.07422604967384308,-0.016060778250965274,-1.3454225672948796,-0.13800159050225003,0.0073366744466871105,-0.5880354267900855,-0.1352821940752056,0.0026833003423880615,-9.79788880463326e-05,-0.07276338497887798,-0.0004360277310738471,-0.00024731634474980566,-0.07189050164347986,-0.0004299522126507385,-0.009288134210460526,-0.13365932327530233,-0.0007492460887655273,-3.2224,0.0,0.075,0.17,0.045
0.11,14.0,6.14336257505608e+17,2.555526465466931,-0.14662906178699853,-0.0162126286599355,-1.3457940197769591,-0.057015520992958195,0.007819751692028712,-0.5589642491029237,-0.05589199912984029,0.002989285503476073,2.60319317564522,-0.14373965634411023,-0.01648121548937455,-1.3101755897853822,-0.055221508131700375,0.007625421342511415,-0.5986896127874699,-0.07790291824108853,0.0030917753581887896,2.5678835039311045,-0.14201532822640314,-0.016258887146333476,-1.3376218735693801,-0.07636779885043414,0.007656436449223849,-0.5697281067191722,-0.07545167628416086,0.0029353106006669506,2.6027027754913448,-0.07562654117712314,-0.01606962732769025,-1.3299488977185618,-0.14060539409663209,0.007228903039189485,-0.5935542858091085,-0.13783468830303966,0.002701204430922275,-0.00010413549382515586,-0.07413627903508321,-0.0004442298008822213,-0.00026361547697672464,-0.0732469262027908,-0.00043799765914824594,-0.009809647575646247,-0.13618119729936465,-0.0007613583785334248,-3.2832,0.0,0.075,0.17,0.045
0.112,14.0,6.143360551979058e+17,2.5555625413792553,-0.14934441478305407,-0.016229225281499914,-1.3311601465357579,-0.05807136397430927,0.007726335934815899,-0.5638001039709274,-0.056927036150763256,0.0030122232777129634,2.6032372749695143,-0.14640150183196413,-0.0164975680648631,-1.2941067762474947,-0.05624412865265779,0.007523588766796346,-0.6041527431420102,-0.07934556487518275,0.003116064287473723,2.5679547491211054,-0.14464524171207727,-0.016275172473859092,-1.3226862902586263,-0.0777820173476644,0.007559039137330294,-0.5747643733457946,-0.07684892954868236,0.002957275063022939,2.602747355092247,-0.07702703268040319,-0.016078378849030486,-1.3143635443556712,-0.14320919769101417,0.007120438200165286,-0.5990544762403569,-0.14038718253087373,0.0027190026196694085,-0.00011057521051814428,-0.07550917309128846,-0.0004524302255847799,-0.0002807255868319103,-0.07460335076210174,-0.0004460384117107501,-0.010349797883073504,-0.13870307132342694,-0.0007733605424866841,-3.344,0.0,0.075,0.17,0.045
0.114,14.0,6.143359566203666e+17,2.555579379599992,-0.1520597677791096,-0.01624573385495019,-1.3164045923849126,-0.05912720695566035,0.007632197637480585,-0.5686115898046781,-0.057962073171686224,0.003035028184795447,2.6032655504077673,-0.14906334731981802,-0.016513803733735996,-1.2779230920686864,-0.057266749173615204,0.007421040162443277,-0.6095871937305243,-0.080788211509277,0.0031401871897963995,2.568015380681799,-0.1472751551977514,-0.016291379425913143,-1.3076373407692392,-0.07919623584489467,0.007460940326482389,-0.5797778114445019,-0.07824618281320385,0.0029791091431955446,2.602780969972939,-0.07842752418368325,-0.01608704927565558,-1.2986702853647434,-0.14581300128539626,0.0070113032584216495,-0.6045349409828117,-0.14293967675870778,0.002736688796889895,-0.00011730717703453485,-0.07688206714749371,-0.0004606289516218534,-0.00029867606022750836,-0.07595977532141268,-0.00045407429840748465,-0.010908864526659769,-0.14122494534748925,-0.0007852508847864945,-3.4048,0.0,0.075,0.17,0.045
0.116,14.0,6.143359136159715e+17,2.55557724140791,-0.15477512077516511,-0.016262127002250944,-1.3015293705714115,-0.06018304993701143,0.007537329254687406,-0.5733972623250665,-0.05899711019260919,0.003057686877672413,2.603280981359135,-0.1517251928076719,-0.016529944459292636,-1.2616285645039649,-0.05828936969457262,0.007317802334244683,-0.6149918397035108,-0.08223085814337122,0.003164138013522919,2.568067387251158,-0.14990506868342554,-0.016307522696191346,-1.2924782824423173,-0.08061045434212492,0.0073621613185626865,-0.584767242523867,-0.07964343607772535,0.003000806252200659,2.60280569053724,-0.07982801568696331,-0.016095653913959413,-1.2828725919685469,-0.14841680487977832,0.006901520882909791,-0.6099945389519943,-0.14549217098654185,0.002754256619977619,-0.00012434074850294942,-0.07825496120369896,-0.0004688259241599865,-0.00031749702264131913,-0.07731619988072362,-0.00046210514292297666,-0.011487123605934112,-0.14374681937155157,-0.0007970277290693509,-3.4656,0.0,0.075,0.17,0.045
0.11800000000000001,14.0,6.143359150461111e+17,2.5555597303828965,-0.15749047377122066,-0.016278406291074785,-1.2865387730445825,-0.061238892918362514,0.007441742865918294,-0.5781562128160488,-0.060032147213532165,0.0030801906906692063,2.6032859927890404,-0.15438703829552583,-0.016546008117927963,-1.245226863044085,-0.05931199021553004,0.007213899445730609,-0.6203654622630567,-0.08367350477746546,0.003187910009556272,2.5681123836797854,-0.1525349821690997,-0.016323614216521544,-1.2772121357537927,-0.0820246728393552,0.0072627216576177725,-0.5897314231440267,-0.08104068934224685,0.0030223593190897213,2.60282319709003,-0.08122850719024337,-0.0161042051863649,-1.2669736871717276,-0.1510206084741604,0.00679111190096632,-0.6154320611674529,-0.14804466521437595,0.00277169924242571,-0.0001316855001903194,-0.0796278552599042,-0.0004770210870684075,-0.00033721934764953344,-0.07867262444003457,-0.00047013076450435953,-0.012084847878149368,-0.14626869339561388,-0.0008086894187380785,-3.5264,0.0,0.075,0.17,0.045
0.12,14.0,6.143359848022981e+17,2.5555335255769585,-0.16020582676727618,-0.016294593342901037,-1.2714392124470333,-0.06229473589971359,0.007345464222869213,-0.5828880138911519,-0.06106718423445513,0.0031025341714895622,2.6032825583728663,-0.15704888378337972,-0.01656200925943452,-1.228721366637048,-0.06033461073648746,0.0071093535138455856,-0.6257067667997082,-0.08511615141155969,0.003211495865108982,2.568151681291156,-0.15516489565477382,-0.01633966367600736,-1.2618417299294482,-0.08343889133658546,0.0071626394665032424,-0.5946690574209388,-0.08243794260676836,0.00304376088322355,2.6028348533369456,-0.08262899869352343,-0.01611271317470132,-1.2509765934774488,-0.1536244120685425,0.00668009565061911,-0.6208462438205443,-0.15059715944221,0.0027890094103514575,-0.00013935123141780166,-0.08100074931610945,-0.0004852143828955148,-0.0003578746652077144,-0.08002904899934551,-0.0004781509779101759,-0.012702306711019427,-0.1487905674196762,-0.000820234317249161,-3.5872,0.0,0.075,0.17,0.045
0.122,14.0,6.14336032431531e+17,2.5555072595038566,-0.1629211797633317,-0.01631072823204174,-1.256238461253341,-0.06335057888106466,0.007248531801395812,-0.5875925390191533,-0.06210222125537809,0.0031247147558146424,2.6032722844516396,-0.1597107292712336,-0.0165779597258646,-1.2121152184882618,-0.06135723125744486,0.007004184812277619,-0.6310143976587376,-0.08655879804565392,0.0032348878125243257,2.568186344935181,-0.1577948091404479,-0.016355678942589623,-1.246369740020723,-0.0848531098338157,0.0070619317205737955,-0.5995788072057122,-0.08383519587128985,0.0030650031692978936,2.602841766035799,-0.08402949019680347,-0.016121186061202494,-1.2348841716546939,-0.15622821566292455,0.006568490266887145,-0.6262357789019519,-0.15314965367004404,0.0028061795409030014,-0.0001473479694734284,-0.08237364337231469,-0.0004934057528453813,-0.00037949536967681643,-0.08138547355865644,-0.00048616559336069233,-0.01333976603609052,-0.15131244144373848,-0.0008316608083963143,-3.6479999999999997,0.0,0.075,0.17,0.045
0.124,14.0,6.143360862099131e+17,2.5554809495245694,-0.16563653275938722,-0.016326862753579464,-1.2409384394042307,-0.06440642186241574,0.007150992236345553,-0.592268284441268,-0.06313725827630107,0.003146731684457113,2.6032564783692407,-0.16237257475908748,-0.01659386915526436,-1.195411370725742,-0.06237985177840227,0.006898412200259158,-0.6362869501749177,-0.08800144467974814,0.003258077717873937,2.568217239317522,-0.16042472262612206,-0.01637166640536782,-1.2307987170305419,-0.08626732833104597,0.006960614470138062,-0.6044593003838998,-0.08523244913581134,0.0030860781484194056,2.6028448334088994,-0.08542998170008353,-0.016129630486415296,-1.2186991522248305,-0.1588320192573066,0.006456312914384325,-0.6315993228574507,-0.15570214789787812,0.002823201786024443,-0.00015568597352122395,-0.08374653742851992,-0.000501595136754279,-0.00040211462759110454,-0.08274189811796738,-0.0004941744164897434,-0.01399748830275527,-0.15383431546780077,-0.0008429672965902615,-3.7087999999999997,0.0,0.075,0.17,0.045
0.126,14.0,6.143361483704513e+17,2.555454617673058,-0.16835188575544274,-0.01634299701168007,-1.2255410791681156,-0.06546226484376681,0.007052857047362783,-0.596913746775523,-0.06417229529722403,0.003168575934864264,2.6032362040966506,-0.16503442024694137,-0.01660974539169709,-1.178612620795357,-0.06340247229935969,0.006792053390558295,-0.6415229804940471,-0.08944409131384237,0.0032810571531664517,2.5682450666204524,-0.1630546361117962,-0.01638763125257591,-1.215131112382338,-0.08768154682827624,0.006858703021213593,-0.6093091376546895,-0.08662970240033284,0.003106977587901402,2.602844784433874,-0.0868304732033636,-0.016138051839673578,-1.2024241610246205,-0.1614358228516887,0.00634357997623885,-0.6369355036506797,-0.1582546421257122,0.002840068084390431,-0.00016437573850651115,-0.08511943148472517,-0.0005097824730672237,-0.0004257663851649014,-0.08409832267727832,-0.0005021772482981233,-0.014675732432918078,-0.15635618949186308,-0.000854152207134647,-3.7695999999999996,0.0,0.075,0.17,0.045
0.128,14.0,6.143362174369427e+17,2.555428281812333,-0.1710672387514983,-0.01635913113854734,-1.2100483188531848,-0.0665181078251179,0.006954137828057987,-0.6015274219643086,-0.065207332318147,0.003190238486744256,2.6032123275082495,-0.1676962657347953,-0.016625594818988676,-1.1617216411075455,-0.06442509282031711,0.006685125167850238,-0.6467210136013786,-0.09088673794793661,0.003303817455276663,2.568270397052183,-0.16568454959747034,-0.016403577697307537,-1.199369297784604,-0.0890957653255065,0.00675621208234099,-0.6141268980811465,-0.08802695566485434,0.0031276930919390115,2.6028422107315903,-0.08823096470664366,-0.016146454494843105,-1.1860617399496485,-0.16403962644607079,0.006230307207471298,-0.6422429265390583,-0.16080713635354627,0.0028567702037828008,-0.0001734279990571208,-0.08649232554093042,-0.0005179676988145435,-0.00045048537553516257,-0.08545474723658927,-0.0005101738851085462,-0.015374753776320403,-0.15887806351592543,-0.000865213986498044,-3.8304,0.0,0.075,0.17,0.045
0.13,14.0,6.14336292218757e+17,2.5554019564169654,-0.17378259174755384,-0.01637526524135932,-1.1944621030413798,-0.06757395080646898,0.006854846208280294,-0.6061078057741789,-0.06624236933906998,0.003211710315751432,2.6031855532352104,-0.17035811122264916,-0.016641422632385394,-1.1447410031767986,-0.06544771334127453,0.006577643566597626,-0.6518795498974914,-0.09232938458203085,0.003326349774116086,2.5682936936538714,-0.16831446308314446,-0.016419509160811967,-1.1835155813473917,-0.09050998382273677,0.006653155883771204,-0.6189111436469859,-0.08942420892937583,0.003148216134910624,2.6028375924459763,-0.08963145620992372,-0.016154842001649086,-1.169614363776236,-0.16664343004045287,0.006116509859455174,-0.6475201788102481,-0.16335963058138034,0.002873299775746068,-0.0001828537333802059,-0.08786521959713567,-0.0005261507495884713,-0.00047630712573694845,-0.08681117179590021,-0.0005181641185221903,-0.01609480406653423,-0.16139993753998771,-0.0008761511025820038,-3.8912,0.0,0.075,0.17,0.045
0.132,14.0,6.143363717513249e+17,2.5553756532088077,-0.17649794474360936,-0.01639139940696345,-1.1787843827254467,-0.06862979378782005,0.006754993855521359,-0.6106533942708166,-0.06727740635999294,0.003232982396485116,2.603156454662922,-0.17301995671050305,-0.01665723305967428,-1.1276731972666714,-0.06647033386223195,0.0064696240158874,-0.6569970705975922,-0.09377203121612508,0.003348645112088198,2.568315332443685,-0.17094437656881858,-0.01643542842133614,-1.1675722206477688,-0.09192420231996702,0.0065495482741645475,-0.6236604230102978,-0.09082146219389733,0.0031685380887185315,2.6028313192477484,-0.09103194771320378,-0.01616321724095508,-1.1530844537924527,-0.16924723363483493,0.006002202780848406,-0.6527658336790694,-0.1659121248092144,0.0028896483240062024,-0.0001926641671543536,-0.08923811365334092,-0.0005343315595197643,-0.0005032679634089332,-0.08816759635521115,-0.0005261477353768453,-0.016836131377632013,-0.16392181156405003,-0.0008869620449850948,-3.952,0.0,0.075,0.17,0.045
0.134,14.0,6.143364552502714e+17,2.5553493816734614,-0.1792132977396649,-0.016407533705690834,-1.1630171153670785,-0.06968563676917114,0.006654592475737653,-0.6151626842738074,-0.06831244338091591,0.0032540457053394038,2.603125498347881,-0.17568180219835697,-0.016673029541167672,-1.1105206483667407,-0.06749295438318936,0.006361081457300893,-0.6620720421778613,-0.09521467785021932,0.003370694356484237,2.5683356187744075,-0.17357429005449274,-0.01645133773498907,-1.1515414333115406,-0.0933384208171973,0.006445402798983429,-0.6283732746081914,-0.09221871545841884,0.0031886502453112734,2.6028237073807614,-0.09243243921648385,-0.016171582550785393,-1.1364743888326352,-0.17185103722921702,0.005887400499379415,-0.65797845350638,-0.16846461903704849,0.0029058072878521257,-0.00020287077741667687,-0.09061100770954617,-0.0005425100612543508,-0.0005314050232261628,-0.08952402091452209,-0.0005341245177066789,-0.017598980081541187,-0.16644368558811234,-0.000897645325262882,-4.0128,0.0,0.075,0.17,0.045
0.136,14.0,6.143365420756908e+17,2.555323149479865,-0.1819286507357204,-0.016423668194455093,-1.1471622648906523,-0.07074147975052221,0.006553653813699338,-0.6196341737950952,-0.06934748040183887,0.003274891223231811,2.603093063892217,-0.17834364768621083,-0.016688814876204553,-1.0932857291758606,-0.06851557490414677,0.006252030440775563,-0.6671029200500105,-0.09665732448431355,0.003392488306161287,2.568354800616322,-0.17620420354016686,-0.016467238933887445,-1.135425405573001,-0.09475263931442755,0.006340732763982678,-0.6330482292368288,-0.09361596872294033,0.0032085438353115065,2.6028150134966066,-0.0938329307197639,-0.016179939828603152,-1.1197865141990355,-0.17445484082359908,0.005772117288054217,-0.6631565924703814,-0.17101711326488253,0.0029217680414489844,-0.00021348529644455713,-0.0919839017657514,-0.0005506861859300084,-0.0005607562530573474,-0.09088044547383303,-0.0005420942427036412,-0.01838359080609119,-0.16896555961217463,-0.0009081994771838008,-4.0736,0.0,0.075,0.17,0.045
0.138,15.0,6.58218893867788e+17,2.5552969628211692,-0.18464400373177595,-0.016439802919269844,-1.1312218016243911,-0.0717973227318733,0.006452189652952674,-0.6240663624642284,-0.07038251742276184,0.0032955099382340008,2.603059460120877,-0.18100549317406475,-0.01670459134239769,-1.075970770642036,-0.06953819542510419,0.006142485202504539,-0.6720881516107969,-0.09809997111840779,0.003414017693589616,2.568373079343325,-0.178834117025841,-0.016483133505852978,-1.119226299188576,-0.09616685781165782,0.006235551286568059,-0.6376838122074688,-0.09501322198746183,0.0032282100434962015,2.6028054458825864,-0.09523342222304396,-0.016188290614317903,-1.1030231488640951,-0.1770586444179812,0.005656367218686327,-0.6682987987957292,-0.17356960749271663,0.0029375219098659883,-0.00022451971563169917,-0.09335679582195666,-0.0005588598631530727,-0.0005913604198440445,-0.09223687003314399,-0.0005500566826805198,-0.01919020039376086,-0.17148743363623697,-0.0009186230569808747,-4.1344,0.0,0.075,0.17,0.045
0.14,15.0,6.582189565650634e+17,2.5552670751488926,-0.18735935672783147,-0.016455937917294005,-1.1151950796641308,-0.07285316571322437,0.006350211815467001,-0.6284571874387407,-0.0714175544436848,0.0033158928481232617,2.603024938249302,-0.18366733866191862,-0.016720360792696776,-1.058578070508027,-0.07056081594606159,0.006032459728175847,-0.677026178785349,-0.099542617752502,0.00343527320314977,2.5683838330709756,-0.18146403051151513,-0.01649902265912904,-1.1029415079789333,-0.09758107630888807,0.006129871337278128,-0.6422775269652258,-0.09641047525198332,0.003247640021732913,2.6027951735741937,-0.096633913726324,-0.016196636157653464,-1.086186591273535,-0.17966244801236322,0.0055401642051103915,-0.6734036166255465,-0.17612210172055068,0.002953060182451071,-0.00023598628935814905,-0.0947296898781619,-0.0005670310209751812,-0.0006232571151991681,-0.09359329459245491,-0.0005580116050356652,-0.02001904186113392,-0.17400930766029926,-0.0009289146435992305,-4.1952,0.0,0.075,0.17,0.045
0.14200000000000002,15.0,6.58219080999624e+17,2.555227236227059,-0.19007470972388701,-0.01647205070923668,-1.0990797018817333,-0.07390900869457545,0.006247716425817331,-0.6328042156942436,-0.07245259146460778,0.0033360275758447973,2.60298970260147,-0.18632918414977254,-0.016736124734394446,-1.041109900229217,-0.07158343646701902,0.0059219678042460476,-0.6819154401605538,-0.10098526438659625,0.0034562454863925163,2.568385355052311,-0.18409394399718926,-0.01651486666240899,-1.0865718622031515,-0.09899529480611834,0.00602367727903689,-0.6468276223977394,-0.09780772851650482,0.003266818790692326,2.6027843337506797,-0.09803440522960408,-0.016204977472822787,-1.0692791240107966,-0.18226625160674534,0.005423522038000737,-0.6784695876050606,-0.17867459594838475,0.0029683741240629706,-0.0002478975388539148,-0.09610258393436714,-0.0005751995858700541,-0.0006564867607223281,-0.09494971915176587,-0.0005659587722194002,-0.02087034435907003,-0.17653118168436158,-0.0009390728389393659,-4.256,0.0,0.075,0.17,0.045
0.14400000000000002,15.0,6.582192324542833e+17,2.555179363899175,-0.19279006271994256,-0.01648810379368201,-1.082878983599746,-0.07496485167592654,0.006144689101234841,-0.6371062484077772,-0.07348762848553077,0.003355899523252277,2.6029539193340168,-0.18899102963762646,-0.016751884393434578,-1.0235685105628973,-0.07260605698797644,0.005811023059447444,-0.6867543727864375,-0.10242791102069049,0.00347692517483918,2.5683793971917823,-0.1867238574828634,-0.016530655275211047,-1.0701206208486866,-0.10040951330334862,0.0059169740933988175,-0.6513328687657327,-0.09920498178102634,0.0032857358437002786,2.6027730377372036,-0.09943489673288414,-0.016213315382901383,-1.0523030175348396,-0.18487005520112743,0.0053064544128580155,-0.6834952522323453,-0.18122709017621885,0.0029834549845730507,-0.0002602662560558193,-0.09747547799057239,-0.0005833654827103108,-0.0006910906130295842,-0.0963061437110768,-0.0005738979417021268,-0.02174433313359897,-0.17905305570842392,-0.0009490962680961233,-4.316800000000001,0.0,0.075,0.17,0.045
0.146,14.0,6.143371700893012e+17,2.5551287597009082,-0.19550541571599805,-0.01650410867769104,-1.0665986367566394,-0.07602069465727761,0.0060411497336548105,-0.6413625869539211,-0.07452266550645373,0.003375501497407941,2.602917723537366,-0.19165287512548032,-0.016767640766756985,-1.0059561360731202,-0.07362867750893384,0.005699638998323781,-0.6915414137086308,-0.10387055765478471,0.0034973028907899165,2.5683673819695203,-0.18935377096853753,-0.01654639900896192,-1.0535908233360467,-0.10182373180057887,0.005809781334288646,-0.6557919880363716,-0.10060223504554783,0.00330438380232111,2.6027613758760944,-0.10083538823616418,-0.016221650555840208,-1.0352605331638318,-0.18747385879550948,0.005188974952435981,-0.6884791510209444,-0.1837795844040529,0.0029982940069697545,-0.0002731055074572043,-0.09884837204677763,-0.0005915286347443308,-0.0007271107684952736,-0.09766256827038775,-0.0005818288659441489,-0.02264122948754507,-0.1815749297324862,-0.0009589835795933235,-4.3776,0.0,0.075,0.17,0.045
0.148,14.0,6.143372838073978e+17,2.555082936999728,-0.19822076871205357,-0.016520097170477772,-1.0502459501991492,-0.07707653763862866,0.005937132594708064,-0.6455728569707503,-0.07555770252737669,0.0033948293065592665,2.6028812250158113,-0.19431472061333419,-0.0167833946649042,-0.9882749987504182,-0.07465129802989125,0.005587829028259374,-0.6962750012829927,-0.10531320428887893,0.003517369256518511,2.5683572498968235,-0.19198368445421166,-0.01656210639854239,-1.0369901270916744,-0.10323795029780912,0.005702117238229425,-0.6602046590126508,-0.1019994883100693,0.0033227549983578138,2.6027494214803037,-0.10223587973944423,-0.016229983533693232,-1.0181539254451237,-0.19007766238989154,0.0050710972246436415,-0.6934198255105365,-0.18633207863188694,0.0030128824343343447,-0.0002864286379500935,-0.10022126610298286,-0.0005996889635731539,-0.0007645901677036471,-0.09901899282969867,-0.0005897512923672204,-0.023561250742889166,-0.1840968037565485,-0.0009687334456140206,-4.4384,0.0,0.075,0.17,0.045
0.15,14.0,6.14337284471885e+17,2.5550410040082396,-0.2009361217081091,-0.01653611435224702,-1.0338223077233364,-0.07813238061997974,0.005832681417475017,-0.6497354409264481,-0.07659273954829965,0.0034138807045347042,2.602855299063599,-0.19697656610118808,-0.016799146746701996,-0.9705350059668738,-0.07567391855084865,0.005475606481197418,-0.7009551218204637,-0.10675585092297316,0.0035371149021601175,2.5683517785770147,-0.19461359793988575,-0.016577825087020256,-1.020322560394659,-0.10465216879503937,0.00559402774977981,-0.6645698005604082,-0.10339674157459079,0.00334084750462836,2.6027372340419777,-0.10363637124272428,-0.01623831475633817,-1.000985444025774,-0.19268146598427358,0.004952834756765101,-0.6983158191548038,-0.188884572859721,0.0030272115159048936,-0.0003002492746594115,-0.1015941601591881,-0.0006078463891274281,-0.0008035725996081287,-0.1003754173890096,-0.0005976649633278357,-0.024504610203875,-0.18661867778061078,-0.0009783445622263296,-4.499199999999999,0.0,0.075,0.17,0.045
0.152,14.0,6.143373138573523e+17,2.5550022441554154,-0.20365147470416461,-0.016552154872274426,-1.0173292192250412,-0.07918822360133082,0.0057278045047320335,-0.6538487528790857,-0.07762777656922262,0.003432645986143353,2.6028429378933393,-0.19963841158904197,-0.016814962263915847,-0.9527404628845112,-0.07669653907180608,0.005363030801370406,-0.7055806292152234,-0.1081984975570674,0.0035565397455803783,2.568350085584665,-0.1972435114255599,-0.01659357174001545,-1.003589571222257,-0.10606638729226964,0.005485537038614337,-0.6688857987303514,-0.1047939948391123,0.003358654834327775,2.602724861836491,-0.10503686274600435,-0.016246644580727894,-0.9837573351166132,-0.1952852695786557,0.0048342010466827096,-0.7031656781100425,-0.19143706708755506,0.0030412725124034927,-0.00031458133076884604,-0.10296705421539336,-0.0006160008296444038,-0.0008441027053960896,-0.10173184194832055,-0.0006055696160922746,-0.025471517120866923,-0.1891405518046731,-0.0009878156496047885,-4.56,0.0,0.075,0.17,0.045
0.154,14.0,6.143373654684996e+17,2.554966075251468,-0.20636682770022016,-0.016568214431133814,-1.0007682924269368,-0.0802440665826819,0.005622510915854155,-0.657911232435793,-0.0786628135901456,0.003451115635733641,2.602841577124746,-0.2023002570768959,-0.01683085916982141,-0.9348917121647786,-0.0777191595927635,0.005250127819750486,-0.7101495884213046,-0.10964114419116164,0.00357563691014437,2.568351454378082,-0.19987342491123405,-0.016609341062975392,-0.9867927269713226,-0.1074806057894999,0.005376653792596542,-0.6731510700557184,-0.10619124810363381,0.0033761673037603058,2.6027123440358477,-0.10643735424928441,-0.016254973296514652,-0.966471842625538,-0.19788907317303778,0.004715209571661453,-0.7079679519434955,-0.19398956131538916,0.0030550567007679203,-0.0003294390093379284,-0.1043399482715986,-0.0006241522016449786,-0.0008862259820571073,-0.1030882665076315,-0.0006134649828134126,-0.026462176654965645,-0.1916624258287354,-0.0009971454522472109,-4.6208,0.0,0.075,0.17,0.045
0.156,14.0,6.143374350456407e+17,2.5549320242801046,-0.20908218069627568,-0.016584289535686463,-0.9841412153830791,-0.08129990956403298,0.005516810297177423,-0.6619213411325852,-0.07969785061106856,0.0034692802909483465,2.6028491296324807,-0.20496210256474975,-0.016846822078136973,-0.9169894329515589,-0.0787417801137209,0.005136899592306347,-0.714660143116097,-0.11108379082525585,0.0035943947855762923,2.568355303118181,-0.20250333839690818,-0.016625128756649944,-0.9699336928416281,-0.10889482428673015,0.005267387416107555,-0.6773640570098577,-0.10758850136815529,0.003393375412125379,2.6026997124238886,-0.10783784575256446,-0.016263301138730472,-0.9491312090216182,-0.20049287676741984,0.004595873795148709,-0.7127211942767234,-0.1965420555432232,0.0030685553784016335,-0.0003448368071098973,-0.10571284232780384,-0.0006323004199107955,-0.0009299887856527598,-0.10444469106694243,-0.000621350790509312,-0.027476789843388534,-0.1941842998527977,-0.0010063327391869924,-4.6815999999999995,0.0,0.075,0.17,0.045
0.158,14.0,6.143375192238118e+17,2.5548997069193957,-0.21179753369233123,-0.016600377347834615,-0.9674497421743363,-0.08235575254538406,0.00541071277702617,-0.6658775595794978,-0.08073288763199153,0.003487130721003562,2.602863896759216,-0.20762394805260367,-0.01686283846611051,-0.8990345793763321,-0.07976440063467832,0.005023350193901284,-0.7191105023386491,-0.11252643745935009,0.0036128022339404816,2.568361159348461,-0.20513325188258233,-0.01664093133000458,-0.9530142141809387,-0.11030904278396043,0.005157747900346006,-0.681523224409255,-0.1089857546326768,0.0034102698142630854,2.6026869927883296,-0.10923833725584453,-0.0162716282980784,-0.9317376759801786,-0.20309668036180192,0.004476207171958897,-0.7174239633763432,-0.19909454977105728,0.0030817598670339966,-0.00036078951830990084,-0.1070857363840091,-0.0006404453974613953,-0.0009754383342860855,-0.10580111562625338,-0.0006292267610436038,-0.028515553565620917,-0.19670617387686004,-0.0010153763042008291,-4.7424,0.0,0.075,0.17,0.045
0.16,14.0,6.143376153252017e+17,2.554868810904227,-0.21451288668838672,-0.016616475561646697,-0.9506956812029458,-0.08341159552673513,0.005304228879885607,-0.6697783852238722,-0.08176792465291449,0.0035046578095594997,2.6028844960462325,-0.21028579354045754,-0.016878898141798042,-0.8810283303055347,-0.08078702115563573,0.004909485349324179,-0.7234989297548347,-0.11396908409344432,0.003630848509471229,2.5683686394343783,-0.20776316536825643,-0.016656745948300303,-0.9360361020557889,-0.11172326128119069,0.005047745717398488,-0.6856270565797842,-0.1103830078971983,0.00342684129907234,2.6026742060505246,-0.11063882875912458,-0.016279954929284725,-0.914293484849644,-0.20570048395618398,0.004356223152143968,-0.7220748227020966,-0.20164704399889133,0.003094661516264711,-0.00037731223843307833,-0.10845863044021434,-0.0006485870455314267,-0.0010226227107689183,-0.10715754018556431,-0.0006370926111076694,-0.029578660510344617,-0.19922804790092233,-0.0010242749660118085,-4.8031999999999995,0.0,0.075,0.17,0.045
0.162,14.0,6.143376534974116e+17,2.5548390825097016,-0.21722823968444227,-0.016632582303532012,-0.9338808856041835,-0.08446743850808622,0.005197369456169157,-0.6736223306128682,-0.08280296167383747,0.0035218525413002084,2.6029042817949715,-0.21294763902831146,-0.016894992810447262,-0.8629680508393973,-0.08180964167659316,0.00479531213177365,-0.727822973453256,-0.11541173072753856,0.003648523194163777,2.5683739590696155,-0.21039307885393058,-0.016672570309729854,-0.9189987247831716,-0.11313747977842095,0.004937391733664208,-0.6896735670728122,-0.1117802611617198,0.0034430807725083865,2.602661369182365,-0.11203932026240465,-0.016288281157877577,-0.8968008769733865,-0.20830428755056607,0.004235935183794468,-0.7266723414202457,-0.20419953822672543,0.0031072517068522266,-0.00039442036802205666,-0.10983152449641959,-0.0006567252735479191,-0.0010715908649853907,-0.10851396474487526,-0.0006449480522046381,-0.030666299143149844,-0.20174992192498464,-0.0010330275684878403,-4.864,0.0,0.075,0.17,0.045
0.164,15.0,6.58219933897591e+17,2.554810315570053,-0.21994359268049782,-0.016648696051141196,-0.9170072453825117,-0.0855232814894373,0.005090145624688477,-0.6774079220590973,-0.08383799869476044,0.0035387059915086465,2.602913137459242,-0.21560948451616538,-0.016911082597866823,-0.8448485803522764,-0.08283226219755058,0.004680814731851081,-0.732079718435301,-0.1168543773616328,0.0036658115765497387,2.5683727279813207,-0.21302299233960473,-0.01668838170845532,-0.9019010116404983,-0.11455169827565123,0.004826682159045122,-0.6936606944254974,-0.1131775144262413,0.0034589763158794262,2.6026484959504237,-0.11343981176568471,-0.016296607085688298,-0.879262093893634,-0.21090809114494816,0.00411535671497063,-0.7312150948887433,-0.2067520324545595,0.003119521853794117,-0.00041212961643338086,-0.11120441855262483,-0.0006648599891076167,-0.0011223926159499773,-0.1098703893041862,-0.0006527927906352049,-0.03177865367503638,-0.20427179594904699,-0.001041632980835383,-4.9248,0.0,0.075,0.17,0.045
0.166,14.0,6.143377158595955e+17,2.554782342557432,-0.22265894567655334,-0.01666481556747964,-0.900076680952442,-0.08657912447078837,0.00498256872547034,-0.6811336986316643,-0.0848730357156834,0.0035552093180604835,2.6029131418505447,-0.21827133000401924,-0.016927106804779567,-0.8266735824844718,-0.08385488271850798,0.004565962185802611,-0.7362679451244142,-0.11829702399572702,0.0036826961666374435,2.5683680178301644,-0.21565290582527885,-0.016704153802839596,-0.8847472630435952,-0.11596591677288147,0.004715610569205701,-0.6975874313254131,-0.11457476769076279,0.0034745155604084077,2.602635597519892,-0.11484030326896476,-0.01630493279531633,-0.8616793774594128,-0.21351189473933022,0.003994501194925823,-0.7357016651193923,-0.20930452668239355,0.0031314634092380984,-0.00043045600559239126,-0.11257731260883007,-0.0006729910979543801,-0.0011750786535585334,-0.11122681386349714,-0.0006606265274852831,-0.03291590403170988,-0.20679366997310927,-0.0010500900977884373,-4.9856,0.0,0.075,0.17,0.045
0.168,14.0,6.143377736456303e+17,2.554755027334174,-0.22537429867260889,-0.016680939847380245,-0.883091137823475,-0.08763496745213946,0.004874650281001815,-0.6847982114099436,-0.08590807273660638,0.0035713537553703476,2.602905975284544,-0.22093317549187316,-0.016943077904054506,-0.8084464401681724,-0.0848775032394654,0.004450776475470038,-0.7403863852364528,-0.11973967062982127,0.0036991696469675576,2.5683669418555186,-0.218282819310953,-0.016719905022846707,-0.8675447078708312,-0.11738013527011175,0.004604202766640901,-0.7014533360012316,-0.11597202095528429,0.0034896924622207733,2.602622682944728,-0.11624079477224483,-0.016313258353752823,-0.8440549698565042,-0.2161156983337123,0.0038733820747542027,-0.7401306412211387,-0.21185702091022765,0.003143067865254988,-0.00044941587373604634,-0.11395020666503533,-0.0006811185039566576,-0.0012297005400308686,-0.1125832384228081,-0.0006684489586154974,-0.03407822582367894,-0.2093155439971716,-0.0010583978397927702,-5.0464,0.0,0.075,0.17,0.045
0.17,14.0,6.143451704966424e+17,2.554728259264625,-0.22808965166866438,-0.01669706807401703,-0.8660525822172098,-0.08869081043349053,0.0047664019643399065,-0.6884000229491604,-0.08694310975752934,0.0035871306099144857,2.60289300532569,-0.22359502097972703,-0.016959005977585626,-0.7901703156722265,-0.0859001237604228,0.004335277898446498,-0.744433734816203,-0.12118231726391548,0.0037152244078352244,2.5683688032377354,-0.2209127327966271,-0.016735678047912875,-0.8502949449003621,-0.118794353767342,0.004492502124620935,-0.7052568857939225,-0.11736927421980578,0.003504504370688555,2.6026101189201905,-0.11764128627552488,-0.01632158381532152,-0.826391374964797,-0.21871950192809436,0.0037520128075704587,-0.7445006688098252,-0.2144095151380617,0.003154326756498462,-0.00046902587914318146,-0.11532310072124057,-0.0006892421090850271,-0.0012863107110434734,-0.11393966298211902,-0.000676259774652529,-0.03526579031715835,-0.21183741802123388,-0.0010665551531853295,-5.1072,0.0,0.075,0.17,0.045
0.17200000000000001,15.0,6.58227465736383e+17,2.554701948431489,-0.23080500466471993,-0.01671319958357607,-0.8489629974435455,-0.08974665341484162,0.004657835572814209,-0.6919377069169463,-0.08797814677845231,0.0036025312570242486,2.602880865581611,-0.22625686646758095,-0.01697489923075963,-0.7718522325350464,-0.08692274428138023,0.0042194854283450775,-0.7484094028610413,-0.12262496389800973,0.00373085262550916,2.568373043546034,-0.22354264628230125,-0.01675146869712022,-0.8329996729197728,-0.12020857226457227,0.004380518235814739,-0.7089965864732076,-0.11876652748432728,0.003518942149857572,2.6025985105754663,-0.11904177777880494,-0.016329911380193973,-0.8086912720027375,-0.22132330552247648,0.003630408416653923,-0.7488104337896804,-0.21696200936589577,0.003165231956663577,-0.0004893030038516815,-0.11669599477744581,-0.0006973618133898158,-0.0013449624765511045,-0.11529608754142998,-0.000684058660982319,-0.036478764405783994,-0.2143592920452962,-0.001074561010368827,-5.168,0.0,0.075,0.17,0.045
0.17400000000000002,15.0,6.582275008488915e+17,2.5546760217495126,-0.23352035766077547,-0.01672933383655359,-0.8318243808953502,-0.0908024963961927,0.004548963006284118,-0.695409847867631,-0.08901318379937528,0.0036175471387054265,2.602879662781054,-0.22891871195543484,-0.016990797465222276,-0.7535017716115756,-0.08794536480233765,0.004103441206396253,-0.7523132669785422,-0.12406761053210397,0.0037460507539736243,2.568372423888472,-0.2261725597679754,-0.01676727361988406,-0.815655727484094,-0.12162279076180255,0.004268261292947821,-0.7126700446598045,-0.1201637807488488,0.003532996834346153,2.6025876795665597,-0.12044226928208501,-0.016338244679145308,-0.7909567715440209,-0.22392710911685856,0.0035085849773152738,-0.7530585235915498,-0.21951450359372987,0.0031757755811757035,-0.0005102645573620358,-0.11806888883365108,-0.0007054775149787964,-0.0014057100212960167,-0.11665251210074092,-0.0006918452977451388,-0.037717310583144446,-0.21688116606935853,-0.0010824144099814473,-5.228800000000001,0.0,0.075,0.17,0.045
0.176,14.0,6.143453072080406e+17,2.554650419808178,-0.236235710656831,-0.01674547039443806,-0.8146387415469273,-0.09185833937754377,0.004439796249106839,-0.6988150411274882,-0.09004822082029824,0.0036321697622839965,2.6028873101516377,-0.23158055744328873,-0.017006761321346056,-0.735119595775404,-0.08896798532329506,0.003987202717729683,-0.7561435777778033,-0.12551025716619818,0.0037608180588740645,2.5683682092230433,-0.22880247325364952,-0.01678304938285273,-0.7982661317746349,-0.1230370092590328,0.004155712309350367,-0.7162760348431305,-0.12156103401337028,0.0035466540638786057,2.6025774819143686,-0.12184276078536506,-0.016346582642111546,-0.7731900092471414,-0.22653091271124062,0.003386555152996682,-0.7572435394316616,-0.22206699782156392,0.0031859491546199154,-0.0005319281803267328,-0.11944178288985631,-0.0007135891099949657,-0.001468608405003713,-0.11800893666005186,-0.000699619359832535,-0.038981586916134375,-0.21940304009342082,-0.0010901143770616583,-5.2896,0.0,0.075,0.17,0.045
0.178,14.0,6.14345359300551e+17,2.554625094306653,-0.2389510636528865,-0.01676160890076639,-0.7974080978629041,-0.09291418235889483,0.004330347355128195,-0.702151892769275,-0.0910832578412212,0.003646390699717602,2.6028966003202365,-0.2342424029311426,-0.017022778278496683,-0.7167025890833305,-0.08999060584425246,0.0038707739395869092,-0.7598979258777386,-0.12695290380029242,0.003775144043865065,2.568367534588726,-0.23143238673932362,-0.0167988035757742,-0.7808381942119013,-0.12445122775626304,0.004042889424110231,-0.7198141339617836,-0.12295828727789176,0.003559906485391432,2.6025678007627535,-0.1232432522886451,-0.01635492440521808,-0.7553931404209836,-0.22913471630562268,0.003264331757649113,-0.7613640956187141,-0.22461949204939796,0.003195744284293582,-0.0005543118482249405,-0.12081467694606154,-0.0007216964925944089,-0.001533713562264169,-0.11936536121936278,-0.0007073805168861545,-0.04027174701913454,-0.2219249141174831,-0.0010976599632080925,-5.3504,0.0,0.075,0.17,0.045
0.18,14.0,6.143453963230513e+17,2.5546000059698977,-0.241666416648942,-0.01677774906573357,-0.7801344760414936,-0.0939700253402459,0.0042206284351359495,-0.7054190196585532,-0.09211829486214416,0.003660201587442785,2.6028969595608853,-0.23690424841899646,-0.017038805092435397,-0.6982451409913082,-0.09101322636520986,0.0037541361763087236,-0.7635734772349668,-0.12839555043438663,0.003789014252660112,2.568369720864664,-0.23406230022499774,-0.016814579008882346,-0.7633735279891465,-0.1258654462534933,0.003929836487750448,-0.723282869640001,-0.12435554054241325,0.0035727515605162223,2.602558541268264,-0.12464374379192515,-0.016363269267328073,-0.7375683361021101,-0.2317385199000047,0.0031419277231258735,-0.765418819168933,-0.227171986277232,0.0032051526560488925,-0.0005774338750219102,-0.12218757100226678,-0.000729799554924251,-0.001601082302097574,-0.12072178577867371,-0.0007151284332984572,-0.04158794002902313,-0.2244467881415454,-0.001105050246734465,-5.411199999999999,0.0,0.075,0.17,0.045
0.182,15.0,6.582277149808292e+17,2.5545751228556797,-0.24438176964499755,-0.016793890653689372,-0.7628199085302457,-0.09502586832159698,0.00411065164631938,-0.7086150495575929,-0.09315333188306714,0.0036735941266529165,2.602890094558505,-0.23956609390685038,-0.017054778320806412,-0.6797506768506069,-0.0920358468861673,0.0036372557646308454,-0.7671690316708492,-0.12983819706848088,0.0038024116809989156,2.568374223992031,-0.2366922137106719,-0.016830371607452016,-0.7458738436099032,-0.12727966475072355,0.003816563179430538,-0.7266807986719833,-0.12575279380693477,0.003585180454998397,2.6025496264527055,-0.12604423529520523,-0.016371616659380816,-0.719717779805996,-0.23434232349438683,0.00301935607564634,-0.769406349563637,-0.22972448050506608,0.0032141660319832013,-0.0006013129168125274,-0.12356046505847203,-0.0007378981871007008,-0.0016707723072037154,-0.12207821033798466,-0.0007228627682153225,-0.04293031058102295,-0.2269686621656077,-0.0011122843328195075,-5.4719999999999995,0.0,0.075,0.17,0.045
0.184,15.0,6.582277492344668e+17,2.5545504189791597,-0.2470971226410531,-0.016810033472980396,-0.7454664327637529,-0.09608171130294807,0.004000429183363786,-0.7117386212754717,-0.09418836890399011,0.0036865600839216172,2.602882903342551,-0.24222793939470427,-0.017070708203719257,-0.6612264728362887,-0.09305846740712471,0.003520153256660893,-0.7706840711766433,-0.13128084370257512,0.0038153291278096445,2.568373816758551,-0.23932212719634605,-0.016846178107130263,-0.7283359360838267,-0.12869388324795383,0.003703079762171696,-0.7300056045349009,-0.12715004707145627,0.0035971845096031624,2.6025409938371227,-0.12744472679848529,-0.016379966119507143,-0.7018436648267781,-0.23694612708876892,0.0028966299163033626,-0.7733253386213687,-0.23227697473290018,0.0032227762489844204,-0.0006259679754484275,-0.12493335911467728,-0.0007459922771871886,-0.001742842132894217,-0.12343463489729561,-0.0007305831755405514,-0.04429899878538884,-0.22949053618967005,-0.0011193613536518827,-5.5328,0.0,0.075,0.17,0.045
0.186,14.0,6.143455326598188e+17,2.554525873195481,-0.2498124756371086,-0.01682617736769761,-0.7280760900823291,-0.09713755428429914,0.0038899732708767227,-0.7147883848550359,-0.09522340592491307,0.0036990912921033518,2.6028857078731096,-0.24488978488255816,-0.017086636129350657,-0.6426823538107731,-0.09408108792808212,0.003402872309449239,-0.7741185274036315,-0.13272349033666933,0.003827763485039844,2.5683697735975173,-0.24195204068202014,-0.016861955144643424,-0.7107628476059524,-0.13010810174518408,0.003589367006031856,-0.7332561087307559,-0.12854730033597775,0.0036087498251935394,2.602532592709987,-0.12884521830176535,-0.01638831727283333,-0.6839481919834749,-0.23954993068315097,0.0027737624048617625,-0.7771744504620297,-0.23482946896073423,0.003230975217963807,-0.0006514184021480793,-0.1263062531708825,-0.0007540817111726045,-0.00181735120570693,-0.12479105945660654,-0.000738289303942274,-0.04569414020493953,-0.23201241021373234,-0.001126280468570061,-5.5935999999999995,0.0,0.075,0.17,0.045
0.188,14.0,6.143455817711402e+17,2.5545014682919676,-0.25252782863316414,-0.016842322210971872,-0.7106509247981877,-0.09819339726565023,0.0037792961569000734,-0.7177630017892461,-0.09625844294583605,0.003711179651455199,2.6028936829127676,-0.24755163037041206,-0.01710262402946113,-0.6241169223614668,-0.09510370844903954,0.0032854718721704013,-0.7774703816242193,-0.13416613697076357,0.0038397143425972073,2.568369237232336,-0.2445819541676943,-0.016877710366591272,-0.6931619450590729,-0.13152232024241436,0.0034754431641812284,-0.7364319156195899,-0.12994455360049925,0.0036198693307815397,2.6025243819100847,-0.1302457098050454,-0.016396669815090192,-0.6660335677296535,-0.24215373427753306,0.002650766746235651,-0.7809523615447967,-0.2373819631885683,0.0032387549236407684,-0.000677683901089232,-0.12767914722708776,-0.0007621663729496381,-0.0018943598217018617,-0.1261474840159175,-0.0007459807968612634,-0.04711586583343795,-0.23453428423779465,-0.0011330408641971308,-5.6544,0.0,0.075,0.17,0.045
0.19,14.0,6.143456271148191e+17,2.554477190250607,-0.25524318162921966,-0.016858467899527125,-0.6931929833818671,-0.0992492402470013,0.0036684101073071185,-0.7206611452608437,-0.09729347996675901,0.003722817130934923,2.6028956260299965,-0.2502134758582659,-0.0171186429526262,-0.6055240233764027,-0.09612632896999694,0.003167943560348819,-0.7807368176023376,-0.13560878360485779,0.0038511695881161697,2.568371534791677,-0.24721186765336842,-0.01689348662931423,-0.6755348408926795,-0.13293653873964462,0.00336135243791657,-0.7395316101556506,-0.13134180686502075,0.003630540652527415,2.6025163280271353,-0.13164620130832544,-0.016405023499310462,-0.6481020025589972,-0.24475753787191512,0.0025276561791464304,-0.7846577607651022,-0.23993445741640235,0.0032461074247703667,-0.0007047845329831099,-0.129052041283293,-0.0007702461442932226,-0.0019739291444381083,-0.12750390857522842,-0.0007536572925211593,-0.04856430207482394,-0.23705615826185694,-0.001139641754570514,-5.715199999999999,0.0,0.075,0.17,0.045
0.192,14.0,6.143456845671652e+17,2.554453027648884,-0.2579585346252752,-0.016874614349255294,-0.6757043137467976,-0.10030508322835238,0.003557327400921088,-0.7234815004003774,-0.09832851698768198,0.0037339957696389705,2.60289004538235,-0.25287532134611984,-0.017134625684256697,-0.5869047101024919,-0.09714894949095437,0.0030502504433126895,-0.7839162828185379,-0.13705143023895203,0.0038621123241803132,2.5683726544962706,-0.24984178113904257,-0.01690927989558432,-0.6578806701189848,-0.13435075723687487,0.0032471045019348277,-0.7425533578685798,-0.13273906012954226,0.00364075530015665,2.6025084039414326,-0.13304669281160553,-0.016413378125032446,-0.630155709651781,-0.2473613414662972,0.0024044439665562,-0.7882893495988174,-0.24248695164423645,0.003253024854725194,-0.0007327407186297301,-0.13042493533949825,-0.0007783209048390908,-0.002056121202631352,-0.12886033313453937,-0.0007613184239406075,-0.05003957072330303,-0.23957803228591926,-0.0011460823812665718,-5.776,0.0,0.075,0.17,0.045
0.194,15.0,6.58227980660965e+17,2.554428971173,-0.26067388762133076,-0.01689076149162129,-0.6581869646138702,-0.10136092620970347,0.003446060325222565,-0.7262227645586601,-0.09936355400860496,0.0037447076783506347,2.6028838947429915,-0.25553716683397376,-0.01715056327329794,-0.5682663376668042,-0.09817157001191179,0.002932398840543481,-0.7870083095502725,-0.13849407687304627,0.0038725332356729495,2.568371494145916,-0.2524716946247167,-0.016925066094725924,-0.64020072116836,-0.13576497573410515,0.0031326941663092777,-0.7454957139229126,-0.13413631339406376,0.0036505022668470964,2.602500587638639,-0.1344471843148856,-0.01642173352953791,-0.6121969037175754,-0.2499651450606793,0.0022811433875466105,-0.7918458422840186,-0.24503944587207052,0.003259499422360481,-0.0007615732424537064,-0.1317978293957035,-0.0007863905320624427,-0.002140998887491563,-0.13021675769385033,-0.0007689638189473138,-0.051541788944294786,-0.2420999063099816,-0.0011523620135200714,-5.8368,0.0,0.075,0.17,0.045
0.196,14.0,6.143457659449394e+17,2.554405013222407,-0.2633892406173863,-0.016906909270742315,-0.6406429849413849,-0.10241676919105454,0.0033346211725368935,-0.7288836475903732,-0.10039859102952792,0.0037549450411747927,2.602887541445765,-0.2581990123218276,-0.017166497442388916,-0.5496188213998723,-0.0991941905328692,0.00281443288280361,-0.7900128698342959,-0.1399367235071405,0.003882429516258792,2.5683716399502403,-0.25510160811039084,-0.016940838613537842,-0.6224997541251983,-0.1371791942313354,0.003018129161622148,-0.7483578536614727,-0.13553356665858524,0.003659772883585964,2.6024928612478804,-0.13584767581816562,-0.01643008958074083,-0.5942277999977827,-0.25256894865506135,0.0021577677303750843,-0.7953259660325873,-0.24759194009990457,0.003265523413104684,-0.0007913032560198948,-0.13317072345190875,-0.0007944549012567303,-0.0022286259497406374,-0.13157318225316125,-0.0007765931001940182,-0.05307106925624424,-0.2446217803340439,-0.0011584799483384946,-5.8976,0.0,0.075,0.17,0.045
0.198,14.0,6.143458222856204e+17,2.5543811473776015,-0.2661045936134418,-0.016923057641015093,-0.62307442325156,-0.10347261217240562,0.003223022236613876,-0.731462872119169,-0.10143362805045089,0.003764700117239534,2.602893590229671,-0.26086085780968155,-0.01718249039553268,-0.5309587947850753,-0.10021681105382661,0.002696412062076274,-0.7929277084513877,-0.14137937014123475,0.003891800998158367,2.568371016338513,-0.257731521596065,-0.016956618969277835,-0.6047783232485886,-0.13859341272856568,0.0029034380483797958,-0.7511382364201559,-0.13693081992310677,0.0036685622024301956,2.602485210261079,-0.1372481673214457,-0.016438446171415957,-0.5762506133984187,-0.25517275224944347,0.0020343302864900357,-0.7987284612653787,-0.25014443432773864,0.0032710891902290925,-0.0008219522815282251,-0.134543617508114,-0.0008025138855125647,-0.0023190669963097836,-0.1329296068124722,-0.0007842058851763895,-0.05462751951329946,-0.2471436543581062,-0.0011644355106111717,-5.9584,0.0,0.075,0.17,0.045
0.2,14.0,6.143458644691176e+17,2.554357367510211,-0.2688199466094973,-0.01693920656392259,-0.605483326688903,-0.1045284551537567,0.0031112758085868196,-0.7339591737560945,-0.10246866507137385,0.003773965242286771,2.6028913260466306,-0.2635227032975354,-0.017198497761163237,-0.5122803871797009,-0.10123943157478403,0.002578316179261748,-0.7957501756409427,-0.14282201677532896,0.003900634150056353,2.5683701043492384,-0.2603614350817391,-0.016972394708521514,-0.5870388880193356,-0.14000763122579593,0.002788624152136756,-0.753835659376614,-0.13832807318762824,0.0036768609793951653,2.6024776228993707,-0.13864865882472574,-0.01644680321451483,-0.5582675577290689,-0.25777655584382553,0.0019108443453275587,-0.8020520818658783,-0.2526969285555727,0.003276189196258836,-0.0008535422152870548,-0.13591651156431922,-0.0008105673556967459,-0.0024123874867165687,-0.13428603137178313,-0.00079180178625284,-0.05621124288885841,-0.2496655283821685,-0.0011702280532132142,-6.0192,0.0,0.075,0.17,0.045
0.202,14.0,6.143459090855441e+17,2.554333668353083,-0.27153529960555284,-0.016955356002694585,-0.5878717411631725,-0.10558429813510778,0.002999394171322772,-0.736371301503784,-0.10350370209229684,0.003782732829982786,2.602887861162821,-0.26618454878538933,-0.01721445524899212,-0.4935910926767119,-0.10226205209574145,0.002460110010503757,-0.7984798665886271,-0.1442646634094232,0.003908913073389117,2.5683720972173774,-0.26299134856741324,-0.016988168717499908,-0.5692859248433744,-0.14142184972302618,0.0026737022297778565,-0.7564492796979215,-0.13972532645214975,0.0036846619975467857,2.6024700895988975,-0.1400491503280058,-0.01645516063936426,-0.5402808450284651,-0.2603803594382076,0.0017873231897451679,-0.8052955954482376,-0.2552494227834068,0.003280815954494829,-0.0008860953311643684,-0.1372894056205245,-0.0008186151804314247,-0.0025086537291216056,-0.13564245593109409,-0.0007993804106662651,-0.057822337859987964,-0.25218740240623083,-0.0011758569571042345,-6.08,0.0,0.075,0.17,0.045
0.20400000000000001,14.0,6.143459560326651e+17,2.554310045601986,-0.2742506526016084,-0.016971505925728148,-0.5702417111457724,-0.10664014111645886,0.0028873896002802823,-0.7386980180977695,-0.10453873911321981,0.003790995374343386,2.60288813972659,-0.26884639427324325,-0.017230405532616386,-0.47489677847406797,-0.10328467261669887,0.002341838520360078,-0.80111611975477,-0.14570731004351745,0.003916635339270658,2.5683729698313313,-0.2656212620530874,-0.01700396015562279,-0.5515185176012143,-0.14283606822025646,0.0025586991397387074,-0.7589773541477679,-0.14112257971667125,0.003691960199887502,2.6024626025934823,-0.1414496418312859,-0.0164635183885811,-0.5222926849607369,-0.2629841630325897,0.0016637800919752522,-0.8084577836363733,-0.2578019170112409,0.0032849620706219803,-0.0009196342840161417,-0.13866229967672974,-0.0008266572260733922,-0.0026079328760649665,-0.13699888049040504,-0.0008069413605677006,-0.0594608981927177,-0.2547092764302931,-0.001181321631421831,-6.1408000000000005,0.0,0.075,0.17,0.045
0.20600000000000002,14.0,6.143460013830021e+17,2.554286495734747,-0.27696600559766393,-0.0169876563071979,-0.5525952792562665,-0.10769598409780994,0.0027752743622877748,-0.7409381003094104,-0.10557377613414277,0.0037987454517817605,2.602889097776965,-0.2715082397610971,-0.017246378276926124,-0.45619729191947533,-0.10430729313765627,0.00222353691201847,-0.8036572934362188,-0.14714995667761166,0.003923796978462951,2.5683699692300785,-0.2682511755387615,-0.017019744872220556,-0.5337366960200967,-0.14425028671748671,0.0024436093853023653,-0.7614183153429036,-0.14251983298119275,0.003698745126999451,2.602455155575932,-0.14285013333456592,-0.016471876415568288,-0.5043052842694085,-0.26558796662697176,0.0015402283100025907,-0.8115374423514288,-0.26035441123907493,0.00328862023438379,-0.0009541821130911747,-0.14003519373293496,-0.0008346933566935129,-0.002710292919882483,-0.13835530504971597,-0.000814484233041906,-0.06112701292821113,-0.2572311504543554,-0.001186621513569826,-6.2016,0.0,0.075,0.17,0.045
0.20800000000000002,14.0,6.143460436381431e+17,2.5542630158644233,-0.27968135859371945,-0.017003807125970796,-0.5349344858743195,-0.10875182707916102,0.002663060713062633,-0.7430903392510458,-0.10660881315506575,0.003805975722926068,2.602890605487404,-0.27417008524895103,-0.017262355098155498,-0.43749468122992935,-0.10532991365861369,0.00210520426956517,-0.8061021267011861,-0.1485926033117059,0.003930388140747078,2.5683686121264633,-0.27088108902443564,-0.017035506349527083,-0.5159466790948654,-0.145664505214717,0.002328433144832278,-0.7637716490526452,-0.14391708624571425,0.003705007374583136,2.6024477434231583,-0.14425062483784598,-0.016480234682482667,-0.4863208462786534,-0.2681917702213538,0.0014166810842883278,-0.8145333821053892,-0.262906905466909,0.003291783221307119,-0.000989762245411694,-0.14140808778914024,-0.0008427234340562945,-0.0028158026878021872,-0.13971172960902692,-0.0008220086201348667,-0.06282076636981661,-0.25975302447841775,-0.0011917560693012399,-6.2624,0.0,0.075,0.17,0.045
0.21,14.0,6.143460854674572e+17,2.554239603620046,-0.282396711589775,-0.01701995836472519,-0.517261368772493,-0.10980767006051209,0.0025507608948828445,-0.7451535406823773,-0.10764385017598871,0.0038126789344503425,2.6028902253625694,-0.2768319307368049,-0.017278335217345255,-0.41878924697489417,-0.1063525341795711,0.0019868528823021496,-0.8084490929637452,-0.15003524994580014,0.003936401260532315,2.568370245026155,-0.27351100251010974,-0.01705127768781944,-0.4981515617044817,-0.14707872371194725,0.0022132077322975087,-0.7660363311062186,-0.14531433951023573,0.0037107438572544565,2.6024403619730827,-0.14565111634112604,-0.016488593158585706,-0.4683415704332075,-0.2707955738157359,0.0012931516347775053,-0.8174444282990966,-0.265459399694743,0.0032944438944638764,-0.0010263984991290105,-0.14278098184534546,-0.0008507473175996027,-0.0029245318367212294,-0.14106815416833784,-0.000829514108883214,-0.06454223807100024,-0.26227489850248004,-0.0011967247927959807,-6.3232,0.0,0.075,0.17,0.045
0.212,14.0,6.14347263316928e+17,2.5542179562569234,-0.2851120645858305,-0.01703611000923526,-0.49957923967965157,-0.11086351304186315,0.002438387134383779,-0.7471267364641471,-0.10867888719691167,0.0038188479209127937,2.602890649306161,-0.27949377622465876,-0.017294304009523368,-0.40008515887990587,-0.10737515470052851,0.0018684845536461941,-0.8106973103250087,-0.15147789657989436,0.003941827178303106,2.5683742996028984,-0.2761409159957839,-0.017067066966131635,-0.48035299840036655,-0.1484929422091775,0.002097951716971825,-0.768211113301593,-0.14671159277475723,0.0037159484299887683,2.6024330078435813,-0.1470516078444061,-0.016496951818904933,-0.45036965187001887,-0.27339937741011794,0.0011696531581385375,-0.8202694215232035,-0.2680118939225771,0.0032965952062591164,-0.0010641150868535149,-0.1441538759015507,-0.0008587648644145303,-0.0030365508476637056,-0.14242457872764877,-0.0008370002813455653,-0.06629150282416266,-0.2647967725265423,-0.0012015272067332525,-6.3839999999999995,0.0,0.075,0.17,0.045
0.214,14.0,6.143472927808557e+17,2.5542009052726025,-0.287827417581886,-0.017052272243032858,-0.4818922611914366,-0.11191935602321423,0.002325959301938624,-0.7490091135730745,-0.10971392421783464,0.0038244768734778745,2.6028888106490626,-0.2821556217125127,-0.017310277626112043,-0.38138222546751593,-0.10839777522148593,0.0017501243019505197,-0.8128452129473657,-0.1529205432139886,0.00394666060266612,2.568373528938364,-0.27877082948145804,-0.01708287077450614,-0.46254760731196076,-0.14990716070640778,0.0019826750261637523,-0.7702939397430542,-0.14810884603927874,0.0037206136035738855,2.602425678285539,-0.14845209934768616,-0.016505310643147607,-0.4324072810160525,-0.27600318100450005,0.001046198825193113,-0.8230072178608466,-0.2705643881504112,0.003298230200236754,-0.0011029366189582801,-0.14552676995775596,-0.0008667759292254146,-0.0031519310199198997,-0.14378100328695972,-0.0008444667146357761,-0.06806863065034174,-0.26731864655060467,-0.0012061628623586521,-6.4448,0.0,0.075,0.17,0.045
0.216,13.0,5.704650549562607e+17,2.5541875827780394,-0.29054277057794153,-0.017068462055103262,-0.46420181298326574,-0.1129751990045653,0.0022135023731212275,-0.7507994143145151,-0.1107489612387576,0.003829560914005902,2.602888044505621,-0.28481746720036655,-0.017326237667096577,-0.3626851006378677,-0.10942039574244333,0.0016317709783504357,-0.8148920281259145,-0.1543631898480828,0.003950892138595697,2.5683691914628186,-0.28140074296713213,-0.017098645631432978,-0.4447384065186602,-0.151321379203638,0.0018673573686499368,-0.7722838208733795,-0.1495060993038002,0.0037247270426355237,2.602418371063589,-0.1498525908509662,-0.01651366961481903,-0.41445664320741443,-0.2786069845988821,0.0009228017785030225,-0.8256566891912077,-0.2731168823782452,0.003299342012895609,-0.0011428881068555362,-0.14689966401396118,-0.0008747803643700175,-0.003270744464867547,-0.14513742784627065,-0.0008519129809581046,-0.06987368678980267,-0.26984052057466695,-0.0012106313395459512,-6.505599999999999,0.0,0.075,0.17,0.045
0.218,13.0,5.7046507125056e+17,2.55417728743444,-0.29325812357399705,-0.01708467423811222,-0.44650939406394624,-0.11403104198591639,0.002101024625984096,-0.7524964183193829,-0.11178399825968058,0.0038340924963290077,2.602888156258093,-0.28747931268822047,-0.01734220414316305,-0.343995756285978,-0.11044301626340075,0.0015134525062468016,-0.8168365743974353,-0.15580583648217705,0.003954517149862425,2.5683684169074623,-0.2840306564528063,-0.01711439908749375,-0.4269328392825388,-0.15273559770086828,0.0017520168529067516,-0.7741805040620541,-0.1509033525683217,0.0037282828098303476,2.602411084359328,-0.15125308235424628,-0.01652202872050701,-0.3965199183265467,-0.28121078819326417,0.0007994751300849016,-0.8282167234929231,-0.2756693766060793,0.003299923875510771,-0.0011839949662452679,-0.14827255807016643,-0.0008827780197798654,-0.003393064099475806,-0.1464938524055816,-0.0008593386476442843,-0.07170673169351705,-0.2723623945987293,-0.00121493224685356,-6.5664,0.0,0.075,0.17,0.045
0.22,13.0,5.7046507889453446e+17,2.55416944957354,-0.2959734765700526,-0.017100904584026955,-0.4288165967928382,-0.11508688496726746,0.0019885350545800727,-0.7540989382815625,-0.11281903528060354,0.003838064298232676,2.602888979150133,-0.29014115817607433,-0.017358175886605005,-0.32531618016419167,-0.11146563678435817,0.001395180717009719,-0.8186776915524687,-0.15724848311627126,0.003957528547686984,2.568370521849448,-0.2866605699384804,-0.017130173921075655,-0.40913245338669657,-0.15414981619809853,0.0016366981385066415,-0.77598279180177,-0.15230060583284322,0.003731279389375265,2.60240381669276,-0.15265357385752631,-0.016530387949301128,-0.37859928045410407,-0.28381459178764623,0.0006762319592334029,-0.8306862251468788,-0.27822187083391337,0.0032999691159540582,-0.0012262830203351852,-0.14964545212637168,-0.0008907687429607585,-0.0035189636394927074,-0.14785027696489253,-0.0008667432771925003,-0.07356782101553237,-0.2748842686227916,-0.0012190652215756472,-6.627199999999999,0.0,0.075,0.17,0.045
0.222,14.0,6.143473425295654e+17,2.5541636064781548,-0.29868882956610815,-0.01711714967483789,-0.4111250883945963,-0.11614272794861855,0.001876043213065318,-0.7556058170213898,-0.11385407230152651,0.003841469195880216,2.6028903774637784,-0.29280300366392825,-0.01737415189688437,-0.3066483769787493,-0.11248825730531559,0.0012769675371532565,-0.8204142418511517,-0.1586911297503655,0.0039599193708126194,2.568373125870794,-0.28929048342415453,-0.017145966031641615,-0.39133750497391684,-0.1555640346953288,0.0015214105121482066,-0.7776892979773148,-0.15369785909736472,0.003733709596226432,2.6023965668585434,-0.15405406536080637,-0.0165387472923214,-0.36069689753287104,-0.28641839538202835,0.0005530853104324544,-0.8330641152379499,-0.28077436506174747,0.0032994711605107883,-0.0012697785030313037,-0.15101834618257692,-0.0008987523789734506,-0.003648517592316949,-0.14920670152420348,-0.0008741264273082648,-0.07545700560623297,-0.27740614264685387,-0.001223029929787929,-6.688,0.0,0.075,0.17,0.045
0.224,13.0,5.7046508591113856e+17,2.554159382303509,-0.30140418256216367,-0.01713340673424191,-0.3934365958668336,-0.11719857092996963,0.0017635591047877603,-0.7570159251683216,-0.11488910932244949,0.0038443002461936424,2.602889908908305,-0.29546484915178217,-0.017390131359693365,-0.28799258953915496,-0.113510877826273,0.0011588249949148579,-0.8220448308153061,-0.16013377638445975,0.003961682792800152,2.5683715405883816,-0.2919203969098287,-0.01716176113668374,-0.37354649403949225,-0.1569782531925591,0.0014061555106881466,-0.7792983748279287,-0.15509511236188622,0.0037355651136925716,2.602389333874252,-0.15545455686408646,-0.01654710674233578,-0.34281493104238303,-0.28902219897641046,0.0004300481913387635,-0.8353493318549089,-0.2833268592895815,0.0032984235356902105,-0.0013145080620983638,-0.15239124023878217,-0.0009067287704145052,-0.003781801249554978,-0.15056312608351444,-0.0008814876509471851,-0.07737433150649341,-0.2799280166709162,-0.0012268260663880995,-6.7488,0.0,0.075,0.17,0.045
0.226,13.0,5.7046508927749414e+17,2.554156471768089,-0.3041195355582192,-0.01714967350717037,-0.3757528936496888,-0.1182544139113207,0.0016510930917330775,-0.7583281593430677,-0.11592414634337245,0.003846550672949695,2.602890261484109,-0.29812669463963604,-0.017406099621287644,-0.2693529575730727,-0.11453349834723041,0.0010407545471515472,-0.8235686964428485,-0.161576423018554,0.0039628104467805125,2.568371329442414,-0.2945503103955028,-0.017177531105903306,-0.35576568100348877,-0.15839247168978934,0.0012909241340982175,-0.7808096347829434,-0.1564923656264077,0.0037368360552091267,2.602382116938381,-0.1568550483673665,-0.01655546629344971,-0.32495553568222174,-0.2916260025707925,0.0003071335708295431,-0.8375408303883431,-0.28587935351741556,0.00329681987002496,-0.0013604987622893134,-0.15376413429498742,-0.0009146977573973343,-0.003918890679264395,-0.15191955064282536,-0.0008888264963596222,-0.07931983994272519,-0.2824498906949785,-0.0012304533551309104,-6.8096,0.0,0.075,0.17,0.045
0.228,14.0,6.143473535898476e+17,2.554154626906322,-0.3068348885542747,-0.01716594816193418,-0.3580757935435373,-0.11931025689267179,0.001538655820542102,-0.7595414407425335,-0.11695918336429542,0.0038482138558726337,2.602891279001545,-0.30078854012748996,-0.017422072809669596,-0.25073144933037356,-0.11555611886818784,0.0009227810322293092,-0.8249847563269214,-0.16301906965264823,0.003963297760741201,2.5683720567101616,-0.29718022388117693,-0.01719330931994155,-0.3379967733768368,-0.1598066901870196,0.001175753944898815,-0.7822219817882579,-0.1578896188909292,0.003737520095352085,2.60237491539627,-0.15825553987064656,-0.016563825940854166,-0.3071208590628495,-0.2942298061651746,0.00018435437710228298,-0.8396375838261892,-0.28843184774524966,0.003294653895858561,-0.0014077780884430686,-0.15513702835119267,-0.0009226591775334202,-0.004059862717884806,-0.15327597520213632,-0.0008961425071372315,-0.08129356732281744,-0.28497176471904084,-0.001233911548657894,-6.8704,0.0,0.075,0.17,0.045
0.23,13.0,5.7046509821379386e+17,2.5541544752136836,-0.30955024155033023,-0.017182229210739912,-0.3404077657172855,-0.12036609987402286,0.0014262581620170867,-0.7606548138718885,-0.11799422038521838,0.0038492833221438908,2.602889920686883,-0.3034503856153438,-0.017438049987701335,-0.232127824218473,-0.11657873938914524,0.0008049162596473698,-0.8262916062795336,-0.16446171628674244,0.003963138240241073,2.568372251368347,-0.2998101373668511,-0.017209093164462078,-0.32024068782482173,-0.16122090868424985,0.0010606551881555217,-0.7835342123170584,-0.1592868721554507,0.003737610657796843,2.60236772871244,-0.15965603137392662,-0.01657218568062118,-0.28931304140262015,-0.29683360975955664,6.172349581975734e-05,-0.8416385830467671,-0.2909843419730837,0.0032919194511186337,-0.0014563739485497606,-0.15650992240739792,-0.0009306128659137292,-0.004204794961857317,-0.15463239976144724,-0.0009034352222613746,-0.0832955452329719,-0.28749363874310313,-0.0012372004285217141,-6.9312,0.0,0.075,0.17,0.045
0.232,13.0,5.7046509712555194e+17,2.554155653545048,-0.3122655945463858,-0.017198520418560417,-0.3227505220747683,-0.12142194285537394,0.0013139149371714693,-0.761667221963116,-0.11902925740614136,0.003849753338794483,2.6028871909245304,-0.30611223110319774,-0.017454012910740484,-0.21354492165499978,-0.11760135991010266,0.000687158785850222,-0.8274883409628317,-0.16590436292083668,0.003962323460152181,2.5683716670739147,-0.30244005085252523,-0.017224873813325235,-0.30249926038331015,-0.16263512718148013,0.0009456333638600497,-0.7847452904245587,-0.1606841254199722,0.003737100521382517,2.602360556448145,-0.16105652287720668,-0.01658054550953788,-0.2715342152305767,-0.29943741335393875,-6.0746231707911603e-05,-0.8435428371088693,-0.2935368362009178,0.003288610481075096,-0.0015063146767826715,-0.15788281646360317,-0.0009385586550903206,-0.004353765758933974,-0.1559888243207582,-0.0009107041761534053,-0.08532580043543278,-0.2900155127671654,-0.0012403198052051612,-6.992,0.0,0.075,0.17,0.045
0.234,13.0,5.704650922772735e+17,2.5541571208212583,-0.3149809475424413,-0.017214819606524937,-0.305105252619685,-0.12247778583672503,0.0012016364174282596,-0.7625775452967493,-0.12006429442706433,0.00384961756521631,2.602890979294252,-0.30877407659105166,-0.017469967605093492,-0.19499082932766745,-0.11862398043106008,0.0005695256473436382,-0.8285748899509892,-0.16734700955493093,0.003960847988447405,2.5683707866585346,-0.3050699643381994,-0.017240649788472687,-0.2847748793048035,-0.1640493456787104,0.0008306994882275985,-0.7858542837401847,-0.1620813786844937,0.0037359834704403898,2.6023533982431575,-0.16245701438048674,-0.01658890542497179,-0.2537865050935706,-0.3020412169483208,-0.00018304201030646473,-0.8453493735390771,-0.2960893304287519,0.0032847210400807044,-0.00155762903649605,-0.1592557105198084,-0.0009464963750581545,-0.004506854199178513,-0.15734524888006915,-0.000917948898726811,-0.08738435486711123,-0.29253738679122776,-0.0012432695181347699,-7.0528,0.0,0.075,0.17,0.045
0.23600000000000002,14.0,6.143473470950785e+17,2.554158822375661,-0.31769630053849685,-0.017231120528158533,-0.28747388988450323,-0.1235336288180761,0.0010894297428096535,-0.7633848013239242,-0.12109933144798729,0.0038488692830925724,2.6028918743969767,-0.3114359220789055,-0.017485961408238944,-0.17646041169873714,-0.11964660095201748,0.00045206537025389983,-0.8295491604640595,-0.16878965618902514,0.003958711402571784,2.5683728048113306,-0.3076998778238735,-0.017256423986894448,-0.2670719884722558,-0.16546356417594066,0.000715867890773177,-0.7868606032496546,-0.1634786319490152,0.003734253910747017,2.602346253800977,-0.1638575058837668,-0.01659726542476155,-0.23607202726925852,-0.30464502054270287,-0.00030515109269479366,-0.847057238615169,-0.29864182465658595,0.003280245293294947,-0.0016103462231879984,-0.16062860457601363,-0.0009544258532371055,-0.0046641401056599,-0.15870167343938008,-0.0009251689154412094,-0.08947122563910477,-0.29505926081529005,-0.001246049435689073,-7.1136,0.0,0.075,0.17,0.045
0.23800000000000002,13.0,5.7046507261190944e+17,2.5541607129060986,-0.32041165353455237,-0.01724742285546128,-0.2698583666680632,-0.12458947179942718,0.0009773065085104562,-0.7640880274312428,-0.12213436846891026,0.0038475025971300837,2.602888361609614,-0.31409776756675944,-0.017501937851782418,-0.1579545580141883,-0.12066922147297492,0.0003347471413545733,-0.8304100124030401,-0.17023230282311938,0.003955901145845641,2.5683722178166986,-0.31032979130954763,-0.01727221557672527,-0.24938839807198843,-0.1668777826731709,0.0006011652347945092,-0.7877626429415331,-0.16487588521353672,0.0037319083082167073,2.6023391228768338,-0.16525799738704686,-0.016605625507128144,-0.21839288948117974,-0.307248824137085,-0.0004270607812069588,-0.8486654976470133,-0.30119431888442,0.003275177518384494,-0.0016644958674276109,-0.1620014986322189,-0.0009623469144541854,-0.004825704024840183,-0.16005809799869103,-0.0009323637473581867,-0.09158642503711116,-0.2975811348393524,-0.001248659455201486,-7.1744,0.0,0.075,0.17,0.045
0.24,14.0,6.143473407890853e+17,2.554162755618694,-0.3231270065306079,-0.01726372631662024,-0.25226061514698545,-0.12564531478077826,0.0008652783113237096,-0.7646862811028494,-0.12316940548983323,0.0038455117316484578,2.602888581050914,-0.3167596130546133,-0.017517887847985362,-0.1394815315997339,-0.12169184199393232,0.00021757629612153596,-0.8311574629272609,-0.17167494945721362,0.003952410377674959,2.5683709822855665,-0.3129597047952217,-0.017287991535671524,-0.2317275964083857,-0.16829200117040116,0.0004865783814095236,-0.7885597034301419,-0.1662731384780582,0.00372893702678085,2.6023320052679493,-0.16665848889032692,-0.016613985670602963,-0.20075119061828364,-0.30985262773146705,-0.0005487584295017238,-0.8501732352535644,-0.30374681311225404,0.0032695121072085554,-0.001720108037745538,-0.16337439268842413,-0.0009702593809259791,-0.00499162721665831,-0.16141452255800195,-0.0009395329111989707,-0.09372996052273647,-0.3001030088634147,-0.001251099502957821,-7.2352,0.0,0.075,0.17,0.045
0.242,13.0,5.7046507479311066e+17,2.554164920630529,-0.3258423595266634,-0.017280030690872146,-0.2346825654213568,-0.1267011577621293,0.0007533567443091368,-0.7651786399918112,-0.12420444251075619,0.003842891031552559,2.60288949081874,-0.3194214585424672,-0.01753386023756029,-0.12104103481631188,-0.12271446251488972,0.00010060241450906502,-0.8317902356794947,-0.17311759609130783,0.003948239201015718,2.568369587223756,-0.3155896182808958,-0.017303763603398775,-0.21409194595208542,-0.1697062196676314,0.0003721282604445257,-0.7892509301385489,-0.1676703917425797,0.0037253358701253734,2.6023249008056295,-0.16805898039360695,-0.016622345913969338,-0.18314902045809597,-0.3124564313258491,-0.0006702314442453928,-0.851579555636111,-0.3062993073400881,0.003263243567480858,-0.001777213243487148,-0.16474728674462938,-0.0009781630722413032,-0.005161991644311616,-0.16277094711731288,-0.0009466759194039275,-0.09590183473569666,-0.30262488288747696,-0.001253369534188443,-7.295999999999999,0.0,0.075,0.17,0.045
0.244,13.0,5.704650664071423e+17,2.554167183672197,-0.3285577125227189,-0.01729633579891949,-0.21712614428545218,-0.1277570007434804,0.0006415533880672583,-0.7655642020258988,-0.12523947953167916,0.0038396349627607927,2.602890959070702,-0.3220833040303211,-0.017549836769094367,-0.10263498663070755,-0.12373708303584714,-1.6176289317211544e-05,-0.8323074181354034,-0.17456024272540208,0.003943379957724556,2.5683711889492167,-0.31821953176657,-0.017319534713941955,-0.19648583779519077,-0.1711204381648617,0.0002578290467233423,-0.7898358036461273,-0.1690676450071012,0.0037210997107886864,2.6023178093488535,-0.16945947189688704,-0.0166307062362151,-0.165588459391644,-0.31506023492023116,-0.0007914672867728111,-0.8528835828483735,-0.3088518015679222,0.0032563665244091326,-0.0018358424376274485,-0.16612018080083463,-0.0009860578053440849,-0.005336879963736771,-0.16412737167662383,-0.0009537922801938734,-0.09810204549691214,-0.30514675691153925,-0.0012554695330550556,-7.3568,0.0,0.075,0.17,0.045
0.246,13.0,5.70465062065601e+17,2.5541695250339367,-0.33127306551877445,-0.017312641495145827,-0.19959327418192044,-0.12881284372483148,0.0005298798033637242,-0.7658420855403906,-0.12627451655260213,0.00383573811283978,2.6028905466706007,-0.32474514951817496,-0.01756581665153326,-0.08426352920927771,-0.12475970355680455,-0.00013274830155658198,-0.8327078497940635,-0.1760028893594963,0.003937827172655443,2.5683717450636494,-0.3208494452522441,-0.017335323805208767,-0.1789081555975665,-0.17253465666209195,0.00014370708679859297,-0.7903129748042684,-0.17046489827162267,0.0037162254322470273,2.602310730779064,-0.17085996340016707,-0.016639066636494126,-0.1480715781532275,-0.3176640385146132,-0.0009124534747378154,-0.8540844610619683,-0.31140429579575624,0.003248875722315704,-0.0018960270195469264,-0.16749307485703985,-0.0009939433945164746,-0.0055163755127920966,-0.16548379623593476,-0.0009608814976331879,-0.10033058581249402,-0.30766863093560154,-0.0012573995126321364,-7.417599999999999,0.0,0.075,0.17,0.045
0.248,13.0,5.704650571689094e+17,2.554171928709611,-0.33398841851483,-0.0173289476612926,-0.18208587230558163,-0.12986868670618257,0.00041834752485442724,-0.7660114294319452,-0.1273095535735251,0.003831195191801193,2.6028909441865777,-0.3274069950060289,-0.017581785250059778,-0.06593072363200392,-0.12578232407776196,-0.00024911276921090554,-0.8329909929754917,-0.17744553599359053,0.003931573882802838,2.5683717885275805,-0.3234793587379183,-0.017351106622809406,-0.1613612715703966,-0.17394887515932222,2.975568262946571e-05,-0.7906816539222835,-0.17186215153614418,0.003710704939608746,2.6023036649959437,-0.17226045490344713,-0.016647427114095066,-0.13060043755342743,-0.32026784210899534,-0.001033177583734607,-0.8551813548278226,-0.31395679002359034,0.003240766026230268,-0.00195779883776746,-0.16886596891324512,-0.0010018196513621894,-0.0057005623001431804,-0.16684022079524571,-0.0009679430716947216,-0.10258744387862144,-0.3101905049596639,-0.0012591595148830192,-7.4784,0.0,0.075,0.17,0.045
0.25,13.0,5.704650572556422e+17,2.554174381701396,-0.3367037715108855,-0.01734525420132298,-0.1646058498293533,-0.13092452968753363,0.000306968055708288,-0.7660713933286895,-0.12834459059444805,0.0038260010330249832,2.602889083862363,-0.33006884049388274,-0.017597758708082764,-0.04763620937302803,-0.12680494459871938,-0.00036524532580029277,-0.833155659193364,-0.17888818262768474,0.003924616862086843,2.5683710819397723,-0.3261092722235924,-0.017366886364507037,-0.14384695743491568,-0.17536309365655248,-8.401093251693531e-05,-0.790940982588155,-0.17325940480066568,0.0037045334947297067,2.6022966119139848,-0.1736609464067272,-0.016655787668416026,-0.11317708820978908,-0.3228716457033774,-0.0011536272488996998,-0.85617344933562,-0.3165092842514244,0.00323203242345839,-0.002021190192647454,-0.17023886296945034,-0.0010096863847900974,-0.005889524993853867,-0.16819664535455664,-0.0009749764983264808,-0.10487260308730825,-0.31271237898372617,-0.0012607496106306283,-7.539199999999999,0.0,0.075,0.17,0.045
0.252,13.0,5.704650542933065e+17,2.554176873455,-0.33941912450694106,-0.017361561037250024,-0.14715511122987895,-0.1319803726688847,0.00019575286296281158,-0.7660211577726246,-0.12937962761537103,0.0038201505942799105,2.602888299927443,-0.33273068598173666,-0.0176137186190646,-0.029384521744417674,-0.1278275651196768,-0.0004811481344798926,-0.8332014307176797,-0.18033082926177899,0.00391694897958951,2.5683701026984935,-0.3287391857092665,-0.01738266160589423,-0.12636752518492614,-0.17677731215378273,-0.00019758212831320226,-0.7910902059915225,-0.17465665806518718,0.0036977059471378073,2.6022895714597065,-0.17506143791000725,-0.016664148298943953,-0.09580357028600726,-0.32547544929775946,-0.0012737901665278223,-0.8570599506667995,-0.3190617784792585,0.003222670025138169,-0.0020862338390353345,-0.1716117570256556,-0.0010175434009980489,-0.0060833489096847335,-0.1695530699138676,-0.0009819812695200823,-0.10718604203305795,-0.3152342530077885,-0.0012621698995228816,-7.6,0.0,0.075,0.17,0.045
0.254,13.0,5.7046504804550016e+17,2.5541793954009178,-0.33941912450694106,-0.017361575987771646,-0.12973552523703666,-0.1319803726688847,9.104843136596546e-05,-0.7658598610122105,-0.12937962761537103,0.0038198491809435216,2.6028883970438015,-0.33273068598173666,-0.017613713915455076,-0.01117746441274219,-0.1278275651196768,-0.0005906582602515548,-0.8331274004618132,-0.18033082926177899,0.003917223608735404,2.568372041082405,-0.3287391857092665,-0.01738265573044656,-0.10892731504716283,-0.17677731215378273,-0.00030245872181313956,-0.7911288233109383,-0.17465665806518718,0.003698601287558012,2.602282543569397,-0.17506143791000725,-0.01666410605621828,-0.0784818430498379,-0.32547544929775946,-0.001378031274070513,-0.8578399296980193,-0.3190617784792585,0.0032279890331252466,-0.002152961337146599,-0.1716117570256556,-0.0010171531391197216,-0.00628211621738457,-0.1695530699138676,-0.0009808183260250972,-0.10952754809657861,-0.3152342530077885,-0.0012482892658483833,-7.6,0.0,0.075,0.17,0.045
0.256,13.0,5.704650425303606e+17,2.5541819405818034,-0.33941912450694106,-0.017361591119447153,-0.11234892430762225,-0.1319803726688847,-1.346908459108831e-05,-0.7655865992052997,-0.12937962761537103,0.003818881400381037,2.6028892078688095,-0.33273068598173666,-0.01761371449815323,0.0069831642640117535,-0.1278275651196768,-0.0006999006042416077,-0.8329325876948614,-0.18033082926177899,0.003916779427200205,2.568372869579361,-0.3287391857092665,-0.017382667360750028,-0.091525093974862,-0.17677731215378273,-0.00040709998263971944,-0.7910554232256569,-0.17465665806518718,0.0036988329914745066,2.602275528187278,-0.17506143791000725,-0.016664063888876424,-0.06121378461984914,-0.32547544929775946,-0.0014819616374875293,-0.8585123223559976,-0.3190617784792585,0.003232668907312565,-0.0022214030541469173,-0.1716117570256556,-0.001016752774131054,-0.006485905924437294,-0.1695530699138676,-0.0009796257221788983,-0.11189671746966974,-0.3152342530077885,-0.0012342402294672594,-7.6,0.0,0.075,0.17,0.045
0.258,14.0,6.14347295066752e+17,2.5541845033498007,-0.33941912450694106,-0.017361606390532466,-0.09499713261111097,-0.1319803726688847,-0.00011778869016757476,-0.7652004900351194,-0.12937962761537103,0.0038172418295395723,2.602890596207289,-0.33273068598173666,-0.017613719363103277,0.02509555326233003,-0.1278275651196768,-0.0008088643763021312,-0.832616038970705,-0.18033082926177899,0.003915610550598495,2.568371473212497,-0.3287391857092665,-0.01738267233173177,-0.07416184939237949,-0.17677731215378273,-0.0005115133090735244,-0.790868957143776,-0.17465665806518718,0.0036983925909628186,2.6022685252640203,-0.17506143791000725,-0.016664021796583713,-0.04400126188408057,-0.32547544929775946,-0.001585569988067462,-0.8590760862441534,-0.3190617784792585,0.003236703263260435,-0.0022915898154650008,-0.1716117570256556,-0.001016342123829052,-0.00669479763328776,-0.1695530699138676,-0.000978402983936582,-0.11429314163773682,-0.3152342530077885,-0.0012200252132287127,-7.6,0.0,0.075,0.17,0.045
0.26,13.0,5.704650270998588e+17,2.5541870791206973,-0.33941912450694106,-0.017361621767140453,-0.07768196560240695,-0.1319803726688847,-0.00022189944034664246,-0.7647006729349345,-0.12937962761537103,0.00381492517451849,2.602890119380057,-0.33273068598173666,-0.017613727693134153,0.04315967088998339,-0.1278275651196768,-0.0009175387102920411,-0.83217655545575,-0.18033082926177899,0.003913711258253556,2.5683714278144962,-0.3287391857092665,-0.017382663953530584,-0.05684215125055951,-0.17677731215378273,-0.0006156927765684194,-0.7905689474961775,-0.17465665806518718,0.0036972737944715333,2.6022615347555322,-0.17506143791000725,-0.016663979779044165,-0.026846130245838446,-0.32547544929775946,-0.0016888451244820735,-0.8595302009270527,-0.3190617784792585,0.0032400858465893695,-0.0023635529033479473,-0.1716117570256556,-0.0010159210032611435,-0.006908871512593624,-0.1695530699138676,-0.000977149633683479,-0.11671640745581188,-0.3152342530077885,-0.0012056466682203101,-7.6,0.0,0.075,0.17,0.045
0.262,14.0,6.14347283313031e+17,2.5541896641742303,-0.33941912450694106,-0.01736163722176583,-0.06040522963157857,-0.1319803726688847,-0.0003257904423988666,-0.7640863093140503,-0.12937962761537103,0.0038119262719173807,2.602890465071347,-0.33273068598173666,-0.01761372483217076,0.06117156469813985,-0.1278275651196768,-0.0010259234160579613,-0.8316135614701148,-0.18033082926177899,0.003911074357163826,2.568372289322522,-0.3287391857092665,-0.01738266368114258,-0.03956747993808906,-0.17677731215378273,-0.0007196109654193393,-0.7901544685427793,-0.17465665806518718,0.003695473736585942,2.602254556621981,-0.17506143791000725,-0.016663937835993237,-0.009750233372051543,-0.32547544929775946,-0.0017917759143115262,-0.859873668210427,-0.3190617784792585,0.0032428105346867654,-0.0024373240553704077,-0.1716117570256556,-0.001015489224733846,-0.0071282082682044496,-0.1695530699138676,-0.0009758651904076439,-0.11916609722543386,-0.3152342530077885,-0.00119110707331186,-7.6,0.0,0.075,0.17,0.045
0.264,14.0,6.143472826585153e+17,2.5541922554918854,-0.33941912450694106,-0.017361652732087028,-0.043168721584017716,-0.1319803726688847,-0.00042945085822383684,-0.7633565827840664,-0.12937962761537103,0.0038082400901920757,2.6028914768341473,-0.33273068598173666,-0.017613726906318503,0.07912947405781358,-0.1278275651196768,-0.0011339947789068998,-0.830926173661613,-0.18033082926177899,0.003907696393250015,2.568370759770584,-0.3287391857092665,-0.017382668850190734,-0.02233711792098437,-0.17677731215378273,-0.000823258993294162,-0.7896242836542232,-0.17465665806518718,0.0036929868628655525,2.602247590826998,-0.17506143791000725,-0.01666389596719193,0.0072845970566828185,-0.32547544929775946,-0.0018943512955542474,-0.8601055124171634,-0.3190617784792585,0.0032448713383870106,-0.0025129354628966416,-0.1716117570256556,-0.001015046597821711,-0.007352889113875853,-0.1695530699138676,-0.0009745491698739788,-0.12164178877237374,-0.3152342530077885,-0.001176408934694128,-7.6,0.0,0.075,0.17,0.045
0.266,13.0,5.704650232742241e+17,2.554194850625142,-0.33941912450694106,-0.01736166827999296,-0.025974228545935524,-0.1319803726688847,-0.000532869906509202,-0.7625106993843789,-0.12937962761537103,0.003803861731012172,2.6028901136852194,-0.33273068598173666,-0.017613732976895304,0.09703386021337855,-0.1278275651196768,-0.0012417422350649422,-0.8301131959394472,-0.18033082926177899,0.003903572066399004,2.5683691266003894,-0.3287391857092665,-0.0173826596728791,-0.005154617463335356,-0.17677731215378273,-0.0009266411653967902,-0.7889778312691059,-0.17465665806518718,0.0036898057535342164,2.6022406373370344,-0.17506143791000725,-0.016663854172422034,0.024256541588667437,-0.32547544929775946,-0.0019965602781266537,-0.860224780656208,-0.3190617784792585,0.003246262403627429,-0.0025904197694945137,-0.1716117570256556,-0.0010145929293765537,-0.007582995741726608,-0.1695530699138676,-0.0009732010847999504,-0.12414305552518945,-0.3152342530077885,-0.0011615547854124887,-7.6,0.0,0.075,0.17,0.045
0.268,13.0,5.7046501661118816e+17,2.554197447588456,-0.33941912450694106,-0.0173616838507925,-0.00882352749067054,-0.1319803726688847,-0.0006360368647376952,-0.7615478878062882,-0.12937962761537103,0.003798786430614047,2.6028873798384553,-0.33273068598173666,-0.017613724798001735,0.11488209826681256,-0.1278275651196768,-0.0013491685519983322,-0.829173930488967,-0.18033082926177899,0.003898694200066009,2.5683705356190933,-0.3287391857092665,-0.017382649873857934,0.011975822091401161,-0.17677731215378273,-0.0010297361681426843,-0.7882146728670723,-0.17465665806518718,0.0036859270392235128,2.602233696120833,-0.17506143791000725,-0.01666381245148225,0.04116379325577971,-0.32547544929775946,-0.002098391945318561,-0.8602305430944935,-0.3190617784792585,0.0032469780130616973,-0.002669810069300491,-0.1716117570256556,-0.0010141280235369666,-0.00781861029244665,-0.1695530699138676,-0.0009718204450328459,-0.12666946659459533,-0.3152342530077885,-0.0011465471848955944,-7.6,0.0,0.075,0.17,0.045
0.27,14.0,6.143472705322783e+17,2.5542000447723328,-0.33941912450694106,-0.017361699432572382,0.008281615017294602,-0.1319803726688847,-0.000738941071069285,-0.7604673996149319,-0.12937962761537103,0.0037930095611455033,2.6028911647348663,-0.33273068598173666,-0.01761370839492115,0.13266630233132165,-0.1278275651196768,-0.0014562579803189361,-0.8281085105055191,-0.18033082926177899,0.003893058607363128,2.568372575824127,-0.3287391857092665,-0.01738265832797016,0.02905427214834472,-0.17677731215378273,-0.0011325188054711033,-0.7873337443702066,-0.17465665806518718,0.003681348088811311,2.602226767149009,-0.17506143791000725,-0.016663770804185043,0.058004557805350784,-0.32547544929775946,-0.0021998354553212354,-0.8601218932136879,-0.3190617784792585,0.00324701258769141,-0.002751139905334689,-0.1716117570256556,-0.0010136516817381305,-0.00805981532526404,-0.1695530699138676,-0.0009704067577285257,-0.12922058685363058,-0.3152342530077885,-0.001131388718479159,-7.6,0.0,0.075,0.17,0.045
0.272,13.0,5.704650052460891e+17,2.5542026408727243,-0.33941912450694106,-0.017361715015675645,0.02533944310384768,-0.1319803726688847,-0.0008415719261170759,-0.7592685094687108,-0.12937962761537103,0.0037865266319973656,2.6028920568623457,-0.33273068598173666,-0.017613731104299618,0.15039184697069624,-0.1278275651196768,-0.0015629632047059908,-0.8269150678663527,-0.18033082926177899,0.003886666087462441,2.5683705339939586,-0.3287391857092665,-0.01738267056920036,0.04608258036577134,-0.17677731215378273,-0.0012349895058127646,-0.7863337363033983,-0.17465665806518718,0.0036760625178301172,2.6022198503937015,-0.17506143791000725,-0.0166637292303541,0.07477705394350863,-0.32547544929775946,-0.0023008800426186616,-0.85989794806948,-0.3190617784792585,0.0032463606884065763,-0.002834443267765021,-0.1716117570256556,-0.0010131637027219254,-0.008306693787678957,-0.1695530699138676,-0.0009689595275316214,-0.13179597701861157,-0.3152342530077885,-0.0011160819969249476,-7.6,0.0,0.075,0.17,0.045
0.274,13.0,5.70464990634883e+17,2.554205234833674,-0.33941912450694106,-0.017361730592277993,0.04234821185409464,-0.1319803726688847,-0.0009439188946363943,-0.7579505153355828,-0.12937962761537103,0.003779333291120039,2.602888541505825,-0.33273068598173666,-0.017613736457064495,0.16805807420307478,-0.1278275651196768,-0.0016693164725422383,-0.8255926856376998,-0.18033082926177899,0.0038795054316274422,2.5683699534050137,-0.3287391857092665,-0.017382658318219352,0.06305474488514634,-0.17677731215378273,-0.0013371593551173245,-0.7852145604458354,-0.17465665806518718,0.003670062469429267,2.60221294582829,-0.17506143791000725,-0.016663687729822255,0.09147951357013656,-0.32547544929775946,-0.002401515019447609,-0.8595578485431371,-0.3190617784792585,0.0032450170175413293,-0.0029197545921194985,-0.1716117570256556,-0.0010126638825473434,-0.008559328984972962,-0.1695530699138676,-0.0009674782567571319,-0.13439519373085168,-0.3152342530077885,-0.0011006296559350618,-7.6,0.0,0.075,0.17,0.045
0.276,13.0,5.7046499496719315e+17,2.554207825800733,-0.33941912450694106,-0.01736174615604369,0.05930618757099637,-0.1319803726688847,-0.001045971507137876,-0.7565127387061192,-0.12937962761537103,0.0037714253263212705,2.60288875870924,-0.33273068598173666,-0.01761371536492537,0.18565695161550785,-0.1278275651196768,-0.0017753138359365096,-0.8241416063219182,-0.18033082926177899,0.003871571138255525,2.568372214826058,-0.3287391857092665,-0.017382654834685683,0.07996796635788272,-0.17677731215378273,-0.0014389923422335744,-0.7839756664464013,-0.17465665806518718,0.0036633474142838893,2.602206053427174,-0.17506143791000725,-0.016663646302429783,0.10811018201466444,-0.32547544929775946,-0.002501729777207376,-0.8591007595899155,-0.3190617784792585,0.0032429764203832714,-0.00300710875744573,-0.1716117570256556,-0.0010121520146012166,-0.008817804549501693,-0.1695530699138676,-0.0009659624455733678,-0.13701778963913352,-0.3152342530077885,-0.001085034355661621,-7.6,0.0,0.075,0.17,0.045
0.278,13.0,5.704649890728856e+17,2.554210413083123,-0.33941912450694106,-0.017361761701846046,0.07621164802443678,-0.1319803726688847,-0.0011477193614392864,-0.7549545248026892,-0.12937962761537103,0.0037627986665444892,2.602889666509498,-0.33273068598173666,-0.01761371666814586,0.20318901527011007,-0.1278275651196768,-0.0018809071004111078,-0.8225607849781353,-0.18033082926177899,0.0038628646623608356,2.568373304961055,-0.3287391857092665,-0.017382668403211947,0.09682359067290539,-0.17677731215378273,-0.0015404716710699928,-0.7826158974567794,-0.17465665806518718,0.003655914050287285,2.602199173165584,-0.17506143791000725,-0.01666360494802309,0.12466731826580665,-0.32547544929775946,-0.0026015137878745436,-0.8585258704809197,-0.3190617784792585,0.003240233886663942,-0.0030965410844166668,-0.1716117570256556,-0.0010116278896092593,-0.009082204409779356,-0.1695530699138676,-0.0009644115921861954,-0.13966331348291697,-0.3152342530077885,-0.00106929878021193,-7.6,0.0,0.075,0.17,0.045
0.28,13.0,5.704649779478938e+17,2.5542129961229993,-0.33941912450694106,-0.017361777225540387,0.09306288269377401,-0.1319803726688847,-0.001249152124159929,-0.753275242785219,-0.12937962761537103,0.003753449383123909,2.60288880117777,-0.33273068598173666,-0.017613722114947408,0.22065437103391614,-0.1278275651196768,-0.0019860994823387213,-0.8208492700680029,-0.18033082926177899,0.003853379734298138,2.5683704804439973,-0.3287391857092665,-0.017382674944021927,0.11362200299652961,-0.17677731215378273,-0.001641605416960129,-0.781134269276848,-0.17465665806518718,0.0036477554363495536,2.6021923050194324,-0.17506143791000725,-0.016663563666453548,0.14114919520086466,-0.32547544929775946,-0.0027008566053813967,-0.8578323950410794,-0.3190617784792585,0.0032367845520099667,-0.003188087333381648,-0.1716117570256556,-0.0010110912956474336,-0.009352612759363365,-0.1695530699138676,-0.0009628251930245295,-0.14233131017626724,-0.3152342530077885,-0.0010534256371492292,-7.6,0.0,0.075,0.17,0.045
0.28200000000000003,13.0,5.7046497808428435e+17,2.554215574470485,-0.33941912450694106,-0.017361792723779645,0.10985819299975028,-0.1319803726688847,-0.0013502595321759525,-0.751474285951447,-0.12937962761537103,0.003743373691019088,2.6028911651012847,-0.33273068598173666,-0.01761371692295704,0.2380474348068265,-0.1278275651196768,-0.0020908916169215573,-0.8190070176603049,-0.18033082926177899,0.0038431106448373435,2.5683692657764614,-0.3287391857092665,-0.01738265799691958,0.1303572681127641,-0.17677731215378273,-0.0017423958909018743,-0.7795307896541875,-0.17465665806518718,0.0036388656672699652,2.6021854489651934,-0.17506143791000725,-0.01666352245757664,0.15755409980953133,-0.32547544929775946,-0.002799747866991745,-0.8570195718808515,-0.3190617784792585,0.0032326236993709253,-0.0032817837023617824,-0.1716117570256556,-0.0010105420181536439,-0.009629114025547532,-0.1695530699138676,-0.0009612027429270254,-0.14502132089248657,-0.3152342530077885,-0.0010374176569891277,-7.6,0.0,0.075,0.17,0.045
0.28400000000000003,13.0,5.7046497413919725e+17,2.554218147763395,-0.33941912450694106,-0.01736180819386456,0.1265958925356067,-0.1319803726688847,-0.00145103139401181,-0.7495510719347944,-0.12937962761537103,0.003732567950016456,2.6028885645032522,-0.33273068598173666,-0.017613731106498127,0.25537271207512513,-0.1278275651196768,-0.00219524999955902,-0.817032450142337,-0.18033082926177899,0.0038320571303911556,2.568371013789417,-0.3287391857092665,-0.017382650708914368,0.147026659443915,-0.17677731215378273,-0.001842807481599281,-0.7778050030985209,-0.17465665806518718,0.003629244789534002,2.6021786049798026,-0.17506143791000725,-0.016663481321251204,0.1738803334185523,-0.32547544929775946,-0.0028981772946437448,-0.8560866646244784,-0.3190617784792585,0.0032277467604095588,-0.0033776668249887293,-0.1716117570256556,-0.0010099798399397627,-0.009911792837872326,-0.1695530699138676,-0.0009595437353299204,-0.1477328831494332,-0.3152342530077885,-0.0010212775926918118,-7.6,0.0,0.075,0.17,0.045
0.28600000000000003,13.0,5.704649764225319e+17,2.554220715710764,-0.33941912450694106,-0.017361823633622018,0.1432743072888821,-0.1319803726688847,-0.0015514575912269485,-0.7475050428963819,-0.12937962761537103,0.0037210286659165406,2.6028900949358618,-0.33273068598173666,-0.017613715502909934,0.2726215310799963,-0.1278275651196768,-0.002299201663168812,-0.8149260656722805,-0.18033082926177899,0.0038202097252833483,2.5683716884956276,-0.3287391857092665,-0.017382661196992104,0.16363158788402749,-0.17677731215378273,-0.0019428238295861862,-0.7759558467582156,-0.17465665806518718,0.003618890070200002,2.6021717730405776,-0.17506143791000725,-0.01666344025733886,0.1901262119112395,-0.32547544929775946,-0.0029961346962978706,-0.8550329621320578,-0.3190617784792585,0.003222149316871319,-0.003475773768385918,-0.1716117570256556,-0.0010094045412040013,-0.010200733996460725,-0.1695530699138676,-0.0009578476624559716,-0.15046553089551093,-0.3152342530077885,-0.001005008219150132,-7.6,0.0,0.075,0.17,0.045
0.28800000000000003,13.0,5.704649658441367e+17,2.5542232780794665,-0.33941912450694106,-0.01736183904130623,0.15989177585981001,-0.1319803726688847,-0.001651528079746601,-0.745335665712998,-0.12937962761537103,0.003708752491686065,2.602892075172693,-0.33273068598173666,-0.01761372468550559,0.2897949775775813,-0.1278275651196768,-0.002402694577198039,-0.812686872586395,-0.18033082926177899,0.003807571418463009,2.56837182806207,-0.3287391857092665,-0.017382665245229363,0.18016997807255186,-0.17677731215378273,-0.0020424534002268613,-0.773982820157203,-0.17465665806518718,0.0036077951321581707,2.602164953125153,-0.17506143791000725,-0.01666339926570351,0.20629006594448873,-0.32547544929775946,-0.003093609967253994,-0.8538577787165936,-0.3190617784792585,0.0032158271019167963,-0.0035761420309912634,-0.1716117570256556,-0.0010088158995436181,-0.010496022440188248,-0.1695530699138676,-0.0009561140155044411,-0.15321879459631282,-0.3152342530077885,-0.0009886123326736656,-7.6,0.0,0.075,0.17,0.045
0.29,13.0,5.7046496394011366e+17,2.5542258346833506,-0.33941912450694106,-0.017361854415518446,0.17644664967476198,-0.1319803726688847,-0.0017512328911721683,-0.7430424321602171,-0.12937962761537103,0.003695736228585762,2.60289149612286,-0.33273068598173666,-0.01761373656692658,0.306893638482852,-0.1278275651196768,-0.002505735256183549,-0.8103139857150401,-0.18033082926177899,0.0037941362599476962,2.568371199315953,-0.3287391857092665,-0.01738266608262802,0.1966403558229122,-0.17677731215378273,-0.0021416837413580077,-0.7718853562795197,-0.17465665806518718,0.0035959569725520953,2.6021581452114284,-0.17506143791000725,-0.016663358346210962,0.2223702411632054,-0.32547544929775946,-0.0031905930914534896,-0.8525604543559215,-0.3190617784792585,0.0032087760014240106,-0.0036788095403204302,-0.1716117570256556,-0.001008213689967986,-0.01079774321469582,-0.1695530699138676,-0.0009543422848420761,-0.15599220132190206,-0.3152342530077885,-0.0009720927504688542,-7.6,0.0,0.075,0.17,0.045
0.292,13.0,5.7046495637505235e+17,2.554228385374413,-0.33941912450694106,-0.01736186975514175,0.1929372931953491,-0.1319803726688847,-0.0018505621340618803,-0.7406248590906731,-0.12937962761537103,0.0036819768272690766,2.6028893963199278,-0.33273068598173666,-0.017613733092627582,0.32391503485757356,-0.1278275651196768,-0.002608327221615173,-0.8078070307618774,-0.18033082926177899,0.0037798989387195668,2.5683702830884485,-0.3287391857092665,-0.017382662310151318,0.21304071737989896,-0.17677731215378273,-0.0022405060078601697,-0.7696629989499327,-0.17465665806518718,0.0035833721892859953,2.6021513492775235,-0.17506143791000725,-0.016663317498728614,0.23836509841140668,-0.32547544929775946,-0.0032870741427657893,-0.8511403548991875,-0.3190617784792585,0.0032009920552599786,-0.003783814650669703,-0.1716117570256556,-0.001007597684912011,-0.01110598144025417,-0.1695530699138676,-0.0009525319601950306,-0.15878527483471316,-0.3152342530077885,-0.0009554523101153187,-7.6,0.0,0.075,0.17,0.045
0.294,13.0,5.704649488591289e+17,2.5542309300356254,-0.33941912450694106,-0.017361885059288124,0.2093620841246059,-0.1319803726688847,-0.0019495059951854029,-0.7380824886077306,-0.12937962761537103,0.0036674713888518126,2.602890779483409,-0.33273068598173666,-0.017613720493809985,0.340853683583031,-0.1278275651196768,-0.0027104555998635023,-0.8051661340154429,-0.18033082926177899,0.0037648572090005906,2.568372272445588,-0.3287391857092665,-0.01738265681278629,0.22936699944494676,-0.17677731215378273,-0.0023389081772020905,-0.7673156370387659,-0.17465665806518718,0.0035700380453084733,2.602144565301745,-0.17506143791000725,-0.016663276723125186,0.2542730139404732,-0.32547544929775946,-0.0033830432862549968,-0.8495968722680259,-0.3190617784792585,0.003192471458519574,-0.0038911961407575193,-0.1716117570256556,-0.0010069676542499154,-0.011420822279488482,-0.1695530699138676,-0.0009506825308416805,-0.16159753567805643,-0.3152342530077885,-0.0009386938690384521,-7.6,0.0,0.075,0.17,0.045
0.296,13.0,5.7046494312119475e+17,2.5542334685751116,-0.33941912450694106,-0.0173619003272554,0.22571941360716985,-0.1319803726688847,-0.0020480547407609436,-0.7354148882335415,-0.12937962761537103,0.0036522171659541577,2.6028902983041764,-0.33273068598173666,-0.017613728792790873,0.3577119912800467,-0.1278275651196768,-0.0028120874922162465,-0.8023902112204618,-0.18033082926177899,0.0037490118285219832,2.5683731421398965,-0.3287391857092665,-0.017382668748929127,0.24562066611831995,-0.17677731215378273,-0.002436865869592377,-0.7648423327013572,-0.17465665806518718,0.003555953873841473,2.6021377932625573,-0.17506143791000725,-0.016663236019270514,0.27009237961457117,-0.32547544929775946,-0.0034784907794293955,-0.8479294246524192,-0.3190617784792585,0.0031832105627326046,-0.004000993211303734,-0.1716117570256556,-0.0010063233653093884,-0.011742350904972103,-0.1695530699138676,-0.0009487934858062746,-0.16442850126520855,-0.3152342530077885,-0.0009218203039783925,-7.6,0.0,0.075,0.17,0.045
0.298,13.0,5.704649412677891e+17,2.5542360009214193,-0.33941912450694106,-0.017361915558492317,0.24200768642840814,-0.1319803726688847,-0.0021461987176563274,-0.7326216510727603,-0.12937962761537103,0.003636211563709023,2.6028906403140253,-0.33273068598173666,-0.01761372590571548,0.3744862732046762,-0.1278275651196768,-0.002913237338398341,-0.7994791700323249,-0.18033082926177899,0.003732356291752097,2.568370139099912,-0.3287391857092665,-0.01738267396709498,0.2618022238098276,-0.17677731215378273,-0.0025343878696326163,-0.7622423241568482,-0.17465665806518718,0.00354111404781702,2.602131033138561,-0.17506143791000725,-0.01666319538703539,0.28582160311324767,-0.32547544929775946,-0.0035734069734739836,-0.8461374567011791,-0.3190617784792585,0.0031732058770389646,-0.0041132454825456724,-0.1716117570256556,-0.0010056645828861112,-0.01207065246669814,-0.1695530699138676,-0.0009468643140533729,-0.16727768596907203,-0.3152342530077885,-0.0009048345104554797,-7.6,0.0,0.075,0.17,0.045
0.3,14.0,6.143460518677018e+17,2.5542385270196757,-0.33941912450694106,-0.017361930752570164,0.25822532120703445,-0.1319803726688847,-0.002243928354583757,-0.7297023959703693,-0.12937962761537103,0.003619452140744336,2.6028916489418465,-0.33273068598173666,-0.01761372795777457,0.3911750210534833,-0.1278275651196768,-0.0030138830299461183,-0.7964326045360582,-0.18033082926177899,0.0037148900446232758,2.5683687799473294,-0.3287391857092665,-0.017382655948855068,0.27790588373667235,-0.17677731215378273,-0.002631477215781662,-0.7595158558231543,-0.17465665806518718,0.0035255139965499663,2.602124284908472,-0.17506143791000725,-0.01666315482629141,0.3014591081302131,-0.32547544929775946,-0.0036677823144660427,-0.8442204397066879,-0.3190617784792585,0.0031624540693315235,-0.004227992991690058,-0.1716117570256556,-0.0010049910692586594,-0.012405812059437788,-0.1695530699138676,-0.0009448945046830168,-0.17014460121238606,-0.3152342530077885,-0.0008877394022322989,-7.6,0.0,0.075,0.17,0.045
0.302,13.0,5.7046494274424525e+17,2.5542386237122066,-0.33941912450694106,-0.017361945909159703,0.2743725982347015,-0.1319803726688847,-0.002341234163255515,-0.726656479930252,-0.12937962761537103,0.00360193661012999,2.6028902831033744,-0.33273068598173666,-0.0176137340095415,0.40777892644188296,-0.1278275651196768,-0.0031140155170389606,-0.7932497868177377,-0.18033082926177899,0.0036966106516456753,2.5683704111144015,-0.3287391857092665,-0.017382647793939575,0.2939290544531042,-0.17677731215378273,-0.0027280991753427307,-0.7566627046792925,-0.17465665806518718,0.0035091551865478027,2.602117548551108,-0.17506143791000725,-0.016663114336910874,0.31700333456959157,-0.32547544929775946,-0.0037616073445678353,-0.8421778717843071,-0.3190617784792585,0.003150951967364577,-0.004345276190299872,-0.1716117570256556,-0.0010043025842037933,-0.01274791468999433,-0.1695530699138676,-0.0009428835471265789,-0.1730287555584715,-0.3152342530077885,-0.0008705379107724147,-7.6,0.0,0.075,0.17,0.045
0.304,14.0,6.143472028691474e+17,2.554236749563246,-0.33941912450694106,-0.017361946489314887,0.2904476137707243,-0.1319803726688847,-0.0024381178254215177,-0.7234836277520168,-0.12937962761537103,0.0035836611138892857,2.6028875469302815,-0.33273068598173666,-0.017613725814510667,0.4242956358129407,-0.1278275651196768,-0.0032136389493693583,-0.7899305093684738,-0.18033082926177899,0.003677513745335752,2.568372631349163,-0.3287391857092665,-0.01738265758094201,0.30987201456526564,-0.17677731215378273,-0.0028242381996413215,-0.7536822278738123,-0.17465665806518718,0.0034920362796846322,2.6021108240453783,-0.17506143791000725,-0.01666307391876669,0.33245273873914594,-0.32547544929775946,-0.003854872703204106,-0.8400092780462509,-0.3190617784792585,0.003138696559830292,-0.004465135941615237,-0.1716117570256556,-0.0010035988850121344,-0.01309704524436172,-0.1695530699138676,-0.0009408309313432395,-0.1759296548024921,-0.3152342530077885,-0.0008532329846959021,-7.6,0.0,0.075,0.17,0.045
0.306,13.0,5.704649450637372e+17,2.554234894172046,-0.33941912450694106,-0.017361935244421124,0.3064473127955738,-0.1319803726688847,-0.002534567918637654,-0.7201837731331411,-0.12937962761537103,0.0035646240008198747,2.6028884161400923,-0.33273068598173666,-0.01761370939747211,0.44071980383134074,-0.1278275651196768,-0.0033127392055957057,-0.7864750750365079,-0.18033082926177899,0.0036575980806401683,2.5683707353483993,-0.3287391857092665,-0.01738267090235058,0.32573680951657186,-0.17677731215378273,-0.0029198959603142904,-0.7505735329989104,-0.17465665806518718,0.0034741534188517512,2.602104111370271,-0.17506143791000725,-0.016663033571732315,0.3478057935401498,-0.32547544929775946,-0.003947569128221433,-0.8377142107697739,-0.3190617784792585,0.003125684997401955,-0.00458761351780741,-0.1716117570256556,-0.001002879726504242,-0.013453288454796765,-0.1695530699138676,-0.0009387361480170352,-0.17884680206321454,-0.3152342530077885,-0.0008358275892317785,-7.6,0.0,0.075,0.17,0.045
0.308,13.0,5.704649421257702e+17,2.5542338660349397,-0.33941912450694106,-0.017361924112073924,0.3223695553362372,-0.1319803726688847,-0.0026305661127867513,-0.7167567357882952,-0.12937962761537103,0.0035448248731066202,2.602889852468262,-0.33273068598173666,-0.017613714612730973,0.4570521668757508,-0.1278275651196768,-0.0034112842137061054,-0.7828828409822856,-0.18033082926177899,0.0036368654746483735,2.5683702728178432,-0.3287391857092665,-0.017382659526345996,0.3415176974403333,-0.17677731215378273,-0.0030150847300221277,-0.7473369806619841,-0.17465665806518718,0.0034555012496023394,2.6020974105048453,-0.17506143791000725,-0.01666299329568167,0.36306098865414504,-0.32547544929775946,-0.004039687457027456,-0.8352922495597316,-0.3190617784792585,0.0031119145937430932,-0.004712750597164975,-0.1716117570256556,-0.0010021448610470893,-0.013816728866813874,-0.1695530699138676,-0.000936598688754425,-0.1817796978752495,-0.3152342530077885,-0.0008183247056674438,-7.6,0.0,0.075,0.17,0.045
0.31,14.0,6.143471963874799e+17,2.5542335086063375,-0.33941912450694106,-0.017361917943251287,0.33821295121531786,-0.1319803726688847,-0.002726099568030731,-0.7132022468728834,-0.12937962761537103,0.0035242626490375453,2.6028894151673216,-0.33273068598173666,-0.01761372323069999,0.47329302141620955,-0.1278275651196768,-0.0035092783919725653,-0.7791532636422205,-0.18033082926177899,0.0036153120703230394,2.5683726297469467,-0.3287391857092665,-0.01738265675116266,0.35721212062799534,-0.17677731215378273,-0.003109770057564696,-0.7439724608970231,-0.17465665806518718,0.0034360819355807814,2.602090721428224,-0.17506143791000725,-0.016662953090489117,0.3782168307262193,-0.32547544929775946,-0.004131218627711428,-0.8327430015053758,-0.3190617784792585,0.0030973828264828384,-0.004840589261211328,-0.1716117570256556,-0.0010013940385709438,-0.014187450806111444,-0.1695530699138676,-0.0009344180462823224,-0.18472784028175562,-0.3152342530077885,-0.0008007273307952341,-7.6,0.0,0.075,0.17,0.045
0.312,13.0,5.7046493296047584e+17,2.554233694733202,-0.33941912450694106,-0.017361915798679673,0.35397610274607383,-0.1319803726688847,-0.0028211599433052154,-0.7095200675814853,-0.12937962761537103,0.003502935715545074,2.6028895183746354,-0.33273068598173666,-0.01761372060689435,0.48943901683649216,-0.1278275651196768,-0.0036067235192153184,-0.7752864239127368,-0.18033082926177899,0.003592934606282649,2.5683723172907134,-0.3287391857092665,-0.01738267089273728,0.37282275712652585,-0.17677731215378273,-0.0032039365966906683,-0.7404790633854207,-0.17465665806518718,0.0034158948169910157,2.6020840441195894,-0.17506143791000725,-0.016662912956029386,0.393271843545432,-0.32547544929775946,-0.004222153680143873,-0.8300661013315297,-0.3190617784792585,0.0030820873381567043,-0.004971171991752563,-0.1716117570256556,-0.0010006270065866655,-0.014565538345438936,-0.1695530699138676,-0.0009321937146465369,-0.18769072492758873,-0.3152342530077885,-0.0007830384763561973,-7.6,0.0,0.075,0.17,0.045
0.314,14.0,6.143471983377783e+17,2.5542343211369825,-0.33941912450694106,-0.01736191691544086,0.36965760912615037,-0.1319803726688847,-0.0029157388524897513,-0.7057099886237638,-0.12937962761537103,0.0034808426397966857,2.602890313281317,-0.33273068598173666,-0.017613721226138232,0.5054885312057719,-0.1278275651196768,-0.0037035994917370136,-0.7712821561552581,-0.18033082926177899,0.003569733567905747,2.5683713041371847,-0.3287391857092665,-0.01738266901799988,0.388346639003868,-0.17677731215378273,-0.0032976004156818517,-0.7368568028489653,-0.17465665806518718,0.0033949344319214015,2.60207737855818,-0.17506143791000725,-0.01666287289217758,0.4082245682218952,-0.32547544929775946,-0.0043124837570591495,-0.8272612115439731,-0.3190617784792585,0.003066025937113627,-0.005104541667854875,-0.1716117570256556,-0.0009998435102034182,-0.014951075271413736,-0.1695530699138676,-0.0009299251894105719,-0.19066784515287813,-0.3152342530077885,-0.0007652611684811987,-7.6,0.0,0.075,0.17,0.045
0.316,13.0,5.704649306922534e+17,2.5542353039314887,-0.33941912450694106,-0.01736192067386354,0.38525607003464035,-0.1319803726688847,-0.0030098278907702103,-0.7017718298155396,-0.12937962761537103,0.0034579821660503567,2.6028893559250643,-0.33273068598173666,-0.01761372599557832,0.5214419072486776,-0.1278275651196768,-0.0037998965779526923,-0.7671400000840095,-0.18033082926177899,0.0035457079613608745,2.5683700890986474,-0.3287391857092665,-0.017382662939078707,0.40378193081556385,-0.17677731215378273,-0.003390743706945904,-0.7331055446459245,-0.17465665806518718,0.0033732008687026686,2.602070724723283,-0.17506143791000725,-0.016662832898809123,0.4230735633603193,-0.32547544929775946,-0.004402200105117928,-0.8243280225689696,-0.3190617784792585,0.003049196598388288,-0.005240741562750591,-0.1716117570256556,-0.0009990432921468044,-0.015344145051296922,-0.1695530699138676,-0.0009276119678547232,-0.19365869208701175,-0.3152342530077885,-0.0007473984471294623,-7.6,0.0,0.075,0.17,0.045
0.318,13.0,5.704649242672856e+17,2.554236574982227,-0.33941912450694106,-0.01736192657063058,0.40077008858152224,-0.1319803726688847,-0.0031034186562211505,-0.6977054397623866,-0.12937962761537103,0.0034343532132010118,2.60288903785555,-0.33273068598173666,-0.017613720251440805,0.5372958697158174,-0.1278275651196768,-0.003895616834210126,-0.7628601248309186,-0.18033082926177899,0.003520855024933383,2.5683718364547294,-0.3287391857092665,-0.017382655648847483,0.41912479472990316,-0.17677731215378273,-0.0034833554578160794,-0.7292255050141628,-0.17465665806518718,0.0033506933194844242,2.602064082594236,-0.17506143791000725,-0.016662792975799742,0.4378174052306462,-0.32547544929775946,-0.004491294075948472,-0.8212662528870491,-0.3190617784792585,0.003031597464538267,-0.005379815340671952,-0.1716117570256556,-0.0009982260927774301,-0.015744830799737052,-0.1695530699138676,-0.0009252535491754241,-0.19666275474301226,-0.3152342530077885,-0.0007294533655246606,-7.6,0.0,0.075,0.17,0.045
0.32,13.0,5.704649317222872e+17,2.5542380789492225,-0.33941912450694106,-0.01736193419693501,0.4161982737305176,-0.1319803726688847,-0.0031965027675024417,-0.6935106956173427,-0.12937962761537103,0.0034099548728820936,2.6028894918782255,-0.33273068598173666,-0.01761371834302372,0.5530488636598512,-0.1278275651196768,-0.0039907406090129655,-0.7584424509773899,-0.18033082926177899,0.0034951757734148375,2.568372510275878,-0.3287391857092665,-0.017382666132983976,0.43437685836424084,-0.17677731215378273,-0.003575412641302115,-0.7252160521449189,-0.17465665806518718,0.0033274130816938544,2.602057452150422,-0.17506143791000725,-0.01666275312302546,0.45245468793496524,-0.32547544929775946,-0.004579757127170434,-0.8180756491608451,-0.3190617784792585,0.0030132268464467442,-0.005521807053611795,-0.1716117570256556,-0.000997391650109902,-0.016153215245491168,-0.1695530699138676,-0.0009228494346847833,-0.19967952011228546,-0.3152342530077885,-0.0007114289895886575,-7.6,0.0,0.075,0.17,0.045
0.322,14.0,6.143471904939172e+17,2.554238071758451,-0.33941912450694106,-0.017361943220736982,0.4315405268221685,-0.1319803726688847,-0.003289071878396414,-0.6891872955987318,-0.12937962761537103,0.00338478640801183,2.6028905909024567,-0.33273068598173666,-0.017613721067159773,0.5686995427039185,-0.1278275651196768,-0.0040852585726771674,-0.7538868941058597,-0.18033082926177899,0.0034686697302936656,2.5683709887505803,-0.3287391857092665,-0.01738267017591087,0.4495375624350439,-0.17677731215378273,-0.0036669250231081414,-0.7210769372026072,-0.17465665806518718,0.0033033563644783905,2.602050833371268,-0.17506143791000725,-0.016662713340362574,0.4669840235712556,-0.32547544929775946,-0.004667580823396349,-0.8147559863570696,-0.3190617784792585,0.0029940832240895198,-0.005666761138010258,-0.1716117570256556,-0.0009965396998322627,-0.016569380698132134,-0.1695530699138676,-0.0009203991280102584,-0.20270847325972294,-0.3152342530077885,-0.0006933283973730184,-7.6,0.0,0.075,0.17,0.045
0.324,13.0,5.70464925957904e+17,2.5542370040583715,-0.33941912450694106,-0.017361943177592352,0.44679510607778994,-0.1319803726688847,-0.0033811253969463196,-0.6847352330022534,-0.12937962761537103,0.003358846007900165,2.602889879688805,-0.33273068598173666,-0.01761372766130516,0.5842483208738141,-0.1278275651196768,-0.004179162646941572,-0.7491931066018102,-0.18033082926177899,0.0034413363890644843,2.5683708421628935,-0.3287391857092665,-0.017382661046759083,0.4646028168592679,-0.17677731215378273,-0.0037578892475329598,-0.7168085114303202,-0.17465665806518718,0.0032785216748245204,2.6020442262362447,-0.17506143791000725,-0.016662673627687655,0.48140404239368584,-0.32547544929775946,-0.00475475683721409,-0.8113070678625502,-0.3190617784792585,0.0029741652472668667,-0.005814722411366674,-0.1716117570256556,-0.000995669975325872,-0.016993409014751548,-0.1695530699138676,-0.0009179021352944128,-0.2057490974191405,-0.3152342530077885,-0.0006751546784883935,-7.6,0.0,0.075,0.17,0.045
0.326,14.0,6.143471864637915e+17,2.554236613052494,-0.33941912450694106,-0.017361936771391875,0.46195931312463084,-0.1319803726688847,-0.003472652872480048,-0.6801546854029827,-0.12937962761537103,0.003332133632321294,2.602890035697905,-0.33273068598173666,-0.01761372339402325,0.5996917917012501,-0.1278275651196768,-0.0042724553159609446,-0.7443614176622428,-0.18033082926177899,0.003413173664040187,2.568373454810158,-0.3287391857092665,-0.01738266016723296,0.4795702034447527,-0.17677731215378273,-0.003848280774078304,-0.7124108884462017,-0.17465665806518718,0.0032529111201907985,2.602037630724863,-0.17506143791000725,-0.016662633984877512,0.495713392969629,-0.32547544929775946,-0.004841276950148672,-0.8077287255943265,-0.3190617784792585,0.002953471736299751,-0.005965736068775805,-0.1716117570256556,-0.0009947822076857335,-0.017425381566667387,-0.1695530699138676,-0.0009153579653946963,-0.20880087408903372,-0.3152342530077885,-0.0006569109335318881,-7.6,0.0,0.075,0.17,0.045
0.328,13.0,5.704649268511351e+17,2.5542367704677766,-0.33941912450694106,-0.01736193442535661,0.47703187593167934,-0.1319803726688847,-0.003563638114761093,-0.675445630094658,-0.12937962761537103,0.0033046503467256704,2.6028908941611038,-0.33273068598173666,-0.017613724330077848,0.6150286923765943,-0.1278275651196768,-0.004365116140925561,-0.7393918279087485,-0.18033082926177899,0.003384183530402783,2.5683715163077374,-0.3287391857092665,-0.01738267584311655,0.49444387002380397,-0.17677731215378273,-0.003938085093591213,-0.7078831369277427,-0.17465665806518718,0.0032265253822860874,2.6020310468166743,-0.17506143791000725,-0.01666259441180922,0.5099107423331058,-0.32547544929775946,-0.004927133053604331,-0.8040208201037342,-0.3190617784792585,0.002932001682690408,-0.00611984767938759,-0.1716117570256556,-0.0009938761257412786,-0.017865379206145608,-0.1695530699138676,-0.0009127661300832012,-0.21186328312863248,-0.3152342530077885,-0.0006386002735125287,-7.6,0.0,0.075,0.17,0.045
0.33,13.0,5.704649305086378e+17,2.5542373721159213,-0.33941912450694106,-0.017361935369848307,0.49201152054569014,-0.1319803726688847,-0.003654073491603384,-0.6706080747267258,-0.12937962761537103,0.0032763960148757217,2.60288940732171,-0.33273068598173666,-0.017613729480857043,0.6302599237511952,-0.1278275651196768,-0.004457137544977627,-0.7342839989845575,-0.18033082926177899,0.003354365991881817,2.5683695462079354,-0.3287391857092665,-0.017382664212102026,0.5092190741983573,-0.17677731215378273,-0.0040273270930655195,-0.703225814855151,-0.17465665806518718,0.0031993588731753335,2.60202447449127,-0.17506143791000725,-0.016662554908360088,0.5239947761348014,-0.32547544929775946,-0.005012317149785193,-0.8001832406744814,-0.3190617784792585,0.0029097542497468543,-0.0062771031827895795,-0.1716117570256556,-0.0009929514560776081,-0.018313482233144926,-0.1695530699138676,-0.0009101261442463319,-0.21493580285423544,-0.3152342530077885,-0.0006202258192749362,-7.6,0.0,0.075,0.17,0.045
0.332,14.0,6.143460405979547e+17,2.554238333371776,-0.33941912450694106,-0.017361938979737174,0.5068969746806191,-0.1319803726688847,-0.003743951359287449,-0.6656420568393884,-0.12937962761537103,0.0032473706826681285,2.602888925688193,-0.33273068598173666,-0.01761372055982068,0.6453816450630797,-0.1278275651196768,-0.0045485249332252314,-0.729038441569319,-0.18033082926177899,0.0033237190183366713,2.568370682077862,-0.3287391857092665,-0.01738265239150321,0.5238921321013265,-0.17677731215378273,-0.004115978318112841,-0.6984393379589555,-0.17465665806518718,0.0031714149407397834,2.6020179137282793,-0.17506143791000725,-0.016662515474407665,0.5379641987885927,-0.32547544929775946,-0.005096821352595365,-0.7962159054146841,-0.3190617784792585,0.0028867287731713376,-0.006437548885311253,-0.1716117570256556,-0.0009920079230571963,-0.01876977036209396,-0.1695530699138676,-0.0009074375260843359,-0.21801791013580615,-0.3152342530077885,-0.0006017907009213184,-7.6,0.0,0.075,0.17,0.045
0.334,14.0,6.143471886504676e+17,2.5542371623798594,-0.33941912450694106,-0.017361944747272304,0.5216887914986582,-0.1319803726688847,-0.003833264084097023,-0.6605473423539949,-0.12937962761537103,0.0032175745753441043,2.6028892671730017,-0.33273068598173666,-0.017613717670019576,0.6603926602792795,-0.1278275651196768,-0.0046392552610965395,-0.7236552431067488,-0.18033082926177899,0.0032922456738452397,2.568372500925134,-0.3287391857092665,-0.017382659206722773,0.5384635571229549,-0.17677731215378273,-0.0042040166655306545,-0.6935234597230112,-0.17465665806518718,0.00314269607936261,2.6020113645073697,-0.17506143791000725,-0.01666247610982972,0.5518177336146163,-0.32547544929775946,-0.005180637888518113,-0.7921187613428369,-0.3190617784792585,0.002862924761612554,-0.006601231456249408,-0.1716117570256556,-0.000991045248842066,-0.019234322688710025,-0.1695530699138676,-0.0009046997973106418,-0.22110908049381203,-0.3152342530077885,-0.0005832980572318941,-7.6,0.0,0.075,0.17,0.045
0.336,14.0,6.143471868131699e+17,2.554235876458722,-0.33941912450694106,-0.017361937721320803,0.5363841524966064,-0.1319803726688847,-0.003922014985005258,-0.6553242852331483,-0.12937962761537103,0.0031870062884317434,2.6028902752189165,-0.33273068598173666,-0.01761371971892843,0.6752917744033683,-0.1278275651196768,-0.004729321352393738,-0.7181345249767148,-0.18033082926177899,0.0032599464830698186,2.568371919724842,-0.3287391857092665,-0.017382670119806404,0.5529343735015856,-0.17677731215378273,-0.004291445215660426,-0.6884778784306698,-0.17465665806518718,0.0031132008099469446,2.602004826808246,-0.17506143791000725,-0.016662436814504262,0.5655541229787593,-0.32547544929775946,-0.005263759097474255,-0.7878917844676969,-0.3190617784792585,0.0028383418971814705,-0.00676819792401384,-0.1716117570256556,-0.0009900631534164371,-0.019707217656868746,-0.1695530699138676,-0.0009019124833509454,-0.2242087881962874,-0.3152342530077885,-0.0005647510350838589,-7.6,0.0,0.075,0.17,0.045
0.338,14.0,6.143471833513971e+17,2.554235309206633,-0.33941912450694106,-0.017361930005793978,0.5509811460640622,-0.1319803726688847,-0.0040101871509929474,-0.6499731203036535,-0.12937962761537103,0.003155667945706664,2.602889490572802,-0.33273068598173666,-0.01761372576720392,0.690079516411778,-0.1278275651196768,-0.004818716037138271,-0.7124761398346097,-0.18033082926177899,0.0032268221742896147,2.568372534550492,-0.3287391857092665,-0.01738266663260465,0.5673006133659214,-0.17677731215378273,-0.004378270113932209,-0.6833031552925001,-0.17465665806518718,0.0030829273221928957,2.6019983006106493,-0.17506143791000725,-0.016662397588309518,0.5791721284286927,-0.32547544929775946,-0.005346177433659113,-0.7835349798620583,-0.3190617784792585,0.0028129800359306305,-0.006938495672192524,-0.1716117570256556,-0.0009890613546098504,-0.020188533025533736,-0.1695530699138676,-0.000899075113541993,-0.2273165063561019,-0.3152342530077885,-0.0005461527888690067,-7.6,0.0,0.075,0.17,0.045
0.34,13.0,5.704649204474697e+17,2.5542353244677294,-0.33941912450694106,-0.017361926602281447,0.5654786058200533,-0.1319803726688847,-0.004097769112397682,-0.6444939893637457,-0.12937962761537103,0.003123560956129695,2.602889312309135,-0.33273068598173666,-0.017613721059327233,0.7047528346805089,-0.1278275651196768,-0.004907442489188729,-0.706680599838417,-0.18033082926177899,0.003192871863436984,2.5683708107494514,-0.3287391857092665,-0.01738267032155855,0.5815636663965535,-0.17677731215378273,-0.004464467553118225,-0.6779989843453137,-0.17465665806518718,0.003051878983363878,2.6019917858943593,-0.17506143791000725,-0.01666235843112394,0.5926705308263797,-0.32547544929775946,-0.005427885466358713,-0.7790483817303895,-0.3190617784792585,0.0027868392082967992,-0.007112172435535531,-0.1716117570256556,-0.0009880395681207785,-0.020678345835755563,-0.1695530699138676,-0.000896187221330003,-0.23043170702841556,-0.3152342530077885,-0.0005275064799101196,-7.6,0.0,0.075,0.17,0.045
0.342,13.0,5.704649261253477e+17,2.5542358116507917,-0.33941912450694106,-0.017361926693848024,0.5798753632529363,-0.1319803726688847,-0.004184753870933628,-0.638887065134184,-0.12937962761537103,0.003090686170490248,2.6028898793583077,-0.33273068598173666,-0.017613719989745227,0.7193103760283335,-0.1278275651196768,-0.004995482398801114,-0.7007481569071052,-0.18033082926177899,0.0031580986234598283,2.5683704876957414,-0.3287391857092665,-0.017382659978752307,0.5957195022290864,-0.17677731215378273,-0.004550045871302018,-0.67256600601098,-0.17465665806518718,0.0030200539576807593,2.6019852826391916,-0.17506143791000725,-0.0166623193428262,0.6060481304768319,-0.32547544929775946,-0.0055088758807448355,-0.7744320534703264,-0.3190617784792585,0.002759919619506786,-0.007289276295856926,-0.1716117570256556,-0.0009869975075407205,-0.02117673237774922,-0.1695530699138676,-0.0008932483444686723,-0.23355386130830144,-0.3152342530077885,-0.0005088152758762377,-7.6,0.0,0.075,0.17,0.045
0.34400000000000003,14.0,6.143471767200032e+17,2.5542366809298156,-0.33941912450694106,-0.0173619296169464,0.5941702514858922,-0.1319803726688847,-0.004271134415530927,-0.6331525507176938,-0.12937962761537103,0.003057044625112878,2.6028887377782994,-0.33273068598173666,-0.017613723392040266,0.7337527134951078,-0.1278275651196768,-0.005082827646888061,-0.6946787501883109,-0.18033082926177899,0.0031225039658719575,2.5683729575305376,-0.3287391857092665,-0.017382658040430047,0.609765864241931,-0.17677731215378273,-0.004634980886297216,-0.6670045933354883,-0.17465665806518718,0.0029874560876747575,2.6019787908249974,-0.17506143791000725,-0.016662280323295194,0.6193037472534809,-0.32547544929775946,-0.005589141478647548,-0.7696860877279859,-0.3190617784792585,0.0027322216499464074,-0.007469855677853891,-0.1716117570256556,-0.000985934884378792,-0.02168376815805931,-0.1695530699138676,-0.0008902580252167102,-0.23668243942851724,-0.3152342530077885,-0.0004900823501969224,-7.6,0.0,0.075,0.17,0.045
0.34600000000000003,13.0,5.704649191668124e+17,2.5542378593456103,-0.33941912450694106,-0.01736193483262054,0.6083621083529372,-0.1319803726688847,-0.004356903744928662,-0.6272906791595877,-0.12937962761537103,0.0030226375386139368,2.6028908779514524,-0.33273068598173666,-0.017613716542560217,0.7480749561683965,-0.1278275651196768,-0.005169481671688707,-0.6884733295557115,-0.18033082926177899,0.0030860875255591916,2.568372736406099,-0.3287391857092665,-0.017382672859438824,0.6237056401122346,-0.17677731215378273,-0.004719259058374283,-0.6613142728128676,-0.17465665806518718,0.0029540876116218072,2.6019723104316634,-0.17506143791000725,-0.016662241372410028,0.6324362207195351,-0.32547544929775946,-0.005668675179307443,-0.7648106064471349,-0.3190617784792585,0.0027037458554923645,-0.007653959344842349,-0.1716117570256556,-0.0009848514080868103,-0.022199527866822125,-0.1695530699138676,-0.0008872158105348498,-0.23981691085740683,-0.3152342530077885,-0.00047131088147562764,-7.6,0.0,0.075,0.17,0.045
0.34800000000000003,13.0,5.7046492216353555e+17,2.5542375885100888,-0.33941912450694106,-0.01736194190311531,0.6224510442520093,-0.1319803726688847,-0.004442054886130932,-0.6213014961937382,-0.12937962761537103,0.0029874663092653003,2.6028910099860516,-0.33273068598173666,-0.017613729383599133,0.7622797991774075,-0.1278275651196768,-0.00525541512772844,-0.682131518240105,-0.18033082926177899,0.003048855001763595,2.5683703299764944,-0.3287391857092665,-0.01738267153269219,0.6375372697384109,-0.17677731215378273,-0.004802897713596104,-0.6554953610993488,-0.17465665806518718,0.0029199456884860826,2.601965841439114,-0.17506143791000725,-0.016662202490050026,0.6454444102465728,-0.32547544929775946,-0.005747470020103767,-0.759805760912057,-0.3190617784792585,0.002674492967807259,-0.007841636394408354,-0.1716117570256556,-0.0009837467860848795,-0.02272408534513382,-0.1695530699138676,-0.000884121252282273,-0.24295674439691295,-0.3152342530077885,-0.0004525040529022901,-7.6,0.0,0.075,0.17,0.045
0.35000000000000003,13.0,5.704649236060807e+17,2.5542363074478063,-0.33941912450694106,-0.01736194027810218,0.636435551022388,-0.1319803726688847,-0.004526588501525364,-0.6151853560811523,-0.12937962761537103,0.002951531211470203,2.602888934522032,-0.33273068598173666,-0.017613730175806728,0.7763662080033874,-0.1278275651196768,-0.005340644185782506,-0.6756536403444778,-0.18033082926177899,0.003010804133869956,2.5683694540915645,-0.3287391857092665,-0.017382657094114566,0.6512568263706848,-0.17677731215378273,-0.0048858874913531615,-0.6495486159373827,-0.17465665806518718,0.0028850322182049698,2.6019593838273063,-0.17506143791000725,-0.016662163676094726,0.6583271951289631,-0.32547544929775946,-0.005825519157265994,-0.7546717317842627,-0.3190617784792585,0.002644463894596791,-0.008032936253974545,-0.1716117570256556,-0.0009826207237874835,-0.02325751355253387,-0.1695530699138676,-0.0008809739074124027,-0.2461014082806819,-0.3152342530077885,-0.00043366505166525336,-7.6,0.0,0.075,0.17,0.045
0.352,13.0,5.704649257589056e+17,2.554235743922735,-0.33941912450694106,-0.017361932591728486,0.650313178507951,-0.1319803726688847,-0.004610495542147637,-0.6089428055249858,-0.12937962761537103,0.0029148343707946878,2.602887976419181,-0.33273068598173666,-0.01761371772302261,0.7903305913542534,-0.1278275651196768,-0.005425162638738386,-0.6690405241293738,-0.18033082926177899,0.002971936866496193,2.5683714764914383,-0.3287391857092665,-0.017382651838804986,0.6648621500706662,-0.17677731215378273,-0.004968204831146805,-0.643474523652104,-0.17465665806518718,0.0028493517472331733,2.6019529375762356,-0.17506143791000725,-0.01666212493042388,0.6710834746940367,-0.32547544929775946,-0.005902815866560335,-0.749408729133052,-0.3190617784792585,0.0026136597198300254,-0.008227908676280966,-0.1716117570256556,-0.0009814729246300862,-0.023799884534612945,-0.1695530699138676,-0.0008777733381680024,-0.24925037027224153,-0.3152342530077885,-0.0004147970683626398,-7.6,0.0,0.075,0.17,0.045
0.354,13.0,5.704649258787794e+17,2.5542357619920675,-0.33941912450694106,-0.017361929210578057,0.6640828820993842,-0.1319803726688847,-0.004693761307061015,-0.602574181150978,-0.12937962761537103,0.0028773790674576885,2.6028908463694993,-0.33273068598173666,-0.017613711974405505,0.8041698316020754,-0.1278275651196768,-0.0055089489388435815,-0.662292947951386,-0.18033082926177899,0.0029322581692055685,2.5683723732971604,-0.3287391857092665,-0.01738266397320423,0.6783550976775342,-0.17677731215378273,-0.005049836773346694,-0.6372729022864332,-0.17465665806518718,0.0028129071935215012,2.6019465026659323,-0.17506143791000725,-0.016662086252917457,0.6837121684096487,-0.32547544929775946,-0.005979353543950777,-0.744016992459678,-0.3190617784792585,0.002582081703922761,-0.00842660373477955,-0.1716117570256556,-0.0009803030900962478,-0.02435126939075432,-0.1695530699138676,-0.0008745191122755278,-0.25240309776323366,-0.3152342530077885,-0.00039590329641328185,-7.6,0.0,0.075,0.17,0.045
0.356,14.0,6.143471835312431e+17,2.5542362512376404,-0.33941912450694106,-0.01736192931899405,0.6777436160308318,-0.1319803726688847,-0.004776379528609613,-0.5960798507052394,-0.12937962761537103,0.002839167321213642,2.6028909975206105,-0.33273068598173666,-0.017613729194107416,0.8178875913885167,-0.1278275651196768,-0.005591984380330514,-0.6554104717570876,-0.18033082926177899,0.002891772712137642,2.5683710324834363,-0.3287391857092665,-0.017382669354038562,0.6917353869133553,-0.17677731215378273,-0.005130794458987902,-0.6309439753672804,-0.17465665806518718,0.0027756974653274764,2.6019400790764604,-0.17506143791000725,-0.01666204764345564,0.6962122159873403,-0.32547544929775946,-0.006055125706244449,-0.7384967907153889,-0.3190617784792585,0.0025497312838825173,-0.008629071818941616,-0.1716117570256556,-0.0009791109197452564,-0.024911738242017995,-0.1695530699138676,-0.0008712108031386797,-0.25555905787168137,-0.3152342530077885,-0.0003769869314673291,-7.6,0.0,0.075,0.17,0.045
0.358,13.0,5.704649175978633e+17,2.554237121974014,-0.33941912450694106,-0.01736193225446749,0.6912943370919975,-0.1319803726688847,-0.004858343932198299,-0.5894602124615133,-0.12937962761537103,0.00280020133853921,2.6028894897315396,-0.33273068598173666,-0.017613730101014084,0.8314820053612155,-0.1278275651196768,-0.005674290939049162,-0.6483937150537377,-0.18033082926177899,0.0028504778549718513,2.568371032282353,-0.3287391857092665,-0.017382661309156215,0.7049992791187142,-0.17677731215378273,-0.005211076194402829,-0.6244886024721026,-0.17465665806518718,0.0027377239038125596,2.601933666787921,-0.17506143791000725,-0.016662009101918805,0.7085825774817346,-0.32547544929775946,-0.006130125991710598,-0.73284842231327,-0.3190617784792585,0.0025166100734167825,-0.008835363629477715,-0.1716117570256556,-0.000977896111240284,-0.025481360199176573,-0.1695530699138676,-0.0008678479900310975,-0.2587177175402732,-0.3152342530077885,-0.00035805117081664286,-7.6,0.0,0.075,0.17,0.045
0.36,15.0,6.582282790005576e+17,2.5542383013561736,-0.33941912450694106,-0.01736193747888573,0.7047340076557118,-0.1319803726688847,-0.004939648258565294,-0.5827156947313588,-0.12937962761537103,0.0027604835090768534,2.6028887454842144,-0.33273068598173666,-0.017613721054279656,0.8449502250612286,-0.1278275651196768,-0.005755857422885354,-0.6412435072952963,-0.18033082926177899,0.002808377314751752,2.568371930577567,-0.3287391857092665,-0.01738266130794972,0.7181460304619455,-0.17677731215378273,-0.005290659547634981,-0.6179071494493813,-0.17465665806518718,0.0026989916664414927,2.6019272657804495,-0.17506143791000725,-0.01666197062818757,0.7208222333874353,-0.32547544929775946,-0.006204348160676965,-0.727072215133432,-0.3190617784792585,0.002482719863004069,-0.00904553017346915,-0.1716117570256556,-0.0009766583603770674,-0.026060203330911972,-0.1695530699138676,-0.0008644302582881461,-0.2618785436346442,-0.3152342530077885,-0.00033909921280509206,-7.6,0.0,0.075,0.17,0.045
0.362,13.0,5.7046491879434554e+17,2.5542373070972166,-0.33941912450694106,-0.01736194455517869,0.7180633865200806,-0.1319803726688847,-0.0050202862819475795,-0.5758464380820761,-0.12937962761537103,0.0027200164026959265,2.602888854488655,-0.33273068598173666,-0.017613716588795705,0.8582911352833585,-0.1278275651196768,-0.0058366667410854325,-0.6339603982565094,-0.18033082926177899,0.002765476068201104,2.5683722638495303,-0.3287391857092665,-0.017382666697721,0.731175671168319,-0.17677731215378273,-0.005369540055694369,-0.6111998774139216,-0.17465665806518718,0.002659502948305165,2.601920876034215,-0.17506143791000725,-0.016661932222142743,0.7329301847311736,-0.32547544929775946,-0.006277786096111169,-0.7211685265222465,-0.3190617784792585,0.0024480626199250414,-0.009259622759410576,-0.1716117570256556,-0.0009753973611131187,-0.026648334632182035,-0.1695530699138676,-0.0008609571994977337,-0.2650410030416359,-0.3152342530077885,-0.0003201342562388659,-7.6,0.0,0.075,0.17,0.045
0.364,13.0,5.7046491872596634e+17,2.5542361642881137,-0.33941912450694106,-0.017361938589624946,0.7312799241568472,-0.1319803726688847,-0.005100262555133793,-0.5688532013281007,-0.12937962761537103,0.002678800862800231,2.6028896745470504,-0.33273068598173666,-0.01761371724282235,0.8715038028085964,-0.1278275651196768,-0.005916712202418213,-0.6265449327277266,-0.18033082926177899,0.0027217774139683825,2.568371791849428,-0.3287391857092665,-0.017382668697352784,0.7440873420655741,-0.17677731215378273,-0.005447717899932611,-0.6043672333095649,-0.17465665806518718,0.0026192593160924067,2.6019144975294246,-0.17506143791000725,-0.016661893883665336,0.7449054531598628,-0.32547544929775946,-0.0063504338041735975,-0.715137743285399,-0.3190617784792585,0.002412640488257928,-0.009477692992163039,-0.1716117570256556,-0.0009741128055974701,-0.027245819992766027,-0.1695530699138676,-0.0008574284116901135,-0.2682045627675156,-0.3152342530077885,-0.0003011594997969156,-7.6,0.0,0.075,0.17,0.045
0.366,13.0,5.704649095930742e+17,2.554235712839925,-0.33941912450694106,-0.01736193173277033,0.7443819647859958,-0.1319803726688847,-0.0051795617809543915,-0.5617366162219599,-0.12937962761537103,0.002636841442276378,2.602888738123322,-0.33273068598173666,-0.017613722163172724,0.8845890004639212,-0.1278275651196768,-0.005995988207569639,-0.618997365747491,-0.18033082926177899,0.0026772846207956855,2.5683710023567703,-0.3287391857092665,-0.01738266586535217,0.7568796741199144,-0.17677731215378273,-0.005525187925316141,-0.5974097920028784,-0.17465665806518718,0.002578263451466266,2.601908130246317,-0.17506143791000725,-0.01666185561263659,0.7567470810256064,-0.32547544929775946,-0.006422285414745734,-0.7089802816744657,-0.3190617784792585,0.0023764557888368435,-0.009699792767816835,-0.1716117570256556,-0.0009728043842009554,-0.027852724165998006,-0.1695530699138676,-0.0008538434995266094,-0.2713686900361361,-0.3152342530077885,-0.00028217814144163754,-7.6,0.0,0.075,0.17,0.045
0.368,14.0,6.143471749736192e+17,2.5542358217246646,-0.33941912450694106,-0.017361929024081197,0.7573685871066737,-0.1319803726688847,-0.005258174024729284,-0.5544972148358739,-0.12937962761537103,0.002594141931639533,2.60289104450573,-0.33273068598173666,-0.017613716544630353,0.8975421165518536,-0.1278275651196768,-0.006074499393501588,-0.6113190133386309,-0.18033082926177899,0.002631999218914272,2.5683730940782517,-0.3287391857092665,-0.01738266112839622,0.7695493226586657,-0.17677731215378273,-0.005601941917642184,-0.5903285147672783,-0.17465665806518718,0.002536518803626147,2.6019017741651678,-0.17506143791000725,-0.01666181740893795,0.7684541314669131,-0.32547544929775946,-0.006493335181940196,-0.7026965873672012,-0.3190617784792585,0.0023395110191712434,-0.009925974268463634,-0.1716117570256556,-0.0009714717855470326,-0.028469110737697048,-0.1695530699138676,-0.0008502020744872175,-0.2745328523870175,-0.3152342530077885,-0.0002631933778299144,-7.6,0.0,0.075,0.17,0.045
0.37,13.0,5.7046491405090675e+17,2.5542363845162983,-0.33941912450694106,-0.017361929677389636,0.7702388701475218,-0.1319803726688847,-0.00533609375865335,-0.5471355601701356,-0.12937962761537103,0.002550705523323017,2.6028883973950654,-0.33273068598173666,-0.017613730382924797,0.9103680955239571,-0.1278275651196768,-0.006152218090029182,-0.6035093915212781,-0.18033082926177899,0.0025859291044611115,2.568372566562537,-0.3287391857092665,-0.017382673678725112,0.7820993469102633,-0.17677731215378273,-0.00567795980887469,-0.5831232338952054,-0.17465665806518718,0.002494031140212547,2.6018954292662855,-0.17506143791000725,-0.01666177927245105,0.7800256884860782,-0.32547544929775946,-0.006563577484588035,-0.6962871354415604,-0.3190617784792585,0.002301808853327656,-0.010156289956877252,-0.1716117570256556,-0.0009701146965431517,-0.029095042095303184,-0.1695530699138676,-0.0008465037550570234,-0.2776965177733314,-0.3152342530077885,-0.00024420840372462593,-7.6,0.0,0.075,0.17,0.045
0.372,14.0,6.143471788988289e+17,2.554237314772046,-0.33941912450694106,-0.017361933054139436,0.7829918967963173,-0.1319803726688847,-0.005413315456898439,-0.539652245526445,-0.12937962761537103,0.002506535595328588,2.602889890290295,-0.33273068598173666,-0.01761371450026081,0.9230594305060754,-0.1278275651196768,-0.006229173963861804,-0.5955704552059045,-0.18033082926177899,0.0025390713735569947,2.568371551912989,-0.3287391857092665,-0.01738267051363082,0.7945272296707238,-0.17677731215378273,-0.005753259954384277,-0.5757948283282074,-0.17465665806518718,0.002450799454980109,2.6018890955300136,-0.17506143791000725,-0.016661741203057755,0.7914608570227075,-0.32547544929775946,-0.006633006826703027,-0.6897524303434871,-0.3190617784792585,0.0022633521417738116,-0.010390792571102524,-0.1716117570256556,-0.00096873280241267,-0.029730579397227976,-0.1695530699138676,-0.0008427481669113866,-0.28085915465976924,-0.3152342530077885,-0.00022522641140674282,-7.6,0.0,0.075,0.17,0.045
0.374,14.0,6.143460229755455e+17,2.554238542280784,-0.33941912450694106,-0.017361938635673924,0.795626756674443,-0.1319803726688847,-0.005489833616791212,-0.5320478939826299,-0.12937962761537103,0.0024616357074664437,2.602891840293811,-0.33273068598173666,-0.01761372345763219,0.9356178381070777,-0.1278275651196768,-0.006305321973754514,-0.5875024023900007,-0.18033082926177899,0.0024914377556647526,2.568371815733514,-0.3287391857092665,-0.01738266442573353,0.8068307426524243,-0.17677731215378273,-0.005827827250947039,-0.568344156750909,-0.17465665806518718,0.0024068290215781213,2.601882772936731,-0.17506143791000725,-0.016661703200640126,0.8027587630235743,-0.32547544929775946,-0.0067016178379228014,-0.6830930058483626,-0.3190617784792585,0.0022241439111853716,-0.010629535118951736,-0.1716117570256556,-0.0009673257867273184,-0.030375782542428544,-0.1695530699138676,-0.0008389349430998376,-0.2840202321202759,-0.3152342530077885,-0.00020625059008811563,-7.6,0.0,0.075,0.17,0.045
0.376,13.0,5.704649160461688e+17,2.5542375868976195,-0.33941912450694106,-0.017361946000726353,0.8081443189821146,-0.1319803726688847,-0.005565642776059967,-0.5243228316413153,-0.12937962761537103,0.002416009598203553,2.602891236954446,-0.33273068598173666,-0.017613735157653285,0.9480445690059688,-0.1278275651196768,-0.006380672419360527,-0.5793055537116705,-0.18033082926177899,0.0024430294387693305,2.5683712876586835,-0.3287391857092665,-0.017382666008656684,0.8190104796768938,-0.17677731215378273,-0.005901648328837242,-0.5607715893221462,-0.17465665806518718,0.002362124992114331,2.6018764614668513,-0.17506143791000725,-0.01666166526508043,0.8139185535087567,-0.32547544929775946,-0.006769405273928003,-0.6763094250161398,-0.3190617784792585,0.002184187364214625,-0.010872570872408059,-0.1716117570256556,-0.0009658933314402231,-0.031030710140213837,-0.1695530699138676,-0.0008350637242286343,-0.2871792199356293,-0.3152342530077885,-0.00018728412532507577,-7.6,0.0,0.075,0.17,0.045
0.378,13.0,5.7046491291322355e+17,2.554236475449114,-0.33941912450694106,-0.017361940268427363,0.8205421786645,-0.1319803726688847,-0.005640748149905996,-0.5164780190944078,-0.12937962761537103,0.002369659224155666,2.6028891176985214,-0.33273068598173666,-0.017613731537617094,0.9603379908290394,-0.1278275651196768,-0.006455232804753874,-0.5709808315648319,-0.18033082926177899,0.002393848346699349,2.5683704529530256,-0.3287391857092665,-0.0173826628402077,0.8310651929593006,-0.17677731215378273,-0.005974726750984059,-0.5530778715246926,-0.17465665806518718,0.002316689587541754,2.6018701611008215,-0.17506143791000725,-0.01666162739626115,0.8249393966338449,-0.32547544929775946,-0.006836364016839097,-0.6694022801402887,-0.3190617784792585,0.002143485879221288,-0.011119953361935478,-0.1716117570256556,-0.0009644351169194852,-0.03169541948029191,-0.1695530699138676,-0.0008311341586419226,-0.29033558869084775,-0.3152342530077885,-0.00016833019843295538,-7.6,0.0,0.075,0.17,0.045
0.38,14.0,6.143471722793418e+17,2.554236049256847,-0.33941912450694106,-0.01736193359973633,0.8328188164524177,-0.1319803726688847,-0.005715135308000308,-0.508514285108723,-0.12937962761537103,0.002322590348874221,2.6028904853442683,-0.33273068598173666,-0.01761371882208155,0.9724936452067011,-0.1278275651196768,-0.006528993335692297,-0.5625297472916181,-0.18033082926177899,0.0023439000138183175,2.5683725082824655,-0.3287391857092665,-0.017382657831973753,0.8429916761110023,-0.17677731215378273,-0.0060470550306785,-0.5452641434685817,-0.17465665806518718,0.0022705272807570327,2.601863871819123,-0.17506143791000725,-0.016661589594064972,0.8358204817485904,-0.32547544929775946,-0.006902489075589626,-0.6623721926903182,-0.3190617784792585,0.002102043009966181,-0.011371736370694722,-0.1716117570256556,-0.0009629508219823207,-0.03236996650306694,-0.1695530699138676,-0.000827145902601454,-0.293488809872406,-0.3152342530077885,-0.0001493919859016446,-7.6,0.0,0.075,0.17,0.045
0.382,13.0,5.704649072927955e+17,2.5542361784394676,-0.33941912450694106,-0.01736193104258273,0.8449734410569237,-0.1319803726688847,-0.005788795134727815,-0.5004323547401031,-0.12937962761537103,0.0022748079449601117,2.6028899918490302,-0.33273068598173666,-0.01761372702795603,0.9845145111694142,-0.1278275651196768,-0.006601927261958268,-0.5539523745714124,-0.18033082926177899,0.0022931935081790347,2.5683719515336425,-0.3287391857092665,-0.017382670163950394,0.8547930720367481,-0.17677731215378273,-0.006118613929588711,-0.5373303886079466,-0.17465665806518718,0.002223644912420367,2.601857593602272,-0.17506143791000725,-0.01666155185837478,0.8465610194515453,-0.32547544929775946,-0.006967775586278099,-0.655219813248183,-0.3190617784792585,0.0020598624852663583,-0.011627973928664666,-0.1716117570256556,-0.0009614401239297653,-0.03305440577019454,-0.1695530699138676,-0.0008230986204648039,-0.2966383559652415,-0.3152342530077885,-0.00013047265881229508,-7.6,0.0,0.075,0.17,0.045
0.384,14.0,6.143471674025542e+17,2.5542367575023075,-0.339419124506941,-0.017361931817678453,0.8570052623177319,-0.1319803726688847,-0.005861722882354851,-0.49223298358589757,-0.12937962761537103,0.0022263163627483924,2.602890324147478,-0.3327306859817366,-0.0176137240669846,0.9963978413598071,-0.12782756511967677,-0.006674052457734546,-0.5452499603271392,-0.18033082926177899,0.0022417292718578006,2.568372573487429,-0.32873918570926647,-0.017382666823457453,0.8664657907569177,-0.17677731215378273,-0.006189422305143185,-0.5292778884046322,-0.17465665806518715,0.0021760423832565567,2.6018513264308196,-0.17506143791000722,-0.016661514189073676,0.8571602416410492,-0.32547544929775946,-0.007032218812495829,-0.6479458214383349,-0.31906177847925843,0.0020169482086135476,-0.011888720306668774,-0.1716117570256556,-0.0009599026985819457,-0.03374879043540413,-0.16955306991386757,-0.0008189919848620381,-0.29978370054953235,-0.31523425300778846,-0.00011157538225528163,-7.599999999999999,0.0,0.075,0.17,0.045
0.386,13.0,5.704649080116151e+17,2.5542377007590997,-0.3394191245069411,-0.017361935292055493,0.8689134946472603,-0.13198037266888474,-0.0059339138099197,-0.48391695710679583,-0.12937962761537106,0.002177120135823159,2.602891325182494,-0.33273068598173666,-0.017613726060775287,1.0081429416932084,-0.12782756511967683,-0.006745352438876903,-0.536423374971926,-0.180330829261779,0.0021895147863921615,2.568370855444693,-0.3287391857092666,-0.017382670555180176,0.8780115631088382,-0.17677731215378276,-0.006259458617464202,-0.521106947896866,-0.17465665806518718,0.0021277273820366704,2.6018450702853495,-0.17506143791000728,-0.01666147658604496,0.8676174015624665,-0.3254754492977595,-0.007095814145632853,-0.640550925851477,-0.3190617784792585,0.0019733042577544583,-0.012154030010306086,-0.17161175702565562,-0.0009583382203139212,-0.034453172215596774,-0.16955306991386762,-0.0008148256768707809,-0.3029243183972276,-0.31523425300778857,-9.27033147495373e-05,-7.6000000000000005,0.0,0.075,0.17,0.045
0.388,13.0,5.704649146003832e+17,2.554237239482127,-0.33941912450694106,-0.017361940951596246,0.8806985897217304,-0.1319803726688847,-0.0060053632038968695,-0.47548485543187186,-0.12937962761537103,0.0021272239769485487,2.602889953474251,-0.33273068598173666,-0.017613732066985383,1.0197511880671064,-0.1278275651196768,-0.006815823040877311,-0.5274731003895736,-0.18033082926177899,0.0021365552742608823,2.568370537036871,-0.3287391857092665,-0.01738266024692376,0.8894268838970939,-0.17677731215378273,-0.006328733251575725,-0.5128189010607114,-0.17465665806518718,0.0020787017389900728,2.6018388251464803,-0.17506143791000725,-0.016661439049172142,0.8779317738513183,-0.32547544929775946,-0.007158557105161356,-0.6330358639623835,-0.3190617784792585,0.0019289348842333111,-0.012423957773786326,-0.1716117570256556,-0.0009567463620920969,-0.0351676013622271,-0.1695530699138676,-0.0008105993861896249,-0.3060596855683127,-0.3152342530077885,-7.385960766336541e-05,-7.6,0.0,0.075,0.17,0.045
0.39,14.0,6.143471742015496e+17,2.554235804299524,-0.33941912450694106,-0.01736193818393441,0.892359426668711,-0.1319803726688847,-0.006076073774343691,-0.46693758954858977,-0.12937962761537103,0.002076631366899005,2.6028872128324245,-0.33273068598173666,-0.017613723836735925,1.0312211057268927,-0.1278275651196768,-0.006885472519120699,-0.5184002343721109,-0.18033082926177899,0.002082853626766768,2.568373010614231,-0.3287391857092665,-0.017382658336476824,0.900709968922013,-0.17677731215378273,-0.00639722517630526,-0.5044147863955174,-0.17465665806518718,0.0020289734579731454,2.6018325909948636,-0.17506143791000725,-0.016661401578338925,0.8881026545731877,-0.32547544929775946,-0.007220443338894467,-0.6254014020409334,-0.3190617784792585,0.0018838445128987504,-0.01269855855366869,-0.1716117570256556,-0.0009551267955112156,-0.035892126632977694,-0.1695530699138676,-0.000806312811309843,-0.30918927950679037,-0.3152342530077885,-5.504740463685487e-05,-7.6,0.0,0.075,0.17,0.045
0.392,13.0,5.704649131856793e+17,2.554235116156704,-0.33941912450694106,-0.017361929572838792,0.9038939698544353,-0.1319803726688847,-0.006146038796025575,-0.45827627556533956,-0.12937962761537103,0.0020253477715993125,2.6028909923689745,-0.33273068598173666,-0.017613707392884967,1.042546354726719,-0.1278275651196768,-0.006954292025079417,-0.5092069032381384,-0.18033082926177899,0.0020284164306619916,2.5683727924991904,-0.3287391857092665,-0.017382673177940986,0.9118640178867066,-0.17677731215378273,-0.006464923686454775,-0.49589471382616057,-0.17465665806518718,0.0019785487699819815,2.6018263678111873,-0.17506143791000725,-0.016661364173429227,0.8981293612593382,-0.32547544929775946,-0.007281468623225684,-0.6176483350574236,-0.3190617784792585,0.0018380377413700496,-0.012977887522503897,-0.1716117570256556,-0.0009534791908319215,-0.03662679526373434,-0.1695530699138676,-0.0008019656596853394,-0.3123125791363591,-0.3152342530077885,-3.626984100598884e-05,-7.6,0.0,0.075,0.17,0.045
0.394,13.0,5.7046491185146086e+17,2.5542350335706736,-0.33941912450694106,-0.017361925443981872,0.9153015507811759,-0.1319803726688847,-0.006215246055139919,-0.4495017991352509,-0.12937962761537103,0.001973379887699811,2.6028918803040395,-0.33273068598173666,-0.017613730070104267,1.0537328765660923,-0.1278275651196768,-0.007022243519078375,-0.49989274181226545,-0.18033082926177899,0.0019732564438581564,2.5683703884837117,-0.3287391857092665,-0.017382671869250743,0.9228879257044429,-0.17677731215378273,-0.006531847980242937,-0.48725965301929947,-0.17465665806518718,0.0019274283345658407,2.6018201555761706,-0.17506143791000725,-0.016661326834327167,0.908011232938886,-0.32547544929775946,-0.007341628863342586,-0.6097774865813071,-0.3190617784792585,0.0017915193394689906,-0.013262000062379115,-0.1716117570256556,-0.0009518032170189102,-0.037371652940870484,-0.1695530699138676,-0.0007975576479007996,-0.31542906495577105,-0.3152342530077885,-1.753004322857632e-05,-7.6,0.0,0.075,0.17,0.045
0.396,13.0,5.704649001106922e+17,2.5542354416231836,-0.33941912450694106,-0.01736192494846569,0.9265815009103204,-0.1319803726688847,-0.006283691540700363,-0.4406150762141741,-0.12937962761537103,0.0019207330291192792,2.6028883617045815,-0.33273068598173666,-0.017613735397714655,1.0647810423698485,-0.1278275651196768,-0.007089362650114614,-0.4904585662523329,-0.18033082926177899,0.001917371475302919,2.568369514529397,-0.3287391857092665,-0.017382657445157868,0.9337782987659572,-0.17677731215378273,-0.006597991427149354,-0.47851105178610576,-0.17465665806518718,0.0018756179697246736,2.601813954270568,-0.17506143791000725,-0.01666128956091707,0.9177476301667996,-0.32547544929775946,-0.0074009200934198735,-0.6017897086742122,-0.3190617784792585,0.001744294248612292,-0.013550951758365373,-0.1716117570256556,-0.0009500985417796588,-0.038126743773849205,-0.1695530699138676,-0.0007930885018379828,-0.31853821913385044,-0.3152342530077885,1.1688716878952565e-06,-7.6,0.0,0.075,0.17,0.045
0.398,13.0,5.7046490834123014e+17,2.554236246973543,-0.33941912450694106,-0.01736192739678075,0.9377331553573762,-0.1319803726688847,-0.00635137124147523,-0.431617052279469,-0.12937962761537103,0.0018674126915928185,2.602888576437067,-0.33273068598173666,-0.01761371428611791,1.07568442441909,-0.1278275651196768,-0.007155651644937151,-0.48090663875739925,-0.18033082926177899,0.0018607664219433238,2.568371538467225,-0.3287391857092665,-0.017382652201431984,0.9445334561980302,-0.17677731215378273,-0.006663333665518439,-0.46965005738011223,-0.17465665806518718,0.0018231263623255116,2.6018077638751667,-0.17506143791000725,-0.01666125235308345,0.9273379350485466,-0.32547544929775946,-0.007459338476787355,-0.5936858817762403,-0.3190617784792585,0.0016963675811697224,-0.013844798391867075,-0.1716117570256556,-0.0009483648316037413,-0.03889211026815079,-0.1695530699138676,-0.0007885579568401104,-0.3216395256041551,-0.3152342530077885,1.9823796756371583e-05,-7.6,0.0,0.075,0.17,0.045
0.4,13.0,5.704649049931632e+17,2.5542373738077138,-0.33941912450694106,-0.017361932228882906,0.9487558558914975,-0.1319803726688847,-0.006418281168157566,-0.4225087016647078,-0.12937962761537103,0.001813424547984588,2.602889482394009,-0.33273068598173666,-0.01761371557451282,1.0864445106530496,-0.1278275651196768,-0.0072210719372326005,-0.4712376062010663,-0.18033082926177899,0.0018034548569737215,2.568372436492355,-0.3287391857092665,-0.01738266434505895,0.9551556066631216,-0.17677731215378273,-0.006727864610110878,-0.4606770829498009,-0.17465665806518718,0.0017699603958895504,2.601801584370789,-0.17506143791000725,-0.016661215210711042,0.9367815512606689,-0.32547544929775946,-0.007516880306077837,-0.5854669145864978,-0.3190617784792585,0.0016477446197818908,-0.014143595933873309,-0.1716117570256556,-0.0009466017518027311,-0.039667793298534176,-0.1695530699138676,-0.0007839657578743008,-0.3247324701592624,-0.3152342530077885,3.843163557819951e-05,-7.6,0.0,0.075,0.17,0.045
0.402,15.0,6.582282720338115e+17,2.554238760547908,-0.33941912450694106,-0.01736193898988793,0.9596489533702562,-0.1319803726688847,-0.006484417371362293,-0.41329102698787246,-0.12937962761537103,0.0017587744442960206,2.6028909475658697,-0.33273068598173666,-0.017613721010254473,1.0970607574929498,-0.1278275651196768,-0.007285632454636358,-0.46145257236118054,-0.18033082926177899,0.001745440661635724,2.5683710966395297,-0.3287391857092665,-0.01738266973320973,0.9656448906574071,-0.17677731215378273,-0.006791597512901426,-0.4515929803082943,-0.17465665806518718,0.0017161225493076827,2.601795415738289,-0.17506143791000725,-0.016661178133684777,0.9460779040677312,-0.32547544929775946,-0.007573542003350571,-0.5771337439372759,-0.3190617784792585,0.001598430816643436,-0.01444740053811055,-0.1716117570256556,-0.0009448089665506936,-0.040453832082640306,-0.1695530699138676,-0.0007793116596920006,-0.3278165405446617,-0.3152342530077885,5.698930290884319e-05,-7.6,0.0,0.075,0.17,0.045
0.404,13.0,5.7046489971787206e+17,2.554237934064305,-0.33941912450694106,-0.017361947310329095,0.9704135438983987,-0.1319803726688847,-0.006549775956234846,-0.4039647141883235,-0.12937962761537103,0.0017034683962350086,2.6028905326803993,-0.33273068598173666,-0.017613729801285637,1.1075342620408701,-0.1278275651196768,-0.00734932993567576,-0.45155232520763633,-0.18033082926177899,0.0016867304585964091,2.5683710971892806,-0.3287391857092665,-0.01738266169409278,0.9759981057206398,-0.17677731215378273,-0.006854533216867139,-0.4423992916465147,-0.17465665806518718,0.001661617933458643,2.601789257958556,-0.17506143791000725,-0.01666114112188978,0.9552264403354533,-0.32547544929775946,-0.0076293201201929435,-0.568687334662167,-0.3190617784792585,0.0015484317927481044,-0.01475626853409651,-0.1716117570256556,-0.0009429861389252702,-0.04125026415494528,-0.1695530699138676,-0.0007745954269873638,-0.33089122655223563,-0.3152342530077885,7.549372522123909e-05,-7.6,0.0,0.075,0.17,0.045
0.406,14.0,6.143471605760873e+17,2.554236926877493,-0.33941912450694106,-0.01736194235142748,0.9810475184011528,-0.1319803726688847,-0.0066143634994037005,-0.3945311157880299,-0.12937962761537103,0.001647510519437715,2.602890928194996,-0.33273068598173666,-0.017613727311972815,1.1178625420149557,-0.1278275651196768,-0.007412170962963281,-0.44153844522427993,-0.18033082926177899,0.001627328975675144,2.568371996064833,-0.3287391857092665,-0.01738266169739128,0.9862149493203795,-0.17677731215378273,-0.006916652507246535,-0.4330970154942025,-0.17465665806518718,0.0016064558014879653,2.601783111012512,-0.17506143791000725,-0.01666110417521138,0.9642266285400146,-0.32547544929775946,-0.007684211337799276,-0.5601286794582041,-0.3190617784792585,0.0014977533370974514,-0.015070256420094769,-0.1716117570256556,-0.0009411329309493545,-0.04205712534107145,-0.1695530699138676,-0.0007698168345535338,-0.3339560201133117,-0.3152342530077885,9.39418412666827e-05,-7.6,0.0,0.075,0.17,0.045
0.40800000000000003,13.0,5.704649022930341e+17,2.5542365849346007,-0.33941912450694106,-0.017361936308306604,0.9915496371022798,-0.1319803726688847,-0.0066781673464202254,-0.384991441865777,-0.12937962761537103,0.0015909089290359532,2.6028890662632516,-0.33273068598173666,-0.017613729685060395,1.128047169784466,-0.1278275651196768,-0.007474140642807795,-0.43141167823207205,-0.18033082926177899,0.0015672456957750058,2.568372329778847,-0.3287391857092665,-0.017382667090644597,0.9962958696543073,-0.17677731215378273,-0.006977953568844973,-0.4236870314038894,-0.17465665806518718,0.0015506421445740917,2.6017769748811133,-0.17506143791000725,-0.016661067293535115,0.973077958773686,-0.32547544929775946,-0.007738212467026645,-0.5514587987417714,-0.3190617784792585,0.0014464014058736738,-0.015389420855969947,-0.1716117570256556,-0.000939249003633365,-0.042874449732464084,-0.1695530699138676,-0.0007649756674367768,-0.33701041539126736,-0.3152342530077885,0.00011233060263313921,-7.6,0.0,0.075,0.17,0.045
0.41000000000000003,13.0,5.704649055988557e+17,2.5542367821124574,-0.33941912450694106,-0.017361934256649253,1.001919374755408,-0.1319803726688847,-0.006741180058626987,-0.3753467897322172,-0.12937962761537103,0.001533670885502436,2.602888281041281,-0.33273068598173666,-0.01761371851346993,1.1380852648916011,-0.1278275651196768,-0.007535248409424857,-0.4211737616286936,-0.18033082926177899,0.0015064850938217582,2.5683718581085966,-0.3287391857092665,-0.01738266909292868,1.0062404559948395,-0.17677731215378273,-0.00703843909084854,-0.4141704173199388,-0.17465665806518718,0.0014941822400322134,2.6017708495453484,-0.17506143791000725,-0.016661030476746722,0.9817799427465858,-0.32547544929775946,-0.007791320448428673,-0.5426787404987147,-0.3190617784792585,0.0013943821215750775,-0.015713818655943124,-0.1716117570256556,-0.0009373340170181139,-0.04370226966144159,-0.1695530699138676,-0.0007600717210884211,-0.3400539088736699,-0.3152342530077885,0.0001306569743008731,-7.6,0.0,0.075,0.17,0.045
0.41200000000000003,13.0,5.704649029913418e+17,2.554237415969025,-0.33941912450694106,-0.01736193543971639,1.0121562085422173,-0.1319803726688847,-0.006803398484545756,-0.36559828558162577,-0.12937962761537103,0.001475802972701077,2.6028883771313485,-0.33273068598173666,-0.017613713802138106,1.1479764325538406,-0.1278275651196768,-0.007595476980067667,-0.41082592767528603,-0.18033082926177899,0.0014450575942014875,2.568371068854724,-0.3287391857092665,-0.017382666262907177,1.0160478059376086,-0.17677731215378273,-0.007098106608891734,-0.40454838543535104,-0.17465665806518718,0.0014370825555285098,2.601764734986241,-0.17506143791000725,-0.016660993724732134,0.9903321137849045,-0.32547544929775946,-0.007843532352266072,-0.5337895801279783,-0.3190617784792585,0.0013417017721167371,-0.01604350678124725,-0.1716117570256556,-0.0009353876302182748,-0.044540615676626844,-0.1695530699138676,-0.000755104801514556,-0.34308599946393437,-0.3152342530077885,0.0001489179351952882,-7.6,0.0,0.075,0.17,0.045
0.41400000000000003,15.0,6.582282727271713e+17,2.5542384032975742,-0.33941912450694106,-0.017361939242855798,1.0222596213038602,-0.1319803726688847,-0.006864819487266612,-0.35574708371793573,-0.12937962761537103,0.0014173119477975285,2.6028891871422153,-0.33273068598173666,-0.01761371437867851,1.1577202808771863,-0.1278275651196768,-0.0076548239860411045,-0.4003694406605227,-0.18033082926177899,0.0013829705904810424,2.568373160740883,-0.3287391857092665,-0.017382661527383946,1.0257151071010489,-0.17677731215378273,-0.007156950708548348,-0.3948225643196177,-0.17465665806518718,0.0013793503642209831,2.601758631184846,-0.17506143791000725,-0.01666095703737749,0.9987340268252011,-0.32547544929775946,-0.007894845378495984,-0.5247924202796487,-0.3190617784792585,0.0012883668098923188,-0.01637854233268234,-0.1716117570256556,-0.0009334095014664501,-0.045389516518767326,-0.1695530699138676,-0.0007500747254234445,-0.3461061885724816,-0.3152342530077885,0.00016711047873687514,-7.6,0.0,0.075,0.17,0.045
0.41600000000000004,13.0,5.704648988322056e+17,2.554237253395527,-0.33941912450694106,-0.017361945166827094,1.0322308232638144,-0.1319803726688847,-0.006925439963836469,-0.34579401387954795,-0.12937962761537103,0.0013582047366153883,2.602890574839136,-0.33273068598173666,-0.017613719238743712,1.167316417269962,-0.1278275651196768,-0.007713287075981178,-0.3898055964952656,-0.18033082926177899,0.0013202316683924623,2.568372633330097,-0.3287391857092665,-0.017382674078700897,1.0352457447384986,-0.17677731215378273,-0.00721495451552899,-0.3849933474698948,-0.17465665806518718,0.0013209954375265833,2.601752538122253,-0.17506143791000725,-0.01666092041456912,1.0069852584049075,-0.32547544929775946,-0.007945256856737764,-0.5156883906872202,-0.3190617784792585,0.0012343838508023413,-0.016718982543070197,-0.1716117570256556,-0.0009313992881578395,-0.04624899909695163,-0.1695530699138676,-0.0007449813203706016,-0.349113980207379,-0.3152342530077885,0.00018523161338815852,-7.6,0.0,0.075,0.17,0.045
0.418,14.0,6.143471561057796e+17,2.554235984516634,-0.33941912450694106,-0.01736193826741481,1.0420678451706769,-0.1319803726688847,-0.006985267175596195,-0.33574058588801386,-0.12937962761537103,0.0012984863175850615,2.6028900975107248,-0.33273068598173666,-0.017613727564925238,1.176766071775012,-0.1278275651196768,-0.007770863894337832,-0.37913536537008197,-0.18033082926177899,0.0012568486034009196,2.5683716187369057,-0.3287391857092665,-0.01738267091423618,1.0446377097889463,-0.17677731215378273,-0.007272138341353688,-0.3750622630407941,-0.17465665806518718,0.0012620201364282456,2.601746455779584,-0.17506143791000725,-0.016660883856193562,1.0150854066494275,-0.32547544929775946,-0.007994764246216002,-0.5064786479931227,-0.3190617784792585,0.00117975967324777,-0.01706488476960849,-0.1716117570256556,-0.0009293566468955124,-0.047119088465229754,-0.1695530699138676,-0.0007398244249014959,-0.35210888106444693,-0.3152342530077885,0.00020327836319754288,-7.6,0.0,0.075,0.17,0.045
0.42,13.0,5.704648966239455e+17,2.5542354310189945,-0.33941912450694106,-0.01736193065414145,1.0517695777593643,-0.1319803726688847,-0.007044289307037369,-0.3255881627771789,-0.12937962761537103,0.0012381657496358571,2.602890442815,-0.33273068598173666,-0.017613724700954767,1.1860669333655711,-0.1278275651196768,-0.007827561821368132,-0.36836052815624565,-0.18033082926177899,0.001192827216649818,2.5683718825742905,-0.3287391857092665,-0.017382664826677035,1.0538892739949441,-0.17677731215378273,-0.007328490131656375,-0.3650308117326779,-0.17465665806518718,0.0012024336298536416,2.6017403841379956,-0.17506143791000725,-0.01666084736213755,1.0230340912552474,-0.32547544929775946,-0.008043365135683121,-0.4971643755690606,-0.3190617784792585,0.0011245012170831854,-0.01741630648612399,-0.1716117570256556,-0.0009272812335362826,-0.04799980779964458,-0.1695530699138676,-0.0007346038886918271,-0.3550904006168137,-0.3152342530077885,0.00022124776833995052,-7.6,0.0,0.075,0.17,0.045
0.422,13.0,5.704649004318671e+17,2.5542354573642125,-0.33941912450694106,-0.017361927333155613,1.0613356187076626,-0.1319803726688847,-0.007102499702569494,-0.3153379910555705,-0.12937962761537103,0.0011772512109708472,2.602891454283613,-0.33273068598173666,-0.01761372677278042,1.1952186868127637,-0.1278275651196768,-0.007883366990911488,-0.3574824573852697,-0.18033082926177899,0.0011281781933668,2.5683713544844475,-0.3287391857092665,-0.017382666409701344,1.0630014414087379,-0.17677731215378273,-0.007383999516892362,-0.35489995758294757,-0.17465665806518718,0.0011422449220049441,2.601734323178676,-0.17506143791000725,-0.016660810932288016,1.0308309534694098,-0.32547544929775946,-0.008091057243318042,-0.487746783330318,-0.3190617784792585,0.001068615582538813,-0.0177733052752248,-0.1716117570256556,-0.0009251727032371897,-0.04889117837568182,-0.1695530699138676,-0.0007293195726853381,-0.35805805120390166,-0.3152342530077885,0.00023913688565415105,-7.6,0.0,0.075,0.17,0.045
0.424,13.0,5.704649036402332e+17,2.554235953462616,-0.33941912450694106,-0.017361927491226923,1.070765566986669,-0.1319803726688847,-0.007159895948259283,-0.3049913453585136,-0.12937962761537103,0.0011157501806411967,2.6028900909159622,-0.33273068598173666,-0.017613732841592098,1.204223030155935,-0.1278275651196768,-0.007938277511594642,-0.34650210554462474,-0.18033082926177899,0.0010629097687409443,2.568370519737938,-0.3287391857092665,-0.017382663241162288,1.071973434614224,-0.17677731215378273,-0.007438672521375124,-0.344671066691741,-0.17465665806518718,0.0010814597971065623,2.6017282728828475,-0.17506143791000725,-0.0166607745665321,1.0384756560653257,-0.32547544929775946,-0.008137838416603016,-0.47822710754417047,-0.3190617784792585,0.0010121100291063572,-0.01813593882035143,-0.1716117570256556,-0.0009230307105025847,-0.04979321954614571,-0.1695530699138676,-0.0007239713492291146,-0.361011348119828,-0.3152342530077885,0.0002569427891766789,-7.6,0.0,0.075,0.17,0.045
0.426,14.0,6.143471616900438e+17,2.554236829895586,-0.33941912450694106,-0.01736193046781734,1.0800590262815195,-0.1319803726688847,-0.007216475637933322,-0.29454952758057307,-0.12937962761537103,0.0010536703064588553,2.6028873569118036,-0.33273068598173666,-0.017613724661386193,1.2130788903419296,-0.1278275651196768,-0.00799230357165367,-0.3354210775893073,-0.18033082926177899,0.0009970276576970745,2.5683725750053785,-0.3287391857092665,-0.017382658232683226,1.0808025816372338,-0.17677731215378273,-0.007492504480608041,-0.33434592838816085,-0.17465665806518718,0.001020086451759323,2.6017222332317638,-0.17506143791000725,-0.016660738264757127,1.0459678833149348,-0.32547544929775946,-0.00818370663217851,-0.46860661063241155,-0.3190617784792585,0.000954991974389472,-0.018504264897726587,-0.1716117570256556,-0.000920854909231825,-0.05070594871946741,-0.1695530699138676,-0.0007185591022063313,-0.36394980970120305,-0.3152342530077885,0.0002746625706722369,-7.6,0.0,0.075,0.17,0.045
0.428,13.0,5.704648980665837e+17,2.554238014034838,-0.33941912450694106,-0.017361935726415163,1.0892156077593649,-0.1319803726688847,-0.007272236393702425,-0.2840138661259429,-0.12937962761537103,0.0009910193997912122,2.6028911417006375,-0.33273068598173666,-0.017613708257361242,1.2217804641557812,-0.1278275651196768,-0.008045438732769639,-0.3242420712300687,-0.18033082926177899,0.0009305414899651698,2.568372018177813,-0.3287391857092665,-0.01738267056428787,1.089492357824876,-0.17677731215378273,-0.0075454793627460996,-0.3239250708434727,-0.17465665806518718,0.0009581356219378421,2.601716204206712,-0.17506143791000725,-0.016660702026850625,1.0533073409572087,-0.32547544929775946,-0.008228659995676166,-0.45888658096801116,-0.3190617784792585,0.0008972689929189184,-0.018878341368203575,-0.1716117570256556,-0.0009186449527675741,-0.051629381338453295,-0.1695530699138676,-0.0007130827271664012,-0.3668729574143097,-0.3152342530077885,0.00029229334016048724,-7.6,0.0,0.075,0.17,0.045
0.43,14.0,6.143471575827173e+17,2.5542377477622202,-0.33941912450694106,-0.017361942831250674,1.0982361254201074,-0.1319803726688847,-0.0073271758825694975,-0.2733854622464406,-0.12937962761537103,0.0009278054310634314,2.6028920337609986,-0.33273068598173666,-0.017613730966094244,1.230333893222742,-0.1278275651196768,-0.008097648175652748,-0.3129651210213762,-0.18033082926177899,0.0008634674518097383,2.568370807172491,-0.3287391857092665,-0.017382667223322476,1.0980410079244676,-0.17677731215378273,-0.0075976180198719535,-0.31341015133964806,-0.17465665806518718,0.0008956104766697133,2.6017101857890133,-0.17506143791000725,-0.016660665852700318,1.0604937561629209,-0.32547544929775946,-0.00827269674152981,-0.44906833266642177,-0.3190617784792585,0.0008389488149325161,-0.019258226169013196,-0.1716117570256556,-0.0009164004939447121,-0.05256353085947999,-0.1695530699138676,-0.0007075421314524859,-0.3697803159416471,-0.3152342530077885,0.0003098322264391271,-7.6,0.0,0.075,0.17,0.045
0.432,13.0,5.704648881434511e+17,2.554236470320277,-0.33941912450694106,-0.01736194123361497,1.1071198698742202,-0.1319803726688847,-0.007381298988533952,-0.2626657681734751,-0.12937962761537103,0.0008640350077864175,2.6028885183701993,-0.33273068598173666,-0.017613736318456412,1.2387399015600813,-0.1278275651196768,-0.008148968750054513,-0.30159151580726307,-0.18033082926177899,0.0007958057505575832,2.5683694320556945,-0.3287391857092665,-0.017382659957290547,1.106447830517999,-0.17677731215378273,-0.0076489099204695024,-0.3028026343841022,-0.17465665806518718,0.0008325209596467653,2.60170417796002,-0.17506143791000725,-0.016660629742194122,1.0675268774958426,-0.32547544929775946,-0.008315815232764081,-0.43915320537096536,-0.3190617784792585,0.0007800393251229797,-0.019643977305409083,-0.1716117570256556,-0.0009141211851398543,-0.05350840873214297,-0.1695530699138676,-0.0007019372343263256,-0.37267141326782277,-0.3152342530077885,0.00032727637760315164,-7.6,0.0,0.075,0.17,0.045
0.434,13.0,5.7046489801526726e+17,2.554235909649115,-0.33941912450694106,-0.01736193356896331,1.1158652461394438,-0.1319803726688847,-0.007434601455258629,-0.25185645149331665,-0.12937962761537103,0.0007997168433486243,2.602888735565963,-0.33273068598173666,-0.017613715226111614,1.2469925982972627,-0.1278275651196768,-0.008199404800078549,-0.29012407896297954,-0.18033082926177899,0.0007275641192729045,2.5683710500069763,-0.3287391857092665,-0.01738265170658977,1.114710273761605,-0.17677731215378273,-0.0076993508560306905,-0.2921044068274135,-0.17465665806518718,0.0007688758579134902,2.601698180701117,-0.17506143791000725,-0.016660593695220164,1.0744064748702868,-0.32547544929775946,-0.008358013960761612,-0.42914256403272283,-0.3190617784792585,0.0007205485613502412,-0.020035652842211413,-0.1716117570256556,-0.000911806678321479,-0.05446402437936551,-0.1695530699138676,-0.0006962679670903478,-0.37554578076477585,-0.3152342530077885,0.0003446229615602056,-7.6,0.0,0.075,0.17,0.045
0.436,13.0,5.7046489659534266e+17,2.5542359299500395,-0.33941912450694106,-0.017361930204936336,1.1244719870391866,-0.1319803726688847,-0.007487073712849971,-0.2409589253941282,-0.12937962761537103,0.0007348609432676738,2.6028896433801516,-0.33273068598173666,-0.017613716529286196,1.2550937953349777,-0.1278275651196768,-0.008248920980501636,-0.2785639085329568,-0.18033082926177899,0.0006587594982072033,2.5683716193265607,-0.3287391857092665,-0.017382661414297455,1.1228308497921446,-0.17677731215378273,-0.007748925515492327,-0.2813163018189617,-0.17465665806518718,0.000704686492573358,2.601692193993724,-0.17506143791000725,-0.016660557711666746,1.0811323395051162,-0.32547544929775946,-0.008399291545008278,-0.4190377986844482,-0.3190617784792585,0.000660484713320786,-0.020433310895248954,-0.1716117570256556,-0.0009094566251006651,-0.05543038517797459,-0.1695530699138676,-0.0006905342732070125,-0.3784029532763168,-0.3152342530077885,0.00036186916654192404,-7.6,0.0,0.075,0.17,0.045
0.438,13.0,5.704648856324078e+17,2.554236420921943,-0.33941912450694106,-0.017361930326741885,1.132939826660792,-0.1319803726688847,-0.0075387141582484276,-0.22997462978223668,-0.12937962761537103,0.000669475786672543,2.602888778079828,-0.33273068598173666,-0.01761372197617133,1.2630449241387156,-0.1278275651196768,-0.008297528162727927,-0.2669122154540168,-0.18033082926177899,0.000589398475627067,2.568371673542749,-0.3287391857092665,-0.017382664830214962,1.1308088897818673,-0.17677731215378273,-0.007797648971675565,-0.2704398631839647,-0.17465665806518718,0.0006399578625226473,2.6016862178192923,-0.17506143791000725,-0.016660521791422387,1.087704283874091,-0.32547544929775946,-0.008439646732817253,-0.4088403242093267,-0.3190617784792585,0.0005998561212311381,-0.020837009622699448,-0.1716117570256556,-0.0009070706767824399,-0.05640749643975033,-0.1695530699138676,-0.000684736108415358,-0.381242469201966,-0.3152342530077885,0.0003790122016111697,-7.6,0.0,0.075,0.17,0.045
0.44,13.0,5.704648908671915e+17,2.5542372929744652,-0.33941912450694106,-0.017361933272573304,1.1412685037237587,-0.1319803726688847,-0.007589521195978059,-0.21890503035883913,-0.12937962761537103,0.0006035700130011939,2.602891142048874,-0.33273068598173666,-0.017613716784369387,1.2708423278627667,-0.1278275651196768,-0.008345234935550354,-0.25517141338500804,-0.18033082926177899,0.0005194883171534268,2.56837097571534,-0.3287391857092665,-0.017382665155512095,1.1386442771555056,-0.17677731215378273,-0.007845517211613902,-0.25947653900546125,-0.17465665806518718,0.000574699230712665,2.6016802521593045,-0.17506143791000725,-0.016660485934375798,1.0941221416527143,-0.32547544929775946,-0.008479078399031103,-0.39855158010376707,-0.3190617784792585,0.0005386712743804094,-0.02124680721632828,-0.1716117570256556,-0.0009046484844177369,-0.057395361392955306,-0.1695530699138676,-0.0006788734408447036,-0.38406387058007674,-0.3152342530077885,0.0003960492971650651,-7.6,0.0,0.075,0.17,0.045
0.442,14.0,6.143460023868529e+17,2.5542384733398213,-0.33941912450694106,-0.017361938504888437,1.1494577643009363,-0.1319803726688847,-0.00763949325835586,-0.20775161781859575,-0.12937962761537103,0.0005371524164608086,2.6028885415077827,-0.33273068598173666,-0.017613730968183663,1.2784913884874922,-0.1278275651196768,-0.00839201935789466,-0.24334185086349436,-0.18033082926177899,0.0004490435047393743,2.568370003616984,-0.3287391857092665,-0.01738266096854764,1.1463364225169395,-0.17677731215378273,-0.00789252953585573,-0.24842791145392784,-0.17465665806518718,0.0005089192856416444,2.601674296995278,-0.17506143791000725,-0.01666045014041587,1.1003857676614646,-0.32547544929775946,-0.008517585545702842,-0.38817303023512323,-0.3190617784792585,0.0004769388097470515,-0.021662761892625535,-0.1716117570256556,-0.0009021896988559638,-0.05839398116435023,-0.1695530699138676,-0.0006729462511254737,-0.3868667031702258,-0.3152342530077885,0.00041297770543372936,-7.6,0.0,0.075,0.17,0.045
0.444,13.0,5.7046489654378266e+17,2.5542374797956393,-0.33941912450694106,-0.017361945587080575,1.1575090507524306,-0.1319803726688847,-0.007688628821818926,-0.19651553895627083,-0.12937962761537103,0.00047023194121934833,2.6028900720065224,-0.33273068598173666,-0.017613715364937117,1.2859857097344591,-0.1278275651196768,-0.008437913721643014,-0.2314266453025874,-0.18033082926177899,0.00037806612961029226,2.56837194783069,-0.3287391857092665,-0.017382655135957503,1.1538828625213027,-0.17677731215378273,-0.007938682408024334,-0.2372959950448153,-0.17465665806518718,0.000442627520332444,2.601668352308762,-0.17506143791000725,-0.016660414409431713,1.1064950378055143,-0.32547544929775946,-0.008555167301755344,-0.3777061625939158,-0.3190617784792585,0.00041466751053518847,-0.02208493188384139,-0.1716117570256556,-0.0008996939707981804,-0.05940335476170206,-0.1695530699138676,-0.0006669545324971041,-0.389650516534857,-0.3152342530077885,0.00042979470097462383,-7.6,0.0,0.075,0.17,0.045
0.446,13.0,5.704648928084894e+17,2.554236337482301,-0.33941912450694106,-0.017361939625815483,1.1654206869259178,-0.1319803726688847,-0.007736936540527891,-0.18519864747774847,-0.12937962761537103,0.0004028154680453988,2.6028920523168733,-0.33273068598173666,-0.017613724547929553,1.2933276255709916,-0.1278275651196768,-0.008482879649124815,-0.2194269039294456,-0.18033082926177899,0.0003065748962448506,2.568372781090727,-0.3287391857092665,-0.01738266680123974,1.1612861808118011,-0.17677731215378273,-0.007983961048050513,-0.2260817315076583,-0.17465665806518718,0.00037583602187776875,2.6016624180813355,-0.17506143791000725,-0.016660378741312615,1.11244984901097,-0.32547544929775946,-0.008591822922619643,-0.36715248904022235,-0.3190617784792585,0.00035186630468794403,-0.02251337542891999,-0.1716117570256556,-0.0008971609508508853,-0.06042347905679076,-0.1695530699138676,-0.0006608982909129933,-0.3924148641201617,-0.3152342530077885,0.0004464975811624109,-7.6,0.0,0.075,0.17,0.045
0.448,14.0,6.143471539912842e+17,2.5542358863515995,-0.33941912450694106,-0.017361932771935453,1.1731918412328695,-0.1319803726688847,-0.007784406357568815,-0.17380263903743642,-0.12937962761537103,0.00033491411917426465,2.6028914733464843,-0.33273068598173666,-0.01761373642979166,1.3005190307958456,-0.1278275651196768,-0.00852693114414401,-0.2073438632182916,-0.18033082926177899,0.00023457644800599974,2.568371388620546,-0.3287391857092665,-0.017382671800799963,1.168546954592684,-0.17677731215378273,-0.008028380957793504,-0.21478652801980308,-0.17465665806518718,0.0003085504406548268,2.601656494294612,-0.17506143791000725,-0.016660343135948056,1.1182501191575644,-0.32547544929775946,-0.008627551789852377,-0.356513545045341,-0.3190617784792585,0.00028854426336578324,-0.02294815076433181,-0.1716117570256556,-0.0008945902895804137,-0.06145434876892069,-0.1695530699138676,-0.000654777545142461,-0.3951593033361812,-0.3152342530077885,0.00046308366667423907,-7.6,0.0,0.075,0.17,0.045
0.45,13.0,5.704648906314087e+17,2.554235995409238,-0.33941912450694106,-0.017361930065151243,1.1808223764224237,-0.1319803726688847,-0.007831033283410525,-0.162329082980249,-0.12937962761537103,0.00026653806853239235,2.6028893736277263,-0.33273068598173666,-0.017613732955969325,1.3075590897358058,-0.1278275651196768,-0.008570079575493134,-0.19517943080735928,-0.18033082926177899,0.00016207820373907568,2.568371346415941,-0.3287391857092665,-0.017382663445978875,1.175662517982883,-0.17677731215378273,-0.008071945600478801,-0.203412527848639,-0.17465665806518718,0.0002407792197276954,2.6016505809302375,-0.17506143791000725,-0.016660307593227716,1.1238957870079138,-0.32547544929775946,-0.008662353410731943,-0.3457908894275902,-0.3190617784792585,0.00022471059939649507,-0.023389316114804697,-0.1716117570256556,-0.0008919816375679427,-0.06249595644894253,-0.1695530699138676,-0.0006485923268696814,-0.3978833956361162,-0.3152342530077885,0.0004795503019703562,-7.6,0.0,0.075,0.17,0.045
0.452,14.0,6.143471478005036e+17,2.554236558256547,-0.33941912450694106,-0.017361930719497074,1.1883121569756068,-0.1319803726688847,-0.00787681649454785,-0.1507795735647019,-0.12937962761537103,0.00019769673218926787,2.602890756879138,-0.33273068598173666,-0.01761372035765678,1.3144442907507443,-0.1278275651196768,-0.008612319929132896,-0.18293617129633832,-0.18033082926177899,8.909160927348176e-05,2.5683722105461966,-0.3287391857092665,-0.017382663192751245,1.1826330183271154,-0.17677731215378273,-0.008114638980819995,-0.19196128289144151,-0.17465665806518718,0.00017253521870071092,2.601644677969888,-0.17506143791000725,-0.01666027211304147,1.129386812133293,-0.32547544929775946,-0.008696227417834039,-0.33498610408352925,-0.3190617784792585,0.00016037466568999016,-0.023836929683953605,-0.1716117570256556,-0.0008893346454651055,-0.06354829246379151,-0.1695530699138676,-0.0006423426807895504,-0.4005867065948278,-0.3152342530077885,0.000495894855769966,-7.6,0.0,0.075,0.17,0.045
0.454,14.0,6.143471452550757e+17,2.554237488472973,-0.33941912450694106,-0.01736193409658093,1.1956610522973241,-0.1319803726688847,-0.00792175517786695,-0.13915572901288092,-0.12937962761537103,0.0001283996756959852,2.6028902757908052,-0.33273068598173666,-0.017613728657165248,1.3211781712521289,-0.1278275651196768,-0.008653631135222526,-0.1706150103128997,-0.18033082926177899,1.5632052207356028e-05,2.5683706831523505,-0.3287391857092665,-0.017382668377532776,1.1894605999278423,-0.17677731215378273,-0.00815646198288539,-0.18043392826334453,-0.17465665806518718,0.000103827748957526,2.6016387853952754,-0.17506143791000725,-0.016660236695279374,1.1347231748360063,-0.32547544929775946,-0.008729173568586315,-0.32410079371325096,-0.3190617784792585,9.554595362562457e-05,-0.024291049644809274,-0.1716117570256556,-0.000886648964050212,-0.0646113449815477,-0.1695530699138676,-0.0006360286647004565,-0.40326880598651627,-0.3152342530077885,0.0005121147215222358,-7.6,0.0,0.075,0.17,0.045
0.456,14.0,6.143459964845661e+17,2.554238715865444,-0.33941912450694106,-0.017361939677879485,1.2028689392906926,-0.1319803726688847,-0.007965848549797252,-0.12745919068135747,-0.12937962761537103,5.8656608385059374e-05,2.602890617893878,-0.33273068598173666,-0.01761372577063525,1.3277588395206803,-0.1278275651196768,-0.008694034418230833,-0.158218188094516,-0.18033082926177899,-5.829491369327578e-05,2.56836905176345,-0.3287391857092665,-0.017382659213169702,1.1961435569866279,-0.17677731215378273,-0.00819742747248975,-0.16883247822462308,-0.17465665806518718,3.466362118894412e-05,2.601632903188143,-0.17506143791000725,-0.016660201339831697,1.1399048760683348,-0.32547544929775946,-0.008761191744802594,-0.3131365855410013,-0.3190617784792585,3.023409140395483e-05,-0.02475173413024595,-0.1716117570256556,-0.000883924244285078,-0.06568509995702375,-0.1695530699138676,-0.0006296503495939193,-0.40592926786156186,-0.3152342530077885,0.0005282073178723665,-7.6,0.0,0.075,0.17,0.045
0.458,13.0,5.7046488763930925e+17,2.5542377603055475,-0.33941912450694106,-0.017361947042234312,1.2099373769867778,-0.1319803726688847,-0.008009095871757464,-0.11569124705017379,-0.12937962761537103,-1.1522621604081351e-05,2.6028916266167257,-0.33273068598173666,-0.01761372782325369,1.3341863515457482,-0.1278275651196768,-0.008733518427842143,-0.14574750819878635,-0.18033082926177899,-0.000132675847003578,2.568370462257676,-0.3287391857092665,-0.017382649424836298,1.202679611600306,-0.17677731215378273,-0.008237525214842464,-0.15715910142313422,-0.17465665806518718,-3.494507904338462e-05,2.6016270313302625,-0.17506143791000725,-0.0166601660465889,1.1449319373481035,-0.32547544929775946,-0.008792281952196565,-0.30209512903043984,-0.3190617784792585,-3.5551157629542976e-05,-0.02521904122330838,-0.1716117570256556,-0.0008811601373724579,-0.06676954111788565,-0.1695530699138676,-0.0006232078197410631,-0.40856767062251426,-0.3152342530077885,0.0005441700891226401,-7.6,0.0,0.075,0.17,0.045
0.46,14.0,6.143471513338692e+17,2.5542366486302024,-0.33941912450694106,-0.01736194130887493,1.2168648321257176,-0.1319803726688847,-0.008051506497933975,-0.10385390474400558,-0.12937962761537103,-8.213028339118342e-05,2.602890260874659,-0.33273068598173666,-0.017613733875590773,1.3404627305277825,-0.1278275651196768,-0.008772083499992549,-0.13320432674625032,-0.18033082926177899,-0.00020749992637795583,2.568372503689722,-0.3287391857092665,-0.017382657887801658,1.209070346197068,-0.17677731215378273,-0.008276741542524533,-0.1454151292123335,-0.17465665806518718,-0.00010498533985231778,2.6016211698034404,-0.17506143791000725,-0.01666013081544162,1.149804400670876,-0.32547544929775946,-0.008822444319875177,-0.29097809559491894,-0.3190617784792585,-0.0001017998966929119,-0.02569302894743826,-0.1716117570256556,-0.0008783562948140834,-0.06786464995131192,-0.1695530699138676,-0.0006167011727758917,-0.4111835970992156,-0.3152342530077885,0.0005600005056883545,-7.6,0.0,0.075,0.17,0.045
0.462,13.0,5.7046489247098464e+17,2.5542362221700037,-0.33941912450694106,-0.01736193463882286,1.2236506087889856,-0.1319803726688847,-0.008093071228767613,-0.09194900686533242,-0.12937962761537103,-0.0001531543372281927,2.602887524799006,-0.33273068598173666,-0.017613725681138375,1.3465872900521667,-0.1278275651196768,-0.008809741773884756,-0.12059067863486427,-0.18033082926177899,-0.000282759015093172,2.56837046288434,-0.3287391857092665,-0.01738267013639393,1.2153189482755355,-0.17677731215378273,-0.008315085950105106,-0.13360155505508367,-0.17465665806518718,-0.00017544917311712217,2.601615318589515,-0.17506143791000725,-0.016660095646280685,1.1545223284188384,-0.32547544929775946,-0.008851679099811813,-0.27978717830338173,-0.3190617784792585,-0.00016850209730603726,-0.02617375525660039,-0.1716117570256556,-0.000875512368469304,-0.06897040569119613,-0.1695530699138676,-0.0006101305197753341,-0.41377663462304387,-0.3152342530077885,0.0005756960645485625,-7.6,0.0,0.075,0.17,0.045
0.464,13.0,5.704648905407278e+17,2.5542363510515305,-0.33941912450694106,-0.01736193208006167,1.230294699478088,-0.1319803726688847,-0.008133785888747221,-0.07997826539621344,-0.12937962761537103,-0.0002245837245002317,2.602891307763602,-0.33273068598173666,-0.017613709264684457,1.352554718555434,-0.1278275651196768,-0.00884648913103106,-0.1079097395320299,-0.18033082926177899,-0.00035844090376148835,2.568369883156281,-0.3287391857092665,-0.01738265789156164,1.2214215506543733,-0.17677731215378273,-0.00835257756257591,-0.12172098383407028,-0.17465665806518718,-0.0002463306180606211,2.6016094776703556,-0.17506143791000725,-0.016660060538997132,1.1590858032663331,-0.32547544929775946,-0.008879986666299586,-0.26852409158020846,-0.3190617784792585,-0.0002356476010552605,-0.026661278025308818,-0.1716117570256556,-0.0008726280106143312,-0.07008678530589817,-0.1695530699138676,-0.0006034959853360288,-0.41634637510026207,-0.3152342530077885,0.0005912542896915322,-7.6,0.0,0.075,0.17,0.045
0.466,13.0,5.704648850605486e+17,2.5542369297865566,-0.33941912450694106,-0.01736193285335083,1.2367970982364855,-0.1319803726688847,-0.008173650432881836,-0.06794341528721423,-0.12937962761537103,-0.0002964081733149455,2.602892198201586,-0.33273068598173666,-0.01761373196247203,1.3583713852780421,-0.1278275651196768,-0.008882293702050665,-0.09516188536858694,-0.18033082926177899,-0.00043452653837849453,2.568372145305183,-0.3287391857092665,-0.017382654413193286,1.227377176669589,-0.17677731215378273,-0.008389193176848936,-0.10977539467801938,-0.17465665806518718,-0.0003176140453867014,2.601603647027864,-0.17506143791000725,-0.016660025493482177,1.163494928082135,-0.32547544929775946,-0.008907367515384556,-0.2571905709010643,-0.3190617784792585,-0.0003032261213943002,-0.0271556550385532,-0.1716117570256556,-0.0008697028740020806,-0.071213763486549,-0.1695530699138676,-0.0005967977076478166,-0.41889241508445985,-0.3152342530077885,0.0006066727325548414,-7.6,0.0,0.075,0.17,0.045
0.468,13.0,5.704648752677554e+17,2.554237872694046,-0.33941912450694106,-0.017361936325760986,1.2431578037613138,-0.1319803726688847,-0.00821266482543222,-0.055846213465752685,-0.12937962761537103,-0.0003686172739689408,2.6028886813533503,-0.33273068598173666,-0.017613737305099936,1.364038359416846,-0.1278275651196768,-0.008917193702386313,-0.0823488005226535,-0.18033082926177899,-0.0005110136633591523,2.5683732360596836,-0.3287391857092665,-0.017382667986086696,1.2331885790478065,-0.17677731215378273,-0.00842492693294023,-0.09776594427659017,-0.17465665806518718,-0.00038928758032300687,2.6015978266439754,-0.17506143791000725,-0.01665999050962723,1.1677498258284502,-0.32547544929775946,-0.008933822264279367,-0.24578837248357635,-0.3190617784792585,-0.0003712272454691652,-0.02765694398162575,-0.1716117570256556,-0.0008667366119226145,-0.07235131263591377,-0.1695530699138676,-0.0005900358385639116,-0.42141435584807385,-0.3152342530077885,0.000621948972460028,-7.6,0.0,0.075,0.17,0.045
0.47000000000000003,13.0,5.704648886042283e+17,2.5542374110517923,-0.33941912450694106,-0.01736194198320592,1.2493779866647374,-0.1319803726688847,-0.008250829058581191,-0.04368817078070301,-0.12937962761537103,-0.00044120048489771003,2.602888897226611,-0.33273068598173666,-0.017613716204010522,1.3695502352144293,-0.1278275651196768,-0.008951195547219137,-0.06947376918980548,-0.18033082926177899,-0.0005878921724347529,2.5683704120738544,-0.3287391857092665,-0.017382674530613703,1.238857654696219,-0.17677731215378273,-0.008459795347209536,-0.08569400603838169,-0.17465665806518718,-0.00046134428273158205,2.6015920165006534,-0.17506143791000725,-0.016659955587323895,1.1718506394566945,-0.32547544929775946,-0.008959351650757258,-0.23431927297339433,-0.3190617784792585,-0.0004396404359740928,-0.028165202429849056,-0.1716117570256556,-0.0008637288782641791,-0.07349940285781807,-0.1695530699138676,-0.000583210543667723,-0.42391180345297397,-0.3152342530077885,0.000637080617041712,-7.6,0.0,0.075,0.17,0.045
0.47200000000000003,13.0,5.704648866687025e+17,2.5542359754910193,-0.33941912450694106,-0.0173619392133524,1.2554573282159214,-0.1319803726688847,-0.008288150156001732,-0.03147116232559778,-0.12937962761537103,-0.0005141487410080082,2.6028898038287527,-0.33273068598173666,-0.017613717499250083,1.3749091455657825,-0.1278275651196768,-0.008984266802004636,-0.05653826342994378,-0.18033082926177899,-0.000665142360431841,2.5683691978661627,-0.3287391857092665,-0.017382657586698727,1.244380638805275,-0.17677731215378273,-0.00849380980110001,-0.07356226592199983,-0.17465665806518718,-0.000533775912160833,2.6015862165798946,-0.17506143791000725,-0.016659920726463964,1.1757975318000624,-0.32547544929775946,-0.008983956532526724,-0.22278506912560642,-0.3190617784792585,-0.0005084550330351849,-0.028680487838205173,-0.1716117570256556,-0.0008606793275748393,-0.07465800194714184,-0.1695530699138676,-0.0005763220023362972,-0.4263843688201015,-0.3152342530077885,0.0006520653026711127,-7.6,0.0,0.075,0.17,0.045
0.47400000000000003,13.0,5.704648784631244e+17,2.554235286958632,-0.33941912450694106,-0.017361930599987762,1.2613946432206242,-0.1319803726688847,-0.008324626205308836,-0.019197284105603223,-0.12937962761537103,-0.0005874507917386395,2.602888937406913,-0.33273068598173666,-0.017613722938862937,1.3801168511282613,-0.1278275651196768,-0.009016420264112755,-0.04354386748559688,-0.18033082926177899,-0.0007427553949910113,2.5683709462810556,-0.3287391857092665,-0.017382650301452578,1.2497566522416221,-0.17677731215378273,-0.008526947705754347,-0.06137277605886826,-0.17465665806518718,-0.0006065663528591242,2.6015804268637295,-0.17506143791000725,-0.016659885926939413,1.1795906854628644,-0.32547544929775946,-0.009007637886586931,-0.2111875774809328,-0.3190617784792585,-0.0005776602561219124,-0.029202857530866336,-0.1716117570256556,-0.0008575876151247025,-0.07582707538038529,-0.1695530699138676,-0.0005693704078003545,-0.42883166779814735,-0.3152342530077885,0.000666900694873878,-7.6,0.0,0.075,0.17,0.045
0.47600000000000003,13.0,5.7046488347985325e+17,2.554235203973988,-0.33941912450694106,-0.017361926468793438,1.2671900410228325,-0.1319803726688847,-0.008360250095337054,-0.0068683568688942785,-0.12937962761537103,-0.0006610940610586068,2.6028913003287846,-0.33273068598173666,-0.017613717740331897,1.3851701250615713,-0.1278275651196768,-0.009047666497487629,-0.030493413863091783,-0.18033082926177899,-0.0008207217706570927,2.5683716213418597,-0.3287391857092665,-0.017382660791941933,1.2549885275625738,-0.17677731215378273,-0.00855920378637243,-0.04912675883155554,-0.17465665806518718,-0.0006797032920379135,2.6015746473342163,-0.17506143791000725,-0.01665985118864242,1.1832303027068227,-0.32547544929775946,-0.009030396808563743,-0.1995286340384646,-0.3190617784792585,-0.0006472452059899541,-0.029732368690627724,-0.1716117570256556,-0.0008544533969687355,-0.07700658630681138,-0.1695530699138676,-0.0005623559672008939,-0.4312533212312566,-0.3152342530077885,0.000681584488742153,-7.6,0.0,0.075,0.17,0.045
0.47800000000000004,13.0,5.70464883448459e+17,2.5542356116207507,-0.33941912450694106,-0.017361925970885577,1.2728436305900244,-0.1319803726688847,-0.008395022482150303,0.0055137771485514065,-0.12937962761537103,-0.0007350676244788605,2.602888698801622,-0.33273068598173666,-0.017613731917863126,1.390074600759279,-0.1278275651196768,-0.009077986141087489,-0.017387575726556644,-0.18033082926177899,-0.0008990244923921232,2.56837176122441,-0.3287391857092665,-0.017382664842306755,1.2600759830300194,-0.17677731215378273,-0.00859059503829814,-0.036826175121956115,-0.17465665806518718,-0.0007531793954017898,2.601568877973447,-0.17506143791000725,-0.016659816511465343,1.1867166053341507,-0.32547544929775946,-0.009052234512027493,-0.1878100939229745,-0.3190617784792585,-0.0007171988666447633,-0.030269078348242724,-0.1716117570256556,-0.0008512763300101672,-0.07819649554016883,-0.1695530699138676,-0.0005552789016423373,-0.4336489550257473,-0.3152342530077885,0.0006961144093408085,-7.6,0.0,0.075,0.17,0.045
0.48,13.0,5.704648889743927e+17,2.5542364165597804,-0.33941912450694106,-0.01736192841676615,1.2783555238661264,-0.1319803726688847,-0.008428944019553453,0.01794725531474519,-0.12937962761537103,-0.0008093604285835347,2.60288731470809,-0.33273068598173666,-0.01761371630870015,1.3948263063465693,-0.1278275651196768,-0.009107412995273735,-0.004229419801798263,-0.18033082926177899,-0.0009776595212113342,2.568371132763063,-0.3287391857092665,-0.01738266568160206,1.265019278966608,-0.17677731215378273,-0.008621119771102814,-0.024472879503642672,-0.17465665806518718,-0.0008269828976593865,2.601563118763545,-0.17506143791000725,-0.016659781895300728,1.1900498345675643,-0.32547544929775946,-0.00907315232779146,-0.17603383104802758,-0.3190617784792585,-0.0007875101073377039,-0.030813043371661127,-0.1716117570256556,-0.0008480560720644772,-0.07939676155099974,-0.1695530699138676,-0.0005481394462421926,-0.4360182002158315,-0.3152342530077885,0.0007104882121077527,-7.6,0.0,0.075,0.17,0.045
0.482,13.0,5.704648867902172e+17,2.554237542978299,-0.33941912450694106,-0.01736193324640033,1.2837258384699195,-0.1319803726688847,-0.008462015379210066,0.030430195555771672,-0.12937962761537103,-0.0008839612975806973,2.6028898401129585,-0.33273068598173666,-0.017613708004138962,1.3994236268952753,-0.1278275651196768,-0.009135923228797476,0.008978545543327629,-0.18033082926177899,-0.0010566084567598844,2.56837021679484,-0.3287391857092665,-0.01738266191083398,1.269818209802129,-0.17677731215378273,-0.008650779546722345,-0.01206885865097024,-0.17465665806518718,-0.0009011026713692671,2.6015573696866627,-0.17506143791000725,-0.016659747340041314,1.1932302509272876,-0.32547544929775946,-0.009093151703191943,-0.16420173777514321,-0.3190617784792585,-0.0008581676845873854,-0.0313643204551708,-0.1716117570256556,-0.0008447922819239668,-0.08060734045953584,-0.1695530699138676,-0.0005409378501772071,-0.4383606930283255,-0.3152342530077885,0.0007247036832482578,-7.6,0.0,0.075,0.17,0.045
0.484,13.0,5.704648863604605e+17,2.554237230167873,-0.33941912450694106,-0.01736194000491144,1.2889558568933461,-0.1319803726688847,-0.008494237266832825,0.0429609682484962,-0.12937962761537103,-0.0009588589390268562,2.602889713002209,-0.33273068598173666,-0.01761372315656817,1.4038711474343362,-0.1278275651196768,-0.009163507152089712,0.022235331342264977,-0.18033082926177899,-0.0011358562488306397,2.5683722063907286,-0.3287391857092665,-0.017382656415024643,1.2744707333069463,-0.17677731215378273,-0.008679573131735471,0.00038345521665002387,-0.17465665806518718,-0.0009755267964853016,2.6015516307249857,-0.17506143791000725,-0.01665971284558002,1.1962581341049316,-0.32547544929775946,-0.009112234201350282,-0.1523157245679214,-0.3190617784792585,-0.0009291602442246916,-0.0319229661084433,-0.1716117570256556,-0.0008414846194229088,-0.08182818602918701,-0.1695530699138676,-0.0005336743767259905,-0.44067607494633837,-0.3152342530077885,0.0007387586401232218,-7.6,0.0,0.075,0.17,0.045
0.486,13.0,5.70464884246226e+17,2.5542359152710543,-0.339419124506941,-0.017361938128048884,1.2940453825933436,-0.1319803726688847,-0.008525617377373385,0.05553757706470391,-0.12937962761537103,-0.0010340435751832035,2.6028879808936165,-0.3327306859817366,-0.017613722393903675,1.4081683919346895,-0.12782756511967677,-0.009190192275324078,0.03553866699432199,-0.18033082926177899,-0.0012153969636242638,2.568373076306797,-0.32873918570926647,-0.01738266835259997,1.2789797539519407,-0.17677731215378273,-0.008707488272764375,0.012882758260639516,-0.17465665806518715,-0.0010502406796910231,2.601545901860732,-0.17506143791000722,-0.01665967841180996,1.1991337828344195,-0.32547544929775946,-0.009130401500416146,-0.14037771964230047,-0.31906177847925843,-0.0010004763234680223,-0.032489036645484054,-0.1716117570256556,-0.0008381327455032737,-0.0830592496606258,-0.16955306991386757,-0.0005263493033080834,-0.4429639927719264,-0.31523425300778846,0.0007526509316312994,-7.599999999999999,0.0,0.075,0.17,0.045
0.488,13.0,5.7046488433934214e+17,2.5542353245251426,-0.33941912450694106,-0.017361930238667972,1.2989933585445421,-0.1319803726688847,-0.008556154531573368,0.06815780434481666,-0.12937962761537103,-0.0011095032280804497,2.602889663179573,-0.33273068598173666,-0.01761371200125212,1.4123122498325729,-0.1278275651196768,-0.009215975742326197,0.04888560607607506,-0.18033082926177899,-0.0012952169775366058,2.5683700734744987,-0.3287391857092665,-0.017382673572096382,1.2833473249218121,-0.17677731215378273,-0.008734542396634341,0.025427529051653366,-0.17465665806518718,-0.0011252364979549602,2.601540183076148,-0.17506143791000725,-0.016659644038624438,1.2018575147599948,-0.32547544929775946,-0.009147655392793073,-0.12838966861292797,-0.3190617784792585,-0.001072104353021748,-0.033062588173487596,-0.1716117570256556,-0.0008347363222810292,-0.08430048038647146,-0.1695530699138676,-0.0005189629215194508,-0.4452240986877019,-0.3152342530077885,0.0007663784385848273,-7.6,0.0,0.075,0.17,0.045
0.49,13.0,5.704648772065825e+17,2.5542353207450192,-0.33941912450694106,-0.017361926694192502,1.3038000137579346,-0.1319803726688847,-0.00858584238728056,0.08081971441319019,-0.12937962761537103,-0.0011852245917611261,2.6028894253086152,-0.33273068598173666,-0.017613722094967855,1.4163065366327399,-0.1278275651196768,-0.009240838889713499,0.06227490934027372,-0.18033082926177899,-0.0013752986120271244,2.5683687145184564,-0.3287391857092665,-0.017382655555102593,1.2875698783352996,-0.17677731215378273,-0.00876074782245357,0.03801491491247321,-0.17465665806518718,-0.0012005051227010435,2.601534474353513,-0.17506143791000725,-0.016659609725916933,1.2044296663012222,-0.32547544929775946,-0.009163997784346525,-0.116353534134991,-0.3190617784792585,-0.0011440326591979832,-0.03364367658159856,-0.1716117570256556,-0.000831295013113008,-0.08555182486657664,-0.1695530699138676,-0.0005115155371643768,-0.44745605031738567,-0.3152342530077885,0.0007799390740794804,-7.6,0.0,0.075,0.17,0.045
0.492,13.0,5.704648738655824e+17,2.5542357925034387,-0.33941912450694106,-0.017361926671511763,1.3084655768010234,-0.1319803726688847,-0.008614682318560916,0.0935213525393943,-0.12937962761537103,-0.0012611960521713673,2.6028896900774354,-0.33273068598173666,-0.01761372066774211,1.4201499137369988,-0.1278275651196768,-0.0092648046105145,0.07570402946949187,-0.18033082926177899,-0.0014556344316123163,2.5683703458730727,-0.3287391857092665,-0.017382647401366337,1.291646708057112,-0.17677731215378273,-0.008786083142934494,0.05064271078179406,-0.17465665806518718,-0.0012760294378659624,2.6015287756751393,-0.17506143791000725,-0.01665957547358112,1.2068505925151027,-0.32547544929775946,-0.00917943069359389,-0.10427129554211574,-0.3190617784792585,-0.001216249466065605,-0.03423235752957903,-0.1716117570256556,-0.0008278084826643422,-0.08681322738392025,-0.1695530699138676,-0.0005040074702837458,-0.4496595107852912,-0.3152342530077885,0.000793330783857583,-7.6,0.0,0.075,0.17,0.045
0.494,14.0,6.14347134856737e+17,2.554236649295324,-0.33941912450694106,-0.01736192950206228,1.3129902789993533,-0.1319803726688847,-0.008642675696819448,0.1062607460470814,-0.12937962761537103,-0.001337405880928592,2.60289089084461,-0.33273068598173666,-0.017613722256355033,1.4238423895988568,-0.1278275651196768,-0.009287864873140053,0.08917073417593349,-0.18033082926177899,-0.001536209152387625,2.5683725662878785,-0.3287391857092665,-0.017382657189494038,1.2955796765171261,-0.17677731215378273,-0.008810544121265368,0.06330929493128246,-0.17465665806518718,-0.0013517962130818874,2.6015230870233683,-0.17506143791000725,-0.01665954128151088,1.2091206669551102,-0.32547544929775946,-0.009193956250877173,-0.09214494847919154,-0.3190617784792585,-0.0012887428976228565,-0.03482868643638295,-0.1716117570256556,-0.0008242763969764594,-0.08808462984110936,-0.1695530699138676,-0.0004964390551796841,-0.45183414877473077,-0.3152342530077885,0.0008065515466650162,-7.6,0.0,0.075,0.17,0.045
0.496,13.0,5.704648832617663e+17,2.5542378176099003,-0.339419124506941,-0.017361934642813593,1.317374357009044,-0.1319803726688847,-0.008669823910009427,0.11903590528620646,-0.12937962761537103,-0.0014138422419747146,2.6028897012068053,-0.3327306859817366,-0.01761372946095808,1.4273864866567576,-0.12782756511967677,-0.0093100197283112,0.10267340825518066,-0.18033082926177899,-0.0016170093806262748,2.568370670460678,-0.32873918570926647,-0.01738267051198287,1.2993722288448224,-0.17677731215378273,-0.008834141932025454,0.07601340036879466,-0.17465665806518715,-0.0014277957179788176,2.6015174083805706,-0.17506143791000722,-0.016659507149600253,1.2112402815282475,-0.32547544929775946,-0.009207576697517218,-0.07997650453580418,-0.31906177847925843,-0.0013615009800004014,-0.03543271846863822,-0.1716117570256556,-0.0008206984235356358,-0.08936597175749313,-0.16955306991386757,-0.0004888106404365493,-0.45397963858533147,-0.31523425300778846,0.0008195993746016539,-7.599999999999999,0.0,0.075,0.17,0.045
0.498,13.0,5.704648826731229e+17,2.5542375386107103,-0.33941912450694106,-0.017361941652701048,1.3216192054469662,-0.1319803726688847,-0.008696128378067571,0.13184509877510572,-0.12937962761537103,-0.001490493197409465,2.6028871082907368,-0.33273068598173666,-0.017613722323131253,1.4307818806373975,-0.1278275651196768,-0.009331284310658607,0.11620969757711858,-0.18033082926177899,-0.0016980254251017578,2.5683702080986994,-0.3287391857092665,-0.017382659137019665,1.3030208548195281,-0.17677731215378273,-0.00885689724599163,0.0887521045493338,-0.17465665806518718,-0.001504020350603891,2.60151173972915,-0.17506143791000725,-0.01665947307774347,1.2132098463480314,-0.32547544929775946,-0.009220294384956041,-0.06776799086921095,-0.3190617784792585,-0.001434511643660726,-0.03604450852903739,-0.1716117570256556,-0.0008170742313421043,-0.09065719026689144,-0.1695530699138676,-0.0004811225889382468,-0.45609566018925213,-0.3152342530077885,0.0008324723134652578,-7.6,0.0,0.075,0.17,0.045
0.5,14.0,6.143471425842483e+17,2.5542362509584855,-0.33941912450694106,-0.017361939978705908,1.325724747636137,-0.1319803726688847,-0.008721597468695105,0.14468622669545148,-0.12937962761537103,-0.0015673483583428607,2.6028910075997986,-0.33273068598173666,-0.01761370676563484,1.434023673467638,-0.1278275651196768,-0.009351656674542446,0.1297760755043644,-0.18033082926177899,-0.0017792431610333852,2.568372565192386,-0.3287391857092665,-0.017382656362847797,1.3065248926381061,-0.17677731215378273,-0.008878789001839865,0.10152313716852578,-0.17465665806518718,-0.0015804525756871258,2.601506081051541,-0.17506143791000725,-0.016659439065834943,1.2150297895856663,-0.32547544929775946,-0.009232111773874745,-0.055521449828467254,-0.3190617784792585,-0.001507762725660285,-0.036664111244637525,-0.1716117570256556,-0.0008134034909797091,-0.0919582201159411,-0.1695530699138676,-0.00047337527788185696,-0.4581818992862897,-0.3152342530077885,0.0008451684430887817,-7.6,0.0,0.075,0.17,0.045
0.502,13.0,5.704648792999233e+17,2.554235682121953,-0.3394191245069411,-0.01736193225279256,1.3296900506597442,-0.13198037266888474,-0.008746230721830131,0.15755696799718116,-0.12937962761537106,-0.0016443951258649353,2.6028919925565877,-0.33273068598173666,-0.017613730161489212,1.4371184762381868,-0.12782756511967683,-0.009371107431523888,0.143371907080222,-0.180330829261779,-0.0018606414285968606,2.5683722528970767,-0.3287391857092666,-0.017382670505409915,1.309888364308738,-0.17677731215378276,-0.008899813228751333,0.1143253184143499,-0.17465665806518718,-0.0016570787714022778,2.601500432330209,-0.17506143791000728,-0.01665940511376929,1.2167005573178644,-0.3254754492977595,-0.009243031433300556,-0.043238938571859176,-0.3190617784792585,-0.0015812419719047476,-0.03729158095507019,-0.17161175702565562,-0.0008096858746861086,-0.09326899366306174,-0.16955306991386762,-0.0004655690987875592,-0.46023804735786605,-0.31523425300778857,0.0008576858776710069,-7.6000000000000005,0.0,0.075,0.17,0.045
0.504,14.0,6.143471300373124e+17,2.55423569591818,-0.33941912450694106,-0.017361928839773364,1.3335154598625503,-0.1319803726688847,-0.008770022539971773,0.17045528970918766,-0.12937962761537103,-0.0017216195736753132,2.6028885524626704,-0.33273068598173666,-0.017613736071229947,1.4400676747556782,-0.1278275651196768,-0.009389676248147181,0.15699521758487825,-0.18033082926177899,-0.0019422164180520059,2.568371239901543,-0.3287391857092665,-0.017382668631638058,1.3131102466872657,-0.17677731215378273,-0.008919994058775124,0.12715625752345988,-0.17465665806518718,-0.0017338918588772224,2.6014947935476496,-0.17506143791000725,-0.0166593712214413,1.218222613372552,-0.32547544929775946,-0.009253056039693744,-0.03092252868346249,-0.3190617784792585,-0.0016549370394443959,-0.03792697170066237,-0.1716117570256556,-0.0008059210564235125,-0.09458944087804409,-0.1695530699138676,-0.00045770445750483514,-0.4622638017198846,-0.3152342530077885,0.0008700227661004653,-7.6,0.0,0.075,0.17,0.045
0.506,13.0,5.704648792518075e+17,2.5542361817339576,-0.33941912450694106,-0.017361928922550725,1.3372013195042154,-0.1319803726688847,-0.008792974995188609,0.1833791423285185,-0.12937962761537103,-0.0017990095039473522,2.6028888306313593,-0.33273068598173666,-0.017613715430666442,1.4428662670122654,-0.1278275651196768,-0.00940737143925213,0.17064239492994454,-0.18033082926177899,-0.0020239562810799435,2.5683700250185857,-0.3287391857092665,-0.017382662553664857,1.3161905311750952,-0.17677731215378273,-0.008939325353046292,0.1400137869047258,-0.17465665806518718,-0.0018108774935318825,2.60148916468639,-0.17506143791000725,-0.01665933738874594,1.2195964391715817,-0.32547544929775946,-0.00926218837602187,-0.018574305784588085,-0.3190617784792585,-0.0017288354987747758,-0.038570337210469215,-0.1716117570256556,-0.0008021087119499593,-0.09591948934226255,-0.1695530699138676,-0.000449781774214941,-0.4642588655744481,-0.3152342530077885,0.0008821772922725767,-7.6,0.0,0.075,0.17,0.045
0.508,13.0,5.7046487433842925e+17,2.554237049725421,-0.33941912450694106,-0.01736193183744539,1.3407479758950023,-0.1319803726688847,-0.0088150901530386,0.19632646095890122,-0.12937962761537103,-0.0018765526196633372,2.602889787760732,-0.33273068598173666,-0.017613717099678575,1.4455166856182948,-0.1278275651196768,-0.009424162992791653,0.18431169717461995,-0.18033082926177899,-0.002105839345150341,2.568371772528444,-0.3287391857092665,-0.017382655264367115,1.3191274192278493,-0.17677731215378273,-0.008957807059973268,0.15289529705507965,-0.17465665806518718,-0.001888022669819478,2.6014835457289864,-0.17506143791000725,-0.016659303615578384,1.2208225335708174,-0.32547544929775946,-0.009270431330816047,-0.006196369141788612,-0.3190617784792585,-0.0018029248361680224,-0.03922173089021942,-0.1716117570256556,-0.0007982485188911183,-0.09725906424951412,-0.1695530699138676,-0.0004418014834296303,-0.46622294806042747,-0.3152342530077885,0.0008941476753999577,-7.6,0.0,0.075,0.17,0.045
0.51,14.0,6.143459784308228e+17,2.5542382269188715,-0.339419124506941,-0.017361937045394175,1.344155779912211,-0.1319803726688847,-0.008836370091383322,0.2092951663106909,-0.12937962761537103,-0.0019542365314456334,2.602888962288045,-0.3327306859817366,-0.017613722842454813,1.4480209954665688,-0.12782756511967677,-0.00944006550442783,0.19800127391790573,-0.18033082926177899,-0.002187855158618394,2.568372446501598,-0.32873918570926647,-0.017382665749426263,1.3219240066441793,-0.17677731215378273,-0.008975428388289793,0.16579932761199107,-0.17465665806518715,-0.001965311730721601,2.601477936658027,-0.17506143791000722,-0.016659269901833963,1.221901412697795,-0.32547544929775946,-0.00927778789721146,0.0062091687278365195,-0.31906177847925843,-0.001877192456024819,-0.0398812058101744,-0.1716117570256556,-0.000794340156812617,-0.09860808840748578,-0.16955306991386757,-0.00043376403398612067,-0.468155764302873,-0.31523425300778846,0.000905932170315834,-7.599999999999999,0.0,0.075,0.17,0.045
0.512,14.0,6.14347132361913e+17,2.5542372309220984,-0.3394191245069411,-0.017361944108554878,1.3474267228062093,-0.13198037266888474,-0.008856816915486574,0.22228356025300994,-0.12937962761537106,-0.0020320487635563716,2.6028913583636712,-0.33273068598173666,-0.01761371788961869,1.4503763330335921,-0.12782756511967683,-0.009455091363517474,0.21170800293043904,-0.180330829261779,-0.0022699926190781084,2.568370925126713,-0.3287391857092666,-0.01738266979326519,1.3245814320858895,-0.17677731215378276,-0.008992207912787773,0.17872393623467236,-0.17465665806518718,-0.0020427359140630695,2.6014723374561304,-0.17506143791000728,-0.016659236247408206,1.2228336097866666,-0.3254754492977595,-0.009284261171973326,0.01864018245532309,-0.3190617784792585,-0.00195162568324257,-0.040548814692902085,-0.17161175702565562,-0.0007903833072928873,-0.0999664822398516,-0.16955306991386762,-0.00042566988903829106,-0.47005703546125893,-0.31523425300778857,0.0009175290677705065,-7.6000000000000005,0.0,0.075,0.17,0.045
0.514,13.0,5.704648748597957e+17,2.554236086741837,-0.33941912450694106,-0.017361938132574237,1.3505597723668816,-0.1319803726688847,-0.008876442572850564,0.23528919960510136,-0.12937962761537103,-0.002109979127210286,2.6028887836458905,-0.33273068598173666,-0.017613732266072445,1.4525885884667724,-0.1278275651196768,-0.009469223388919614,0.22543098058644456,-0.18033082926177899,-0.0023522329931533084,2.568370778688303,-0.3287391857092665,-0.017382660665015877,1.3270976730724198,-0.17677731215378273,-0.009008152465438034,0.1916664118732075,-0.17465665806518718,-0.0021202835657991577,2.601466748105945,-0.17506143791000725,-0.016659202652196826,1.223619675010759,-0.32547544929775946,-0.009289854354506556,0.03109453422125586,-0.3190617784792585,-0.0020262117656074897,-0.0412246099009664,-0.1716117570256556,-0.0007863776539965211,-0.10133416378900166,-0.1695530699138676,-0.0004175195260440959,-0.47192648877655335,-0.3152342530077885,0.0009289366947208225,-7.6,0.0,0.075,0.17,0.045
0.516,14.0,6.143471403070509e+17,2.5542356342204737,-0.33941912450694106,-0.01736193126749267,1.3535547112203559,-0.1319803726688847,-0.008895240870214597,0.24830982358021128,-0.12937962761537103,-0.0021880129633228343,2.6028874211984725,-0.33273068598173666,-0.017613716817765763,1.4546541539297093,-0.1278275651196768,-0.009482496921518695,0.23916686204423734,-0.18033082926177899,-0.0024345708590893414,2.5683733914839753,-0.3287391857092665,-0.017382659786385417,1.329472204043453,-0.17677731215378273,-0.009023249911357216,0.20462438512763234,-0.17465665806518718,-0.002197938419630368,2.6014611685901494,-0.17506143791000725,-0.016659169116095714,1.2242601753125588,-0.32547544929775946,-0.00929457074585111,0.04357007416071447,-0.3190617784792585,-0.002100937876203086,-0.0419086434245336,-0.1716117570256556,-0.0007823228827481351,-0.1027110487194036,-0.1695530699138676,-0.0004093134367491956,-0.4737638576171037,-0.3152342530077885,0.000940153414612589,-7.6,0.0,0.075,0.17,0.045
0.518,13.0,5.704648795048924e+17,2.5542357422739754,-0.33941912450694106,-0.01736192855236449,1.3564119918292064,-0.1319803726688847,-0.008913210503335442,0.2613433195193194,-0.12937962761537103,-0.0022661367071734936,2.6028899640475602,-0.33273068598173666,-0.017613708643081254,1.4565717482927885,-0.1278275651196768,-0.009494890314296317,0.2529128819411195,-0.18033082926177899,-0.002516986147836098,2.568373285995518,-0.3287391857092665,-0.01738267546315945,1.3317091544508592,-0.17677731215378273,-0.009037497097183414,0.21759658749745053,-0.17465665806518718,-0.002275686259156917,2.6014555988914543,-0.17506143791000725,-0.01665913563900094,1.2247556942313245,-0.32547544929775946,-0.00929841374766191,0.05606464077104378,-0.3190617784792585,-0.0021757911158398376,-0.042600966868896424,-0.1716117570256556,-0.000778218681606732,-0.10409705032159866,-0.1695530699138676,-0.00040105212716678393,-0.4755688815233313,-0.3152342530077885,0.0009511776276558912,-7.6,0.0,0.075,0.17,0.045
0.52,13.0,5.704648793242259e+17,2.5542363044307814,-0.33941912450694106,-0.0173619292006855,1.359132065310647,-0.1319803726688847,-0.008930354186988546,0.2743875610406056,-0.12937962761537103,-0.0023443376828081426,2.6028898509616254,-0.33273068598173666,-0.017613723900175782,1.4583462251750743,-0.1278275651196768,-0.009506395880474791,0.26666783294072144,-0.18033082926177899,-0.0025994622672173913,2.5683709730148077,-0.3287391857092665,-0.017382674830228706,1.3338086202464052,-0.17677731215378273,-0.009050918799627852,0.23058077084766887,-0.17465665806518718,-0.0023535194733758265,2.6014500389926,-0.17506143791000725,-0.01665910222080877,1.2251068317284282,-0.32547544929775946,-0.009301386861174503,0.06857606132217348,-0.3190617784792585,-0.002250758515501814,-0.04330163144191736,-0.1716117570256556,-0.0007740647409405551,-0.10549207951683263,-0.1695530699138676,-0.00039273611755361363,-0.47734130625122606,-0.3152342530077885,0.0009620077710932569,-7.6,0.0,0.075,0.17,0.045
0.522,13.0,5.704648739831529e+17,2.5542372342111337,-0.33941912450694106,-0.017361932573626334,1.361715384414112,-0.1319803726688847,-0.00894667462787719,0.28744040917892105,-0.12937962761537103,-0.0024226031319358595,2.602888130095385,-0.33273068598173666,-0.01761372322166017,1.4599774242114878,-0.1278275651196768,-0.009517042741768506,0.2804292085754068,-0.18033082926177899,-0.0026819919732150024,2.5683701725613264,-0.3287391857092665,-0.017382660952344448,1.3357685450159429,-0.17677731215378273,-0.009063515594401128,0.2435741566466912,-0.17465665806518718,-0.0024314245734771366,2.601444488876357,-0.17506143791000725,-0.016659068861415643,1.2253142040102298,-0.32547544929775946,-0.009303493686157125,0.08110215227026099,-0.3190617784792585,-0.0023258270388085917,-0.0440106879413921,-0.1716117570256556,-0.0007698607535024293,-0.10689604486232329,-0.1695530699138676,-0.00038436594238220977,-0.47908088381463365,-0.3152342530077885,0.0009726423194606253,-7.6,0.0,0.075,0.17,0.045
0.524,14.0,6.143459808330199e+17,2.554238461373873,-0.33941912450694106,-0.017361938152308447,1.3641624059070392,-0.1319803726688847,-0.00896217454249798,0.30049971338940323,-0.12937962761537103,-0.0025009202207657527,2.6028898213596925,-0.33273068598173666,-0.01761371289646273,1.461462574624903,-0.1278275651196768,-0.009526829935986988,0.29419382055381443,-0.18033082926177899,-0.002764560227023115,2.5683722557618824,-0.3287391857092665,-0.01738265614962356,1.3375884750451614,-0.17677731215378273,-0.009075275143018355,0.25657433787058254,-0.17465665806518718,-0.0025093848882712703,2.6014389485255256,-0.17506143791000725,-0.016659035560718186,1.2253784433485362,-0.32547544929775946,-0.009304737919847936,0.0936407196745264,-0.3190617784792585,-0.002400983584497117,-0.04472818674233455,-0.1716117570256556,-0.000765606414505581,-0.10830885255716448,-0.1695530699138676,-0.00037594215030926583,-0.48078737252632836,-0.3152342530077885,0.0009830797848410708,-7.6,0.0,0.075,0.17,0.045
0.526,13.0,5.704648653115456e+17,2.554237505748863,-0.3394191245069411,-0.017361945515284884,1.3664752206759117,-0.13198037266888474,-0.008976856671455544,0.31356370990245275,-0.12937962761537106,-0.002579276046028646,2.6028895906250513,-0.33273068598173666,-0.017613723044048575,1.4628057636846155,-0.12782756511967683,-0.009535740838467479,0.3079602278569738,-0.180330829261779,-0.0028471478988935607,2.5683732014917644,-0.3287391857092666,-0.017382668648826895,1.3392716123595172,-0.17677731215378276,-0.009086194723193665,0.26957977455144366,-0.17465665806518718,-0.0025873859756146184,2.601433417922937,-0.17506143791000728,-0.016659002318613197,1.225300197898858,-0.3254754492977595,-0.009305123355877774,0.10618955961654118,-0.3190617784792585,-0.0024762149889227094,-0.04545417778418452,-0.17161175702565562,-0.0007613014216999264,-0.10973040644886788,-0.16955306991386762,-0.00036746530414021885,-0.4824605370378638,-0.31523425300778857,0.0009933187171112389,-7.6000000000000005,0.0,0.075,0.17,0.045
0.528,13.0,5.704648685762339e+17,2.5542363941435737,-0.33941912450694106,-0.017361939781534823,1.368652905770439,-0.1319803726688847,-0.008990733560068779,0.32662988754192507,-0.12937962761537103,-0.0026576600251069426,2.602890136150779,-0.33273068598173666,-0.017613721659640726,1.4640057872760717,-0.1278275651196768,-0.009543799972825753,0.32172561858605675,-0.18033082926177899,-0.002929746342712517,2.568370260027498,-0.3287391857092665,-0.017382674323206188,1.340820315213195,-0.17677731215378273,-0.0090962935470798,0.2825887120025764,-0.17465665806518718,-0.0026654185956997848,2.601427897051451,-0.17506143791000725,-0.016658969134997665,1.2250801315166244,-0.32547544929775946,-0.009304653883179704,0.11874645862154293,-0.3190617784792585,-0.002551508028574798,-0.046188710557939584,-0.1716117570256556,-0.0007569454754488265,-0.11116060804054262,-0.1695530699138676,-0.0003589359807899983,-0.4841001483781948,-0.3152342530077885,0.0010033577041804517,-7.6,0.0,0.075,0.17,0.045
0.53,13.0,5.704648716535e+17,2.554235967863797,-0.33941912450694106,-0.01736193311190309,1.3706953494167227,-0.1319803726688847,-0.009003799670635942,0.33969592177881347,-0.12937962761537103,-0.0027360570909437765,2.60289131009767,-0.33273068598173666,-0.017613724932795092,1.4650633363920813,-0.1278275651196768,-0.009551000114374491,0.3354876562794089,-0.18033082926177899,-0.0030123386870870147,2.5683689507089906,-0.3287391857092665,-0.017382656674420585,1.342231375735486,-0.17677731215378273,-0.009105585764201866,0.2955980434113218,-0.17465665806518718,-0.0027434722204065813,2.60142238589396,-0.17506143791000725,-0.01665893600976875,1.224718923570945,-0.32547544929775946,-0.009303333484886303,0.1313091940832046,-0.3190617784792585,-0.0026268494226048085,-0.04693183409321238,-0.1716117570256556,-0.000752538278806296,-0.11259935649871315,-0.1695530699138676,-0.0003503547712399499,-0.48570598399106407,-0.3152342530077885,0.001013195372222438,-7.6,0.0,0.075,0.17,0.045
0.532,13.0,5.704648756028967e+17,2.554236097015072,-0.33941912450694106,-0.017361930554224428,1.372603106595943,-0.1319803726688847,-0.009016054332513644,0.35275964015386685,-0.12937962761537103,-0.002814453296365107,2.6028900784889486,-0.33273068598173666,-0.01761373197647644,1.4659810220268041,-0.1278275651196768,-0.009557345409070548,0.3492444878712062,-0.18033082926177899,-0.0030949109132471274,2.568370622175782,-0.3287391857092665,-0.017382648818509545,1.343504415593203,-0.17677731215378273,-0.009114052127335613,0.3086053322543391,-0.17465665806518718,-0.0028215282088590535,2.6014168844333843,-0.17506143791000725,-0.0166589029428238,1.2242172687564497,-0.32547544929775946,-0.009301166237212227,0.14387553469014636,-0.3190617784792585,-0.0027022258353747784,-0.04768359694521477,-0.1716117570256556,-0.0007480795375946592,-0.11404654866177534,-0.1695530699138676,-0.00034172228049092663,-0.4872778277711462,-0.3152342530077885,0.0010228303858996533,-7.6,0.0,0.075,0.17,0.045
0.534,14.0,6.143471321173339e+17,2.5542366760920845,-0.339419124506941,-0.01736193132913208,1.374376730059644,-0.1319803726688847,-0.009027500875588965,0.3658188593125237,-0.12937962761537103,-0.0028928356066154274,2.602887451241515,-0.3327306859817366,-0.01761372458682411,1.4667588007804733,-0.12782756511967677,-0.009562851522878885,0.3629935661876861,-0.18033082926177899,-0.0031774519027979115,2.568372874968916,-0.32873918570926647,-0.01738265884731029,1.3446415990290974,-0.17677731215378273,-0.009121690366481914,0.3216087448932118,-0.17465665806518715,-0.0028995719419171576,2.6014113926526745,-0.17506143791000722,-0.01665886993406035,1.2235758769029286,-0.32547544929775946,-0.009298156308325254,0.15644324085516326,-0.31906177847925843,-0.0027776238790164286,-0.04844404718167038,-0.1716117570256556,-0.000743568960482645,-0.11550207904909086,-0.16955306991386757,-0.00033303912751255334,-0.48881547009894405,-0.31523425300778846,0.0010322614485801466,-7.599999999999999,0.0,0.075,0.17,0.045
0.536,13.0,5.704648715283476e+17,2.5542376193999194,-0.33941912450694106,-0.017361934803594156,1.3760167732487647,-0.1319803726688847,-0.009038142616371172,0.3788713861614578,-0.12937962761537103,-0.0029711909215673687,2.6028913224384227,-0.33273068598173666,-0.01761370882333951,1.4673921000527792,-0.1278275651196768,-0.009567518195400901,0.37673116754423347,-0.18033082926177899,-0.0032599463726967906,2.568371005241959,-0.3287391857092665,-0.017382672364069096,1.3456466579456572,-0.17677731215378273,-0.00912851346709728,0.33460681649730156,-0.17465665806518718,-0.0029775924177503936,2.601405910534812,-0.17506143791000725,-0.016658836983376092,1.2227954727827968,-0.32547544929775946,-0.009294307957204128,0.16901006514711758,-0.3190617784792585,-0.0028530301160065307,-0.04921323236965698,-0.1716117570256556,-0.0007390062590639113,-0.1169658398707196,-0.1695530699138676,-0.0003243059451886604,-0.49031870787443066,-0.3152342530077885,0.0010414873025469333,-7.6,0.0,0.075,0.17,0.045
0.538,13.0,5.704648697966805e+17,2.554237158203239,-0.33941912450694106,-0.017361940463441163,1.3775249319121687,-0.1319803726688847,-0.009047982875505896,0.39191529881295556,-0.12937962761537103,-0.0030495060826609727,2.6028922843459874,-0.33273068598173666,-0.017613732050520955,1.467887779837927,-0.1278275651196768,-0.009571317991034736,0.3904565043096122,-0.18033082926177899,-0.0033423719808360745,2.568370563881083,-0.3287391857092665,-0.01738266114570735,1.3465164238996339,-0.17677731215378273,-0.00913454382059664,0.34759640573382833,-0.17465665806518718,-0.003055580847374933,2.6014004380628095,-0.17506143791000725,-0.016658804090668916,1.2218767959166639,-0.32547544929775946,-0.009289625532483338,0.18157375272465026,-0.3190617784792585,-0.0029284310617582565,-0.04999119956238029,-0.1716117570256556,-0.0007343911479359917,-0.11843772103778955,-0.1695530699138676,-0.00031552338025888797,-0.4917873445494315,-0.3152342530077885,0.001050506729199853,-7.6,0.0,0.075,0.17,0.045
0.54,14.0,6.143471226447112e+17,2.5542357231246435,-0.33941912450694106,-0.01736193769626108,1.3789014407687201,-0.1319803726688847,-0.009057031827486321,0.4049483073633217,-0.12937962761537103,-0.00312776955856996,2.602888825324661,-0.33273068598173666,-0.017613737821966343,1.4682475038226637,-0.1278275651196768,-0.009574292069745622,0.40416744073986377,-0.18033082926177899,-0.0034247240014283475,2.568372937835072,-0.3287391857092665,-0.017382658497542097,1.3472505498833387,-0.17677731215378273,-0.0091397624163205,0.3605750435576814,-0.17465665806518718,-0.003133518382794093,2.6013949752197068,-0.17506143791000725,-0.0166587712558369,1.220820600377188,-0.32547544929775946,-0.00928411347128654,0.19413204177127227,-0.3190617784792585,-0.003003813187223453,-0.05077799528588078,-0.1716117570256556,-0.0007297233447796518,-0.11991761017350384,-0.1695530699138676,-0.0003066920932564683,-0.493221190158741,-0.3152342530077885,0.0010593185492498581,-7.6,0.0,0.075,0.17,0.045
0.542,13.0,5.7046487159427296e+17,2.5542350351055325,-0.33941912450694106,-0.01736192908578951,1.3801456827791334,-0.1319803726688847,-0.009065290880625628,0.41796790409240886,-0.12937962761537103,-0.0032059676098721564,2.6028890879218003,-0.33273068598173666,-0.017613717067838385,1.468466579616761,-0.1278275651196768,-0.009576450413654042,0.4178601940359341,-0.18033082926177899,-0.0035069896200098567,2.5683726390400925,-0.3287391857092665,-0.01738267274126603,1.3478533363392926,-0.17677731215378273,-0.009144167172222729,0.37354137616248767,-0.17465665806518718,-0.0032113902097372117,2.6013895219885734,-0.17506143791000725,-0.016658738478778284,1.219627654590428,-0.32547544929775946,-0.009277776298049684,0.20668266393420978,-0.3190617784792585,-0.0030791629215031844,-0.051573665525675196,-0.1716117570256556,-0.0007250025704386489,-0.12140539262478402,-0.1695530699138676,-0.0002978127584421825,-0.4946200613499686,-0.3152342530077885,0.001067921622905715,-7.6,0.0,0.075,0.17,0.045
0.544,14.0,6.143471292453157e+17,2.5542349526591135,-0.33941912450694106,-0.017361924957674843,1.3812583029391816,-0.1319803726688847,-0.00907275633268811,0.430971883300331,-0.12937962761537103,-0.003284085190246679,2.602890032211933,-0.33273068598173666,-0.01761371864342122,1.4685477065923978,-0.1278275651196768,-0.009577764868418628,0.4315328791977406,-0.18033082926177899,-0.003589146139786279,2.5683718096598502,-0.3287391857092665,-0.017382670948496156,1.348323954739404,-0.17677731215378273,-0.009147783890958452,0.38649280085765764,-0.17465665806518718,-0.0032891882053660494,2.60138407835251,-0.17506143791000725,-0.016658705759391483,1.2182987411357775,-0.32547544929775946,-0.009270618623329126,0.21922334476381755,-0.3190617784792585,-0.0031544666544808097,-0.052378255713334446,-0.1716117570256556,-0.0007202285489998824,-0.12290095147454863,-0.1695530699138676,-0.0002888860637345015,-0.4959837814121096,-0.3152342530077885,0.0010763148500530805,-7.6,0.0,0.075,0.17,0.045
0.546,13.0,5.704648611815814e+17,2.554235360864049,-0.33941912450694106,-0.01736192446299633,1.3822399415802744,-0.1319803726688847,-0.009079432053648398,0.44395803051385596,-0.12937962761537103,-0.0033621090654942123,2.6028891961247664,-0.33273068598173666,-0.017613724309162016,1.4684932164613087,-0.1278275651196768,-0.009578251630272447,0.4451835089966779,-0.18033082926177899,-0.003671182250757117,2.568372223467244,-0.3287391857092665,-0.0173826659722147,1.3486618380983948,-0.17677731215378273,-0.00915060760135912,0.3994267704175838,-0.17465665806518718,-0.003366896753537069,2.6013786442946474,-0.17506143791000725,-0.016658673097575107,1.2168346565438592,-0.32547544929775946,-0.009262645142601222,0.23175180415543406,-0.3190617784792585,-0.0032297107394584565,-0.05319181071299962,-0.1716117570256556,-0.0007154010078739269,-0.12440416755462622,-0.1695530699138676,-0.0002799127106359138,-0.49731218030283514,-0.3152342530077885,0.0010844971704259264,-7.6,0.0,0.075,0.17,0.045
0.548,13.0,5.704648589692224e+17,2.554236166377142,-0.339419124506941,-0.01736192691222594,1.3830912375413278,-0.1319803726688847,-0.009085321885494954,0.45692412372564395,-0.12937962761537103,-0.003440025948775362,2.6028889764416845,-0.3327306859817366,-0.017613719292639017,1.468302248836226,-0.12782756511967677,-0.009577924689485913,0.45880926598706584,-0.18033082926177899,-0.0037530860295507417,2.568371816731249,-0.32873918570926647,-0.01738266845505906,1.3488690183764451,-0.17677731215378273,-0.009152634901513065,0.41234135932311894,-0.17465665806518715,-0.0034445005708966256,2.601373219798145,-0.17506143791000722,-0.01665864049322793,1.2152362110926387,-0.32547544929775946,-0.009253860635049712,0.24426575679298929,-0.31906177847925843,-0.003304881495808155,-0.05401437480783798,-0.1716117570256556,-0.0007105196778759359,-0.12591491945930128,-0.16955306991386757,-0.0002708934141554481,-0.49860509467449793,-0.31523425300778846,0.0010924675637702802,-7.599999999999999,0.0,0.075,0.17,0.045
0.55,13.0,5.704648656355618e+17,2.5542372933823168,-0.3394191245069411,-0.0173619317453045,1.3838128307089412,-0.13198037266888474,-0.009090429661261275,0.4698679344824001,-0.12937962761537106,-0.00351782250804609,2.6028895102265994,-0.33273068598173666,-0.017613717974540526,1.4679754471619817,-0.12782756511967683,-0.009576778883735418,0.47240771418552313,-0.180330829261779,-0.0038348405714930694,2.5683710801022293,-0.3287391857092666,-0.017382666014643094,1.348945819470277,-0.17677731215378276,-0.009153877983181367,0.42523422165883534,-0.17465665806518718,-0.003521988104329837,2.6013678048461917,-0.17506143791000728,-0.016658607946248915,1.2135042286018631,-0.3254754492977595,-0.00924426996234239,0.25676291259407086,-0.3190617784792585,-0.0033799652116334867,-0.05484599168644076,-0.17161175702565562,-0.0007055842933069059,-0.12743308355949184,-0.16955306991386762,-0.00026182890272739807,-0.4998623678988486,-0.31523425300778857,0.0011002250500002561,-7.6000000000000005,0.0,0.075,0.17,0.045
0.552,15.0,6.582282340786994e+17,2.554238680300134,-0.33941912450694106,-0.01736193850733555,1.384405364044533,-0.1319803726688847,-0.009094759220266955,0.4827872288503375,-0.12937962761537103,-0.0035954853725866267,2.6028906738551036,-0.33273068598173666,-0.017613721177250016,1.467513639971315,-0.1278275651196768,-0.00957481807368995,0.48597645932249484,-0.18033082926177899,-0.003916431260683813,2.5683732146181177,-0.3287391857092665,-0.017382661594868978,1.3488907517680397,-0.17677731215378273,-0.00915433878974436,0.43810256615284887,-0.17465665806518718,-0.0035993452783441354,2.6013623994220048,-0.17506143791000725,-0.016658575456537195,1.2116395462256007,-0.32547544929775946,-0.009233878067397736,0.2692409771571277,-0.3190617784792585,-0.0034549481464399763,-0.055686704429164666,-0.1716117570256556,-0.000700594592035289,-0.12895853401755716,-0.1695530699138676,-0.0002527199181262545,-0.5010838500904595,-0.3152342530077885,0.0011077686893463605,-7.6,0.0,0.075,0.17,0.045
0.554,13.0,5.704648598939056e+17,2.5542378539985906,-0.33941912450694106,-0.01736194682884245,1.3848711077382527,-0.1319803726688847,-0.009098314420280506,0.4956801685674989,-0.12937962761537103,-0.0036730011387942517,2.6028900149091405,-0.33273068598173666,-0.01761372815902104,1.4669192051670819,-0.1278275651196768,-0.00957204723054595,0.4995135011160809,-0.18033082926177899,-0.003997843731505643,2.5683727217212815,-0.3287391857092665,-0.017382674401964306,1.3487081997066939,-0.17677731215378273,-0.009154008383530936,0.45094501777498336,-0.17465665806518718,-0.0036765553453082167,2.6013570035088325,-0.17506143791000725,-0.016658543023992074,1.2096430142434864,-0.32547544929775946,-0.009222689973140161,0.28169765220918075,-0.3190617784792585,-0.0035298165338183175,-0.05653655549441911,-0.1716117570256556,-0.0006955503155789455,-0.13049114280273355,-0.1695530699138676,-0.00024356721537786258,-0.5022693981288516,-0.3152342530077885,0.001115097582496026,-7.6,0.0,0.075,0.17,0.045
0.556,14.0,6.143471203225551e+17,2.5542368469979024,-0.33941912450694106,-0.017361941871033192,1.385209327124495,-0.1319803726688847,-0.009101108882442824,0.508544168789023,-0.12937962761537103,-0.0037503587770972195,2.602890213145857,-0.33273068598173666,-0.017613724205345262,1.4661911467740563,-0.1278275651196768,-0.009568480621720553,0.5130159647413014,-0.18033082926177899,-0.004079065982267159,2.5683717350519846,-0.3287391857092665,-0.01738267144458329,1.3483974178510698,-0.17677731215378273,-0.00915291307116286,0.46375895411298307,-0.17465665806518718,-0.0037536100550410235,2.6013516170899527,-0.17506143791000725,-0.01665851064851304,1.2075154958500456,-0.32547544929775946,-0.009210710781247475,0.2941306360557958,-0.3190617784792585,-0.003604556584130635,-0.057395586704901115,-0.1716117570256556,-0.0006904512091874189,-0.1320307797071966,-0.1695530699138676,-0.00023437156266680427,-0.5034188756793213,-0.3152342530077885,0.0011222108707263788,-7.6,0.0,0.075,0.17,0.045
0.558,13.0,5.704648621643964e+17,2.554236505244617,-0.33941912450694106,-0.017361935829029063,1.3854200940935624,-0.1319803726688847,-0.009103138198760278,0.5213768388259885,-0.12937962761537103,-0.003827542778426364,2.6028911056658717,-0.33273068598173666,-0.01761372539476556,1.4653303568437612,-0.1278275651196768,-0.009564112271362397,0.5264814576591786,-0.18033082926177899,-0.004160080764018482,2.568372021462089,-0.3287391857092665,-0.017382665524567506,1.3479579199439564,-0.17677731215378273,-0.009151048380029116,0.47654181064042533,-0.17465665806518718,-0.0038304936730690214,2.6013462401486724,-0.17506143791000725,-0.01665847832999976,1.2052578669424614,-0.32547544929775946,-0.00919794567088683,0.30653762403235263,-0.3190617784792585,-0.0036791544872103255,-0.05826383923378003,-0.1716117570256556,-0.0006852970219245269,-0.13357731236274767,-0.1695530699138676,-0.000225133741240026,-0.504532153212464,-0.3152342530077885,0.0011291077360291969,-7.6,0.0,0.075,0.17,0.045
0.56,13.0,5.704648703845642e+17,2.5542367026148103,-0.33941912450694106,-0.01736193377850935,1.3855041432883102,-0.1319803726688847,-0.009104402800574682,0.5341759471686611,-0.12937962761537103,-0.0039045387986481575,2.602889646233992,-0.33273068598173666,-0.017613730749885648,1.4643396430921576,-0.1278275651196768,-0.009558947531780628,0.5399080765325882,-0.18033082926177899,-0.004240873721525746,2.56837151160024,-0.3287391857092665,-0.017382667243028133,1.3473918167199828,-0.17677731215378273,-0.009148411392586436,0.48929164690620824,-0.17465665806518718,-0.003907190812233675,2.6013408726683283,-0.17506143791000725,-0.016658446068352078,1.2028710159069405,-0.32547544929775946,-0.009184399897441325,0.31891630895622336,-0.3190617784792585,-0.003753596415069667,-0.05914135359083413,-0.1716117570256556,-0.0006800875067512534,-0.13513060625812223,-0.1695530699138676,-0.00021585454530671956,-0.5056091080223918,-0.3152342530077885,0.001135787401228053,-7.6,0.0,0.075,0.17,0.045
0.562,13.0,5.7046486744418835e+17,2.554237336665832,-0.33941912450694106,-0.01736193496273051,1.385462205205745,-0.1319803726688847,-0.00910490709574317,0.546939257406485,-0.12937962761537103,-0.003981333448704193,2.602886834789165,-0.33273068598173666,-0.01761372199329437,1.4632191537658061,-0.1278275651196768,-0.009553003249271006,0.5532932303603917,-0.18033082926177899,-0.0043214334347662035,2.568370691553854,-0.3287391857092665,-0.01738266418385704,1.3466995084316395,-0.17677731215378273,-0.009145014773242593,0.5020061047884183,-0.17465665806518718,-0.003983689829828373,2.6013355146322854,-0.17506143791000725,-0.016658413863470015,1.2003558434035841,-0.32547544929775946,-0.0091700787912282,0.3312643815801585,-0.3190617784792585,-0.0038278685246128917,-0.06002816960854136,-0.1716117570256556,-0.0006748224206089287,-0.13669052475691768,-0.1695530699138676,-0.00020653478193447217,-0.506649624243641,-0.3152342530077885,0.0011422491300876196,-7.6,0.0,0.075,0.17,0.045
0.5640000000000001,15.0,6.582282387937023e+17,2.5542383241904574,-0.3394191245069411,-0.01736193876703664,1.3852950089833116,-0.13198037266888474,-0.00910465546724778,0.5596645293929561,-0.12937962761537106,-0.004057913310131136,2.6028905572926533,-0.33273068598173666,-0.01761370512462541,1.461964502254728,-0.12782756511967683,-0.009546280313312897,0.5666331585839947,-0.180330829261779,-0.004401744357733025,2.568372758656405,-0.3287391857092666,-0.017382659263578727,1.3458795798001026,-0.17677731215378276,-0.009140860923512534,0.51468238343767,-0.17465665806518718,-0.004059976577121633,2.6013301660239376,-0.17506143791000728,-0.016658381715253755,1.1977132621497437,-0.3254754492977595,-0.009154987756208063,0.34357953104694666,-0.3190617784792585,-0.003901956960356502,-0.060924326428126375,-0.17161175702565562,-0.0006695015245026856,-0.13825692911613804,-0.16955306991386762,-0.00019717527094169967,-0.5076535928667701,-0.31523425300778857,0.0011484922274151148,-7.6000000000000005,0.0,0.075,0.17,0.045
0.5660000000000001,13.0,5.7046486535101645e+17,2.554237174484877,-0.33941912450694106,-0.01736194469218439,1.3850049069482577,-0.1319803726688847,-0.009103652289913177,0.5723499206726879,-0.12937962761537103,-0.004134264942049963,2.602891399400229,-0.33273068598173666,-0.017613727459646338,1.4605827380878227,-0.1278275651196768,-0.009538752404246429,0.5799270392299074,-0.18033082926177899,-0.004481783927074642,2.568372211338713,-0.3287391857092665,-0.01738267166619403,1.3449364903134735,-0.17677731215378273,-0.009135941351723314,0.5273190995892627,-0.17465665806518718,-0.004136034249017143,2.601324826826709,-0.17506143791000725,-0.016658349623603668,1.1949441967020369,-0.32547544929775946,-0.009139132268685018,0.35585944534492553,-0.3190617784792585,-0.003975847857157231,-0.06182986248556622,-0.1716117570256556,-0.0006641245835851754,-0.1398296785053528,-0.1695530699138676,-0.0001877768447863773,-0.5086209117526426,-0.3152342530077885,0.0011545160391538897,-7.6,0.0,0.075,0.17,0.045
0.5680000000000001,14.0,6.143471140439148e+17,2.5542359058032225,-0.33941912450694106,-0.01736193779395091,1.3845912436487153,-0.1319803726688847,-0.009101911677702855,0.5849928440448039,-0.12937962761537103,-0.004210377289728354,2.6028878440914855,-0.33273068598173666,-0.017613732512291792,1.4590757065856046,-0.1278275651196768,-0.009530461819244997,0.5931727106124111,-0.18033082926177899,-0.0045615472109501185,2.5683710079550646,-0.3287391857092665,-0.017382668382287875,1.3438696821151155,-0.17677731215378273,-0.009130282814803537,0.5399136545197611,-0.17465665806518718,-0.004211854545926699,2.6013194970240523,-0.17506143791000725,-0.016658317588420297,1.192049583237038,-0.32547544929775946,-0.009122517875998777,0.36810181176434786,-0.3190617784792585,-0.0040495273429451036,-0.062744815497557,-0.1716117570256556,-0.0006586913672405363,-0.14140863002646653,-0.1695530699138676,-0.00017834034845108876,-0.5095514856453948,-0.3152342530077885,0.0011603199524691243,-7.6,0.0,0.075,0.17,0.045
0.5700000000000001,13.0,5.7046486840549696e+17,2.554235352503628,-0.33941912450694106,-0.017361930181860982,1.3840541671000024,-0.1319803726688847,-0.0090994296979056,0.5975909086989788,-0.12937962761537103,-0.004286234829961049,2.6028909431903093,-0.33273068598173666,-0.017613711180439334,1.4574369593388126,-0.1278275651196768,-0.009521419630231688,0.6063658805577905,-0.18033082926177899,-0.004641021239245141,2.5683696389268413,-0.3287391857092665,-0.017382661161985988,1.3426795975900365,-0.17677731215378273,-0.00912388196561339,0.5524636894806395,-0.17465665806518718,-0.0042874218755096895,2.6013141765994496,-0.17506143791000725,-0.01665828560960436,1.1890303693307112,-0.32547544929775946,-0.009105150195208784,0.3803043173544453,-0.3190617784792585,-0.004122981541461639,-0.063669222447444,-0.1716117570256556,-0.0006532016491685916,-0.14299363873409673,-0.1695530699138676,-0.00016886663932440637,-0.5104452261840869,-0.3152342530077885,0.0011659033958256375,-7.6,0.0,0.075,0.17,0.045
0.5720000000000001,13.0,5.704648654297926e+17,2.554235379047449,-0.339419124506941,-0.017361926862063413,1.3833944854443434,-0.1319803726688847,-0.009096207238613322,0.610141885259321,-0.12937962761537103,-0.004361823217886099,2.6028912799042976,-0.3327306859817366,-0.017613729775032276,1.4556735857623588,-0.12782756511967677,-0.009511587146750936,0.6195057298416915,-0.18033082926177899,-0.004720180258917417,2.5683712617213215,-0.32873918570926647,-0.017382652947816647,1.3413648911886475,-0.17677731215378273,-0.009116741458462916,0.5649664126688113,-0.17465665806518715,-0.00436272208527496,2.601308865536412,-0.17506143791000722,-0.016658253687056743,1.185887513736583,-0.32547544929775946,-0.009087034911770823,0.3924646493812404,-0.31906177847925843,-0.004196196575002223,-0.06460311957111753,-0.1716117570256556,-0.0006476552074692695,-0.14458455765655615,-0.16955306991386757,-0.00015935658707862498,-0.5113020519130351,-0.31523425300778846,0.001171265839057791,-7.599999999999999,0.0,0.075,0.17,0.045
0.5740000000000001,13.0,5.704648616417771e+17,2.554235875344809,-0.33941912450694106,-0.01736192702132634,1.3826130003655162,-0.1319803726688847,-0.009092249148679368,0.622643541750788,-0.12937962761537103,-0.004437129077248152,2.6028899222053616,-0.33273068598173666,-0.017613731795316206,1.4537857549058906,-0.1278275651196768,-0.009501006905292214,0.6325896649768926,-0.18033082926177899,-0.004799019354620823,2.5683718348738673,-0.3287391857092665,-0.01738266268458353,1.3399290838189657,-0.17677731215378273,-0.009108853220054582,0.5774202054057258,-0.17465665806518718,-0.004437738424403991,2.60130356381848,-0.17506143791000725,-0.016658221820678516,1.1826219861626566,-0.32547544929775946,-0.009068177778206054,0.40458049578610605,-0.3190617784792585,-0.004269158567162994,-0.06554654234287735,-0.1716117570256556,-0.0006420518247272284,-0.1461812378174361,-0.1695530699138676,-0.0001498110735438687,-0.5121218882908238,-0.3152342530077885,0.0011764067934314797,-7.6,0.0,0.075,0.17,0.045
0.5760000000000001,13.0,5.704648542086185e+17,2.554236751976928,-0.33941912450694106,-0.0173619299991105,1.381710510085002,-0.1319803726688847,-0.009087560238206406,0.6350936448245507,-0.12937962761537103,-0.004512139016196954,2.602889574298096,-0.33273068598173666,-0.01761372364912259,1.4517725655394456,-0.1278275651196768,-0.009489679920153404,0.6456148176922465,-0.18033082926177899,-0.00487752296543203,2.5683718921028262,-0.3287391857092665,-0.017382666123498806,1.3383726199355523,-0.17677731215378273,-0.00910023837583649,0.5898227068662342,-0.17465665806518718,-0.004512461180825478,2.6012982714292225,-0.17506143791000725,-0.016658190010370923,1.179234767047174,-0.32547544929775946,-0.009048584612762495,0.41664954564484685,-0.3190617784792585,-0.004341853645592187,-0.0664995254612679,-0.1716117570256556,-0.0006363912880966695,-0.14778352825778748,-0.1695530699138676,-0.0001402309925785889,-0.5129046676979974,-0.3152342530077885,0.001181325811698212,-7.6,0.0,0.075,0.17,0.045
0.578,13.0,5.704648527089705e+17,2.554237936315387,-0.33941912450694106,-0.017361935258903213,1.380687811757445,-0.1319803726688847,-0.00908214529652332,0.6474899608355329,-0.12937962761537103,-0.00458683963463953,2.602889749790241,-0.33273068598173666,-0.017613721561678994,1.4496352356747655,-0.1278275651196768,-0.009477600783954734,0.6585788639964231,-0.18033082926177899,-0.004955673881724153,2.568371196622498,-0.3287391857092665,-0.017382666466872556,1.3366964752997634,-0.17677731215378273,-0.009090899592536011,0.6021716833404437,-0.17465665806518718,-0.004586876189588528,2.6012929883522364,-0.17506143791000725,-0.01665815825603538,1.1757268473334812,-0.32547544929775946,-0.0090282612980696,0.4286694896267127,-0.3190617784792585,-0.004414267944744632,-0.06746210283488722,-0.1716117570256556,-0.0006306733893863261,-0.149391276058895,-0.1695530699138676,-0.00013061724993648066,-0.5136503294434304,-0.3152342530077885,0.0011860224881412532,-7.6,0.0,0.075,0.17,0.045
0.58,13.0,5.70464857061534e+17,2.554237670241357,-0.33941912450694106,-0.01736194236493397,1.3795468419949009,-0.1319803726688847,-0.009076009106557979,0.6598305370556865,-0.12937962761537103,-0.004661217530705424,2.602890878177019,-0.33273068598173666,-0.017613722614631865,1.4473743860588646,-0.1278275651196768,-0.009464776804766654,0.6714793295783774,-0.18033082926177899,-0.005033458159549213,2.56837022633081,-0.3287391857092665,-0.017382662293990585,1.3349011517885143,-0.17677731215378273,-0.009080842724721278,0.6144647885800878,-0.17465665806518718,-0.004660970048433785,2.6012877145711486,-0.17506143791000725,-0.016658126557573462,1.1720992282436111,-0.32547544929775946,-0.009007213779787443,0.4406380204542836,-0.3190617784792585,-0.004486387608635827,-0.0684343075681722,-0.1716117570256556,-0.0006248979251446102,-0.1510043263656413,-0.1695530699138676,-0.00012097076312983563,-0.5143588197693767,-0.3152342530077885,0.0011904964586138512,-7.6,0.0,0.075,0.17,0.045
0.582,13.0,5.7046486464822246e+17,2.554236392997458,-0.33941912450694106,-0.01736194076848979,1.3782880745923602,-0.1319803726688847,-0.009069163287982712,0.6721130616992886,-0.12937962761537103,-0.0047352609880263455,2.602889629910487,-0.33273068598173666,-0.017613729384952533,1.4449931390339052,-0.1278275651196768,-0.009451211707071248,0.6843143782026089,-0.18033082926177899,-0.005110860953040939,2.5683721719118258,-0.3287391857092665,-0.01738265647224046,1.3329853297867946,-0.17677731215378273,-0.009070070783653782,0.6266992388945115,-0.17465665806518718,-0.00473472867987165,2.6012824500696134,-0.17506143791000725,-0.016658094914886935,1.1683529210508812,-0.32547544929775946,-0.008985448065248224,0.4525528333635358,-0.3190617784792585,-0.004558198793601253,-0.06941617194716285,-0.1716117570256556,-0.0006190646967449004,-0.15262252241045637,-0.1695530699138676,-0.00011129246128935783,-0.5150300918551961,-0.3152342530077885,0.001194747400569529,-7.6,0.0,0.075,0.17,0.045
0.584,13.0,5.7046486481997274e+17,2.5542358325243204,-0.33941912450694106,-0.017361933105026397,1.376911129224771,-0.1319803726688847,-0.00906161068356747,0.6843350142259855,-0.12937962761537103,-0.0048089561358879585,2.60288698955774,-0.33273068598173666,-0.017613721895353342,1.4424917669693325,-0.1278275651196768,-0.009436924224921492,0.6970814512372818,-0.18033082926177899,-0.005187871244786328,2.5683730061834855,-0.3287391857092665,-0.017382668145726556,1.330952574289745,-0.17677731215378273,-0.009058575851643465,0.6388734258105078,-0.17465665806518718,-0.004808135381758192,2.6012771948313134,-0.17506143791000725,-0.016658063327877726,1.1644889468516875,-0.32547544929775946,-0.008962970222091844,0.46441162656369867,-0.3190617784792585,-0.004629687671056765,-0.07040772742524846,-0.1716117570256556,-0.0006131735104709565,-0.154245705537848,-0.1695530699138676,-0.00010158328502046732,-0.5156641058197591,-0.3152342530077885,0.0011987750330844456,-7.6,0.0,0.075,0.17,0.045
0.586,13.0,5.7046486560754784e+17,2.554235853023155,-0.33941912450694106,-0.01736192974218757,1.37541688385729,-0.1319803726688847,-0.009053349011361934,0.6964941857168058,-0.12937962761537103,-0.00488228785104814,2.60289085053872,-0.33273068598173666,-0.01761370605323686,1.439865974305404,-0.1278275651196768,-0.009421915992534056,0.7097768295931716,-0.18033082926177899,-0.0052644736829943655,2.5683699745033626,-0.3287391857092665,-0.017382673151356515,1.3288056004384392,-0.17677731215378273,-0.009046379318661167,0.6509855384309607,-0.17465665806518718,-0.00488118050325417,2.6012719488399623,-0.17506143791000725,-0.016658031796447925,1.1605083363363549,-0.32547544929775946,-0.008939786376896682,0.47621210169723754,-0.3190617784792585,-0.004700840430257743,-0.07140900460889864,-0.1716117570256556,-0.0006072241776024428,-0.1558737152295086,-0.1695530699138676,-9.184418625611757e-05,-0.5162608287225308,-0.3152342530077885,0.0012025791168718235,-7.6,0.0,0.075,0.17,0.045
0.588,13.0,5.704648617058621e+17,2.5542363441927787,-0.33941912450694106,-0.017361929865180578,1.3738062085798608,-0.1319803726688847,-0.009044383539157048,0.7085883676930659,-0.12937962761537103,-0.0049552428799930605,2.602891804580227,-0.33273068598173666,-0.01761372921912274,1.4371229425822487,-0.1278275651196768,-0.009406161236550485,0.7223997169529597,-0.18033082926177899,-0.005340645953129703,2.568368592218615,-0.3287391857092665,-0.017382654961275775,1.3265415433278742,-0.17677731215378273,-0.009033497475553333,0.6630324300623276,-0.17465665806518718,-0.004953853178976887,2.601266712079302,-0.17506143791000725,-0.016658000320499817,1.1564121295589425,-0.32547544929775946,-0.008915902713804685,0.4879519643002134,-0.3190617784792585,-0.004771643281058976,-0.07242003324338185,-0.1716117570256556,-0.0006012165145005418,-0.15750638912999412,-0.1695530699138676,-8.207612810615395e-05,-0.516820234563334,-0.3152342530077885,0.0012061594542884535,-7.6,0.0,0.075,0.17,0.045
0.59,13.0,5.70464848706582e+17,2.5542372164427714,-0.3394191245069411,-0.01736193281219832,1.3720799686006022,-0.13198037266888474,-0.009034719487492474,0.7206153533444075,-0.12937962761537106,-0.005027807971850621,2.6028883396034863,-0.33273068598173666,-0.017613734943371782,1.4342646274613489,-0.12782756511967683,-0.009389703046211553,0.7349479926553637,-0.180330829261779,-0.005416383277288432,2.5683702047261545,-0.3287391857092666,-0.01738264666756729,1.324160364557017,-0.17677731215378276,-0.009019913132889943,0.6750116352813503,-0.17465665806518718,-0.005026134528765089,2.6012614845331017,-0.17506143791000728,-0.016657968899935857,1.1522013757065839,-0.3254754492977595,-0.008891325473140213,0.4996289242617346,-0.3190617784792585,-0.004842082456676832,-0.07344084219847483,-0.17161175702565562,-0.0005951503426936426,-0.1591435630729696,-0.16955306991386762,-7.2280084703241e-05,-0.5173423042807921,-0.31523425300778857,0.0012095158893332728,-7.6000000000000005,0.0,0.075,0.17,0.045
0.592,15.0,6.582282299049377e+17,2.554238397005299,-0.33941912450694106,-0.017361938045698275,1.3702390266385929,-0.1319803726688847,-0.009024362047616922,0.7325729386076374,-0.12937962761537103,-0.0050999698857586715,2.602888597798211,-0.33273068598173666,-0.017613714153511338,1.4312865880270433,-0.1278275651196768,-0.009372553155486154,0.747417918226128,-0.18033082926177899,-0.005491672931502856,2.568374242799414,-0.3287391857092665,-0.01738265634261253,1.321663329060754,-0.17677731215378273,-0.0090056260602648,0.6869210042766065,-0.17465665806518718,-0.005098009760079225,2.6012562661851577,-0.17506143791000725,-0.016657937534658655,1.1478771328676325,-0.32547544929775946,-0.00886606095002606,0.5112406962841204,-0.3190617784792585,-0.004912144216445959,-0.07447145945416558,-0.1716117570256556,-0.0005890254889630846,-0.16078507110801676,-0.1695530699138676,-6.245704104538802e-05,-0.5178270257494533,-0.3152342530077885,0.0012126483076380214,-7.6,0.0,0.075,0.17,0.045
0.594,14.0,6.14347118094026e+17,2.5542374036571527,-0.33941912450694106,-0.017361945129073443,1.3682858714747135,-0.1319803726688847,-0.009013316395844866,0.7444593213611005,-0.12937962761537103,-0.005171715397338051,2.6028895389479723,-0.33273068598173666,-0.017613715702679684,1.4281918117397208,-0.1278275651196768,-0.009354684918880321,0.7598076436781773,-0.18033082926177899,-0.005566492484927442,2.5683734587885345,-0.3287391857092665,-0.01738268057105208,1.3190562318697634,-0.17677731215378273,-0.00899064384728722,0.6987594717146193,-0.17465665806518718,-0.005169465974050762,2.601251057019298,-0.17506143791000725,-0.01665790622457099,1.1434404677994887,-0.32547544929775946,-0.008840115492992351,0.5227850003418738,-0.3190617784792585,-0.004981814848580274,-0.07551191208635344,-0.1716117570256556,-0.00058284178542894,-0.1624307455279984,-0.1695530699138676,-5.260799283510498e-05,-0.5182743937755976,-0.3152342530077885,0.0012155566364499886,-7.6,0.0,0.075,0.17,0.045
0.596,13.0,5.704648548693371e+17,2.5542362615393666,-0.33941912450694106,-0.017361939168984562,1.3662199743538703,-0.1319803726688847,-0.009001597464861589,0.7562719651142253,-0.12937962761537103,-0.005243033693858829,2.6028910325824834,-0.33273068598173666,-0.017613721349578254,1.4249813631573518,-0.1278275651196768,-0.009336116261156385,0.7721148374938427,-0.18033082926177899,-0.005640830837639738,2.568369110530186,-0.3287391857092665,-0.017382675866986805,1.3163391190399263,-0.17677731215378273,-0.008975001264141278,0.7105246045613807,-0.17465665806518718,-0.005240496778678838,2.601245857019378,-0.17506143791000725,-0.016657874969575832,1.1388924556956461,-0.32547544929775946,-0.008813495502583488,0.534259562140499,-0.3190617784792585,-0.0050510806729267945,-0.0765622262525489,-0.1716117570256556,-0.000576599069635813,-0.16408041689697392,-0.1695530699138676,-4.27339463152151e-05,-0.5186844100917279,-0.3152342530077885,0.0012182408446068545,-7.6,0.0,0.075,0.17,0.045
0.598,13.0,5.7046485674263584e+17,2.554235810603997,-0.339419124506941,-0.017361932316277848,1.3640416100536956,-0.1319803726688847,-0.00898920208213653,0.7680085350751795,-0.12937962761537103,-0.005313909556377578,2.6028906406823826,-0.3327306859817366,-0.01761373031138532,1.4216578489856362,-0.12782756511967677,-0.009316853569662172,0.7843375630610103,-0.18033082926177899,-0.0057146740005337305,2.56836832727405,-0.32873918570926647,-0.017382649777436716,1.3135080674872053,-0.17677731215378273,-0.008958698587162254,0.7222130294640472,-0.17465665806518715,-0.005311087575759407,2.6012406661692813,-0.17506143791000722,-0.016657843769576314,1.1342341799519489,-0.32547544929775946,-0.008786207429960433,0.5456621135751669,-0.31906177847925843,-0.0051199280437185446,-0.07762242717757688,-0.1716117570256556,-0.0005702971846386402,-0.16573391407866067,-0.16955306991386757,-3.283591810136188e-05,-0.5190570833497475,-0.31523425300778846,0.001220700942503637,-7.599999999999999,0.0,0.075,0.17,0.045
0.6,13.0,5.704648558408356e+17,2.5542359198566955,-0.33941912450694106,-0.01736192961066563,1.361751713238098,-0.1319803726688847,-0.008976131896335482,0.7796668632181547,-0.12937962761537103,-0.005384328976143303,2.6028910547248865,-0.33273068598173666,-0.017613727959984716,1.4182204733376098,-0.1278275651196768,-0.009296912484631877,0.7964730328406001,-0.18033082926177899,-0.005788010353936736,2.5683704252057957,-0.3287391857092665,-0.017382645077899897,1.3105644527685194,-0.17677731215378273,-0.008941712277845928,0.733822641534494,-0.17465665806518718,-0.005381218125175407,2.6012354844529177,-0.17506143791000725,-0.016657812624475733,1.129466731932274,-0.32547544929775946,-0.00875825777549825,0.5569903931887814,-0.3190617784792585,-0.005188343352326552,-0.07869253913928649,-0.1716117570256556,-0.0005639359790884723,-0.16739106426543546,-0.1695530699138676,-2.2914935011241532e-05,-0.5193924291128253,-0.3152342530077885,0.0012229369820517541,-7.6,0.0,0.075,0.17,0.045
0.602,14.0,6.14347116126148e+17,2.5542364828987485,-0.33941912450694106,-0.01736193026618182,1.359351209859808,-0.1319803726688847,-0.008962392515441897,0.7912447851487846,-0.12937962761537103,-0.0054542789450011545,2.6028892076936616,-0.33273068598173666,-0.01761373044423974,1.4146722792997066,-0.1278275651196768,-0.00927628823074372,0.8085194319329106,-0.18033082926177899,-0.005860823172614275,2.5683730235893436,-0.3287391857092665,-0.017382657665490374,1.3075108098718782,-0.17677731215378273,-0.008924050589533813,0.7453516162939825,-0.17465665806518718,-0.0054508757975980865,2.601230311854229,-0.17506143791000725,-0.01665778153417755,1.1245912107343796,-0.32547544929775946,-0.0087296530873802,0.5682421466279282,-0.3190617784792585,-0.005256313030008239,-0.0797725854542706,-0.1716117570256556,-0.0005575153073182146,-0.16905169300787024,-0.1695530699138676,-1.2972033890592817e-05,-0.5196904698459525,-0.3152342530077885,0.001224949056630221,-7.6,0.0,0.075,0.17,0.045
0.604,13.0,5.704648579383317e+17,2.5542374133095676,-0.33941912450694106,-0.017361933644434138,1.356841020037486,-0.1319803726688847,-0.008947989495172155,0.8027401412992772,-0.12937962761537103,-0.005523746476584934,2.602888434420496,-0.33273068598173666,-0.017613719362052388,1.4110120538760407,-0.1278275651196768,-0.009254999066516301,0.8204738857798255,-0.18033082926177899,-0.0059331015671681385,2.568371433782951,-0.3287391857092665,-0.017382673255791663,1.3043512482011874,-0.17677731215378273,-0.008905728732153966,0.7567985079674191,-0.17465665806518718,-0.005520049646155018,2.6012251483571824,-0.17506143791000725,-0.01665775049858542,1.1196087229543343,-0.32547544929775946,-0.008700399960192834,0.5794151271000065,-0.3190617784792585,-0.00532382355064312,-0.08086258846359874,-0.1716117570256556,-0.00055103502942831,-0.1707156242447959,-0.1695530699138676,-3.00826143598415e-06,-0.5199512349051914,-0.3152342530077885,0.0012267373010289837,-7.6,0.0,0.075,0.17,0.045
0.606,14.0,6.143459671817212e+17,2.5542386408960547,-0.33941912450694106,-0.01736193922689905,1.3542220603540116,-0.1319803726688847,-0.008932928356238224,0.8141507779788857,-0.12937962761537103,-0.005592718613487889,2.602888540057611,-0.33273068598173666,-0.017613714722413396,1.407240942485153,-0.1278275651196768,-0.009233037713974305,0.8323341190319933,-0.18033082926177899,-0.006004828290249627,2.568371219017863,-0.3287391857092665,-0.017382663716953302,1.3010829279663054,-0.17677731215378273,-0.00888677136212982,0.7681602316442697,-0.17465665806518718,-0.005588730996195637,2.6012199939457745,-0.17506143791000725,-0.01665771951760314,1.1145203824509295,-0.32547544929775946,-0.008670505033512563,0.5905070958286297,-0.3190617784792585,-0.00539086143347559,-0.08196256951856677,-0.1716117570256556,-0.0005444950113723411,-0.17238268033388807,-0.1695530699138676,6.975325985569769e-06,-0.5201747605256218,-0.3152342530077885,0.001228301891384417,-7.6,0.0,0.075,0.17,0.045
0.608,14.0,6.143471153951377e+17,2.5542376855289888,-0.33941912450694106,-0.017361946592417975,1.351496876874473,-0.1319803726688847,-0.008917214598137378,0.8254749442702146,-0.12937962761537103,-0.00566118243356554,2.602889357661413,-0.33273068598173666,-0.017613715356236088,1.403360078387007,-0.1278275651196768,-0.00921041104562898,0.8440978624296965,-0.18033082926177899,-0.006075989689762633,2.568371943401104,-0.3287391857092665,-0.01738266242836278,1.2977070880998582,-0.17677731215378273,-0.00886716144072053,0.7794346751585578,-0.17465665806518718,-0.005656901338256741,2.6012148486040294,-0.17506143791000725,-0.01665768859113469,1.1093273101098997,-0.32547544929775946,-0.008639974990492134,0.6015158225076839,-0.3190617784792585,-0.00545741324584733,-0.0830725489664667,-0.1716117570256556,-0.0005378951250425329,-0.1740526820827686,-0.1695530699138676,1.697766252012284e-05,-0.5203610898079861,-0.3152342530077885,0.001229643045107,-7.6,0.0,0.075,0.17,0.045
0.61,13.0,5.704648518717351e+17,2.554236574045942,-0.33941912450694106,-0.01736194086021558,1.3486649884990156,-0.1319803726688847,-0.008900863497260146,0.8367101621941825,-0.12937962761537103,-0.005729127431313514,2.6028907513615205,-0.33273068598173666,-0.0176137202618589,1.399370580867378,-0.1278275651196768,-0.009187125861040103,0.8557628524669898,-0.18033082926177899,-0.006146572150148854,2.5683721357710256,-0.3287391857092665,-0.01738266677466222,1.2942256768902616,-0.17677731215378273,-0.008846906401521847,0.7906199022343603,-0.17465665806518718,-0.00572454799934247,2.601209712315999,-0.17506143791000725,-0.016657657719084222,1.1040306336075263,-0.32547544929775946,-0.008608816556445955,0.6124390857549162,-0.3190617784792585,-0.005523465605921655,-0.08419254613638039,-0.1716117570256556,-0.0005312352483551334,-0.17572544878061605,-0.1695530699138676,2.699767301340611e-05,-0.5205102727040362,-0.3152342530077885,0.0012307610208011858,-7.6,0.0,0.075,0.17,0.045
0.612,13.0,5.704648519168311e+17,2.5542361477777784,-0.339419124506941,-0.017361934191317298,1.3457267185993387,-0.1319803726688847,-0.008883872167007402,0.8478541574456913,-0.12937962761537103,-0.005796538738857321,2.6028902787431094,-0.3327306859817366,-0.017613728624059542,1.3952751160326258,-0.12782756511967677,-0.009163188875922329,0.8673272201430973,-0.18033082926177899,-0.006216562090372612,2.5683715496723147,-0.32873918570926647,-0.01738266792888175,1.2906398194313358,-0.17677731215378273,-0.008826017934264267,0.8017137890771295,-0.17465665806518715,-0.005791659361797285,2.6012045850657626,-0.17506143791000722,-0.016657626901356037,1.0986314871742073,-0.32547544929775946,-0.008577036497431714,0.6232746735638769,-0.31906177847925843,-0.005589005185405048,-0.08532257932500069,-0.1716117570256556,-0.0005245152653356513,-0.17740079823027854,-0.16955306991386757,3.703427320049091e-05,-0.5206223660005881,-0.31523425300778846,0.0012316561181774863,-7.599999999999999,0.0,0.075,0.17,0.045
0.614,13.0,5.704648515138605e+17,2.554236276851035,-0.3394191245069411,-0.01736193163370832,1.342683051042878,-0.13198037266888474,-0.00886624254760934,0.8589048245867671,-0.12937962761537106,-0.0058634027103663736,2.6028906277056127,-0.33273068598173666,-0.017613725788349077,1.3910729298533522,-0.12782756511967683,-0.009138616086913815,0.8787882563211733,-0.180330829261779,-0.006285948296429258,2.568370667845585,-0.3287391857092666,-0.01738266441228949,1.2869501485113413,-0.17677731215378276,-0.00880450278951071,0.8127141069888845,-0.17465665806518718,-0.0058582226828539,2.6011994668374285,-0.17506143791000728,-0.01665759613785462,1.0931310113577446,-0.3254754492977595,-0.0085446416188318,0.6340203837547232,-0.3190617784792585,-0.005654018712258813,-0.08646266578248364,-0.17161175702565562,-0.0005177350662039296,-0.17907854678088247,-0.16955306991386762,4.708636989846554e-05,-0.5206974333022863,-0.31523425300778857,0.0012323286779567972,-7.6000000000000005,0.0,0.075,0.17,0.045
0.616,14.0,6.143471138410604e+17,2.5542368557774484,-0.33941912450694106,-0.017361932408147856,1.3395349596507533,-0.1319803726688847,-0.008847980542270576,0.8698600648513017,-0.12937962761537103,-0.005929706713212829,2.6028916419771675,-0.33273068598173666,-0.017613727882124095,1.3867651736873245,-0.1278275651196768,-0.009113402969838173,0.8901437365529765,-0.18033082926177899,-0.006354714513497713,2.5683726849063775,-0.3287391857092665,-0.017382659121329108,1.2831554584960623,-0.17677731215378273,-0.008782364763990745,0.8236182044136056,-0.17465665806518718,-0.00592422459032443,2.601194357615135,-0.17506143791000725,-0.016657565428484615,1.0875303527862912,-0.32547544929775946,-0.008511638763933025,0.6446740244239936,-0.3190617784792585,-0.005718492973403891,-0.08761282169833556,-0.1716117570256556,-0.0005108945474590317,-0.1807585093609295,-0.1695530699138676,5.715286120208929e-05,-0.5207355450130821,-0.3152342530077885,0.001232779081766987,-7.6,0.0,0.075,0.17,0.045
0.618,13.0,5.704648558345794e+17,2.5542377988759566,-0.33941912450694106,-0.01736193588170634,1.3362834110506223,-0.1319803726688847,-0.008829091993917827,0.8807177873229421,-0.12937962761537103,-0.005995438154800037,2.6028902807170833,-0.33273068598173666,-0.017613733967753425,1.3823549362582448,-0.1278275651196768,-0.009087556432842007,0.9013919256582703,-0.18033082926177899,-0.006422847394888532,2.5683720970782855,-0.3287391857092665,-0.017382671223693864,1.279260472872367,-0.17677731215378273,-0.008759596623899071,0.834424828664912,-0.17465665806518718,-0.005989649174872757,2.6011892573830457,-0.17506143791000725,-0.016657534773150854,1.0818306639313833,-0.32547544929775946,-0.008478034812504304,0.6552334143925347,-0.3190617784792585,-0.005782414817419513,-0.08877306218733874,-0.1716117570256556,-0.0005039936119639202,-0.18244049951187513,-0.1695530699138676,6.72326366823714e-05,-0.5207367783164303,-0.3152342530077885,0.0012330077520317612,-7.6,0.0,0.075,0.17,0.045
0.62,14.0,6.143471174733155e+17,2.554237337423789,-0.33941912450694106,-0.017361941540297385,1.3329305145620725,-0.1319803726688847,-0.008809582702317041,0.8914761857310745,-0.12937962761537103,-0.006060584489629878,2.6028875482552967,-0.33273068598173666,-0.01761372580019292,1.3778426020325867,-0.1278275651196768,-0.009061095008267529,0.9125304339636495,-0.18033082926177899,-0.006490336529520295,2.5683708609237064,-0.3287391857092665,-0.017382667696725314,1.2752648389586578,-0.17677731215378273,-0.0087362267101569,0.8451315494982784,-0.17465665806518718,-0.006054488920380596,2.6011841661253516,-0.17506143791000725,-0.01665750417175832,1.0760331028708308,-0.32547544929775946,-0.008443836679374856,0.6656963836520223,-0.3190617784792585,-0.005845771157230758,-0.08994340127551963,-0.1716117570256556,-0.0004970321690299011,-0.18412432942218152,-0.1695530699138676,7.732457758804523e-05,-0.5207012171542108,-0.3152342530077885,0.0012330151518518506,-7.6,0.0,0.075,0.17,0.045
0.622,13.0,5.704648573037843e+17,2.5542359020523064,-0.33941912450694106,-0.01736193877158438,1.3294768995783297,-0.1319803726688847,-0.008789465323385743,0.9021331088543394,-0.12937962761537103,-0.006125134880078672,2.6028884204707103,-0.33273068598173666,-0.0176137094054222,1.373225901861102,-0.1278275651196768,-0.00903402100291358,0.923556229101981,-0.18033082926177899,-0.00655716757935257,2.568369465408909,-0.3287391857092665,-0.017382660279797835,1.2711692087239677,-0.17677731215378273,-0.008712252906674644,0.8557361829451724,-0.17465665806518718,-0.0061187292453807945,2.601179083826273,-0.17506143791000725,-0.016657473624212153,1.0701388330516135,-0.32547544929775946,-0.008409051313011541,0.6760607738097792,-0.3190617784792585,-0.005908548972787685,-0.09112385188616332,-0.1716117570256556,-0.0004900101345008158,-0.18580980996183677,-0.1695530699138676,8.742755704988353e-05,-0.5206289522043763,-0.3152342530077885,0.0012328017848785339,-7.6,0.0,0.075,0.17,0.045
0.624,13.0,5.704648539811162e+17,2.5542352137089623,-0.33941912450694106,-0.017361930159355485,1.3259223293619948,-0.1319803726688847,-0.008768743633483286,0.9126862084385949,-0.12937962761537103,-0.006189076418818262,2.6028898592301344,-0.33273068598173666,-0.01761371463871468,1.3685079396882838,-0.1278275651196768,-0.009006320801884671,0.9344676158448548,-0.18033082926177899,-0.006623322350182559,2.5683710668200948,-0.3287391857092665,-0.017382651906709054,1.2669724190218545,-0.17677731215378273,-0.008687679125266502,0.8662361340841432,-0.17465665806518718,-0.006182357046062158,2.6011740104700585,-0.17506143791000725,-0.016657443130417685,1.0641490230524988,-0.32547544929775946,-0.008373685694096238,0.6863244385324486,-0.3190617784792585,-0.0059707353137342266,-0.09231442582587834,-0.1716117570256556,-0.0004829274308369537,-0.18749675071733368,-0.1695530699138676,9.754044028781505e-05,-0.5205200808573346,-0.3152342530077885,0.001232368195179527,-7.6,0.0,0.075,0.17,0.045
0.626,13.0,5.704648487001402e+17,2.554235130913071,-0.33941912450694106,-0.01736192602929542,1.322267830398478,-0.1319803726688847,-0.008747416212185277,0.9231334512297763,-0.12937962761537103,-0.0062523950163237965,2.6028894238930187,-0.33273068598173666,-0.017613723271271226,1.3636914271567837,-0.1278275651196768,-0.008978013028847763,0.9452628134025791,-0.18033082926177899,-0.006688790670639802,2.5683716227323017,-0.3287391857092665,-0.01738266151517617,1.26267822708142,-0.17677731215378273,-0.008662498387053824,0.8766299626692772,-0.17465665806518718,-0.006245356752895983,2.6011689460409815,-0.17506143791000725,-0.016657412690280395,1.0580648463472255,-0.32547544929775946,-0.00833774683410155,0.6964852439869308,-0.3190617784792585,-0.006032317302070243,-0.09351513377071581,-0.1716117570256556,-0.0004757839871986635,-0.18918496002709947,-0.1695530699138676,0.00010766208482079653,-0.5203747071910688,-0.3152342530077885,0.0012317149670972765,-7.6,0.0,0.075,0.17,0.045
0.628,13.0,5.704648449073539e+17,2.554235538748256,-0.3394191245069411,-0.017361925532520073,1.3185144163818487,-0.13198037266888474,-0.008725489218404176,0.9334728128133585,-0.12937962761537106,-0.006315078473070884,2.602889528683757,-0.33273068598173666,-0.01761372065924853,1.3587758217121109,-0.12782756511967683,-0.008949113953658763,0.95593925794638,-0.180330829261779,-0.006753561855986148,2.568371666084917,-0.3287391857092666,-0.01738266485064941,1.2582872683883661,-0.17677731215378276,-0.008636733235411217,0.8869155174545502,-0.17465665806518718,-0.006307719724406787,2.601163890523344,-0.17506143791000728,-0.016657382303705934,1.0518874810674161,-0.3254754492977595,-0.00830124177386991,0.7065410692801304,-0.3190617784792585,-0.006093282134797136,-0.0947259852523467,-0.17161175702565562,-0.00046857973952963886,-0.19087424501736924,-0.16955306991386762,0.00011779134067939112,-0.5201929419450019,-0.31523425300778857,0.0012308427250996815,-7.6000000000000005,0.0,0.075,0.17,0.045
0.63,13.0,5.704648518318363e+17,2.55423634387535,-0.33941912450694106,-0.017361927979531185,1.3146630913476562,-0.1319803726688847,-0.0087029687343044,0.943702278845823,-0.12937962761537103,-0.006377114642572376,2.602890324864299,-0.33273068598173666,-0.01761372128799296,1.3537621016111039,-0.1278275651196768,-0.008919620320990727,0.9664947743437057,-0.18033082926177899,-0.0068176205232489545,2.5683709594594473,-0.3287391857092665,-0.0173826651107651,1.2538007131889393,-0.17677731215378273,-0.008610387483252893,0.8970907810723333,-0.17465665806518718,-0.0063694330531184245,2.6011588439014774,-0.17506143791000725,-0.016657351970600108,1.0456181097661166,-0.32547544929775946,-0.008264177582191053,0.7164898068958907,-0.3190617784792585,-0.006153617086556333,-0.09594698864430166,-0.1716117570256556,-0.0004613146306398534,-0.19256441163849486,-0.1695530699138676,0.0001279270506210099,-0.5199749024926109,-0.3152342530077885,0.0012297521336232802,-7.6,0.0,0.075,0.17,0.045
0.632,13.0,5.7046484379459654e+17,2.5542374704815507,-0.33941912450694106,-0.017361932810293745,1.31071485217994,-0.1319803726688847,-0.008679860784099245,0.9538198461294798,-0.12937962761537103,-0.006438491438767164,2.6028893685300027,-0.33273068598173666,-0.01761372606507621,1.3486529983806699,-0.1278275651196768,-0.008889538000384684,0.976927626386353,-0.18033082926177899,-0.006880953621632908,2.56836998024024,-0.3287391857092665,-0.017382660871012284,1.249219243253289,-0.17677731215378273,-0.008583468152056333,0.9071536393839976,-0.17465665806518718,-0.006430484634825123,2.60115380615974,-0.17506143791000725,-0.01665732169086891,1.0392579191808948,-0.32547544929775946,-0.008226561354383256,0.7263293631310215,-0.3190617784792585,-0.006213309512250895,-0.09717815114827733,-0.1716117570256556,-0.0004539886102881236,-0.19425526470168095,-0.1695530699138676,0.0001380680503477636,-0.5197207128127977,-0.3152342530077885,0.0012284438969089343,-7.6,0.0,0.075,0.17,0.045
0.634,14.0,6.143459500271866e+17,2.5542379602259766,-0.33941912450694106,-0.017361939569930953,1.3066712989716354,-0.1319803726688847,-0.008656171349092948,0.9638236677608029,-0.12937962761537103,-0.006499196842469105,2.602889051277473,-0.33273068598173666,-0.017613720327070436,1.3434479926604477,-0.1278275651196768,-0.00885888338100208,0.987235303828567,-0.18033082926177899,-0.006943550733888792,2.568371918695028,-0.3287391857092665,-0.017382654995697043,1.2445416881472646,-0.17677731215378273,-0.008555979332442431,0.9171015646136074,-0.17465665806518718,-0.006490861784695109,2.601148777282515,-0.17506143791000725,-0.016657291464418484,1.0328080999976754,-0.32547544929775946,-0.008188400210871926,0.7360576585283178,-0.3190617784792585,-0.006272346849661679,-0.0984194787805132,-0.1716117570256556,-0.0004466016352642696,-0.19594660791614,-0.1695530699138676,0.0001482131687268801,-0.5194305034600212,-0.3152342530077885,0.0012269187588300555,-7.6,0.0,0.075,0.17,0.045
0.636,13.0,5.704648498067171e+17,2.5542373013625794,-0.339419124506941,-0.017361942508397506,1.3025337331658922,-0.1319803726688847,-0.00863191002984312,0.9737118397870727,-0.12937962761537103,-0.006559219772257044,2.602889505950363,-0.3327306859817366,-0.017613718423555257,1.3381480861283135,-0.12782756511967677,-0.008827653346680746,0.9974156838698719,-0.18033082926177899,-0.007005396798542076,2.568372747301904,-0.32873918570926647,-0.017382666626425767,1.2397718272977127,-0.17677731215378273,-0.008527914001806285,0.9269331799999273,-0.17465665806518715,-0.006550549336072767,2.6011437572542158,-0.17506143791000722,-0.016657261291155134,1.0262698466147295,-0.32547544929775946,-0.008149701295772608,0.7456726283075794,-0.31906177847925843,-0.006330716622045458,-0.09967097635824357,-0.1716117570256556,-0.00043915366947085437,-0.19763824392665788,-0.16955306991386757,0.00015836122801363457,-0.5191044115331986,-0.31523425300778846,0.0012251775027133963,-7.599999999999999,0.0,0.075,0.17,0.045
0.638,14.0,6.143471074423186e+17,2.5542372414357053,-0.33941912450694106,-0.017361938555217123,1.2983019270580913,-0.1319803726688847,-0.008607084635008661,0.9834821103889021,-0.12937962761537103,-0.006618548804414663,2.602890605489133,-0.33273068598173666,-0.0176137211515926,1.3327544617823537,-0.1278275651196768,-0.008795853907487942,1.007466701936683,-0.18033082926177899,-0.007066479078789906,2.5683713510763666,-0.3287391857092665,-0.017382671598067022,1.2349114466393012,-0.17677731215378273,-0.008499294836708974,0.936646666602328,-0.17465665806518718,-0.006609539028390688,2.6011387460592825,-0.17506143791000725,-0.01665723117098534,1.0196443569070777,-0.32547544929775946,-0.008110471775474934,0.7551722227942028,-0.3190617784792585,-0.0063884064407210275,-0.10093264748622846,-0.1716117570256556,-0.00043164468400447217,-0.19932997435156136,-0.1695530699138676,0.00016851104407674173,-0.5187425806433827,-0.3152342530077885,0.0012232209511524607,-7.6,0.0,0.075,0.17,0.045
0.64,13.0,5.704648426558547e+17,2.554237666772879,-0.33941912450694106,-0.017361938195655877,1.2939769196468183,-0.1319803726688847,-0.008581693798361855,0.9931325425200385,-0.12937962761537103,-0.006677170428025639,2.6028898946796524,-0.33273068598173666,-0.017613727748825216,1.3272698778752217,-0.1278275651196768,-0.008763492161412183,1.0173866891548806,-0.18033082926177899,-0.007126785187190772,2.5683713058454978,-0.3287391857092665,-0.0173826632207138,1.2299591183768703,-0.17677731215378273,-0.008470132552758504,0.946239484522199,-0.17465665806518718,-0.006667819948005091,2.601133743682182,-0.17506143791000725,-0.01665720110381574,1.0129328319912243,-0.32547544929775946,-0.008070718837229023,0.7645544078454594,-0.3190617784792585,-0.006445404007640767,-0.10220449454336816,-0.1716117570256556,-0.0004240746572365628,-0.20102159982107867,-0.1695530699138676,0.00017866142662616258,-0.5183451608802204,-0.3152342530077885,0.0012210499658135655,-7.6,0.0,0.075,0.17,0.045
0.642,15.0,6.582282143168717e+17,2.554238485045301,-0.33941912450694106,-0.017361940747678918,1.2895597391468419,-0.1319803726688847,-0.008555743753894217,1.0026612116847915,-0.12937962761537103,-0.006735073020812457,2.602890051003158,-0.33273068598173666,-0.017613723483968332,1.32169362799723,-0.1278275651196768,-0.00873058465796939,1.0271731621632938,-0.18033082926177899,-0.007186305110499957,2.568372167541466,-0.3287391857092665,-0.017382662949328588,1.2249161765465657,-0.17677731215378273,-0.00844041858318392,0.9557097408025443,-0.17465665806518718,-0.006725376855524318,2.6011287501074087,-0.17506143791000725,-0.016657171089553134,1.0061364759905709,-0.32547544929775946,-0.008030449687733903,0.7738171652738702,-0.3190617784792585,-0.006501697117948307,-0.10348651866940538,-0.1716117570256556,-0.0004164435748937246,-0.2027129200160846,-0.1695530699138676,0.00018881117944326647,-0.517912308777202,-0.3152342530077885,0.0012186654472345914,-7.6,0.0,0.075,0.17,0.045
0.644,14.0,6.143471080978627e+17,2.5542371981414624,-0.33941912450694106,-0.017361945657313454,1.2850530547923114,-0.1319803726688847,-0.00852924067089436,1.0120665938892444,-0.12937962761537103,-0.006792245035800976,2.6028909097077637,-0.33273068598173666,-0.01761372442190937,1.316026928697416,-0.1278275651196768,-0.00869712715870144,1.0368241170788302,-0.18033082926177899,-0.007245023948550437,2.568370638193832,-0.3287391857092665,-0.017382668119504396,1.2197859209581232,-0.17677731215378273,-0.008410160932202091,0.9650560047931508,-0.17465665806518718,-0.006782198393206389,2.6011237653194863,-0.17506143791000725,-0.016657141128104496,0.9992564958010289,-0.32547544929775946,-0.007989671551729981,0.7829584932684807,-0.3190617784792585,-0.006557273662518773,-0.10477871975171967,-0.1716117570256556,-0.0004087514301375013,-0.20440373370722073,-0.1695530699138676,0.00019895910061330202,-0.5174441872757067,-0.3152342530077885,0.0012160683346164806,-7.6,0.0,0.075,0.17,0.045
0.646,13.0,5.704648568942787e+17,2.5542358182959495,-0.33941912450694106,-0.01736193793589042,1.2804564689400328,-0.1319803726688847,-0.008502200564767175,1.0213464617838481,-0.12937962761537103,-0.0068486773290276914,2.602889423050425,-0.33273068598173666,-0.017613729574137,1.310272953593028,-0.1278275651196768,-0.008663126962902556,1.046338033157293,-0.18033082926177899,-0.007302929678043655,2.5683690052413524,-0.3287391857092665,-0.01738265894341859,1.2145678127546737,-0.17677731215378273,-0.008379379398671435,0.9742759909640537,-0.17465665806518718,-0.006838275977150029,2.6011187893029626,-0.17506143791000725,-0.016657111219376963,0.9922941008572068,-0.32547544929775946,-0.007948391670592731,0.7919764068133877,-0.3190617784792585,-0.006612121630486435,-0.1060810964122183,-0.1716117570256556,-0.0004009982236436156,-0.20609383879438214,-0.1695530699138676,0.00020910398276011881,-0.5169409656878539,-0.3152342530077885,0.0012132596056075094,-7.6,0.0,0.075,0.17,0.045
0.648,13.0,5.7046485068946835e+17,2.5542351749782717,-0.33941912450694106,-0.017361929656817345,1.2757703915942622,-0.1319803726688847,-0.008474621049653505,1.0304987942379626,-0.12937962761537103,-0.006904356536395316,2.602889228280457,-0.33273068598173666,-0.01761372065419297,1.3044303448182069,-0.1278275651196768,-0.008628603112276229,1.05571233334163,-0.18033082926177899,-0.007360013174514431,2.5683704144889608,-0.3287391857092665,-0.017382649145703716,1.209260722773011,-0.17677731215378273,-0.00834807074945074,0.9833672985256279,-0.17465665806518718,-0.006893595894175445,2.6011138220424135,-0.17506143791000725,-0.016657081363277818,0.9852505028994215,-0.32547544929775946,-0.007906617300929798,0.8008689381031037,-0.3190617784792585,-0.006666229111755876,-0.10739364599432828,-0.1716117570256556,-0.00039318396368062376,-0.20778303234656098,-0.1695530699138676,0.00021924461328308732,-0.5164028196581656,-0.3152342530077885,0.001210240276080392,-7.6,0.0,0.075,0.17,0.045
0.65,14.0,6.143471089780375e+17,2.5542351286792324,-0.339419124506941,-0.017361925796911277,1.2709958954357918,-0.1319803726688847,-0.008446504585578881,1.0395217422507639,-0.12937962761537103,-0.006959270531120001,2.6028921633873745,-0.3327306859817366,-0.01761371948557316,1.2984989699816547,-0.12782756511967677,-0.008593547459627301,1.0649447482165133,-0.18033082926177899,-0.007416258975620454,2.5683724549316214,-0.32873918570926647,-0.01738265760118936,1.2038673528965604,-0.17677731215378273,-0.008316228209560763,0.9923284086916483,-0.17465665806518715,-0.00694814373954489,2.601108863522443,-0.17506143791000722,-0.016657051559714524,0.9781269157413864,-0.32547544929775946,-0.007864355713183085,0.8096341369549963,-0.31906177847925843,-0.006719584299494172,-0.10871636455009365,-0.1716117570256556,-0.00038530866618796385,-0.20947111064203783,-0.16955306991386757,0.0002293797745961605,-0.5158299311240508,-0.31523425300778846,0.0012070113999022628,-7.599999999999999,0.0,0.075,0.17,0.045
0.652,13.0,5.70464855291862e+17,2.554235566083825,-0.3394191245069411,-0.01736192551911704,1.2661340380215813,-0.13198037266888474,-0.008417857608628058,1.0484134705552401,-0.12937962761537106,-0.0070134082191968105,2.6028900047936476,-0.33273068598173666,-0.017613737096214666,1.2924855274239204,-0.12782756511967683,-0.008557959210607988,1.0740346448968037,-0.180330829261779,-0.007471653464869754,2.568370413345435,-0.3287391857092666,-0.01738266984384533,1.1983919980951776,-0.17677731215378276,-0.00828386799030206,1.0011581766578073,-0.17465665806518718,-0.007001910400541014,2.60110391372768,-0.17506143791000728,-0.016657021808594703,0.9709245550382223,-0.3254754492977595,-0.007821614190234876,0.8182700712193718,-0.3190617784792585,-0.006772175492605529,-0.11004924682738287,-0.17161175702565562,-0.00037737235485337184,-0.21115786920891122,-0.16955306991386762,0.00023950824436902123,-0.5152224882751183,-0.31523425300778857,0.0012035740686975737,-7.6000000000000005,0.0,0.075,0.17,0.045
0.654,13.0,5.704648533976467e+17,2.554236395153612,-0.33941912450694106,-0.0173619281435446,1.2611858648953007,-0.1319803726688847,-0.008388686464142796,1.0571721587980512,-0.12937962761537103,-0.007066758589023667,2.6028866266034316,-0.33273068598173666,-0.017613724144652305,1.286388499078815,-0.1278275651196768,-0.008521878555261583,1.0829794711901513,-0.18033082926177899,-0.007526192844951495,2.568369833006148,-0.3287391857092665,-0.017382657594328207,1.1928318757230087,-0.17677731215378273,-0.008251015861493762,1.0098538877932985,-0.17465665806518718,-0.0070548890083379666,2.601098972642782,-0.17506143791000725,-0.016656992109826123,0.9636446380553425,-0.32547544929775946,-0.007778400026015891,0.8267748271862796,-0.3190617784792585,-0.006823991098191782,-0.11139228625721073,-0.1716117570256556,-0.00036937506118963633,-0.21284310286595576,-0.1695530699138676,0.00024962879577026175,-0.5145806855113272,-0.3152342530077885,0.0011999294116039787,-7.6,0.0,0.075,0.17,0.045
0.656,13.0,5.7046485034747206e+17,2.554237541132328,-0.33941912450694106,-0.01736193311796332,1.2561524120782765,-0.1319803726688847,-0.008358997425385113,1.065796002565426,-0.12937962761537103,-0.007119310718480532,2.602889890133119,-0.33273068598173666,-0.01761370387551101,1.2802036517785984,-0.1278275651196768,-0.00848529638519095,1.0917760604180071,-0.18033082926177899,-0.0075798618027115815,2.568372094681561,-0.3287391857092665,-0.01738265411229249,1.1871870772733986,-0.17677731215378273,-0.00821765512726075,1.0184134915566172,-0.17465665806518718,-0.0071070632751509145,2.601094040252433,-0.17506143791000725,-0.016656962463316733,0.9562883834384021,-0.32547544929775946,-0.007734720524118612,0.8351465099887475,-0.3190617784792585,-0.006875019633993228,-0.11274547494117913,-0.1716117570256556,-0.00036131682461066917,-0.2145266057637993,-0.1695530699138676,0.00025974019771252897,-0.5139047233999834,-0.3152342530077885,0.001196078595021232,-7.6,0.0,0.075,0.17,0.045
0.658,13.0,5.7046485093748243e+17,2.554237244169753,-0.33941912450694106,-0.017361939993835614,1.2510358714105054,-0.1319803726688847,-0.008328796708482968,1.074283482172575,-0.12937962761537103,-0.007171053781084783,2.6028903609785248,-0.33273068598173666,-0.017613723456689132,1.2739385318662744,-0.1278275651196768,-0.00844818730138965,1.1004240260047977,-0.18033082926177899,-0.007632641338078716,2.568373185074174,-0.3287391857092665,-0.017382667682344966,1.1814614280521651,-0.17677731215378273,-0.008183786336563088,1.0268357877949863,-0.17465665806518718,-0.007158420897730826,2.6010891165413446,-0.17506143791000725,-0.01665693286897464,0.9488570109839523,-0.32547544929775946,-0.007690582996416969,0.8433832440030116,-0.3190617784792585,-0.006925249730808036,-0.11410880363904172,-0.1716117570256556,-0.00035319769250685874,-0.21620817142640913,-0.1695530699138676,0.0002698412150995903,-0.5131948086315923,-0.3152342530077885,0.0011920228223531693,-7.6,0.0,0.075,0.17,0.045
0.66,13.0,5.7046484893578816e+17,2.5542359421054814,-0.33941912450694106,-0.017361938212060165,1.2458369316232176,-0.1319803726688847,-0.00829809746447634,1.082632750984833,-0.12937962761537103,-0.007221978658727676,2.6028891127469174,-0.33273068598173666,-0.01761372628176157,1.2675935238184954,-0.1278275651196768,-0.008410596581915708,1.1089213305669512,-0.18033082926177899,-0.0076845291315994595,2.5683703608168638,-0.3287391857092665,-0.01738267422470064,1.1756578772696995,-0.17677731215378273,-0.008149432441235688,1.0351193999442727,-0.17465665806518718,-0.007208954675161041,2.601084201494255,-0.17506143791000725,-0.016656903326708113,0.941351741410407,-0.32547544929775946,-0.0076459947616902705,0.8514831732463026,-0.3190617784792585,-0.00697467013489362,-0.11548226175639657,-0.1716117570256556,-0.0003450177203196833,-0.21788759279287734,-0.1695530699138676,0.00027993060907524923,-0.5124511539745746,-0.3152342530077885,0.0011877633337428225,-7.6,0.0,0.075,0.17,0.045
0.662,13.0,5.7046484633178726e+17,2.5542353617429567,-0.33941912450694106,-0.017361930399674534,1.2405554003916544,-0.1319803726688847,-0.008266903825752613,1.0908417790067262,-0.12937962761537103,-0.007272074271601225,2.6028911860666075,-0.33273068598173666,-0.017613718792371922,1.2611663088703104,-0.1278275651196768,-0.008372526533629033,1.1172653272775268,-0.18033082926177899,-0.007735512958972381,2.5683691464113187,-0.3287391857092665,-0.017382657279156784,1.1697736481953391,-0.17677731215378273,-0.008114611136540894,1.0432617011758345,-0.17465665806518718,-0.007258656348056759,2.601079295095927,-0.17506143791000725,-0.016656873836425574,0.9337737961304855,-0.32547544929775946,-0.0076009631442489995,0.8594444617704055,-0.3190617784792585,-0.007023269710353367,-0.11686583733251185,-0.1716117570256556,-0.00033677697161555413,-0.21956466225949559,-0.1695530699138676,0.0002900071372740585,-0.5116739782288574,-0.3152342530077885,0.0011833014058007167,-7.6,0.0,0.075,0.17,0.045
0.664,13.0,5.7046484622706714e+17,2.5542353663569624,-0.33941912450694106,-0.01736192691749939,1.2351923627956336,-0.1319803726688847,-0.008235214638363233,1.09890885018869,-0.12937962761537103,-0.007321328439732584,2.6028883500145503,-0.33273068598173666,-0.017613731232290066,1.254663633016234,-0.1278275651196768,-0.008333963243939924,1.1254554955031943,-0.18033082926177899,-0.007785576939235835,2.568370894688187,-0.3287391857092665,-0.017382649992723515,1.1638088535147448,-0.17677731215378273,-0.008079305762094731,1.051260726788013,-0.17465665806518718,-0.0073075101554461305,2.601074397331152,-0.17506143791000725,-0.01665684439803561,0.926124397024992,-0.32547544929775946,-0.007555495472569469,0.8672652940511929,-0.3190617784792585,-0.0070710374414979845,-0.1182595170282889,-0.1716117570256556,-0.00032847551815886244,-0.22123917172210875,-0.1695530699138676,0.00030006955407376796,-0.5108635061783477,-0.3152342530077885,0.0011786383513264134,-7.6,0.0,0.075,0.17,0.045
0.666,13.0,5.70464848738939e+17,2.5542358448938125,-0.3394191245069411,-0.01736192694518342,1.2297488876602363,-0.13198037266888474,-0.00820303641278711,1.1068322649375875,-0.12937962761537106,-0.007369730866824366,2.6028896898780816,-0.33273068598173666,-0.01761371421597772,1.2480803981180775,-0.12782756511967683,-0.008294947188815464,1.1334886016070098,-0.180330829261779,-0.007834717948589842,2.568371569659299,-0.3287391857092666,-0.017382660482384724,1.157767349086933,-0.17677731215378276,-0.008043516994011166,1.059115356245871,-0.17465665806518718,-0.007355504309119201,2.6010695081847497,-0.17506143791000728,-0.016656815011446956,0.9184047662169372,-0.3254754492977595,-0.007509599077936509,0.8749438753756339,-0.3190617784792585,-0.007117962435182708,-0.11966328611436748,-0.17161175702565562,-0.00032011343998420035,-0.2229109126187375,-0.16955306991386762,0.00031011661084944675,-0.5100199685423001,-0.31523425300778857,0.001173775519023355,-7.6000000000000005,0.0,0.075,0.17,0.045
0.668,13.0,5.704648466362584e+17,2.5542367071518584,-0.33941912450694106,-0.017361929816404522,1.224226030620696,-0.1319803726688847,-0.008170375561974726,1.1146103412501818,-0.12937962761537103,-0.007417271355317751,2.602891229345834,-0.33273068598173666,-0.01761372225515891,1.2414204508314555,-0.1278275651196768,-0.008255447779426526,1.141363493671275,-0.18033082926177899,-0.007882916585212733,2.568371709491373,-0.3287391857092665,-0.017382664532211392,1.1516498127183148,-0.17677731215378273,-0.008007267967444295,1.0668237925387138,-0.17465665806518718,-0.00740263208586635,2.6010646276415645,-0.17506143791000725,-0.01665678567656854,0.9106161258468434,-0.32547544929775946,-0.00746328129308818,0.8824784322249886,-0.3190617784792585,-0.007164033923129354,-0.12107712845937788,-0.1716117570256556,-0.00031169082546772867,-0.22457967597245954,-0.1695530699138676,0.0003201470562292194,-0.5091436019255872,-0.3152342530077885,0.0011687142932070697,-7.6,0.0,0.075,0.17,0.045
0.67,13.0,5.7046483483973094e+17,2.5542378798667884,-0.33941912450694106,-0.017361934989952796,1.2186248365778916,-0.1319803726688847,-0.008137238419737484,1.1222414156963598,-0.12937962761537103,-0.007463939813193317,2.6028882391588555,-0.33273068598173666,-0.017613731491965424,1.2346881525931652,-0.1278275651196768,-0.008215488095706793,1.1490791625072048,-0.18033082926177899,-0.007930165937598325,2.568371081011323,-0.3287391857092665,-0.017382665371203837,1.1454574636450527,-0.17677731215378273,-0.007970562749232586,1.0743843754050721,-0.17465665806518718,-0.0074488827036234065,2.6010597556864665,-0.17506143791000725,-0.016656756393309432,0.9027596978491904,-0.32547544929775946,-0.007416549450867617,0.8898672126542292,-0.3190617784792585,-0.007209241264225482,-0.12250102651834444,-0.1716117570256556,-0.0003032077713976663,-0.2262452524345388,-0.1695530699138676,0.00033015963635155165,-0.5082346487678835,-0.3152342530077885,0.001163456093506792,-7.6,0.0,0.075,0.17,0.045
0.672,13.0,5.704648468568918e+17,2.55423760440281,-0.33941912450694106,-0.017361942026242378,1.2129475122236164,-0.1319803726688847,-0.008103631255480657,1.1297241085618142,-0.12937962761537103,-0.007509726259870384,2.602888882096941,-0.33273068598173666,-0.01761371355084355,1.2278790221785383,-0.1278275651196768,-0.008175094306277051,1.156632598045168,-0.18033082926177899,-0.007976459950613902,2.5683701650501662,-0.3287391857092665,-0.017382661600323535,1.1391910192523433,-0.17677731215378273,-0.007933408654793013,1.081795360560402,-0.17465665806518718,-0.007494246200821556,2.6010548923043553,-0.17506143791000725,-0.016656727161578844,0.8948367037300944,-0.32547544929775946,-0.0073694108828817,0.8971084866675456,-0.3190617784792585,-0.007253573946800927,-0.12393496132124537,-0.1716117570256556,-0.00029466438304386695,-0.22790743232779245,-0.1695530699138676,0.00034015309512402725,-0.5072933572917746,-0.3152342530077885,0.0011580023745605698,-7.6,0.0,0.075,0.17,0.045
0.674,13.0,5.7046484311828864e+17,2.5542363195831284,-0.339419124506941,-0.017361940373458506,1.2071947505829783,-0.1319803726688847,-0.008069567309355007,1.1370567203898398,-0.12937962761537103,-0.007554622417063111,2.602890134703379,-0.3327306859817366,-0.017613717408472066,1.2209962548538524,-0.12782756511967677,-0.008134239523789291,1.1640225691975536,-0.18033082926177899,-0.00802178056384168,2.5683721546741727,-0.32873918570926647,-0.017382656104556596,1.132849308767512,-0.17677731215378273,-0.007895809988436756,1.089054613990304,-0.17465665806518715,-0.007538712111753536,2.601050037480156,-0.17506143791000722,-0.016656697981286175,0.8868483643460786,-0.32547544929775946,-0.007321872918167123,0.9042005465901375,-0.31906177847925843,-0.007297021590880824,-0.12537891246173338,-0.1716117570256556,-0.0002860607742264613,-0.22956600569018493,-0.16955306991386757,0.00035012617448354933,-0.5063199814497995,-0.31523425300778846,0.0011523546257039168,-7.599999999999999,0.0,0.075,0.17,0.045
0.676,13.0,5.704648392612669e+17,2.554235753008063,-0.33941912450694106,-0.017361932664540416,1.2013663569121962,-0.1319803726688847,-0.008035050739511178,1.144237373604316,-0.12937962761537103,-0.007598618088031266,2.602889548312815,-0.33273068598173666,-0.017613724924110695,1.2140426542106042,-0.1278275651196768,-0.008092942919841176,1.1712477777457893,-0.18033082926177899,-0.008066120390755995,2.5683730246352057,-0.3287391857092665,-0.017382668042300636,1.126436195352831,-0.17677731215378273,-0.007857759725527769,1.0961611164698162,-0.17465665806518718,-0.007582267632332947,2.6010451911988195,-0.17506143791000725,-0.016656668852340982,0.8787958996842301,-0.32547544929775946,-0.007273942881863029,0.9111417074358461,-0.3190617784792585,-0.007339573950416376,-0.12683285808602185,-0.1716117570256556,-0.00027739706738353324,-0.23122076231863833,-0.1695530699138676,0.000360077614657904,-0.5053147808704392,-0.3152342530077885,0.001146514370652066,-7.6,0.0,0.075,0.17,0.045
0.678,13.0,5.704648390272696e+17,2.5542357686019943,-0.33941912450694106,-0.017361929265090024,1.1954634205375747,-0.1319803726688847,-0.008000080377486484,1.151264503085022,-0.12937962761537103,-0.007641702007318124,2.6028895306177744,-0.33273068598173666,-0.017613721405767307,1.2070176817133278,-0.1278275651196768,-0.008051221315981686,1.178306192972867,-0.18033082926177899,-0.00810947164204541,2.5683700218613326,-0.3287391857092665,-0.017382673262066835,1.119954655306259,-0.17677731215378273,-0.007819281045039683,1.1031136789542328,-0.17465665806518718,-0.00762490664721002,2.6010403534453213,-0.17506143791000725,-0.01665663977465296,0.870680528643228,-0.32547544929775946,-0.007225628093891938,0.9179303072713278,-0.3190617784792585,-0.007381220915490628,-0.1282967748819415,-0.1716117570256556,-0.00026867339363780246,-0.23287149181304861,-0.1695530699138676,0.00037000615442862444,-0.5042780208030622,-0.3152342530077885,0.0011404831671759045,-7.6,0.0,0.075,0.17,0.045
0.68,13.0,5.704648445925287e+17,2.5542362558388807,-0.33941912450694106,-0.017361929358653612,1.1894870131639215,-0.1319803726688847,-0.007964662759238756,1.158136562658872,-0.12937962761537103,-0.007683864784202357,2.6028902275634658,-0.33273068598173666,-0.017613721299597065,1.1999223503935796,-0.1278275651196768,-0.008009071480998027,1.1851961641186215,-0.18033082926177899,-0.008151822133407876,2.5683686629748665,-0.3287391857092665,-0.017382655245423595,1.1134018864747637,-0.17677731215378273,-0.007780391804760251,1.1099098897790411,-0.17465665806518718,-0.00766662202211652,2.6010355242046663,-0.17506143791000725,-0.016656610748131972,0.8625034688161096,-0.32547544929775946,-0.0071769358676459245,0.9245647075755469,-0.3190617784792585,-0.007421952514503518,-0.12977063806817177,-0.1716117570256556,-0.0002598898928622846,-0.23451798362049653,-0.1695530699138676,0.00037991053139508615,-0.5032099720618366,-0.3152342530077885,0.0011342626067716419,-7.6,0.0,0.075,0.17,0.045
0.682,13.0,5.704648358928802e+17,2.554237124945659,-0.33941912450694106,-0.017361932282074933,1.1834381919487045,-0.1319803726688847,-0.007928804314996837,1.1648520261944866,-0.12937962761537103,-0.007725097141645459,2.6028891909176295,-0.33273068598173666,-0.017613725481271214,1.1927594666307149,-0.1278275651196768,-0.00796649949307954,1.191916465980527,-0.18033082926177899,-0.008193161960282403,2.568370294408158,-0.3287391857092665,-0.017382647092104797,1.1067779981346924,-0.17677731215378273,-0.007741075191771279,1.116547989931894,-0.17465665806518718,-0.00770739928706537,2.601030703461885,-0.17506143791000725,-0.016656581772688042,0.8542659362741981,-0.32547544929775946,-0.007127873508683215,0.9310432935953789,-0.3190617784792585,-0.007461758916328833,-0.13125442138365212,-0.1716117570256556,-0.00025104671374490296,-0.23616002707964256,-0.1695530699138676,0.00038978948223977364,-0.5021109109686231,-0.3152342530077885,0.0011278543143242886,-7.6,0.0,0.075,0.17,0.045
0.684,15.0,6.582282092819978e+17,2.55423830300614,-0.33941912450694106,-0.0173619374967156,1.177318001967051,-0.1319803726688847,-0.007892511387705534,1.1714093885481618,-0.12937962761537103,-0.007765389922859147,2.6028914157102325,-0.33273068598173666,-0.017613719261396196,1.1855266917947291,-0.1278275651196768,-0.00792352219050235,1.1984647495881267,-0.18033082926177899,-0.008233483771453836,2.5683725149088725,-0.3287391857092665,-0.017382656880704547,1.1000857232890675,-0.17677731215378273,-0.007701331861730851,1.123026805964124,-0.17465665806518718,-0.007747227887982487,2.6010258912020343,-0.17506143791000725,-0.016656552848231355,0.8459691453526198,-0.32547544929775946,-0.007078448313431746,0.937364474696718,-0.3190617784792585,-0.007500630432447824,-0.1327480970771776,-0.1716117570256556,-0.00024214401385202084,-0.23779741146529496,-0.1695530699138676,0.00039964174299464986,-0.5009811192948579,-0.3152342530077885,0.0011212599477650079,-7.6,0.0,0.075,0.17,0.045
0.686,13.0,5.7046484354926246e+17,2.554237307675624,-0.33941912450694106,-0.017361944565078488,1.1711291580640757,-0.1319803726688847,-0.007855790247815615,1.1778075380077484,-0.12937962761537103,-0.007804734096981196,2.6028887021757976,-0.33273068598173666,-0.017613732610151814,1.1782308121953795,-0.1278275651196768,-0.007880125541486436,1.2048407265253702,-0.18033082926177899,-0.008272773473099434,2.568370619173145,-0.3287391857092665,-0.017382670203708837,1.0933294121175747,-0.17677731215378273,-0.007661178212657102,1.1293455316691068,-0.17465665806518718,-0.007786100784175867,2.601021087410197,-0.17506143791000725,-0.01665652397467225,0.8376143084369846,-0.32547544929775946,-0.007028667567902276,0.9435266847116425,-0.3190617784792585,-0.007538557519055859,-0.13425163589718359,-0.1716117570256556,-0.00023318195969086793,-0.2394299260331395,-0.1695530699138676,0.00040946604930856416,-0.4998208842024377,-0.3152342530077885,0.0011144811977224162,-7.6,0.0,0.075,0.17,0.045
0.6880000000000001,13.0,5.70464848569752e+17,2.554236163998108,-0.339419124506941,-0.017361938593095393,1.1648712492379547,-0.1319803726688847,-0.007818657184397762,1.1840446958887738,-0.12937962761537103,-0.007843122993738717,2.6028872273354375,-0.3327306859817366,-0.017613716328945206,1.1708686582800898,-0.12782756511967677,-0.007836350263890337,1.2110419237384489,-0.18033082926177899,-0.008311029334722895,2.5683701569073762,-0.32873918570926647,-0.01738265882929447,1.0865062191861254,-0.17677731215378273,-0.007620640345628146,1.1355018550950562,-0.17465665806518715,-0.007824013138405764,2.6010162920714808,-0.17506143791000722,-0.016656495151921226,0.8292026357515931,-0.32547544929775946,-0.006978538546408465,0.9495283822811256,-0.31906177847925843,-0.007575530779145405,-0.1357650070817241,-0.1716117570256556,-0.00022416072677083204,-0.2410573600646205,-0.16955306991386757,0.00041926113671563164,-0.49863049818362093,-0.31523425300778846,0.0011075197871678955,-7.599999999999999,0.0,0.075,0.17,0.045
0.6900000000000001,14.0,6.143471057047474e+17,2.554235711846505,-0.3394191245069411,-0.017361931731030296,1.158544684516669,-0.13198037266888474,-0.0077811097314410375,1.19011929009274,-0.12937962761537106,-0.00788054594102487,2.602889679296774,-0.33273068598173666,-0.017613707479903044,1.1634394710101394,-0.12782756511967683,-0.007792177340398599,1.2170664334048504,-0.180330829261779,-0.008348236518001368,2.5683725141011613,-0.3287391857092666,-0.017382656055699858,1.0796162174177308,-0.17677731215378276,-0.00757970118803945,1.1414941111569843,-0.17465665806518718,-0.00786095107896146,2.6010115051710216,-0.17506143791000728,-0.016656466379888928,0.8207353351495661,-0.3254754492977595,-0.006928068510296115,0.9553680511927825,-0.3190617784792585,-0.007611540964562304,-0.13728817834864868,-0.17161175702565562,-0.00021508049966358916,-0.24267950291196122,-0.16955306991386762,0.0004290257409045173,-0.49741025899995445,-0.31523425300778857,0.001100377471054994,-7.6000000000000005,0.0,0.075,0.17,0.045
0.6920000000000001,13.0,5.7046484350243974e+17,2.5542358201618494,-0.33941912450694106,-0.017361929018120677,1.1521505452158733,-0.1319803726688847,-0.0077431503431133215,1.196029922109897,-0.12937962761537103,-0.007916993506248667,2.6028921197515835,-0.33273068598173666,-0.017613722191671063,1.1559470917279357,-0.1278275651196768,-0.007747602216778897,1.2229133870794673,-0.18033082926177899,-0.008384383575999776,2.5683722019087813,-0.3287391857092665,-0.017382670198862568,1.072664313664514,-0.17677731215378273,-0.007538361177429082,1.147321679708227,-0.17465665806518718,-0.007896904615333029,2.60100672669398,-0.17506143791000725,-0.016656437658486175,0.81221361190334,-0.32547544929775946,-0.006877264706683953,0.9610442007155836,-0.3190617784792585,-0.007646578978032246,-0.13882111588598234,-0.1716117570256556,-0.00020594147206204151,-0.244296144043313,-0.1695530699138676,0.00043875859798856175,-0.4961604696202403,-0.3152342530077885,0.0010930560359529956,-7.6,0.0,0.075,0.17,0.045
0.6940000000000001,14.0,6.143470973640556e+17,2.554236382492941,-0.33941912450694106,-0.017361929668012744,1.1456898942759939,-0.1319803726688847,-0.007704785507308548,1.2017752148036647,-0.12937962761537103,-0.007952457298351609,2.6028898587343607,-0.33273068598173666,-0.017613736834399922,1.1483958812004809,-0.1278275651196768,-0.0077026479410856755,1.2285820590018002,-0.18033082926177899,-0.008419465298047477,2.568371189018508,-0.3287391857092665,-0.017382668325708287,1.0656501667935638,-0.17677731215378273,-0.007496649754909781,1.1529828604842587,-0.17465665806518718,-0.007931870026640486,2.6010019566255433,-0.17506143791000725,-0.016656408987623925,0.8036386684985773,-0.32547544929775946,-0.006826134367206597,0.9665553659277115,-0.3190617784792585,-0.0076806358751690534,-0.14036378434251312,-0.1716117570256556,-0.00019674384683803954,-0.24590707308802168,-0.1695530699138676,0.0004484584447766725,-0.4948814381575538,-0.3152342530077885,0.0010855572996747106,-7.6,0.0,0.075,0.17,0.045
0.6960000000000001,13.0,5.7046483274821856e+17,2.5542373123765585,-0.33941912450694106,-0.017361933041999292,1.139163779244181,-0.1319803726688847,-0.007666021601669271,1.2073538134377253,-0.12937962761537103,-0.007986929054514213,2.602888759171744,-0.33273068598173666,-0.017613723268296584,1.140782861781372,-0.1278275651196768,-0.007657340677920945,1.234070142859812,-0.18033082926177899,-0.008453477329581474,2.5683699742426733,-0.3287391857092665,-0.017382662248366647,1.0585744667443016,-0.17677731215378273,-0.00745456487368408,1.1584761974530027,-0.17465665806518718,-0.007965837111296675,2.600997194950925,-0.17506143791000725,-0.016656380367213303,0.7950117044284123,-0.32547544929775946,-0.006774684706778021,0.9719001080413728,-0.3190617784792585,-0.0077137028664418196,-0.14191614681859188,-0.1716117570256556,-0.00018748783609885483,-0.2475120798819998,-0.1695530699138676,0.0004581240190449245,-0.49357347780532645,-0.3152342530077885,0.0010778831108985917,-7.6,0.0,0.075,0.17,0.045
0.6980000000000001,14.0,6.143459477825548e+17,2.5542385395849765,-0.339419124506941,-0.017361938621300997,1.1325732346666073,-0.1319803726688847,-0.007626864911478394,1.2127643865610058,-0.12937962761537103,-0.008020400646318579,2.60289093336713,-0.3327306859817366,-0.017613716670920883,1.1331076566593639,-0.12782756511967677,-0.007611662561406293,1.2393759341507427,-0.18033082926177899,-0.008486405832729546,2.5683717218612934,-0.32873918570926647,-0.017382654959711637,1.0514360205567144,-0.17677731215378273,-0.007412110673388506,1.163799868365627,-0.17465665806518715,-0.007998797133109138,2.6009924416553654,-0.17506143791000722,-0.016656351797165594,0.786333915989716,-0.32547544929775946,-0.006722922922357031,0.9770770147224512,-0.31906177847925843,-0.007745771319123788,-0.14347816485714912,-0.1716117570256556,-0.00017817366124238228,-0.24911095451319365,-0.16955306991386757,0.0004677540598087934,-0.4922369067725059,-0.31523425300778846,0.001070035348785228,-7.599999999999999,0.0,0.075,0.17,0.045
0.7000000000000001,13.0,5.704648388608252e+17,2.5542375839597846,-0.33941912450694106,-0.017361945984551506,1.1259209756903445,-0.1319803726688847,-0.007587321644012952,1.2180059924912936,-0.12937962761537103,-0.00805286408505826,2.602891092917005,-0.33273068598173666,-0.0176137297160932,1.1253750473690702,-0.1278275651196768,-0.007565611330674244,1.244498876768407,-0.18033082926177899,-0.00851824058047513,2.5683723959442966,-0.3287391857092665,-0.01738266544542336,1.0442387164696407,-0.17677731215378273,-0.007369279996262983,1.1689531357921565,-0.17465665806518718,-0.008030739158584885,2.6009876967241277,-0.17506143791000725,-0.016656323277392235,0.7776064960810449,-0.32547544929775946,-0.006670856191724852,0.9820847004053985,-0.3190617784792585,-0.007776832759210258,-0.14504979843493315,-0.1716117570256556,-0.00016880155301103884,-0.2507034873671334,-0.1695530699138676,0.00047734730759595634,-0.4908720482178069,-0.3152342530077885,0.0010620159225883045,-7.6,0.0,0.075,0.17,0.045
0.7020000000000001,14.0,6.143471016340099e+17,2.554236472316616,-0.33941912450694106,-0.017361940250800355,1.1192065686834232,-0.1319803726688847,-0.007547408090155376,1.2230770357233278,-0.12937962761537103,-0.008084313720639988,2.6028890396726414,-0.33273068598173666,-0.017613730673392447,1.1175862656800446,-0.1278275651196768,-0.007519215674932482,1.2494376717473483,-0.18033082926177899,-0.008548978236181117,2.5683708746800193,-0.3287391857092665,-0.01738266948992138,1.036984380749804,-0.17677731215378273,-0.007326096171740541,1.1739348617346863,-0.17465665806518718,-0.008061658763144063,2.600982960142503,-0.17506143791000725,-0.01665629480780481,0.7688306340024913,-0.32547544929775946,-0.006618491672272826,0.9869218066030827,-0.3190617784792585,-0.007806878873307942,-0.14663100595397421,-0.1716117570256556,-0.00015937175154433463,-0.25228946917255485,-0.1695530699138676,0.0004869025047195947,-0.4894792301830654,-0.3152342530077885,0.0010538267712601104,-7.6,0.0,0.075,0.17,0.045
0.704,13.0,5.7046484440726394e+17,2.5542360459681634,-0.33941912450694106,-0.017361933580941343,1.1124304047827875,-0.1319803726688847,-0.007507121648113847,1.2279761265836027,-0.12937962761537103,-0.008114739980032192,2.6028880994798262,-0.33273068598173666,-0.017613718353926267,1.1097400706275824,-0.1278275651196768,-0.007472482984798328,1.2541905220167058,-0.18033082926177899,-0.008578611006054764,2.5683707283529604,-0.3287391857092665,-0.017382660362335718,1.0296715202860764,-0.17677731215378273,-0.0072825701574215215,1.178743247482028,-0.17465665806518718,-0.008091549118799241,2.6009782318958075,-0.17506143791000725,-0.01665626638831506,0.7600075152572306,-0.32547544929775946,-0.006565836499801504,0.9915870022118143,-0.3190617784792585,-0.007835901510494047,-0.14822174423327905,-0.1716117570256556,-0.00014988450643008827,-0.25386869104708204,-0.1695530699138676,0.0004964183955521235,-0.4880587855257102,-0.3152342530077885,0.0010454698630516612,-7.6,0.0,0.075,0.17,0.045
0.706,14.0,6.143471042866598e+17,2.5542361750258475,-0.33941912450694106,-0.017361931022850628,1.1055935511238844,-0.1319803726688847,-0.0074664646647100335,1.2327020486886278,-0.12937962761537103,-0.008144134525193842,2.6028880701765216,-0.33273068598173666,-0.01761371271276938,1.1018376867010775,-0.1278275651196768,-0.007425405814483555,1.2587561895394077,-0.18033082926177899,-0.008607128107670909,2.568373341260628,-0.3287391857092665,-0.017382659484373363,1.0223001816564312,-0.17677731215378273,-0.0072386929946391555,1.1833768433380645,-0.17465665806518718,-0.008120399433283292,2.6009735119693844,-0.17506143791000725,-0.01665623801883489,0.7511383213547294,-0.32547544929775946,-0.006512897787329941,0.9960789838115658,-0.3190617784792585,-0.007863892684146436,-0.1498219685007604,-0.1716117570256556,-0.00014034007675425925,-0.25544094454295796,-0.1695530699138676,0.0005058937267992867,-0.4866110518503654,-0.3152342530077885,0.00103694719510753,-7.6,0.0,0.075,0.17,0.045
0.708,13.0,5.704648408158842e+17,2.5542367539891284,-0.33941912450694106,-0.017361931797196733,1.0986970552853772,-0.1319803726688847,-0.007425443542756614,1.2372536091233688,-0.12937962761537103,-0.008172490057823993,2.602888778865586,-0.33273068598173666,-0.017613712536949547,1.0938803132174348,-0.1278275651196768,-0.007377991510924525,1.263133462216738,-0.18033082926177899,-0.00863452211280712,2.568373235884368,-0.3287391857092665,-0.017382675161819367,1.0148752759262787,-0.17677731215378273,-0.007194464962861284,1.187835224380797,-0.17465665806518718,-0.00814820100841951,2.600968800348603,-0.17506143791000725,-0.01665620969927635,0.7422242296160945,-0.32547544929775946,-0.006459682623914932,1.0003964759608155,-0.3190617784792585,-0.007890844573744945,-0.15143163238540594,-0.1716117570256556,-0.00013073873114937112,-0.25700602169281306,-0.1695530699138676,0.0005153272477745422,-0.4851363714395969,-0.3152342530077885,0.0010282607930554614,-7.6,0.0,0.075,0.17,0.045
0.71,13.0,5.704648381510751e+17,2.554237697166969,-0.33941912450694106,-0.017361935270976417,1.0917419482743056,-0.1319803726688847,-0.0073840645677255715,1.2416296394186341,-0.12937962761537103,-0.00819979942043244,2.602890084830669,-0.33273068598173666,-0.017613716789083935,1.085869123136967,-0.1278275651196768,-0.00733024727002267,1.2673211532062005,-0.18033082926177899,-0.008660785748871101,2.5683709230159684,-0.3287391857092665,-0.01738267452956181,1.0073974641713845,-0.17677731215378273,-0.007149915528480369,1.1921171227781813,-0.17465665806518718,-0.008174951294675905,2.6009640970188554,-0.17506143791000725,-0.01665618142955166,0.7332664129812169,-0.32547544929775946,-0.006406198073483124,1.0045382314863933,-0.3190617784792585,-0.007916749526640444,-0.15305068790969067,-0.1716117570256556,-0.00012108074784149792,-0.25856371505545933,-0.1695530699138676,0.0005247177106736728,-0.48363509118381764,-0.3152342530077885,0.0010194127105908504,-7.6,0.0,0.075,0.17,0.045
0.712,13.0,5.7046483416950854e+17,2.554237235827752,-0.33941912450694106,-0.01736194093004346,1.0847304410245,-0.1319803726688847,-0.007342333925659142,1.245829248904013,-0.12937962761537103,-0.008226055602204031,2.6028895417125626,-0.33273068598173666,-0.017613724624874434,1.0778069060849003,-0.1278275651196768,-0.007282180129539863,1.2713184485025115,-0.18033082926177899,-0.008685911894807876,2.5683701226750237,-0.3287391857092665,-0.017382660652351407,0.9998651210374974,-0.17677731215378273,-0.007105048657951004,1.196220835676588,-0.17465665806518718,-0.008200642685060211,2.600959401965562,-0.17506143791000725,-0.016656153209573178,0.7242660398178291,-0.32547544929775946,-0.0063524511736738586,1.0085030317681565,-0.3190617784792585,-0.007941600059793911,-0.15467908548223774,-0.1716117570256556,-0.00011136641469578951,-0.26011381776169834,-0.1695530699138676,0.0005340638708495504,-0.48210756251036524,-0.3152342530077885,0.0010104050290561748,-7.6,0.0,0.075,0.17,0.045
0.714,13.0,5.7046483148464064e+17,2.5542358005964734,-0.33941912450694106,-0.01736193816200816,1.0776631954427704,-0.1319803726688847,-0.007300264882160308,1.2498512481406183,-0.12937962761537103,-0.008251253259116303,2.602889559080906,-0.33273068598173666,-0.017613721366165794,1.0696930352514915,-0.1278275651196768,-0.0072338068272274625,1.275123842851751,-0.18033082926177899,-0.008709895666585742,2.568372205988341,-0.3287391857092665,-0.01738265585030574,0.9922782851508419,-0.17677731215378273,-0.007059854599147681,1.200145029278654,-0.17465665806518718,-0.008225264962450652,2.6009547151741694,-0.17506143791000725,-0.016656125039253417,0.715224273732555,-0.32547544929775946,-0.006298448934693531,1.0122896870184048,-0.3190617784792585,-0.00796538886148449,-0.1563167738907313,-0.1716117570256556,-0.0001015960292605071,-0.26165612356013224,-0.1695530699138676,0.0005433644870869845,-0.48055414131176627,-0.3152342530077885,0.0010012398570154605,-7.6,0.0,0.075,0.17,0.045
0.716,13.0,5.7046483956321056e+17,2.554235112416017,-0.33941912450694106,-0.01736192955062049,1.0705399631886916,-0.1319803726688847,-0.00725786140866993,1.2536942842065661,-0.12937962761537103,-0.008275385254535935,2.602890284408818,-0.33273068598173666,-0.017613721470375855,1.0615284650626364,-0.1278275651196768,-0.0071851236022270094,1.2787362001026883,-0.18033082926177899,-0.00873272803268118,2.568373151830928,-0.3287391857092665,-0.017382668350185645,0.9846408325788112,-0.17677731215378273,-0.007014333583827748,1.2038891740201914,-0.17465665806518718,-0.008248810124063047,2.600950036630147,-0.17506143791000725,-0.01665609691850506,0.7061422733840459,-0.32547544929775946,-0.006244198338181887,1.015897036555908,-0.3190617784792585,-0.00798810879298598,-0.15796370029508608,-0.1716117570256556,-9.176989880954584e-05,-0.2631904268629653,-0.1695530699138676,0.0005526183218775879,-0.4789751878732016,-0.3152342530077885,0.0009919193298238665,-7.6,0.0,0.075,0.17,0.045
0.718,13.0,5.704648355599836e+17,2.5542350298013132,-0.33941912450694106,-0.01736192542153775,1.0633618014405393,-0.1319803726688847,-0.007215122015145458,1.2573573093776065,-0.12937962761537103,-0.008298443470931623,2.6028892707076965,-0.33273068598173666,-0.01761372582234333,1.0533159789579842,-0.1278275651196768,-0.007136136181093879,1.2821547956984303,-0.18033082926177899,-0.008754402176186803,2.5683702104791113,-0.3287391857092665,-0.017382674025241168,0.9769557310056269,-0.17677731215378273,-0.006968508868395564,1.2074525857955503,-0.17465665806518718,-0.00827127499251227,2.600945366318992,-0.17506143791000725,-0.016656068847240926,0.6970211922979647,-0.32547544929775946,-0.006189706336090832,1.019323949074761,-0.3190617784792585,-0.008009752890210999,-0.15961981022087798,-0.1716117570256556,-8.188834038341708e-05,-0.2647165227917851,-0.1695530699138676,0.0005618241416945861,-0.4773710667991873,-0.3152342530077885,0.0009824456091924786,-7.6,0.0,0.075,0.17,0.045
0.72,13.0,5.704648318340216e+17,2.5542354378324243,-0.33941912450694106,-0.017361924925849526,1.0561297452233223,-0.1319803726688847,-0.0071720530446565435,1.2608393006466105,-0.12937962761537103,-0.008320421621957865,2.602888907063906,-0.33273068598173666,-0.017613719740136598,1.0450549439259844,-0.1278275651196768,-0.007086861264465966,1.2853782242801062,-0.18033082926177899,-0.008774913749761255,2.568368901273059,-0.3287391857092665,-0.017382656377130264,0.9692200452714621,-0.17677731215378273,-0.0069223982589564585,1.2108334244478212,-0.17465665806518718,-0.008292655463164425,2.6009407042262267,-0.17506143791000725,-0.016656040825373995,0.6878621786844662,-0.32547544929775946,-0.006134979849574345,1.0225693229074087,-0.3190617784792585,-0.008030314365324117,-0.16128504755303918,-0.1716117570256556,-7.195168082866565e-05,-0.26623420722331126,-0.1695530699138676,0.000570980717267505,-0.4757421469394859,-0.3152342530077885,0.0009728208827483926,-7.6,0.0,0.075,0.17,0.045
0.722,13.0,5.70464839418564e+17,2.5542362431672894,-0.33941912450694106,-0.017361927374036194,1.048844810706477,-0.1319803726688847,-0.007128660707353241,1.2641392607236577,-0.12937962761537103,-0.00834131356957189,2.6028893242778506,-0.33273068598173666,-0.017613717558273855,1.036746310763009,-0.1278275651196768,-0.007037295054273967,1.2884054468975146,-0.18033082926177899,-0.00879425432125131,2.5683705728523503,-0.3287391857092665,-0.017382648521893952,0.9614338094311734,-0.17677731215378273,-0.00687598414455147,1.214030477811004,-0.17465665806518718,-0.00831294049507805,2.6009360503373977,-0.17506143791000725,-0.016656012852817405,0.6786663752572052,-0.32547544929775946,-0.006080025767893354,1.0256320862827537,-0.3190617784792585,-0.008049786608320003,-0.1629593545298227,-0.1716117570256556,-6.196025683569844e-05,-0.2677432768351004,-0.1695530699138676,0.000580086823856662,-0.4740888013142627,-0.3152342530077885,0.0009630473635901844,-7.6,0.0,0.075,0.17,0.045
0.724,14.0,6.143470943031782e+17,2.5542373699907563,-0.33941912450694106,-0.017361932206045382,1.0415079978577315,-0.1319803726688847,-0.007084951100252169,1.2672562188861087,-0.12937962761537103,-0.008361113330034173,2.602890393626868,-0.33273068598173666,-0.017613720061557522,1.0283912122854215,-0.1278275651196768,-0.006987443255296115,1.2912354927049652,-0.18033082926177899,-0.008812417656955762,2.5683728257578746,-0.3287391857092665,-0.0173826585513697,0.9535997334868379,-0.17677731215378273,-0.006829266729509737,1.2170430972717148,-0.17465665806518718,-0.008332122815257147,2.6009314046380774,-0.17506143791000725,-0.01665598492948443,0.6694349190547688,-0.32547544929775946,-0.006024850947329788,1.02851119757845,-0.3190617784792585,-0.008068163188572073,-0.16464267173703975,-0.1716117570256556,-5.191441497499744e-05,-0.2692435291511953,-0.1695530699138676,0.0005891412415273969,-0.4724114070385019,-0.3152342530077885,0.000953127289838845,-7.6,0.0,0.075,0.17,0.045
0.726,14.0,6.14345942061078e+17,2.554238756724133,-0.33941912450694106,-0.017361938966986186,1.034120292573914,-0.1319803726688847,-0.007040930223159697,1.2701892317060213,-0.12937962761537103,-0.00837981507900888,2.6028896585431225,-0.33273068598173666,-0.017613726477651626,1.0199924250466332,-0.1278275651196768,-0.00693731266443059,1.293867762414538,-0.18033082926177899,-0.008829397931800464,2.5683709561429215,-0.3287391857092665,-0.017382672068802847,0.9457221758047485,-0.17677731215378273,-0.006782262273843724,1.2198709898447002,-0.17465665806518718,-0.008350198532021411,2.600926767113863,-0.17506143791000725,-0.01665595705528851,0.6601689412642816,-0.32547544929775946,-0.005969462210115169,1.0312056455676077,-0.3190617784792585,-0.00808543785634625,-0.16633493810257435,-0.1716117570256556,-4.181451173169504e-05,-0.2707347625877073,-0.1695530699138676,0.0005981427554239663,-0.4707103452456985,-0.3152342530077885,0.0009430629241842801,-7.6,0.0,0.075,0.17,0.045
0.728,13.0,5.704648312178488e+17,2.5542379302368237,-0.33941912450694106,-0.017361947287386444,1.026684385148699,-0.1319803726688847,-0.006996603991456791,1.2729377368540387,-0.12937962761537103,-0.008397413155928353,2.6028897954059556,-0.33273068598173666,-0.017613722067149153,1.0115490811177525,-0.1278275651196768,-0.00688691994099786,1.2963009421273446,-0.18033082926177899,-0.008845191550057903,2.568370514893945,-0.3287391857092665,-0.01738266085111313,0.937798143102697,-0.17677731215378273,-0.0067349969277511875,1.2225124386894348,-0.17465665806518718,-0.008367165887459324,2.600922137750378,-0.17506143791000725,-0.01665592923014322,0.650869567047786,-0.32547544929775946,-0.005913866343372247,1.0337144496593522,-0.3190617784792585,-0.008101604544281197,-0.16803609089117863,-0.1716117570256556,-3.1660913538487436e-05,-0.27221677649831943,-0.1695530699138676,0.0006070901560430382,-0.46898600101084004,-0.3152342530077885,0.0009328565534274599,-7.6,0.0,0.075,0.17,0.045
0.73,14.0,6.143470940988399e+17,2.5542369230488546,-0.33941912450694106,-0.01736194232846259,1.0191997691244117,-0.1319803726688847,-0.006951988546905503,1.275500545185138,-0.12937962761537103,-0.00841390418681646,2.6028906385665977,-0.33273068598173666,-0.017613722888326154,1.0030623216948802,-0.1278275651196768,-0.006836259877424576,1.2985341641610126,-0.18033082926177899,-0.008859790628334741,2.5683728889597894,-0.3287391857092665,-0.01738265820361927,0.9298276191230662,-0.17677731215378273,-0.006687452731538878,1.2249663482596986,-0.17465665806518718,-0.008383014580527731,2.600917516533271,-0.17506143791000725,-0.016655901453962313,0.6415379153695553,-0.32547544929775946,-0.0058580700980732725,1.03603666013485,-0.3190617784792585,-0.008116657368831664,-0.1697460656995531,-0.1716117570256556,-2.1453996806861777e-05,-0.2736893712196997,-0.1695530699138676,0.0006159822395067111,-0.4672387632726943,-0.3152342530077885,0.0009225104880183091,-7.6,0.0,0.075,0.17,0.045
0.732,13.0,5.704648372079312e+17,2.5542365811068852,-0.33941912450694106,-0.017361936285334775,1.0116667735692606,-0.1319803726688847,-0.006907080850759778,1.2778766708433742,-0.12937962761537103,-0.008429281036803054,2.602889139552004,-0.33273068598173666,-0.017613727947290006,0.9945353348360956,-0.1278275651196768,-0.0067853393208873415,1.300567008742894,-0.18033082926177899,-0.00887318996053675,2.5683725902763164,-0.3287391857092665,-0.017382672448014336,0.9218155214197256,-0.17677731215378273,-0.006639629587661094,1.2272326216587452,-0.17465665806518718,-0.008397738037949316,2.6009129034482164,-0.17506143791000725,-0.01665587372665967,0.6321750988264853,-0.32547544929775946,-0.005802080188003888,1.038171358376848,-0.3190617784792585,-0.00813059063168465,-0.17146479645171556,-0.1716117570256556,-1.1194147956614886e-05,-0.2751523481168122,-0.1695530699138676,0.0006248178078349928,-0.46546902475541846,-0.3152342530077885,0.0009120270615894349,-7.6,0.0,0.075,0.17,0.045
0.734,14.0,6.14347098084865e+17,2.5542367782873496,-0.33941912450694106,-0.017361934233682957,1.004086412032854,-0.1319803726688847,-0.0068618828774288715,1.2800652996956765,-0.12937962761537103,-0.008443537790752471,2.602888648287515,-0.33273068598173666,-0.017613718953202444,0.985966745879896,-0.1278275651196768,-0.006734177399734634,1.3023981682860732,-0.18033082926177899,-0.008885387028028038,2.568371761007338,-0.3287391857092665,-0.0173826706559135,0.9137612792210981,-0.17677731215378273,-0.006591557001441049,1.2293101191767344,-0.17465665806518718,-0.008411335678343594,2.600908298480913,-0.17506143791000725,-0.01665584604814934,0.6227822234817458,-0.32547544929775946,-0.005745903288745469,1.0401176570926574,-0.3190617784792585,-0.008143398821136637,-0.17319221539466187,-0.1716117570256556,-8.817634436402156e-07,-0.27660550962811437,-0.1695530699138676,0.0006335956692176678,-0.4636771818895049,-0.3152342530077885,0.0009014086304857797,-7.6,0.0,0.075,0.17,0.045
0.736,13.0,5.704648355274334e+17,2.5542374121478892,-0.33941912450694106,-0.017361935416765745,0.9964596765805497,-0.1319803726688847,-0.006816400708210432,1.2820656445739573,-0.12937962761537103,-0.008456669563866285,2.6028889822109624,-0.33273068598173666,-0.01761371600561551,0.977357691187182,-0.1278275651196768,-0.006682765865997436,1.3040268760908749,-0.18033082926177899,-0.008896373985287113,2.56837217492584,-0.3287391857092665,-0.017382665680299628,0.9056645802906866,-0.17677731215378273,-0.006543231548249285,1.2311977842626027,-0.17465665806518718,-0.00842380066345153,2.6009037016170855,-0.17506143791000725,-0.01665581841834552,0.6133603886988178,-0.32547544929775946,-0.005689546036677032,1.0418747005328821,-0.3190617784792585,-0.008155076613431496,-0.17492825309432306,-0.1716117570256556,9.482750214037662e-06,-0.2780486593106297,-0.1695530699138676,0.0006423146382854806,-0.4618636347320801,-0.3152342530077885,0.0008906575732902984,-7.6,0.0,0.075,0.17,0.045
0.738,14.0,6.143459462403873e+17,2.554238399481513,-0.33941912450694106,-0.01736193921992898,0.9887875407575992,-0.1319803726688847,-0.006770640295496607,1.2838769461360566,-0.12937962761537103,-0.008468671633135971,2.6028899843788107,-0.33273068598173666,-0.017613718009156194,0.9687092816422632,-0.1278275651196768,-0.006631111537841152,1.305452395696861,-0.18033082926177899,-0.008906146232115922,2.5683717683006826,-0.3287391857092665,-0.01738266816381064,0.897527871535799,-0.17677731215378273,-0.0064946513546668165,1.2328951279410711,-0.17465665806518718,-0.00843512665396674,2.6008991128424825,-0.17506143791000725,-0.016655790837162558,0.6039106869789959,-0.32547544929775946,-0.005633015027979464,1.0434416647033413,-0.3190617784792585,-0.008165618874072843,-0.17667283843182158,-0.1716117570256556,1.9898976412004776e-05,-0.2794816018848835,-0.1695530699138676,0.0006509735363805728,-0.4600287868865719,-0.3152342530077885,0.0008797762903457495,-7.6,0.0,0.075,0.17,0.045
0.74,13.0,5.704648288295049e+17,2.554237249585391,-0.33941912450694106,-0.017361945143930725,0.9810726898156815,-0.1319803726688847,-0.006724607480558903,1.2854988212340666,-0.12937962761537103,-0.008479539442508567,2.6028891952235016,-0.33273068598173666,-0.017613724022163282,0.9600242678888371,-0.1278275651196768,-0.00657922108057164,1.306674352498906,-0.18033082926177899,-0.008914699349751838,2.5683710317822506,-0.3287391857092665,-0.017382665724059693,0.8893517495590815,-0.17677731215378273,-0.006445831102137491,1.2344013377099667,-0.17465665806518718,-0.00844531071603755,2.6008945321428776,-0.17506143791000725,-0.016655763304514938,0.5944342038011667,-0.32547544929775946,-0.005576316817660532,1.0448177575711444,-0.3190617784792585,-0.0081750206590956,-0.17842589860003058,-0.1716117570256556,3.036648843699591e-05,-0.28090414327969077,-0.1695530699138676,0.0006595711918260956,-0.4581730454217615,-0.3152342530077885,0.0008687672032727003,-7.6,0.0,0.075,0.17,0.045
0.742,14.0,6.143470878095037e+17,2.554235980713136,-0.33941912450694106,-0.017361938244553992,0.9733145884833289,-0.1319803726688847,-0.006678318374907398,1.2869302708886659,-0.12937962761537103,-0.008489270693096625,2.6028890135635487,-0.33273068598173666,-0.01761371928723143,0.9513019222837426,-0.1278275651196768,-0.006527110998051084,1.3076917123486032,-0.18033082926177899,-0.008922031090564109,2.568373166408644,-0.3287391857092665,-0.0173826613049491,0.8811348503803784,-0.17677731215378273,-0.006396774370277186,1.2357152547738086,-0.17465665806518718,-0.008454347974650923,2.6008899595040704,-0.17506143791000725,-0.01665573582031731,0.5849320174640659,-0.32547544929775946,-0.005519457918593557,1.0460022192647387,-0.3190617784792585,-0.008183277216302416,-0.1801873591004394,-0.1716117570256556,4.088484944624993e-05,-0.2823160906767842,-0.1695530699138676,0.000668106440194939,-0.4562968207902362,-0.3152342530077885,0.000857632754483838,-7.6,0.0,0.075,0.17,0.045
0.744,13.0,5.704648371261701e+17,2.554235427222722,-0.33941912450694106,-0.017361930631320462,0.9655135397100983,-0.1319803726688847,-0.006631769766913282,1.2881704974467318,-0.12937962761537103,-0.008497859391024222,2.6028895781210224,-0.33273068598173666,-0.017613718197271713,0.9425431217673224,-0.1278275651196768,-0.0064747769244205165,1.3085037994659974,-0.18033082926177899,-0.008928135249662293,2.5683726736219366,-0.3287391857092665,-0.017382674112707466,0.872882090327899,-0.17677731215378273,-0.006347472975204967,1.2368369587379433,-0.17465665806518718,-0.008462231477033975,2.6008853949118853,-0.17506143791000725,-0.016655708384484467,0.5754051989307168,-0.32547544929775946,-0.005462444800570953,1.0469943222681195,-0.3190617784792585,-0.008190383986463982,-0.18195714374032876,-0.1716117570256556,5.145361244870283e-05,-0.28371725255527164,-0.1695530699138676,0.0006765781245774996,-0.4544005267462589,-0.3152342530077885,0.0008463754066946862,-7.6,0.0,0.075,0.17,0.045
0.746,14.0,6.14347094463168e+17,2.55423545357564,-0.33941912450694106,-0.01736192731037798,0.9576705330168739,-0.1319803726688847,-0.006584963474273899,1.2892188735413614,-0.12937962761537103,-0.008505300750372617,2.6028907666211922,-0.33273068598173666,-0.017613721584616555,0.9337489270857391,-0.1278275651196768,-0.006422224121321995,1.3091100074068496,-0.18033082926177899,-0.008933007772366658,2.5683716870625015,-0.3287391857092665,-0.01738267115598722,0.8645928603763965,-0.17677731215378273,-0.00629795641489009,1.23776550462323,-0.17465665806518718,-0.008468961700818784,2.6008808383521718,-0.17506143791000725,-0.016655680996931356,0.5658548116756609,-0.32547544929775946,-0.0054052838893708585,1.047793371608736,-0.3190617784792585,-0.008196336604484268,-0.18373517463025865,-0.1716117570256556,6.2072320288039e-05,-0.28510743873591066,-0.1695530699138676,0.0006849850958484243,-0.4524845802630715,-0.3152342530077885,0.0008349976424308224,-7.6,0.0,0.075,0.17,0.045
0.748,13.0,5.704648304513885e+17,2.5542359496821225,-0.33941912450694106,-0.017361927468495488,0.9497865342738329,-0.1319803726688847,-0.006537905434114552,1.2900747996371507,-0.12937962761537103,-0.008511591006940395,2.6028901277445833,-0.33273068598173666,-0.017613728715617574,0.9249220637109588,-0.1278275651196768,-0.006369458953232495,1.309510092722785,-0.18033082926177899,-0.008936645020011772,2.5683719735822943,-0.3287391857092665,-0.01738266523663061,0.8562668097341414,-0.17677731215378273,-0.006248221035181075,1.2385000306308174,-0.17465665806518718,-0.008474532976130504,2.6008762898108015,-0.17506143791000725,-0.016655653657573075,0.5562819115343642,-0.32547544929775946,-0.005347981565840523,1.048398705039503,-0.3190617784792585,-0.008201130900527967,-0.18552137218187234,-0.1716117570256556,7.274050562761836e-05,-0.28648646042518994,-0.1695530699138676,0.0006933262129322584,-0.45054940144964745,-0.3152342530077885,0.0008235019635316978,-7.6,0.0,0.075,0.17,0.045
0.75,13.0,5.704648312454646e+17,2.554236826123476,-0.33941912450694106,-0.017361930445134382,0.9418624889307814,-0.1319803726688847,-0.006490601441656306,1.290737704895879,-0.12937962761537103,-0.008516726563515131,2.6028903421425618,-0.33273068598173666,-0.01761372488235792,0.9160615637011036,-0.1278275651196768,-0.006316497772983813,1.309703123587065,-0.18033082926177899,-0.008939045531907384,2.568371463829849,-0.3287391857092665,-0.017382666955749367,0.8479063624073812,-0.17677731215378273,-0.006198264731327545,1.2390402347029223,-0.17465665806518718,-0.008478940132176028,2.6008717492736735,-0.17506143791000725,-0.016655626366324852,0.5466875465555429,-0.32547544929775946,-0.005290544164992742,1.0488096932143958,-0.3190617784792585,-0.008204762901112569,-0.1873156551060193,-0.1716117570256556,8.34576909373005e-05,-0.28785413025920514,-0.1695530699138676,0.0007016003430679341,-0.44859541346691156,-0.3152342530077885,0.0008118908906511536,-7.6,0.0,0.075,0.17,0.045
0.752,13.0,5.70464830818995e+17,2.5542380102713538,-0.33941912450694106,-0.017361935703782503,0.9338993246222812,-0.1319803726688847,-0.0064430571695979965,1.2912070479020872,-0.12937962761537103,-0.0085207039950675,2.6028912476435995,-0.33273068598173666,-0.01761372616874579,0.9071684937923317,-0.1278275651196768,-0.006263334772924682,1.3096886032336614,-0.18033082926177899,-0.008940203717093064,2.5683706438926066,-0.3287391857092665,-0.017382663897234692,0.8395120789939755,-0.17677731215378273,-0.0061481020473669835,1.239385497892139,-0.17465665806518718,-0.008482181356608658,2.6008672167267117,-0.17506143791000725,-0.016655599123102084,0.53707275685561,-0.32547544929775946,-0.0052329779751198145,1.0490257398581238,-0.3190617784792585,-0.008207228830161926,-0.1891179404112001,-0.1716117570256556,9.422338848218226e-05,-0.2892102623473189,-0.1695530699138676,0.0007098063620720254,-0.4466230424434419,-0.3152342530077885,0.0008001669627547383,-7.6,0.0,0.075,0.17,0.045
0.754,14.0,6.143470997740956e+17,2.5542377440075263,-0.33941912450694106,-0.01736194280866977,0.9258991744185012,-0.1319803726688847,-0.006395278183746996,1.2914825562611858,-0.12937962761537103,-0.00852352005310475,2.6028897986049335,-0.33273068598173666,-0.017613731601752017,0.8982459932829058,-0.1278275651196768,-0.006209976353472051,1.3094664714465358,-0.18033082926177899,-0.008940116594972642,2.5683727111042067,-0.3287391857092665,-0.017382658977611237,0.8310825458218559,-0.17677731215378273,-0.006097736346886549,1.239534861957637,-0.17465665806518718,-0.008484252935743957,2.600862692155864,-0.17506143791000725,-0.016655571927820315,0.5274385744760228,-0.32547544929775946,-0.0051752892369202165,1.0490462819293687,-0.3190617784792585,-0.008208525110024293,-0.19092814340233613,-0.1716117570256556,0.00010503710031326696,-0.29055467231559284,-0.1695530699138676,0.0007179431546007079,-0.44463271739067245,-0.3152342530077885,0.0007883327366139205,-7.6,0.0,0.075,0.17,0.045
0.756,13.0,5.704648384609749e+17,2.5542364665745043,-0.33941912450694106,-0.017361941211086807,0.917862585765224,-0.1319803726688847,-0.006347277282524315,1.2915636807651758,-0.12937962761537103,-0.00852517310325934,2.602886995447742,-0.33273068598173666,-0.01761372290752002,0.8892942739654406,-0.1278275651196768,-0.006156441350415496,1.3090361398677024,-0.18033082926177899,-0.00893878380424989,2.568372163895183,-0.3287391857092665,-0.01738267138088084,0.8226226674556387,-0.17677731215378273,-0.0060471591478538315,1.239488588304797,-0.17465665806518718,-0.008485149120136945,2.6008581755471045,-0.17506143791000725,-0.01665554478039523,0.517786023242994,-0.32547544929775946,-0.005117484142642693,1.0488707897778833,-0.3190617784792585,-0.008208648362451762,-0.19274617767986713,-0.1716117570256556,0.00011589831826008324,-0.2918871773499816,-0.1695530699138676,0.0007260096144103515,-0.4426248701176117,-0.3152342530077885,0.0007763907862973036,-7.6,0.0,0.075,0.17,0.045
0.758,14.0,6.14347099382147e+17,2.5542359059123925,-0.33941912450694106,-0.017361933546488673,0.9097891735202085,-0.1319803726688847,-0.0062990577506046525,1.2914497232676605,-0.12937962761537103,-0.008525659850283281,2.6028907245258366,-0.33273068598173666,-0.01761370608857687,0.8803085693956075,-0.1278275651196768,-0.006102731034510704,1.308396097477172,-0.18033082926177899,-0.008936201814776888,2.5683709606199234,-0.3287391857092665,-0.017382668097626695,0.8141319142566451,-0.17677731215378273,-0.005996399877656529,1.2392459548439836,-0.17465665806518718,-0.008484871478219904,2.60085366688643,-0.17506143791000725,-0.016655517680742672,0.5081161186297546,-0.32547544929775946,-0.005059568835244521,1.0484987672953086,-0.3190617784792585,-0.00820759540954285,-0.19457195513917863,-0.1716117570256556,0.0001268065239252692,-0.2932075962392766,-0.1695530699138676,0.000734004644616684,-0.4405999351450956,-0.3152342530077885,0.0007643437026589392,-7.6,0.0,0.075,0.17,0.045
0.76,13.0,5.704648366986684e+17,2.5542359262224656,-0.33941912450694106,-0.017361930182516003,0.9016798857532904,-0.1319803726688847,-0.006250617277134559,1.2911402800955591,-0.12937962761537103,-0.008524976105298189,2.602891571814431,-0.33273068598173666,-0.017613728463045437,0.8712966056790439,-0.1278275651196768,-0.006048816807091706,1.3075472685125666,-0.18033082926177899,-0.008932361560433706,2.568369591699835,-0.3287391857092665,-0.01738266087797514,0.8056108167048948,-0.17677731215378273,-0.005945455358462567,1.2388064727925172,-0.17465665806518718,-0.008483415677455025,2.6008491661598616,-0.17506143791000725,-0.016655490628778625,0.49842986762206754,-0.32547544929775946,-0.005001549407565085,1.047929752059351,-0.3190617784792585,-0.008205363274647402,-0.19640538597036258,-0.1716117570256556,0.00013776118868113823,-0.2945157494177893,-0.1695530699138676,0.0007419271579524541,-0.4385583496195909,-0.3152342530077885,0.0007521940928238426,-7.6,0.0,0.075,0.17,0.045
0.762,13.0,5.7046482310815245e+17,2.5542364172035916,-0.33941912450694106,-0.017361930304376442,0.8935356458689538,-0.1319803726688847,-0.00620196155053305,1.2906349764522462,-0.12937962761537103,-0.008523119446265581,2.6028880205531597,-0.33273068598173666,-0.017613733546777005,0.8622603918987645,-0.1278275651196768,-0.005994745024792324,1.3064895184779137,-0.18033082926177899,-0.008927268586646074,2.56837121460236,-0.3287391857092665,-0.01738265266445461,0.7970579521595604,-0.17677731215378273,-0.005894328773152066,1.2381693258957536,-0.17465665806518718,-0.008480778785146227,2.6008446733534463,-0.17506143791000725,-0.016655463624419213,0.4887282685856505,-0.32547544929775946,-0.004943431901518962,1.0471633154719535,-0.3190617784792585,-0.008201949183231656,-0.19824637865831313,-0.1716117570256556,0.00014876177366824196,-0.2958114590077627,-0.1695530699138676,0.0007497760770235302,-0.4365005532265664,-0.3152342530077885,0.0007399445796708143,-7.6,0.0,0.075,0.17,0.045
0.764,13.0,5.704648357095401e+17,2.554237289265392,-0.33941912450694106,-0.017361933250263195,0.8853573558849271,-0.1319803726688847,-0.006153096111227031,1.2899334672300575,-0.12937962761537103,-0.008520087624405705,2.6028882091210255,-0.33273068598173666,-0.017613712239209378,0.8531949369112815,-0.1278275651196768,-0.005940527742110648,1.3052214167488805,-0.18033082926177899,-0.008920922086438157,2.568371787862652,-0.3287391857092665,-0.017382662401869756,0.78847714689661,-0.17677731215378273,-0.005843011585880059,1.2373347024953032,-0.17465665806518718,-0.008476955903765645,2.6008401884532555,-0.17506143791000725,-0.016655436667580722,0.4790123111366521,-0.32547544929775946,-0.00488522230730046,1.0461990628908777,-0.3190617784792585,-0.008197350563707273,-0.20009483998316013,-0.1716117570256556,0.0001598077297959452,-0.2970945488615002,-0.1695530699138676,0.0007575503345633706,-0.43442698810344926,-0.3152342530077885,0.0007275978013126673,-7.6,0.0,0.075,0.17,0.045
0.766,14.0,6.143459432303311e+17,2.5542384696400675,-0.33941912450694106,-0.017361938482634,0.8771458990797909,-0.1319803726688847,-0.006104026371322871,1.2890354376845679,-0.12937962761537103,-0.008515878569072571,2.6028890941998997,-0.33273068598173666,-0.017613713370616572,0.8441033416646068,-0.1278275651196768,-0.00588613501218575,1.3037431089494076,-0.18033082926177899,-0.008913313476063956,2.568371845199085,-0.3287391857092665,-0.017382665841431513,0.7798688754605122,-0.17677731215378273,-0.005791526754302356,1.2363022088425168,-0.17465665806518718,-0.008471948163362943,2.600835711445385,-0.17506143791000725,-0.016655409758179578,0.46928297601519636,-0.32547544929775946,-0.00482692656260647,1.045036633754726,-0.3190617784792585,-0.008191565048220818,-0.20195067502104272,-0.1716117570256556,0.00017089849774502724,-0.2983648446032012,-0.1695530699138676,0.0007652488736857958,-0.4323380987521841,-0.3152342530077885,0.0007151564105739645,-7.6,0.0,0.075,0.17,0.045
0.768,13.0,5.704648319578751e+17,2.5542374761051945,-0.33941912450694106,-0.01736194556488205,0.8689038958005995,-0.1319803726688847,-0.0060547576304920536,1.287940938718869,-0.12937962761537103,-0.008510490391799633,2.602890542794809,-0.33273068598173666,-0.017613718681089817,0.8349865894758338,-0.1278275651196768,-0.005831585440705702,1.3020543758991494,-0.18033082926177899,-0.008904443629267119,2.568371149825947,-0.3287391857092665,-0.017382666185450108,0.7712341735901705,-0.17677731215378273,-0.005739877125685769,1.2350715854945775,-0.17465665806518718,-0.008465753201446224,2.600831242315954,-0.17506143791000725,-0.016655382896132352,0.45954123496054344,-0.32547544929775946,-0.004768550551877735,1.0436757017019072,-0.3190617784792585,-0.008184590473403907,-0.20381378714522483,-0.1716117570256556,0.00018203350797232277,-0.29962217367049193,-0.1695530699138676,0.0007728706481360015,-0.43023433195141125,-0.3152342530077885,0.0007026230744663735,-7.6,0.0,0.075,0.17,0.045
0.77,13.0,5.7046482866232474e+17,2.5542363338011773,-0.33941912450694106,-0.017361939603672813,0.8606306972706111,-0.1319803726688847,-0.006005305610816905,1.286649431590768,-0.12937962761537103,-0.008503923398005441,2.6028901148314283,-0.33273068598173666,-0.017613727372659274,0.8258473334317946,-0.1278275651196768,-0.005776884927573064,1.3001553486199167,-0.18033082926177899,-0.00889431123096557,2.5683701796411924,-0.3287391857092665,-0.017382662013211283,0.7625735406363148,-0.17677731215378273,-0.005688068914463719,1.2336425135609188,-0.17465665806518718,-0.008458369461358589,2.600826781051108,-0.17506143791000725,-0.016655356081355766,0.4497880505904792,-0.32547544929775946,-0.004710100105549817,1.042115974682577,-0.3190617784792585,-0.008176424881086993,-0.2056840780275551,-0.1716117570256556,0.00019321218071741543,-0.30086636535564254,-0.1695530699138676,0.0007804146225397461,-0.4281161366682828,-0.3152342530077885,0.0006900004736617364,-7.6,0.0,0.075,0.17,0.045
0.772,13.0,5.704648287780982e+17,2.554235882679816,-0.33941912450694106,-0.01736193274984871,0.8523265048513554,-0.1319803726688847,-0.005955666419636975,1.285160574594057,-0.12937962761537103,-0.008496174355236835,2.6028905001142464,-0.33273068598173666,-0.01761372480487899,0.8166844867764702,-0.1278275651196768,-0.005722049391308828,1.298045494669499,-0.18033082926177899,-0.008882917067290174,2.568372125329047,-0.3287391857092665,-0.017382656192102754,0.7538854815783433,-0.17677731215378273,-0.005636105116740586,1.2320143446868745,-0.17465665806518718,-0.008449795029756636,2.6008223276370157,-0.17506143791000725,-0.01665532931376669,0.4400243762821272,-0.32547544929775946,-0.0046515809993294315,1.0403571950645112,-0.3190617784792585,-0.008167066518971013,-0.20756144764027276,-0.1716117570256556,0.000204433926011397,-0.30209725084645733,-0.1695530699138676,0.0007878797726506497,-0.4259839639699332,-0.3152342530077885,0.0006772913019629657,-7.6,0.0,0.075,0.17,0.045
0.774,13.0,5.704648319834425e+17,2.554235991746808,-0.33941912450694106,-0.017361930043120543,0.8439922159564006,-0.1319803726688847,-0.005905841265121441,1.2834741930464133,-0.12937962761537103,-0.008487241213256568,2.602891543922067,-0.33273068598173666,-0.017613727116575897,0.8074990232004697,-0.1278275651196768,-0.005667072311376882,1.2957247052292822,-0.18033082926177899,-0.008870257943587668,2.568372959707245,-0.3287391857092665,-0.01738266786622988,0.7451737889826092,-0.17677731215378273,-0.005583976762392757,1.2301874254734613,-0.17465665806518718,-0.008440026016512371,2.6008178820598697,-0.17506143791000725,-0.01665530259328214,0.43025115605645514,-0.32547544929775946,-0.00459299895347932,1.0383991397321441,-0.3190617784792585,-0.008156513841262618,-0.2094457942581617,-0.1716117570256556,0.00021569814368770302,-0.3033146632668301,-0.1695530699138676,0.0007952650855955384,-0.42383826693462234,-0.3152342530077885,0.0006644982657728683,-7.6,0.0,0.075,0.17,0.045
0.776,14.0,6.143470958481864e+17,2.554236554603475,-0.33941912450694106,-0.017361930697522496,0.8356287031173305,-0.1319803726688847,-0.005855835531751712,1.2815901420242741,-0.12937962761537103,-0.008477122923970707,2.6028902066763973,-0.33273068598173666,-0.017613733379422822,0.7982940144670919,-0.1278275651196768,-0.005611959529920879,1.2931932965051174,-0.18033082926177899,-0.008856333206946367,2.5683715680665937,-0.3287391857092665,-0.01738267287249907,0.736440108757008,-0.17677731215378273,-0.005531706606818352,1.2281617494529344,-0.17465665806518718,-0.008429064501231891,2.600813444305886,-0.17506143791000725,-0.016655275919819263,0.42046932446512775,-0.32547544929775946,-0.004534359632125288,1.0362416201791633,-0.3190617784792585,-0.008144765509268416,-0.211337014461054,-0.1716117570256556,0.00022700422339503668,-0.3045184377169526,-0.1695530699138676,0.000802569560117775,-0.42167950056256825,-0.3152342530077885,0.000651624083561003,-7.6,0.0,0.075,0.17,0.045
0.778,13.0,5.704648328742948e+17,2.5542374848292573,-0.33941912450694106,-0.017361934074662497,0.8272368171845358,-0.1319803726688847,-0.005805654454717292,1.279508307095167,-0.12937962761537103,-0.008465818617837871,2.6028874937345505,-0.33273068598173666,-0.017613725355948802,0.7890695683587863,-0.1278275651196768,-0.005556729477520613,1.2904510758419856,-0.18033082926177899,-0.008841144754601378,2.568371526456708,-0.3287391857092665,-0.01738266452265516,0.7276826334004343,-0.17677731215378273,-0.0054793045254647454,1.225936721295682,-0.17465665806518718,-0.008416910445108729,2.6008090143613067,-0.17506143791000725,-0.01665524929329536,0.41067980647899277,-0.32547544929775946,-0.004475668642577323,1.033884482594672,-0.3190617784792585,-0.00813182039195053,-0.21323500313668495,-0.1716117570256556,0.0002383515446123904,-0.30570841131316606,-0.1695530699138676,0.00080979220681851,-0.4195081216864882,-0.3152342530077885,0.0006386714853286784,-7.6,0.0,0.075,0.17,0.045
0.78,15.0,6.582282029324786e+17,2.554238712231081,-0.33941912450694106,-0.017361939656017192,0.8188173899148863,-0.1319803726688847,-0.005755303139120523,1.2772286049186403,-0.12937962761537103,-0.008453327608263228,2.60289129546826,-0.33273068598173666,-0.017613709078297724,0.7798207525738924,-0.1278275651196768,-0.0055013828008707785,1.2874969597270545,-0.18033082926177899,-0.008824691430622587,2.5683723909912293,-0.3287391857092665,-0.017382664272995847,0.7189025017860313,-0.17677731215378273,-0.005426759673325302,1.2235123123111245,-0.17465665806518718,-0.008403560276165215,2.6008045922123983,-0.17506143791000725,-0.016655222713627883,0.40088351738455913,-0.32547544929775946,-0.004416931534660514,1.0313276079419578,-0.3190617784792585,-0.008117677566443583,-0.21513965348390093,-0.1716117570256556,0.0002497394766661761,-0.30688442322744636,-0.1695530699138676,0.0008169320483957909,-0.41732458888186474,-0.3152342530077885,0.0006256432120721982,-7.6,0.0,0.075,0.17,0.045
0.782,14.0,6.1434709110594e+17,2.55423775668049,-0.33941912450694106,-0.017361947020428134,0.8103730023310171,-0.1319803726688847,-0.005704786575502626,1.2747513121628875,-0.12937962761537103,-0.00843964939520407,2.602892201122937,-0.33273068598173666,-0.01761373188869998,0.7705552800874502,-0.1278275651196768,-0.005445889906161416,1.284332224275357,-0.18033082926177899,-0.008806966733933,2.5683710366918473,-0.3287391857092665,-0.017382669460202976,0.7101028194161927,-0.17677731215378273,-0.005374078883638885,1.220888880945006,-0.17465665806518718,-0.00838901382225787,2.6008001778454495,-0.17506143791000725,-0.016655196180734435,0.39108136267603294,-0.32547544929775946,-0.004358153800093911,1.028570912031734,-0.3190617784792585,-0.008102336318527298,-0.2170508570162214,-0.1716117570256556,0.000261167378749472,-0.3080463147265112,-0.1695530699138676,0.0008239881198814726,-0.4151293623769553,-0.3152342530077885,0.0006125420152444574,-7.6,0.0,0.075,0.17,0.045
0.784,13.0,5.7046482236459866e+17,2.554236645014433,-0.33941912450694106,-0.017361941287124587,0.801902942525733,-0.1319803726688847,-0.005654120249999411,1.2720761281376518,-0.12937962761537103,-0.008424785638669552,2.6028886966001274,-0.33273068598173666,-0.017613737322628043,0.7612750763526076,-0.1278275651196768,-0.005390297071242762,1.2809571227234136,-0.18033082926177899,-0.008787978321222816,2.568371025563398,-0.3287391857092665,-0.017382661334406684,0.7012817565772378,-0.17677731215378273,-0.005321280789419853,1.2180659396397755,-0.17465665806518718,-0.00837327323406116,2.6007957712467733,-0.17506143791000725,-0.01665516969453274,0.3812742379545787,-0.32547544929775946,-0.004299340871842755,1.0256143455880462,-0.3190617784792585,-0.008085796143065954,-0.2189685035657565,-0.1716117570256556,0.00027263459994339483,-0.30919392921054056,-0.1695530699138676,0.0008309594688758615,-0.41292290396256304,-0.3152342530077885,0.0005993706562150007,-7.6,0.0,0.075,0.17,0.045
0.786,14.0,6.143470928227667e+17,2.554236218563516,-0.33941912450694106,-0.017361934617128243,0.7934073544952615,-0.1319803726688847,-0.005603299891167706,1.269202946615275,-0.12937962761537103,-0.008408734534518137,2.602888922445704,-0.33273068598173666,-0.017613716295491185,0.7519749812415618,-0.1278275651196768,-0.0053346158488337065,1.2773706553499644,-0.18033082926177899,-0.008767727711911154,2.5683719150085733,-0.3287391857092665,-0.01738266126763599,0.6924404273614204,-0.17677731215378273,-0.005268354412386124,1.2150435611259103,-0.17465665806518718,-0.008356335586229776,2.6007913724027083,-0.17506143791000725,-0.016655143254940684,0.3714630288300947,-0.32547544929775946,-0.004240498123514029,1.0224578943076423,-0.3190617784792585,-0.008068056744403827,-0.22089248128748132,-0.1716117570256556,0.0002841404792406055,-0.31032711225149995,-0.1695530699138676,0.0008378451557800379,-0.4107056769015866,-0.3152342530077885,0.0005861319057286472,-7.6,0.0,0.075,0.17,0.045
0.788,13.0,5.704648296258524e+17,2.554236347454316,-0.33941912450694106,-0.017361932058422742,0.7848870828885802,-0.1319803726688847,-0.005552326362984877,1.2661318263353964,-0.12937962761537103,-0.008391495445383876,2.6028898371050886,-0.33273068598173666,-0.01761371765056464,0.7426580237513035,-0.1278275651196768,-0.005278815278167432,1.2735733505514726,-0.18033082926177899,-0.00874620890767046,2.5683722411172742,-0.3287391857092665,-0.01738266660430704,0.6835806910091301,-0.17677731215378273,-0.005215306437091219,1.2118219861372517,-0.17465665806518718,-0.008338201315146584,2.600786981299616,-0.17506143791000725,-0.016655116861876294,0.36164861082431465,-0.32547544929775946,-0.004181630868767125,1.0191015789126632,-0.3190617784792585,-0.008049118036721405,-0.22282267666386782,-0.1716117570256556,0.00029568434557095434,-0.3114457116310561,-0.1695530699138676,0.0008446442540257942,-0.4084781458383673,-0.3152342530077885,0.0005728285433627885,-7.6,0.0,0.075,0.17,0.045
0.79,13.0,5.704648229862944e+17,2.5542369261986018,-0.33941912450694106,-0.017361932831767544,0.7763429468906151,-0.1319803726688847,-0.00550120473334479,1.2628628562723032,-0.12937962761537103,-0.008373068723704606,2.6028889771819648,-0.33273068598173666,-0.01761372313852095,0.7333268032230992,-0.1278275651196768,-0.005222913533225883,1.2695656941383764,-0.18033082926177899,-0.008723425078879509,2.5683717633235164,-0.3287391857092665,-0.017382668560959245,0.6747034984581712,-0.17677731215378273,-0.005162148018977477,1.2084013277844021,-0.17465665806518718,-0.008318871865214633,2.600782597923883,-0.17506143791000725,-0.01665509051525774,0.35183184927882627,-0.32547544929775946,-0.004122744360732444,1.0155454551966214,-0.3190617784792585,-0.00802898014435153,-0.22475897450987556,-0.1716117570256556,0.00030726551782927336,-0.3125495773780765,-0.1695530699138676,0.0008513558503031311,-0.4062407767078509,-0.3152342530077885,0.0005594633569834726,-7.6,0.0,0.075,0.17,0.045
0.792,13.0,5.704648248194737e+17,2.5542378691153367,-0.33941912450694106,-0.017361936304233258,0.7677757434374044,-0.1319803726688847,-0.005449939917356999,1.2593961563052705,-0.12937962761537103,-0.008353454903326046,2.602891345334248,-0.33273068598173666,-0.01761371797898221,0.7239784192475386,-0.1278275651196768,-0.005166926210056657,1.2653472203585137,-0.18033082926177899,-0.008699379140400932,2.5683709691493215,-0.3287391857092665,-0.017382665694196695,0.665809248867609,-0.17677731215378273,-0.005108884863671725,1.204781640894319,-0.17465665806518718,-0.008298347915097535,2.6007782222619182,-0.17506143791000725,-0.016655064215003342,0.3420135992647,-0.32547544929775946,-0.004063843791459514,1.011789614063661,-0.3190617784792585,-0.00800764340205528,-0.22670125797830173,-0.1716117570256556,0.0003188833049053198,-0.31363856180570165,-0.1695530699138676,0.0008579790447852533,-0.4039940366445831,-0.3152342530077885,0.0005460391422003744,-7.6,0.0,0.075,0.17,0.045
0.794,14.0,6.143470903166136e+17,2.5542374074822853,-0.33941912450694106,-0.017361941961733667,0.7591874961391998,-0.1319803726688847,-0.005398536696637735,1.255732104165542,-0.12937962761537103,-0.00833265470352385,2.6028887480054075,-0.33273068598173666,-0.017613732187895907,0.7146196761773635,-0.1278275651196768,-0.005110835906203293,1.2609192407735434,-0.18033082926177899,-0.008674068297721755,2.5683730570923755,-0.3287391857092665,-0.017382660929151528,0.6568963266627649,-0.17677731215378273,-0.0050555193661283495,1.2009626620313916,-0.17465665806518718,-0.008276629793757038,2.6007738543001566,-0.17506143791000725,-0.016655037961031554,0.3321947054955807,-0.32547544929775946,-0.004004934291374757,1.0078341815611003,-0.3190617784792585,-0.007985108355257517,-0.2286494085654915,-0.1716117570256556,0.0003305370057158769,-0.3147125195479821,-0.1695530699138676,0.0008645129513510044,-0.40173839389155563,-0.3152342530077885,0.0005325587018207676,-7.6,0.0,0.075,0.17,0.045
0.796,13.0,5.70464835274423e+17,2.554235971930679,-0.33941912450694106,-0.01736193919193536,0.7505786071104588,-0.1319803726688847,-0.005347007212848507,1.2518708182866818,-0.12937962761537103,-0.008310670390685478,2.6028873672703963,-0.33273068598173666,-0.017613716603922865,0.7052467774331181,-0.1278275651196768,-0.005054683447782242,1.2562812111197195,-0.18033082926177899,-0.008647500420211934,2.5683725265313284,-0.3287391857092665,-0.01738267345680985,0.6479695553000485,-0.17677731215378273,-0.005002041832899286,1.1969452876780216,-0.17465665806518718,-0.008253715920579472,2.6007694940250556,-0.17506143791000725,-0.016655011753260982,0.32237600224349733,-0.32547544929775946,-0.003946020928760041,1.0036793189052169,-0.3190617784792585,-0.007961375760242152,-0.2306033061174091,-0.1716117570256556,0.00034222590923901555,-0.3157713075960691,-0.1695530699138676,0.0008709566978046869,-0.39947431770892194,-0.3152342530077885,0.0005190248453026027,-7.6,0.0,0.075,0.17,0.045
0.798,14.0,6.14347096915619e+17,2.5542352834074475,-0.33941912450694106,-0.01736193057862572,0.7419485237727318,-0.1319803726688847,-0.005295353878676061,1.247812278884801,-0.12937962761537103,-0.008287502675412317,2.602889895350495,-0.33273068598173666,-0.017613708319512797,0.6958584853964,-0.1278275651196768,-0.0049984460553167695,1.251433084046296,-0.18033082926177899,-0.008619672242288991,2.5683715094317514,-0.3287391857092665,-0.017382670273443573,0.6390280885463839,-0.17677731215378273,-0.004948481204722987,1.1927294626944527,-0.17465665806518718,-0.008229611674459252,2.6007651414230963,-0.17506143791000725,-0.01665498559161038,0.31255831325759503,-0.32547544929775946,-0.0038871087092475407,0.9993252225002632,-0.3190617784792585,-0.007936446584306853,-0.2325628288360699,-0.1716117570256556,0.000353949294550521,-0.3168147853339511,-0.1695530699138676,0.000877309426093209,-0.39720227828260024,-0.3152342530077885,0.0005054403882068006,-7.6,0.0,0.075,0.17,0.045
0.8,13.0,5.7046483571882176e+17,2.554235200431948,-0.33941912450694106,-0.017361926447486332,0.7332980516031717,-0.1319803726688847,-0.005243573378649699,1.2435567479485405,-0.12937962761537103,-0.008263151439001033,2.6028897703590625,-0.33273068598173666,-0.01761372348799339,0.6864603896984014,-0.1278275651196768,-0.004942116303096461,1.2463760571427511,-0.18033082926177899,-0.00859058347984845,2.5683717712856655,-0.3287391857092665,-0.01738266417084611,0.6300713424451757,-0.17677731215378273,-0.004894832404201001,1.1883152138029223,-0.17465665806518718,-0.008204316724557839,2.600760796480783,-0.17506143791000725,-0.016654959475998623,0.30274245168617375,-0.32547544929775946,-0.003828202575332127,0.9947721239507985,-0.3190617784792585,-0.007910322005877131,-0.2345278532863346,-0.1716117570256556,0.0003657064308624859,-0.3178428145737257,-0.1695530699138676,0.000883570292520501,-0.3949227466327821,-0.3152342530077885,0.0004918081516488704,-7.6,0.0,0.075,0.17,0.045
0.802,13.0,5.704648337748418e+17,2.5542356080878394,-0.33941912450694106,-0.017361925949633338,0.7246279685067206,-0.1319803726688847,-0.005191670545632339,1.2391045175388757,-0.12937962761537103,-0.00823761825338347,2.602888039917567,-0.33273068598173666,-0.017613722738044794,0.6770524445830454,-0.1278275651196768,-0.004885727728908469,1.2411103723629384,-0.18033082926177899,-0.00856024131842718,2.5683712416366267,-0.3287391857092665,-0.017382665741969592,0.6211015751017335,-0.17677731215378273,-0.0048410919275937506,1.1837030944345375,-0.17465665806518718,-0.008177831231208656,2.600756459184645,-0.17506143791000725,-0.01665493340634474,0.2929292200013865,-0.32547544929775946,-0.0037693074059035997,0.9900202900671871,-0.3190617784792585,-0.007883003414580342,-0.23649825440306455,-0.1716117570256556,0.00037749657756407405,-0.31885525959039895,-0.1695530699138676,0.0008897384679591487,-0.39263619452236453,-0.3152342530077885,0.0004781309617499615,-7.6,0.0,0.075,0.17,0.045
0.804,13.0,5.704648294588014e+17,2.554236413035981,-0.33941912450694106,-0.017361928395568684,0.7159390283638529,-0.1319803726688847,-0.005139650047053633,1.2344559104672403,-0.12937962761537103,-0.00821090487092548,2.6028897235028072,-0.33273068598173666,-0.01761371235539582,0.6676316599957951,-0.1278275651196768,-0.004829280058216334,1.2356357891991028,-0.18033082926177899,-0.008528647209748304,2.568370405675368,-0.3287391857092665,-0.01738266256407536,0.612119132643638,-0.17677731215378273,-0.004787273323533098,1.1788933659077618,-0.17465665806518718,-0.008150158514998347,2.6007521295212355,-0.17506143791000725,-0.016654907382567915,0.28311940992684537,-0.32547544929775946,-0.003710428015794876,0.9850700228642814,-0.3190617784792585,-0.007854492411278674,-0.23847390549863948,-0.1716117570256556,0.00038931898426445373,-0.3198519871562018,-0.1695530699138676,0.0008958131380591882,-0.3903430943653242,-0.3152342530077885,0.00046441164908745617,-7.6,0.0,0.075,0.17,0.045
0.806,14.0,6.14347082296432e+17,2.554237539463594,-0.33941912450694106,-0.01736193322525753,0.7072319639066854,-0.1319803726688847,-0.005087516406196426,1.2296112808367763,-0.12937962761537103,-0.008183013228495668,2.602889486632007,-0.33273068598173666,-0.017613722456907264,0.6582026963713883,-0.1278275651196768,-0.004772755350692832,1.2299534501953593,-0.18033082926177899,-0.00849579971076529,2.568372460008028,-0.3287391857092665,-0.017382657548307805,0.603122335239228,-0.17677731215378273,-0.004733378668784524,1.1738859764739482,-0.17465665806518718,-0.008121300143837695,2.60074780747713,-0.17506143791000725,-0.016654881404587457,0.2733138023684684,-0.32547544929775946,-0.003651569155347629,0.9799216595534016,-0.3190617784792585,-0.00782479080806124,-0.2404546782708369,-0.1716117570256556,0.0004011728908379033,-0.3208328665744161,-0.1695530699138676,0.0009017935034540052,-0.3880439191350515,-0.3152342530077885,0.00045065304814521424,-7.6,0.0,0.075,0.17,0.045
0.808,13.0,5.7046482224665466e+17,2.554237226662218,-0.33941912450694106,-0.01736193998382321,0.6985087435677996,-0.1319803726688847,-0.005035274019453421,1.2245712367781756,-0.12937962761537103,-0.008153945450712883,2.6028897521577776,-0.33273068598173666,-0.01761372103568246,0.648764460940987,-0.1278275651196768,-0.00471618156894639,1.2240635270789835,-0.18033082926177899,-0.00846170567674283,2.568371902472282,-0.3287391857092665,-0.017382669874303768,0.5941159745323669,-0.17677731215378273,-0.004679397884358064,1.1686820176761752,-0.17465665806518718,-0.008091255807234812,2.600743493038928,-0.17506143791000725,-0.016654855472322826,0.2635131673482724,-0.32547544929775946,-0.0035927355099973674,0.9745755725275274,-0.3190617784792585,-0.007793900628195961,-0.24244044281107338,-0.1716117570256556,0.00041305752747108795,-0.32179776971270085,-0.1695530699138676,0.0009076787799632912,-0.3857391422726627,-0.3152342530077885,0.00043685799676357784,-7.6,0.0,0.075,0.17,0.045
0.81,14.0,6.143470867524767e+17,2.5542359117744122,-0.33941912450694106,-0.017361938107014956,0.6897697043578727,-0.1319803726688847,-0.004982934697420106,1.2193361325653471,-0.12937962761537103,-0.00812370518636128,2.602890953484209,-0.33273068598173666,-0.017613722628837085,0.6393173200105188,-0.1278275651196768,-0.0046595521563639825,1.2179664879146261,-0.18033082926177899,-0.008426366138044575,2.5683725238096784,-0.3287391857092665,-0.017382666529089295,0.5850979045428101,-0.17677731215378273,-0.004625359720116897,1.163281432984908,-0.17465665806518718,-0.008060032054448173,2.6007391861932514,-0.17506143791000725,-0.01665482958569361,0.25371826394110786,-0.32547544929775946,-0.0035339316998761914,0.9690321693396766,-0.3190617784792585,-0.007761824106040715,-0.24443106761300717,-0.1716117570256556,0.0004249721147125067,-0.3227465710359095,-0.1695530699138676,0.0009134681987929996,-0.3834292375953089,-0.3152342530077885,0.00042302933558924515,-7.6,0.0,0.075,0.17,0.045
0.812,13.0,5.704648362271261e+17,2.5542353210375013,-0.33941912450694106,-0.017361930217688122,0.6810142228606514,-0.1319803726688847,-0.004930500462160544,1.2139061874238752,-0.12937962761537103,-0.008092294561084309,2.6028897642450044,-0.33273068598173666,-0.017613729836795673,0.6298644299832679,-0.1278275651196768,-0.004602869310781174,1.211663316705964,-0.18033082926177899,-0.00838978390305843,2.5683708052887955,-0.3287391857092665,-0.01738267025711367,0.5760714256029215,-0.17677731215378273,-0.004571251300179557,1.1576851269404367,-0.17465665806518718,-0.008027628546300571,2.6007348869267477,-0.17506143791000725,-0.016654803744619553,0.24392984021446568,-0.32547544929775946,-0.0034751622794332044,0.963291892674531,-0.3190617784792585,-0.00772856368691361,-0.2464264195815023,-0.1716117570256556,0.0004369158635241095,-0.323679147638391,-0.1695530699138676,0.0009191610067322513,-0.38111467920449904,-0.3152342530077885,0.0004091699075251223,-7.6,0.0,0.075,0.17,0.045
0.8140000000000001,13.0,5.7046483395197485e+17,2.5542353172663654,-0.33941912450694106,-0.017361926673266654,0.6722430430357483,-0.1319803726688847,-0.004877967573177217,1.2082818978452152,-0.12937962761537103,-0.008059714890235476,2.602887171597032,-0.33273068598173666,-0.017613722701360447,0.6204057257552995,-0.1278275651196768,-0.004546151970617668,1.2051544824423088,-0.18033082926177899,-0.008351964875806459,2.568370486515213,-0.3287391857092665,-0.017382659945988373,0.5670344067023033,-0.17677731215378273,-0.0045170924265402245,1.1518931200119757,-0.17465665806518718,-0.007994050710033743,2.600730595226087,-0.17506143791000725,-0.01665477794902053,0.23414863317131032,-0.32547544929775946,-0.003416431737073351,0.9573552203132905,-0.3190617784792585,-0.007694122026922737,-0.24842636404195306,-0.1716117570256556,0.00044888797533508025,-0.3245953792757655,-0.1695530699138676,0.0009247564663471405,-0.37879594139445605,-0.3152342530077885,0.0003952825571802632,-7.6,0.0,0.075,0.17,0.045
0.8160000000000001,14.0,6.14347092825387e+17,2.554235789033757,-0.33941912450694106,-0.01736192665063984,0.6634568813617682,-0.1319803726688847,-0.0048253404942277985,1.2024637903712927,-0.12937962761537103,-0.008025969152763518,2.602891071068243,-0.33273068598173666,-0.017613707145472612,0.6109359944451104,-0.1278275651196768,-0.004489399745249857,1.1984396047008472,-0.18033082926177899,-0.008312911870224527,2.5683729598181118,-0.3287391857092665,-0.017382658033346876,0.5579864601095728,-0.17677731215378273,-0.004462870313136516,1.145905764024099,-0.17465665806518718,-0.007959298668462978,2.6007263110779624,-0.17506143791000725,-0.016654752198816566,0.2243753686958984,-0.32547544929775946,-0.003357744494814419,0.9512226650917274,-0.3190617784792585,-0.007658501992755294,-0.25043076474996884,-0.1716117570256556,0.0004608876420977848,-0.32549514839616606,-0.1695530699138676,0.0009302538561713874,-0.3764734985605238,-0.3152342530077885,0.00038137013032000524,-7.6,0.0,0.075,0.17,0.045
0.8180000000000001,13.0,5.704648277460093e+17,2.5542366458345955,-0.33941912450694106,-0.01736192948124419,0.6546564303182969,-0.1319803726688847,-0.004772623524183918,1.1964524221946329,-0.12937962761537103,-0.007991060507919982,2.60289205610119,-0.33273068598173666,-0.017613730542299876,0.6014628924832629,-0.1278275651196768,-0.004432581357388723,1.1915205503234214,-0.18033082926177899,-0.008272622603775757,2.5683727415024187,-0.3287391857092665,-0.017382672873164272,0.5489323337091477,-0.17677731215378273,-0.004408582633580133,1.139724310334353,-0.17465665806518718,-0.007923374532535717,2.600722034469089,-0.17506143791000725,-0.016654726493927817,0.2146107615024664,-0.32547544929775946,-0.003299104907961947,0.9448947748513511,-0.3190617784792585,-0.007621706661425916,-0.2524394839014181,-0.1716117570256556,0.0004729140463458795,-0.32637834017093953,-0.1695530699138676,0.0009356524708937908,-0.3741478251076429,-0.3152342530077885,0.00036743547331641183,-7.6,0.0,0.075,0.17,0.045
0.8200000000000001,13.0,5.7046481854863046e+17,2.5542378141581072,-0.33941912450694106,-0.01736193462204922,0.6458423612119534,-0.1319803726688847,-0.00471982081792309,1.1902483816279876,-0.12937962761537103,-0.007954992298860023,2.602888616013695,-0.33273068598173666,-0.01761373645249756,0.5919881862808,-0.1278275651196768,-0.004375742745617639,1.1843982139905087,-0.18033082926177899,-0.008231108277511202,2.5683703373461726,-0.3287391857092665,-0.01738267156327011,0.5398722849941391,-0.17677731215378273,-0.004354257875177583,1.133349289967889,-0.17465665806518718,-0.007886285810397242,2.6007177653862086,-0.17506143791000725,-0.016654700834274578,0.20485551508759875,-0.32547544929775946,-0.0032405172648013554,0.9383721323843042,-0.3190617784792585,-0.0075837393199836576,-0.2544523821428313,-0.1716117570256556,0.0004849663612545752,-0.32724484252479735,-0.1695530699138676,0.0009409516215424317,-0.3718193953589139,-0.3152342530077885,0.0003534814325991262,-7.6,0.0,0.075,0.17,0.045
0.8220000000000001,13.0,5.704648299257992e+17,2.5542375351678093,-0.33941912450694106,-0.017361941631990292,0.6370165887170093,-0.1319803726688847,-0.004666936403285029,1.1838525069081174,-0.12937962761537103,-0.007917768055460152,2.602888894132316,-0.33273068598173666,-0.01761371581197259,0.5825064332580276,-0.1278275651196768,-0.004318894508402861,1.1770722984329796,-0.18033082926177899,-0.008188374259513726,2.568369463299851,-0.3287391857092665,-0.017382657138332636,0.5308041549888493,-0.17677731215378273,-0.004299897582887531,1.1267808661728707,-0.17465665806518718,-0.007848035688198456,2.600713503816085,-0.17506143791000725,-0.016654675219777294,0.195110321684434,-0.32547544929775946,-0.003181985786312149,0.9316553553705115,-0.3190617784792585,-0.007544603465181376,-0.25646931858216077,-0.1716117570256556,0.0004970437507030542,-0.32809454616540923,-0.1695530699138676,0.0009461506356655785,-0.3694886834642659,-0.3152342530077885,0.0003395108541067523,-7.6,0.0,0.075,0.17,0.045
0.8240000000000001,13.0,5.704648268731014e+17,2.554236247524439,-0.33941912450694106,-0.0173619399580485,0.6281793860663816,-0.1319803726688847,-0.004613981768315364,1.1772653870818426,-0.12937962761537103,-0.007879392807140931,2.602889851165894,-0.33273068598173666,-0.017613717480684313,0.573020521164555,-0.1278275651196768,-0.004262003990266226,1.169543963040501,-0.18033082926177899,-0.008144418766168551,2.568371487185309,-0.3287391857092665,-0.017382651894054708,0.5217275334739307,-0.17677731215378273,-0.004245488802855792,1.1200195309063565,-0.17465665806518718,-0.007808625145428347,2.6007092497455044,-0.17506143791000725,-0.016654649650356554,0.18537586222076108,-0.32547544929775946,-0.003123514625893161,0.9247450963088006,-0.3190617784792585,-0.007504302803098621,-0.2584901507998981,-0.1716117570256556,0.0005091453693390311,-0.3289273446124316,-0.1695530699138676,0.0009512488575092498,-0.3671561633092481,-0.3152342530077885,0.00032552658273886424,-7.6,0.0,0.075,0.17,0.045
0.8260000000000001,13.0,5.7046482116572954e+17,2.5542356786967484,-0.33941912450694106,-0.017361932232188283,0.6193300601423579,-0.1319803726688847,-0.004560958552411598,1.1704874786982333,-0.12937962761537103,-0.007839870088183282,2.6028890255604455,-0.33273068598173666,-0.017613723222885784,0.5635328995368725,-0.1278275651196768,-0.004205088517705392,1.1618143278906408,-0.18033082926177899,-0.00809924875381368,2.5683723851900084,-0.3287391857092665,-0.017382664037367452,0.5126460473211369,-0.17677731215378273,-0.004191029073766281,1.1130664823706686,-0.17465665806518718,-0.007768057133829262,2.600705003161276,-0.17506143791000725,-0.01665462412593307,0.17565280628052735,-0.32547544929775946,-0.003065107869111123,0.91764204244161,-0.3190617784792585,-0.007462841248728354,-0.26051473486054616,-0.1716117570256556,0.0005212703626454552,-0.3297431342259635,-0.1695530699138676,0.0009562456481913841,-0.36482230842396335,-0.3152342530077885,0.00031153146180875756,-7.6,0.0,0.075,0.17,0.045
0.8280000000000001,14.0,6.143470850825797e+17,2.5542356925018024,-0.33941912450694106,-0.017361928819222137,0.6104692935884023,-0.1319803726688847,-0.004507862596867456,1.1635195109041412,-0.12937962761537103,-0.007799202637881627,2.602891421473487,-0.33273068598173666,-0.017613718269253092,0.5540404257782815,-0.1278275651196768,-0.004148162787939296,1.153883606550781,-0.18033082926177899,-0.008052870942914517,2.5683710453425634,-0.3287391857092665,-0.017382669425395653,0.5035611278630461,-0.17677731215378273,-0.004136540156849519,1.105922589463996,-0.17465665806518718,-0.007726338842615135,2.600700764050235,-0.17506143791000725,-0.016654598646427703,0.1659418120673764,-0.32547544929775946,-0.0030067695334697205,0.9103469156720457,-0.3190617784792585,-0.007420222925525211,-0.26254292532444545,-0.1716117570256556,0.0005334178670093434,-0.3305418142344224,-0.1695530699138676,0.0009611403858725756,-0.3624875918921607,-0.3152342530077885,0.000297528332497049,-7.6,0.0,0.075,0.17,0.045
0.8300000000000001,13.0,5.704648268284589e+17,2.5542361783263914,-0.33941912450694106,-0.017361928902052463,0.6015977413478477,-0.1319803726688847,-0.004454697997543723,1.1563622424752187,-0.12937962761537103,-0.007757394831117073,2.602888846569085,-0.33273068598173666,-0.01761373264473134,0.5445498217051672,-0.1278275651196768,-0.00409120794538775,1.1457537088074319,-0.18033082926177899,-0.00800528661487536,2.5683710459187794,-0.3287391857092665,-0.01738266138631098,0.49447067510470544,-0.17677731215378273,-0.0040820306401009735,1.0985881703165203,-0.17465665806518718,-0.007683475485175098,2.600696532399237,-0.17506143791000725,-0.016654573211761454,0.1562435263719703,-0.32547544929775946,-0.002948503568190815,0.9028604724749573,-0.3190617784792585,-0.007376452164907826,-0.2645745752599534,-0.1716117570256556,0.0005455870097927391,-0.3313232867618326,-0.1695530699138676,0.000965932465923329,-0.3601524862605055,-0.3152342530077885,0.000283520033306233,-7.6,0.0,0.075,0.17,0.045
0.8320000000000001,14.0,6.143470901372211e+17,2.554237046326649,-0.33941912450694106,-0.017361931816999996,0.5927160341629178,-0.1319803726688847,-0.004401468684100395,1.1490164623550039,-0.12937962761537103,-0.007714451220543538,2.6028874839157456,-0.33273068598173666,-0.01761371719530493,0.5350570347133733,-0.1278275651196768,-0.004034264320949063,1.1374247739748504,-0.18033082926177899,-0.007956507228415266,2.5683719448378577,-0.3287391857092665,-0.017382661389768277,0.4853755995220481,-0.17677731215378273,-0.004027487923550929,1.0910640766040787,-0.17465665806518718,-0.007639468970290245,2.6006923081951605,-0.17506143791000725,-0.016654547821855464,0.14655858454194295,-0.32547544929775946,-0.002890313854018379,0.8951835038008615,-0.3190617784792585,-0.007331533505725295,-0.2666095362559749,-0.1716117570256556,0.0005577769094057871,-0.332087456854519,-0.1695530699138676,0.00097062130108779,-0.35781746344804516,-0.3152342530077885,0.00026950939951630196,-7.6,0.0,0.075,0.17,0.045
0.834,14.0,6.143459408105213e+17,2.5542382235288748,-0.33941912450694106,-0.01736193702500154,0.5838247814179982,-0.1319803726688847,-0.004348178440990815,1.141482990066795,-0.12937962761537103,-0.00767037653982225,2.6028900265434607,-0.33273068598173666,-0.017613709019384895,0.525560613049524,-0.1278275651196768,-0.003977307598998301,1.1288974158271714,-0.18033082926177899,-0.007906533619419776,2.568372278609129,-0.3287391857092665,-0.017382666783282746,0.47627756993564074,-0.17677731215378273,-0.003972917470054986,1.0833513200501865,-0.17465665806518718,-0.007594324408015595,2.6006880914249075,-0.17506143791000725,-0.016654522476631007,0.1368876104550072,-0.32547544929775946,-0.0028322042030382148,0.8873168349733026,-0.3190617784792585,-0.00728547169368072,-0.26864765843484195,-0.1716117570256556,0.0005699866753819158,-0.3328342325071999,-0.1695530699138676,0.0009752063216439085,-0.35548299465588784,-0.3152342530077885,0.0002554992626415399,-7.6,0.0,0.075,0.17,0.045
0.836,13.0,5.704648317087276e+17,2.5542372275408227,-0.33941912450694106,-0.017361944088214894,0.5749263832736217,-0.1319803726688847,-0.0042948309245212975,1.1337629826703797,-0.12937962761537103,-0.007625175706092996,2.602889913223817,-0.33273068598173666,-0.017613724275151184,0.5160660391785225,-0.1278275651196768,-0.003920329069015205,1.1201734379681234,-0.18033082926177899,-0.007855369470533701,2.5683718070072166,-0.3287391857092665,-0.017382668785910375,0.46717732801146045,-0.17677731215378273,-0.003918329292536541,1.0754507926983141,-0.17465665806518718,-0.007548047868692242,2.6006838820754044,-0.17506143791000725,-0.01665449717600949,0.12723121649514682,-0.32547544929775946,-0.0027741783585166,0.8792613255796075,-0.3190617784792585,-0.007238271680715367,-0.2706887904655422,-0.1716117570256556,0.0005822154084551182,-0.3335635246884706,-0.1695530699138676,0.000979686975559994,-0.35314955027711237,-0.3152342530077885,0.00024149244988859597,-7.6,0.0,0.075,0.17,0.045
0.838,13.0,5.7046482829578656e+17,2.554236083369258,-0.33941912450694106,-0.017361938112286583,0.5660198643100407,-0.1319803726688847,-0.0042414405356550385,1.1258570593832251,-0.12937962761537103,-0.007578855661714503,2.6028881921140776,-0.33273068598173666,-0.01761372359523332,0.5065730720695838,-0.1278275651196768,-0.003863361625789196,1.111253730684668,-0.18033082926177899,-0.007803025603379414,2.568371017830648,-0.3287391857092665,-0.017382665956298896,0.4580750539733274,-0.17677731215378273,-0.003863727840991459,1.06736333153358,-0.17465665806518718,-0.007500644704581008,2.600679680133599,-0.17506143791000725,-0.01665447191991247,0.1175900035318821,-0.32547544929775946,-0.002716239994757438,0.8710178693550438,-0.3190617784792585,-0.007189938624353196,-0.2727327795772926,-0.1716117570256556,0.0005944622006393195,-0.3342752473656727,-0.1695530699138676,0.0009840627286476181,-0.35081759980692734,-0.3152342530077885,0.00022749178361594312,-7.6,0.0,0.075,0.17,0.045
0.84,14.0,6.143470873855611e+17,2.5542356308565792,-0.33941912450694106,-0.017361931247257194,0.5571051249011206,-0.1319803726688847,-0.004188001421873553,1.1177660220420014,-0.12937962761537103,-0.007531420121991578,2.6028898831271747,-0.33273068598173666,-0.017613713268574884,0.4970784797528398,-0.1278275651196768,-0.0038064038231355635,1.1021387232816588,-0.18033082926177899,-0.007749507359678681,2.5683731098015175,-0.3287391857092665,-0.017382661221239486,0.4489688759359389,-0.17677731215378273,-0.003809114196762661,1.0590894722367277,-0.17465665806518718,-0.007452119937592603,2.6006754855864647,-0.17506143791000725,-0.01665444670826164,0.10796456090229822,-0.32547544929775946,-0.0026583927169778494,0.8625873940599658,-0.3190617784792585,-0.007140477887005814,-0.27477947157345795,-0.1716117570256556,0.000606726135309822,-0.33496931752914144,-0.1695530699138676,0.0009883330647108308,-0.3484876117530964,-0.3152342530077885,0.00021350008079483297,-7.6,0.0,0.075,0.17,0.045
0.842,13.0,5.704648209518679e+17,2.5542357389187496,-0.33941912450694106,-0.01736192853218112,0.5481827820402718,-0.1319803726688847,-0.004134512985420032,1.109490827464068,-0.12937962761537103,-0.007482873897944236,2.6028896521352847,-0.33273068598173666,-0.01761372341465347,0.487586798269795,-0.1278275651196768,-0.0037494362692350996,1.092830167405857,-0.18033082926177899,-0.007694817315260626,2.5683725824811288,-0.3287391857092665,-0.017382673773064704,0.4398634742985947,-0.17677731215378273,-0.00375447712853833,1.0506308519264898,-0.17465665806518718,-0.007402476781811489,2.600671298420993,-0.17506143791000725,-0.01665442154097883,0.09835546639635033,-0.32547544929775946,-0.002600640061200346,0.853970861350692,-0.3190617784792585,-0.007089895035235346,-0.2768287108458113,-0.1716117570256556,0.0006190062872868141,-0.3356456552158248,-0.1695530699138676,0.000992497485691643,-0.3461600535466483,-0.3152342530077885,0.00019952015247184728,-7.6,0.0,0.075,0.17,0.045
0.844,14.0,6.143470814317836e+17,2.554236301084208,-0.33941912450694106,-0.017361929180554143,0.5392534255117207,-0.1319803726688847,-0.00408097892825494,1.1010324614604854,-0.12937962761537103,-0.007433222730476634,2.6028901973991,-0.33273068598173666,-0.017613722028702126,0.47809651465301134,-0.1278275651196768,-0.0036924861803368306,1.0833288521778808,-0.18033082926177899,-0.007638965980005815,2.568371567982995,-0.3287391857092665,-0.017382670609142375,0.430757759803709,-0.17677731215378273,-0.0036998447187142646,1.041988204110873,-0.17465665806518718,-0.007351725059950061,2.6006671186242007,-0.17506143791000725,-0.016654396417986002,0.08876328624518748,-0.32547544929775946,-0.002542985494164659,0.8451692666438192,-0.3190617784792585,-0.007038195838979703,-0.2788803403891344,-0.1716117570256556,0.0006313017229209342,-0.33630418353226865,-0.1695530699138676,0.0009965555118117433,-0.3438353914528887,-0.3152342530077885,0.00018555480323315877,-7.6,0.0,0.075,0.17,0.045
0.846,13.0,5.7046482234807706e+17,2.5542372308731967,-0.33941912450694106,-0.017361932553546896,0.5303176212983143,-0.1319803726688847,-0.004027402789083633,1.0923919392967536,-0.12937962761537103,-0.007382472534455138,2.6028913710805286,-0.33273068598173666,-0.01761372530028502,0.46860824611648844,-0.1278275651196768,-0.003635544478636129,1.0736359536501097,-0.18033082926177899,-0.007581958088637958,2.568371831919264,-0.3287391857092665,-0.017382664522153566,0.4216509096152497,-0.17677731215378273,-0.00364521043174495,1.033162339996929,-0.17465665806518718,-0.007299869173056361,2.600662946183129,-0.17506143791000725,-0.01665437133920525,0.0791885751122481,-0.32547544929775946,-0.0024854324132576816,0.8361836389735566,-0.3190617784792585,-0.006985386270738467,-0.28093420181615614,-0.1716117570256556,0.0006436115001808728,-0.3369448286769613,-0.1695530699138676,0.0010005066817104064,-0.3415140904827316,-0.3152342530077885,0.00017160683067060124,-7.6,0.0,0.075,0.17,0.045
0.848,14.0,6.143459403237228e+17,2.554238458044555,-0.33941912450694106,-0.017361938132280826,0.5213759143539191,-0.1319803726688847,-0.003973787963803194,1.0835703060331323,-0.12937962761537103,-0.007330629401472748,2.6028901392036943,-0.33273068598173666,-0.01761373234237359,0.45912477570871807,-0.1278275651196768,-0.003578614867416991,1.0637530368522674,-0.18033082926177899,-0.007523800697471331,2.568371303931262,-0.3287391857092665,-0.01738266610577118,0.41254499039360437,-0.17677731215378273,-0.0035905693306141945,1.0241545715721958,-0.17465665806518718,-0.007246913988372697,2.6006587810848414,-0.17506143791000725,-0.01665434630455882,0.0696318760876749,-0.32547544929775946,-0.0024279841464600453,0.8270150408430466,-0.3190617784792585,-0.006931472504716891,-0.2829901353728263,-0.1716117570256556,0.0006559346687430033,-0.33756751996203144,-0.1695530699138676,0.0010043505525785623,-0.3391966143043676,-0.3152342530077885,0.0001576790248496587,-7.6,0.0,0.075,0.17,0.045
0.85,13.0,5.704648281137574e+17,2.5542375024281094,-0.33941912450694106,-0.017361945495308978,0.5124306501094931,-0.1319803726688847,-0.003920137722136823,1.0745689387008863,-0.12937962761537103,-0.007277699601891021,2.6028875116862347,-0.33273068598173666,-0.017613724951112585,0.449645826202052,-0.1278275651196768,-0.0035217140449703694,1.0536812036255088,-0.18033082926177899,-0.007464503196684278,2.568370469288962,-0.3287391857092665,-0.01738266293784317,0.4034401251525298,-0.17677731215378273,-0.0035359338152843225,1.0149659322172484,-0.17465665806518718,-0.007192867377824298,2.6006546233164216,-0.17506143791000725,-0.016654321313969093,0.06009372068546746,-0.32547544929775946,-0.0023706439523126063,0.8176645680686873,-0.3190617784792585,-0.00687646091593383,-0.2850479799539224,-0.1716117570256556,0.0006682702700830243,-0.3381721898342942,-0.1695530699138676,0.001008086700288983,-0.3368834251552864,-0.3152342530077885,0.0001437741677794745,-7.6,0.0,0.075,0.17,0.045
0.852,14.0,6.143470886536402e+17,2.5542363908313614,-0.33941912450694106,-0.017361939761610302,0.5034807811643155,-0.1319803726688847,-0.003866466136670267,1.06538868432167,-0.12937962761537103,-0.007223691397897545,2.602888468955217,-0.33273068598173666,-0.01761370918600783,0.4401681169055115,-0.1278275651196768,-0.003464840347930373,1.0434211007080414,-0.18033082926177899,-0.007404072197323726,2.5683725246626623,-0.3287391857092665,-0.01738265792998937,0.3943343768194393,-0.17677731215378273,-0.0034813046238378748,1.0055971568638151,-0.17465665806518718,-0.007137735541694614,2.600650472864978,-0.17506143791000725,-0.016654296367358573,0.0505746288437375,-0.32547544929775946,-0.0023134150198993618,0.8081333496181763,-0.3190617784792585,-0.006820358079287675,-0.28710757311898716,-0.1716117570256556,0.0006806173375696009,-0.33875877389563913,-0.1695530699138676,0.0010117147195225597,-0.33457498375467154,-0.3152342530077885,0.0001298950328849874,-7.6,0.0,0.075,0.17,0.045
0.854,13.0,5.704648253146785e+17,2.5542359645601147,-0.33941912450694106,-0.017361933092029817,0.4945261407987182,-0.1319803726688847,-0.0038127669229992014,1.0560305692240441,-0.12937962761537103,-0.007168609871622246,2.6028899765795295,-0.33273068598173666,-0.017613714929621722,0.43069440149151567,-0.1278275651196768,-0.0034079740921511303,1.0329743933744222,-0.18033082926177899,-0.0073425115798189215,2.5683719679426975,-0.3287391857092665,-0.017382670262231576,0.3852323838698939,-0.17677731215378273,-0.0034266701338393317,0.9960500691350508,-0.17465665806518718,-0.007081522889574014,2.600646329717642,-0.17506143791000725,-0.016654271464649914,0.04107510892790925,-0.32547544929775946,-0.0022563004688489815,0.7984225474419872,-0.3190617784792585,-0.006763170768584609,-0.2891687511085939,-0.1716117570256556,0.0006929748965599894,-0.3393272109227547,-0.1695530699138676,0.0010152342238906292,-0.33227174921618324,-0.3152342530077885,0.00011604438448129817,-7.6,0.0,0.075,0.17,0.045
0.856,14.0,6.143470803181866e+17,2.5542360937199056,-0.33941912450694106,-0.017361930534402336,0.4855672828694777,-0.1319803726688847,-0.0037590390808056174,1.0464957718045627,-0.12937962761537103,-0.007112461181036491,2.6028895969319654,-0.33273068598173666,-0.017613723975367597,0.42122697609288196,-0.1278275651196768,-0.003351131799667155,1.0223427053826148,-0.18033082926177899,-0.007279831335817207,2.568370757046097,-0.3287391857092665,-0.017382666921911785,0.37613312593558323,-0.17677731215378273,-0.00337205817614206,0.9863256189463273,-0.17465665806518718,-0.007024240363201428,2.600642193861566,-0.17506143791000725,-0.016654246605765897,0.03159565773696253,-0.32547544929775946,-0.0021993033493540124,0.7885333562985603,-0.3190617784792585,-0.006704905955527475,-0.2912313488609372,-0.1716117570256556,0.0007053419644976299,-0.33987744288618416,-0.1695530699138676,0.0010186448460533226,-0.3299741789611481,-0.3152342530077885,0.00010222497725036839,-7.6,0.0,0.075,0.17,0.045
0.858,13.0,5.7046482036986586e+17,2.5542366728054176,-0.33941912450694106,-0.01736193130936108,0.4766047341142823,-0.1319803726688847,-0.0037052859332301746,1.0367854984154785,-0.12937962761537103,-0.007055252396519602,2.60289002180881,-0.33273068598173666,-0.017613721697482213,0.41176425055786914,-0.1278275651196768,-0.003294327247275352,1.011527066789997,-0.18033082926177899,-0.0072160412078663624,2.568369382038904,-0.3287391857092665,-0.017382659656532184,0.36703668407530265,-0.17677731215378273,-0.0033174626285361955,0.9764249661005693,-0.17465665806518718,-0.006965893662069088,2.6006380652839263,-0.17506143791000725,-0.01665422179062944,0.022136760512597418,-0.32547544929775946,-0.002142426642208332,0.7784670035730156,-0.3190617784792585,-0.006645570808666913,-0.29329520002874593,-0.1716117570256556,0.0007177175510116897,-0.3404094149687074,-0.1695530699138676,0.0010219462378338994,-0.3276827286321712,-0.3152342530077885,8.84395557201576e-05,-7.6,0.0,0.075,0.17,0.045
0.86,13.0,5.7046482051745005e+17,2.554237616121735,-0.33941912450694106,-0.017361934783874152,0.4676389975673192,-0.1319803726688847,-0.0036515106406990023,1.0269009837674667,-0.12937962761537103,-0.006996990756185098,2.602891098110167,-0.33273068598173666,-0.01761372424674328,0.4023067741725538,-0.1278275651196768,-0.0032375508940652754,1.0005288880529715,-0.18033082926177899,-0.0071511473763106554,2.568371000100629,-0.3287391857092665,-0.017382651406489022,0.3579411069221081,-0.17677731215378273,-0.003262883977374512,0.9663489795742212,-0.17465665806518718,-0.006906489744994539,2.6006339439719204,-0.17506143791000725,-0.0166541970191636,0.012698890951330926,-0.32547544929775946,-0.0020856732588621415,0.76822474908942,-0.3190617784792585,-0.006585172692313645,-0.295360136996516,-0.1716117570256556,0.000730100658018542,-0.3409230755830439,-0.1695530699138676,0.001025138070329039,-0.3253978520071887,-0.3152342530077885,7.469085374629602e-05,-7.6,0.0,0.075,0.17,0.045
0.862,13.0,5.7046483043827283e+17,2.5542371549334955,-0.33941912450694106,-0.017361940443772057,0.4586718364676016,-0.1319803726688847,-0.0035977162214172235,1.0168437002178037,-0.12937962761537103,-0.006937683668297027,2.6028897875772734,-0.33273068598173666,-0.01761373070455142,0.39285727092552797,-0.1278275651196768,-0.0031808060357533838,0.9893499623429243,-0.18033082926177899,-0.007085158303888502,2.5683715695310974,-0.3287391857092665,-0.017382661114859373,0.34884989522312204,-0.17677731215378273,-0.0032083105144553453,0.9560994280917611,-0.17465665806518718,-0.006846033825836451,2.6006298299127697,-0.17506143791000725,-0.016654172291291566,0.0032825112194901727,-0.32547544929775946,-0.0020290460414945422,0.7578078849165768,-0.3190617784792585,-0.006523719165412071,-0.29742599089805954,-0.1716117570256556,0.0007424902798251623,-0.34141837638887135,-0.1695530699138676,0.001028220034015058,-0.32312000091397713,-0.3152342530077885,6.098159399640102e-05,-7.6,0.0,0.075,0.17,0.045
0.864,13.0,5.704648285325352e+17,2.5542357198633057,-0.33941912450694106,-0.01736193767664262,0.4497033467372872,-0.1319803726688847,-0.003543913254818918,1.0066148801289732,-0.12937962761537103,-0.006877339966999049,2.6028870966416173,-0.33273068598173666,-0.01761372284135406,0.3834153908971385,-0.1278275651196768,-0.0031241090162712286,0.9779916246867711,-0.18033082926177899,-0.007018084749628219,2.5683716238584986,-0.3287391857092665,-0.017382664531442184,0.33976306702707354,-0.17677731215378273,-0.003153763244261429,0.9456775602800813,-0.17465665806518718,-0.00678453651694169,2.6006257230937186,-0.17506143791000725,-0.016654147606936662,-0.006111928028840594,-0.32547544929775946,-0.0019725477631034978,0.7472177351675522,-0.3190617784792585,-0.006461217980375011,-0.29949259163436803,-0.1716117570256556,0.0007548854032344238,-0.34189527230915623,-0.1695530699138676,0.0010311918388500225,-0.3208496251451365,-0.3152342530077885,4.7314487437131736e-05,-7.6,0.0,0.075,0.17,0.045
0.866,13.0,5.7046483073433645e+17,2.5542350318525897,-0.33941912450694106,-0.01736192906622148,0.4407326424510894,-0.1319803726688847,-0.0034901023164370317,0.9962156274506788,-0.12937962761537103,-0.0068159670464660645,2.6028909165491907,-0.33273068598173666,-0.01761370669574012,0.3739755584054937,-0.1278275651196768,-0.0030674577361008916,0.9664544075972145,-0.18033082926177899,-0.006949934723691301,2.568370926142502,-0.3287391857092665,-0.017382664857406593,0.33068121845595316,-0.17677731215378273,-0.0030992422750851377,0.9350847469047986,-0.17465665806518718,-0.006722005310071611,2.600621623502032,-0.17506143791000725,-0.016654122966022356,-0.015483987630783168,-0.32547544929775946,-0.0019161811276135132,0.7364556557934204,-0.3190617784792585,-0.006397677081880864,-0.3015597678917854,-0.1716117570256556,0.0007672850076522747,-0.34235372154579063,-0.1695530699138676,0.0010340532143717318,-0.3185871723735634,-0.3152342530077885,3.3692232824087844e-05,-7.6,0.0,0.075,0.17,0.045
0.868,13.0,5.704648274205684e+17,2.554234949414552,-0.33941912450694106,-0.017361924938157185,0.43176023319952594,-0.1319803726688847,-0.0034362780907198445,0.9856473052365171,-0.12937962761537103,-0.006753571530396299,2.60289183725722,-0.33273068598173666,-0.017613729615185564,0.36454530038398864,-0.1278275651196768,-0.003010818741151023,0.9547409697955492,-0.18033082926177899,-0.006880711421153961,2.56836995415569,-0.3287391857092665,-0.01738266067111061,0.3216043903235454,-0.17677731215378273,-0.0030447511836584154,0.9243223047738186,-0.17465665806518718,-0.006658448429819915,2.600617531124997,-0.17506143791000725,-0.016654098368472238,-0.024833239890994854,-0.32547544929775946,-0.0018599487700018578,0.7255230343699701,-0.3190617784792585,-0.006333104605636074,-0.3036273471604888,-0.1716117570256556,0.0007796880651967789,-0.34279368559453177,-0.1695530699138676,0.0010368039097915383,-0.3163330880684312,-0.3152342530077885,2.0117516194649187e-05,-7.6,0.0,0.075,0.17,0.045
0.87,13.0,5.704648151892394e+17,2.554235357627855,-0.33941912450694106,-0.017361924443528957,0.42278659986818196,-0.1319803726688847,-0.0033824436352104643,0.974911303072482,-0.12937962761537103,-0.006690161597111328,2.602888345246579,-0.33273068598173666,-0.01761373513943374,0.35512614746302396,-0.1278275651196768,-0.0029542371930219927,0.9428530465252555,-0.18033082926177899,-0.006810430794343969,2.5683718984811703,-0.3287391857092665,-0.01738265483918974,0.3125305527045893,-0.17677731215378273,-0.0029902902148639687,0.9133912552023804,-0.17465665806518718,-0.006593873777034035,2.6006134459499246,-0.17506143791000725,-0.016654073814210028,-0.03415926855489836,-0.32547544929775946,-0.0018038532564405877,0.7144212898788648,-0.3190617784792585,-0.006267508877095372,-0.305695155753273,-0.1716117570256556,0.0007920935408089992,-0.34321512925923936,-0.1695530699138676,0.001039443694083985,-0.3140878154116934,-0.3152342530077885,6.593010363856066e-06,-7.6,0.0,0.075,0.17,0.045
0.872,13.0,5.7046482617941434e+17,2.5542361631493,-0.33941912450694106,-0.017361926892808778,0.41381219838980643,-0.1319803726688847,-0.0033286018352224,0.9640090374881264,-0.12937962761537103,-0.006625745584127118,2.6028885815345926,-0.33273068598173666,-0.017613714187369893,0.3457122949929309,-0.1278275651196768,-0.0028977222754962046,0.9307912397045851,-0.18033082926177899,-0.0067391032547222075,2.5683727318529317,-0.3287391857092665,-0.01738266650514262,0.3034631550671573,-0.17677731215378273,-0.002935847189150232,0.9022935141013316,-0.17465665806518718,-0.0065282874796054055,2.6006093679641475,-0.17506143791000725,-0.016654049303159592,-0.043461668779160426,-0.32547544929775946,-0.0017478970844571665,0.7031518724822137,-0.3190617784792585,-0.00620089841014874,-0.3077630188246358,-0.1716117570256556,0.0008045003923657045,-0.3436180206654071,-0.1695530699138676,0.0010419723560722307,-0.31185179521512635,-0.3152342530077885,-6.878625576570707e-06,-7.6,0.0,0.075,0.17,0.045
0.874,14.0,6.143470825800072e+17,2.554237290162811,-0.33941912450694106,-0.017361931725937446,0.4048374628023733,-0.1319803726688847,-0.003274755426352147,0.9529419522425819,-0.12937962761537103,-0.0065603319906209845,2.602889504950543,-0.33273068598173666,-0.017613715605097974,0.3363064136773578,-0.1278275651196768,-0.002841239160675646,0.9185575307968299,-0.18033082926177899,-0.006666732413798185,2.5683713394943144,-0.3287391857092665,-0.01738267150537319,0.29440342172742556,-0.17677731215378273,-0.0028814428033256405,0.8910306788602144,-0.17465665806518718,-0.006461701032999113,2.6006052971550213,-0.17506143791000725,-0.01665402483524493,-0.05274004709923927,-0.32547544929775946,-0.0016920826831115943,0.691716263291237,-0.3190617784792585,-0.006133281905768832,-0.30983076039016033,-0.1716117570256556,0.0008169075707938813,-0.34400233127298413,-0.1695530699138676,0.001044389704509237,-0.309625465837928,-0.3152342530077885,-2.0294746755972982e-05,-7.6,0.0,0.075,0.17,0.045
0.876,14.0,6.143459295400319e+17,2.554238677088947,-0.33941912450694106,-0.017361938488018515,0.39586280774340843,-0.1319803726688847,-0.0032209070128275483,0.9417115185081261,-0.12937962761537103,-0.006493929479147719,2.602890984247388,-0.33273068598173666,-0.01761372114559368,0.3269089556896752,-0.1278275651196768,-0.002784803872782208,0.9061535815025054,-0.18033082926177899,-0.006593330160351653,2.5683712974012654,-0.3287391857092665,-0.017382663151221483,0.2853489985150373,-0.17677731215378273,-0.0028270844032872496,0.8796038156094593,-0.17465665806518718,-0.00639412402155241,2.6006012335099222,-0.17506143791000725,-0.016654000410390172,-0.06199402139413097,-0.32547544929775946,-0.0016364124131911214,0.6801159741287105,-0.3190617784792585,-0.0060646682506229725,-0.3118982033461911,-0.1716117570256556,0.0008293140201870284,-0.34436803588848275,-0.1695530699138676,0.0010466955681546993,-0.30740926310488786,-0.3152342530077885,-3.365272301916311e-05,-7.6,0.0,0.075,0.17,0.045
0.878,14.0,6.143470785045596e+17,2.55423785079567,-0.33941912450694106,-0.01736194680957533,0.3868904656995265,-0.1319803726688847,-0.003167059082473759,0.9303195289213865,-0.12937962761537103,-0.006426546876740983,2.6028905807735168,-0.33273068598173666,-0.017613730021374747,0.31752211742931946,-0.1278275651196768,-0.002728419124856112,0.8935813607720637,-0.18033082926177899,-0.006518906464585706,2.568372161643013,-0.3287391857092665,-0.01738266289866319,0.27630058129042656,-0.17677731215378273,-0.0027727578640129205,0.8680145001116223,-0.17465665806518718,-0.00632556284204788,2.6005971770162506,-0.17506143791000725,-0.016653976028519576,-0.07122322084825349,-0.32547544929775946,-0.001580888567421771,0.6683525472854671,-0.3190617784792585,-0.005995066515647815,-0.31396516948980036,-0.1716117570256556,0.0008417186779232132,-0.3447151126763688,-0.1695530699138676,0.001048889795847691,-0.3052036202251453,-0.3152342530077885,-4.694993941740389e-05,-7.6,0.0,0.075,0.17,0.045
0.88,14.0,6.143470812003176e+17,2.5542368438032237,-0.33941912450694106,-0.017361941851815665,0.37791924795504195,-0.1319803726688847,-0.0031132250302104672,0.9187672582618333,-0.12937962761537103,-0.006358194939220545,2.6028909854915128,-0.33273068598173666,-0.01761372760053152,0.3081441858341799,-0.1278275651196768,-0.0026720980952939775,0.8808422528680204,-0.18033082926177899,-0.006443473140203056,2.5683706343603907,-0.3287391857092665,-0.017382668084113675,0.267261031067136,-0.17677731215378273,-0.002718467360665256,0.8562646770029211,-0.17465665806518718,-0.006256026949060857,2.600593127661427,-0.17506143791000725,-0.016653951689557547,-0.08042728591053569,-0.32547544929775946,-0.0015255133706970358,0.6564275552708223,-0.3190617784792585,-0.005924485954588354,-0.3160314795390406,-0.1716117570256556,0.0008541204747848686,-0.34504354316973096,-0.1695530699138676,0.0010509722565750072,-0.30300896771155056,-0.3152342530077885,-6.018379669585927e-05,-7.6,0.0,0.075,0.17,0.045
0.882,13.0,5.704648244584941e+17,2.5542365020581683,-0.33941912450694106,-0.01736193580986099,0.3689488555293327,-0.1319803726688847,-0.00305939772374356,0.9070561538660158,-0.12937962761537103,-0.006288881315263226,2.6028891309661617,-0.33273068598173666,-0.017613730028839494,0.2987778181263344,-0.1278275651196768,-0.0026158305057231404,0.8679383612465915,-0.18033082926177899,-0.006367038492778796,2.568369003082548,-0.3287391857092665,-0.017382658920417942,0.2582289438047829,-0.17677731215378273,-0.0026642300593255125,0.844355654974368,-0.17465665806518718,-0.0061855280104086505,2.6005890854328966,-0.17506143791000725,-0.016653927393428608,-0.0896058682506258,-0.32547544929775946,-0.0014702889803233426,0.6443426005574447,-0.3190617784792585,-0.005852936002500485,-0.31809695315348036,-0.1716117570256556,0.00086651833508031,-0.3453533122802263,-0.1695530699138676,0.0010529428395351802,-0.3008257333006454,-0.3152342530077885,-7.335171177742772e-05,-7.6,0.0,0.075,0.17,0.045
0.884,13.0,5.704648252024797e+17,2.5542366994365775,-0.33941912450694106,-0.017361933759390658,0.3599797173926807,-0.1319803726688847,-0.0030055753691893045,0.8951878090638856,-0.12937962761537103,-0.00621861468888832,2.6028883516882844,-0.33273068598173666,-0.01761371890168739,0.28942078884459943,-0.1278275651196768,-0.0025596322994760673,0.8548710546179226,-0.18033082926177899,-0.006289615143050224,2.568370413687816,-0.3287391857092665,-0.017382649132750887,0.2492022508567925,-0.17677731215378273,-0.0026100375357513937,0.8322886698234705,-0.17465665806518718,-0.006114073878237331,2.600585050318124,-0.17506143791000725,-0.016653903140057425,-0.09875863071246137,-0.32547544929775946,-0.0014152174862828019,0.6320993153196713,-0.3190617784792585,-0.005780426274220219,-0.32016140895501866,-0.1716117570256556,0.0008789111767669486,-0.3456444083072981,-0.1695530699138676,0.0010548014541981524,-0.29865434187327794,-0.3152342530077885,-8.645111824285879e-05,-7.6,0.0,0.075,0.17,0.045
0.886,14.0,6.143470830966499e+17,2.5542373334958004,-0.33941912450694106,-0.017361934943661114,0.35101223618169297,-0.1319803726688847,-0.0029517605403693923,0.8831638422171552,-0.12937962761537103,-0.006147404620075539,2.6028884525325755,-0.33273068598173666,-0.017613714226020125,0.28007355000668394,-0.1278275651196768,-0.0025034901237856576,0.8416421523756805,-0.18033082926177899,-0.006211211303278209,2.568372455230746,-0.3287391857092665,-0.017382657596382495,0.24018311173808476,-0.17677731215378273,-0.002555877378063452,0.8200656454660308,-0.17465665806518718,-0.0060416719673319465,2.600581022304597,-0.17506143791000725,-0.016653878929368787,-0.10788524726502505,-0.32547544929775946,-0.0013603009115117884,0.6196993611662102,-0.3190617784792585,-0.005706966562793579,-0.32222466454897486,-0.1716117570256556,0.0008912979115761784,-0.34591682294666365,-0.1695530699138676,0.001056548030360583,-0.2964952153758678,-0.3152342530077885,-9.947946680706344e-05,-7.6,0.0,0.075,0.17,0.045
0.888,14.0,6.143459345764461e+17,2.5542383210286097,-0.33941912450694106,-0.017361938748016448,0.34204679158599544,-0.1319803726688847,-0.0028979556531034665,0.8709858970080087,-0.12937962761537103,-0.006075260818995157,2.6028892663295458,-0.33273068598173666,-0.017613714831085873,0.2707365224173771,-0.1278275651196768,-0.0024474066907581643,0.8282534999178807,-0.18033082926177899,-0.006131837889824757,2.5683704145358277,-0.3287391857092665,-0.01738266984564008,0.23117543453552766,-0.17677731215378273,-0.002501762543351205,0.8076888061970837,-0.17465665806518718,-0.0059683338211873075,2.6005770013798246,-0.17506143791000725,-0.016653854761287626,-0.11698540295027356,-0.32547544929775946,-0.0013055412121964064,0.6071444288674513,-0.3190617784792585,-0.005632566837872812,-0.3242865365454498,-0.1716117570256556,0.0009036774451399156,-0.34617055129806884,-0.1695530699138676,0.0010581825181967765,-0.29434877274233595,-0.3152342530077885,-0.00011243422579152418,-7.6,0.0,0.075,0.17,0.045
0.89,13.0,5.704648210513755e+17,2.5542371713311636,-0.33941912450694106,-0.017361944673213305,0.3330855839040182,-0.1319803726688847,-0.002844162985529281,0.8586559337825456,-0.12937962761537103,-0.006002193147740279,2.602890657024946,-0.33273068598173666,-0.017613719713867694,0.26141009372522966,-0.1278275651196768,-0.0023913845252223234,0.814706967763975,-0.18033082926177899,-0.006051505975077958,2.5683698349180966,-0.3287391857092665,-0.017382657601470564,0.22217529136914915,-0.17677731215378273,-0.0024477164801358624,0.7951591892888691,-0.17465665806518718,-0.0058940727855736254,2.6005729875313395,-0.17506143791000725,-0.01665383063573899,-0.12605879382851568,-0.32547544929775946,-0.0012509402780849154,0.5944362380761589,-0.3190617784792585,-0.005557237244080259,-0.3263468405809546,-0.1716117570256556,0.0009160486771187653,-0.3464055918723069,-0.1695530699138676,0.0010597048883052075,-0.29221542981671506,-0.3152342530077885,-0.00012531288159271537,-7.6,0.0,0.075,0.17,0.045
0.892,13.0,5.7046481756631706e+17,2.55423590265762,-0.33941912450694106,-0.01736193777502863,0.32412737966277766,-0.1319803726688847,-0.0027903957394374177,0.8461753982433112,-0.12937962761537103,-0.0059282133683875,2.6028901820542973,-0.33273068598173666,-0.017613728058040096,0.25209640075348333,-0.1278275651196768,-0.002335425953069439,0.8010047289234278,-0.18033082926177899,-0.005970226782154524,2.568372097177258,-0.3287391857092665,-0.01738265412376418,0.21318192136986686,-0.17677731215378273,-0.0023937156211375913,0.782478352760289,-0.17465665806518718,-0.005818895084124338,2.600568980746695,-0.17506143791000725,-0.01665380655264808,-0.13510512692092003,-0.32547544929775946,-0.0011964999328154626,0.5815765370433088,-0.3190617784792585,-0.005480988099332505,-0.3284053913403025,-0.1716117570256556,0.000928410501331794,-0.346621946597499,-0.1695530699138676,0.0010611151317506359,-0.29009559927645484,-0.3152342530077885,-0.00013811293914644073,-7.6,0.0,0.075,0.17,0.045
0.894,13.0,5.704648198202406e+17,2.554235349366126,-0.33941912450694106,-0.017361930162987368,0.31517183617196964,-0.1319803726688847,-0.002736646513989974,0.8335459053437916,-0.12937962761537103,-0.005853330155152094,2.6028905291952067,-0.33273068598173666,-0.017613725208216205,0.24279365913353834,-0.1278275651196768,-0.002279543795238961,0.7871483753495601,-0.18033082926177899,-0.005888013349111241,2.5683731880417318,-0.3287391857092665,-0.017382667697319148,0.20419867455366106,-0.17677731215378273,-0.0023397554011418977,0.7696485190231509,-0.17465665806518718,-0.0057428100649528566,2.6005649810134654,-0.17506143791000725,-0.016653782511940215,-0.1441241201494379,-0.32547544929775946,-0.0011422219342610365,0.5685671023277715,-0.3190617784792585,-0.005403829893135404,-0.3304620025787606,-0.1716117570256556,0.0009407618058878814,-0.34681962082463413,-0.1695530699138676,0.0010624132601017885,-0.2879896905564372,-0.3152342530077885,-0.00015083192238800203,-7.6,0.0,0.075,0.17,0.045
0.896,13.0,5.7046482401960237e+17,2.5542353759180343,-0.33941912450694106,-0.017361926843238402,0.30621933957033176,-0.1319803726688847,-0.0026829132530451264,0.8207692130360741,-0.12937962761537103,-0.005777553197754976,2.6028915420766583,-0.33273068598173666,-0.01761372729106166,0.23350224366446926,-0.1278275651196768,-0.0022237273455192907,0.7731398647227735,-0.18033082926177899,-0.005804875227668035,2.5683703641654407,-0.3287391857092665,-0.017382674242505988,0.19522792258370386,-0.17677731215378273,-0.002285855920244663,0.7566717872191774,-0.17465665806518718,-0.0056658310625300285,2.600560988319249,-0.17506143791000725,-0.016653758513540836,-0.15311550227396326,-0.32547544929775946,-0.0010881079748899293,0.555409738501049,-0.3190617784792585,-0.005325773284842181,-0.3325164871444568,-0.1716117570256556,0.0009531014733186302,-0.3469986233323661,-0.1695530699138676,0.0010635993054645993,-0.2858981097737158,-0.3152342530077885,-0.0001634673747081079,-7.6,0.0,0.075,0.17,0.045
0.898,13.0,5.70464827818507e+17,2.5542358722234675,-0.33941912450694106,-0.017361927002549852,0.29727024859594203,-0.1319803726688847,-0.002629198273435299,0.8078471024599494,-0.12937962761537103,-0.00570089304390867,2.602890179777266,-0.33273068598173666,-0.01761373336835037,0.2242247220852012,-0.1278275651196768,-0.0021679788527048764,0.7589815234991136,-0.18033082926177899,-0.005720824163907315,2.5683691500671384,-0.3287391857092665,-0.017382657299248244,0.1862657112051812,-0.17677731215378273,-0.0022320314084249195,0.7435493077088143,-0.17465665806518718,-0.0055879706717061875,2.600557002651663,-0.17506143791000725,-0.016653734557375538,-0.16207901282705722,-0.32547544929775946,-0.0010341596821427771,0.5421062778451344,-0.3190617784792585,-0.005246829101881845,-0.33456865700103766,-0.1716117570256556,0.0009654283807128073,-0.3471589663310658,-0.1695530699138676,0.001064673320510991,-0.2838212596529946,-0.3152342530077885,-0.00017601685940443613,-7.6,0.0,0.075,0.17,0.045
0.9,13.0,5.7046482423873894e+17,2.5542367488636426,-0.33941912450694106,-0.01736192998038245,0.28832489824970614,-0.1319803726688847,-0.0025755037275889603,0.7947813782345722,-0.12937962761537103,-0.0056233603804519226,2.6028874465612737,-0.33273068598173666,-0.017613725194554015,0.2149605642023503,-0.1278275651196768,-0.0021123137232292684,0.7446752271570392,-0.18033082926177899,-0.005635874116565356,2.5683708985913394,-0.3287391857092665,-0.01738265001465843,0.17731126423133803,-0.17677731215378273,-0.0021782581401537837,0.7302827496040307,-0.17465665806518718,-0.005509235794644009,2.60055302399835,-0.17506143791000725,-0.016653710643370023,-0.17101440204574883,-0.32547544929775946,-0.0009803786188242135,0.5286585800469769,-0.3190617784792585,-0.005167008337946357,-0.33661832325057395,-0.1716117570256556,0.0009777413998522924,-0.3473006654661269,-0.1695530699138676,0.0010656353785031892,-0.28175953945285914,-0.3152342530077885,-0.0001884779601287635,-7.6,0.0,0.075,0.17,0.045
0.902,13.0,5.704648227875245e+17,2.5542379332101404,-0.33941912450694106,-0.017361935240223503,0.27938360278693214,-0.1319803726688847,-0.002521831625511545,0.7815738686341084,-0.12937962761537103,-0.005544966035099659,2.6028912319106907,-0.33273068598173666,-0.017613708795258063,0.20570397311296906,-0.1278275651196768,-0.0020567287759321626,0.7302220642548369,-0.18033082926177899,-0.005550036338512909,2.568371573761156,-0.3287391857092665,-0.017382660505803636,0.16836791716674718,-0.17677731215378273,-0.0021245314583107247,0.7168744423188048,-0.17465665806518718,-0.005429636446015307,2.6005490523469716,-0.17506143791000725,-0.016653686771450144,-0.17992143080108935,-0.32547544929775946,-0.0009267662835120637,0.515068531885114,-0.3190617784792585,-0.005086322151157413,-0.3386652961567085,-0.1716117570256556,0.0009900393973495101,-0.34742373982052305,-0.1695530699138676,0.001066485573313556,-0.2797133448927753,-0.3152342530077885,-0.00020084828132957622,-7.6,0.0,0.075,0.17,0.045
0.904,13.0,5.704648205301992e+17,2.5542376671441085,-0.33941912450694106,-0.01736194234630249,0.2704479529898126,-0.1319803726688847,-0.002468183852734901,0.7682266278194242,-0.12937962761537103,-0.005465720977496876,2.602892124346744,-0.33273068598173666,-0.017613731507354565,0.1964623572707344,-0.1278275651196768,-0.002001189229395875,0.7156251932644979,-0.18033082926177899,-0.005463317361099696,2.5683717137524518,-0.3287391857092665,-0.017382664556822535,0.15943549899080753,-0.17677731215378273,-0.0020708713759231795,0.7033262028904098,-0.17465665806518718,-0.005349186602303952,2.6005450876852123,-0.17506143791000725,-0.016653662941541875,-0.18879987052490285,-0.32547544929775946,-0.0008733241109800206,0.5013380469126131,-0.3190617784792585,-0.0050047818621862345,-0.3407093851680431,-0.1716117570256556,0.0010023212347863174,-0.3475282119166148,-0.1695530699138676,0.0010672240194399328,-0.2776830680808688,-0.3152342530077885,-0.00021312544869007944,-7.6,0.0,0.075,0.17,0.045
0.906,13.0,5.7046481384728045e+17,2.5542363899081733,-0.33941912450694106,-0.0173619407499063,0.26151785711708064,-0.1319803726688847,-0.0024145699539521843,0.7547414736461214,-0.12937962761537103,-0.005385637532608772,2.602888609181513,-0.33273068598173666,-0.017613736861970885,0.187237083918783,-0.1278275651196768,-0.0019457395343424673,0.7008868666609565,-0.18033082926177899,-0.005375736135157662,2.568371085399569,-0.3287391857092665,-0.01738266539677031,0.150514421280413,-0.17677731215378273,-0.0020172768668675414,0.689639963854231,-0.17465665806518718,-0.005267897165733582,2.6005411300007775,-0.17506143791000725,-0.016653639153571317,-0.19764950313407859,-0.32547544929775946,-0.0008200534726371397,0.4874690651340154,-0.3190617784792585,-0.00492239895235123,-0.34275039894175957,-0.1716117570256556,0.0010145857688543252,-0.34761410771720613,-0.1695530699138676,0.0010678508520164834,-0.27566909744249973,-0.3152342530077885,-0.00022530710956151834,-7.6,0.0,0.075,0.17,0.045
0.908,13.0,5.7046482412248595e+17,2.5542358294429883,-0.33941912450694106,-0.017361933086490686,0.2525922334340656,-0.1319803726688847,-0.002360989378715792,0.7411200954408323,-0.12937962761537103,-0.005304726607568955,2.602888826481045,-0.33273068598173666,-0.017613715770979498,0.17802213266278358,-0.1278275651196768,-0.0018903878942307586,0.6860082247481736,-0.18033082926177899,-0.005287306175536413,2.5683701695395533,-0.3287391857092665,-0.01738266162665301,0.14160453957419997,-0.17677731215378273,-0.0019637504006051743,0.6758175996083122,-0.17465665806518718,-0.0051857797315165086,2.6005371792813947,-0.17506143791000725,-0.016653615407464708,-0.20647012095233386,-0.32547544929775946,-0.0007669556769820852,0.4734635526771737,-0.3190617784792585,-0.004839185061679643,-0.3447881453674707,-0.1716117570256556,0.0010268318514966238,-0.3476814566258475,-0.1695530699138676,0.0010683662268200314,-0.27367181764964527,-0.3152342530077885,-0.00023739093339173267,-7.6,0.0,0.075,0.17,0.045
0.91,13.0,5.7046482074869997e+17,2.5542358499497624,-0.33941912450694106,-0.017361929723699578,0.24367141276813659,-0.1319803726688847,-0.0023074356366177017,0.7273644286791968,-0.12937962761537103,-0.005222998338337221,2.6028897343002275,-0.33273068598173666,-0.01761371707477669,0.16882002067339896,-0.1278275651196768,-0.0018350981866947624,0.6709917511860133,-0.18033082926177899,-0.0051980343240597155,2.5683721592435576,-0.3287391857092665,-0.01738265613149292,0.1327036259882979,-0.17677731215378273,-0.0019102911103678964,0.6618606907042585,-0.17465665806518718,-0.005102845546040996,2.600533235514814,-0.17506143791000725,-0.016653591703148413,-0.21526152662943326,-0.32547544929775946,-0.0007140319700725536,0.45932350146028733,-0.3190617784792585,-0.004755151986938593,-0.34682243159129744,-0.1716117570256556,0.0010390583300508907,-0.34773029148638596,-0.1695530699138676,0.0010687703202718795,-0.2716916095511037,-0.3152342530077885,-0.0002493746121488595,-7.6,0.0,0.075,0.17,0.045
0.912,13.0,5.704648128863177e+17,2.554236341127312,-0.33941912450694106,-0.01736192984674022,0.23475569892916032,-0.1319803726688847,-0.0022539107126221276,0.7134764298852456,-0.12937962761537103,-0.005140464337767407,2.6028888689248637,-0.33273068598173666,-0.017613722521691785,0.15963281549634017,-0.1278275651196768,-0.0017798855147584545,0.6558398861923789,-0.18033082926177899,-0.0051079354826867535,2.5683730292674416,-0.3287391857092665,-0.017382668069716944,0.12381496884281061,-0.17677731215378273,-0.001856885628852484,0.647771689049574,-0.17465665806518718,-0.005019104092616674,2.6005292986888056,-0.17506143791000725,-0.016653568040548926,-0.2240235330580259,-0.32547544929775946,-0.0006612835360099572,0.44505092885306974,-0.3190617784792585,-0.004670311679637275,-0.34885306404016664,-0.1716117570256556,0.001051264047393851,-0.34776064858176076,-0.1695530699138676,0.0010690633294351101,-0.26972885010353387,-0.3152342530077885,-0.00026125586074010875,-7.6,0.0,0.075,0.17,0.045
0.914,13.0,5.704648180772181e+17,2.5542372133852167,-0.33941912450694106,-0.01736193279380552,0.22584537240935312,-0.1319803726688847,-0.00220041642958827,0.6994580768829981,-0.12937962761537103,-0.0050571363450037,2.6028912327541067,-0.33273068598173666,-0.0176137173294396,0.15045686540226677,-0.1278275651196768,-0.001724762283696102,0.6405542170577557,-0.18033082926177899,-0.005017024292724948,2.5683700265425164,-0.3287391857092665,-0.01738267328986025,0.11494087477470544,-0.17677731215378273,-0.00180355368597956,0.6335529213034119,-0.17465665806518718,-0.004934570082688567,2.600525368791161,-0.17506143791000725,-0.016653544419592877,-0.23275596328798484,-0.32547544929775946,-0.0006087114974384014,0.43064787733331583,-0.3190617784792585,-0.004584676243993969,-0.35087984844632647,-0.1716117570256556,0.0010634478420870662,-0.3477725676320435,-0.1695530699138676,0.001069245472007359,-0.26778391230334175,-0.3152342530077885,-0.0002730324174255279,-7.6,0.0,0.075,0.17,0.045
0.916,14.0,6.143459310437743e+17,2.5542383939556403,-0.33941912450694106,-0.017361938027352947,0.2169406934068421,-0.1319803726688847,-0.002146954470469427,0.685311368933693,-0.12937962761537103,-0.004973026226990215,2.602888632020846,-0.33273068598173666,-0.01761373151241506,0.14129860587730075,-0.1278275651196768,-0.0016697065831316614,0.6251379057376978,-0.18033082926177899,-0.004925310277917209,2.5683686676936883,-0.3287391857092665,-0.017382655273510697,0.10607731083334275,-0.17677731215378273,-0.0017503091215709291,0.6192057687113437,-0.17465665806518718,-0.0048492574762115945,2.600521445809693,-0.17506143791000725,-0.01665352084020701,-0.24145865043832684,-0.32547544929775946,-0.0005563169160586477,0.41611641413863487,-0.3190617784792585,-0.004498257934875446,-0.35290258987207396,-0.1716117570256556,0.0010756085485240253,-0.3477660917917229,-0.1695530699138676,0.0010693169863090555,-0.26585716511942814,-0.3152342530077885,-0.00028470204422668054,-7.6,0.0,0.075,0.17,0.045
0.918,13.0,5.7046482539962157e+17,2.554237400615341,-0.33941912450694106,-0.01736194511077549,0.20804375498830127,-0.1319803726688847,-0.0020935263964543607,0.6710386129951857,-0.12937962761537103,-0.004888145979294384,2.6028901622851794,-0.33273068598173666,-0.017613715908015495,0.13215123365366083,-0.1278275651196768,-0.0016147570259818654,0.6095921087345807,-0.18033082926177899,-0.004832812409996861,2.56837029915543,-0.3287391857092665,-0.01738264712041773,0.0972234283954392,-0.17677731215378273,-0.001697127737922753,0.6047321248118003,-0.17465665806518718,-0.004763174560659185,2.6005175297322367,-0.17506143791000725,-0.0166534973023182,-0.2501314376067946,-0.32547544929775946,-0.0005041007931565957,0.40145863091259,-0.3190617784792585,-0.00441106915570736,-0.35492109273469047,-0.1716117570256556,0.0010877449970785101,-0.3477412676462333,-0.1695530699138676,0.0010692781312671318,-0.263948973426809,-0.3152342530077885,-0.0002962625273301622,-7.6,0.0,0.075,0.17,0.045
0.92,14.0,6.143470807482171e+17,2.5542362585053797,-0.33941912450694106,-0.017361939150733693,0.1991532002324805,-0.1319803726688847,-0.002040144765943116,0.6566416064173625,-0.12937962761537103,-0.00480250944366334,2.6028921423271023,-0.33273068598173666,-0.017613725089601497,0.12301771596919137,-0.1278275651196768,-0.0015598727926400258,0.593919505197609,-0.18033082926177899,-0.0047395376279781585,2.5683725196771485,-0.3287391857092665,-0.01738265690918818,0.08838124130867556,-0.17677731215378273,-0.0016440044432953316,0.5901343448659744,-0.17465665806518718,-0.0046763326972619245,2.600513620546649,-0.17506143791000725,-0.016653473805853466,-0.2587741777770493,-0.32547544929775946,-0.000452064070145789,0.386676643346351,-0.3190617784792585,-0.004323122456351091,-0.3569351608315811,-0.1716117570256556,0.0010998560142542093,-0.34769814520772657,-0.1695530699138676,0.0010691291863941944,-0.2620596979411216,-0.3152342530077885,-0.00030771167748587703,-7.6,0.0,0.075,0.17,0.045
0.922,13.0,5.7046482373553485e+17,2.554235807577825,-0.33941912450694106,-0.017361932298073927,0.1902685699208467,-0.1319803726688847,-0.0019868014374081915,0.6421223090656445,-0.12937962761537103,-0.004716127404196401,2.6028915630609477,-0.33273068598173666,-0.017613736969853033,0.11390049780806602,-0.1278275651196768,-0.001505071686533209,0.5781227185575698,-0.18033082926177899,-0.004645502006756328,2.5683706239564077,-0.3287391857092665,-0.01738267023231849,0.07955452097659206,-0.17677731215378273,-0.0015909513207747498,0.5754150761801026,-0.17465665806518718,-0.0045887460175869695,2.6005097182408083,-0.17506143791000725,-0.016653450350739937,-0.26738673372349314,-0.32547544929775946,-0.0004002076291242609,0.3717725908160841,-0.3190617784792585,-0.004234430530953657,-0.3589445973656129,-0.1716117570256556,0.001111940422835553,-0.34763677791008796,-0.1695530699138676,0.001068870451763154,-0.2601896951540281,-0.3152342530077885,-0.00031904733040000145,-7.6,0.0,0.075,0.17,0.045
0.924,13.0,5.70464820475478e+17,2.554235916838325,-0.33941912450694106,-0.017361929592508596,0.18139013938921336,-0.1319803726688847,-0.0019334936555383884,0.6274828174920946,-0.12937962761537103,-0.004629011620086093,2.6028894630245345,-0.33273068598173666,-0.017613733494256104,0.10479891668330511,-0.1278275651196768,-0.0014503683775664569,0.5622039209933067,-0.18033082926177899,-0.004550721286916093,2.568370161700719,-0.3287391857092665,-0.017382658857994046,0.07073917498931578,-0.17677731215378273,-0.0015379909987822487,0.5605757888840129,-0.17465665806518718,-0.004500430405471738,2.6005058228026128,-0.17506143791000725,-0.016653426936904893,-0.2759689779138541,-0.32547544929775946,-0.0003485322934455979,0.3567486360146953,-0.3190617784792585,-0.004145006215772055,-0.3609492049706478,-0.1716117570256556,0.001123997042039744,-0.34755722260319527,-0.1695530699138676,0.0010685022479773223,-0.25833931726952913,-0.3152342530077885,-0.00033026734712256233,-7.6,0.0,0.075,0.17,0.045
0.926,14.0,6.143470786706579e+17,2.554236479888166,-0.33941912450694106,-0.0173619302480716,0.17251815817595462,-0.1319803726688847,-0.0018802230723485884,0.6127252470360524,-0.12937962761537103,-0.004541174670644793,2.602890845940846,-0.33273068598173666,-0.017613720894037628,0.09570926596675239,-0.1278275651196768,-0.0013957588908178914,0.5461648426262214,-0.18033082926177899,-0.004455208501530515,2.568372518900596,-0.3287391857092665,-0.017382656084459915,0.061934292669517124,-0.17677731215378273,-0.0014850989228585912,0.545618462212812,-0.17465665806518718,-0.004411394681695201,2.6005019342199813,-0.17506143791000725,-0.01665340356427572,-0.2845207924094713,-0.32547544929775946,-0.0002970388283034321,0.3416069645793334,-0.3190617784792585,-0.004054862486963723,-0.36294878573726563,-0.1716117570256556,0.0011360246876699533,-0.347459539546422,-0.1695530699138676,0.001068024916135966,-0.2565089121411984,-0.3152342530077885,-0.0003413696144295563,-7.6,0.0,0.075,0.17,0.045
0.928,13.0,5.704648145695992e+17,2.554237410306757,-0.33941912450694106,-0.017361933626370642,0.1636528536194193,-0.1319803726688847,-0.001826991185069036,0.5978517320182919,-0.12937962761537103,-0.0044526292479085405,2.6028903645035597,-0.33273068598173666,-0.017613729191535497,0.0866357579091919,-0.1278275651196768,-0.0013412209865185751,0.5300084478247786,-0.18033082926177899,-0.0043589740313280025,2.568372206711101,-0.3287391857092665,-0.017382670227659176,0.053144223807949205,-0.17677731215378273,-0.001432269628939799,0.5305459004396397,-0.17465665806518718,-0.004321650721667995,2.6004980524808565,-0.17506143791000725,-0.016653380232779933,-0.2930420687633316,-0.32547544929775946,-0.00024572794132972885,0.3263497847144394,-0.3190617784792585,-0.003964012458351551,-0.36494314123867244,-0.1716117570256556,0.0011480221722696602,-0.3473437924013847,-0.1695530699138676,0.0010674388177953264,-0.2546988232103506,-0.3152342530077885,-0.00035235204519954057,-7.6,0.0,0.075,0.17,0.045
0.93,15.0,6.582281866632443e+17,2.5542386379010003,-0.33941912450694106,-0.01736193920888219,0.1547944338004218,-0.1319803726688847,-0.0017737993577298242,0.5828644258263644,-0.12937962761537103,-0.004363388157801977,2.6028907062467646,-0.33273068598173666,-0.01761372630291178,0.07757644306160161,-0.1278275651196768,-0.0012867799381732121,0.513736782206932,-0.18033082926177899,-0.004262035662519346,2.5683711938211045,-0.3287391857092665,-0.017382668354522204,0.04436759619965984,-0.17677731215378273,-0.0013795292157703916,0.5153600575641698,-0.17465665806518718,-0.004231215351028961,2.600494177573202,-0.17506143791000725,-0.016653356942345182,-0.3015327079158947,-0.32547544929775946,-0.0001946002832065671,0.3109793268102442,-0.3190617784792585,-0.0038724693791621872,-0.36693207255679006,-0.1716117570256556,0.0011599883052781012,-0.34721004822393503,-0.1695530699138676,0.0010667443349251025,-0.2529093894451533,-0.3152342530077885,-0.00036321257878462756,-7.6,0.0,0.075,0.17,0.045
0.932,13.0,5.704648191318223e+17,2.554237682541642,-0.33941912450694106,-0.01736194657444765,0.14594494392699264,-0.1319803726688847,-0.0017206488388158392,0.5677657854824729,-0.12937962761537103,-0.004273464320650413,2.602888800944616,-0.33273068598173666,-0.017613728353371008,0.06853377519292299,-0.1278275651196768,-0.0012324240490876705,0.4973525861056645,-0.18033082926177899,-0.004164405668812266,2.568369979043433,-0.3287391857092665,-0.01738266227718223,0.03560415639342056,-0.17677731215378273,-0.0013268694501206554,0.5000630802859525,-0.17465665806518718,-0.004140100293776142,2.6004903094849987,-0.17506143791000725,-0.016653333692899255,-0.30999262008875406,-0.32547544929775946,-0.00014365644829118852,0.29549784305647153,-0.3190617784792585,-0.0037802466317370166,-0.368915380308522,-0.1716117570256556,0.0011719218931868069,-0.34705837745539764,-0.1695530699138676,0.0010659418698604046,-0.25114094528069475,-0.3152342530077885,-0.00037394918137581134,-7.6,0.0,0.075,0.17,0.045
0.934,13.0,5.70464822065643e+17,2.554236571066281,-0.33941912450694106,-0.0173619408422915,0.13710297405346114,-0.1319803726688847,-0.0016675518995752643,0.5525577589866435,-0.12937962761537103,-0.004182872478587064,2.602887980816412,-0.33273068598173666,-0.017613716921558116,0.059505294759872054,-0.1278275651196768,-0.0011781680418755987,0.4808578723725981,-0.18033082926177899,-0.004066100492204661,2.568371726658486,-0.3287391857092665,-0.0173826549885162,0.026851600719098284,-0.17677731215378273,-0.0012742888112832198,0.484656824511366,-0.17465665806518718,-0.004048318430106838,2.600486448204252,-0.17506143791000725,-0.016653310484370035,-0.31842172467614643,-0.32547544929775946,-9.28969752540324e-05,0.2799076070517217,-0.3190617784792585,-0.0036873577292143803,-0.37089286467219107,-0.1716117570256556,0.0011838217396971985,-0.34688885391305396,-0.1695530699138676,0.0010650318452491802,-0.24939382056001747,-0.3152342530077885,-0.0003845598463625626,-7.6,0.0,0.075,0.17,0.045
0.936,13.0,5.704648233737752e+17,2.5542361448057918,-0.33941912450694106,-0.01736193417343933,0.12826801448812186,-0.1319803726688847,-0.0016145000803340752,0.5372424535193049,-0.12937962761537103,-0.004091624319612087,2.602888048887946,-0.33273068598173666,-0.01761371200078889,0.050491238989566825,-0.1278275651196768,-0.001123997159277293,0.4642550867995149,-0.18033082926177899,-0.003967132209806263,2.5683724007365405,-0.3287391857092665,-0.017382665474206516,0.018113136986594745,-0.17677731215378273,-0.0012217734772372861,0.4691440070427997,-0.17465665806518718,-0.00395588089545932,2.600482593718989,-0.17506143791000725,-0.016653287316685556,-0.3268199501343254,-0.32547544929775946,-4.232234772967813e-05,0.2642109134089957,-0.3190617784792585,-0.0035938163131858806,-0.3728643254141445,-0.1716117570256556,0.0011956866458792128,-0.3467015547798739,-0.1695530699138676,0.0010640147039951183,-0.24766834047612932,-0.3152342530077885,-0.0003950425946866263,-7.6,0.0,0.075,0.17,0.045
0.9380000000000001,14.0,6.143470817627387e+17,2.5542362738867093,-0.33941912450694106,-0.0173619316158764,0.11944029223760405,-0.1319803726688847,-0.0015614903229420397,0.5218221097637723,-0.12937962761537103,-0.0039997324868080554,2.6028888364847926,-0.33273068598173666,-0.017613712409218094,0.04149181606234853,-0.1278275651196768,-0.0010699128246554617,0.4475466919459044,-0.18033082926177899,-0.0038675154963677635,2.5683708794662063,-0.3287391857092665,-0.017382669518674843,0.009389732393484937,-0.17677731215378273,-0.001169342694842265,0.4535270241176547,-0.17465665806518718,-0.003862803990647921,2.6004787460172567,-0.17506143791000725,-0.01665326418977398,-0.33518723386885135,-0.32547544929775946,8.067005019395724e-06,0.24841007735695553,-0.3190617784792585,-0.0034996361513295257,-0.3748295619155215,-0.1716117570256556,0.0012075154103309334,-0.3464965605934959,-0.1695530699138676,0.0010628909091960378,-0.24596482551500182,-0.3152342530077885,-0.00040539547518995516,-7.6,0.0,0.075,0.17,0.045
0.9400000000000001,13.0,5.7046481753506925e+17,2.55423685282077,-0.33941912450694106,-0.017361932390361903,0.11062000931264174,-0.1319803726688847,-0.0015085239894389324,0.5062989846325017,-0.12937962761537103,-0.00390721042427486,2.602890206327745,-0.33273068598173666,-0.017613717134799176,0.03250720293809995,-0.1278275651196768,-0.001015916287092152,0.43073516630996117,-0.18033082926177899,-0.0037672651272461,2.568370733132179,-0.3287391857092665,-0.017382660391052837,0.0006787506180331981,-0.17677731215378273,-0.001117002267283606,0.43780774348948065,-0.17465665806518718,-0.0037691020930970516,2.600474905087123,-0.17506143791000725,-0.016653241103563584,-0.34352352211984977,-0.32547544929775946,5.827070742655138e-05,0.232507434336409,-0.3190617784792585,-0.003404831135017284,-0.3767883731991793,-0.1716117570256556,0.0012193068293391957,-0.3462739552344568,-0.1695530699138676,0.0010616609440777696,-0.24428359139956632,-0.3152342530077885,-0.0004156165649567202,-7.6,0.0,0.075,0.17,0.045
0.9420000000000001,14.0,6.143470716894102e+17,2.5542377959269107,-0.33941912450694106,-0.017361935863966265,0.10180734631759689,-0.1319803726688847,-0.0014556022918891587,0.49067535142401014,-0.12937962761537103,-0.003814071673487236,2.6028897148552947,-0.33273068598173666,-0.01761372535385689,0.023539337177703318,-0.1278275651196768,-0.0009620086083466605,0.4138232768860349,-0.18033082926177899,-0.0036663959734304407,2.5683733460321325,-0.3287391857092665,-0.01738265951304867,-0.008020776069285581,-0.17677731215378273,-0.0010647363766308955,0.4219883070939691,-0.17465665806518718,-0.003674786409328007,2.6004710709166767,-0.17506143791000725,-0.016653218057982783,-0.35182876984524225,-0.32547544929775946,0.00010828843693254187,0.21650533959291365,-0.3190617784792585,-0.003309415276894005,-0.3787405579567721,-0.1716117570256556,0.0012310596970411423,-0.34603382591367365,-0.1695530699138676,0.0010603253119235354,-0.24262494903471793,-0.3152342530077885,-0.00042570396964933314,-7.6,0.0,0.075,0.17,0.045
0.9440000000000001,13.0,5.704648137161921e+17,2.5542373344823384,-0.33941912450694106,-0.017361941522603112,0.09300376684761073,-0.1319803726688847,-0.0014027263139188896,0.4749536987089993,-0.12937962761537103,-0.0037203298742362876,2.6028900490334452,-0.33273068598173666,-0.017613722405022188,0.01458621698541817,-0.1278275651196768,-0.0009082014137842807,0.39681321034512346,-0.18033082926177899,-0.003564924636886883,2.5683732406475843,-0.3287391857092665,-0.017382675190448397,-0.016704562303858993,-0.17677731215378273,-0.001012539216506983,0.40607167641183217,-0.17465665806518718,-0.003579869790954938,2.6004672434940277,-0.17506143791000725,-0.016653195052960104,-0.3601029406019732,-0.32547544929775946,0.00015811992328489677,0.20040616776630668,-0.3190617784792585,-0.003213402708433033,-0.38068591457597967,-0.1716117570256556,0.001242772805586699,-0.34577626315917803,-0.1695530699138676,0.0010588845359988364,-0.24098920445333694,-0.3152342530077885,-0.0004356558238384235,-7.6,0.0,0.075,0.17,0.045
0.9460000000000001,13.0,5.704648185592433e+17,2.5542358991184186,-0.33941912450694106,-0.017361938753935678,0.08420904374185681,-0.1319803726688847,-0.0013499048370989727,0.4591362756486439,-0.12937962761537103,-0.003625999957946222,2.602891051830607,-0.33273068598173666,-0.01761372441009109,0.005648013459160252,-0.1278275651196768,-0.0008544826926305699,0.3797075038007612,-0.18033082926177899,-0.0034628642376414148,2.5683709277704354,-0.3287391857092665,-0.017382674558141107,-0.025372919535077462,-0.17677731215378273,-0.0009604364990995424,0.3900601319768455,-0.17465665806518718,-0.003484370006862116,2.6004634228073056,-0.17506143791000725,-0.01665317208842421,-0.3683460064253056,-0.32547544929775946,0.00020776494782528233,0.18421231247514636,-0.3190617784792585,-0.003116807677473391,-0.38262424116788013,-0.1716117570256556,0.0012544449453019445,-0.3455013608021059,-0.1695530699138676,0.0010573391594718626,-0.23937665876333733,-0.3152342530077885,-0.00044547029132670945,-7.6,0.0,0.075,0.17,0.045
0.9480000000000001,13.0,5.704648261485125e+17,2.554235210782626,-0.33941912450694106,-0.01736193014175216,0.07542195544637667,-0.1319803726688847,-0.0012971364984644491,0.44322519797686905,-0.12937962761537103,-0.00353109541958409,2.6028896817877625,-0.33273068598173666,-0.01761373042687406,-0.0032728980121154803,-0.1278275651196768,-0.0008008534714730223,0.3625090489709607,-0.18033082926177899,-0.0033602299983752407,2.568370127420353,-0.3287391857092665,-0.01738266068087821,-0.034028625738386824,-0.17677731215378273,-0.0009084263557122315,0.373955597380032,-0.17465665806518718,-0.0033883007402521963,2.6004596088446617,-0.17506143791000725,-0.01665314916430388,-0.3765579477061947,-0.32547544929775946,0.00025722334276527705,0.16792618589792685,-0.3190617784792585,-0.0030196445457264295,-0.38455533559446203,-0.1716117570256556,0.0012660749048533473,-0.34520921596194404,-0.1695530699138676,0.00105568974532943,-0.2377876080957518,-0.3152342530077885,-0.0004551455654667071,-7.6,0.0,0.075,0.17,0.045
0.9500000000000001,13.0,5.704648238020027e+17,2.554235127994274,-0.33941912450694106,-0.017361926011737402,0.0666427010942825,-0.1319803726688847,-0.0012444139686915684,0.4272228165050193,-0.12937962761537103,-0.0034356289535534402,2.602886942731499,-0.33273068598173666,-0.017613722206616993,-0.01217724949630766,-0.1278275651196768,-0.0007473280026453679,0.34522028278848094,-0.18033082926177899,-0.0032570392693964385,2.5683722107242146,-0.3287391857092665,-0.017382655878777718,-0.04267266486550918,-0.17677731215378273,-0.0008564921184923755,0.3577602877397415,-0.17465665806518718,-0.003291673532671315,2.6004558015942685,-0.17506143791000725,-0.016653126280528015,-0.38473875306677774,-0.32547544929775946,0.0003064949904506116,0.1515502183503999,-0.3190617784792585,-0.002921927786263112,-0.3864789954962724,-0.1716117570256556,0.0012776614714128387,-0.34489992903103545,-0.1695530699138676,0.0010539368762884588,-0.23622234355386215,-0.3152342530077885,-0.00046467986947222026,-7.6,0.0,0.075,0.17,0.045
0.9520000000000001,13.0,5.70464823352586e+17,2.554235535836986,-0.33941912450694106,-0.01736192551500729,0.057871453785154695,-0.1319803726688847,-0.0011917384425790033,0.41113149565092627,-0.12937962761537103,-0.0033396146647223417,2.6028907237874885,-0.33273068598173666,-0.017613705772279414,-0.021071057365635394,-0.1278275651196768,-0.0006939018937402149,0.327842855418171,-0.18033082926177899,-0.0031533066723015597,2.5683731565571093,-0.3287391857092665,-0.017382668378600887,-0.051301894262969716,-0.17677731215378273,-0.0008046278837296413,0.34147706478000983,-0.17465665806518718,-0.003194501674829572,2.6004520010443195,-0.17506143791000725,-0.016653103437025654,-0.392888419234019,-0.32547544929775946,0.0003555798226141097,0.13508685785954186,-0.3190617784792585,-0.00282367198097795,-0.3883950183201948,-0.1716117570256556,0.001289203430823701,-0.34457360365834644,-0.1695530699138676,0.0010520811547030072,-0.23468115116338412,-0.3152342530077885,-0.0004740714567235582,-7.6,0.0,0.075,0.17,0.045
0.9540000000000001,13.0,5.70464821326978e+17,2.554236340971593,-0.33941912450694106,-0.017361927962063563,0.049108364502588917,-0.1319803726688847,-0.0011391109587242365,0.39495361362005055,-0.12937962761537103,-0.0032430667395977842,2.6028916131871696,-0.33273068598173666,-0.01761372845861535,-0.029947082928186444,-0.1278275651196768,-0.0006405390465242485,0.3103804533628722,-0.18033082926177899,-0.0030490421080796998,2.5683702151954284,-0.3287391857092665,-0.017382674053598255,-0.05991415189887226,-0.17677731215378273,-0.0007528525073448781,0.32510865823663837,-0.17465665806518718,-0.003096802337071182,2.600448207183029,-0.17506143791000725,-0.01665308063372596,-0.4010069509115405,-0.32547544929775946,0.00040447781961755735,0.11853856973275732,-0.3190617784792585,-0.0027248918180328018,-0.3903032013473538,-0.1716117570256556,0.0013006995677672353,-0.3442303467324973,-0.1695530699138676,0.0010501232024668732,-0.23316431182371525,-0.3152342530077885,-0.0004833186110664264,-7.6,0.0,0.075,0.17,0.045
0.9560000000000001,13.0,5.704648081193712e+17,2.5542374675852924,-0.33941912450694106,-0.017361932792871206,0.0403535653200764,-0.1319803726688847,-0.0010865324230288416,0.3786915624722647,-0.12937962761537103,-0.0031459994474125294,2.602888096006656,-0.33273068598173666,-0.017613733795013437,-0.03880414651143634,-0.1278275651196768,-0.0005872828931489421,0.2928358572354724,-0.18033082926177899,-0.0029442676957479067,2.5683689059793524,-0.3287391857092665,-0.01738265640542817,-0.06851361910209769,-0.17677731215378273,-0.0007011789615294628,0.30865684797618986,-0.17465665806518718,-0.0029985918978109533,2.6004444199986314,-0.17506143791000725,-0.016653057870558218,-0.4090943606496777,-0.32547544929775946,0.0004531890096826862,0.10190783612394297,-0.3190617784792585,-0.002625602089272095,-0.39220334172114096,-0.1716117570256556,0.0013121486659301892,-0.3438702683640592,-0.1695530699138676,0.0010480636609117783,-0.2316721012602539,-0.3152342530077885,-0.0004924196471044396,-7.6,0.0,0.075,0.17,0.045
0.9580000000000001,14.0,6.143459300097236e+17,2.5542379573371896,-0.33941912450694106,-0.017361939552553402,0.03160785934731078,-0.1319803726688847,-0.0010340036279337665,0.362347852818156,-0.12937962761537103,-0.0030484271405258148,2.6028883121197905,-0.33273068598173666,-0.017613712691930357,-0.047648474848577496,-0.1278275651196768,-0.0005341405116494428,0.27521073599051005,-0.18033082926177899,-0.0028390001189835083,2.568370577548487,-0.3287391857092665,-0.01738264855013171,-0.07710128682637402,-0.17677731215378273,-0.0006495821583101102,0.2921239166719856,-0.17465665806518718,-0.002899881036248262,2.6004406394793826,-0.17506143791000725,-0.016653035147451832,-0.41715066871380285,-0.32547544929775946,0.0005017134681115094,0.08519715559836508,-0.3190617784792585,-0.002525817687619209,-0.39409523647535766,-0.1716117570256556,0.0013235495081729122,-0.3434934818671206,-0.1695530699138676,0.0010459031907011497,-0.23020478997779792,-0.3152342530077885,-0.0005013729104852078,-7.6,0.0,0.075,0.17,0.045
0.96,14.0,6.143470768591188e+17,2.5542372984812296,-0.33941912450694106,-0.017361942491064784,0.022871702115614092,-0.1319803726688847,-0.000981529392097173,0.3459249581971523,-0.12937962761537103,-0.0029503648826011623,2.6028892194251734,-0.33273068598173666,-0.017613713988609163,-0.05647773017731836,-0.1278275651196768,-0.00048107454162659585,0.2575080795263422,-0.18033082926177899,-0.0027332493915137343,2.56837283044376,-0.3287391857092665,-0.01738265857954652,-0.08567527981122472,-0.17677731215378273,-0.0005980561519644523,0.2755126002789412,-0.17465665806518718,-0.002800683448423037,2.6004368656135584,-0.17506143791000725,-0.01665301246433634,-0.42517590295093893,-0.32547544929775946,0.0005500513164962604,0.0684090426915697,-0.3190617784792585,-0.0024255536044657418,-0.39597868256247043,-0.1716117570256556,0.0013349008766982125,-0.34310010374012523,-0.1695530699138676,0.001043642471719518,-0.2287626432150306,-0.3152342530077885,-0.0005101767781799435,-7.6,0.0,0.075,0.17,0.045
0.962,13.0,5.704648158187186e+17,2.5542372385617815,-0.33941912450694106,-0.017361938537929025,0.014143812276905868,-0.1319803726688847,-0.0009291124487069928,0.3294251030064304,-0.12937962761537103,-0.00285182751487514,2.602890685918209,-0.33273068598173666,-0.01761371943244146,-0.06529181078829689,-0.1278275651196768,-0.00042809900965415067,0.2397305525739137,-0.18033082926177899,-0.002627033452728727,2.5683709608185072,-0.3287391857092665,-0.01738267209691816,-0.09423196320269814,-0.17677731215378273,-0.0005466121940553481,0.25882591911199,-0.17465665806518718,-0.00270101555006477,2.600433098389454,-0.17506143791000725,-0.016652989821141394,-0.43317009865471134,-0.32547544929775946,0.0005982027219190769,0.05154602746571589,-0.3190617784792585,-0.0023248249270249694,-0.39785347688197414,-0.1716117570256556,0.001346201553220889,-0.34269025364598565,-0.1695530699138676,0.0010412822029575459,-0.2273459209001016,-0.3152342530077885,-0.0005188296587565475,-7.6,0.0,0.075,0.17,0.045
0.964,13.0,5.704648120792964e+17,2.5542376639063686,-0.33941912450694106,-0.017361938178412337,0.005424329954894952,-0.1319803726688847,-0.0008767451096747434,0.31285074322660533,-0.12937962761537103,-0.0027528283837308085,2.602890272330692,-0.33273068598173666,-0.017613728231399672,-0.07408885261100799,-0.1278275651196768,-0.0003752145259882795,0.22188110374583075,-0.18033082926177899,-0.002520368291014156,2.5683705195591715,-0.3287391857092665,-0.01738266087916664,-0.10277556379526294,-0.17677731215378273,-0.0004952720937065076,0.24206570847496187,-0.17465665806518718,-0.0026008954630630634,2.6004293377953878,-0.17506143791000725,-0.016652967217796768,-0.4411332984286766,-0.32547544929775946,0.0006461678961417113,0.034610655063056994,-0.3190617784792585,-0.0022236468356698464,-0.39971941630885865,-0.1716117570256556,0.0013574503191379113,-0.3422640543914747,-0.1695530699138676,0.0010388231023927084,-0.22595487760731042,-0.3152342530077885,-0.0005273299926461214,-7.6,0.0,0.075,0.17,0.045
0.966,15.0,6.582281850831896e+17,2.554238482186189,-0.33941912450694106,-0.01736194073047986,-0.003286625964171591,-0.1319803726688847,-0.0008244282157426779,0.2962043461450816,-0.12937962761537103,-0.0026533822250518584,2.602890669123283,-0.33273068598173666,-0.017613725749874572,-0.08287092791419164,-0.1278275651196768,-0.00032243227505201284,0.20396209596931725,-0.18033082926177899,-0.0024132715980456584,2.5683728936146046,-0.3287391857092665,-0.01738265823161063,-0.11130712386379893,-0.17677731215378273,-0.00044401049015111875,0.22523430454775603,-0.17465665806518718,-0.0025003341992408945,2.6004255838196966,-0.17506143791000725,-0.01665294465423237,-0.4490655520480526,-0.32547544929775946,0.0006939470947855029,0.017605485255915224,-0.3190617784792585,-0.002122034601253893,-0.4015762977221743,-0.1716117570256556,0.0013686459556992185,-0.341821631905899,-0.1695530699138676,0.0010362659068656429,-0.2245897625148992,-0.3152342530077885,-0.0005356762524028686,-7.6,0.0,0.075,0.17,0.045
0.968,13.0,5.7046481727820864e+17,2.5542371952897027,-0.33941912450694106,-0.01736194564015878,-0.011987097281178865,-0.1319803726688847,-0.0007721624802282788,0.2794886732748363,-0.12937962761537103,-0.002553503842562716,2.602888808452273,-0.33273068598173666,-0.017613728130630116,-0.09163570257889606,-0.1278275651196768,-0.000269739823232911,0.18597657874099643,-0.18033082926177899,-0.0023057575513865777,2.568372594920708,-0.3287391857092665,-0.017382672475943228,-0.1198224257416963,-0.17677731215378273,-0.0003928211297399028,0.20833486190020936,-0.17465665806518718,-0.0023993457756776595,2.60042183645074,-0.17506143791000725,-0.016652922130378223,-0.4569669163199177,-0.32547544929775946,0.0007415406165017589,0.0005330919945035033,-0.3190617784792585,-0.0020200035824110424,-0.40342391803369165,-0.1716117570256556,0.0013797872441791122,-0.34136311521905693,-0.1695530699138676,0.0010336113719521883,-0.22325081936396227,-0.3152342530077885,-0.0005438669429573359,-7.6,0.0,0.075,0.17,0.045
0.97,14.0,6.143470816108125e+17,2.554235815451522,-0.33941912450694106,-0.017361937918779862,-0.020678587795711738,-0.1319803726688847,-0.0007199596523262351,0.26270597255360206,-0.12937962761537103,-0.002453209805341244,2.602888024475936,-0.33273068598173666,-0.01761371696660406,-0.10038575202369096,-0.1278275651196768,-0.00021715117524468447,0.16792686553039216,-0.18033082926177899,-0.0021978444480166524,2.568371765641291,-0.3287391857092665,-0.017382670683779848,-0.12832310013989853,-0.17677731215378273,-0.0003417293184725186,0.19136965461938182,-0.17465665806518718,-0.0022979491197923792,2.6004180956768965,-0.17506143791000725,-0.016652899646164485,-0.46483745494186973,-0.32547544929775946,0.0007889488021329495,-0.01660393704934526,-0.3190617784792585,-0.0019175692228425721,-0.40526207421665156,-0.1716117570256556,0.0013908729660482165,-0.34088863643848655,-0.1695530699138676,0.0010308602718311361,-0.22193828641847851,-0.3152342530077885,-0.0005519006018629575,-7.6,0.0,0.075,0.17,0.045
0.972,13.0,5.704648215737482e+17,2.5542351721411674,-0.33941912450694106,-0.01736192963975078,-0.02936169931864131,-0.1319803726688847,-0.0006678107092390379,0.2458586425300752,-0.12937962761537103,-0.0023525136010138386,2.6028881217983173,-0.33273068598173666,-0.017613712262746037,-0.1091209531877862,-0.1278275651196768,-0.00016465087857591505,0.14981569514736903,-0.18033082926177899,-0.002089546168753027,2.5683721795493395,-0.3287391857092665,-0.01738266570810335,-0.13681050071617518,-0.17677731215378273,-0.0002907252720833052,0.17434101249641007,-0.17465665806518718,-0.002196157876107414,2.600414361486564,-0.17506143791000725,-0.016652877201521425,-0.47267723835924036,-0.32547544929775946,0.0008361720338646617,-0.033803000940213726,-0.3190617784792585,-0.0018147470485794794,-0.40709056333460003,-0.1716117570256556,0.0014019019031459759,-0.340398330726005,-0.1695530699138676,0.0010280133991477137,-0.2206523964264735,-0.3152342530077885,-0.00055977579953586,-7.6,0.0,0.075,0.17,0.045
0.974,13.0,5.7046482160434074e+17,2.554235125849441,-0.33941912450694106,-0.01736192577988865,-0.03803629532004102,-0.1319803726688847,-0.0006157120401014604,0.2289492069461952,-0.12937962761537103,-0.002251429620872677,2.602888933029637,-0.33273068598173666,-0.017613712846680323,-0.1178412092498421,-0.1278275651196768,-0.00011223967159134363,0.13164581494241698,-0.18033082926177899,-0.001980879146454888,2.568371772913731,-0.3287391857092665,-0.017382668191551636,-0.14528304842161627,-0.17677731215378273,-0.00023980086862564532,0.15725172741110627,-0.17465665806518718,-0.0020939860233695835,2.6004106338681625,-0.17506143791000725,-0.01665285479637943,-0.4804863436208452,-0.32547544929775946,0.0008832107343688854,-0.05106148594088711,-0.3190617784792585,-0.0017115526652342686,-0.4089091825703047,-0.1716117570256556,0.0014128728378536666,-0.3398923362735455,-0.1695530699138676,0.0010250715648728245,-0.2193933765823172,-0.3152342530077885,-0.0005674911394878901,-7.6,0.0,0.075,0.17,0.045
0.976,13.0,5.7046481719232525e+17,2.554235563261333,-0.33941912450694106,-0.017361925502138293,-0.04670226359207033,-0.1319803726688847,-0.0005636644640930621,0.2119801981129675,-0.12937962761537103,-0.0021499730073693975,2.6028903219363397,-0.33273068598173666,-0.017613717714068243,-0.12654645202742698,-0.1278275651196768,-5.991813521900824e-05,0.11341998001989206,-0.18033082926177899,-0.0018718598652251758,2.568371036384852,-0.3287391857092665,-0.017382665751737986,-0.15374112356081193,-0.17677731215378273,-0.00018896558239299877,0.14010430303511218,-0.17465665806518718,-0.0019914503128577606,2.600406912810131,-0.17506143791000725,-0.01665283243066902,-0.48826485423334764,-0.32547544929775946,0.0009300653659385144,-0.06837676597650078,-0.3190617784792585,-0.0016080017552302284,-0.4107177292547473,-0.1716117570256556,0.0014237845532678946,-0.3393707942782943,-0.1695530699138676,0.0010220355981580673,-0.21816144849016322,-0.3152342530077885,-0.000575045258552828,-7.6,0.0,0.075,0.17,0.045
0.978,14.0,6.143470724841518e+17,2.554236392338405,-0.33941912450694106,-0.017361928126609645,-0.0553595123600041,-0.1319803726688847,-0.0005116686544608863,0.1949541570455803,-0.12937962761537103,-0.0020481589543700314,2.6028898458080296,-0.33273068598173666,-0.01761372604750846,-0.13523485217583267,-0.1278275651196768,-7.686678553498916e-06,0.0951412267412724,-0.18033082926177899,-0.0017625048556900265,2.56837317100079,-0.3287391857092665,-0.017382661332564713,-0.16218718556017778,-0.17677731215378273,-0.00013821713155782477,0.12290093631580139,-0.17465665806518718,-0.0018885657666017964,2.6004031983009295,-0.17506143791000725,-0.01665281010432083,-0.49601286001430006,-0.32547544929775946,0.0009767364296135292,-0.08574620310017098,-0.3190617784792585,-0.0015041100750165463,-0.412516000896189,-0.1716117570256556,0.0014346358333745504,-0.33883384891713325,-0.1695530699138676,0.0010189063461865603,-0.21695682812853542,-0.3152342530077885,-0.0005824368271057517,-7.6,0.0,0.075,0.17,0.045
0.98,13.0,5.7046481091626234e+17,2.554237538324391,-0.33941912450694106,-0.017361933101072077,-0.06400796709755564,-0.1319803726688847,-0.0004597251618532836,0.17787363348776333,-0.12937962761537103,-0.0019460027079657078,2.6028901923035015,-0.33273068598173666,-0.017613723190738596,-0.14390851260228368,-0.1278275651196768,4.444372233693522e-05,0.07681200057488799,-0.18033082926177899,-0.0016528323360183081,2.56837267820365,-0.3287391857092665,-0.017382674140260342,-0.17061704224398952,-0.17677731215378273,-8.754075956162972e-05,0.10564485675359161,-0.17465665806518718,-0.0017853455662859314,2.600399490329039,-0.17506143791000725,-0.016652787817265622,-0.5037304569438341,-0.32547544929775946,0.0010232244642992437,-0.10316714796232324,-0.3190617784792585,-0.001399893452274525,-0.41430379520930255,-0.1716117570256556,0.0014454254632232004,-0.33828164732039123,-0.1695530699138676,0.001015684674019594,-0.21577972581606694,-0.3152342530077885,-0.0005896645492755186,-7.6,0.0,0.075,0.17,0.045
0.982,14.0,6.143470754127374e+17,2.5542372413690493,-0.33941912450694106,-0.017361939976987994,-0.07264626596772283,-0.1319803726688847,-0.00040783443342797443,0.16074138443848568,-0.12937962761537103,-0.001843519566618806,2.602891204955062,-0.33273068598173666,-0.017613725269711427,-0.15256736323867387,-0.1278275651196768,9.64856848956413e-05,0.058435090318990954,-0.18033082926177899,-0.0015428569790200018,2.568371691633797,-0.3287391857092665,-0.017382671183477496,-0.17903234426940642,-0.17677731215378273,-3.696161945875925e-05,0.08833840731535084,-0.17465665806518718,-0.0016818090889126728,2.6003957888829596,-0.17506143791000725,-0.016652765569434277,-0.511417747015085,-0.32547544929775946,0.001069530045876448,-0.12063694028203989,-0.3190617784792585,-0.0012953677831016115,-0.4160809101443684,-0.1716117570256556,0.0014561522291018818,-0.3377143395449101,-0.1695530699138676,0.0010123714644391419,-0.21463034617839719,-0.3152342530077885,-0.0005967271631503294,-7.6,0.0,0.075,0.17,0.045
0.984,13.0,5.704648216964118e+17,2.5542359393119813,-0.33941912450694106,-0.017361938195255944,-0.0812747348852003,-0.1319803726688847,-0.00035600464020697125,0.14355991989323946,-0.12937962761537103,-0.0017407260723231403,2.6028898427626674,-0.33273068598173666,-0.01761373134562079,-0.1612091313788715,-0.1278275651196768,0.00014843878871398242,0.040013633080768676,-0.18033082926177899,-0.0014325955174846197,2.568371978143179,-0.3287391857092665,-0.01738266526405838,-0.1874344659080631,-0.17677731215378273,1.3530192693742172e-05,0.07098398390059744,-0.17465665806518718,-0.0015779703922832282,2.6003920939512115,-0.17506143791000725,-0.016652743360757803,-0.5190748380833909,-0.32547544929775946,0.0011156537863039535,-0.13815290932055246,-0.3190617784792585,-0.0011905490291833115,-0.4178471439165296,-0.1716117570256556,0.0014668149187122767,-0.33713207854642874,-0.1695530699138676,0.001008967617786255,-0.21350888811623142,-0.3152342530077885,-0.000603623440976348,-7.6,0.0,0.075,0.17,0.045
0.986,13.0,5.7046482331273126e+17,2.5542353589566518,-0.33941912450694106,-0.017361930382913535,-0.08989469114061219,-0.1319803726688847,-0.00030423382670210646,0.12633160862412704,-0.12937962761537103,-0.001637637285051663,2.602887109926509,-0.33273068598173666,-0.017613723172466424,-0.16983464293992634,-0.1278275651196768,0.00020028939755516818,0.021550299596212772,-0.18033082926177899,-0.001322066774055286,2.568371468380342,-0.3287391857092665,-0.01738266698311467,-0.19582185249116033,-0.17677731215378273,6.394292252568218e-05,0.05358444341612381,-0.17465665806518718,-0.0014738438517947078,2.6003884055223354,-0.17506143791000725,-0.016652721191167313,-0.5267018437142914,-0.32547544929775946,0.001161596332713789,-0.15571237435709254,-0.3190617784792585,-0.0010854532149522362,-0.41960229503510144,-0.1716117570256556,0.001477412321345244,-0.3365350201512911,-0.1695530699138676,0.001005474051795367,-0.21241554477456756,-0.3152342530077885,-0.0006103521893493425,-7.6,0.0,0.075,0.17,0.045
0.988,13.0,5.7046482189801984e+17,2.5542353635778396,-0.33941912450694106,-0.017361926900781557,-0.09850602763214444,-0.1319803726688847,-0.0002525140891696351,0.10905904617603504,-0.12937962761537103,-0.0015342674174369886,2.6028908958763908,-0.33273068598173666,-0.017613706775449475,-0.17844999471413178,-0.1278275651196768,0.00025204246692149724,0.0030469599058721847,-0.18033082926177899,-0.0012112867731479506,2.568370648432727,-0.3287391857092665,-0.017382663924537654,-0.20419490601332066,-0.17677731215378273,0.00011426724202426559,0.03614235036281231,-0.17465665806518718,-0.001369446608887866,2.6003847235848934,-0.17506143791000725,-0.016652699060594058,-0.5342988830303604,-0.32547544929775946,0.0012073583664991916,-0.1733126451671916,-0.3190617784792585,-0.0009800964247329957,-0.42134616233293104,-0.1716117570256556,0.0014879432280566751,-0.3359233230274824,-0.1695530699138676,0.001001891701424541,-0.21135050351309473,-0.3152342530077885,-0.0006169122493993257,-7.6,0.0,0.075,0.17,0.045
0.99,14.0,6.143470794064503e+17,2.5542358421218583,-0.33941912450694106,-0.017361926928508686,-0.1071086602545181,-0.1319803726688847,-0.0002008460702204416,0.0917448335886969,-0.12937962761537103,-0.0014306320427484363,2.6028917890912187,-0.33273068598173666,-0.017613729491148766,-0.18704805535398134,-0.1278275651196768,0.0003037345775667299,-0.015492473402971375,-0.18033082926177899,-0.0011002667350059072,2.568372715633959,-0.3287391857092665,-0.01738265900485196,-0.21255610474392256,-0.17677731215378273,0.0001645055631572276,0.018659958331054827,-0.17465665806518718,-0.001264794050567997,2.6003810481274665,-0.17506143791000725,-0.016652676968969403,-0.5418660805569504,-0.32547544929775946,0.001252940602395606,-0.1909510225024015,-0.3190617784792585,-0.0008744947998724012,-0.4230785449958032,-0.1716117570256556,0.0014984064318436527,-0.33529714865499904,-0.1695530699138676,0.0009982215186816888,-0.21031394587776753,-0.3152342530077885,-0.0006233024969681628,-7.6,0.0,0.075,0.17,0.045
0.992,13.0,5.70464806884381e+17,2.554236704387059,-0.33941912450694106,-0.017361929799772798,-0.11570252407629171,-0.1319803726688847,-0.0001492302744861997,0.07439157750534361,-0.12937962761537103,-0.0013267467672244077,2.602888274848565,-0.33273068598173666,-0.01761373485043773,-0.1956277357854244,-0.1278275651196768,0.0003553229414058272,-0.03406500929815433,-0.18033082926177899,-0.0009890301351528456,2.568372168414599,-0.3287391857092665,-0.017382671408059353,-0.22090128437785,-0.17677731215378273,0.000214672755540839,0.0011405552893943433,-0.17465665806518718,-0.001159899698377452,2.6003773791386564,-0.17506143791000725,-0.016652654916224842,-0.5494035660668706,-0.32547544929775946,0.0012983437875551456,-0.20862479857198313,-0.3190617784792585,-0.0007686645358611419,-0.4247992425918877,-0.1716117570256556,0.001508800727820886,-0.33465666129555777,-0.1695530699138676,0.0009944644724467887,-0.20930604757355994,-0.3152342530077885,-0.0006295218427801259,-7.6,0.0,0.075,0.17,0.045
0.994,14.0,6.143470776182529e+17,2.5542378771091285,-0.33941912450694106,-0.017361934973364,-0.12428757020830403,-0.1319803726688847,-9.7667091555558e-05,0.05700189017370198,-0.12937962761537103,-0.001222627230724288,2.6028884931863003,-0.33273068598173666,-0.01761371376498181,-0.20419533114507812,-0.1278275651196768,0.0004068010239944855,-0.052668786832613265,-0.18033082926177899,-0.0008775949197817479,2.5683709651290267,-0.3287391857092665,-0.017382668124743192,-0.22923198279775467,-0.17677731215378273,0.00026474383334440364,-0.01641344386340286,-0.17465665806518718,-0.0010547832801274892,2.600373716607084,-0.17506143791000725,-0.01665263290229198,-0.556911474424019,-0.32547544929775946,0.0013435687006146668,-0.22633125752674343,-0.3190617784792585,-0.0006626218794436522,-0.42650805510122414,-0.1716117570256556,0.001519124913397393,-0.3340020279616487,-0.1695530699138676,0.000990621548290141,-0.20832697843840264,-0.3152342530077885,-0.0006355692326053714,-7.6,0.0,0.075,0.17,0.045
0.996,13.0,5.704648175872248e+17,2.554237601652254,-0.33941912450694106,-0.01736194200969642,-0.13286246248558337,-0.1319803726688847,-4.61568147634841e-05,0.039578588549947974,-0.12937962761537103,-0.001118289106734438,2.602889402136483,-0.33273068598173666,-0.01761371507500822,-0.2127485925740291,-0.1278275651196768,0.00045820659615240794,-0.0713006212283266,-0.18033082926177899,-0.0007659722545749944,2.5683695961986475,-0.3287391857092665,-0.01738266090502976,-0.23754861979908004,-0.17677731215378273,0.00031472802386383166,-0.0339994439351527,-0.17465665806518718,-0.000949459285210706,2.6003700605213904,-0.17506143791000725,-0.01665261092710255,-0.5643899454260376,-0.32547544929775946,0.0013886161507575573,-0.2440676759445205,-0.3190617784792585,-0.0005563831257150903,-0.4282047829452396,-0.1716117570256556,0.0015293777884534115,-0.33333341838493846,-0.1695530699138676,0.0009866937482866866,-0.20737690241830664,-0.3152342530077885,-0.0006414436474163152,-7.6,0.0,0.075,0.17,0.045
0.998,13.0,5.704648138857652e+17,2.5542363168396456,-0.33941912450694106,-0.01736194035695517,-0.14142754980162853,-0.1319803726688847,5.292538900191934e-06,0.022124238643397093,-0.12937962761537103,-0.0010137492969919141,2.6028908698031556,-0.33273068598173666,-0.01761372052870932,-0.22128749831283917,-0.1278275651196768,0.0005095261647261138,-0.08995766474614011,-0.18033082926177899,-0.0006541812482007143,2.5683712190908876,-0.3287391857092665,-0.017382652691447485,-0.24585365415483676,-0.17677731215378273,0.0003646278458717839,-0.05161515877312143,-0.17465665806518718,-0.0008439432847802069,2.600366410870238,-0.17506143791000725,-0.016652588990588385,-0.5718391236460357,-0.32547544929775946,0.001433486976769669,-0.2618313233170673,-0.3190617784792585,-0.0004499646152084279,-0.42988922701629545,-0.1716117570256556,0.001539558155517504,-0.3326510049840292,-0.1695530699138676,0.0009826820908264253,-0.20645597754367687,-0.3152342530077885,-0.0006471441035368912,-7.6,0.0,0.075,0.17,0.045
1.0,13.0,5.704648143127589e+17,2.5542357502716433,-0.33941912450694106,-0.01736193264807952,-0.14998417041257073,-0.1319803726688847,5.66830627964629e-05,0.004641261605809719,-0.12937962761537103,-0.0009090231975526088,2.602890457006524,-0.33273068598173666,-0.017613729334709352,-0.22981026762689338,-0.1278275651196768,0.0005607595991589743,-0.10863679149762079,-0.18033082926177899,-0.0005422389870938332,2.568371792340922,-0.3287391857092665,-0.017382662428800925,-0.25414405392940626,-0.17677731215378273,0.0004144580520063242,-0.06925744348408756,-0.17465665806518718,-0.0007382489957523945,2.6003627676423062,-0.17506143791000725,-0.016652567092681474,-0.5792591582733767,-0.32547544929775946,0.0014781820460896577,-0.2796194625390786,-0.3190617784792585,-0.00034338273097314696,-0.4315611887072584,-0.1716117570256556,0.001549664819943839,-0.33195496283157877,-0.1695530699138676,0.0009785876104209698,-0.20556435590681818,-0.3152342530077885,-0.0006526696527846699,-7.6,0.0,0.075,0.17,0.045
1.002,13.0,5.704648138231319e+17,2.5542357658726265,-0.33941912450694106,-0.017361929248671505,-0.15853223843019099,-0.1319803726688847,0.00010802278646211611,-0.012867697169592619,-0.12937962761537103,-0.0008041253353270845,2.602890854279234,-0.33273068598173666,-0.017613726857929564,-0.2383190398635375,-0.1278275651196768,0.0006118962150432995,-0.12733547686264812,-0.18033082926177899,-0.0004301642265849492,2.5683718496671224,-0.3287391857092665,-0.017382665868301134,-0.26242028018090446,-0.17677731215378273,0.00046420045065374117,-0.08692369004821278,-0.17465665806518718,-0.0006323952874865977,2.600359130826296,-0.17506143791000725,-0.01665254523331388,-0.5866502029536191,-0.32547544929775946,0.0015227022538537036,-0.29742935039855034,-0.3190617784792585,-0.0002366538956410793,-0.43322046994109226,-0.1716117570256556,0.0015596965900896167,-0.33124546962078827,-0.1695530699138676,0.0009744113575062671,-0.20470218364063644,-0.3152342530077885,-0.0006580193826058221,-7.6,0.0,0.075,0.17,0.045
1.004,13.0,5.704648176862831e+17,2.554236253116553,-0.33941912450694106,-0.017361929342277406,-0.16707168989200022,-0.1319803726688847,0.00015931119456783765,-0.030399990005846967,-0.12937962761537103,-0.0006990715826746705,2.6028889938361393,-0.33273068598173666,-0.017613729241565824,-0.2468115615911606,-0.1278275651196768,0.0006629488484631642,-0.1460505103285458,-0.18033082926177899,-0.0003179721143947852,2.5683711542837786,-0.3287391857092665,-0.017382666212258334,-0.2706822109307916,-0.17677731215378273,0.0005138578081627305,-0.10461119292206637,-0.17465665806518718,-0.0005263978081018465,2.600355500410929,-0.17506143791000725,-0.01665252341241782,-0.5940124156276365,-0.32547544929775946,0.0015670485219351582,-0.31525823806847675,-0.3190617784792585,-0.00012979456848424888,-0.4348668732004656,-0.1716117570256556,0.0015696522774926198,-0.33052270563126357,-0.1695530699138676,0.000970154398241524,-0.2038696008985372,-0.3152342530077885,-0.0006631924162029125,-7.6,0.0,0.075,0.17,0.045
1.006,13.0,5.704648184047103e+17,2.5542371222303584,-0.33941912450694106,-0.017361932265740964,-0.17560247895135697,-0.1319803726688847,0.00021054790333869305,-0.047952966845871386,-0.12937962761537103,-0.0005938778256571444,2.6028882098832087,-0.33273068598173666,-0.017613718078907256,-0.2552904665602835,-0.1278275651196768,0.0007139039788289028,-0.1647794360941256,-0.18033082926177899,-0.00020568191359939913,2.5683701840888413,-0.3287391857092665,-0.01738266203995827,-0.27893026986096164,-0.17677731215378273,0.0005634293926620532,-0.12231732768246877,-0.17465665806518718,-0.0004202727908587249,2.600351876384945,-0.17506143791000725,-0.01665250162992562,-0.6013459583701709,-0.32547544929775946,0.0016112217979792624,-0.3331033715963421,-0.3190617784792585,-2.2821242464690416e-05,-0.43650020155737135,-0.1716117570256556,0.00157953069704886,-0.3297868536942565,-0.1695530699138676,0.0009658178143043759,-0.20306674183552367,-0.3152342530077885,-0.0006681879126555079,-7.6,0.0,0.075,0.17,0.045
1.008,14.0,6.143459277979635e+17,2.554238300297852,-0.33941912450694106,-0.0173619374804238,-0.1841245747559591,-0.1319803726688847,0.00026173263769483355,-0.06552397526249572,-0.12937962761537103,-0.0004885599646169979,2.6028883070632927,-0.33273068598173666,-0.01761371337518967,-0.263755698377837,-0.1278275651196768,0.0007647774086436401,-0.18351937638040502,-0.18033082926177899,-9.330835900592032e-05,2.568372129766521,-0.3287391857092665,-0.01738265621878865,-0.2871669513541544,-0.17677731215378273,0.0006129177462430735,-0.14003978795733274,-0.17465665806518718,-0.0003140359822963105,2.6003482587371045,-0.17506143791000725,-0.016652479885769712,-0.6086509972272321,-0.32547544929775946,0.0016552230544344688,-0.35096199240209347,-0.3190617784792585,8.424955870250184e-05,-0.4381202587027546,-0.1716117570256556,0.0015893306671902947,-0.32903809915729204,-0.1695530699138676,0.0009614027026823333,-0.20229373459049615,-0.3152342530077885,-0.000673005067033589,-7.6,0.0,0.075,0.17,0.045
1.01,13.0,5.704648167890458e+17,2.5542373049743055,-0.33941912450694106,-0.01736194454882876,-0.19263610644902365,-0.1319803726688847,0.00031286521252244626,-0.08311007521285277,-0.12937962761537103,-0.00038313391411725186,2.602889118018191,-0.33273068598173666,-0.017613713958270175,-0.2722072238611998,-0.1278275651196768,0.0008155687995489613,-0.20226745393464068,-0.18033082926177899,1.9131282711756238e-05,2.5683729641345723,-0.3287391857092665,-0.017382667892854725,-0.29538925279151773,-0.17677731215378273,0.0006623378352022299,-0.15777540432033418,-0.17465665806518718,-0.00020770122064712665,2.600344647456189,-0.17506143791000725,-0.01665245817988267,-0.615927702053148,-0.32547544929775946,0.001699053287576836,-0.3688313377713712,-0.3190617784792585,0.00019140128353700993,-0.43972684897614356,-0.1716117570256556,0.0015990510100625944,-0.3282766298481889,-0.1695530699138676,0.0009569101754605468,-0.20155070126975438,-0.3152342530077885,-0.0006776431105037542,-7.6,0.0,0.075,0.17,0.045
1.012,14.0,6.143470744937024e+17,2.554236161303739,-0.33941912450694106,-0.01736193857688748,-0.2011386508857672,-0.1319803726688847,0.00036393440268083367,-0.10070885400821708,-0.12937962761537103,-0.0002776173144151096,2.602890506540051,-0.33273068598173666,-0.017613718823999567,-0.2806450356046501,-0.1278275651196768,0.0008662779524491378,-0.22102079275442915,-0.18033082926177899,0.00013161974803717019,2.568371572483807,-0.3287391857092665,-0.01738267289906303,-0.30359639185691345,-0.17677731215378273,0.00071167164382641,-0.17552135121920023,-0.17465665806518718,-0.00010128752246911799,2.6003410425309985,-0.17506143791000725,-0.016652436512197177,-0.6231762463468732,-0.32547544929775946,0.001742713516532331,-0.3867086413514022,-0.3190617784792585,0.00029861735575267644,-0.44131977739528006,-0.1716117570256556,0.001608690551702928,-0.3275026360384789,-0.1695530699138676,0.0009523413596059278,-0.20083775793170391,-0.3152342530077885,-0.0006821013104282048,-7.6,0.0,0.075,0.17,0.045
1.014,13.0,5.7046481147678336e+17,2.554235709159077,-0.33941912450694106,-0.01736193171486408,-0.20963288052069015,-0.1319803726688847,0.000414949669301295,-0.11831775649189444,-0.12937962761537103,-0.0001720246416429237,2.6028900299393825,-0.33273068598173666,-0.017613727155130727,-0.2890673707635622,-0.1278275651196768,0.0009169048229098397,-0.23977624031110978,-0.18033082926177899,0.000244139780955901,2.568371530863823,-0.3287391857092665,-0.01738266454915844,-0.3117911607517784,-0.17677731215378273,0.0007609144782187844,-0.19327535946076663,-0.17465665806518718,5.188158924078313e-06,2.600337443950352,-0.17506143791000725,-0.016652414882646033,-0.6303968070876655,-0.32547544929775946,0.0017862047822946824,-0.40459113364832344,-0.3190617784792585,0.0004058811772328623,-0.4428988496857458,-0.1716117570256556,0.001618248122217747,-0.3267163104062331,-0.1695530699138676,0.0009476973967476679,-0.20015501457276777,-0.3152342530077885,-0.0006863789704565075,-7.6,0.0,0.075,0.17,0.045
1.016,14.0,6.143470721829208e+17,2.5542358174813504,-0.33941912450694106,-0.01736192900199611,-0.2181187271842551,-0.1319803726688847,0.00046591504711083266,-0.13593411064307395,-0.12937962761537103,-6.637122674085955e-05,2.602890375892017,-0.33273068598173666,-0.017613724295526715,-0.2974763769769261,-0.1278275651196768,0.0009674388338633124,-0.2585312534641255,-0.18033082926177899,0.0003566724662959848,2.5683723953882653,-0.3287391857092665,-0.017382664299438536,-0.3199732929214368,-0.17677731215378273,0.0008100830915879739,-0.21103467788255767,-0.17465665806518718,0.00011171220837347668,2.6003338517030885,-0.17506143791000725,-0.01665239329116216,-0.6375895645702406,-0.32547544929775946,0.0018295281467394365,-0.4224760425247352,-0.3190617784792585,0.0005131761310143897,-0.4444638723105794,-0.1716117570256556,0.0016277225559605413,-0.32591784799830087,-0.1695530699138676,0.0009429794429541931,-0.19950257511450425,-0.3152342530077885,-0.0006904754306101245,-7.6,0.0,0.075,0.17,0.045
1.018,14.0,6.143470748366319e+17,2.554236379819358,-0.33941912450694106,-0.017361929651929748,-0.22659614289773994,-0.1319803726688847,0.0005168301270922223,-0.15355524533126796,-0.12937962761537103,3.9326898166217537e-05,2.602891387944113,-0.33273068598173666,-0.017613726371242523,-0.3058720366013725,-0.1278275651196768,0.0010178928711434957,-0.27728294952368676,-0.18033082926177899,0.00046920254521407896,2.568371041078837,-0.3287391857092665,-0.01738266948658519,-0.32814048390345296,-0.17677731215378273,0.0008591758846059243,-0.22879623272714378,-0.17465665806518718,0.00021826811890422293,2.600330265778068,-0.17506143791000725,-0.016652371737678574,-0.6447547022394348,-0.32547544929775946,0.001872684691634887,-0.4403605936976497,-0.3190617784792585,0.0006204855842728603,-0.4460146524998807,-0.1716117570256556,0.001637112691709543,-0.3251074461919694,-0.1695530699138676,0.0009381886685065996,-0.1988805373919311,-0.3152342530077885,-0.0006943900673597055,-7.6,0.0,0.075,0.17,0.045
1.02,13.0,5.70464818474271e+17,2.5542373097098787,-0.33941912450694106,-0.017361933025957794,-0.23506509619784377,-0.1319803726688847,0.0005676946213731314,-0.17117849024485307,-0.12937962761537103,0.0001450537062953816,2.6028900251068827,-0.33273068598173666,-0.017613732443555095,-0.3142521387030812,-0.1278275651196768,0.0010682668288901744,-0.2960281004591191,-0.18033082926177899,0.0005817127215714467,2.5683710299403573,-0.3287391857092665,-0.01738266136072862,-0.3362955170764465,-0.17677731215378273,0.0009081790304980214,-0.2465577492421294,-0.17465665806518718,0.0003248374479717396,2.600326686164169,-0.17506143791000725,-0.01665235022212845,-0.6518924065243606,-0.32547544929775946,0.0019156755176500519,-0.4582420112375856,-0.3190617784792585,0.0007277928913103473,-0.44755099828039824,-0.1716117570256556,0.0016464173728453508,-0.32428530465605077,-0.1695530699138676,0.0009333262576686109,-0.19828899314305662,-0.3152342530077885,-0.0006981222936951445,-7.6,0.0,0.075,0.17,0.045
1.022,15.0,6.58228188455611e+17,2.5542385369251845,-0.33941912450694106,-0.01736193860530092,-0.24352556912440626,-0.1319803726688847,0.0006185083411737543,-0.18880117592157392,-0.12937962761537103,0.00025079317577689225,2.6028872915896932,-0.33273068598173666,-0.017613724266531714,-0.32261755081250737,-0.1278275651196768,0.0011185474415004266,-0.3147639623463536,-0.18033082926177899,0.0006941836271840406,2.568371919375521,-0.3287391857092665,-0.017382661293897744,-0.3444381320938297,-0.17677731215378273,0.0009571092295359827,-0.264316472071804,-0.17465665806518718,0.00043140654706165326,2.6003231128502895,-0.17506143791000725,-0.01665232874444506,-0.6590028666721565,-0.32547544929775946,0.001958501743359607,-0.47611751806792185,-0.3190617784792585,0.0008350813965499629,-0.44907271850509534,-0.1716117570256556,0.001655635447528456,-0.32345162531140353,-0.1695530699138676,0.000928393408453099,-0.19772802799961772,-0.3152342530077885,-0.0007016715591883914,-7.6,0.0,0.075,0.17,0.045
1.024,13.0,5.704648168615673e+17,2.554237581306838,-0.33941912450694106,-0.017361945968592755,-0.2519757059634338,-0.1319803726688847,0.0006692711787331294,-0.20642034669441572,-0.12937962761537103,0.00035652928983721734,2.602891076829855,-0.33273068598173666,-0.01761370786542858,-0.33097437882143915,-0.1278275651196768,0.0011687399141569834,-0.33348861588218975,-0.18033082926177899,0.0008065987985074478,2.5683722454742353,-0.3287391857092665,-0.017382666630508727,-0.35256729343565096,-0.17677731215378273,0.0010059649196402817,-0.2820695230031461,-0.17465665806518718,0.0005379588840397008,2.6003195458253465,-0.17506143791000725,-0.01665230730456178,-0.6660862745813763,-0.32547544929775946,0.0020011645042463822,-0.49398433646433143,-0.3190617784792585,0.0009423344375319802,-0.4505796228826915,-0.1716117570256556,0.0016647657688766387,-0.3226066122908969,-0.1695530699138676,0.0009233913323852157,-0.19719772147902448,-0.3152342530077885,-0.0007050373500490248,-7.6,0.0,0.075,0.17,0.045
1.026,13.0,5.704648165089731e+17,2.554236469670495,-0.33941912450694106,-0.017361940234882675,-0.2604170905965993,-0.1319803726688847,0.0007199719997672947,-0.22403358089113662,-0.12937962761537103,0.0004622443144742682,2.6028919693122927,-0.33273068598173666,-0.01761373057686955,-0.3393155742693298,-0.1278275651196768,0.0012188808822105742,-0.3521980700007065,-0.18033082926177899,0.0009189467197224646,2.568371767670518,-0.3287391857092665,-0.017382668587101014,-0.3606828980437886,-0.17677731215378273,0.0010547398876912095,-0.29981416989919474,-0.17465665806518718,0.0006444771896277535,2.600315985078277,-0.17506143791000725,-0.016652285902412124,-0.673142824635003,-0.32547544929775946,0.0020436649517017007,-0.5118396885551131,-0.3190617784792585,0.0010495353479104377,-0.45207152200717415,-0.1716117570256556,0.0016738071951422156,-0.32175047189882455,-0.1695530699138676,0.0009183212542621757,-0.19669814697751106,-0.3152342530077885,-0.0007082191891725842,-7.6,0.0,0.075,0.17,0.045
1.028,13.0,5.704648066664807e+17,2.5542360433288582,-0.33941912450694106,-0.017361933565064616,-0.26885040299242857,-0.1319803726688847,0.0007706203075662875,-0.2416383167534508,-0.12937962761537103,0.0005679237196545935,2.602888454319508,-0.33273068598173666,-0.017613735931764175,-0.34764009257514905,-0.1278275651196768,0.001268928054897918,-0.3708892820755958,-0.18033082926177899,0.0010312034444335653,2.5683709734863878,-0.3287391857092665,-0.017382665720278707,-0.3687853944172656,-0.17677731215378273,0.0011034335153400354,-0.31754776994410944,-0.17465665806518718,0.0007509450710040453,2.6003124305980387,-0.17506143791000725,-0.016652264537929704,-0.6801727135331763,-0.32547544929775946,0.002086004252023461,-0.5296807968216436,-0.3190617784792585,0.0011566674604551277,-0.45354822738727757,-0.1716117570256556,0.0016827585898891116,-0.3208834125697765,-0.1695530699138676,0.0009131844119097418,-0.19622937176449207,-0.3152342530077885,-0.0007112166361816647,-7.6,0.0,0.075,0.17,0.045
1.03,14.0,6.143470781730286e+17,2.5542361723933453,-0.33941912450694106,-0.017361931007014796,-0.2772755827800256,-0.1319803726688847,0.0008212201819412632,-0.25923187817476373,-0.12937962761537103,0.0006735521348284786,2.6028886718934316,-0.33273068598173666,-0.017613714841807467,-0.35595422502755625,-0.1278275651196768,0.0013188751647328334,-0.38956037143352895,-0.18033082926177899,0.001143350716882901,2.568373061419517,-0.3287391857092665,-0.017382660955173927,-0.3768772898732516,-0.17677731215378273,0.0011520484935808972,-0.3352680078596207,-0.17465665806518718,0.0008573466712735335,2.600308882373607,-0.17506143791000725,-0.016652243211048277,-0.6871761401256492,-0.32547544929775946,0.002128183585412501,-0.547504884599171,-0.3190617784792585,0.0012637141100543107,-0.45500955147592415,-0.1716117570256556,0.0016916188221697318,-0.3200056448269757,-0.1695530699138676,0.0009079820559354533,-0.1957914569781234,-0.3152342530077885,-0.0007140292874597787,-7.6,0.0,0.075,0.17,0.045
1.032,13.0,5.704648147296929e+17,2.5542367513634168,-0.33941912450694106,-0.017361931781401718,-0.28569258857319485,-0.1319803726688847,0.0008717712606668454,-0.27681159322560484,-0.12937962761537103,0.0007791135033563563,2.602889580069371,-0.33273068598173666,-0.017613716147251008,-0.36425576917710595,-0.1278275651196768,0.0013687599594472766,-0.40820811614427466,-0.18033082926177899,0.0012553772530304998,2.56837253084858,-0.3287391857092665,-0.017382673482772698,-0.3849544942321681,-0.17677731215378273,0.001200599866316813,-0.3529715193870083,-0.17465665806518718,0.000963668098766601,2.600305340393978,-0.17506143791000725,-0.016652221921701685,-0.6941533052441106,-0.32547544929775946,0.0021702041449673387,-0.5653091765767304,-0.3190617784792585,0.0013706586367194752,-0.4564553076996245,-0.1716117570256556,0.0017003867667016116,-0.3191173812400886,-0.1695530699138676,0.0009027154494786485,-0.19538445762206644,-0.3152342530077885,-0.0007166567761779908,-7.6,0.0,0.075,0.17,0.045
1.034,14.0,6.143470703738738e+17,2.554237694548035,-0.33941912450694106,-0.017361935255222147,-0.2941013943297234,-0.1319803726688847,0.0009222732954258609,-0.2943747940858274,-0.12937962761537103,0.0008845917936614029,2.602891046954022,-0.33273068598173666,-0.017613721596306645,-0.37254473275170535,-0.1278275651196768,0.001418569224344575,-0.4268296474846725,-0.18033082926177899,0.0013672637212949741,2.5683715137391383,-0.3287391857092665,-0.01738267029934708,-0.39301870503026504,-0.17677731215378273,0.0012490630924703123,-0.37065586495971975,-0.17465665806518718,0.0010698891679309268,2.6003018046481645,-0.17506143791000725,-0.01665220066982391,-0.7011044115343106,-0.32547544929775946,0.0022120671356781066,-0.5830908992974299,-0.3190617784792585,0.0014774843885848317,-0.4578853104878322,-0.1716117570256556,0.0017090613040438136,-0.31821883638251713,-0.1695530699138676,0.000897385867957326,-0.19500842256345416,-0.3152342530077885,-0.0007190987723143324,-7.6,0.0,0.075,0.17,0.045
1.036,13.0,5.704648113065326e+17,2.554237233215562,-0.33941912450694106,-0.017361940914329858,-0.30250069287530207,-0.1319803726688847,0.000972726129965032,-0.31191861425807255,-0.12937962761537103,0.0009899709988227382,2.602890633369735,-0.33273068598173666,-0.017613730397614553,-0.38081937373049024,-0.1278275651196768,0.0014683030057921714,-0.4454218216806255,-0.18033082926177899,0.0014789929093373612,2.568371775583205,-0.3287391857092665,-0.017382664196690427,-0.4010713421379715,-0.17677731215378273,0.0012974483572588938,-0.3883185632992643,-0.17465665806518718,0.0011759952413671955,2.6002982751252,-0.17506143791000725,-0.016652179455349032,-0.7080296632880565,-0.32547544929775946,0.0022537737734193066,-0.600847281658779,-0.3190617784792585,0.0015841747249090282,-0.4592993753022492,-0.1716117570256556,0.0017176413207730598,-0.31731022678818016,-0.1695530699138676,0.0008919945988118972,-0.19466339453205728,-0.3152342530077885,-0.0007213549826660061,-7.6,0.0,0.075,0.17,0.045
1.038,13.0,5.704648147464297e+17,2.5542357979909993,-0.33941912450694106,-0.01736193814633502,-0.3108908512539393,-0.1319803726688847,0.0010231219212385042,-0.32944045250626,-0.12937962761537103,0.0010952339198562091,2.6028910298509227,-0.33273068598173666,-0.017613727916108827,-0.3890818403380648,-0.1278275651196768,0.0015179508516648807,-0.46398211885912305,-0.18033082926177899,0.0015905459545130789,2.568371245924345,-0.3287391857092665,-0.01738266576775483,-0.4091109205300003,-0.17677731215378273,0.0013457641799051328,-0.40595667066177427,-0.17465665806518718,0.0012819714314044627,2.600294751814139,-0.17506143791000725,-0.016652158278211242,-0.7149292662751433,-0.32547544929775946,0.0022953252839417824,-0.618575555412663,-0.3190617784792585,0.001690713019077123,-0.46069731866607744,-0.1716117570256556,0.0017261257096595618,-0.31639177090779314,-0.1695530699138676,0.0008865429412458754,-0.19434941012064877,-0.3152342530077885,-0.0007234251508543874,-7.6,0.0,0.075,0.17,0.045
1.04,13.0,5.704648176689286e+17,2.554235109817251,-0.33941912450694106,-0.017361929534987643,-0.3192732186672653,-0.1319803726688847,0.0010734628715103275,-0.34693786477664584,-0.12937962761537103,0.0012003649493453337,2.6028891686138476,-0.33273068598173666,-0.017613730294995956,-0.39732991636965936,-0.1278275651196768,0.001567525651310328,-0.48250732679532776,-0.18033082926177899,0.0017019077375840647,2.5683704099532876,-0.3287391857092665,-0.017382662589801666,-0.4171378886269978,-0.17677731215378273,0.0013940016502573054,-0.4235675578718643,-0.17465665806518718,0.0013878000755795225,2.6002912347040543,-0.17506143791000725,-0.016652137138344878,-0.7218034275752928,-0.32547544929775946,0.002336722901864303,-0.6362729556643993,-0.3190617784792585,0.001797082661600427,-0.4620789581932137,-0.1716117570256556,0.0017345133698425312,-0.31546368906465433,-0.1695530699138676,0.0008810322059635533,-0.19406649978656434,-0.3152342530077885,-0.0007253090573228385,-7.6,0.0,0.075,0.17,0.045
1.042,14.0,6.143470806188753e+17,2.5542350272092453,-0.33941912450694106,-0.017361925405945153,-0.3276477262482132,-0.1319803726688847,0.0011237570759902837,-0.3644081883164435,-0.12937962761537103,0.0013053494229676489,2.6028883838656496,-0.33273068598173666,-0.017613719127573504,-0.40556623389622165,-0.1278275651196768,0.0016170141074998954,-0.5009950151444525,-0.18033082926177899,0.001813058985201293,2.568372464276159,-0.3287391857092665,-0.017382657573975325,-0.42515474731137776,-0.17677731215378273,0.0014421634588392906,-0.4411489291167971,-0.17465665806518718,0.0014934653988400626,2.6002877237840374,-0.17506143791000725,-0.01665211603568437,-0.7286523554100401,-0.32547544929775946,0.0023779678696652,-0.6539367213722678,-0.3190617784792585,0.0019032670631108453,-0.46344411261738244,-0.1716117570256556,0.0017428032070053486,-0.31452620340994597,-0.1695530699138676,0.0008754637149047204,-0.19381468785445657,-0.3152342530077885,-0.000727006519327345,-7.6,0.0,0.075,0.17,0.045
1.044,13.0,5.704648189328855e+17,2.5542354352470427,-0.33941912450694106,-0.01736192491029712,-0.3360143248741146,-0.1319803726688847,0.001174004121475971,-0.3818487676468262,-0.12937962761537103,0.001410171364206435,2.602888480250115,-0.33273068598173666,-0.01761371441908432,-0.4137907520457533,-0.1278275651196768,0.001666432012659269,-0.519442330697168,-0.18033082926177899,0.0019239851152960412,2.568371906730658,-0.3287391857092665,-0.01738266989991255,-0.43315741852185974,-0.17677731215378273,0.0014902646109455702,-0.4586974329266784,-0.17465665806518718,0.0015989536263096593,2.6002842190431967,-0.17506143791000725,-0.016652094970164268,-0.7354762589747188,-0.32547544929775946,0.0024190614366736843,-0.6715640958459816,-0.3190617784792585,0.002009249657358056,-0.46479260182120335,-0.1716117570256556,0.001750994133550361,-0.3135795378775594,-0.1695530699138676,0.0008698388009764703,-0.19359399252023995,-0.3152342530077885,-0.0007285173909199916,-7.6,0.0,0.075,0.17,0.045
1.046,14.0,6.143470767997076e+17,2.55423624058858,-0.33941912450694106,-0.017361927358523904,-0.3443729812201103,-0.1319803726688847,0.0012242037132313792,-0.3992569544414766,-0.12937962761537103,0.001514814840188731,2.602889290409803,-0.33273068598173666,-0.01761371499739111,-0.4220034499494265,-0.1278275651196768,0.0017157791215564589,-0.5378464300838753,-0.18033082926177899,0.002034669008612334,2.5683725280583163,-0.3287391857092665,-0.017382666554639548,-0.4411488484054012,-0.17677731215378273,0.0015382806382084621,-0.47621085685816594,-0.17465665806518718,0.0017042446491689477,2.600280720470663,-0.17506143791000725,-0.016652073941719223,-0.7422753482706015,-0.32547544929775946,0.002460004858061756,-0.6891523272438517,-0.3190617784792585,0.002115013904200339,-0.46612424686518966,-0.1716117570256556,0.0017590850687732864,-0.31262391813845225,-0.1695530699138676,0.0008641588077821507,-0.19340442585622397,-0.3152342530077885,-0.0007298415629252914,-7.6,0.0,0.075,0.17,0.045
1.048,13.0,5.7046481229188115e+17,2.5542373674187058,-0.33941912450694106,-0.017361932190573127,-0.3527236745275995,-0.1319803726688847,0.0012743556513073536,-0.41663010751466056,-0.12937962761537103,0.0016192639609566334,2.6028906781374754,-0.33273068598173666,-0.01761371985834924,-0.4302043294568226,-0.1278275651196768,0.0017650553089784984,-0.5562044804200439,-0.18033082926177899,0.002145093604932578,2.568370809527728,-0.3287391857092665,-0.017382670282605497,-0.44912646125687467,-0.17677731215378273,0.0015862292175097107,-0.49368609975354016,-0.17465665806518718,0.0018093251927578725,2.6002772280555857,-0.17506143791000725,-0.016652052950284022,-0.7490498339371137,-0.32547544929775946,0.002500799393837052,-0.7066986690701287,-0.3190617784792585,0.002220543292587559,-0.4674388700166726,-0.1716117570256556,0.0017670749390372043,-0.31165957155454793,-0.1695530699138676,0.0008584250893475079,-0.19324599381743118,-0.3152342530077885,-0.0007309789629093873,-7.6,0.0,0.075,0.17,0.045
1.05,14.0,6.143459194369448e+17,2.5542387541587277,-0.33941912450694106,-0.01736193895155388,-0.36106639395345386,-0.1319803726688847,0.0013244598111522888,-0.4339655928981037,-0.12937962761537103,0.0017235028793957372,2.6028902007441252,-0.33273068598173666,-0.017613728184715273,-0.43839164832852456,-0.1278275651196768,0.0018142605860228746,-0.5745133743196498,-0.18033082926177899,0.0022552419069495895,2.5683704907444547,-0.3287391857092665,-0.01738265997142197,-0.457093160393232,-0.17677731215378273,0.0016340948946185515,-0.511120955607094,-0.17465665806518718,0.001914176650130118,2.600273741787133,-0.17506143791000725,-0.01665203199579356,-0.7557999270842389,-0.32547544929775946,0.0025414463078361252,-0.7242003806715311,-0.3190617784792585,0.0023258213435452214,-0.46873629477864875,-0.1716117570256556,0.0017749626779461024,-0.3106867271321848,-0.1695530699138676,0.000852639009844082,-0.19311869624909683,-0.3152342530077885,-0.000731929555142144,-7.6,0.0,0.075,0.17,0.045
1.052,14.0,6.143470706191036e+17,2.5542379276780225,-0.33941912450694106,-0.017361947271994013,-0.369399297724947,-0.1319803726688847,0.0013745161277074148,-0.45126049176497524,-0.12937962761537103,0.0018275157916963962,2.602890545906001,-0.33273068598173666,-0.01761372532035517,-0.4465675402127812,-0.1278275651196768,0.0018633844992530866,-0.5927706387758752,-0.18033082926177899,0.0023650952703472244,2.568372964037672,-0.3287391857092665,-0.017382658058722328,-0.46505007571245055,-0.17677731215378273,0.0016818950894366958,-0.5285129373770203,-0.17465665806518718,0.0020187857852514415,2.6002702616544924,-0.17506143791000725,-0.016652011078182843,-0.7625258391252174,-0.32547544929775946,0.002581946866718877,-0.7416547277320771,-0.3190617784792585,0.002430831613153636,-0.47001634591854574,-0.1716117570256556,0.0017827472265179592,-0.30970561547512554,-0.1695530699138676,0.0008468019433099034,-0.1930225268953463,-0.3152342530077885,-0.00073269334055215,-7.6,0.0,0.075,0.17,0.045
1.054,13.0,5.704648126373635e+17,2.554236920496639,-0.33941912450694106,-0.017361942313109783,-0.37772396182516865,-0.1319803726688847,0.0014245135503363738,-0.4685124351049359,-0.12937962761537103,0.0019312851848976252,2.6028915571695834,-0.33273068598173666,-0.017613727391326425,-0.4547319881561015,-0.1278275651196768,0.0019124398505586265,-0.610973461576829,-0.18033082926177899,0.0024746388570845773,2.568372745712333,-0.3287391857092665,-0.01738267289848163,-0.47299315098380895,-0.17677731215378273,0.001729636581352007,-0.5458587193183343,-0.17465665806518718,0.002123137675870999,2.600266787646871,-0.17506143791000725,-0.016651990197386998,-0.7692277816095102,-0.32547544929775946,0.0026223023389647477,-0.7590589827670755,-0.3190617784792585,0.0025355576955169118,-0.47127884949690246,-0.1716117570256556,0.0017904275333573407,-0.3087164687371352,-0.1695530699138676,0.0008409152733675477,-0.1929574734090468,-0.3152342530077885,-0.0007332703566746533,-7.6,0.0,0.075,0.17,0.045
1.056,13.0,5.7046481964908026e+17,2.5542365785612455,-0.33941912450694106,-0.01736193627002148,-0.38604106037609753,-0.1319803726688847,0.0014744615349377038,-0.4857189178171653,-0.12937962761537103,0.0020347968449373893,2.6028901935463287,-0.33273068598173666,-0.01761373345890792,-0.4628827981729381,-0.1278275651196768,0.0019614265382185483,-0.6291186847144689,-0.18033082926177899,0.0025838557938902998,2.568370341546472,-0.3287391857092665,-0.017382671588529595,-0.4809228457391168,-0.17677731215378273,0.0017772950329801574,-0.5631557192218701,-0.17465665806518718,0.002227212367518883,2.600263319753492,-0.17506143791000725,-0.01665196935334127,-0.7759059660560415,-0.32547544929775946,0.0026625139938705046,-0.7764104256165383,-0.3190617784792585,0.0026399832257269023,-0.4725236328959598,-0.1716117570256556,0.0017980025548274814,-0.30771952057413765,-0.1695530699138676,0.0008349803929396057,-0.19292351736282895,-0.3152342530077885,-0.0007336606775924504,-7.6,0.0,0.075,0.17,0.045
1.058,13.0,5.704648178692466e+17,2.554236775748275,-0.33941912450694106,-0.01736193421840912,-0.39435052861356046,-0.1319803726688847,0.0015243641262432767,-0.5028773248400142,-0.12937962761537103,0.002138035741210766,2.6028874592458173,-0.33273068598173666,-0.017613725277168393,-0.4710208247909502,-0.1278275651196768,0.0020103313983195676,-0.6472036569263102,-0.18033082926177899,0.002692727132716139,2.568369467490549,-0.3287391857092665,-0.01738265716353443,-0.4888420354031498,-0.17677731215378273,0.0018248732015120044,-0.5804017591418319,-0.17465665806518718,0.002330994366940098,2.6002598579636,-0.17506143791000725,-0.016651948545980996,-0.7825606037868545,-0.32547544929775946,0.002702583100549692,-0.7937063439368083,-0.3190617784792585,0.002744091882823679,-0.47375052484815783,-0.1716117570256556,0.0018054712552218253,-0.3067150060959595,-0.1695530699138676,0.0008289987039616204,-0.19292063426127432,-0.3152342530077885,-0.0007338644138697573,-7.6,0.0,0.075,0.17,0.045
1.06,13.0,5.70464814960187e+17,2.554237409615366,-0.33941912450694106,-0.017361935401531296,-0.4026523181304812,-0.1319803726688847,0.0015742209356680544,-0.519985051789106,-0.12937962761537103,0.0022409861833478594,2.6028912437055687,-0.33273068598173666,-0.017613708871365322,-0.4791521117887359,-0.1278275651196768,0.0020591595580276402,-0.6652265837771623,-0.18033082926177899,0.0028012369659871873,2.5683714913664146,-0.3287391857092665,-0.017382651919198893,-0.496751824308099,-0.17677731215378273,0.0018723883394962024,-0.5975943800950624,-0.17465665806518718,0.0024344706064598686,2.6002564022664596,-0.17506143791000725,-0.016651927775241646,-0.7891919057611775,-0.32547544929775946,0.0027425109269345704,-0.8109440336908814,-0.3190617784792585,0.002847867392745299,-0.4749593554645357,-0.1716117570256556,0.0018128326069350136,-0.30570316181767165,-0.1695530699138676,0.0008229716170925514,-0.19294879355426392,-0.3152342530077885,-0.0007338817124790852,-7.6,0.0,0.075,0.17,0.045
1.062,14.0,6.143459244533829e+17,2.5542383969555282,-0.33941912450694106,-0.017361939204733844,-0.41094639335489,-0.1319803726688847,0.0016240316727695787,-0.5370395048868843,-0.12937962761537103,0.00234363254504241,2.602892135410591,-0.33273068598173666,-0.01761373157812383,-0.48726966371115693,-0.1278275651196768,0.002107947280014355,-0.6831835491446686,-0.18033082926177899,0.0029093745270922997,2.568372389361549,-0.3287391857092665,-0.01738266406245409,-0.5046492589497673,-0.17677731215378273,0.0019198470729258977,-0.6147304640278345,-0.17465665806518718,0.0025376263321792514,2.600252952651352,-0.17506143791000725,-0.016651907041058803,-0.7958000824099173,-0.32547544929775946,0.002782298738780508,-0.8281207996375627,-0.3190617784792585,0.0029512935312697376,-0.47614995626302964,-0.1716117570256556,0.001820085590633281,-0.3046842256105378,-0.1695530699138676,0.0008169005514228244,-0.1930079586514835,-0.3152342530077885,-0.0007337127567211475,-7.6,0.0,0.075,0.17,0.045
1.064,14.0,6.143470658671926e+17,2.5542372470659047,-0.33941912450694106,-0.017361945128774817,-0.41923089542126446,-0.1319803726688847,0.0016737961241160319,-0.5540378060511786,-0.12937962761537103,0.00244595926362908,2.602888619643483,-0.33273068598173666,-0.017613736928353965,-0.4953724317813272,-0.1278275651196768,0.002156652591548881,-0.7010716215666553,-0.18033082926177899,0.0030171163192973375,2.5683710495045706,-0.3287391857092665,-0.017382669450424895,-0.5125335740104824,-0.17677731215378273,0.0019672316807759077,-0.6318072629604276,-0.17465665806518718,0.002640442835775884,2.6002495091075777,-0.17506143791000725,-0.016651886343368155,-0.8023853434707017,-0.32547544929775946,0.0028219477986729472,-0.8452339558185573,-0.3190617784792585,0.003054354126949825,-0.4773221601966655,-0.1716117570256556,0.0018272291954242442,-0.3036584366525794,-0.1695530699138676,0.0008107869341800214,-0.19309808693808017,-0.3152342530077885,-0.00073335776613783,-7.6,0.0,0.075,0.17,0.045
1.066,13.0,5.7046481624494195e+17,2.55423597820013,-0.33941912450694106,-0.017361938229437074,-0.427507374791552,-0.1319803726688847,0.0017235031365142783,-0.5709776352212628,-0.12937962761537103,0.0025479490706148454,2.6028888364462994,-0.33273068598173666,-0.017613715833751317,-0.503466632032246,-0.1278275651196768,0.0022052691999699028,-0.718889074669816,-0.18033082926177899,0.0031244447538292574,2.5683710500712698,-0.3287391857092665,-0.017382661411283026,-0.5204075295941042,-0.17677731215378273,0.002014537571140198,-0.6488226200125916,-0.17465665806518718,0.0027429036293714426,2.6002460716244555,-0.17506143791000725,-0.01665186568210551,-0.8089478978234518,-0.32547544929775946,0.0028614593650376535,-0.8622808260440356,-0.3190617784792585,0.0031570330640357932,-0.478475801681642,-0.1716117570256556,0.0018342624190260596,-0.3026260353787675,-0.1695530699138676,0.0008046322004322709,-0.19321912979146524,-0.3152342530077885,-0.0007328169964182501,-7.6,0.0,0.075,0.17,0.045
1.068,14.0,6.143470752977368e+17,2.554235424716188,-0.33941912450694106,-0.017361930616242426,-0.435776483884861,-0.1319803726688847,0.0017731620127360034,-0.5878565380067996,-0.12937962761537103,0.0026495880456353506,2.602889743854396,-0.33273068598173666,-0.017613717134568215,-0.5115500633000202,-0.1278275651196768,0.002253834401475415,-0.7366328101393605,-0.18033082926177899,0.003231349472448222,2.568371948980849,-0.3287391857092665,-0.017382661414683215,-0.528270861693968,-0.17677731215378273,0.002061781304641929,-0.6657738892355615,-0.17465665806518718,0.0028449957716844268,2.6002426401913232,-0.17506143791000725,-0.016651845057206776,-0.8154879533264653,-0.32547544929775946,0.002900834691154154,-0.8792587443774631,-0.3190617784792585,0.003259314285388663,-0.47961071662529964,-0.1716117570256556,0.0018411842679359183,-0.3015872634308511,-0.1695530699138676,0.0007984377927893993,-0.1933710325992584,-0.3152342530077885,-0.0007320907392979396,-7.6,0.0,0.075,0.17,0.045
1.07,13.0,5.7046480647979866e+17,2.554235451075566,-0.33941912450694106,-0.017361927295338773,-0.44403813924940616,-0.1319803726688847,0.0018227766672958576,-0.6046719519595289,-0.12937962761537103,0.0027508614623485716,2.602888878137677,-0.33273068598173666,-0.017613722579016795,-0.5196209588767889,-0.1278275651196768,0.0023023349890820602,-0.7542998123750284,-0.18033082926177899,0.0033378118852654894,2.568372282742646,-0.3287391857092665,-0.017382666808140695,-0.5361225367507463,-0.17677731215378273,0.0021089612972411114,-0.682658308166699,-0.17465665806518718,0.002946703387022246,2.6002392147975386,-0.17506143791000725,-0.016651824468607985,-0.8220057166531942,-0.32547544929775946,0.002940075024172235,-0.8961650556177675,-0.3190617784792585,0.003361181795389228,-0.48072674245397273,-0.1716117570256556,0.0018479937575978645,-0.30054236360683256,-0.1695530699138676,0.0007922051611019012,-0.1935537347783668,-0.3152342530077885,-0.0007311793224511808,-7.6,0.0,0.075,0.17,0.045
1.072,13.0,5.704648121688439e+17,2.5542359471884972,-0.33941912450694106,-0.017361927453495043,-0.45229227425065627,-0.1319803726688847,0.0018723465994831285,-0.6214213282780775,-0.12937962761537103,0.0028517539460649476,2.6028912416823555,-0.33273068598173666,-0.017613717384716482,-0.5276831577688568,-0.1278275651196768,0.002350760362542673,-0.7718880072614465,-0.18033082926177899,0.0034438138986794963,2.5683718111312843,-0.3287391857092665,-0.017382668810711478,-0.5439624398351535,-0.17677731215378273,0.0021560713475817814,-0.6994732764813477,-0.17465665806518718,0.0030480099006090712,2.6002357954324773,-0.17506143791000725,-0.016651803916245277,-0.8285013931297166,-0.32547544929775946,0.0029791816041326085,-0.912997115779264,-0.3190617784792585,0.0034626196628310536,-0.48182371814071906,-0.1716117570256556,0.001854689912569903,-0.2994915798100991,-0.1695530699138676,0.0007859357621577899,-0.19376716979519384,-0.3152342530077885,-0.0007300831093765304,-7.6,0.0,0.075,0.17,0.045
1.074,13.0,5.704648122771968e+17,2.5542368236362862,-0.33941912450694106,-0.01736193043017263,-0.46053883530947903,-0.1319803726688847,0.0019218714094906295,-0.6381021316833928,-0.12937962761537103,0.0029522502039762387,2.6028886407107854,-0.33273068598173666,-0.01761373156598455,-0.535730589723239,-0.1278275651196768,0.00239913355589508,-0.7893936888964994,-0.18033082926177899,0.0035493430679980047,2.5683710219452904,-0.3287391857092665,-0.017382665981043308,-0.5517909963140559,-0.17677731215378273,0.0022031107660882244,-0.7162162979412938,-0.17465665806518718,0.0031488997104969635,2.6002323820855326,-0.17506143791000725,-0.01665178340005491,-0.8349751865728683,-0.32547544929775946,0.0030181556629917425,-0.9297522925703191,-0.3190617784792585,0.0035636120238000334,-0.48290148423292395,-0.1716117570256556,0.0018612717666903807,-0.29843515699822226,-0.1695530699138676,0.0007796310593773891,-0.19401126518697148,-0.3152342530077885,-0.000728802499275568,-7.6,0.0,0.075,0.17,0.045
1.076,14.0,6.143470768332631e+17,2.5542380077905853,-0.33941912450694106,-0.017361935688859364,-0.46877777882301863,-0.1319803726688847,0.001971350775843566,-0.6547118403992509,-0.12937962761537103,0.0030523350244081307,2.6028901707744936,-0.33273068598173666,-0.01761371596015513,-0.5437701515601543,-0.1278275651196768,0.002447418147621373,-0.8068153246051023,-0.18033082926177899,0.0036543771578083223,2.568373113906742,-0.3287391857092665,-0.017382661245927345,-0.5596106614146368,-0.17677731215378273,0.0022500821049616392,-0.7328852274447509,-0.17465665806518718,0.00324935783925664,2.600228974746118,-0.17506143791000725,-0.01665176291997324,-0.841427299129151,-0.32547544929775946,0.003056998423650653,-0.9464279658696473,-0.3190617784792585,0.0036641430845463633,-0.48395988287977454,-0.1716117570256556,0.00186773836324361,-0.2973733411314342,-0.1695530699138676,0.0007732925225061281,-0.19428594258420936,-0.3152342530077885,-0.0007273379269249022,-7.6,0.0,0.075,0.17,0.045
1.078,13.0,5.704648138994338e+17,2.554237741533146,-0.33941912450694106,-0.017361942793785157,-0.477007788404382,-0.1319803726688847,0.0020207844369248035,-0.671247736771564,-0.12937962761537103,0.0031519932767032793,2.6028921506464937,-0.33273068598173666,-0.01761372514053738,-0.5517991574696205,-0.1278275651196768,0.002495655518642865,-0.8241497971299525,-0.18033082926177899,0.0037589069720599397,2.5683725865769684,-0.3287391857092665,-0.01738267379769605,-0.5674173735662982,-0.17677731215378273,0.0022970000955651244,-0.749476839661361,-0.17465665806518718,0.0033493714162773826,2.6002255734036646,-0.17506143791000725,-0.016651742475936752,-0.8478579311144491,-0.32547544929775946,0.0030957110989883493,-0.9630215282002956,-0.3190617784792585,0.0037641971243423332,-0.4849987578595999,-0.1716117570256556,0.001874088755124714,-0.2963063791207924,-0.1695530699138676,0.0007669216273053997,-0.1945911177342551,-0.3152342530077885,-0.0007256898625414749,-7.6,0.0,0.075,0.17,0.045
1.08,14.0,6.143470748806621e+17,2.554236464106485,-0.33941912450694106,-0.017361941196240523,-0.4852292002418219,-0.1319803726688847,0.002070164494412984,-0.6877073864070824,-0.12937962761537103,0.003251208654937158,2.6028915712354372,-0.33273068598173666,-0.01761373701976938,-0.5598154231062701,-0.1278275651196768,0.002543829554099662,-0.8413940873899419,-0.18033082926177899,0.003862913807209041,2.568371572069474,-0.3287391857092665,-0.017382670633717408,-0.5752127808833081,-0.17677731215378273,0.0023438403684750927,-0.7659888820501132,-0.17465665806518718,0.0034489210895770435,2.600222178047624,-0.17506143791000725,-0.01665172206788203,-0.8542672808545809,-0.32547544929775946,0.0031342948909001372,-0.9795303852014251,-0.3190617784792585,0.0038637584983262233,-0.48601795460707303,-0.1716117570256556,0.001880322005003666,-0.2952345187760423,-0.1695530699138676,0.0007605198552415488,-0.19492670052595837,-0.3152342530077885,-0.0007238588116412004,-7.6,0.0,0.075,0.17,0.045
1.082,13.0,5.7046481285296864e+17,2.5542359034507247,-0.33941912450694106,-0.017361933531680557,-0.4934433184536218,-0.1319803726688847,0.0021194929654376232,-0.7040885265507748,-0.12937962761537103,0.003349966552750268,2.6028894710745205,-0.33273068598173666,-0.017613733543303044,-0.5678197904675032,-0.1278275651196768,0.00259192714791956,-0.8585457002457596,-0.18033082926177899,0.003966379548768977,2.568371835996398,-0.3287391857092665,-0.017382664546672446,-0.5829982538784577,-0.17677731215378273,0.002390612812377152,-0.7824190693865861,-0.17465665806518718,0.0035479933439095564,2.600218788667465,-0.17506143791000725,-0.016651701695745785,-0.8606555445267212,-0.32547544929775946,0.0031727509893409284,-0.9959519560978659,-0.3190617784792585,0.003962811640332999,-0.48701732024027106,-0.1716117570256556,0.0018864371854885045,-0.2941580087531895,-0.1695530699138676,0.0007540886931730481,-0.1952925950154322,-0.3152342530077885,-0.0007218453148909808,-7.6,0.0,0.075,0.17,0.045
1.084,13.0,5.7046481303448237e+17,2.554235923767139,-0.33941912450694106,-0.017361930167745995,-0.5016500397430719,-0.1319803726688847,0.002168777674708423,-0.7203886778924006,-0.12937962761537103,0.0034482533936124227,2.602890853882964,-0.33273068598173666,-0.01761372094233754,-0.5758160670223813,-0.1278275651196768,0.0026399533520869586,-0.8756026541297514,-0.18033082926177899,0.0040692892259038835,2.5683713079990755,-0.3287391857092665,-0.01738266613023399,-0.5907722935694097,-0.17677731215378273,0.00243732565034805,-0.7987646453153866,-0.17465665806518718,0.003646574467928394,2.600215405252675,-0.17506143791000725,-0.016651681359464834,-0.8670229160017775,-0.32547544929775946,0.003211080571373771,-1.0122836741668195,-0.3190617784792585,0.004061341065711644,-0.4879967035875886,-0.1716117570256556,0.0018924333792876926,-0.2930770985017915,-0.1695530699138676,0.0007476296330359314,-0.19568869945290443,-0.3152342530077885,-0.0007196499479541379,-7.6,0.0,0.075,0.17,0.045
1.086,13.0,5.7046480984248154e+17,2.554236414754596,-0.33941912450694106,-0.01736193028964448,-0.5098492766670478,-0.1319803726688847,0.0022180180024451226,-0.7366053779060939,-0.12937962761537103,0.0035460543016621773,2.602890372351378,-0.33273068598173666,-0.017613729239188202,-0.5838003120385106,-0.1278275651196768,0.002687931011416227,-0.8925616801109141,-0.18033082926177899,0.004171630949207834,2.568370473347479,-0.3287391857092665,-0.017382662962250054,-0.5985353044435858,-0.17677731215378273,0.002483969888493762,-0.8150231920455451,-0.17465665806518718,0.0037446479235011968,2.6002120277927583,-0.17506143791000725,-0.016651661058976093,-0.8733695866876923,-0.32547544929775946,0.0032492848002241086,-1.0285229872025445,-0.3190617784792585,0.004159331374125367,-0.48895595521450114,-0.1716117570256556,0.0018983096793715984,-0.2919920382119799,-0.1695530699138676,0.0007411441715275434,-0.19611490631065198,-0.3152342530077885,-0.0007172733213293045,-7.6,0.0,0.075,0.17,0.045
1.088,14.0,6.143470702725317e+17,2.554237286822716,-0.33941912450694106,-0.017361933235569223,-0.5180409538852226,-0.1319803726688847,0.0022672134239889786,-0.7527361807029769,-0.12937962761537103,0.0036433545017443376,2.6028907140113597,-0.33273068598173666,-0.01761372634999869,-0.5917745880602929,-0.1278275651196768,0.002735836481513003,-0.9094205394843553,-0.18033082926177899,0.004273385105094811,2.56837252871189,-0.3287391857092665,-0.017382657954340474,-0.6062897123274145,-0.17677731215378273,0.0025305479537388186,-0.8311926496897889,-0.17465665806518718,0.0038421992038821474,2.6002086562772386,-0.17506143791000725,-0.016651640794216594,-0.8796957453738107,-0.32547544929775946,0.003287364824339597,-1.0446673579776342,-0.3190617784792585,0.004256767252339717,-0.4898949274501736,-0.1716117570256556,0.001904065189133073,-0.2909030787612243,-0.1695530699138676,0.0007346338097886738,-0.1965711023120105,-0.3152342530077885,-0.0007147160801828192,-7.6,0.0,0.075,0.17,0.045
1.09,14.0,6.143459230494922e+17,2.5542384672036973,-0.33941912450694106,-0.01736193846797794,-0.5262250050916474,-0.1319803726688847,0.0023163634872980276,-0.7687786569894116,-0.12937962761537103,0.003740139318525635,2.6028888086350337,-0.33273068598173666,-0.01761372839995858,-0.5997366543743653,-0.1278275651196768,0.002783682137643697,-0.9261762811514171,-0.18033082926177899,0.0043745382613354575,2.5683719719826694,-0.3287391857092665,-0.01738267028652694,-0.614031452046167,-0.17677731215378273,0.0025770744010417904,-0.8472698676803343,-0.17465665806518718,0.003939215949747611,2.6002052906956594,-0.17506143791000725,-0.016651620565123475,-0.8860015780762532,-0.32547544929775946,0.0033253217764563072,-1.0607142647021326,-0.3190617784792585,0.004353633476990255,-0.4908134744139102,-0.1716117570256556,0.0019096990225471082,-0.2898104716608481,-0.1695530699138676,0.0007281000530841401,-0.19705716846145166,-0.3152342530077885,-0.0007119789041746681,-7.6,0.0,0.075,0.17,0.045
1.092,14.0,6.143470774481005e+17,2.5542374736750917,-0.33941912450694106,-0.01736194555026383,-0.5343995522863898,-0.1319803726688847,0.002365467794536576,-0.7847300916582094,-0.12937962761537103,0.0038363941762442435,2.6028879884400458,-0.33273068598173666,-0.017613716967700623,-0.6076890417765258,-0.1278275651196768,0.002831454535528131,-0.9428267847279456,-0.18033082926177899,0.004475072711337829,2.568370761076837,-0.3287391857092665,-0.017382666946151613,-0.6217620160364212,-0.17677731215378273,0.002623524839354306,-0.8632526602567302,-0.17465665806518718,0.004035679257690883,2.600201931037583,-0.17506143791000725,-0.016651600371634,-0.8922872678843242,-0.32547544929775946,0.0033631567726709623,-1.0766612014805141,-0.3190617784792585,0.004449914917337245,-0.4917114520414416,-0.1716117570256556,0.0019152103043295278,-0.2887144690023084,-0.1695530699138676,0.0007215444104818831,-0.19757298007572038,-0.3152342530077885,-0.0007090625072780211,-7.6,0.0,0.075,0.17,0.045
1.094,13.0,5.704648177366472e+17,2.5542363313773255,-0.33941912450694106,-0.0173619395890922,-0.5425660957726859,-0.1319803726688847,0.0024145150777050302,-0.8005883475846437,-0.12937962761537103,0.003932102784257031,2.6028880564508428,-0.33273068598173666,-0.017613712046530693,-0.6156316452994774,-0.1278275651196768,0.002879168859941094,-0.9593694987414193,-0.18033082926177899,0.0045749757327969995,2.568369386060434,-0.3287391857092665,-0.01738265968071662,-0.6294817982778316,-0.17677731215378273,0.002669908223295831,-0.8791386709613772,-0.17465665806518718,0.004131576013149258,2.6001985772925873,-0.17506143791000725,-0.01665158021368554,-0.8985529948081515,-0.32547544929775946,0.0034008709115193885,-1.0925056787643712,-0.3190617784792585,0.004545596538007534,-0.4925887181110447,-0.1716117570256556,0.0019205981700947164,-0.28761532340324947,-0.1695530699138676,0.0007149683945306449,-0.19811840681602375,-0.3152342530077885,-0.0007059676375924088,-7.6,0.0,0.075,0.17,0.045
1.096,13.0,5.7046481564450976e+17,2.5542358802622056,-0.33941912450694106,-0.0173619327353056,-0.5507252422748504,-0.1319803726688847,0.002463514338622807,-0.8163511556556658,-0.12937962761537103,0.004027252319815636,2.6028888439919053,-0.33273068598173666,-0.017613712454595476,-0.6235643759386029,-0.1278275651196768,0.002926824481078804,-0.975801893865068,-0.18033082926177899,0.0046742320168778415,2.5683710041129566,-0.3287391857092665,-0.017382651430618203,-0.6371931730970671,-0.17677731215378273,0.0027162269167442933,-0.8949259010604427,-0.17465665806518718,0.004226892077377141,2.60019522945027,-0.17506143791000725,-0.01665156009121557,-0.9047989356274798,-0.32547544929775946,0.003438465273062352,-1.108245223802356,-0.3190617784792585,0.004640663401710677,-0.4934451322694913,-0.1716117570256556,0.0019258617665123346,-0.2865132879533427,-0.1695530699138676,0.0007083735209362913,-0.19869331272126356,-0.3152342530077885,-0.0007026950771505886,-7.6,0.0,0.075,0.17,0.045
1.098,13.0,5.704648137014407e+17,2.554235989335427,-0.33941912450694106,-0.017361930028614882,-0.5588768661031069,-0.1319803726688847,0.002512469217635794,-0.8320161416392119,-0.12937962761537103,0.004121829168241769,2.6028902137831342,-0.33273068598173666,-0.01761371717984185,-0.6314871635063167,-0.1278275651196768,0.0029744208649135568,-0.9921214634194495,-0.18033082926177899,0.004772826387619734,2.5683715735342494,-0.3287391857092665,-0.01738266113893334,-0.6448931575335086,-0.17677731215378273,0.0027624951656597067,-0.9106114456910985,-0.17465665806518718,0.004321615457971533,2.6001918875002477,-0.17506143791000725,-0.016651540004161663,-0.9110252637415901,-0.32547544929775946,0.003475940917978322,-1.123877381088172,-0.3190617784792585,0.0047351006719385845,-0.4942805560578214,-0.1716117570256556,0.0019310002514630142,-0.2854086161599228,-0.1695530699138676,0.0007017613082368506,-0.19929755624230405,-0.3152342530077885,-0.0006992456417191497,-7.6,0.0,0.075,0.17,0.045
1.1,13.0,5.7046480679643245e+17,2.5542365521983124,-0.33941912450694106,-0.01736193068305421,-0.5670208557856515,-0.1319803726688847,0.002561378960605333,-0.8475809509872907,-0.12937962761537103,0.004215819084143045,2.6028897222622938,-0.33273068598173666,-0.017613725398589224,-0.6393982180422438,-0.1278275651196768,0.0030219575903198395,-1.0083254242062825,-0.18033082926177899,0.004870743804946023,2.5683716278524975,-0.3287391857092665,-0.017382664555461093,-0.652582163533161,-0.17677731215378273,0.0028086950722783556,-0.92619300518633,-0.17465665806518718,0.004415728725755469,2.6001885514321534,-0.17506143791000725,-0.01665151995246153,-0.9172321490205501,-0.32547544929775946,0.003513298886662984,-1.1393997128042224,-0.3190617784792585,0.004828893615653481,-0.49509485293693645,-0.1716117570256556,0.001936012794192995,-0.2843015618934327,-0.1695530699138676,0.0006951332774763313,-0.1999309902772661,-0.3152342530077885,-0.0006956201805929068,-7.6,0.0,0.075,0.17,0.045
1.102,13.0,5.704648081443203e+17,2.5542374824303007,-0.33941912450694106,-0.01736193406023152,-0.5751571104670322,-0.1319803726688847,0.002610242898700601,-0.863043248682692,-0.12937962761537103,0.004309207940231518,2.602890056394798,-0.33273068598173666,-0.017613722449464183,-0.6472995598539857,-0.1278275651196768,0.0030694239175354018,-1.0244116702896977,-0.18033082926177899,0.00496796756966702,2.568370930127372,-0.3287391857092665,-0.017382664881370587,-0.6602600305293803,-0.17677731215378273,0.0028548291082762696,-0.9416681963264849,-0.17465665806518718,0.004509218082726857,2.6001852212356398,-0.17506143791000725,-0.016651499936052964,-0.9234197576577693,-0.32547544929775946,0.0035505401983367433,-1.1548097992617938,-0.3190617784792585,0.004922027605949784,-0.49588788831300906,-0.1716117570256556,0.0019408985754676854,-0.28319237933268737,-0.1695530699138676,0.0006884909518773906,-0.20059346220783916,-0.3152342530077885,-0.0006918195763831345,-7.6,0.0,0.075,0.17,0.045
1.104,14.0,6.143459207938897e+17,2.5542387098383177,-0.33941912450694106,-0.017361939641623452,-0.5832855369628667,-0.1319803726688847,0.002659060426788885,-0.8784007191880489,-0.12937962761537103,0.004401981726403926,2.6028910591485763,-0.33273068598173666,-0.017613724454259207,-0.6551910894712913,-0.1278275651196768,0.003116831968405854,-1.0403777511232701,-0.18033082926177899,0.005064485046167512,2.5683699581314534,-0.3287391857092665,-0.01738266069501983,-0.6679271196952639,-0.17677731215378273,0.0029008963102535854,-0.9570347481550077,-0.17465665806518718,0.004602069229567787,2.600181896900378,-0.17506143791000725,-0.01665147995487388,-0.9295882520237954,-0.32547544929775946,0.003587665850160059,-1.1701052393391098,-0.3190617784792585,0.005014488124695213,-0.49665952956270426,-0.1716117570256556,0.0019456567877241208,-0.28208132290996935,-0.1695530699138676,0.0006818358565129186,-0.20128481393660208,-0.3152342530077885,-0.0006878447447996962,-7.6,0.0,0.075,0.17,0.045
1.106,13.0,5.704648166124398e+17,2.554237754293882,-0.33941912450694106,-0.017361947006071552,-0.5914042378110854,-0.1319803726688847,0.0027078309857638916,-0.8936507596875393,-0.12937962761537103,0.004494126549436067,2.6028896890642184,-0.33273068598173666,-0.017613730470781876,-0.6630705632480244,-0.1278275651196768,0.0031641811461096876,-1.0562208638758441,-0.18033082926177899,0.005160281531168947,2.5683719024478346,-0.3287391857092665,-0.01738265486304432,-0.6755858003935188,-0.17677731215378273,0.002946898845248887,-0.9722907581513683,-0.17465665806518718,0.004694268540538923,2.600178578416056,-0.17506143791000725,-0.016651460008862314,-0.935737790521595,-0.32547544929775946,0.003624676816356215,-1.1852836509141735,-0.3190617784792585,0.0051062607651591084,-0.4974096460582084,-0.1716117570256556,0.001950286635222292,-0.28096864725596604,-0.1695530699138676,0.0006751695179766105,-0.20200488192534347,-0.3152342530077885,-0.0006836966344271186,-7.6,0.0,0.075,0.17,0.045
1.108,13.0,5.704648169818479e+17,2.5542366426339633,-0.33941912450694106,-0.01736194127280494,-0.5995146765685696,-0.1319803726688847,0.002756543190853204,-0.9087913562578822,-0.12937962761537103,0.00458562679243301,2.6028869499679925,-0.33273068598173666,-0.01761372225027573,-0.6709387311852744,-0.1278275651196768,0.0032114579887700854,-1.07193874977049,-0.18033082926177899,0.005255340207684391,2.5683727358105233,-0.3287391857092665,-0.017382666528942606,-0.6832330894254863,-0.17677731215378273,0.0029928509294384164,-0.9874334075897632,-0.17465665806518718,0.004785804600517087,2.6001752657723807,-0.17506143791000725,-0.01665144009795638,-0.9418685274430554,-0.32547544929775946,0.003661574047343013,-1.2003426712969354,-0.3190617784792585,0.005197331234609491,-0.49813810919206125,-0.1716117570256556,0.0019547873341953168,-0.2798546071445617,-0.1695530699138676,0.0006684934640525907,-0.20275349723437258,-0.3152342530077885,-0.0006793762264946703,-7.6,0.0,0.075,0.17,0.045
1.11,14.0,6.143470771720023e+17,2.5542362161891763,-0.33941912450694106,-0.017361934602845425,-0.6076174263528097,-0.1319803726688847,0.002805205823398109,-0.9238203637078592,-0.12937962761537103,0.004676470371855067,2.602890730985314,-0.33273068598173666,-0.017613705815698374,-0.6788014414707203,-0.1278275651196768,0.0032586669963935856,-1.0875300622011772,-0.18033082926177899,0.0053496475230522655,2.5683713434428634,-0.3287391857092665,-0.01738267152911874,-0.6908681548899454,-0.17677731215378273,0.0030387346636302215,-1.0024602751330172,-0.17465665806518718,0.0048766604971474566,2.6001719589590775,-0.17506143791000725,-0.01665142022209433,-0.9479806128270337,-0.32547544929775946,0.003698358468871776,-1.2152799576562225,-0.3190617784792585,0.005287685356906062,-0.4988447924017871,-0.1716117570256556,0.0019591581129984343,-0.2787394574374944,-0.1695530699138676,0.0006618092233841645,-0.20353048556281084,-0.3152342530077885,-0.0006748845346404956,-7.6,0.0,0.075,0.17,0.045
1.112,13.0,5.704648139633601e+17,2.5542363450860948,-0.33941912450694106,-0.017361932044176704,-0.6157123303507537,-0.1319803726688847,0.0028538223221035498,-0.9387355327869819,-0.12937962761537103,0.004766644416554929,2.602891620347406,-0.33273068598173666,-0.017613728501802303,-0.6866517216031597,-0.1278275651196768,0.003305843258106261,-1.1029912333442446,-0.18033082926177899,0.00544319539763639,2.568371301340786,-0.3287391857092665,-0.01738266317491278,-0.6984936323308959,-0.17677731215378273,0.0030845450564169754,-1.0173695682933224,-0.17465665806518718,0.00496682170240698,2.6001686579658885,-0.17506143791000725,-0.016651400381214508,-0.9540741923190013,-0.32547544929775946,0.0037350309811756454,-1.2300931874412624,-0.3190617784792585,0.005377309075061785,-0.4995295711943205,-0.1716117570256556,0.001963398212256789,-0.27762345302889097,-0.1695530699138676,0.0006551183251417608,-0.20433566728985478,-0.3152342530077885,-0.0006702226046698661,-7.6,0.0,0.075,0.17,0.045
1.114,14.0,6.14347061958249e+17,2.554236923836488,-0.33941912450694106,-0.017361932817558216,-0.6237992449111824,-0.1319803726688847,0.002902391746091214,-0.9535346367635028,-0.12937962761537103,0.004856135431029665,2.6028881031302102,-0.33273068598173666,-0.017613733837974856,-0.6944884403707929,-0.1278275651196768,0.003352944938900897,-1.1183197424072944,-0.18033082926177899,0.005535962424494794,2.5683721655735225,-0.3287391857092665,-0.017382662922300316,-0.7061091781354051,-0.17677731215378273,0.0031302979210626786,-1.0321589916997078,-0.17465665806518718,0.005056277461368812,2.6001653627825743,-0.17506143791000725,-0.016651380575255375,-0.9601494070320565,-0.32547544929775946,0.003771592458127451,-1.244780058801687,-0.3190617784792585,0.005466188453772024,-0.5001923231702226,-0.1716117570256556,0.00196750688501199,-0.27650684878969023,-0.1695530699138676,0.0006484222986901403,-0.20516885751700026,-0.3152342530077885,-0.0006653915143076025,-7.6,0.0,0.075,0.17,0.045
1.116,14.0,6.143470746237622e+17,2.554237866759318,-0.33941912450694106,-0.017361936290060578,-0.6318780359970929,-0.1319803726688847,0.002950913233453786,-0.968215471244928,-0.12937962761537103,0.004944930054888791,2.602888319207431,-0.33273068598173666,-0.01761371273467168,-0.7023176012851702,-0.1278275651196768,0.0033999652515066974,-1.1335143483453882,-0.18033082926177899,0.005627933478873092,2.5683706382819205,-0.3287391857092665,-0.017382668107696737,-0.7137123363464252,-0.17677731215378273,0.0031759911958897345,-1.046825896997379,-0.17465665806518718,0.005145014001807124,2.600162073398915,-0.17506143791000725,-0.01665136080415549,-0.9662063934095315,-0.32547544929775946,0.0038080437464057823,-1.2593382910031574,-0.3190617784792585,0.005554309681934572,-0.5008329280476828,-0.1716117570256556,0.001971483396867402,-0.2753898995119678,-0.1695530699138676,0.0006417226732549358,-0.20602986611121818,-0.3152342530077885,-0.0006603923729447296,-7.6,0.0,0.075,0.17,0.045
1.118,13.0,5.704648150259254e+17,2.5542374051323327,-0.33941912450694106,-0.017361941947597555,-0.6399473133743852,-0.1319803726688847,0.0029993859799692492,-0.9827756359917962,-0.12937962761537103,0.005033015061777342,2.602889226477554,-0.33273068598173666,-0.017613714031135003,-0.7101369343476504,-0.1278275651196768,0.003446940216992961,-1.1485723758734647,-0.18033082926177899,0.005719101114501655,2.5683690069951193,-0.3287391857092665,-0.01738265894394712,-0.7213047689378096,-0.17677731215378273,0.003221610145155855,-1.0613683877393258,-0.17465665806518718,0.005233015433593151,2.6001587898047074,-0.17506143791000725,-0.016651341067853535,-0.9722452830891984,-0.32547544929775946,0.003844385664670633,-1.2737656248388232,-0.3190617784792585,0.005641659075143394,-0.501451267686303,-0.1716117570256556,0.001975327026132163,-0.2742728598531728,-0.1695530699138676,0.0006350209775886012,-0.2069184977490714,-0.3152342530077885,-0.0006552263213794221,-7.6,0.0,0.075,0.17,0.045
1.12,13.0,5.704648117454293e+17,2.5542359695867667,-0.33941912450694106,-0.017361939177835642,-0.648007316014921,-0.1319803726688847,0.0030478016442330026,-0.9972130337588518,-0.12937962761537103,0.005120376050258551,2.602890692935889,-0.33273068598173666,-0.01761371947475574,-0.7179463141454363,-0.1278275651196768,0.0034938562153678412,-1.1634915527480671,-0.18033082926177899,0.005809449279670115,2.568370417591436,-0.3287391857092665,-0.017382649156226317,-0.728888763567589,-0.17677731215378273,0.003267164740704161,-1.0757847023309888,-0.17465665806518718,0.005320270378044833,2.600155511989766,-0.17506143791000725,-0.016651321366288288,-0.9782662027690818,-0.32547544929775946,0.003880619002748634,-1.2880598230372369,-0.3190617784792585,0.005728223078157389,-0.5020472261106588,-0.1716117570256556,0.0019790370639638844,-0.2731559842802895,-0.1695530699138676,0.0006283187396358312,-0.20783455196176268,-0.3152342530077885,-0.0006498945315523028,-7.6,0.0,0.075,0.17,0.045
1.122,14.0,6.143470697644227e+17,2.554235281069568,-0.33941912450694106,-0.01736193056456225,-0.6560592364858059,-0.1319803726688847,0.0030961616600762177,-1.011525753918827,-0.12937962761537103,0.005207000436860885,2.6028902793141557,-0.33273068598173666,-0.017613728273505755,-0.7257439081901106,-0.1278275651196768,0.0035407124941545572,-1.1782693272889337,-0.18033082926177899,0.0058989643409177285,2.568372459125432,-0.3287391857092665,-0.017382657619804214,-0.7364625069331789,-0.17677731215378273,0.0033126687084828383,-1.0900723700405406,-0.17465665806518718,0.00540676826559481,2.6001522399439243,-0.17506143791000725,-0.01665130169939864,-0.9842692740749728,-0.32547544929775946,0.003916744520827934,-1.302218670665479,-0.3190617784792585,0.00581398826734787,-0.502620689533633,-0.1716117570256556,0.0019826128145100192,-0.27203952701393497,-0.1695530699138676,0.0006216174861985313,-0.20877782318110316,-0.3152342530077885,-0.000644398206276155,-7.6,0.0,0.075,0.17,0.045
1.124,13.0,5.704648128430315e+17,2.5542351981000913,-0.33941912450694106,-0.017361926433459053,-0.6641028775794832,-0.1319803726688847,0.003144473182901527,-1.0257116680763336,-0.12937962761537103,0.005292876757820735,2.6028906760729518,-0.33273068598173666,-0.017613725791775354,-0.7335316593730542,-0.1278275651196768,0.0035874980584226024,-1.1929038460093169,-0.18033082926177899,0.005987630988162928,2.568370418421618,-0.3287391857092665,-0.01738266986900819,-0.7440224878291457,-0.17677731215378273,0.003358111168676377,-1.104228637084281,-0.17465665806518718,0.00549249427185212,2.6001489736570327,-0.17506143791000725,-0.01665128206712359,-0.9902546134295889,-0.32547544929775946,0.00395276294866328,-1.3162399755291045,-0.3190617784792585,0.005898941353117324,-0.5031715463795189,-0.1716117570256556,0.001986053595047865,-0.2709237419724056,-0.1695530699138676,0.0006149187426004042,-0.20974810078639072,-0.3152342530077885,-0.0006387385789601121,-7.6,0.0,0.075,0.17,0.045
1.1260000000000001,13.0,5.7046481426424704e+17,2.5542356057619955,-0.33941912450694106,-0.017361925935642196,-0.672138056159027,-0.1319803726688847,0.003192735029463591,-1.0397686729440896,-0.12937962761537103,0.005377992242765776,2.602888815368518,-0.33273068598173666,-0.01761372817232813,-0.7413072639005753,-0.1278275651196768,0.003634224565520264,-1.2073925209621883,-0.18033082926177899,0.006075438100485228,2.568369838795006,-0.3287391857092665,-0.017382657624785306,-0.7515727350437086,-0.17677731215378273,0.0034034710540521776,-1.1182521274305,-0.17465665806518718,0.005577431874114564,2.600145713118961,-0.17506143791000725,-0.01665126246940224,-0.9962223319236104,-0.32547544929775946,0.003988674984790977,-1.3301215685651717,-0.3190617784792585,0.005983069182299077,-0.5036996873068865,-0.1716117570256556,0.00198935873612318,-0.2698088827156832,-0.1695530699138676,0.000608224032351228,-0.21074516915218752,-0.3152342530077885,-0.0006329169133283867,-7.6,0.0,0.075,0.17,0.045
1.1280000000000001,13.0,5.7046481509043104e+17,2.5542364107161393,-0.33941912450694106,-0.01736192838161362,-0.6801645993278231,-0.1319803726688847,0.0032409461009408535,-1.0536946900819013,-0.12937962761537103,0.005462334271972311,2.602888031359086,-0.33273068598173666,-0.017613717008101527,-0.7490731201165927,-0.1278275651196768,0.003680878192685392,-1.221733635815179,-0.18033082926177899,0.006162370150202457,2.5683721010452945,-0.3287391857092665,-0.017382654147025636,-0.7591142084594079,-0.17677731215378273,0.0034487725373395554,-1.132140938055972,-0.17465665806518718,0.005661572816191877,2.6001424583195956,-0.17506143791000725,-0.01665124290617381,-1.002172535188225,-0.32547544929775946,0.004024481295755105,-1.3438613042358958,-0.3190617784792585,0.00606635874051548,-0.5042050052312097,-0.1716117570256556,0.0019925275816873858,-0.26869520238941397,-0.1695530699138676,0.0006015348768108937,-0.21176880769698575,-0.3152342530077885,-0.000626934503133606,-7.6,0.0,0.075,0.17,0.045
1.1300000000000001,13.0,5.7046481381805024e+17,2.5542375371497417,-0.33941912450694106,-0.01736193321133848,-0.6881823413031972,-0.1319803726688847,0.0032891053599536303,-1.0674876657480679,-0.12937962761537103,0.005545890374799182,2.6028881286486683,-0.33273068598173666,-0.017613712304044935,-0.7568290250745492,-0.1278275651196768,0.003727473329981495,-1.2359250321093378,-0.18033082926177899,0.0062484168393204,2.5683731919009203,-0.3287391857092665,-0.017382667720527368,-0.7666439021662237,-0.17677731215378273,0.0034940213778337516,-1.1458924718573529,-0.17465665806518718,0.005744905679944709,2.6001392092488387,-0.17506143791000725,-0.01665122337737762,-1.0081053232696842,-0.32547544929775946,0.0040601825153427935,-1.357457060913907,-0.3190617784792585,0.006148797154539825,-0.5046873953472478,-0.1716117570256556,0.001995559489233325,-0.26758295366887147,-0.1695530699138676,0.0005948527948532782,-0.2128187909327506,-0.3152342530077885,-0.0006207926718648166,-7.6,0.0,0.075,0.17,0.045
1.1320000000000001,13.0,5.704648157975383e+17,2.554237224354326,-0.33941912450694106,-0.017361939969940097,-0.6961898649565668,-0.1319803726688847,0.0033372118118058748,-1.0811453492281826,-0.12937962761537103,0.005628648228796181,2.6028889398474555,-0.33273068598173666,-0.017613712887782428,-0.7645747889721475,-0.1278275651196768,0.003774008759729234,-1.2499645811125735,-0.18033082926177899,0.006333565217085353,2.5683703680158176,-0.3287391857092665,-0.01738267426566112,-0.774159737381023,-0.17677731215378273,0.0035391995400746454,-1.1595043235273441,-0.17465665806518718,0.005827414882752994,2.600135965896612,-0.17506143791000725,-0.016651203882953075,-1.0140207905056804,-0.32547544929775946,0.004095779243831549,-1.3709067412634401,-0.3190617784792585,0.006230371694607891,-0.5051467551511788,-0.1716117570256556,0.0019984538299295538,-0.2664723887029165,-0.1695530699138676,0.0005881793025300233,-0.21389488851532917,-0.3152342530077885,-0.0006144927724502275,-7.6,0.0,0.075,0.17,0.045
1.1340000000000001,13.0,5.7046481321104237e+17,2.5542359094724545,-0.33941912450694106,-0.017361938093167602,-0.7041873714625049,-0.1319803726688847,0.003385256953726092,-1.0946657997068043,-0.12937962761537103,0.005710594329676869,2.6028903287218714,-0.33273068598173666,-0.017613717754975153,-0.7723102381581258,-0.1278275651196768,0.0038204833431148247,-1.2638501842128311,-0.18033082926177899,0.006417802511104767,2.568369153908717,-0.3287391857092665,-0.017382657322350503,-0.7816656920433184,-0.17677731215378273,0.003584294551363441,-1.172975214101644,-0.17465665806518718,0.005909085992772942,2.6001327282528557,-0.17506143791000725,-0.016651184422839714,-1.0199190254035357,-0.32547544929775946,0.004131272047247526,-1.3842082726180132,-0.3190617784792585,0.006311069776705091,-0.5055829844624787,-0.1716117570256556,0.0020012099887531396,-0.265363759057965,-0.1695530699138676,0.0005815159127342935,-0.21499686529571413,-0.3152342530077885,-0.0006080361869547561,-7.6,0.0,0.075,0.17,0.045
1.1360000000000001,13.0,5.704648088180999e+17,2.5542353187414704,-0.33941912450694106,-0.017361930203876375,-0.7121760086665584,-0.1319803726688847,0.003433241992761721,-1.1080472680197835,-0.12937962761537103,0.0057917170325486,2.6028898525615025,-0.33273068598173666,-0.01761372608822165,-0.7800335018351422,-0.1278275651196768,0.003866896038230694,-1.2775794610671671,-0.18033082926177899,0.006501116129706314,2.568370902424128,-0.3287391857092665,-0.017382650037707902,-0.7891626777210293,-0.17677731215378273,0.0036293302793372144,-1.1863033330128798,-0.17465665806518718,0.005989911336218742,2.600129496307528,-0.17506143791000725,-0.016651164996977177,-1.0258001105203172,-0.32547544929775946,0.004166661456634658,-1.3973596073531198,-0.3190617784792585,0.006390878964832528,-0.5059959854455433,-0.1716117570256556,0.002003827364620939,-0.26425731566197697,-0.1695530699138676,0.0005748641348645845,-0.21612448137215037,-0.3152342530077885,-0.0006014243262724463,-7.6,0.0,0.075,0.17,0.045
1.1380000000000001,13.0,5.7046481064552e+17,2.554235314976252,-0.33941912450694106,-0.01736192665949047,-0.7201555409108269,-0.1319803726688847,0.003481173815986042,-1.1212877857595989,-0.12937962761537103,0.0058720058424264745,2.6028901990251283,-0.33273068598173666,-0.017613723231259433,-0.787746461828081,-0.1278275651196768,0.003913235620292792,-1.2911507434765326,-0.18033082926177899,0.00658349179083233,2.56837157758518,-0.3287391857092665,-0.017382660528800366,-0.7966476570981518,-0.17677731215378273,0.00367431219340348,-1.199486171004906,-0.17465665806518718,0.006069880049686156,2.600126270050603,-0.17506143791000725,-0.01665114560530521,-1.0316641223448768,-0.32547544929775946,0.0042019479673353465,-1.4103587232544124,-0.3190617784792585,0.006469786973243168,-0.506385662631047,-0.1716117570256556,0.002006305370519326,-0.26315330874847837,-0.1695530699138676,0.0005682254744886563,-0.21727749214307338,-0.3152342530077885,-0.0005946586298138289,-7.6,0.0,0.075,0.17,0.045
1.1400000000000001,13.0,5.704648110921486e+17,2.5542357867495507,-0.33941912450694106,-0.017361926636899158,-0.7281257452394462,-0.1319803726688847,0.003529051009451653,-1.1343854120416061,-0.12937962761537103,0.005951448948865367,2.602891211645042,-0.33273068598173666,-0.01761372531004119,-0.7954489087359216,-0.1278275651196768,0.003959513380250425,-1.3045620103656395,-0.18033082926177899,0.006664919485288522,2.568371717567733,-0.3287391857092665,-0.01738266457976668,-0.8041209305039393,-0.17677731215378273,0.003719222069666214,-1.2125218586792588,-0.17465665806518718,0.006148977077638313,2.6001230494720726,-0.17506143791000725,-0.016651126247763662,-1.0375111311818839,-0.32547544929775946,0.0042371320382827045,-1.423203623880644,-0.3190617784792585,0.006547781668650924,-0.506751922937036,-0.1716117570256556,0.002008643433632349,-0.2620519878006277,-0.1695530699138676,0.0005616014330076647,-0.21845564836086734,-0.3152342530077885,-0.0005877405651882908,-7.6,0.0,0.075,0.17,0.045
1.1420000000000001,13.0,5.704648181066561e+17,2.554236643556287,-0.33941912450694106,-0.01736192946753895,-0.7360864077121918,-0.1319803726688847,0.0035768722354233688,-1.1473382332225757,-0.12937962761537103,0.006030034706557412,2.6028898494211896,-0.33273068598173666,-0.01761373138576067,-0.8031385188963388,-0.1278275651196768,0.004005728061697469,-1.317810879374426,-0.18033082926177899,0.006745387086623164,2.568371089206131,-0.3287391857092665,-0.017382665419661998,-0.8115822326686439,-0.17677731215378273,0.00376406171010094,-1.225408445698559,-0.17465665806518718,0.0062271912036844295,2.6001198345619474,-0.17506143791000725,-0.016651106924292478,-1.0433412010378327,-0.32547544929775946,0.004272214091304747,-1.4358923389224618,-0.3190617784792585,0.006624851072408314,-0.5070946756897489,-0.1716117570256556,0.0020108409954682823,-0.2609536014953402,-0.1695530699138676,0.0005549935073205607,-0.21965869618643113,-0.3152342530077885,-0.0005806716278815271,-7.6,0.0,0.075,0.17,0.045
1.1440000000000001,13.0,5.7046481466046976e+17,2.554237811885684,-0.33941912450694106,-0.017361934608379367,-0.7440373203977554,-0.1319803726688847,0.0036246362102598426,-1.1601443627292143,-0.12937962761537103,0.006107751633643227,2.6028871165537524,-0.33273068598173666,-0.017613723212417557,-0.8108159151659621,-0.1278275651196768,0.004051865722659972,-1.330895541664476,-0.18033082926177899,0.006824880300675884,2.5683701733374167,-0.3287391857092665,-0.017382661649492388,-0.8190318081360185,-0.17677731215378273,0.003808829523089167,-1.2381441060388496,-0.17465665806518718,0.006304510725800231,2.6001166253102546,-0.17506143791000725,-0.016651087634831727,-1.0491543895091047,-0.32547544929775946,0.004307194510440439,-1.4484229245555003,-0.3190617784792585,0.00670098336265922,-0.5074138326441628,-0.1716117570256556,0.00201289751198456,-0.25985839764748114,-0.1695530699138676,0.0005484031894888356,-0.2208863772445403,-0.3152342530077885,-0.0005734533409281442,-7.6,0.0,0.075,0.17,0.045
1.1460000000000001,13.0,5.704648146403371e+17,2.554237532901242,-0.33941912450694106,-0.01736194161835575,-0.7519770304540913,-0.1319803726688847,0.003672341686373224,-1.1728017156429933,-0.12937962761537103,0.006184588410683059,2.6028909024725304,-0.33273068598173666,-0.017613706815212935,-0.8184867397667582,-0.1278275651196768,0.004097930100277711,-1.3438151458248586,-0.18033082926177899,0.006903388274416183,2.5683721630327305,-0.3287391857092665,-0.017382656154280102,-0.8264718744886917,-0.17677731215378273,0.003853526975893415,-1.2507274057758346,-0.17465665806518718,0.006380924687841975,2.6001134217070385,-0.17506143791000725,-0.016651068379321572,-1.0549507476720836,-0.32547544929775946,0.004342073641268072,-1.4607934637888909,-0.3190617784792585,0.006776166876457451,-0.507709308004259,-0.1716117570256556,0.0020148124537110435,-0.25876662315414123,-0.1695530699138676,0.0005418319664016813,-0.22213842867999264,-0.3152342530077885,-0.0005660872545794893,-7.6,0.0,0.075,0.17,0.045
1.1480000000000001,13.0,5.7046481336461914e+17,2.5542362452637017,-0.33941912450694106,-0.0173619399444491,-0.7599056928354155,-0.1319803726688847,0.0037199799467112393,-1.1853085240559935,-0.12937962761537103,0.0062605325281657334,2.6028917956564217,-0.33273068598173666,-0.0176137295307256,-0.8261440064174832,-0.1278275651196768,0.004143955047882488,-1.356566528915661,-0.18033082926177899,0.006980905899378479,2.568373033047948,-0.3287391857092665,-0.01738266809245198,-0.8338993820534444,-0.17677731215378273,0.0038981673740094546,-1.2631559582020555,-0.17465665806518718,0.006456424486263885,2.6001102237423637,-0.17506143791000725,-0.016651049157702276,-1.0607303199753533,-0.32547544929775946,0.004376851790245945,-1.4730020668090924,-0.3190617784792585,0.006850390111857794,-0.5079810184430031,-0.1716117570256556,0.0020165853058716206,-0.25767852393900575,-0.1695530699138676,0.0005352813194416418,-0.22341458321452554,-0.3152342530077885,-0.0005585749459667752,-7.6,0.0,0.075,0.17,0.045
1.1500000000000001,13.0,5.7046480564223725e+17,2.5542356764418335,-0.33941912450694106,-0.01736193221862386,-0.767824402708323,-0.1319803726688847,0.003767551920999185,-1.197663216807203,-0.12937962761537103,0.006335573378643734,2.6028882813829934,-0.33273068598173666,-0.01761373488982895,-0.8337864792666904,-0.1278275651196768,0.004189898647786839,-1.3691476261773463,-0.18033082926177899,0.007057414197923293,2.5683700303143913,-0.3287391857092665,-0.01738267331254329,-0.84131220191109,-0.17677731215378273,0.0039427324193979695,-1.275427575353854,-0.17465665806518718,0.00653099580082121,2.6001070314063095,-0.17506143791000725,-0.016651029969914227,-1.0664931441340337,-0.32547544929775946,0.004411529224065563,-1.4850468713179343,-0.3190617784792585,0.006923641729979004,-0.5082288831220384,-0.1716117570256556,0.0020182155685040857,-0.2565943448968298,-0.1695530699138676,0.000528752724150829,-0.2247145692044922,-0.3152342530077885,-0.0005509180187595778,-7.6,0.0,0.075,0.17,0.045
1.1520000000000001,13.0,5.704648172648802e+17,2.5542356902527006,-0.33941912450694106,-0.017361928805692647,-0.7757328791451421,-0.1319803726688847,0.0038150641802366294,-1.2098640016564022,-0.12937962761537103,0.0064097015351509915,2.6028884996901134,-0.33273068598173666,-0.01761371380418838,-0.8414199454334299,-0.1278275651196768,0.004235753484882081,-1.3815577141332969,-0.18033082926177899,0.007132900781493405,2.5683686714569447,-0.3287391857092665,-0.017382655296141948,-0.84871421494505,-0.17677731215378273,0.003987209338543844,-1.2875412225892438,-0.17465665806518718,0.006604625503732001,2.6001038446889733,-0.17506143791000725,-0.016651010815897902,-1.0722392510262633,-0.32547544929775946,0.004446106169017646,-1.4969260428658069,-0.3190617784792585,0.006995910557032055,-0.5084528237110832,-0.1716117570256556,0.002019702756578297,-0.25551432983803213,-0.1695530699138676,0.0005222476498977733,-0.2260381106992847,-0.3152342530077885,-0.0005431181028197779,-7.6,0.0,0.075,0.17,0.045
1.154,13.0,5.704648135453275e+17,2.554236176083093,-0.33941912450694106,-0.01736192888855785,-0.783630853102069,-0.1319803726688847,0.0038625150388575443,-1.2219091161580675,-0.12937962761537103,0.006482906244246188,2.6028894086098355,-0.33273068598173666,-0.0176137151140311,-0.8490420441813928,-0.1278275651196768,0.004281554281882519,-1.3937945778288028,-0.18033082926177899,0.007207361309229108,2.5683703029100755,-0.3287391857092665,-0.017382647142997268,-0.856106259813529,-0.17677731215378273,0.004031621416747603,-1.2994953249015266,-0.17465665806518718,0.0066773073871443395,2.600100663580471,-0.17506143791000725,-0.016650991695593885,-1.0779686645918616,-0.32547544929775946,0.004480582810371023,-1.508637775179613,-0.3190617784792585,0.007067185586319291,-0.5086527644070323,-0.1716117570256556,0.002021046400112566,-0.25443872143341967,-0.1695530699138676,0.0005157675595449873,-0.22738492750049086,-0.3152342530077885,-0.0005351768538510229,-7.6,0.0,0.075,0.17,0.045
1.156,14.0,6.143470683397857e+17,2.5542370440891426,-0.33941912450694106,-0.017361931803540204,-0.7915180637923579,-0.1319803726688847,0.003909902882599106,-1.2337968273411863,-0.12937962761537103,0.006555176931256178,2.6028908762462,-0.33273068598173666,-0.017613720567549434,-0.8566525242608517,-0.1278275651196768,0.004327286874370296,-1.405856428419374,-0.18033082926177899,0.007280782491402143,2.5683725234232,-0.3287391857092665,-0.01738265693171605,-0.8634864470400377,-0.17677731215378273,0.004075973685958477,-1.3112878213224395,-0.17465665806518718,0.006749032001018037,2.6000974880709338,-0.17506143791000725,-0.01665097260894287,-1.083681401733198,-0.32547544929775946,0.004514959291764613,-1.520180290485342,-0.3190617784792585,0.007137455980202127,-0.5088286319527551,-0.1716117570256556,0.0020222460442882607,-0.25336776115905496,-0.1695530699138676,0.0005093139091173124,-0.2287547352217725,-0.3152342530077885,-0.0005270959530437859,-7.6,0.0,0.075,0.17,0.045
1.158,14.0,6.143459199418127e+17,2.5542382212971484,-0.33941912450694106,-0.017361937011576505,-0.7993942557310026,-0.1319803726688847,0.003957226146740839,-1.2455254314994848,-0.12937962761537103,0.006626503198354891,2.6028904634194094,-0.33273068598173666,-0.01761372937336762,-0.8642494525219171,-0.1278275651196768,0.0043729497548470496,-1.4177411904864852,-0.18033082926177899,0.0073531535949455705,2.568370627693901,-0.3287391857092665,-0.0173826702547948,-0.8708512114280125,-0.17677731215378273,0.004120254809317531,-1.3229163608041505,-0.17465665806518718,0.0068197869795435144,2.600094318150512,-0.17506143791000725,-0.016650953555885646,-1.0893774722183045,-0.32547544929775946,0.004549235714612632,-1.5315518398253087,-0.3190617784792585,0.007206711072036502,-0.508980355655587,-0.1716117570256556,0.002023301249562597,-0.252301689241279,-0.1695530699138676,0.0005028881474711242,-0.2301472453494522,-0.3152342530077885,-0.0005188771067160961,-7.6,0.0,0.075,0.17,0.045
1.16,13.0,5.70464810008436e+17,2.55423722531484,-0.33941912450694106,-0.017361944074824536,-0.8072574064641767,-0.1319803726688847,0.004004483298372707,-1.257092927440091,-0.12937962761537103,0.006696874823304683,2.602890860662109,-0.33273068598173666,-0.017613726896406875,-0.8718346095822268,-0.1278275651196768,0.004418531324413442,-1.4294475229916905,-0.18033082926177899,0.007424462167348237,2.568370165429668,-0.3287391857092665,-0.017382658880419004,-0.8782044140471862,-0.17677731215378273,0.004164443395645378,-1.3343800310878453,-0.17465665806518718,0.00688955821643378,2.600091153809373,-0.17506143791000725,-0.016650934536363116,-1.095056878586243,-0.32547544929775946,0.004583412137523271,-1.54275070337047,-0.3190617784792585,0.007274940368076302,-0.5091078674055104,-0.1716117570256556,0.0020242115917795886,-0.25124074460190127,-0.1695530699138676,0.0004964917159644684,-0.2315621653037953,-0.3152342530077885,-0.0005105220459500179,-7.6,0.0,0.075,0.17,0.045
1.162,14.0,6.14347073967032e+17,2.5542360811490026,-0.33941912450694106,-0.017361938098930687,-0.815108778561168,-0.1319803726688847,0.004051662202771752,-1.2684979491742456,-0.12937962761537103,0.006766279798948321,2.6028890001891494,-0.33273068598173666,-0.017613729279863075,-0.8794055954557998,-0.1278275651196768,0.004464042266775299,-1.440973322703313,-0.18033082926177899,0.00749470016237947,2.568372522621009,-0.3287391857092665,-0.017382656106833608,-0.8855468896614441,-0.17677731215378273,0.004208562611360421,-1.345677375871103,-0.17465665806518718,0.006958340238135949,2.600087995037702,-0.17506143791000725,-0.016650915550316284,-1.1007196160547736,-0.32547544929775946,0.004617488575730901,-1.5537751907262,-0.3190617784792585,0.007342133549347269,-0.5092111016930195,-0.1716117570256556,0.002024976662279129,-0.2501851648035698,-0.1695530699138676,0.0004901260481282021,-0.2329991985009746,-0.3152342530077885,-0.0005020325262239592,-7.6,0.0,0.075,0.17,0.045
1.164,13.0,5.704648164370812e+17,2.5542356286420413,-0.33941912450694106,-0.017361931233935663,-0.8229487612702068,-0.1319803726688847,0.0040987704353537,-1.2797389990602117,-0.12937962761537103,0.006834709929353247,2.602888216206498,-0.33273068598173666,-0.017613718117025317,-0.8869646346511588,-0.1278275651196768,0.0045094681820167385,-1.4523174020601588,-0.18033082926177899,0.007563854960649205,2.568372210423008,-0.3287391857092665,-0.01738267024998165,-0.8928744939414517,-0.17677731215378273,0.004252617465045969,-1.3568060158200028,-0.17465665806518718,0.007026124306835494,2.600084841825699,-0.17506143791000725,-0.016650896597686256,-1.1063656724303308,-0.32547544929775946,0.004651465000542086,-1.564623641232752,-0.3190617784792585,0.00740828047348165,-0.5092899956266652,-0.1716117570256556,0.002025596068004184,-0.249135185995333,-0.1695530699138676,0.00048379256933821316,-0.23445804441570414,-0.3152342530077885,-0.0004934103270408834,-7.6,0.0,0.075,0.17,0.045
1.166,14.0,6.143470765491969e+17,2.5542357367099213,-0.33941912450694106,-0.017361928518893895,-0.8307770277026914,-0.1319803726688847,0.004145810331607933,-1.2908144765449014,-0.12937962761537103,0.006902156228669043,2.602888313357004,-0.33273068598173666,-0.01761371341312941,-0.8945113908253143,-0.1278275651196768,0.004554822417188893,-1.463478116314217,-0.18033082926177899,0.007631919436790279,2.568371197524529,-0.3287391857092665,-0.017382668376793645,-0.9001884672407214,-0.17677731215378273,0.004296583090726013,-1.3677646331533653,-0.17465665806518718,0.0070928961465288945,2.600081694163583,-0.17506143791000725,-0.01665087767841424,-1.1120879127149208,-0.32547544929775946,0.004685341338795428,-1.574984421593028,-0.3190617784792585,0.007473371176520962,-0.5093444889502755,-0.1716117570256556,0.002026069431606058,-0.2480910428584058,-0.1695530699138676,0.0004774926964887924,-0.23593839864452895,-0.3152342530077885,-0.00048465725155250625,-7.6,0.0,0.075,0.17,0.045
1.168,13.0,5.704648139965191e+17,2.5542362988810807,-0.33941912450694106,-0.017361929167301175,-0.8385932615708881,-0.1319803726688847,0.00419277993020284,-1.3017228127968463,-0.12937962761537103,0.006968609093577183,2.6028891242824654,-0.33273068598173666,-0.017613713996032444,-0.9020455388189624,-0.1278275651196768,0.004600102954233825,-1.474453856506518,-0.18033082926177899,0.007698883722314628,2.5683699827383952,-0.3287391857092665,-0.017382662299402774,-0.9074889789798961,-0.17677731215378273,0.004340466930521632,-1.3785517360229846,-0.17465665806518718,0.007158647850529069,2.600078552042934,-0.17506143791000725,-0.01665085879244154,-1.118241649129211,-0.32547544929775946,0.004719674780502969,-1.5836707090371325,-0.3190617784792585,0.0075355358586826175,-0.5093745240598478,-0.1716117570256556,0.0020263963915477198,-0.24705296855215222,-0.1695530699138676,0.00047122783766722926,-0.23743995296975764,-0.3152342530077885,-0.00047577512617955737,-7.6,0.0,0.075,0.17,0.045
1.17,13.0,5.704648085843249e+17,2.554237228675758,-0.33941912450694106,-0.017361932540328133,-0.8463971537291453,-0.1319803726688847,0.00423967733341202,-1.312462470362962,-0.12937962761537103,0.007034059111088851,2.602890512775029,-0.33273068598173666,-0.017613718861585213,-0.9095667677547926,-0.1278275651196768,0.004645307842195714,-1.4852430497377065,-0.18033082926177899,0.007764738163468434,2.5683717303449938,-0.3287391857092665,-0.01738265501068597,-0.9147781131011296,-0.17677731215378273,0.00438427000095668,-1.3891662336689623,-0.17465665806518718,0.007223370467746785,2.600075415454985,-0.17506143791000725,-0.016650839939717648,-1.1248358461031418,-0.32547544929775946,0.0047565971989887105,-1.590651107829741,-0.3190617784792585,0.007587653583347244,-0.5093800460201074,-0.1716117570256556,0.002026576602205154,-0.24602119466029643,-0.1695530699138676,0.0004649993918297078,-0.2389623954240239,-0.3152342530077885,-0.0004667658002281852,-7.6,0.0,0.075,0.17,0.045
1.172,14.0,6.143459172266758e+17,2.554238455852792,-0.33941912450694106,-0.017361938119096195,-0.8541883993581729,-0.1319803726688847,0.0042865006863615635,-1.323031942932776,-0.12937962761537103,0.007098497056485546,2.6028900361452023,-0.33273068598173666,-0.017613727192540594,-0.9170730961780611,-0.1278275651196768,0.004690435215810695,-1.4958438330204016,-0.18033082926177899,0.007829473322855565,2.5683724044146183,-0.3287391857092665,-0.017382665496325563,-0.9220527567901968,-0.17677731215378273,0.004428004805684081,-1.399606059413519,-0.17465665806518718,0.007287057453622651,2.600072284393507,-0.17506143791000725,-0.016650821120189955,-1.1317961280448887,-0.32547544929775946,0.004796162380832294,-1.5961727860005677,-0.3190617784792585,0.007629535976102895,-0.5093610025807291,-0.1716117570256556,0.002026609733966711,-0.24499595113737463,-0.1695530699138676,0.000458808748478573,-0.24050541035546374,-0.3152342530077885,-0.00045763114550258774,-7.6,0.0,0.075,0.17,0.045
1.174,14.0,6.143470682939204e+17,2.5542375002419866,-0.33941912450694106,-0.0173619454821584,-0.8619649374397296,-0.1319803726688847,0.004333248160135729,-1.3334294227455505,-0.12937962761537103,0.007161913891904429,2.6028903820688165,-0.33273068598173666,-0.01761372433276163,-0.9245662314760363,-0.1278275651196768,0.004735473186350306,-1.5062550922506461,-0.18033082926177899,0.007893078022551736,2.568370883135882,-0.3287391857092665,-0.017382669540743308,-0.9293118877168636,-0.17677731215378273,0.004471652667818484,-1.4098695844418239,-0.17465665806518718,0.007349696408089991,2.6000691588505207,-0.17506143791000725,-0.016650802333821085,-1.1390571032466863,-0.32547544929775946,0.004837924072482776,-1.6004523782665256,-0.3190617784792585,0.007662666045127856,-0.5093173441922167,-0.1716117570256556,0.0020264954733304414,-0.24397746625544,-0.1695530699138676,0.0004526572873410422,-0.24206867849349475,-0.3152342530077885,-0.0004483730559139486,-7.6,0.0,0.075,0.17,0.045
1.176,13.0,5.70464810928455e+17,2.5542363886508612,-0.33941912450694106,-0.017361939748493566,-0.8697279696357444,-0.1319803726688847,0.004379907388625069,-1.3436537498526526,-0.12937962761537103,0.007224298770781077,2.6028913940920284,-0.33273068598173666,-0.017613726408303318,-0.9320458230006363,-0.1278275651196768,0.004780431998138158,-1.5164753486223712,-0.18033082926177899,0.007955545577933204,2.5683707367934647,-0.3287391857092665,-0.017382660413070895,-0.936557853864425,-0.17677731215378273,0.004515207453378485,-1.4199558671532617,-0.17465665806518718,0.00741127755825982,2.600066038819693,-0.17506143791000725,-0.01665078358056317,-1.1465604923276251,-0.32547544929775946,0.004881489923693562,-1.6036832542703234,-0.3190617784792585,0.007688343598723603,-0.5092490240214368,-0.1716117570256556,0.002026233522999367,-0.24296596655103256,-0.1695530699138676,0.0004465463780494345,-0.24365187701518343,-0.3152342530077885,-0.00043899344708576255,-7.6,0.0,0.075,0.17,0.045
1.178,14.0,6.143470774681075e+17,2.554235962385228,-0.33941912450694106,-0.017361933078946814,-0.8774778293197112,-0.1319803726688847,0.0044264855818011584,-1.3537036315847224,-0.12937962761537103,0.007285644733423691,2.6028900312260492,-0.33273068598173666,-0.01761373248044259,-0.9395094402109546,-0.1278275651196768,0.004825309547285757,-1.5265027495479653,-0.18033082926177899,0.008016867116163553,2.5683733496850363,-0.3287391857092665,-0.01738265953501639,-0.9437914193929433,-0.17677731215378273,0.004558683250263854,-1.4298636913810556,-0.17465665806518718,0.007471795254528448,2.6000629242959556,-0.17506143791000725,-0.0166507648603782,-1.1542543041857911,-0.32547544929775946,0.004926510258179194,-1.6060382532046333,-0.3190617784792585,0.0077077288547463905,-0.5091559979668019,-0.1716117570256556,0.0020258236019746875,-0.2419616767724261,-0.1695530699138676,0.0004404773798229898,-0.2452546796121871,-0.3152342530077885,-0.00042949425595563054,-7.6,0.0,0.075,0.17,0.045
1.18,13.0,5.7046481542484224e+17,2.5542360915506244,-0.33941912450694106,-0.017361930521353017,-0.8852141378310461,-0.1319803726688847,0.004472984739904959,-1.3635776717591577,-0.12937962761537103,0.007345944023816108,2.602887297680246,-0.33273068598173666,-0.017613724303246713,-0.9469575476284565,-0.1278275651196768,0.004870091250547667,-1.536336046297082,-0.18033082926177899,0.008077031521717118,2.568373244292136,-0.3287391857092665,-0.01738267521236582,-0.9510084165128778,-0.17677731215378273,0.0046020846434349635,-1.4395909027027254,-0.17465665806518718,0.007531242199895211,2.6000598152591565,-0.17506143791000725,-0.016650746173235777,-1.1620974228415242,-0.32547544929775946,0.00497267312932819,-1.6076505479007095,-0.3190617784792585,0.007721858848352249,-0.5090382246730994,-0.1716117570256556,0.002025265445646878,-0.24096481982716464,-0.1695530699138676,0.0004344516411513511,-0.2468767565582562,-0.3152342530077885,-0.00041987744037360843,-7.6,0.0,0.075,0.17,0.045
1.182,13.0,5.704648156721306e+17,2.5542366706417328,-0.33941912450694106,-0.017361931296345393,-0.8929365264763499,-0.1319803726688847,0.004519402590972968,-1.3732745076758555,-0.12937962761537103,0.0074051882648627195,2.6028910828919294,-0.33273068598173666,-0.017613707901971896,-0.9543955424324172,-0.1278275651196768,0.004914779895052678,-1.5459749954464137,-0.18033082926177899,0.00813603130221182,2.568370931406663,-0.3287391857092665,-0.017382674580008414,-0.9582089676888546,-0.17677731215378273,0.0046453866261545705,-1.449136222654241,-0.17465665806518718,0.007589605467825229,2.6000567116897715,-0.17506143791000725,-0.016650727519014984,-1.1700556171755965,-0.32547544929775946,0.005019731841262589,-1.60862997686665,-0.3190617784792585,0.007731532616528707,-0.5088956655459614,-0.1716117570256556,0.0020245588058846633,-0.23997561672989984,-0.1695530699138676,0.00042847049947978226,-0.24851777477728307,-0.3152342530077885,-0.0004101449786971939,-7.6,0.0,0.075,0.17,0.045
1.184,13.0,5.7046481117777197e+17,2.5542376139636365,-0.33941912450694106,-0.017361934770892044,-0.9006446331384294,-0.1319803726688847,0.004565736922844791,-1.3827928097302482,-0.12937962761537103,0.0074633692803629074,2.602891975346021,-0.33273068598173666,-0.017613730613241996,-0.9618164076872536,-0.1278275651196768,0.0049594078638764425,-1.5554169392877701,-0.18033082926177899,0.008193864997107808,2.56837013104827,-0.3287391857092665,-0.01738266070269558,-0.9653954846179925,-0.17677731215378273,0.004688589933210431,-1.4584988599570239,-0.17465665806518718,0.007646877387534323,2.6000536135752346,-0.17506143791000725,-0.016650708897598673,-1.1780987715730677,-0.32547544929775946,0.0050674810072670225,-1.6090740292690402,-0.3190617784792585,0.00773740919032435,-0.5087282847659719,-0.1716117570256556,0.002023703451121835,-0.23899428655054186,-0.1695530699138676,0.0004225352808961935,-0.2501773979118833,-0.3152342530077885,-0.0004002988693830327,-7.6,0.0,0.075,0.17,0.045
1.186,13.0,5.704648023346447e+17,2.5542371527809564,-0.33941912450694106,-0.017361940430823466,-0.9083368742858157,-0.1319803726688847,0.0046119855628172675,-1.392131044185031,-0.12937962761537103,0.007520479092689263,2.6028884603250226,-0.33273068598173666,-0.017613735967966546,-0.969218777113304,-0.1278275651196768,0.005003933055405461,-1.5646603725352588,-0.18033082926177899,0.008250516660155948,2.568372214343828,-0.3287391857092665,-0.01738265590054522,-0.9725686868090792,-0.17677731215378273,0.0047317090347852595,-1.4676777223233222,-0.17465665806518718,0.0077030532113510205,2.6000505209082796,-0.17506143791000725,-0.01665069030891145,-1.1861983956720374,-0.32547544929775946,0.0051157399336518505,-1.6090760634056014,-0.3190617784792585,0.007740073504738691,-0.5085360493024061,-0.1716117570256556,0.002022699166441898,-0.23802104636273536,-0.1695530699138676,0.0004166472998200456,-0.2518552863924954,-0.3152342530077885,-0.0003903411305754312,-7.6,0.0,0.075,0.17,0.045
1.188,13.0,5.704648147653551e+17,2.554235717716302,-0.33941912450694106,-0.017361937663727386,-0.9160132442908481,-0.1319803726688847,0.004658139009701585,-1.4012880149251024,-0.12937962761537103,0.007576508499417959,2.602888677870866,-0.33273068598173666,-0.017613714877840556,-0.9766081849155147,-0.1278275651196768,0.005048347271961763,-1.5737051967040907,-0.18033082926177899,0.008305977259640879,2.5683731601684436,-0.3287391857092665,-0.017382668400318567,-0.9797254310763356,-0.17677731215378273,0.004774748247931779,-1.4766709801711029,-0.17465665806518718,0.0077581263855488105,2.600047433683062,-0.17506143791000725,-0.016650671752909723,-1.194328767205741,-0.32547544929775946,0.005164337678245669,-1.6087204584784998,-0.3190617784792585,0.007740085709558058,-0.5083189289265999,-0.1716117570256556,0.0020215457536605034,-0.23705611119267264,-0.1695530699138676,0.00041080785869320656,-0.2535510975069842,-0.3152342530077885,-0.0003802737996917588,-7.6,0.0,0.075,0.17,0.045
1.19,13.0,5.704648157297837e+17,2.5542350297111147,-0.33941912450694106,-0.01736192905333946,-0.9236746600753684,-0.1319803726688847,0.00470419722973178,-1.4102627368198717,-0.12937962761537103,0.007631450323858388,2.6028895860188577,-0.33273068598173666,-0.017613716183115618,-0.984287568346284,-0.1278275651196768,0.005092683718775027,-1.5815304462958888,-0.18033082926177899,0.00836024620465387,2.5683702187985182,-0.3287391857092665,-0.017382674075266263,-0.9868634760108574,-0.17677731215378273,0.004817688713535317,-1.4854770164340034,-0.17465665806518718,0.007812085932635495,2.6000443518919996,-0.17506143791000725,-0.016650653229558415,-1.20246588591139,-0.32547544929775946,0.00521311990744789,-1.6080852327261421,-0.3190617784792585,0.007737952079995448,-0.5080768962249422,-0.1716117570256556,0.002020243031405666,-0.2360996939682559,-0.1695530699138676,0.0004050182476728303,-0.25526448547073444,-0.3152342530077885,-0.000370098933004826,-7.6,0.0,0.075,0.17,0.045
1.192,13.0,5.704648108541889e+17,2.5542349472785975,-0.33941912450694106,-0.017361924925308334,-0.9313206877686147,-0.1319803726688847,0.004750165724438902,-1.4190539961843744,-0.12937962761537103,0.007685298655227005,2.6028913279947616,-0.33273068598173666,-0.017613721632003566,-0.9923498520323888,-0.1278275651196768,0.005138760019359643,-1.5878240815245628,-0.18033082926177899,0.008407197702204659,2.5683689095742106,-0.3287391857092665,-0.01738265642704671,-0.9939864755257456,-0.17677731215378273,0.004860516983142448,-1.494095428878494,-0.17465665806518718,0.007864922150212898,2.6000412755226385,-0.17506143791000725,-0.01665063473881204,-1.2105926004997039,-0.32547544929775946,0.005261942619681783,-1.607224048237981,-0.3190617784792585,0.007734140725481302,-0.5078099266114892,-0.1716117570256556,0.00201879083519572,-0.2351520054686201,-0.1695530699138676,0.0003992797443263298,-0.2569951014972197,-0.3152342530077885,-0.00035981860522232444,-7.6,0.0,0.075,0.17,0.045
1.194,13.0,5.704648169550122e+17,2.5542353554974113,-0.33941912450694106,-0.017361924430713233,-0.9389509047307083,-0.1319803726688847,0.00479604189059838,-1.4276606144292863,-0.12937962761537103,0.007738046211414021,2.6028905764427033,-0.33273068598173666,-0.01761373208385899,-1.000725745817116,-0.1278275651196768,0.005187133721476272,-1.5928066136364432,-0.18033082926177899,0.008444959513576704,2.5683705811351203,-0.3287391857092665,-0.017382648571700864,-1.0010950965983316,-0.17677731215378273,0.004903254980231778,-1.5025252515020555,-0.17465665806518718,0.00791663262487984,2.600038204562948,-0.17506143791000725,-0.016650616280595876,-1.2186979782370904,-0.32547544929775946,0.0053107029072116665,-1.6061697979637821,-0.3190617784792585,0.007728973618552335,-0.5075179983401944,-0.1716117570256556,0.0020171890175150016,-0.2342132542740289,-0.1695530699138676,0.0003935936133285151,-0.25874259386903214,-0.3152342530077885,-0.0003494349090634128,-7.6,0.0,0.075,0.17,0.045
1.196,14.0,6.143470727948785e+17,2.5542361610243565,-0.33941912450694106,-0.017361926880026114,-0.9465648958975765,-0.1319803726688847,0.0048418231923709415,-1.4360814475742227,-0.12937962761537103,0.007789685920883491,2.6028883376852066,-0.33273068598173666,-0.01761372757454664,-1.009357599674763,-0.1278275651196768,0.005237389084184635,-1.5966705114225246,-0.18033082926177899,0.008474854706247986,2.5683728340221847,-0.3287391857092665,-0.01738265860106632,-1.0081873282574072,-0.17677731215378273,0.004945906706667293,-1.5107650114431308,-0.17465665806518718,0.007967211560621211,2.6000351390042775,-0.17506143791000725,-0.01665059785483773,-1.226777419364524,-0.32547544929775946,0.005359335173635986,-1.6049353734234746,-0.3190617784792585,0.007722648116907142,-0.5072010925167517,-0.1716117570256556,0.002015437447887233,-0.23328364671615437,-0.1695530699138676,0.0003879611061609678,-0.2605066080093589,-0.3152342530077885,-0.0003389499548325382,-7.6,0.0,0.075,0.17,0.045
1.198,13.0,5.704648117227134e+17,2.5542372880433564,-0.33941912450694106,-0.017361931713187787,-0.9541622508123049,-0.1319803726688847,0.004887507139372151,-1.4443153858807487,-0.12937962761537103,0.00784021091975311,2.602889609193852,-0.33273068598173666,-0.01761371414200166,-1.0181981616822815,-0.1278275651196768,0.0052891802073305174,-1.599583521821051,-0.18033082926177899,0.008498038092964474,2.568370964388758,-0.3287391857092665,-0.017382672118388707,-1.0152595145489003,-0.17677731215378273,0.004988460096621746,-1.5188129345367407,-0.17465665806518718,0.008016650120267662,2.6000320788379083,-0.17506143791000725,-0.01665057946148571,-1.234830007792384,-0.32547544929775946,0.005407811820400588,-1.6035214043080543,-0.3190617784792585,0.007715241569665297,-0.5068591931100468,-0.1716117570256556,0.0020135360129465768,-0.23236338682875332,-0.1695530699138676,0.00038238346081372065,-0.2622867865538903,-0.3152342530077885,-0.00032836586999057785,-7.6,0.0,0.075,0.17,0.045
1.2,14.0,6.143459138400285e+17,2.554238674974968,-0.33941912450694106,-0.017361938475301784,-0.9617425612140355,-0.1319803726688847,0.004933091268860521,-1.4523613535817126,-0.12937962761537103,0.007889614549592267,2.6028890385742205,-0.33273068598173666,-0.017613721771053532,-1.0271988924476068,-0.1278275651196768,0.005342223579375628,-1.6016915508740204,-0.18033082926177899,0.008515516155355634,2.568370523121262,-0.3287391857092665,-0.017382660900588147,-1.0223152826068156,-0.17677731215378273,0.005030893214370705,-1.5266687610828662,-0.17465665806518718,0.008064937658829322,2.600029024054989,-0.17506143791000725,-0.016650561100487495,-1.2428548207136898,-0.32547544929775946,0.005456127350967748,-1.6019285506460967,-0.3190617784792585,0.007706757754972776,-0.5064922869632131,-0.1716117570256556,0.0020114846165063473,-0.23145267629875094,-0.1695530699138676,0.0003768619014893144,-0.26408276942314574,-0.3152342530077885,-0.0003176847987233892,-7.6,0.0,0.075,0.17,0.045
