t,ncon,contact_force_total,q_joint_0,qref_joint_0,tau_joint_0,q_joint_6,qref_joint_6,tau_joint_6,q_joint_7,qref_joint_7,tau_joint_7,q_joint_1,qref_joint_1,tau_joint_1,q_joint_8,qref_joint_8,tau_joint_8,q_joint_9,qref_joint_9,tau_joint_9,q_joint_2,qref_joint_2,tau_joint_2,q_joint_10,qref_joint_10,tau_joint_10,q_joint_11,qref_joint_11,tau_joint_11,q_joint_3,qref_joint_3,tau_joint_3,q_joint_12,qref_joint_12,tau_joint_12,q_joint_13,qref_joint_13,tau_joint_13,q_joint_4,qref_joint_4,tau_joint_4,q_joint_5,qref_joint_5,tau_joint_5,q_joint_14,qref_joint_14,tau_joint_14,input_sigma_close,input_sigma_diff,object_free_horizontal_cylinder_radius2p5_x,object_free_horizontal_cylinder_radius2p5_y,object_free_horizontal_cylinder_radius2p5_z
0.0,46.0,51.71708298037387,0.0,0.0,0.0,0.0,0.0,0.0,0.0,0.0,0.0,0.0,0.0,0.0,0.0,0.0,0.0,0.0,0.0,0.0,0.0,0.0,0.0,0.0,0.0,0.0,0.0,0.0,0.0,0.0,0.0,0.0,0.0,0.0,0.0,0.0,0.0,0.0,0.0,0.0,0.0,0.0,0.0,0.0,0.0,0.0,0.0,0.0,0.0,0.075,0.215,0.115
0.002,45.0,41.67319195407076,-0.0009874229188781025,0.0,0.0,-0.0002822067749578735,0.0,0.0,0.0008432159905697104,0.0,0.0,-0.0009853499625036546,0.0,0.0,-0.00026879376734772825,0.0,0.0,0.0008289799711524164,0.0,0.0,-0.0009698589711249942,0.0,0.0,-0.00028005426469220865,0.0,0.0,0.0008301890896907922,0.0,0.0,-0.0009618901574993681,0.0,0.0,-0.00027229667097899323,0.0,0.0,0.0008205638102612308,0.0,0.0,0.0,0.0,0.0,0.0,0.0,0.0,0.0,0.0,0.0,0.0,0.0,0.07499999515854784,0.21500225423333055,0.11501401789807007
0.004,47.0,33.10082430471787,-0.0036597696953830235,0.004019437000740092,1.5020579758854585e-05,-0.001020676685338509,0.00156292546581574,5.53539672232084e-06,0.003105225930711764,0.0015321271691293937,2.06673353567905e-06,-0.0036430341452637184,0.00394023180767846,1.4776745310546346e-05,-0.0010281156902436335,0.0015137474816803833,5.347623747084334e-06,0.003086088383506469,0.002135496662310541,3.919550073474373e-06,-0.0036297335773556906,0.0038929640412939458,1.458846903725682e-05,-0.0010559633949355162,0.002093415538663217,7.120409410066277e-06,0.0031094966219424374,0.002068302529719322,3.7143403200855896e-06,-0.0036359199714068226,0.002073095975250086,9.104958398248363e-06,-0.001009459345905237,0.003854314531157678,1.2379833606410013e-05,0.0030847988055388307,0.003778363166201745,8.873398067821542e-06,1.2224922355401042e-09,0.00203224449109329,6.09673347327987e-06,2.7989715448106758e-09,0.00200786530161159,6.02359590483477e-06,1.3797816335999385e-07,0.0037330372066711795,1.119911162001354e-05,0.09,0.0,0.07499998246903049,0.21500864656810295,0.11505380035668332
0.006,45.0,25.54821278154065,-0.007660236352705073,0.008038874001480184,3.509593109058963e-05,-0.0021174616541642004,0.00312585093163148,1.2439582850909969e-05,0.006477016397753787,0.0030642543382587875,-1.2291477735892896e-07,-0.007610108465280515,0.00788046361535692,3.457049328186192e-05,-0.0021932071922703008,0.0030274949633607665,1.21668319608132e-05,0.0064697432188173965,0.004270993324621082,3.5547148233438375e-06,-0.007651640728028298,0.0077859280825878915,3.424698497983075e-05,-0.0021919938734895747,0.004186831077326434,1.5728383416785852e-05,0.006522356077198353,0.004136605059438644,3.0813253124886194e-06,-0.007668585687232646,0.004146191950500172,2.3346335765720986e-05,-0.0021348252077952783,0.007708629062315356,2.615426522466178e-05,0.00650077311468349,0.00755672633240349,1.3415782580593979e-05,6.112824011779607e-09,0.00406448898218658,1.2193463279083033e-05,1.3996329122868559e-08,0.00401573060322318,1.2047183412754905e-05,6.89884725502396e-07,0.007466074413342359,2.2397809305536997e-05,0.18,0.0,0.0749999693210049,0.21501819740675726,0.11511372786009384
0.008,52.0,19.171589235776537,-0.012739745410077538,0.012058311002220276,5.9155642064776047e-05,-0.003506373654708577,0.0046887763974472205,2.041871415483426e-05,0.010741402694563678,0.004596381507388182,-5.641904671096815e-06,-0.012622005670400633,0.011820695423035382,5.829241166494769e-05,-0.0036560012435136436,0.00454124244504115,2.020334891193435e-05,0.010726291003565893,0.006406489986931623,-1.897596956573211e-07,-0.012701119671237018,0.011678892123881839,5.799159855573041e-05,-0.003618713569997137,0.0062802466159896505,2.5416721468437678e-05,0.010795841618431733,0.006204907589157966,-9.523454641211593e-07,-0.012698114713649412,0.006219287925750258,4.1663620838948716e-05,-0.0035342744504073494,0.011562943593473035,4.1093306403804944e-05,0.010745964015388493,0.011335089498605237,1.450294915176524e-05,1.711779397134303e-08,0.006096733473279871,1.8290182081367578e-05,3.919737269759703e-08,0.00602359590483477,1.8070745725516943e-05,1.931645556947315e-06,0.01119911162001354,3.359526520586411e-05,0.27,0.0,0.07499995499330124,0.21503034045211464,0.11518919103361973
0.01,50.0,13.5441803606604,-0.01859517185318215,0.016077748002960367,8.645248023911371e-05,-0.005110800726899175,0.00625170186326296,2.927422655391461e-05,0.015644219584938123,0.006128508676517575,-1.383868205413831e-05,-0.018418041382379874,0.01576092723071384,8.514879870334342e-05,-0.005316812860400522,0.006054989926721533,2.9132973510705532e-05,0.015612788139367052,0.008541986649242163,-6.55291306297119e-06,-0.01852564013329441,0.015571856165175783,8.48189275092384e-05,-0.005269312554233643,0.008373662154652867,3.597712717395001e-05,0.01571427876350509,0.008273210118877288,-7.567894498663337e-06,-0.01851185442577544,0.008292383901000344,6.297149584394928e-05,-0.005139009609360342,0.015417258124630712,5.685459772511419e-05,0.015628912635920075,0.01511345266480698,1.3102465948255461e-05,3.6687103437528244e-08,0.00812897796437316,2.438688253973757e-05,8.401917258103144e-08,0.00803146120644636,2.4094266027220987e-05,4.139137799850163e-06,0.014932148826684718,4.4790651543383315e-05,0.36,0.0,0.07499993112984317,0.21504429579813936,0.11527637320398171
0.012,35.0,3.812840693537843,-0.02496520656551276,0.020097185003700457,0.00011607707057064782,-0.00684978138706431,0.0078146273290787,3.8776284167933626e-05,0.020948461149729914,0.007660635845646969,-2.3950751217873466e-05,-0.024735088950865982,0.0197011590383923,0.00011435760126231652,-0.007128576762618444,0.0075687374084019154,3.865665080640731e-05,0.02091304834662298,0.010677483311552704,-1.4805914483443045e-05,-0.024881279811953202,0.019464820206469727,0.00011397138101929241,-0.007065206303269243,0.010467077693316083,4.720917074264918e-05,0.02105682769659712,0.01034151264859661,-1.6118298344725444e-05,-0.024868539918160442,0.010365479876250428,8.663200290607761e-05,-0.006898833090462154,0.01927157265578839,7.323174679544619e-05,0.020942916880389708,0.018891815831008723,9.788709585265942e-06,6.727480777129044e-08,0.01016122245546645,3.048355730508904e-05,1.540964528642206e-07,0.01003932650805795,3.0117727466656104e-05,7.5881655079949875e-06,0.018665186033355898,5.598314068666814e-05,0.44999999999999996,0.0,0.07499990740431207,0.21505900864499264,0.11537123813658372
0.014,34.0,2.274651895399749,-0.0316275208498697,0.024116622004440553,0.00014724548570985995,-0.00868414979289667,0.009377552794894441,4.868200254587625e-05,0.026468409506593932,0.009192763014776364,-3.526709440486065e-05,-0.03135101267332387,0.023641390846070764,0.00014512943939081025,-0.009043894701694814,0.0090824848900823,4.863318495810223e-05,0.026434248897367164,0.012812979973863246,-2.4300205118279205e-05,-0.03153984190744875,0.023357784247763677,0.00014471719217915065,-0.008943845898019996,0.012560493231979301,5.887709860574563e-05,0.026623451841854197,0.012409815178315933,-2.5941037554843564e-05,-0.03152957355690644,0.012438575851500516,0.00011192134730898288,-0.008758631129065062,0.02312588718694607,9.007416083222469e-05,0.02648164702794102,0.022670178997210473,5.181786350462295e-06,1.1134076775116228e-07,0.012193466946559742,3.6580199015255914e-05,2.5508747244240433e-07,0.01204719180966954,3.614111313965003e-05,1.2554435292547078e-05,0.02239822324002708,6.717190522355726e-05,0.54,0.0,0.07499988288943317,0.21507408088433186,0.11547120503032912
0.016,33.0,0.9709692174573459,-0.038463871800228706,0.02813605900518064,0.00017929073956515104,-0.010583023475016821,0.01094047826071018,5.887388416082055e-05,0.03211527671572413,0.010724890183905756,-4.723055796806453e-05,-0.03815070793961507,0.027581622653749218,0.00017679790598121927,-0.011007848830655685,0.01059623237176268,5.892038122037248e-05,0.03208956206972916,0.014948476636173784,-3.445731678358014e-05,-0.038378539703973424,0.027250748289057616,0.0001763717705895191,-0.01087111315059117,0.014653908770642515,7.079326400598753e-05,0.03232124030977429,0.01447811770803525,-3.643600240145684e-05,-0.038370237966322676,0.014511671826750599,0.00013812373615097113,-0.01068114731148483,0.026980201718103742,0.00010721649854150642,0.032151248421340886,0.026448542163412213,-9.93145935864262e-08,1.713521009852297e-07,0.014225711437653029,4.267680029065583e-05,3.9267990267322127e-07,0.014055057111281128,4.2164406071426055e-05,1.931353197586793e-05,0.026131260446698255,7.835611803421713e-05,0.6299999999999999,0.0,0.07499985899476591,0.21508880308231748,0.11557352458376496
0.018000000000000002,34.0,0.10699086106602772,-0.04537841276366584,0.032155496005920735,0.00021185810341844833,-0.012509440707736078,0.01250340372652592,6.925928160462823e-05,0.03781794148855146,0.01225701735303515,-5.957477808806694e-05,-0.04503259551238892,0.03152185446142768,0.00020901768720312826,-0.012995070658477771,0.012109979853443066,6.935348605229626e-05,0.037803821345776194,0.017083973298484326,-4.5016766313734505e-05,-0.04529656114683773,0.031143712330351566,0.000208566756102975,-0.012815501595401487,0.016747324309305735,8.285531237969071e-05,0.038075508283433465,0.016546420237754576,-4.7324460216059146e-05,-0.04528850914088091,0.01658476780200069,0.0001648650173049701,-0.012631331755309257,0.030834516249261423,0.00012454699068223876,0.03787653254770701,0.03022690532961396,-5.77302927518078e-06,2.4978463336422187e-07,0.01625795592874632,4.877335372993601e-05,5.725967007065827e-07,0.01606292241289272,4.818758919897014e-05,2.8140894255695025e-05,0.029864297653369436,8.953495236418071e-05,0.72,0.0,0.07499983528691279,0.21510337206790914,0.11567711055250256
0.02,31.0,0.0,-0.052307903262759727,0.036174933006660824,0.00024466003731098,-0.014440224689915189,0.014066329192341662,7.972730970023322e-05,0.043530126925555385,0.013789144522164546,-7.208639089916074e-05,-0.05193042779849459,0.035462086269106144,0.0002414840453444852,-0.014988029470997456,0.01362372733512345,7.985639398080367e-05,0.043528757131724244,0.01921946996079487,-5.575305415494397e-05,-0.05222807591316004,0.035036676371645516,0.00024099971255544974,-0.014762544866139034,0.01884073984796895,9.496872433011131e-05,0.04383832110955973,0.018614722767473897,-5.83823565478787e-05,-0.052221154074833846,0.018657863777250774,0.00019183911875439506,-0.014584096651005225,0.03468883078041911,0.0001419604876071851,0.0436112181772528,0.034005268495815706,-1.1613792155673909e-05,3.491243505646924e-07,0.01829020041983961,5.486985190561875e-05,8.006019775253589e-07,0.01807078771450431,5.421064535341081e-05,3.931179038198786e-05,0.03359733486004062,0.00010070758189735479,0.81,0.0,0.07499981129809076,0.21511781634440152,0.1157809795003071
0.022,30.0,0.0,-0.059235473808466194,0.04019437000740091,0.00027750681981048193,-0.016371076469078143,0.0156292546581574,9.020843804421776e-05,0.04923951942561218,0.015321271691293938,-8.462656570278435e-05,-0.05882684866061791,0.0394023180767846,0.0002739982376258376,-0.01698122285726841,0.015137474816803831,9.037651286340386e-05,0.04925171117401509,0.021354966623105407,-6.652137152585652e-05,-0.05915774779724528,0.038929640412939455,0.0002734731489782985,-0.016709266770941207,0.020934155386632167,0.00010709010075831362,0.049598527245440026,0.02068302529719322,-6.946588743709953e-05,-0.05915347866097449,0.020730959752500857,0.0002188563414820041,-0.01653509301151456,0.03854314531157678,0.00015938172588774601,0.04934458442756692,0.037783631662017446,-1.748275954570607e-05,4.7186884961116737e-07,0.0203224449109329,6.0966287359747006e-05,1.0825068597366586e-06,0.0200786530161159,6.023355724241512e-05,5.310129384874074e-05,0.037330372066711796,0.00011187318082898943,0.8999999999999999,0.0,0.07499978738799902,0.21513220229841973,0.1158847976415886
0.024,33.0,0.0,-0.06615986356350163,0.044213807008141,0.00031034784244982164,-0.018301790197635573,0.01719218012397314,0.00010068976977915384,0.054944980193438214,0.016853398860423332,-9.715836169556653e-05,-0.06572017944711667,0.04334254988446306,0.0003065081956352429,-0.018974370045518302,0.016651222298484213,0.00010089733546725787,0.054971299515543234,0.023490463285415947,-7.728374366579743e-05,-0.06608452056512026,0.0428226044542334,0.00030594105675443606,-0.018655460800965796,0.023027570925295383,0.00011921051308870978,0.05535514479225524,0.022751327826912537,-8.054159825558247e-05,-0.0660844062756465,0.022804055727750943,0.0002458726031661763,-0.018483923861767552,0.04239745984273446,0.00017679765856274706,0.055075659055414256,0.04156199482821919,-2.3347768798043194e-05,6.205287905060138e-07,0.022354689402026187,6.706265259952973e-05,1.4241753441542485e-06,0.022086518317727486,6.625630743260324e-05,6.97842591030612e-05,0.04106340927338297,0.00012303092393860267,0.9899999999999999,0.0,0.07499976347857991,0.21514660945081365,0.11598859743561064
0.026000000000000002,29.0,0.0,-0.07308071181978278,0.048233244008881106,0.00034317932271714824,-0.020232336383069403,0.018755105589788882,0.00011117068736227336,0.060646000981272964,0.018385526029552728,-0.00010967836249165646,-0.07261006804293114,0.04728278169214153,0.0003390088834177746,-0.020967449585651957,0.0181649697801646,0.00011141801947704871,0.0606870664406415,0.02562595994772649,-8.803601870345023e-05,-0.07300805920351236,0.046715568495527354,0.00033840026718194284,-0.020601061618916967,0.025120986463958602,0.0001313293417947732,0.06110769681652278,0.024819630356631865,-9.160654330687013e-05,-0.0730137455935983,0.024877151703001033,0.00027288467393594263,-0.020430366281528934,0.04625177437389214,0.00019420709470697908,0.06080408839875591,0.045340357994420946,-2.920590318297993e-05,7.9762934793564e-07,0.024386933893119484,7.315894009298693e-05,1.8315301442135487e-06,0.02409438361933908,7.227887833198478e-05,8.96352972738116e-05,0.04479644648005416,0.00013417998666285328,1.08,0.0,0.0749997395691608,0.21516101660320758,0.11609239722963269
0.028,28.0,0.0,-0.07999765799182225,0.05225268100962119,0.0003760001784882119,-0.022162685587680916,0.02031803105560462,0.00012165110231602206,0.06634207394400272,0.01991765319868212,-0.00012218504334777253,-0.0794961624527404,0.05122301349981998,0.00037149924462825343,-0.02296044006318965,0.01967871726184498,0.00012193850054249082,0.06639855658083674,0.027761456610037028,-9.87768294918134e-05,-0.07992802878911735,0.050608532536821293,0.00037084977522100097,-0.0225460039797452,0.027214402002621815,0.00014344639086461634,0.06685570676289658,0.026887932886351183,-0.0001026592917905148,-0.07994130523411161,0.026950247678251115,0.00029989197981554824,-0.022374197606403974,0.05010608890504981,0.00021160936555973626,0.06652951908087393,0.049118721160622686,-3.505610171439967e-05,1.0057116630614762e-06,0.02641917838421277,7.925514226459451e-05,2.3105585272616573e-06,0.026102248920950668,7.830125217241936e-05,0.00011292875192210959,0.048529483686725335,0.00014531954516835456,1.17,0.0,0.07499971565974169,0.2151754237556015,0.11619619702365473
0.03,29.0,0.0,-0.08691034162977093,0.05627211801036128,0.0004088093280065506,-0.024092808436703087,0.02188095652142036,0.00013213092632730384,0.07203269168784147,0.021449780367811512,-0.00013467688072857364,-0.08637811081370056,0.055163245307498436,0.0004039782232807165,-0.024953320105751076,0.02119246474352536,0.00013245871442014502,0.07210531495862658,0.02989695327234757,-0.00010950480992546751,-0.08684409449881142,0.05450149657811523,0.0004032885761016977,-0.024490222742010504,0.02930781754128503,0.00015556146456309068,0.07259869850071056,0.0289562354160705,-0.00011369841404047823,-0.08686689375799539,0.029023343653501198,0.0003268939466628384,-0.024315195454137576,0.053960403436207484,0.00022900380312783437,0.07225159804853176,0.052897084326824426,-4.089730426214851e-05,1.2473342954040016e-06,0.028451422875306057,8.5351251490929e-05,2.8673181417660055e-06,0.028110114222562255,8.432341099210499e-05,0.00013993867481598086,0.05226252089339651,0.0001564487764244232,1.2599999999999998,0.0,0.07499969175032258,0.21518983090799543,0.11629999681767678
0.032,28.0,0.0,-0.09381840243246815,0.060291555011101367,0.0004416056899226169,-0.026022675626379492,0.023443881987236098,0.00014261007127181754,0.07771734731896683,0.022981907536940908,-0.0001471523524527017,-0.09325556140818897,0.059103477115176904,0.00043644476378663244,-0.02694606838951074,0.022706212225205746,0.00014297859699287046,0.0778068870312172,0.03203244993465811,-0.00012021859507190541,-0.0937559216198786,0.05839446061940918,0.00043571566535466176,-0.026433652879204784,0.03140123307994825,0.00016767436746587628,0.07833619637047927,0.031024537945789826,-0.0001247224816647622,-0.09379031966462716,0.031096439628751287,0.00035389000016024003,-0.026253137750845146,0.05781471796736517,0.00024638974026450824,0.07796997261010147,0.05667544749302617,-4.672845166651677e-05,1.5250746748278829e-06,0.030483667366399347,9.144726009631183e-05,3.5079428334865075e-06,0.030117979524173846,9.034533661809625e-05,0.0001709388017314556,0.05599555810006769,0.00016756685827575514,1.3499999999999999,0.0,0.07499966784090346,0.21520423806038935,0.11640379661169882
0.034,34.0,0.0,-0.1007214802605004,0.06431099201184147,0.0004743881833329289,-0.027952257932006234,0.02500680745305184,0.000153088449238294,0.08339553449210624,0.0245140347060703,-0.00015960993783868958,-0.10012816267655482,0.06304370892285537,0.0004688978109931331,-0.028938663645621553,0.024219959706886132,0.00015349808428919063,0.08350281873421743,0.03416794659696865,-0.00013091682130274564,-0.10066317556025513,0.06228742466070313,0.0004681300388417452,-0.02837622949102919,0.03349464861861147,0.00017978490449344875,0.08406772523035085,0.03309284047550915,-0.00013573006768491036,-0.10071139138904611,0.03316953560400138,0.0003808795658058856,-0.028187802757168725,0.06166903249852285,0.000263766510748104,0.08368429047365378,0.06045381065922792,-5.2548485852620646e-05,1.8415305536360612e-06,0.03251591185749264,9.754316034845343e-05,4.238648449657482e-06,0.03212584482578544,9.636701064885587e-05,0.00020620252828239765,0.05972859530673887,0.00017867296951502225,1.44,0.0,0.07499964393148435,0.21521864521278328,0.11650759640572086
0.036000000000000004,34.0,0.0,-0.10761921514926953,0.06833042901258156,0.0005071557278192459,-0.029881526215933263,0.02656973291886758,0.00016356597255262145,0.0890667474590681,0.026046161875199696,-0.00017204811785071964,-0.10699556322987706,0.06698394073053383,0.000501336310221266,-0.03093108466660343,0.025733707188566515,0.0001640171125025642,0.0891926565252848,0.03630344325927919,-0.0001415981264248147,-0.10756552185879201,0.06618038870199708,0.0005005306927867567,-0.030317887814622267,0.03558806415727468,0.00019189288094491162,0.08979281050250743,0.035161143005228476,-0.00014671974667536711,-0.10762991729910197,0.03524263157925146,0.0004078620689048927,-0.030118969094351897,0.06552334702968053,0.0002811334493605478,0.08939419978500687,0.06423217382542967,-5.8356349944672315e-05,2.1993214587803892e-06,0.034548156348585934,0.00010363894445409689,5.0657386302271245e-06,0.03413371012739703,0.00010238841443684211,0.0002460028857813524,0.06346163251341005,0.00018976628995538299,1.53,0.0,0.07499962002206524,0.2152330523651772,0.11661139619974291
0.038,34.0,0.0,-0.11451124732207119,0.07234986601332165,0.0005399072434877736,-0.03181045143552157,0.028132658384683325,0.00017404255380184977,0.09473048111721319,0.02757828904432909,-0.00018446537524421705,-0.11385741186273013,0.07092417253821229,0.000533759207304268,-0.03292331031269373,0.0272474546702469,0.000174535618010551,0.09487594742771883,0.03843893992158974,-0.00015226114981108517,-0.11446262619553742,0.07007335274329103,0.0005329166238062492,-0.032258563235734734,0.0376814796959379,0.00020399810253168051,0.09551097821950824,0.037229445534947794,-0.00015769009490267889,-0.11454570569266381,0.03731572755450155,0.00043483693456081054,-0.03204641577022698,0.06937766156083822,0.00029848989196557034,0.09509934916572986,0.06801053699163141,-6.415098838012639e-05,2.6010901441961464e-06,0.03658040083967922,0.00010973460455466133,5.995610585203986e-06,0.03614157542900862,0.0001084095290711352,0.0002906125171336963,0.06719466972008124,0.0002008460005028997,1.62,0.0,0.07499959611264613,0.21524745951757113,0.11671519599376495
0.04,36.0,0.0,-0.12139721720318424,0.07636930301406172,0.0005726416510083987,-0.033739004651052645,0.029695583850499058,0.00018451810585806187,0.10038623105786092,0.02911041621345848,-0.00019686019471126416,-0.12071335756595825,0.07486440434589074,0.0005661654486258627,-0.03491531951815634,0.028761202151927276,0.00018505353739386302,0.10055223907399727,0.04057443658390027,-0.0001629045325314557,-0.12135415440204021,0.07396631678458496,0.0005652868289403671,-0.034198191299846754,0.039774895234601114,0.00021610037541100756,0.10122175507057043,0.03929774806466711,-0.0001686396904645234,-0.12145856479489285,0.03938882352975163,0.0004618035876672463,-0.033969922205108166,0.07323197609199587,0.00031583517558666856,0.10079938775109694,0.07178890015783315,-6.993134702369013e-05,3.04950404326749e-06,0.03861264533077251,0.00011583013272188494,7.034760857161667e-06,0.0381494407306202,0.000114430335360105,0.000340303652767369,0.0709277069267524,0.00021191128322885615,1.7099999999999997,0.0,0.07499957220322702,0.21526186666996505,0.116818995787787
0.042,37.0,0.0,-0.1282767654309721,0.08038874001480183,0.0006053578716539582,-0.03566715703358675,0.0312585093163148,0.00019499254190210233,0.10603349361462586,0.030642543382587876,-0.00020923106302581915,-0.12756304953945888,0.0788046361535692,0.0005985539811585824,-0.036907091297546296,0.030274949633607662,0.000195570807455292,0.10622107974925045,0.042709933246210814,-0.00017352691748335938,-0.128239772471676,0.07785928082587891,0.0005976403056837574,-0.036136707723223624,0.04186831077326433,0.00022819950621933324,0.1069246684477829,0.04136605059438644,-0.000179567113428552,-0.12836830275558317,0.041461919505001714,0.0004887614528996837,-0.035889268257584116,0.07708629062315356,0.0003331686384847852,0.10649396522798824,0.07556726332403489,-7.569637328118614e-05,3.5472567214305857e-06,0.0406448898218658,0.00012192552095346759,8.189791067954847e-06,0.0401573060322318,0.0001204508138141239,0.00039534808660046336,0.07466074413342359,0.00022296132144196867,1.7999999999999998,0.0,0.07499954829380791,0.21527627382235898,0.11692279558180904
0.044,36.0,0.0,-0.13514953287099665,0.08440817701554192,0.0006380548273395421,-0.0375948798727664,0.03282143478213054,0.00020546577544715186,0.11167176591167922,0.03217467055171727,-0.00022157646918872576,-0.13440613720497604,0.08274486796124766,0.0006309237525021197,-0.038898604751926774,0.03178869711528805,0.00020608736523850302,0.11188201843466958,0.044845429908521355,-0.00018412694952218728,-0.13511914656999718,0.08175224486717286,0.0006299760520165466,-0.03807404840390573,0.043961726311927546,0.00024029530210545352,0.11261924649224817,0.043434353124105755,-0.0001904709459710314,-0.13527472764657442,0.04353501548025181,0.0005157099547075049,-0.03780423425020383,0.08094060515431124,0.00035048962023568605,0.1121827318727332,0.07934562649023665,-8.144501621325477e-05,4.09706932892084e-06,0.04267713431295909,0.00012802076116871298,9.467413648701815e-06,0.042165171333843385,0.0001264709446283263,0.0004560171520489479,0.07839378134009477,0.0002339952997604829,1.89,0.0,0.0749995243843888,0.2152906809747529,0.11702659537583109
0.046,34.0,0.0,-0.14201516062914546,0.088427614016282,0.0006707314406618359,-0.039522144584561665,0.03438436024794628,0.00021593772036213803,0.11730054591193051,0.033706797720846664,-0.0002338949045724977,-0.14124227021890404,0.08668509976892612,0.0006632737109217065,-0.040889839075035295,0.03330244459696843,0.00021660314804668561,0.11753460485084423,0.046980926570831895,-0.00019470327559151308,-0.1419919430451082,0.0856452089084668,0.000662293066435392,-0.04001014943262879,0.046055141850590765,0.0002523875707634895,0.11830501814014775,0.04550265565382507,-0.00020134977251526926,-0.14217764745924047,0.045608111455501886,0.000542648517306229,-0.039714600995049365,0.08479491968546891,0.00036779746180701825,0.1178653385888927,0.08312398965643839,-8.717622664888444e-05,4.701692053670324e-06,0.044709378804052374,0.00013411584520417038,1.087445755209077e-05,0.04417303663545497,0.0001324907076654188,0.0005225816980767898,0.08212681854676594,0.000245012404184151,1.9799999999999998,0.0,0.07499950047496969,0.21530508812714683,0.11713039516985313
0.048,35.0,0.0,-0.14887329006477323,0.09244705101702211,0.0007033866349385027,-0.04144892271895375,0.03594728571376202,0.00022640829089497103,0.12291933246512421,0.035238924889976056,-0.0002461848630658634,-0.1480710984851023,0.09062533157660459,0.0006956028053865259,-0.04288077355939615,0.03481619207864881,0.0002271180934610523,0.12317838950102462,0.049116423233142435,-0.0002052545448531054,-0.1488578284380676,0.08953817294976074,0.0006945903479846069,-0.04194494710367028,0.04814855738925398,0.0002644761204656483,0.12398151316872594,0.0475709581835444,-0.00021220217986981006,-0.14907687010205772,0.04768120743075197,0.0005695765646699774,-0.041620149819189295,0.0886492342166266,0.0003850915056350279,0.12354143694497564,0.08690235282264012,-9.288895729875773e-05,5.363905574361103e-06,0.04674162329514567,0.000140210764809276,1.2417873946069511e-05,0.04618090193706657,0.00013851008243854343,0.000595312065290744,0.08585985575343713,0.00025601182216608104,2.07,0.0,0.07499947656555057,0.21531949527954075,0.11723419496387517
0.05,35.0,0.0,-0.15572356280385813,0.09646648801776221,0.0007360193342476063,-0.04337518596755343,0.037510211179577764,0.00023687740169559454,0.12852762535584672,0.036771052059105455,-0.0002584448412180563,-0.15489227216772194,0.09456556338428306,0.0007279099856081562,-0.044871387602375905,0.0363299395603292,0.00023763213935917607,0.12881292371430428,0.05125191989545298,-0.00021577940881671492,-0.15571646949331797,0.09343113699105471,0.000726866896287367,-0.04387837792561808,0.050241972927917204,0.0002765607600947625,0.1296482622421873,0.04963926071326373,-0.00022302675736638662,-0.155972203398257,0.049754303406002065,0.0005964935205241793,-0.04352066259000663,0.09250354874778428,0.00040237109570092077,0.1292106792120862,0.09068071598884189,-9.858216286840126e-05,6.086522513639806e-06,0.04877386778623897,0.00014630551164199383,1.4104741887980462e-05,0.04818876723867816,0.00014452904809419628,0.0006744780620820698,0.08959289296010832,0.00026699274268445275,2.16,0.0,0.07499945265613146,0.21533390243193468,0.11733799475789722
0.052000000000000005,35.0,0.0,-0.16256562075217368,0.10048592501850229,0.0007686284634670813,-0.04530090617115095,0.039073136645393504,0.0002473449678388408,0.13412492535143847,0.03830317922823485,-0.00027067333838283567,-0.16170544170404458,0.09850579519196151,0.0007601942020790504,-0.04686166071217887,0.03784368704200958,0.0002481452239331565,0.13443775968871846,0.05338741655776352,-0.00022627652146962226,-0.16256753316914516,0.09732410103234865,0.000759121711577,-0.045810378632057384,0.05233538846658042,0.0002886412991765955,0.1353047969575033,0.05170756324298305,-0.0002338220969976128,-0.16286345508356279,0.05182739938125215,0.0006233988083385275,-0.04541592174039514,0.09635786327894195,0.0004196355776068458,0.13487271840149764,0.09445907915504363,-0.00010425480017112772,6.872388891498377e-06,0.050806112277332255,0.00015240007726445584,1.5942273978205575e-05,0.05019663254028975,0.0001505475833952053,0.0007603489408174304,0.0933259301667795,0.0002779543563140923,2.25,0.0,0.07499942874671235,0.2153483095843286,0.11744179455191926
0.054,34.0,0.0,-0.16939910610847697,0.10450536201924238,0.0008012129483142481,-0.04722605532719395,0.04063606211120924,0.0002578109048470806,0.13971073424980626,0.03983530639736424,-0.0002828688568622227,-0.168510257817334,0.10244602699963996,0.0007924544061110537,-0.04885157251377962,0.03935743452368996,0.0002586572857076065,0.140052450534254,0.055522913220074056,-0.00023674453940593325,-0.16941068664816805,0.10121706507364259,0.0007913537947283634,-0.047740886192171914,0.05442880400524363,0.00030071754791190306,0.14095064989012285,0.053775865772702366,-0.00024458679355440283,-0.16975043280402366,0.05390049535650223,0.0006502918513201951,-0.047305710293818026,0.10021217781009963,0.0004368842986514843,0.14052720830214865,0.09823744232124537,-0.00010990582824075682,7.724385578825522e-06,0.05283835676842554,0.00015849445313860213,1.7937821992388236e-05,0.052204497841901336,0.0001565656667037694,0.0008531933740812278,0.09705896737345067,0.00028889585529789973,2.34,0.0,0.07499940483729324,0.21536271673672253,0.1175455943459413
0.056,34.0,0.0,-0.17622366137771397,0.10852479901998247,0.0008337717153853783,-0.04915060559719011,0.04219898757702498,0.0002682751287126568,0.14528455492713108,0.04136743356649363,-0.0002950299020499379,-0.17530637152970135,0.10638625880731842,0.0008246895498739573,-0.05084110275478948,0.04087118200537034,0.00026916826355744987,0.14565655031576602,0.0576584098823846,-0.0002471821219556082,-0.17624559734786027,0.10511002911493653,0.0008235621472893137,-0.049669837821255544,0.05652221954390684,0.00031278931720823624,0.14658535463958264,0.055844168302421685,-0.0002553194447631035,-0.17663294411393715,0.055973591331752316,0.0006771720724073279,-0.049189811889222855,0.1040664923412573,0.000454116607905226,0.1461738035180584,0.10201580548744711,-0.00011553420844410462,8.645429751132912e-06,0.05487060125951883,0.00016458863062182,2.009888249130216e-05,0.05421236314351292,0.0001625832759645616,0.0009532794309716197,0.10079200458012184,0.0002998164336181219,2.4299999999999997,0.0,0.07499938092787413,0.21537712388911645,0.11764939413996335
0.058,0.0,0.0,-0.18303892938424238,0.11254423602072255,0.0008663036921953097,-0.05107452931403113,0.04376191304284072,0.0002787375559200925,0.15084589138546622,0.042899560735623024,-0.00030715498257452415,-0.1820934341749843,0.11032649061499687,0.0008568985864340948,-0.05283023131125399,0.04238492948705072,0.0002796780967255206,0.15124961409579732,0.05979390654469514,-0.0002575879313132127,-0.18307193293110482,0.10900299315623047,0.0008557457715122722,-0.051597170991130474,0.05861563508257006,0.00032485641871147684,0.15220844587501195,0.057912470832141,-0.0002660186514223249,-0.18351079647387317,0.058046687307002395,0.0007040388942628187,-0.05106801080580689,0.10792080687241497,0.00047133185628491344,0.15181215950565602,0.10579416865364885,-0.00012113890459322863,9.638476342459778e-06,0.056902845750612115,0.00017068260096258296,2.2433102407440065e-05,0.05622022844512451,0.0001686003886878996,0.0010608745534524597,0.10452504178679302,0.0003107152870674642,2.5199999999999996,0.0,0.07499935701845502,0.21539153104151038,0.1177531939339854
0.06,0.0,0.0,-0.18984455328507296,0.11656367302146266,0.000898807807217115,-0.052997798989234735,0.04532483850865646,0.0002891981034680628,0.15639424880022104,0.04443168790475242,-0.0003192426104421414,-0.18887109741164076,0.11426672242267535,0.000889080469792979,-0.05481893819337844,0.043898676968731114,0.0002901867248399553,0.15683119797729558,0.061929403207005684,-0.0002679606326663749,-0.1898893613167831,0.11289595719752442,0.0008879036703858878,-0.05352282344046815,0.06070905062123328,0.00033691866483709127,0.15781945938052747,0.059980773361860334,-0.00027668301753945487,-0.190383797248799,0.06011978328225249,0.000730891739268377,-0.05294009198762695,0.11177512140357267,0.0004885293966281387,0.15744193261102093,0.1095725318198506,-0.00012671888305741625,1.0706519499459007e-05,0.05893509024170541,0.00017677635529608884,2.4948284607398e-05,0.058228093746736105,0.000174616981932986,0.0011762455327633972,0.10825807899346421,0.00032159161332003525,2.61,0.0,0.0749993331090359,0.2154059381939043,0.11785699372800744
0.062,0.0,0.0,-0.1966401765831299,0.12058311002220273,0.000931282989921827,-0.05492038732010151,0.046887763974472196,0.0002996566888911208,0.16192913356752536,0.045963815073881815,-0.0003312913011790177,-0.19563901323565766,0.11820695423035381,0.0009212341549259838,-0.05680720355117845,0.04541242445041149,0.0003006940879313698,0.16240085914622449,0.06406489986931622,-0.0002782988943239381,-0.1966975506903993,0.11678892123881836,0.0009200348476668045,-0.05544673318500912,0.0628024661598965,0.00034897586880109396,0.1634179321005135,0.06204907589157965,-0.00028731115046684347,-0.19725175370630982,0.062192879257502574,0.0007577300295189047,-0.05480584106804789,0.11562943593473034,0.0005057085837670719,0.16306278010702963,0.11335089498605234,-0.00013227311287490576,1.1852594035667391e-05,0.060967334732798695,0.0001828698846398977,2.765239342913435e-05,0.06023595904834769,0.0001806330322912209,0.0012996584858903678,0.11199111620013538,0.00033244461200211597,2.6999999999999997,0.0,0.0749993091996168,0.21542034534629823,0.11796079352202948
0.064,0.0,0.0,-0.20342544314053074,0.12460254702294285,0.0009637281708182183,-0.05684226719678321,0.04845068944028794,0.00031011323028116836,0.16745005335146967,0.047495942243011215,-0.00034329957397354245,-0.20239683399347544,0.12214718603803228,0.0009533585978210698,-0.05879500768005279,0.04692617193209188,0.000311200126449811,0.16795815591406388,0.06620039653162677,-0.00028860138784379314,-0.20349616951474137,0.12068188528011232,0.0009521383079115349,-0.05736883852767807,0.06489588169855971,0.0003610278446507065,0.16900340218478266,0.06411737842129898,-0.00029790166103764356,-0.20411447301496766,0.06426597523275267,0.0007845531868171875,-0.05666504439402412,0.11948375046588802,0.0005228687746018077,0.16867436023040522,0.1171292581522541,-0.00013780056586432658,1.3079776885962137e-05,0.06299957922389199,0.00018896317988956898,3.055356019318575e-05,0.06224382434995929,0.00018664851586959046,0.0014313788320986986,0.11572415340680657,0.0003432734847627486,2.79,0.0,0.07499928529019768,0.21543475249869215,0.11806459331605153
0.066,0.0,0.0,-0.21019999719188648,0.12862198402368294,0.000996142281492641,-0.058763411709259444,0.05001361490610368,0.0003205676463086607,0.17295651713121632,0.0490280694121406,-0.00035526595181798723,-0.20914421239492853,0.12608741784571073,0.0009854527555175586,-0.06078233102627552,0.048439919413772264,0.00032170478128147514,0.17350264776019508,0.0683358931939373,-0.00029886678816037974,-0.21028488654057995,0.12457484932140626,0.000984213056508443,-0.059289078068590406,0.06698929723722294,0.00037307440729470305,0.17457540903361252,0.0661856809510183,-0.00030845316370129306,-0.21097176224275246,0.06633907120800275,0.0008113606326689112,-0.05851748905020832,0.1233380649970457,0.0005400093281732095,0.17427633221866579,0.12090762131845584,-0.00014330021673584814,1.4391188561205222e-05,0.06503182371498528,0.00019505623181429797,3.366008868692562e-05,0.06425168965157088,0.0001926634082741331,0.001571671269531047,0.11945719061347775,0.00035407743534413716,2.88,0.0,0.07499926138077857,0.21544915965108608,0.11816839311007357
0.068,0.0,0.0,-0.2169634833576227,0.13264142102442303,0.0010285242546489285,-0.060683794154219484,0.05157654037191942,0.0003310198562435366,0.17844803524797678,0.05056019658127,-0.0003671889616498389,-0.21588080152620248,0.1300276496533892,0.0010175155861449532,-0.06276915419240457,0.04995366689545265,0.0003322079937651845,0.17903389537416647,0.07047138985624785,-0.0003090937737118417,-0.21706337081740593,0.12846781336270022,0.0010162580997098406,-0.061207390714946616,0.06908271277588615,0.00038511537253342967,0.18013349334265352,0.06825398348073762,-0.0003189642766586247,-0.2178234283556284,0.06841216718325284,0.000838151788278016,-0.060362962882881954,0.1271923795282034,0.0005571296057352351,0.1798683563469674,0.12468598448465759,-0.00014877104320202457,1.5789994603076623e-05,0.06706406820607858,0.0002011490310525521,3.698046062095443e-05,0.06625955495318248,0.00019867768459348666,0.0017207997518723867,0.12319022782014895,0.0003648556696518537,2.97,0.0,0.07499923747135946,0.21546356680348,0.11827219290409562
0.07,0.0,0.0,-0.22371554665732196,0.13666085802516312,0.0010608730241483575,-0.06260338804184608,0.05313946583773516,0.0003414697799758639,0.18392411945185025,0.05209232375039939,-0.00037906713449273224,-0.22260625486280816,0.13396788146106767,0.0010495460489618105,-0.06475545794260401,0.05146741437713303,0.00034270970570861276,0.18455146069783543,0.07260688651855839,-0.0003192810265668243,-0.22383129170420799,0.13236077740399416,0.0010482724446642003,-0.06312371569081093,0.07117612831454936,0.0003971505570884879,0.18567719714770342,0.07032228601045695,-0.0003294336219965897,-0.2246692782162285,0.07048526315850293,0.0008649260745423939,-0.06220125452370184,0.13104669405936106,0.0005742289708267291,0.1854500939648381,0.12846434765085935,-0.0001542120260883242,1.7279407039096857e-05,0.06909631269717187,0.00020724156810770638,4.0523341056714566e-05,0.06826742025479406,0.00020469131938251933,0.0018790274650842451,0.1269232650268201,0.00037560739582484314,3.06,0.0,0.07499921356194035,0.21547797395587392,0.11837599269811766
0.07200000000000001,0.0,0.0,-0.2304558325230881,0.14068029502590323,0.0010931875250496756,-0.06452216710249824,0.05470239130355091,0.000351917338036191,0.18938428294851883,0.05362445091952879,-0.00039089900559696435,-0.22932022628257337,0.13790811326874614,0.001081543104394663,-0.06674122320787715,0.05298116185881342,0.0003532098594042523,0.19005490696738203,0.07474238318086894,-0.00032942723255089946,-0.2305883188802911,0.13625374144528812,0.0010802550994484885,-0.0650379925467706,0.07326954385321259,0.0004091797786320706,0.1912060638693438,0.07239058854017627,-0.00033985982582258146,-0.23150911858266088,0.07255835913375303,0.0008916829120499447,-0.06403215341325762,0.13490100859051876,0.0005913067893426619,0.19102120753279875,0.1322427108170611,-0.00015962214944333103,1.8862685837838707e-05,0.07112855718826516,0.00021333383334367823,4.429758380442626e-05,0.07027528555640565,0.00021070428664604683,0.0020466168042103925,0.1306563022334913,0.0003863318243052212,3.1500000000000004,0.0,0.07499918965252124,0.21549238110826785,0.1184797924921397
0.074,0.0,0.0,-0.23718398681293318,0.1446997320266433,0.0011254666936491944,-0.06644010529328982,0.05626531676936665,0.00036236245161559466,0.19482804044579438,0.05515657808865818,-0.00040268311457958197,-0.23602237007865254,0.14184834507642458,0.0011135057140769938,-0.0687264310912078,0.0544949093404938,0.0003637083976451129,0.19554379875519032,0.07687787984317948,-0.00033953108137260767,-0.2373341223561371,0.14014670548658206,0.0011122050731006195,-0.06695016116947235,0.0753629593918758,0.00042120285581593924,0.1967196383574339,0.07445889106989559,-0.00035024151839834465,-0.23834275610743932,0.0746314551090031,0.0009184217210749919,-0.06585544982443446,0.13875532312167643,0.0006083624296048022,0.1965813606588668,0.13602107398326282,-0.00016500040064860777,2.054314036432737e-05,0.07316080167935844,0.00021942581698056182,4.8312236790445176e-05,0.07228315085801724,0.00021671655982263849,0.0022238293502561766,0.1343893394401625,0.0003970281679078563,3.24,0.0,0.07499916574310213,0.21550678826066177,0.11858359228616175
0.076,0.0,0.0,-0.24389965582418716,0.14871916902738339,0.0011577094675209497,-0.06835717680456098,0.057828242235182375,0.0003728050425854166,0.20025490820001238,0.05668870525778757,-0.00041441800556402044,-0.24271234097255465,0.14578857688410302,0.0011454328408882666,-0.07071106287260692,0.05600865682217417,0.00037420526374014595,0.2010177020115928,0.07901337650549001,-0.00034959126674910095,-0.244068372484308,0.14403966952787597,0.0011441213756520393,-0.0688601617910325,0.07745637493053902,0.0004332196083000341,0.20221746693545722,0.0765271935996149,-0.00036057733427345695,-0.24516999733654157,0.07670455108425317,0.0009451419215750775,-0.06767093488557606,0.14260963765283408,0.0006253952624318056,0.20213021813493942,0.13979943714946455,-0.00017034577052820677,2.2324130835627646e-05,0.07519304617045172,0.0002255175090902622,5.2576547393145845e-05,0.07429101615962883,0.00022272811176851515,0.0024109258471436837,0.13812237664683363,0.0004076956418897324,3.3299999999999996,0.0,0.07499914183368302,0.2155211954130557,0.11868739208018379
0.078,0.0,0.0,-0.25060248630693127,0.15273860602812345,0.0011899147855569318,-0.07027335606623944,0.059391167700998115,0.00038324503351667733,0.20566440406226805,0.05822083242691696,-0.0004261022273192862,-0.24938979412719,0.14972880869178148,0.0011773234489930084,-0.072695100014062,0.05752240430385455,0.0003847004015293844,0.20647618410647386,0.08114887316780053,-0.0003596064865313768,-0.2507907399703933,0.1479326335691699,0.0011760030181604336,-0.07076793499831742,0.07954979046920223,0.0004452298567807042,0.2076990974447165,0.07859549612933422,-0.000370865912418369,-0.25199064870859766,0.07877764705950326,0.0009718429331881345,-0.06947840060344244,0.14646395218399175,0.0006424046612087034,0.20766744597305153,0.1435778003156663,-0.00017565725345781936,2.4209069776616144e-05,0.07722529066154502,0.00023160889959212818,5.709996774643972e-05,0.0762988814612404,0.0002287389147415418,0.0026081661787449102,0.1418554138535048,0.00041833346401908336,3.4199999999999995,0.0,0.0749991179242639,0.21553560256544962,0.11879119187420584
0.08,0.0,0.0,-0.25729212547745517,0.15675804302886356,0.0012220815880073844,-0.07218861775408875,0.06095409316681386,0.0003936823476991599,0.21105604752449006,0.05975295959604636,-0.000437734333398665,-0.256054385159936,0.15366904049945995,0.0012091765038799499,-0.07467852416438647,0.059036151785534945,0.00039519375539879084,0.21191881387072795,0.08328436983011109,-0.0003695754428290883,-0.2575008958840023,0.15182559761046388,0.0012078490127425715,-0.07267342174209074,0.08164320600786544,0.0004572334230185486,0.21316407928837217,0.08066379865905354,-0.0003811058963569889,-0.25880451655421144,0.08085074303475336,0.000998524175230053,-0.07127763988595771,0.15031826671514945,0.0006593900019557756,0.21319271144150528,0.14735616348186806,-0.00018093384747355044,2.620142347593579e-05,0.07925753515263831,0.0002376999782485851,6.189216001004045e-05,0.078306746762852,0.00023474894038531666,0.00281580934599511,0.145588451060176,0.0004289408546442933,3.51,0.0,0.0749990940148448,0.21555000971784355,0.11889499166822788
0.082,0.0,0.0,-0.26396822103173845,0.16077748002960365,0.0012542088165211766,-0.07410293679584048,0.0625170186326296,0.00040411690916015503,0.216429359765347,0.06128508676517575,-0.000449312882277943,-0.26270577015572255,0.1576092723071384,0.0012409909724012233,-0.07666131716396664,0.060549899267215324,0.0004056852702948054,0.21734516163756812,0.08541986649242163,-0.00037949684213491893,-0.26419851166980174,0.15571856165175782,0.0012396583726072806,-0.07457656334602436,0.08373662154652867,0.0004692301298658582,0.21861196347531997,0.08273210118877287,-0.00039129593429879783,-0.2656114070954179,0.08292383901000343,0.0010251850666926448,-0.0730684465647426,0.15417258124630712,0.0006763506633967945,0.21870568310086702,0.15113452664806978,-0.0001861745543803065,2.8304713442129273e-05,0.0812897796437316,0.000243790734660767,6.696300160559355e-05,0.0803146120644636,0.00024075815971336066,0.0030341134440884823,0.14932148826684719,0.00043951703676255627,3.5999999999999996,0.0,0.07499907010542568,0.21556441687023747,0.11899879146224993
0.084,0.0,0.0,-0.2706304211589569,0.16479691703034377,0.0012862954141862467,-0.07601628837720763,0.06407994409844535,0.00041454864268285744,0.2217838636959821,0.06281721393430514,-0.00046083643749312555,-0.26934360568013715,0.1615495041148169,0.0012727658228116182,-0.07864346104940345,0.06206364674889571,0.00041617489173858706,0.22275479928368083,0.08755536315473217,-0.00038936939544850785,-0.2708832591586001,0.1596115256930518,0.0012714301120885605,-0.07647730151556961,0.08583003708519188,0.00048121980129364874,0.22404230266390346,0.08480040371849219,-0.0004014346792704834,-0.2724111264452789,0.08499693498525353,0.0010518250262420144,-0.07485061541742688,0.15802689577746482,0.0006932860270266222,0.2242060308398277,0.15491288981427154,-0.00019137837985978644,3.0522517859947345e-05,0.0833220241348249,0.0002498811582641483,7.232259041779205e-05,0.08232247736607519,0.0002467665430934088,0.0032633356397583553,0.15305452547351836,0.0004500612360882896,3.69,0.0,0.07499904619600657,0.2155788240226314,0.11910259125627197
0.08600000000000001,0.0,0.0,-0.277278374555014,0.16881635403108383,0.0013183403255701222,-0.07792864794777635,0.06564286956426107,0.00042497747382440614,0.22711908400557143,0.06434934110343454,-0.0004723035677776427,-0.27596754879255014,0.16548973592249533,0.0013045000248078974,-0.08062493805804671,0.0635773942305761,0.00042666256583993867,0.22814730027022287,0.08969085981704271,-0.0003991918183999144,-0.2775548105784794,0.16350448973434573,0.0013031632466788375,-0.0783755783466857,0.08792345262385509,0.0004932022624182742,0.22945465120545636,0.08686870624821151,-0.0004115207892470758,-0.2792034806076194,0.08707003096050361,0.0010784434722173474,-0.07662394218973705,0.1618812103086225,0.0007101954771781481,0.22969342591092315,0.1586912529804733,-0.00019654433357806325,3.2858473046827156e-05,0.08535426862591818,0.0002559712383241747,7.798124995960434e-05,0.08433034266768677,0.00025277406023180694,0.00350373214864401,0.15678756268018954,0.0004605726811212935,3.78,0.0,0.07499902228658746,0.21559323117502532,0.11920639105029401
0.088,0.0,0.0,-0.2839117304360977,0.17283579103182395,0.0013503424967605138,-0.0798399912267733,0.06720579503007683,0.0004354033289335595,0.23243454720670098,0.06588146827256394,-0.0004837128471990225,-0.2825772570592604,0.1694299677301738,0.001336192549568172,-0.08260573063241906,0.06509114171225648,0.0004371482393109096,0.23352223968365593,0.09182635647935326,-0.00040896283137260885,-0.2842128385659749,0.16739745377563967,0.0013348567930623573,-0.080271336334422,0.09001686816251832,0.0005051773395276121,0.23484856518767083,0.08893700877793084,-0.0004215529272825765,-0.2859882754769077,0.0891431269357537,0.0011050398226301193,-0.0783882236173542,0.16573552483978016,0.0007270784010885516,0.23516754096611006,0.16246961614667504,-0.0002016714292927443,3.531627490953511e-05,0.08738651311701148,0.000262060963931894,8.394953450074487e-05,0.08633820796929838,0.00025878068015801635,0.0037555582127462863,0.16052059988686074,0.00047105060321465014,3.87,0.0,0.07499899837716835,0.21560763832741925,0.11931019084431606
0.09,0.0,0.0,-0.29053013855226345,0.176855228032564,0.001382300875405985,-0.08175029420870586,0.06876872049589255,0.00044582613516799753,0.2377297816805582,0.06741359544169333,-0.000495062855295023,-0.2891723885666618,0.17337019953785224,0.001367842369791338,-0.08458582142452742,0.06660488919393685,0.00044763185947906776,0.23887919427641505,0.09396185314166379,-0.00041868115962597646,-0.2908570161773036,0.1712904178169336,0.0013665097691487255,-0.08216451838135144,0.09211028370118153,0.0005171448601068106,0.24022360247778696,0.09100531130765015,-0.00043152976164006205,-0.29276531683828033,0.09121622291100377,0.0011316134951637345,-0.0801432574475378,0.16958983937093783,0.0007439341889648761,0.24062805009219423,0.16624797931287677,-0.00020675868495969988,3.7899680400967926e-05,0.08941875760810475,0.00026815032399958566,9.023823415852376e-05,0.08834607327090994,0.0002647863712092276,0.004019068077974093,0.16425363709353188,0.0004814942366423568,3.9599999999999995,0.0,0.07499897446774924,0.21562204547981317,0.1194139906383381
0.092,0.0,0.0,-0.2971332492010429,0.18087466503330413,0.0014142144107567027,-0.08365953316887255,0.0703316459617083,0.0004562458205112425,0.24300431772193298,0.06894572261082273,-0.0005063521772092065,-0.29575260193443037,0.1773104313455307,0.0013994484597365776,-0.08656519330005938,0.06811863667561724,0.000458113374300434,0.24421774250740652,0.09609734980397433,-0.00042834553341732215,-0.2974870168996426,0.17518338185822754,0.0013981211941065934,-0.08405506780585158,0.09420369923984474,0.0005291046528635886,0.24557932276559905,0.09307361383736948,-0.00044144996592125244,-0.2995344103677157,0.09328931888625387,0.0011581639071736025,-0.08188884246051048,0.17344415390209553,0.0007607622340489,0.24607462884610684,0.17002634247907852,-0.00021180512283934714,4.0612508977104844e-05,0.09145100209919806,0.0002742393072563913,9.685837995021552e-05,0.09035393857252154,0.0002707911010150891,0.004294514971783955,0.1679866743002031,0.000491902818666687,4.05,0.0,0.07499895055833013,0.2156364526322071,0.11951779043236015
0.094,0.0,0.0,-0.30372071324107924,0.18489410203404422,0.0014460820537052614,-0.08556768466874097,0.07189457142752403,0.00046666231378918974,0.24825768758402417,0.07047784977995211,-0.0005175794038259426,-0.302317556328733,0.18125066315320917,0.0014310097952629187,-0.0885438293424623,0.06963238415729762,0.00046859273237207107,0.24953746458233125,0.09823284646628487,-0.00043795468812336493,-0.3041025146624571,0.17907634589952148,0.0014296900883974922,-0.08594292835023072,0.09629711477850796,0.0005410565477530786,0.25091528760627446,0.0951419163670888,-0.00045131221919553075,-0.30629536163235727,0.09536241486150394,0.001184690475687659,-0.08362477849059985,0.1772984684332532,0.0007775619326812911,0.25150695429002534,0.17380470564528025,-0.00021680976960247977,4.3458644054103136e-05,0.09348324659029134,0.00028032790224394267,0.00010382124880609284,0.09236180387413313,0.0002767948364825488,0.004582151080914692,0.17171971150687426,0.0005022755896052709,4.14,0.0,0.07499892664891102,0.21565085978460102,0.11962159022638219
0.096,0.0,0.0,-0.31029218210578924,0.18891353903478428,0.0014779027568275907,-0.08747472556119089,0.07345749689333977,0.0004770755446862422,0.2534894255230463,0.07200997694908151,-0.000528743131904828,-0.30886691147545714,0.18519089496088761,0.0014625253538688618,-0.09052171285690261,0.07114613163897801,0.00047906988294432095,0.2548379424938294,0.10036834312859541,-0.00044750736436120753,-0.3107031838488799,0.18296930994081542,0.0014612154738098174,-0.08782804418869601,0.09839053031717117,0.0005530003760022057,0.25623106046298055,0.09721021889680811,-0.0004611152061283991,-0.3130479760909886,0.09743551083675403,0.001211192617407334,-0.08535086644713251,0.18115278296441087,0.0007943326843650322,0.2569247050263349,0.177583068811482,-0.00022177165643563003,4.6442034465528244e-05,0.09551549108138463,0.0002864160973119916,0.00011113836854227617,0.09436966917574471,0.0002827975437808159,0.004882227529219353,0.17545274871354544,0.0005126117928978923,4.2299999999999995,0.0,0.0749989027394919,0.21566526693699495,0.11972539002040423
0.098,0.0,0.0,-0.3168473078170523,0.19293297603552442,0.001509675474423941,-0.08938063299561967,0.07502042235915553,0.00048748544376103927,0.2586990678426329,0.07354210411821091,-0.0005398419642145062,-0.3154003276734624,0.1891311267685661,0.0014939941147320698,-0.0924988273741032,0.0726598791206584,0.000489544775932683,0.26011876006144236,0.10250383979090597,-0.00045700230810877035,-0.31728869930714165,0.18686227398210942,0.001492696373492968,-0.0897103599351607,0.10048394585583441,0.0005649359701335913,0.2615262067493153,0.09927852142652746,-0.0004708576171093593,-0.31979205909466296,0.09950860681200413,0.0012376697487089783,-0.08706690833507645,0.18500709749556857,0.0008110738918281032,0.26232756123242684,0.18136143197768378,-0.00022668981914595338,4.956669591970905e-05,0.09754773557247794,0.00029250388061403726,0.00011882152279255516,0.09637753447735632,0.0002887991883264421,0.005194994355596474,0.17918578592021664,0.0005229106751729919,4.32,0.0,0.0749988788300728,0.21567967408938887,0.11982918981442628
0.1,0.0,0.0,-0.32338574299892625,0.1969524130362645,0.0015413991625599505,-0.09128538442290779,0.07658334782497127,0.0004978919424617728,0.26388615293803114,0.07507423128734031,-0.0005508745096658778,-0.3219174658078536,0.19307135857624458,0.0015254150587491208,-0.09447515665405651,0.07417362660233878,0.000500017361929326,0.26537950297138796,0.1046393364532165,-0.0004664382708246776,-0.32385873636205337,0.19075523802340336,0.001524131811991635,-0.09158982065088776,0.10257736139449762,0.000576863163988975,0.26680029387153764,0.10134682395624678,-0.0004805381483792056,-0.3265274158874882,0.10158170278725422,0.0012641212856457516,-0.08877270727542741,0.18886141202672624,0.0008277849610854081,0.26771520469533006,0.1851397951438855,-0.000231563298265624,5.2836712457208044e-05,0.09957998006357122,0.0002985912401029545,0.0001268827558983435,0.09838539977896792,0.00029479973476852613,0.005520700492022767,0.18291882312688781,0.000533171486313874,4.41,0.0,0.07499885492065368,0.2156940812417828,0.11993298960844832
0.10200000000000001,0.0,0.0,-0.3299071408913909,0.20097185003700457,0.0015730727791077924,-0.09318895760024194,0.07814627329078701,0.0005082949731410844,0.26905022134008383,0.0766063584564697,-0.0005618393834446844,-0.3284179873632758,0.19701159038392302,0.0015567871685753297,-0.09645068468961122,0.07568737408401915,0.000510487592214227,0.2706197588161449,0.10677483311552705,-0.00047581400956758275,-0.3304129708265413,0.1946482020646973,0.001555520815280252,-0.09346637185196721,0.10467077693316083,0.0005887817927521457,0.27205289127059257,0.1034151264859661,-0.0004901555021567147,-0.3332538516075695,0.1036547987625043,0.0012905466439499776,-0.09046806752533537,0.1927157265578839,0.000844465301499934,0.27308731884617204,0.18891815831008726,-0.00023639113915572838,5.625623790839505e-05,0.10161222455466451,0.00030467816352662194,0.0001353343777559341,0.1003932650805795,0.0003007991469740435,0.0058595937416892965,0.186651860333559,0.0005433934795246087,4.5,0.0,0.07499883101123457,0.21570848839417672,0.12003678940247037
0.10400000000000001,0.0,0.0,-0.33641115536411853,0.20499128703774466,0.0016046952837874067,-0.09509133059579335,0.07970919875660275,0.000518694469070534,0.2741908157589943,0.07813848562559908,-0.0005727352071434543,-0.33490155443723146,0.2009518221916015,0.001588109428664632,-0.09842539570993036,0.07720112156569954,0.0005209554187659323,0.27583911713384224,0.10891032977783759,-0.000485128287114922,-0.3369510790132348,0.19854116610599123,0.0015868624107975978,-0.09533995951662445,0.10676419247182405,0.0006006916929713738,0.27728357046392765,0.10548342901568541,-0.0004997083867647215,-0.3399711712881114,0.10572789473775439,0.0013169452390359717,-0.09215279449796715,0.19657004108904158,0.0008611143258431309,0.27844358879446546,0.192696521476289,-0.00024117239210964917,5.9829497351112665e-05,0.10364446904575779,0.0003107646384235482,0.0001441889686202273,0.10240113038219109,0.00030679738801330544,0.006211920757243212,0.19038489754023016,0.0005535759113956227,4.59,0.0,0.07499880710181546,0.21572289554657065,0.12014058919649241
0.106,0.0,0.0,-0.34289744093027247,0.20901072403848475,0.00163626563820781,-0.09699248179324899,0.08127212422241847,0.0005290903644546354,0.2793074811278696,0.07967061279472848,-0.0005835606088927974,-0.3413678297534192,0.20489205399927993,0.0016193808253095342,-0.10039927418381872,0.07871486904737993,0.0005314207942719309,0.2810371694474503,0.11104582644014811,-0.0004943798720810825,-0.34347273774610726,0.20243413014728517,0.00161815562748156,-0.09721053009235701,0.10885760801048726,0.0006125927025813351,0.2824919050870959,0.10755173154540473,-0.0005091955167555687,-0.34667917985868046,0.10780099071300446,0.0013433164860033476,-0.09382669478210133,0.20042435562019925,0.0008777314503544993,0.2837837013622166,0.19647488464249074,-0.00024590611245592413,6.356078856842031e-05,0.10567671353685108,0.0003168506521184999,0.00015345938386411028,0.10440899568380267,0.00031279442014554734,0.006577927019137095,0.19411793474690134,0.0005637180419689744,4.68,0.0,0.07499878319239635,0.21573730269896457,0.12024438899051446
0.108,0.0,0.0,-0.3493656527603327,0.21303016103922484,0.0016677828059084919,-0.09889238989619348,0.08283504968823421,0.0005394825944444496,0.2843997646460376,0.08120273996385786,-0.0005943142234920352,-0.34781647667509535,0.2088322858069584,0.001650600346681133,-0.10237230482291752,0.0802286165290603,0.0005418836721386371,0.28621350930376876,0.11318132310245865,-0.0005035675390349749,-0.34997762437217095,0.2063270941885791,0.0016493994958040592,-0.09907803050289722,0.11095102354915047,0.0006244846609245225,0.2876774709351412,0.10962003407512405,-0.0005186156130359155,-0.35337768214663035,0.10987408668825455,0.001369659799640805,-0.09548957616145182,0.20427867015135692,0.0008943160948003747,0.2891073451178523,0.20025324780869247,-0.00025059136066057236,6.745448350640314e-05,0.10770895802794436,0.0003229361917181278,0.00016315875869267192,0.10641686098541425,0.0003187902048046504,0.006957856814087954,0.1978509719535725,0.0005738191348033063,4.77,0.0,0.07499875928297724,0.2157517098513585,0.1203481887845365
0.11,0.0,0.0,-0.3558154466959496,0.21704959803996493,0.001699245752400893,-0.10079103393233937,0.08439797515404995,0.0005498710951507303,0.2894672158221343,0.08273486713298726,-0.000604994692539151,-0.3542471592184569,0.21277251761463684,0.0016817669828691965,-0.10434447258476434,0.08174236401074068,0.0005523440065009746,0.2913677323122083,0.1153168197647692,-0.0005126900686169987,-0.3564654167732259,0.21022005822987305,0.0016805930478061323,-0.10094240815499833,0.11304443908781368,0.0006363674087721328,0.2928398460037622,0.11168833660484337,-0.0005279674029908934,-0.36006648287869036,0.11194718266350463,0.001395974594430405,-0.09714124763371643,0.2081329846825146,0.0009108676825318994,0.2944142104099615,0.20403161097489422,-0.00025522720242887424,7.151502973203103e-05,0.10974120251903766,0.00032902124410659375,0.00017330051281144314,0.10842472628702585,0.0003247847025849995,0.007351953213647909,0.2015840091602437,0.0005838784570384672,4.859999999999999,0.0,0.07499873537355813,0.21576611700375242,0.12045198857855854
0.112,0.0,0.0,-0.3622464792638253,0.22106903504070502,0.001730653445209964,-0.10268839325760377,0.0859609006198657,0.0005602558036566152,0.2945093865169559,0.08426699430211665,-0.0006156006645600529,-0.3606595420660473,0.2167127494223153,0.0017128797259223164,-0.10631576267571628,0.08325611149242107,0.0005628017522315563,0.29649943618336144,0.11745231642707973,-0.0005217462476553857,-0.36293579337766296,0.214113022271167,0.0017117353171331787,-0.10280361094504173,0.1151378546264769,0.0006482407883444258,0.29797861053025043,0.11375663913456269,-0.0005372496206075987,-0.366745386682719,0.11402027863875472,0.0014222602845523353,-0.09878151942934704,0.21198729921367226,0.000927385640542166,0.29970398940084764,0.20780997414109595,-0.0002598127088065967,7.574695189105203e-05,0.11177344701013094,0.0003351057959411967,0.00018389835504785908,0.11043259158863743,0.00033077787322747794,0.0077604580528885725,0.20531704636691486,0.0005938952794598009,4.949999999999999,0.0,0.07499871146413901,0.21578052415614635,0.12055578837258059
0.114,0.0,0.0,-0.3686584076896225,0.2250884720414451,0.001762004853915811,-0.10458444756002913,0.08752382608568143,0.0005706366580298556,0.2995258309860725,0.08579912147124605,-0.0006261307951371296,-0.36705329058018404,0.22065298122999374,0.0017439375698881231,-0.10828616055373455,0.08476985897410144,0.0005732568649494533,0.3016082207673592,0.11958781308939027,-0.0005307348692819135,-0.3693884331723214,0.21800598631246093,0.001742825339070372,-0.10466158726546285,0.11723127016514012,0.0006601046433305455,0.30309334703419816,0.115824941664282,-0.0005464610065979053,-0.3734141980896235,0.11609337461400479,0.0014485162838901713,-0.10041020303003793,0.21584161374482994,0.000943869399522531,0.30497637609988826,0.2115883373072977,-0.0002643469562806498,8.015485316590344e-05,0.11380569150122423,0.0003411898336479995,0.00019496628792514497,0.11244045689024902,0.0003367696756056035,0.00818361190920116,0.20905008357358604,0.0006038688765620924,5.039999999999999,0.0,0.0749986875547199,0.21579493130854027,0.12065958816660263
0.116,0.0,0.0,-0.3750508899119013,0.22910790904218523,0.001793298950195423,-0.10647917686354616,0.08908675155149719,0.000581013597334579,0.3045161059221986,0.08733124864037545,-0.0006365837470370912,-0.37342807081640866,0.22459321303767224,0.001774939510853569,-0.11025565193102847,0.08628360645578184,0.0005837093010285492,0.30669368809200964,0.12172330975170083,-0.0005396547330469752,-0.3758230157144015,0.2218989503537549,0.001773862150578229,-0.10651628601099368,0.11932468570380335,0.0006719588189077986,0.3081836403579726,0.11789324419400135,-0.0005556003085205904,-0.3800727215354464,0.1181664705892549,0.0014747420060366352,-0.10202711118692899,0.21969592827598766,0.0009603183939180768,0.3102310663966986,0.21536670047349946,-0.0002688290268791664,8.474341673362323e-05,0.11583793599231754,0.00034727334341745495,0.00020651861218783473,0.11444832219186063,0.00034276006771180644,0.0086216540812143,0.21278312078025724,0.0006137985266131683,5.13,0.0,0.07499866364530079,0.2158093384609342,0.12076338796062468
0.11800000000000001,0.0,0.0,-0.38142358459608344,0.23312734604292532,0.0018245347078644798,-0.10837256153157697,0.09064967701731293,0.0005913865616425773,0.309479770497316,0.08886337580950485,-0.0006469581903380812,-0.37978354953695836,0.2285334448453507,0.0018058845469852783,-0.11222422277655728,0.08779735393746223,0.0005941590176054721,0.311755442400714,0.12385880641401137,-0.0005485046450339949,-0.38223922114343206,0.22579191439504884,0.001804844790328351,-0.10836765658471953,0.12141810124246656,0.0006838031617603808,0.31324907770695193,0.11996154672372067,-0.0005646662809027557,-0.38672076136362005,0.12023956656450498,0.0015009368642998544,-0.10363205793852075,0.22355024280714533,0.000976732061982223,0.31546775809409533,0.2191450636397012,-0.00027325800827099225,8.95174072237429e-05,0.11787018048341082,0.0003533563112000316,0.00021856993127813694,0.11645618749347221,0.00034874900664385314,0.009074822567831565,0.21651615798692841,0.0006236835117171424,5.22,0.0,0.07499863973588168,0.21582374561332812,0.12086718775464672
0.12,0.0,0.0,-0.3877761511484442,0.2371467830436654,0.0018557111029192466,-0.11026458227047638,0.09221260248312865,0.0006017554920441169,0.3144163864045459,0.09039550297863423,-0.0006572528025560453,-0.3861193942242601,0.23247367665302915,0.0018367716785699624,-0.11419185931838771,0.0893111014191426,0.0006046059725870996,0.31679309019015767,0.1259943030763219,-0.0005572834179731764,-0.3886367301932927,0.22968487843634278,0.0018357722987393243,-0.11021564890394804,0.12351151678112977,0.0006956375200975479,0.31828924868951936,0.12202984925343999,-0.0005736576853605359,-0.3933581218273902,0.12231266253975506,0.0015271002717101255,-0.10522485862829814,0.227404557338303,0.0009931098458304713,0.32068615094085645,0.22292342680590294,-0.0002776329938645772,9.448167217614243e-05,0.11990242497450411,0.00035943872270184114,0.00023113515576236968,0.1184640527950838,0.000354736448591417,0.009543354047390654,0.2202491951935996,0.000633523117877304,5.31,0.0,0.07499861582646257,0.21583815276572205,0.12097098754866877
0.122,0.0,0.0,-0.3941082497301316,0.24116622004440547,0.0018868271135785491,-0.11215522013280964,0.09377552794894439,0.0006121203306582622,0.31932551789976443,0.09192763014776363,-0.0006674662687703468,-0.3924352730944463,0.23641390846070762,0.0018675999080549034,-0.11615854804590592,0.09082484890082299,0.0006150501246576321,0.3218062402477708,0.12812979973863245,-0.0005659898713545757,-0.39501522420429175,0.23357784247763672,0.0018666437180127882,-0.11206021340588843,0.125604932319793,0.0007074617436712232,0.32330374535681095,0.1240981517831593,-0.0005825732907190802,-0.3999846070924091,0.12438575851500515,0.0015532316410271862,-0.10680532992206007,0.23125887186946067,0.0010094511914932765,0.3258859466642745,0.2267017899721047,-0.0002819530829062553,9.964114349884664e-05,0.12193466946559739,0.00036552056338026376,0.0002442295077066923,0.12047191809669539,0.00036072234882279905,0.010027483856946247,0.22398223240027076,0.0006433166350586403,5.3999999999999995,0.0,0.07499859191704346,0.21585255991811597,0.12107478734269081
0.124,0.0,0.0,-0.40041954127121276,0.2451856570451456,0.0019178817203258317,-0.11404445652046474,0.09533845341476015,0.0006224810206427094,0.3242067318429593,0.09345975731689303,-0.0006775972817486142,-0.39873085511089235,0.24035414026838609,0.0018983682400884974,-0.11812427571188182,0.09233859638250339,0.000625491433285228,0.3267945036889566,0.130265296400943,-0.0005746228315404835,-0.401374385135299,0.2374708065189307,0.0018974580921696676,-0.11390130105313885,0.1276983478584562,0.0007192756837930339,0.3282921622422135,0.12616645431287865,-0.0005914118731317969,-0.40660002123949845,0.12645885449025526,0.001579330384747993,-0.10837328982495201,0.23511318640061837,0.0010257555489680352,0.3310668490024993,0.23048015313830647,-0.0002862173805779041,0.0001050008389257414,0.1239669139566907,0.00037160181843957555,0.00025786852500136846,0.122479783398307,0.0003667066616718009,0.010527445971678425,0.22771526960694197,0.0006530633572499872,5.49,0.0,0.07499856800762435,0.2158669670705099,0.12117858713671285
0.126,0.0,0.0,-0.40670968748474773,0.2492050940458857,0.0019488739059512954,-0.11593227318759745,0.09690137888057589,0.0006328375062031219,0.3290595977393221,0.09499188448602243,-0.0006876445420708106,-0.40500580999777575,0.24429437207606455,0.0019290756815608706,-0.12008902933438444,0.09385234386418376,0.0006359298587281967,0.3317574939940816,0.13240079306325353,-0.0005831811318771092,-0.4077138955759338,0.24136377056022465,0.001928214467086571,-0.11573886333898023,0.12979176339711943,0.0007310791933507749,0.3332540964006087,0.12823475684259797,-0.0006001722161988466,-0.413204168267584,0.12853195046550533,0.0016053959151150115,-0.10992855769819887,0.23896750093177604,0.0010420223722701842,0.3362285637366662,0.2342585163045082,-0.00029042499809397326,0.00011056586347418707,0.12599915844778398,0.0003776824728265748,0.0002720680656328027,0.12448764869991857,0.0003726893405247516,0.011043472984428645,0.23144830681361314,0.0006627625825258042,5.58,0.0,0.07499854409820524,0.21588137422290382,0.1212823869307349
0.128,0.0,0.0,-0.4129783508808896,0.2532245310466258,0.0019798026555941203,-0.11781865224340753,0.09846430434639163,0.0006431897326019672,0.333883687780073,0.09652401165515181,-0.0006976067582525108,-0.41125980825365654,0.248234603883743,0.001959721241644556,-0.12205279619854657,0.09536609134586414,0.0006463653620407458,0.3366948270452266,0.13453628972556408,-0.0005916636128055526,-0.4140334387588083,0.2452567346015186,0.0019589118905323573,-0.11757285229247447,0.13188517893578264,0.0007428721268242886,0.3381891474473592,0.1303030593723173,-0.0006088531110848743,-0.4197968520968004,0.1306050464407554,0.0016314276441250183,-0.11147095427553572,0.24282181546293372,0.0010582511194833976,0.3413707987228074,0.23803687947070995,-0.00029457505279786877,0.00011634141090250545,0.12803140293887727,0.00038376251122620926,0.0002868443119025978,0.12649551400153017,0.00037867033780769214,0.011575796085365166,0.23518134402028432,0.0006724136131075671,5.67,0.0,0.07499852018878612,0.21589578137529775,0.12138618672475694
0.13,0.0,0.0,-0.41922519478101167,0.2572439680473659,0.0020106669567847664,-0.11970357615474439,0.10002722981220737,0.0006535376461668447,0.3386785768830134,0.0980561388242812,-0.0007074826468673754,-0.41749252116507896,0.25217483569142146,0.001990303931835234,-0.12401556385817739,0.09687983882754453,0.0006567979050782734,0.34160612116269196,0.1366717863878746,-0.0006000691219720559,-0.4203326985718258,0.24914969864281253,0.0019895494122048624,-0.1194032204833655,0.13397859447444588,0.000754654340300761,0.343096917597033,0.1323713619020366,-0.0006174533566359677,-0.4263778765717682,0.1326781424160055,0.0016574249835384178,-0.11300030167933366,0.2466761299940914,0.0010744412528088812,0.34649326392354163,0.24181524263691168,-0.0002986666682576872,0.00012233276516731547,0.13006364742997056,0.0003898419180572042,0.000302213774592889,0.12850337930314176,0.00038464960497371753,0.012124645041779847,0.2389143812269555,0.000682015755424771,5.76,0.0,0.07499849627936701,0.21591018852769167,0.12148998651877899
0.132,0.0,0.0,-0.42544988333186096,0.26126340504810597,0.002041465799487353,-0.12158702774854076,0.10159015527802312,0.0006638811942983026,0.34344384273280293,0.09958826599341061,-0.0007172709326688084,-0.42370362082019397,0.25611506749909996,0.0020208227659925366,-0.12597732013722132,0.09839358630922491,0.000667227450502207,0.34649099714125636,0.13880728305018517,-0.0006083965143375204,-0.4266113595705337,0.2530426626841065,0.002020126083767797,-0.12122992102678147,0.1360720100131091,0.0007664256914894237,0.34797701170186285,0.13443966443175592,-0.0006259717594958311,-0.4329470454650422,0.1347512383912556,0.0016833873448890712,-0.11451642343641877,0.2505304445252491,0.0010905922386137484,0.35159567143953985,0.24559360580311346,-0.00030269897436128453,0.000128545301880692,0.13209589192106386,0.0003959206774676896,0.0003181932970772175,0.13051124460475336,0.0003906270924904814,0.01269024817801823,0.24264741843362672,0.0006915683201755406,5.8500000000000005,0.0,0.0749984723699479,0.2159245956800856,0.12159378631280103
0.134,0.0,0.0,-0.4316520815197373,0.26528284204884606,0.0020721981761421208,-0.1234689902140726,0.10315308074383885,0.0006742203254771388,0.3481790658209565,0.10112039316254,-0.0007269703487107887,-0.4298927801224026,0.2600552993067784,0.002051276760380917,-0.12793805313106205,0.0999073337909053,0.0006776539617843799,0.35134907828618317,0.1409427797124957,-0.000616644652286282,-0.4328691069905317,0.25693562672540043,0.0020506409588878023,-0.12305290758773627,0.1381654255517723,0.0007781860397356614,0.3528290372899357,0.13650796696147524,-0.0006344071342211629,-0.4395041624807322,0.13682433436650568,0.0017093141394946437,-0.11601914449358167,0.2543847590564068,0.0011067035474784767,0.3566777355407628,0.24937196896931518,-0.000306671107410674,0.00013498448976712052,0.13412813641215715,0.00040199877333082937,0.0003348000593762128,0.13251910990636495,0.00039660274982786323,0.013272832355544783,0.2463804556402979,0.000701070622386839,5.94,0.0,0.07499844846052879,0.21593900283247952,0.12169758610682307
0.136,0.0,0.0,-0.4378314551846986,0.26930227904958615,0.00210286308170797,-0.12534944710504406,0.10471600620965459,0.0006845549892711816,0.35288382948555763,0.1026525203316694,-0.0007365796364678613,-0.4360596728040196,0.26399553111445684,0.0020816649337105785,-0.1298977512076701,0.10142108127258569,0.0006880774032109433,0.3561799904489726,0.14307827637480625,-0.0006248124057341307,-0.43910562675993425,0.2608285907666944,0.0020810930932716786,-0.12487213438542916,0.14025884109043552,0.0007899352460345153,0.3576526046031096,0.1385762694911946,-0.0006427583033962234,-0.4460490312582951,0.13889743034175578,0.0017352047784674638,-0.1175082912327757,0.2582390735875644,0.0011227746542434383,0.36173917269746747,0.2531503321355169,-0.0003105822102157377,0.00014165589212022003,0.13616038090325044,0.00040807618924044997,0.00035205158215735995,0.13452697520797655,0.000402576525445801,0.013872622953145189,0.25011349284696904,0.0007105219814742728,6.03,0.0,0.07499842455110968,0.21595340998487345,0.12180138590084512
0.138,0.0,0.0,-0.4439876710347915,0.27332171605032624,0.0021334595137050744,-0.12722838234149603,0.10627893167547033,0.0006948851363415432,0.3575577199506845,0.10418464750079878,-0.0007460975459542766,-0.4422039734399568,0.26793576292213533,0.0021119863071784647,-0.13185640300859292,0.10293482875426606,0.0006984977398858085,0.36098336206285486,0.14521377303711677,-0.0006328986522355674,-0.445320605511887,0.2647215548079883,0.002111481544703768,-0.12668755619734087,0.14235225662909873,0.0008016731730435836,0.3624473266346538,0.1406445720209139,-0.0006510240977465871,-0.452581455376499,0.14097052631700585,0.001761058672725903,-0.1189836914860018,0.2620933881187221,0.0011388050380544935,0.3667797016109786,0.2569286953017187,-0.00031443143218724633,0.00014856516825920496,0.13819262539434374,0.00041415290850667054,0.00036996573067813793,0.1365348405095881,0.00040854836678229226,0.014489843847267534,0.2538465300536402,0.0007199217213014851,6.12,0.0,0.07499840064169057,0.21596781713726737,0.12190518569486716
0.14,0.0,0.0,-0.4501203966603061,0.2773411530510664,0.0021639864722575734,-0.1291057802115368,0.10784185714128608,0.0007052107184483463,0.3622003263655442,0.1057167746699282,-0.0007555228358422691,-0.44832535746142704,0.27187599472981383,0.0021422399045093123,-0.13381399744978578,0.10444857623594646,0.0007089149377336181,0.3657588241780221,0.14734926969942733,-0.0006409022770902826,-0.4515137305971379,0.2686145188492823,0.002141805373083508,-0.12849912836312483,0.14444567216776197,0.0008133996850953085,0.36721281916660814,0.14271287455063322,-0.0006592033562520617,-0.45910123835755917,0.14304362229225595,0.001786875233006265,-0.12044517454987794,0.2659477026498798,0.001154794182407645,0.3717990432442227,0.26070705846792047,-0.00031821792942917444,0.00015571807498505555,0.14022486988543703,0.00042022891415153347,0.00038856071867181876,0.13854270581119973,0.00041451822024156484,0.015124717392504252,0.25757956726031145,0.0007292691702391318,6.210000000000001,0.0,0.07499837673227146,0.2159822242896613,0.12200898548888921
0.14200000000000002,0.0,0.0,-0.45622930054805666,0.28136059005180647,0.0021944429601363376,-0.1309816253728938,0.10940478260710182,0.0007155316884559158,0.36681124084331224,0.10724890183905758,-0.00076485427357946,-0.45442350116966623,0.27581622653749227,0.0021724247519967583,-0.13577052372228302,0.10596232371762684,0.0007193289635022379,0.37050601049659426,0.14948476636173788,-0.0006488221734488526,-0.457684690096661,0.27250748289057625,0.0021720636404631427,-0.13030680678829218,0.14653908770642518,0.0008251146482086501,0.37194870080685893,0.14478117708035254,-0.0006672949262587668,-0.46560818367144496,0.14511671826750605,0.0018126538698751955,-0.12189257119989172,0.2698020171810375,0.0011707415751927464,0.37679692085202016,0.2644854216341222,-0.0003219408648303015,0.00016312046803636585,0.14225711437653032,0.0004263041889046359,0.00040785511217522814,0.1405505711128113,0.00042048603118241844,0.015777464402216657,0.2613126044669826,0.0007385636612234351,6.300000000000001,0.0,0.07499835282285235,0.21599663144205522,0.12211278528291125
0.14400000000000002,0.0,0.0,-0.4623140520956848,0.28538002705254656,0.00222482798280181,-0.13285590285428497,0.11096770807291756,0.000725848000337434,0.3713900584996726,0.10878102900818698,-0.0007740906355053758,-0.4604980817496756,0.2797564583451707,0.002202539878544511,-0.13772597129270775,0.10747607119930722,0.0007297397847647707,0.3752245574073169,0.1516202630240484,-0.0006566572424176376,-0.46383317283433445,0.27640044693187016,0.0022022554110855937,-0.1321105479476895,0.1486325032450884,0.0008368179301001418,0.3766545930259268,0.14684947961007186,-0.0006752976635903612,-0.4721020947403581,0.14718981424275612,0.0018383939937426032,-0.12332571370433411,0.27365633171219517,0.0011866467087362606,0.38177306001113326,0.2682637848003239,-0.0003255994081550887,0.00017077830354483652,0.14428935886762362,0.00043237871519876173,0.0004278678332977743,0.1425584364144229,0.000426451743906743,0.016448304129303887,0.2650456416736538,0.0007478045318143114,6.390000000000001,0.0,0.07499832891343323,0.21601103859444915,0.1222165850769333
0.146,0.0,0.0,-0.4683743216259875,0.2893994640532866,0.0022551405484469143,-0.13472859805660897,0.1125306335387333,0.0007361596091790549,0.37593637749105574,0.11031315617731637,-0.0007832307069670688,-0.4665487772839814,0.28369669015284915,0.0022325843157075744,-0.13968032990361953,0.1089898186809876,0.0007401473699210861,0.37991410401998654,0.15375575968635896,-0.0006644063931628739,-0.4699588683896703,0.2802934109731641,0.002232379751422496,-0.13391030888876793,0.1507259187837516,0.0008485094001943234,0.3813301201934633,0.14891778213979118,-0.0006832104326584069,-0.47858277494338103,0.1492629102180062,0.001864095014875093,-0.12474443583791307,0.27751064624335287,0.0012025090798430608,0.38672718865006595,0.27204214796652565,-0.00032919273613382286,0.00017869763949037866,0.14632160335871688,0.00043845247516551613,0.0004486181639310594,0.1445663017160345,0.00043241530164821017,0.017137454247118055,0.268778678880325,0.0007569911242530633,6.48,0.0,0.07499830500401412,0.21602544574684307,0.12232038487095534
0.148,0.0,0.0,-0.4744097804012673,0.2934189010540266,0.0022853796680400427,-0.13659969675395262,0.114093559004549,0.0007464664711834738,0.3804497990525697,0.11184528334644572,-0.00079227328243383,-0.4725752667664135,0.28763692196052754,0.002262557097733527,-0.14163358957369865,0.11050356616266795,0.0007505516881988625,0.38457429219960076,0.15589125634866946,-0.0006720685430139512,-0.4760614671105974,0.284186375014458,0.0022624357302123846,-0.1357060472346425,0.1528193343224148,0.0008601889296335482,0.3859749096144531,0.15098608466951047,-0.0006910321065718585,-0.4850500276212956,0.15133600619325624,0.0018897563434099119,-0.12614857289504555,0.28136496077451045,0.0012183281898372705,0.39165903707861266,0.2758205111327273,-0.0003327200325520159,0.00018688463715579414,0.14835384784981015,0.00044452545063095934,0.00047012574939839696,0.14657416701764603,0.00043837664656114493,0.01784513083052742,0.2725117160869961,0.0007661227855196342,6.5699999999999985,0.0,0.07499828109459501,0.216039852899237,0.12242418466497738
0.15,0.0,0.0,-0.4804201006377055,0.29743833805476677,0.0023155443553681022,-0.13846918509441505,0.11565648447036475,0.0007567685436729521,0.3849299275356217,0.11337741051557514,-0.0008012171656109837,-0.4785772301159008,0.29157715376820603,0.0022924572616038587,-0.1435857405977661,0.11201731364434835,0.0007609527096541411,0.3892047666002295,0.15802675301098001,-0.0006796426175658622,-0.48214066012629536,0.28807933905575195,0.002292422418499048,-0.13749772118694117,0.15491274986107803,0.0008718563912871616,0.39058859156511766,0.1530543871992298,-0.0006987615672456698,-0.49150365608157076,0.15340910216850634,0.0019153773893694056,-0.1275379617028265,0.28521927530566815,0.0012341035446021412,0.39656833801715274,0.2795988742989291,-0.00033618048833905067,0.00019534556258099623,0.15038609234090344,0.00045059762311124295,0.0004924106020435652,0.14858203231925765,0.00044433571970957776,0.018571548337129335,0.27624475329366727,0.0007751988673894196,6.659999999999999,0.0,0.0749982571851759,0.21605426005163092,0.12252798445899943
0.152,0.0,0.0,-0.4864049555197571,0.30145777505550686,0.002345633627079637,-0.14033704960074742,0.11721940993618049,0.0007670657850917867,0.38937637044522583,0.11490953768470452,-0.0008100611695527517,-0.4845543481902846,0.2955173855758845,0.0023222838470753557,-0.14553677354663855,0.11353106112602873,0.0007713504051713845,0.39380517469860465,0.16016224967329054,-0.000687127550780817,-0.4881961393600804,0.2919723030970459,0.0023223388896700236,-0.13928528952844205,0.15700616539974124,0.0008835116597600473,0.39517079932851745,0.15512268972894913,-0.0007063977055085056,-0.4979434636035184,0.15548219814375644,0.0019409575626759816,-0.12891244063367377,0.28907358983682585,0.0012498346546189571,0.4014548266256873,0.2833772374651308,-0.00033957330165606576,0.00020408678801673322,0.15241833683199674,0.00045666897380824723,0.0005154931047581349,0.15058989762086922,0.000450292461056477,0.019316919588614773,0.27997779050033844,0.0007842187264896274,6.749999999999999,0.0,0.07499823327575679,0.21606866720402484,0.12263178425302147
0.154,0.0,0.0,-0.49236401921456685,0.3054772120562469,0.002375646502728012,-0.1422032771708071,0.11878233540199623,0.000777358155008231,0.39378873847699364,0.11644166485383392,-0.0008188041167741756,-0.4905063028001476,0.29945761738356297,0.0023520358967215427,-0.14748667926681716,0.1150448086077091,0.0007817447464630431,0.39837516682742413,0.16229774633560107,-0.0006945222850890108,-0.49422759754234125,0.2958652671383398,0.0023521842194952607,-0.14106871162549817,0.15909958093840446,0.0008951546114005395,0.3997211692298488,0.15719099225866845,-0.000713939421209547,-0.5043692534436173,0.1575552941190065,0.001966496273167575,-0.1302718496176479,0.2929279043679835,0.0012655210350049717,0.4063182405326155,0.2871556006313326,-0.00034289767798306416,0.00021311479337777695,0.15445058132309003,0.00046273948360521993,0.00053939401444672,0.1525977629224808,0.00045624680945316806,0.02008145575228611,0.2837108277070096,0.0007931817243551846,6.839999999999999,0.0,0.07499820936633768,0.21608307435641877,0.12273558404704352
0.156,0.0,0.0,-0.4982969668864065,0.309496649056987,0.0024055820048146615,-0.144067855077826,0.12034526086781197,0.0007876456141158574,0.39816664555380427,0.1179737920229633,-0.000827444839362091,-0.4964327767226598,0.3033978491912414,0.002381712455974167,-0.1494354488800097,0.11655855608938949,0.00079213570606862,0.40291439620836794,0.16443324299791162,-0.0007018257714885375,-0.5002347282235253,0.2997582311796338,0.002381957486165925,-0.14284794743024928,0.16119299647706767,0.0009067851243076974,0.4042393406714326,0.15925929478838777,-0.0007213856233243831,-0.5107808288410035,0.15962839009425658,0.0019919929306136215,-0.13161603015444576,0.2967822188991412,0.0012811622055503673,0.4111583198632468,0.29093396379753433,-0.00034615283020524354,0.00022243616769553634,0.15648282581418332,0.0004688091330624167,0.0005641344654295032,0.1546056282240924,0.00046219870262893706,0.02086536632272998,0.2874438649136808,0.0008020872274841841,6.929999999999999,0.0,0.07499818545691857,0.2160974815088127,0.12283938384106556
0.158,0.0,0.0,-0.5042034747111315,0.31351608605772713,0.002435439158832401,-0.14593077097049162,0.12190818633362772,0.0007979281242343611,0.4025097088621503,0.11950591919209272,-0.0008359821790851347,-0.5023334537154389,0.3073380809989199,0.002411312573164739,-0.15138307378248506,0.11807230357106989,0.0008025232573532388,0.4074225189848225,0.16656873966022218,-0.0007090369696444374,-0.5062172257871741,0.30365119522092776,0.0024116577703333594,-0.14462295748261958,0.16328641201573088,0.0009184030783379406,0.408724956167391,0.16132759731810709,-0.0007287352300599765,-0.517177993023126,0.1617014860695067,0.002017446944731531,-0.13294482532506705,0.3006365334302989,0.001296757690754234,0.41597480726804664,0.2947123269637361,-0.00034933797869853207,0.00023205761057005532,0.15851507030527662,0.00047487790241274323,0.0005897359727814028,0.156613493525704,0.0004681480771808235,0.021668859103646878,0.291176902120352,0.0008109346073928661,7.02,0.0,0.07499816154749946,0.21611188866120662,0.1229431836350876
0.16,0.0,0.0,-0.5100832198906571,0.3175355230584672,0.002465216993308796,-0.14779201287284072,0.12347111179944345,0.0008082056483098051,0.40681754888815613,0.1210380463612221,-0.0008444149875027847,-0.5082080185304266,0.31127831280659835,0.0024408352995661116,-0.15332954564425946,0.11958605105275026,0.000812907374505706,0.41189919425431043,0.1687042363225327,-0.0007161548479868694,-0.5121747854630069,0.3075441592622217,0.0024412841551481874,-0.1463937029121009,0.1653798275543941,0.000930008355111041,0.4131776613780092,0.1633958998478264,-0.0007359871689586938,-0.5235605492115668,0.16377458204475678,0.0020428577252036484,-0.13425807980315332,0.30449084796145653,0.0013123070198595708,0.4207674479506118,0.29849069012993784,-0.0003524523514143264,0.0002419859336213529,0.1605473147963699,0.0004809457715573996,0.0006162204356072503,0.1586213588273156,0.0004740948685636026,0.022492140189839197,0.2949099393270232,0.0008197232406701291,7.109999999999999,0.0,0.07499813763808034,0.21612629581360054,0.12304698342910965
0.162,0.0,0.0,-0.5159358806674536,0.3215549600592073,0.0024949145398495934,-0.14965156918396455,0.1250340372652592,0.0008184781504142997,0.41108978945326496,0.1225701735303515,-0.0008527421260734139,-0.514056156927778,0.3152185446142768,0.00247027968943411,-0.15527485640811392,0.12109979853443065,0.0008232880325360704,0.4163440841006228,0.17083973298484326,-0.0007231783838084015,-0.5181071033400524,0.31143712330351564,0.0024708357262995676,-0.14816014543932096,0.16747324309305733,0.0009416008380154747,0.4175971051437786,0.16546420237754575,-0.0007431403770013904,-0.5299283006280247,0.16584767802000686,0.002068224681694721,-0.13555563986599856,0.30834516249261423,0.0013278097268873026,0.42553598969537265,0.30226905329613957,-0.0003554951839634166,0.00025222806194006225,0.1625795592874632,0.0004870127200615256,0.00064361014025236,0.1606292241289272,0.00048003901107995984,0.02333541394935945,0.29864297653369437,0.0008284525090315655,7.199999999999999,0.0,0.07499811372866123,0.21614070296599447,0.1231507832231317
0.164,0.0,0.0,-0.5217611363390583,0.3255743970599474,0.002524530833182203,-0.15150942867752526,0.12659696273107493,0.0008287455957451186,0.4153260577495922,0.12410230069948089,-0.0008609624662613523,-0.5198775556897652,0.3191587764219553,0.0024996448000491997,-0.1572189982884422,0.12261354601611103,0.000833665207272675,0.42075685362565046,0.17297522964715378,-0.000730106563360407,-0.5240138763798274,0.31533008734480955,0.002500311572054586,-0.1499222473773959,0.16956665863172055,0.0009531804122131245,0.42198293951911886,0.16753250490726507,-0.0007501938007095407,-0.5362810505004599,0.16792077399525696,0.002093547223869845,-0.1368373534052309,0.3121994770237719,0.0013432653506693113,0.43028018289502,0.30604741646234135,-0.0003584657196990939,0.00026279103553732434,0.16461180377855647,0.0004930787271498492,0.0006719277634478797,0.16263708943053876,0.0004859804378708592,0.024198883005820283,0.30237601374036555,0.0008371217993730183,7.289999999999999,0.0,0.07499808981924212,0.2161551101183884,0.12325458301715374
0.166,0.0,0.0,-0.5275586672726058,0.32959383406068754,0.0025540649111992376,-0.15336558050108293,0.1281598881968907,0.000839007950623248,0.4195259843749405,0.1256344278686103,-0.0008690748896429457,-0.525671902634694,0.3230990082296338,0.0025289296917581972,-0.15916196376992892,0.12412729349779142,0.0008440388753587009,0.4251371709809117,0.17511072630946434,-0.0007369383819485584,-0.5298948024295616,0.3192230513861036,0.002529710783297793,-0.15167997163306687,0.17166007417038376,0.000964746964643339,0.4263348198057747,0.16960080743698439,-0.0007571463962464034,-0.5426186020694004,0.16999386997050706,0.002118824761412901,-0.13810306993716515,0.31605379155492963,0.0013586734348804816,0.43499978057765215,0.3098257796285431,-0.00036136320979943083,0.0002736820107938903,0.1666440482696498,0.0004991437717023374,0.0007011963753903179,0.16464495473215038,0.0004919190809061075,0.02508274822086796,0.3061090509470367,0.0008457305038236493,7.38,0.0,0.07499806590982301,0.21616951727078232,0.12335838281117578
0.168,0.0,0.0,-0.5333281549193736,0.3336132710614276,0.0025835158150021003,-0.1552200141752327,0.1297228136627064,0.000849265182491368,0.4236892033674743,0.1271665550377397,-0.0008770782880116025,-0.5314388866308317,0.3270392400373122,0.0025581334280160187,-0.16110374560605692,0.1256410409794718,0.0008544090142482021,0.42948470739877337,0.1772462229717749,-0.0007436728440274104,-0.5357495802354669,0.3231160154273975,0.002559032453570877,-0.15343328170762044,0.17375348970904697,0.0009763003840263415,0.43065240458588544,0.1716691099667037,-0.000763997129517213,-0.5489407585944052,0.17206696594575713,0.0021440567040454726,-0.1393526406128259,0.3199081060860873,0.0013740335280697574,0.43969453843364037,0.31360414279474486,-0.0003641869133487219,0.00028490826190838507,0.16867629276074309,0.0005052078322498476,0.000731439442754656,0.16665282003376197,0.000497854870975115,0.025987208676821003,0.3098420881537079,0.0008542780197985198,7.47,0.0,0.0749980420004039,0.21618392442317624,0.12346218260519783
0.17,0.0,0.0,-0.5390692818293432,0.33763270806216766,0.002612882588944624,-0.1570727195925518,0.13128573912852215,0.0008595172599112645,0.4278153522400501,0.12869868220686909,-0.0008849715634818156,-0.5371781976103476,0.33097947184499066,0.0025872550754274673,-0.16304433681744426,0.1271547884611522,0.0008647756022016275,0.4337991372233623,0.17938171963408542,-0.000750308963294064,-0.5415779094560527,0.32700897946869145,0.002588275679112475,-0.15518214169759229,0.17584690524771018,0.000987840560865992,0.4349353557547232,0.17373741249642302,-0.0007707449762683874,-0.5552473233606867,0.17414006192100723,0.0021692424615462375,-0.1405859182276408,0.323762420617245,0.0013893451836902125,0.44436421484220945,0.3173825059609466,-0.00036693609741808136,0.0002964771823446852,0.17070853725183635,0.0005112708869697839,0.0007626808316404597,0.16866068533537354,0.0005037877376778566,0.02691246165947552,0.31357512536037907,0.0008627637500506741,7.56,0.0,0.07499801809098479,0.21619833157557017,0.12356598239921987
0.17200000000000001,0.0,0.0,-0.5447817316657764,0.34165214506290775,0.002642164280676753,-0.15892368701635584,0.1328486645943379,0.0008697641525606693,0.4319040720141991,0.13023080937599849,-0.0008927536285921547,-0.5428895265832633,0.3349197036526691,0.00261629370378905,-0.16498373069000977,0.12866853594283256,0.0008751386182808304,0.4380801379411642,0.18151721629639597,-0.000756845762780899,-0.5473794906754822,0.33090194350998536,0.002617439558898114,-0.1569265162952542,0.1779403207863734,0.000999367387451897,0.43918333855309716,0.17580571502614234,-0.0007773889221857425,-0.5615380996858879,0.1762131578962573,0.002194381443770832,-0.14180275723080424,0.3276167351484026,0.0014046079601281302,0.4490085708977306,0.3211608691271483,-0.00036961003714518345,0.00030839628627835986,0.17274078174292964,0.0005173329136817549,0.0007949448104504113,0.17066855063698513,0.000509717609416034,0.027858702641078946,0.31730816256705024,0.0008711871027227241,7.6499999999999995,0.0,0.07499799418156568,0.2162127387279641,0.12366978219324191
0.17400000000000002,0.0,0.0,-0.550465189219804,0.3456715820636479,0.002671359941188273,-0.1607729070792643,0.13441159006015366,0.0008800058312295286,0.43595500725376013,0.13176293654512788,-0.0009004234064072137,-0.5485725656514131,0.3388599354603476,0.0026452483861308324,-0.16692192077296708,0.13018228342451296,0.0008854980423435681,0.4423273902113075,0.18365271295870653,-0.0007632822749473729,-0.5531540254169729,0.33479490755127933,0.002646523194680285,-0.1586663707888843,0.18003373632503664,0.0010108807578608726,0.4433960215994211,0.17787401755586169,-0.0007839279629917065,-0.5678128909270128,0.1782862538715074,0.002219473060672186,-0.1430030137343112,0.3314710496795603,0.0014198214207310938,0.4536273704357235,0.3249392322933501,-0.00037220801581314155,0.00032067321004212513,0.17477302623402297,0.0005233938898432339,0.0008282560527006995,0.17267641593859676,0.000515644413384439,0.028826125263473668,0.3210411997737215,0.0008795474913979277,7.74,0.0,0.07499797027214657,0.21622714588035802,0.12377358198726396
0.176,0.0,0.0,-0.5561193404250286,0.349691019064388,0.002700468624852576,-0.16262037078157515,0.1359745155259694,0.000890242267815701,0.43996780609815805,0.13329506371425728,-0.0009079798306185086,-0.5542270080224141,0.34280016726802603,0.0026741181987583176,-0.16885890087664723,0.13169603090619333,0.0008958538550374812,0.4465405778955288,0.18578820962101705,-0.0007696175417708714,-0.5589012161562373,0.3386878715925733,0.0026755256910286386,-0.1604016710628202,0.18212715186369985,0.0010223805679577523,0.44757307692144066,0.179942320085581,-0.0007903611045415202,-0.5740715004875102,0.18035934984675747,0.002244516722321311,-0.14418654552166169,0.335325364210718,0.0014349851338350877,0.458220380058565,0.3287175954595518,-0.000374729324928515,0.0003333157135702592,0.17680527072511623,0.0005294537925452223,0.0008626396397627047,0.17468428124020832,0.0005215680755625229,0.029814921321412204,0.32477423698039265,0.0008878443351507569,7.83,0.0,0.07499794636272746,0.21624155303275194,0.123877381781286
0.178,0.0,0.0,-0.5617438723721382,0.353710456065128,0.00272948938947047,-0.164466069489448,0.1375374409917851,0.0009004734353200808,0.4439421202953261,0.13482719088338666,-0.0009154218456443143,-0.5598525480236435,0.3467403990757045,0.0027029022212943558,-0.17079466507014904,0.1332097783878737,0.0009062060377935629,0.4507193880878176,0.18792370628332758,-0.0007758506148366039,-0.5646207663349647,0.3425808356338672,0.0027044461553703135,-0.16213238359729545,0.18422056740236306,0.0010338667153955497,0.4517141799876181,0.1820106226153003,-0.000796687362918421,-0.5803137318245056,0.18243244582200754,0.0022695118389285535,-0.14535321205623572,0.33917967874187566,0.0014500986727906122,0.462787369160902,0.33249595862575354,-0.00037717326429843444,0.0003463316818419253,0.1788375152162095,0.0005355125985079177,0.0008981210635354337,0.1766921465418199,0.0005274885207061715,0.030825280746045458,0.32850727418706377,0.0008960770585969547,7.919999999999999,0.0,0.07499792245330834,0.21625596018514587,0.12398118157530805
0.18,0.0,0.0,-0.5673384733235305,0.35772989306586817,0.002758421296314019,-0.16630999493289614,0.13910036645760088,0.0009106993078411467,0.44787760523426856,0.13635931805251605,-0.0009227484067284302,-0.5654488811162243,0.35068063088338297,0.0027315995367210794,-0.1727292076788178,0.1347235258695541,0.0009165545728191094,0.45486351114373724,0.19005920294563813,-0.0007819805554265385,-0.5703123803743407,0.3464737996751612,0.002733283698030378,-0.16385847546805915,0.18631398294102627,0.0010453390996149653,0.455819009738171,0.18407892514501964,-0.0008029057645277953,-0.586539388456183,0.18450554179725764,0.00229445782086529,-0.14650287448933957,0.34303399327303336,0.0014651616159878072,0.4673281099547648,0.3362743217919553,-0.0003795391421068401,0.00035972912632334717,0.18086975970730282,0.0005415702840763827,0.0009347262290481612,0.1787000118434315,0.0005334056723396883,0.03185739158858559,0.332240311393735,0.0009042450919430686,8.01,0.0,0.07499789854388923,0.2162703673375398,0.12408498136933009
0.182,0.0,0.0,-0.572902832727948,0.36174933006660825,0.002787263410170416,-0.16815213920358732,0.1406632919234166,0.0009209198605689382,0.4517739199772605,0.13789144522164545,-0.0009299584800378694,-0.571015703909017,0.3546208626910614,0.002760209231421857,-0.17466252328155168,0.13623727335123448,0.0009268994430901569,0.45897264070942,0.19219469960794866,-0.0007880064346073658,-0.5759757636886063,0.3503667637164551,0.0027620374322723873,-0.16557991434577893,0.1884073984796895,0.0010567976218432461,0.45988724861576274,0.18614722767473896,-0.0008090153461902962,-0.592748273969311,0.18657863777250774,0.0023193540786860724,-0.14763539566792336,0.34688830780419105,0.001480173546880592,0.4718423774943792,0.34005268495815705,-0.0003818262749898233,0.00037351618640878186,0.1829020041983961,0.0005476268252162183,0.00097248145699275,0.18070787714504308,0.0005393194527479847,0.03291144000414501,0.3359733486004062,0.0009123478710354618,8.1,0.0,0.07499787463447012,0.21628477448993372,0.12418878116335214
0.184,0.0,0.0,-0.5784366412351206,0.36576876706734834,0.002816014799385889,-0.16999249475245318,0.14222621738923233,0.000931135069778459,0.4556307272916824,0.13942357239077482,-0.0009370510427594572,-0.5765527141726176,0.35856109449873985,0.0027887303952232705,-0.1765946067079361,0.13775102083291488,0.0009372406323433996,0.4630464737502329,0.19433019627025921,-0.0007939273333174824,-0.5816106226986522,0.35425972775774905,0.002790706474339066,-0.16729666849522767,0.1905008140183527,0.0010682421850923948,0.46391858259584134,0.18821553020445828,-0.0008150151552339134,-0.5989401920269136,0.18865173374775782,0.0023442000231512065,-0.1487506401419709,0.3507426223353487,0.0014951340540098163,0.47632994970067405,0.3438310481243588,-0.00038403398811006126,0.00038770113086023173,0.18493424868948938,0.0005536821975092417,0.0010114134861851272,0.18271574244665467,0.0005452297829689858,0.033987610235753085,0.33970638580707735,0.0009203848374087969,8.19,0.0,0.07499785072505101,0.21629918164232764,0.12429258095737418
0.186,0.0,0.0,-0.5839395907104169,0.36978820406808843,0.002844674535909627,-0.17183105438710744,0.14378914285504807,0.0009413449128225037,0.4594476936814859,0.14095569955990422,-0.0009440250831953345,-0.5820596108533592,0.36250132630641835,0.002817162121437108,-0.17852545303520614,0.13926476831459525,0.0009475781250675941,0.467084710579112,0.19646569293256974,-0.0007997423424529893,-0.5872166648456496,0.35815269179904297,0.0028192899434930853,-0.16900870677425425,0.1925942295570159,0.0010796726941567308,0.46791270121662437,0.1902838327341776,-0.0008209042495849913,-0.6051149463760825,0.1907248297230079,0.0023689950652497644,-0.14984847417156222,0.3545969368665064,0.001510042731025432,0.4807906073854821,0.3476094112905605,-0.0003861616152303407,0.00040229235924583794,0.18696649318058267,0.0005597363761491673,0.001051549475955404,0.18472360774826627,0.0005511365827862434,0.03508608459855191,0.3434394230137485,0.0009283554383339864,8.28,0.0,0.0749978268156319,0.21631358879472157,0.12439638075139622
0.188,0.0,0.0,-0.5894113742495013,0.37380764106882847,0.002873241695337736,-0.17366781126907335,0.1453520683208638,0.0009515493681239137,0.46322448941828864,0.14248782672903362,-0.0009508796008573568,-0.5875360940873192,0.3664415581140968,0.0028455035069023683,-0.18045505758503677,0.14077851579627562,0.0009579119064944454,0.471087054884563,0.19860118959488027,-0.0008054505629526952,-0.5927935986047149,0.36204565584033693,0.0028477869620579595,-0.17071599863253847,0.19468764509567912,0.0010910890556098001,0.47186929760872715,0.1923521352638969,-0.0008266816978581825,-0.6112723408559279,0.192797925698258,0.0023937386162230217,-0.15092876573360964,0.35845125139766404,0.001524899176707679,0.48522413427543126,0.3513877744567623,-0.00038820849878615953,0.00041729840337689496,0.18899873767167596,0.0005657893359372904,0.0010929170084661378,0.18673147304987786,0.0005570397707217674,0.036207043464172785,0.3471724602204197,0.0009362591268656035,8.37,0.0,0.07499780290621279,0.2163279959471155,0.12450018054541827
0.19,0.0,0.0,-0.5948516861929973,0.37782707806956856,0.0029017153569572095,-0.17550275891082007,0.14691499378667955,0.0009617484151672587,0.4669607885720949,0.14401995389816302,-0.0009576136065603769,-0.5929818652143275,0.37038178992177523,0.0028737536520272835,-0.18238341592016155,0.14229226327795602,0.0009682419625889784,0.47505321375832477,0.20073668625719082,-0.0008110511058821165,-0.5983411334986075,0.36593861988163084,0.0028761966554590374,-0.17241851411013098,0.19678106063434234,0.0011024911778006424,0.4757880685244314,0.19442043779361623,-0.0008323465794453327,-0.6174121794056662,0.19487102167350806,0.0024184300875883078,-0.15199138452826827,0.36230556592882174,0.0015397029949872942,0.48963031703552323,0.355166137622964,-0.00039017398995740176,0.0004327279287434251,0.19103098216276926,0.0005718410512781771,0.0011355440909582445,0.18873933835148943,0.0005629392640290699,0.037350665245294665,0.3509054974270909,0.0009440953618887543,8.459999999999999,0.0,0.07499777899679368,0.21634240309950942,0.12460398033944031
0.192,0.0,0.0,-0.6002602221411549,0.38184651507030865,0.002930094603789918,-0.17733589117260876,0.1484779192524953,0.000971942034489946,0.47065626904163943,0.1455520810672924,-0.0009642261225144075,-0.5983966267919779,0.37432202172945367,0.0029019116608313433,-0.18431052384081956,0.1438060107596364,0.0009785682800393938,0.4789828977226942,0.20287218291950135,-0.0008165430925164702,-0.6038589801114588,0.3698315839229248,0.0029045181522645972,-0.1741162238357785,0.19887447617300555,0.0011138789708494098,0.47966871436659186,0.19648874032333555,-0.0008378979846032875,-0.6235342660728431,0.19694411764875813,0.002443068891163273,-0.1530362019850219,0.3661598804599794,0.0015544537949647428,0.4940089452923983,0.35894450078916573,-0.0003920574487390725,0.0004485897359482506,0.19306322665386252,0.0005778914961753573,0.0011794591579240734,0.19074720365310102,0.0005688349786864283,0.038517126380386214,0.35463853463376205,0.0009518636081654021,8.549999999999999,0.0,0.07499775508737457,0.21635681025190334,0.12470778013346236
0.194,0.0,0.0,-0.6056366789685212,0.38586595207104885,0.0029583785226366117,-0.17916720225914837,0.15004084471831106,0.0009821302076727595,0.47431061258435214,0.14708420823642182,-0.0009707161824156528,-0.6037800826096399,0.3782622535371322,0.0029299766409873304,-0.18623637738103102,0.1453197582413168,0.000988890846246409,0.48287582075750946,0.20500767958181193,-0.0008219256544226469,-0.6093468501025319,0.37372454796421883,0.002932750584227033,-0.17580909902503483,0.20096789171166882,0.001125252346642342,0.4835109392171784,0.19855704285305492,-0.0008433350145406109,-0.6296384050216871,0.19901721362400826,0.0024676544390905544,-0.1540630912684453,0.37001419499113714,0.0015691511909284772,0.4983598116572824,0.36272286395536757,-0.0003938582440110922,0.0004648927621394996,0.19509547114495587,0.0005839406442270229,0.0012246910732071786,0.19275506895471264,0.0005747268293903656,0.03970660131863273,0.3583715718404333,0.0009595633363801412,8.64,0.0,0.07499773117795545,0.21637121740429727,0.1248115799274844
0.196,0.0,0.0,-0.6109807548386131,0.38988538907178893,0.0029865662041209306,-0.1809966867160617,0.1516037701841268,0.0009923129173298254,0.4779235048459401,0.14861633540555122,-0.0009770828315364029,-0.6091319377024706,0.38220248534481066,0.0029579477038633516,-0.188160972804702,0.1468335057229972,0.0009992096493120846,0.4867317003267893,0.20714317624412248,-0.000827197933540161,-0.6148044562200105,0.37761751200551275,0.002960893086324134,-0.1774971114781588,0.20306130725033203,0.0011366112188261005,0.48731445086545094,0.20062534538277424,-0.0008486567815032124,-0.6357244005415931,0.20109030959925836,0.0024921861438628365,-0.15507192728364402,0.37386850952229483,0.0015837948023722207,0.5026827117486149,0.3665012271215693,-0.00039557575360713926,0.0004816460824414806,0.19712771563604914,0.0005899884686217289,0.0012712691320283143,0.19476293425632424,0.0005806147295493512,0.04091926250504944,0.36210460904710445,0.0009671940231854152,8.73,0.0,0.07499770726853634,0.2163856245566912,0.12491537972150644
0.198,0.0,0.0,-0.616292149218591,0.393904826072529,0.0030146567427334265,-0.18282433942616227,0.15316669564994254,0.0010024901470980128,0.4814946353895853,0.15014846257468062,-0.0009833251268137784,-0.6144518983654252,0.38614271715248916,0.0029858239645648797,-0.19008430660155828,0.14834725320467756,0.0010095246780281388,0.4905502574050262,0.209278672906433,-0.0008323590822610688,-0.6202315123148142,0.3815104760468067,0.002988944796800452,-0.17918023357779922,0.20515472278899524,0.0011479555028014621,0.49107896083576474,0.20269364791249356,-0.0008538624088588722,-0.6417920570557318,0.20316340557450843,0.0025166634183483045,-0.15606258668137324,0.3777228240534525,0.0015983842540112897,0.5069774442143542,0.370279590287771,-0.0003972093643825316,0.0004988589113838593,0.19915996012714243,0.0005960349421341029,0.0013192230629372073,0.19677079955793583,0.0005864985912777225,0.042155280365782456,0.36583764625377563,0.0009747551512461786,8.82,0.0,0.07499768335911723,0.21640003170908512,0.1250191795155285
0.2,0.0,0.0,-0.621570562893932,0.39792426307326906,0.00304264923687558,-0.18465015560554218,0.15472962111575828,0.0010126618816257617,0.4850236977247549,0.15168058974381,-0.000989442136937326,-0.6197396721672654,0.3900829489601676,0.0030136045419767786,-0.1920063754829091,0.14986100068635794,0.0010198359218637487,0.4943312165031311,0.21141416956874354,-0.0008374082635088481,-0.6256277333544413,0.3854034400881006,0.003016904857208745,-0.18085843828646808,0.20724813832765845,0.001159285115716373,0.49480418441500396,0.20476195044221288,-0.0008589510311806555,-0.6478411791297846,0.2052365015497585,0.002541085675816471,-0.1570349478628366,0.3815771385846102,0.0016129191757979504,0.5112438107539592,0.3740579534539728,-0.0003987584722811442,0.0005165406043290697,0.20119220461823573,0.0006020800371205556,0.0013685830296896583,0.1987786648595474,0.0005923783253898306,0.04341482329359891,0.3695706834604468,0.000982246209283993,8.91,0.0,0.07499765944969812,0.21641443886147904,0.12512297930955055
0.202,0.0,0.0,-0.626815697983102,0.40194370007400915,0.0030705427889038237,-0.18647413079947192,0.15629254658157402,0.0010228281065613487,0.4885103893356217,0.1532127169129394,-0.0009954329424354464,-0.6249949679645647,0.39402318076784604,0.0030412885588053345,-0.19392717637724124,0.1513747481680383,0.0010301433709528423,0.49807430569402705,0.2135496662310541,-0.0008423446508162311,-0.6309928354368346,0.3892964041293946,0.003044772412451508,-0.1825316991438028,0.20934155386632167,0.0011705999764583693,0.4984898406796403,0.2068302529719322,-0.0008639217943292153,-0.653871571480797,0.2073095975250086,0.00256545232996438,-0.15798889098416666,0.3854314531157678,0.0016273992029358134,0.515481616140044,0.37783631662017453,-0.000400222482401354,0.0005347006588978909,0.20322444910932902,0.0006081237255149999,0.0014193796330495391,0.200786530161159,0.000598253841394408,0.0446980576335674,0.373303720667118,0.0009896666921205572,9.0,0.0,0.07499763554027901,0.21642884601387297,0.1252267791035726
0.20400000000000001,0.0,0.0,-0.632027257952224,0.40596313707474924,0.0030983365051735537,-0.18829626087811255,0.15785547204738976,0.001032988808540585,0.49195441170909254,0.1547448440820688,-0.0010012966357606588,-0.6302174959157087,0.3979634125755245,0.003068875141620268,-0.19584670642564367,0.1528884956497187,0.0010404470160808798,0.5017792566378904,0.21568516289336462,-0.0008471674284019872,-0.6363265358042715,0.3931893681706885,0.003072546610822569,-0.18419999026361827,0.21143496940498488,0.0011819000056463632,0.5021356525224155,0.2088985555016515,-0.0008687738555339665,-0.659883038986153,0.20938269350025868,0.002589762794943167,-0.1589242979605887,0.3892857676469255,0.0016418239758932765,0.5196906682397032,0.38161467978637625,-0.0004016008090610031,0.0005533487163931189,0.20525669360042229,0.0006141659788245732,0.0014716439125152612,0.2027943954627706,0.0006041250474891632,0.04600514766893028,0.37703675787378915,0.0009970161007206654,9.09,0.0,0.0749976116308599,0.2164432531662669,0.12533057889759466
0.20600000000000002,0.0,0.0,-0.6372049476297437,0.4099825740754893,0.00312602949608314,-0.19011654203204095,0.1594183975132055,0.0010431439751739542,0.4953554703624419,0.15627697125119816,-0.0010070323213736832,-0.6354069674948913,0.401903644383203,0.003096363420896735,-0.1977649629770637,0.15440224313139908,0.0010507468486711284,0.5054458046070361,0.21782065955567517,-0.0008518757912466454,-0.6416285528572748,0.39708233221198247,0.0031002266040487617,-0.18586328633074986,0.2135283849436481,0.001193185125621799,0.5057413466786445,0.21096685803137083,-0.0008735063834731341,-0.6658753866926629,0.21145578947550878,0.0026140164853849855,-0.15984105247026903,0.39314008217808316,0.0016561931404160157,0.523870778035507,0.385393042952578,-0.00040289287586137574,0.0005724945632212616,0.20728893809151558,0.0006202067681253673,0.0015254073479703013,0.20480226076438218,0.0006099918505556008,0.04733625560716899,0.3807697950804603,0.0010042939422345901,9.18,0.0,0.07499758772144079,0.21645766031866082,0.12543437869161672
0.20800000000000002,0.0,0.0,-0.6423484732210878,0.4140020110762294,0.0031536208761179193,-0.19193497076758895,0.16098132297902124,0.0010532935950331866,0.4987132748705483,0.15780909842032756,-0.001012639115826343,-0.6405630955061024,0.4058438761908814,0.0031237525310573184,-0.1996819435833951,0.15591599061307945,0.0010610428607704296,0.5090736885104467,0.2199561562179857,-0.0008564689451671513,-0.6468986061685441,0.4009752962532764,0.0031278115473316534,-0.1875215625976884,0.2156218004823113,0.0012044552604391836,0.509306653752137,0.21303516056109015,-0.0008781185583526628,-0.6718484198257645,0.21352888545075885,0.0026382128164302654,-0.16073903995784977,0.39699439670924086,0.0016705063475385296,0.5280217596461617,0.3891714061187797,-0.00040409811575018177,0.0005921481323121847,0.20932118258260887,0.0006262460640581629,0.001580701861257381,0.20681012606599375,0.0006158541561540703,0.048691541566263714,0.3845028322871315,0.0010114997300398876,9.27,0.0,0.07499756381202168,0.21647206747105474,0.12553817848563878
0.21,0.0,0.0,-0.6474575423233179,0.4180214480769695,0.003181109763894172,-0.19375154390199706,0.16254424844483695,0.0010634376576372777,0.5020275388927319,0.15934122558945696,-0.001018116147843274,-0.645685594097109,0.40978410799855985,0.0031510416105139864,-0.2015976459943989,0.15742973809475985,0.001071335045034465,0.5126626509179405,0.22209165288029623,-0.0008609461068904514,-0.652136416496905,0.40486826029457035,0.003155300599389343,-0.18917479488100813,0.21771521602097452,0.0012157103358559887,0.5128313082407367,0.21510346309080947,-0.0008826095719839827,-0.6778019437988335,0.21560198142600892,0.00266235120375532,-0.161618147637672,0.4008487112403985,0.001684763253594745,0.5321434303468354,0.3929497692849815,-0.0004052159710835407,0.0006123195045366329,0.21135342707370217,0.0006322838368241699,0.001637559817675904,0.20881799136760534,0.0006217118685190438,0.05007116356114874,0.3882358694938027,0.001018632983782617,9.36,0.0,0.07499753990260256,0.21648647462344867,0.12564197827966084
0.212,0.0,0.0,-0.6525318639397741,0.4220408850777096,0.0032084952822030825,-0.19556625855838378,0.1641071739106527,0.0010735761534379493,0.5052979801991898,0.16087335275858636,-0.0010234625584024364,-0.6507741787734277,0.4137243398062383,0.003178229801710042,-0.20351206815245743,0.15894348557644022,0.0010816233947125173,0.51621243808398,0.22422714954260678,-0.0008653065041260011,-0.6573417058012752,0.40876122433586426,0.0031826929224983078,-0.190822959557589,0.21980863155963773,0.0012269502793219376,0.5163150485614737,0.21717176562052878,-0.000886978627860624,-0.6837357642226003,0.21767507740125902,0.002686431063600278,-0.16247826449668878,0.4047030257715562,0.0016989635202276844,0.5362356105891457,0.3967281324511832,-0.00040624589368695664,0.000633018910121553,0.21338567156479543,0.0006383200561807764,0.0016960140274022686,0.21082585666921694,0.000627564890554623,0.05147527749036462,0.39196890670047385,0.0010256932294179753,9.45,0.0,0.07499751599318345,0.2165008817758426,0.1257457780736829
0.214,0.0,0.0,-0.657571148494711,0.4260603220784497,0.003235776558054672,-0.19737911216053122,0.16567009937646843,0.0010837090738045566,0.5085243206970281,0.16240547992771573,-0.0010286775008144222,-0.6558285664122856,0.4176645716139168,0.0032053162511620336,-0.20542520818716298,0.1604572330581206,0.0010919079036317341,0.5197227999711155,0.2263626462049173,-0.0008695493756371881,-0.6625141972546459,0.4126541883771582,0.0032099876825353,-0.19246603356063435,0.22190204709830094,0.0012381750199676699,0.5197576170753294,0.2192400681502481,-0.0008912249412336769,-0.6896496869146701,0.2197481733765091,0.002710451812797328,-0.1633192812970705,0.40855734030271385,0.001713106814398208,0.5402981240208075,0.40050649561738494,-0.0004071873449152823,0.0006542567300631395,0.21541791605588873,0.0006443546914373016,0.0017560977468326837,0.2128337219708285,0.0006334131238302787,0.05290403712290849,0.395701943907145,0.0010326799992503412,9.54,0.0,0.07499749208376434,0.21651528892823652,0.12584957786770495
0.216,0.0,0.0,-0.6625751078479214,0.43007975907918977,0.0032629527227217023,-0.19919010242748825,0.16723302484228417,0.0010938364110084462,0.5117062864558879,0.16393760709684513,-0.001033760140800549,-0.6608484752765713,0.42160480342159523,0.003232300109501643,-0.20733706440974106,0.161970980539801,0.001102188566180892,0.5231934902730643,0.22849814286722786,-0.0008736739713116629,-0.6676536152580765,0.41654715241845214,0.0032371840490192944,-0.1941039943754855,0.22399546263696415,0.0012493844885927956,0.5231587601116128,0.22130837067996742,-0.0008953477391860859,-0.6955435179091436,0.2218212693517592,0.002734412868799288,-0.1641410905785038,0.41241165483387154,0.0017271928083928262,0.544330797504939,0.40428485878358666,-0.0004080397957116624,0.0006760434975375258,0.21745016054698202,0.0006503877114507567,0.0018178446798481206,0.2148415872724401,0.0006392564685768222,0.05435759408528374,0.3994349811138162,0.0010395928319727231,9.629999999999999,0.0,0.07499746817434523,0.21652969608063044,0.125953377661727
0.218,0.0,0.0,-0.6675434553093491,0.43409919607992986,0.0032900229117835537,-0.20099922736799183,0.1687959503080999,0.0011039581582067645,0.5148436077331624,0.16546973426597453,-0.00103870965656974,-0.6658336250287727,0.42554503522927367,0.003259180531517535,-0.2092476353073098,0.16348472802148137,0.0011124653772936672,0.5266242664374221,0.2306336395295384,-0.0008776795522305776,-0.6727596854547013,0.4204401164597461,0.0032642811951534676,-0.19573682003523438,0.22608887817562737,0.0012605786176533387,0.5265182279919435,0.22337667320968674,-0.0008993462607057781,-0.701417063466334,0.22389436532700926,0.0027583136497084586,-0.16494358666018719,0.4162659693650292,0.0017412211798305988,0.5483334611390243,0.40806322194978845,-0.00040880272666545155,0.0006983898993090424,0.2194824050380753,0.0006564190846216134,0.0018812889790010524,0.2168494525740517,0.0006450948236826108,0.055836097848750155,0.4031680183204874,0.001046431272705611,9.719999999999999,0.0,0.07499744426492612,0.21654410323302437,0.12605717745574907
0.22,0.0,0.0,-0.6724759056536871,0.43811863308066995,0.003316986265170057,-0.20280648527470807,0.17035887577391565,0.0011140743094257225,0.517936018998805,0.16700186143510393,-0.0010435252388941755,-0.6707837367449014,0.4294852670369521,0.0032859566761971747,-0.2111569195369763,0.16499847550316174,0.0011227383324314147,0.5300148896880053,0.2327691361918489,-0.0008815653907367196,-0.6778321347437456,0.42433308050104,0.0032912782978672243,-0.19736448911613563,0.22818229371429058,0.0012717573412485748,0.5298357750538417,0.22544497573940606,-0.0009032197567576123,-0.7072701300825786,0.22596746130225934,0.00278215357430578,-0.1657266656425246,0.4201202838961869,0.0017551916116691224,0.5523059482735294,0.41184158511599017,-0.0004094756280691023,0.0007213067771359587,0.22151464952916858,0.0006624487788895786,0.001946465246623635,0.2188573178756633,0.0006509280866899867,0.0573396957167758,0.40690105552715855,0.0010531948730352252,9.809999999999999,0.0,0.07499742035550701,0.2165585103854183,0.12616097724977113
0.222,0.0,0.0,-0.6773721751349614,0.44213807008141004,0.003343841927205291,-0.20461187471829367,0.1719218012397314,0.0011241848595433183,0.5209832589597245,0.1685339886042333,-0.0010482060911837152,-0.6756985329284012,0.4334254988446306,0.003312627706768596,-0.21306491591977067,0.16651222298484214,0.0011330074275654554,0.5333651250468224,0.23490463285415947,-0.0008853307705015374,-0.6828706912945507,0.428226044542334,0.0033181745378582385,-0.19898698073282,0.2302757092529538,0.0012829205951072683,0.5331111596739231,0.22751327826912537,-0.0009069674903541491,-0.71310252450014,0.22804055727750944,0.0028059320620802642,-0.1664902254085197,0.42397459842734453,0.0017691037922096073,0.5562480955301714,0.4156199482821919,-0.0004100579999740126,0.0007448051291736297,0.22354689402026187,0.0006684767617293777,0.0020134085358569998,0.22086518317727485,0.0006567561537919537,0.05886853281269176,0.4106340927338297,0.0010598831910511616,9.899999999999999,0.0,0.0749973964460879,0.21657291753781222,0.12626477704379319
0.224,0.0,0.0,-0.6822319815010982,0.44615750708215013,0.0033705890466513345,-0.20641539454127936,0.17348472670554713,0.0011342898042715226,0.5239850705837661,0.1700661157733627,-0.0010527514295590853,-0.6805777375240414,0.43736573065230905,0.0033391927907421306,-0.21497162343441908,0.1680259704665225,0.0011432726591588795,0.5366747413556732,0.23704012951647,-0.0008889749865910573,-0.6878750845606054,0.4321190085836279,0.0033449690996345356,-0.20060427453331003,0.232369124791617,0.0012940683165733112,0.5363441442906949,0.2295815807988447,-0.0009105887366252351,-0.7189140537171959,0.2301136532527595,0.0028296485332586986,-0.16723416562487306,0.4278289129585022,0.0017829574151010657,0.5601597428198369,0.4193983114483936,-0.00041054935224533334,0.0007688961113749613,0.22557913851135517,0.0006745030001465446,0.002082154351601335,0.22287304847888645,0.0006625789198290884,0.06042275206755084,0.4143671299405009,0.0010664957913834273,9.989999999999998,0.0,0.07499737253666879,0.21658732469020614,0.12636857683781524
0.226,0.0,0.0,-0.6870550440084732,0.4501769440828902,0.0033972267767519654,-0.2082170438517761,0.17504765217136287,0.0011443891401379267,0.5269412011232762,0.1715982429424921,-0.001057160482923822,-0.6854210759317919,0.4413059624599875,0.003365651099952087,-0.2168770412109569,0.16953971794820288,0.0011535340241478661,0.5399435112973723,0.23917562617878055,-0.000892497345530678,-0.6928450452935823,0.43601197262492186,0.003371661171556582,-0.20221635069384003,0.23446254033028024,0.001305200444590771,0.5395344954269538,0.231649883328564,-0.0009140827828863926,-0.7247045249979114,0.23218674922800958,0.0028533024088356167,-0.16795838774278463,0.43168322748965987,0.001796752179343599,0.5640407333601507,0.4231766746145954,-0.0004109492046157246,0.0007935910388881114,0.22761138300244846,0.0006805274606732205,0.0021527386513864465,0.22488091378049804,0.0006683962782866902,0.0620024942081914,0.4181001671471721,0.0010730322452388637,10.079999999999998,0.0,0.07499734862724967,0.21660173184260006,0.1264723766318373
0.228,0.0,0.0,-0.691841083436441,0.45419638108363025,0.00342375427527631,-0.21001682201700583,0.1766105776371786,0.0011544828644668643,0.5298514021382499,0.17313037011162147,-0.0010614324930349644,-0.69022827502068,0.44524619426766593,0.0033920018105983735,-0.21878116852418278,0.17105346542988328,0.0011637915199225206,0.543171211416598,0.24131112284109107,-0.0008958971653688436,-0.6977803055573764,0.4399049366662158,0.003398249945879394,-0.20382318991348178,0.23655595586894346,0.0013163169196883505,0.5426819837117822,0.23371818585828333,-0.0009174489287060114,-0.7304737458825932,0.23425984520325968,0.0028768931106035135,-0.168662794998464,0.43553754202081757,0.0018104877892908067,0.5678909136926895,0.42695503778079713,-0.00041125708673806074,0.0008189013874513407,0.22964362749354175,0.0006865501093639609,0.0022251978461624955,0.22688877908210964,0.0006742081212921696,0.0636078977455074,0.42183320435384325,0.0010794921304369555,10.169999999999998,0.0,0.07499732471783056,0.216616138994994,0.12657617642585936
0.23,0.0,0.0,-0.6965898221018448,0.45821581808437045,0.0034501707045624347,-0.21181472865665768,0.17817350310299437,0.0011645709753600006,0.5327154295190574,0.1746624972807509,-0.001065566714572497,-0.6949990631426258,0.4491864260753445,0.0034182441032880734,-0.22068400478695516,0.17256721291156368,0.0011740451443072394,0.5463576221403619,0.24344661950340166,-0.0008991737757395891,-0.7026805987421461,0.4437979007075098,0.0034247346187946583,-0.20542477340857776,0.2386493714076067,0.0013274176839632654,0.5457863839021422,0.2357864883880027,-0.0009206864859713386,-0.7362215241979196,0.2363329411785098,0.0029004200611833088,-0.169347292413351,0.4393918565519753,0.001824163954651318,0.5717101336998422,0.4307334009469989,-0.0004114725382370718,0.0008448387947849247,0.23167587198463507,0.0006925709117915512,0.002299568801010624,0.22889664438372126,0.0006800143396126764,0.0652390989629257,0.4255662415605145,0.0010858750314450213,10.26,0.0,0.07499730080841145,0.21663054614738791,0.12667997621988142
0.232,0.0,0.0,-0.7013009838735025,0.46223525508511054,0.0034764752315608657,-0.21361076363607126,0.1797364285688101,0.0011746534716764033,0.5355330435087504,0.1761946244498803,-0.0010695624152075311,-0.6997331701462579,0.4531266578830229,0.0034443771630769467,-0.22258554954333237,0.17408096039324406,0.0011842948955405976,0.5495025277981006,0.24558211616571218,-0.0009023265179239491,-0.7075456595783527,0.44769086474880376,0.0034511143904728497,-0.20702108290698362,0.2407427869462699,0.001338502681064543,0.5488474749040639,0.23785479091772202,-0.0009237947789532605,-0.7419476680672459,0.23840603715375988,0.0029238826840550384,-0.17001178679404913,0.44324617108313297,0.0018377803904894522,0.575498246621313,0.4345117641132007,-0.0004115951087599247,0.0008714150619800411,0.23370811647572834,0.0006985898330428302,0.00237588883577319,0.23090450968533283,0.0006858148226529667,0.06689623190509175,0.42929927876718565,0.00109218053941278,10.35,0.0,0.07499727689899234,0.21664495329978184,0.12678377601390348
0.234,0.0,0.0,-0.7059742941866693,0.46625469208585063,0.0035026670278780593,-0.21540492705924844,0.18129935403462585,0.0011847303530120913,0.5383040087249439,0.1777267516190097,-0.0010734188756692223,-0.7044303273907049,0.4570668896907014,0.003470400179510878,-0.2244858024615576,0.17559470787492445,0.0011945407722547703,0.5526057166413854,0.24771761282802274,-0.0009053547449102336,-0.7123752241507975,0.4515838287900977,0.0034773884651053515,-0.20861210064212163,0.24283620248493312,0.0013495718561757502,0.5518650397934294,0.23992309344744134,-0.0009267731443698678,-0.7476519859209781,0.24047913312900995,0.0029472804035887675,-0.17065618673197464,0.44710048561429067,0.0018513368172250193,0.5792551090702657,0.4382901272794024,-0.0004116243580257317,0.00089864215488454,0.23574036096682163,0.0007046068377145248,0.002454195725603343,0.23291237498694442,0.0006916094584535137,0.06857942836676455,0.43303231597385683,0.0010984082522062953,10.44,0.0,0.07499725298957323,0.21665936045217576,0.12688757580792553
0.23600000000000002,0.0,0.0,-0.7106094800574756,0.4702741290865907,0.0035287452698197805,-0.21719721926169497,0.18286227950044157,0.00119480161967907,0.5410280941812733,0.17925887878813906,-0.0010771353898104145,-0.7090902677593632,0.46100712149837986,0.0034963123466672545,-0.2263847633268899,0.17710845535660483,0.0012047827734544873,0.5556669808632497,0.24985310949033326,-0.0009082578214531564,-0.7171690299126545,0.45547679283139164,0.0035035560509465674,-0.2101978093468471,0.24492961802359633,0.0013606251559971539,0.5548388658363469,0.24199139597716066,-0.0009296209314488061,-0.7533342865070161,0.24255222910426005,0.0029706126450757143,-0.17128040260272387,0.4509548001454483,0.0018648329606322687,0.5829805810491092,0.44206849044560415,-0.00041155985587398457,0.0009265322054855096,0.23777260545791493,0.0007106218899090912,0.0025345277014336815,0.23492024028855601,0.0006973981336888581,0.07028881788192211,0.436765353180528,0.0011045577744412903,10.53,0.0,0.07499722908015412,0.2166737676045697,0.1269913756019476
0.23800000000000002,0.0,0.0,-0.7152062700973367,0.4742935660873308,0.0035547091384344194,-0.21898764080309366,0.1844252049662573,0.0012048672726838567,0.5437050733084251,0.18079100595726846,-0.0010807112646720144,-0.7137127256736397,0.4649473533060583,0.003522112863196265,-0.22828243203428278,0.1786222028382852,0.0012150208984955252,0.5586861166171336,0.2519886061526438,-0.0009110351241318178,-0.7219268156994977,0.45936975687268555,0.0035296163603560204,-0.21177819224712946,0.24702303356225955,0.00137166252872732,0.557768744509118,0.24405969850687997,-0.0009323375019884008,-0.7589943789012571,0.24462532507951013,0.0029938788347595785,-0.17188434656516172,0.454809114676606,0.0018782685518379898,0.5866745259649213,0.44584685361180587,-0.00041140118231191,0.0009550975132885408,0.23980484994900822,0.0007166349532305682,0.002616923450363744,0.2369281055901676,0.0007031807336662019,0.07202452771307824,0.4404983903871992,0.0011106287175158313,10.62,0.0,0.074997205170735,0.21668817475696361,0.12709517539596965
0.24,0.0,0.0,-0.7197643945273352,0.47831300308807084,0.003580557819556223,-0.2207761924598106,0.18598813043207305,0.0012149273137055001,0.5463347239747396,0.18232313312639786,-0.0010841458205460817,-0.718297437106667,0.46888758511373674,0.00354780093236213,-0.23017880858091191,0.1801359503199656,0.0012252551470627452,0.5616629240354418,0.25412410281495434,-0.0009136860414065378,-0.7266483217433185,0.4632627209139795,0.003555568609840432,-0.2133532330555503,0.24911644910092276,0.0013826839240441567,0.560654471517792,0.2461280010365993,-0.000934922230417556,-0.7646320725181618,0.24669842105476023,0.0030170783998680517,-0.172467932560234,0.45866342920776365,0.0018916433273187764,0.590336810644509,0.44962521677800765,-0.000411147927560741,0.0009843505466936029,0.2418370944401015,0.000722645990780439,0.0027014221159661037,0.23893597089177918,0.0007089571423242463,0.07378668284081169,0.44423142759387035,0.0011166206996423764,10.709999999999999,0.0,0.0749971812613159,0.21670258190935754,0.1271989751899917
0.242,0.0,0.0,-0.7242835851925725,0.48233244008881093,0.003606290503848438,-0.2225628752172359,0.18755105589788879,0.0012249817450730983,0.5489168285063829,0.18385526029552726,-0.001087438391037637,-0.7228441395969908,0.47282781692141523,0.003573375762084247,-0.23207389305855308,0.18164969780164597,0.0012354855191476736,0.5645972072477158,0.2562595994772649,-0.0009162099736745308,-0.7313332896865351,0.46715568495527343,0.003581412020095776,-0.21492291596461993,0.251209864639586,0.0013936892930854088,0.56349584681731,0.2481963035663186,-0.0009373745038544203,-0.770247177121375,0.2487715170300103,0.0030402107686445163,-0.17303107630950668,0.46251774373892135,0.0019049570288974661,0.5939673053491055,0.4534035799442094,-0.000410799692100899,0.00101430394436743,0.24386933893119478,0.0007286549651535036,0.002788063298510834,0.24094383619339077,0.000714727242232274,0.07557540595350859,0.44796446480054153,0.0011225333458791894,10.799999999999999,0.0,0.07499715735189678,0.21671698906175146,0.12730277498401377
0.244,0.0,0.0,-0.7287635755764893,0.48635187708955113,0.0036319063868463708,-0.22434769026196102,0.18911398136370455,0.0012350305697428213,0.5514511737070887,0.18538738746465666,-0.0010905883231251787,-0.7273525722622275,0.47676804872909373,0.003598836564978254,-0.23396768564581216,0.18316344528332637,0.0012457120150256385,0.5674887743984177,0.25839509613957545,-0.000918606333324421,-0.7359814625959884,0.47104864899656745,0.0036071458160493075,-0.216487225639915,0.2533032801782492,0.0014046785884286074,0.5662926746302338,0.25026460609603796,-0.0009396937221638162,-0.7758395028343997,0.2508446130052604,0.0030632753703799063,-0.17357369531343492,0.4663720582700791,0.0019182094037387572,0.5975658837887002,0.45718194311041116,-0.00041035608671608295,0.001044970516612329,0.2459015834222881,0.000734661838433762,0.0028768870551081323,0.2429517014950024,0.0007204909145894746,0.07739081743731917,0.45169750200721276,0.0011283662881611126,10.89,0.0,0.07499713344247767,0.2167313962141454,0.12740657477803582
0.246,0.0,0.0,-0.7332041008151522,0.4903713140902912,0.003657404669000342,-0.226130638973794,0.1906769068295203,0.001245073791274444,0.5539375508774673,0.18691951463378606,-0.001093594977219908,-0.7318224758126909,0.48070828053677217,0.003624182558396999,-0.2358601866002086,0.18467719276500677,0.001255934635232457,0.5703374376643252,0.260530592801886,-0.0009208745447895952,-0.7405925849769246,0.4749416130378614,0.0036327692269015497,-0.21804614721303864,0.2553966957169124,0.0014156517640704824,0.5690447634650612,0.2523329086257573,-0.0009418792980134295,-0.7814088601513202,0.2529177089805105,0.0030862716354447305,-0.17409570884936493,0.47022637280123675,0.0019314002043440148,0.6011324231360031,0.46096030627661294,-0.00040981673253626187,0.0010763632467313058,0.2479338279133814,0.0007406665721903071,0.0029679338997689016,0.244959566796614,0.0007262480392245176,0.07923303536632961,0.45543053921388393,0.0011341191653296942,10.98,0.0,0.07499710953305856,0.2167458033665393,0.12751037457205788
0.248,0.0,0.0,-0.7376048977115063,0.4943907510910313,0.0036827845557185503,-0.22791172291761455,0.19223983229533603,0.0012551114138073902,0.5563757558338797,0.18845164180291546,-0.0010964577272236555,-0.7362535925649867,0.48464851234445067,0.003649412964471425,-0.237751396250114,0.18619094024668714,0.0012661533805406872,0.573143013271536,0.2626660894641965,-0.0009230140446003861,-0.7451664027869621,0.47883457707915533,0.00365828148616824,-0.2195996662744061,0.25749011125557564,0.0014266087754058428,0.5717519261341243,0.2544012111554766,-0.0009439306569287537,-0.7869550599475709,0.2549908049557606,0.0031091989953212426,-0.17459703796927165,0.47408068733239445,0.001944529188545278,0.6046668040400393,0.46473866944281467,-0.0004091812610795654,0.001108495292389417,0.2499660724044747,0.0007466691274732301,0.003061244803383093,0.24696743209822558,0.0007319984945953701,0.08110217549294993,0.4591635764205551,0.0011397916231626767,11.07,0.0,0.07499708562363945,0.21676021051893324,0.12761417436607994
0.25,0.0,0.0,-0.7419657047495906,0.4984101880917714,0.003708045257409833,-0.22969094383507074,0.19380275776115177,0.001265143442036299,0.5587655889268773,0.18998376897204486,-0.0010991759605855046,-0.7406456664555724,0.4885887441521291,0.003674527010151347,-0.2396413149865473,0.18770468772836751,0.0012763682519354445,0.5759053215120804,0.26480158612650706,-0.000925024281435087,-0.7497026634500402,0.4827275411204493,0.0036836818317222343,-0.22114776886585727,0.25958352679423885,0.001437549579205935,0.5744139797710711,0.25646951368519594,-0.0009458472373467851,-0.7924779134907474,0.25706390093101067,0.0031320568826357447,-0.17507760549723556,0.4779350018635521,0.0019575961194984713,0.6081689106393747,0.4685170326090164,-0.0004084493142930686,0.0011413799869712453,0.25199831689556795,0.0007526694648095356,0.003156861193615631,0.24897529739983715,0.0007377421577893622,0.08299835123851879,0.4628966136272263,0.0011453833144028291,11.16,0.0,0.07499706171422034,0.21677461767132716,0.127717974160102
0.252,0.0,0.0,-0.7462862621087162,0.5024296250925114,0.003733185989526306,-0.23146830363611934,0.1953656832269675,0.0012751698811861148,0.5611068550592051,0.19151589614117423,-0.0011017490783571092,-0.7449984430542831,0.49252897595980755,0.0036995239272461402,-0.24152994325482868,0.18921843521004791,0.0012865792505897856,0.5786241867601412,0.2669370827888176,-0.0009269047161697884,-0.7542011158703483,0.4866205051617432,0.0037089695058353505,-0.22269044147309874,0.26167694233290206,0.001448474133596278,0.5770307458479279,0.25853781621491523,-0.0009476284906684677,-0.7979772324514554,0.25913699690626074,0.0031548447311910244,-0.17553733602666152,0.4817893163947098,0.0019706007656758364,0.6116386305749709,0.4722953957752181,-0.00040762054459246984,0.0011750308409343984,0.25403056138666125,0.0007586675441990701,0.0032548249547197446,0.25098316270144877,0.0007434789045234994,0.08492167368412605,0.46662965083389746,0.001150893898786136,11.25,0.0,0.07499703780480123,0.2167890248237211,0.12782177395412406
0.254,0.0,0.0,-0.7505663116776043,0.5064490620932516,0.0037582059726059035,-0.23324380439041134,0.19692860869278325,0.0012851907369867078,0.5633993637033657,0.19304802331030363,-0.0011041764952467044,-0.7493116695778197,0.496469207767486,0.003724402952465307,-0.24341728154609332,0.19073218269172829,0.001296786377839671,0.5812994374878803,0.26907257945112817,-0.000928654821927039,-0.7586615104462332,0.4905134692030372,0.003734143755220156,-0.22422767101797775,0.2637703578715653,0.001459382398033992,0.5796020501917422,0.2606061187446346,-0.00094927388130988,-0.803452828914195,0.2612100928815108,0.0031775619759988986,-0.17597615591724308,0.48564363092586743,0.001983542900857587,0.615075855002667,0.4760737589414199,-0.00040669461490065305,0.0012094615431589317,0.25606280587775454,0.0007646633251104604,0.003355178427267554,0.25299102800306034,0.0007492086091450218,0.08687225156165397,0.47036268804056863,0.0011563230430693277,11.34,0.0,0.07499701389538212,0.216803431976115,0.12792557374814612
0.256,0.0,0.0,-0.7548055970684834,0.5104684990939916,0.0037831044323147884,-0.23501744831852495,0.198491534158599,0.0012952060156470311,0.5656429289187461,0.19458015047943303,-0.0011064576396717983,-0.7535850949031995,0.5004094395751645,0.003749163327458952,-0.24530333038866717,0.19224593017340866,0.0013069896351585058,0.58393090628087,0.27120807611343867,-0.0009302740841233248,-0.7630835990840827,0.4944064332443311,0.003759203831071693,-0.22575944485058994,0.2658637734102285,0.0014702743332846188,0.5821277230008045,0.26267442127435386,-0.0009507828867521649,-0.8089045153882762,0.26328318885676094,0.003200208053312868,-0.17639399329167535,0.48949794545702513,0.0019964223041228045,0.6184804786052895,0.4798521221076216,-0.00040567119868513624,0.0012446859622925908,0.25809505036884783,0.0007706567664770667,0.0034579644077977526,0.2549988933046719,0.000754931144632213,0.08885019124503771,0.4740957252472398,0.0011616704210567577,11.43,0.0,0.074996989985963,0.21681783912850894,0.12802937354216817
0.258,0.0,0.0,-0.7590038636311429,0.5144879360947318,0.0038078805994896455,-0.2367892377830478,0.20005445962441473,0.0013052157238288191,0.5678373693683029,0.1961122776485624,-0.001108591953810551,-0.757818469581167,0.5043496713828429,0.003773804298858127,-0.24718809033930655,0.19375967765508906,0.0013171890241312687,0.5865184298531283,0.2733435727757492,-0.0009317620005153622,-0.7674671352121836,0.49829939728562506,0.003784148989109124,-0.22728575074122365,0.26795718894889176,0.0014811499013984452,0.584607598860449,0.2647427238040732,-0.0009521549975901939,-0.8143321048187616,0.265356284832011,0.0032227824006608617,-0.17679077803211982,0.4933522599881828,0.0020092387598395745,0.6218523996043868,0.48363048527382335,-0.0004045499799943986,0.001280718148091771,0.2601272948599411,0.0007766478266929456,0.0035632261483802543,0.2570067586062835,0.0007606463825954573,0.09085559674174608,0.477828762453911,0.0011669357136266198,11.52,0.0,0.0749969660765439,0.21683224628090286,0.12813317333619023
0.26,0.0,0.0,-0.7631608584669436,0.5185073730954718,0.0038325337101798446,-0.23855917527951057,0.20161738509023047,0.0013152198686198348,0.5699825083348069,0.1976444048176918,-0.0011105788936518332,-0.7620115458495641,0.5082899031905214,0.003798325118315065,-0.24907156197430325,0.19527342513676943,0.001327384546428228,0.5890618490617581,0.2754790694380598,-0.0009331180812452056,-0.7718118737945515,0.502192361326919,0.003808978489617308,-0.22880657687214304,0.27005060448755497,0.0014920090656863358,0.5870415167584303,0.2668110263337925,-0.0009533897175799695,-0.8197354105974337,0.2674293808072611,0.003245284456878068,-0.1771664417764245,0.49720657451934047,0.002021992057654381,0.6251915197715888,0.4874088484400251,-0.0004033306534930851,0.0013175723327580886,0.2621595393510344,0.0007826364636088279,0.0036710073560976765,0.2590146239078951,0.0007663541932785447,0.09288856968448321,0.48156179966058216,0.0011721186087565083,11.61,0.0,0.07499694216712478,0.2168466534332968,0.1282369731302123
0.262,0.0,0.0,-0.7672763304427805,0.5225268100962119,0.0038570630056894667,-0.24032726342717395,0.20318031055604624,0.0013252184575066703,0.5720781737366457,0.19917653198682123,-0.001112417929043957,-0.7661640776466573,0.5122301349981999,0.0038227250425432917,-0.250953745880457,0.19678717261844983,0.001337576203778259,0.5915610089211878,0.27761456610037033,-0.0009343418488841633,-0.7761175713447318,0.506085325368213,0.003833691597488294,-0.23032191182921233,0.2721440200262182,0.0015028517906950836,0.5894293200998769,0.26887932886351185,-0.0009544865636847554,-0.8251142465737821,0.2695024767825112,0.0032677136621398345,-0.17752091791410252,0.5010608890504982,0.002034681992480768,0.6284977444395908,0.4911872116062269,-0.00040201292449608574,0.0013552629322704595,0.2641917838421277,0.0007886226345281089,0.003781352192443543,0.2610224892095067,0.0007720544455602272,0.0949492093231119,0.48529483686725344,0.0011772188015483106,11.700000000000001,0.0,0.07499691825770567,0.2168610605856907,0.12834077292423435
0.264,0.0,0.0,-0.7713500302049989,0.5265462470969521,0.0038814677326191975,-0.24209350495967108,0.20474323602186198,0.0013352114983471077,0.5741241981431823,0.20070865915595063,-0.0011141085437420854,-0.7702758206244216,0.5161703668058784,0.0038470033333576075,-0.2528346426459176,0.19830092010013023,0.0013477639979417616,0.5940157586170145,0.2797500627626809,-0.0009354328384755207,-0.7803839859395677,0.509978289409507,0.0038582875822627165,-0.23183174459336386,0.2742374355648814,0.0015136780421822812,0.5917708567218198,0.2709476313932312,-0.0009554450661199372,-0.830468427066008,0.2715755727577613,0.00329006945799463,-0.17785414158207313,0.5049152035816559,0.0020473083644872753,0.6317709825127591,0.49496557477242864,-0.0004005965090014866,0.0013938045477125771,0.266224028333221,0.0007946062962028516,0.0038943052726371006,0.2630303545111183,0.0007777470069560243,0.09703761251679939,0.4890278740739246,0.0011822359942524382,11.790000000000001,0.0,0.07499689434828656,0.21687546773808464,0.1284445727182564
0.266,0.0,0.0,-0.7753817101932607,0.5305656840976921,0.0039057471429080727,-0.24385790271550772,0.2063061614876777,0.0013451989993420463,0.5761204187896704,0.20224078632508,-0.0011156502354543068,-0.7743465321617786,0.5201105986135568,0.003871159257713935,-0.2547142528508981,0.1998146675818106,0.0013579479306831846,0.5964259515194469,0.2818855594249914,-0.0009363905975760694,-0.7846108772329353,0.5138712534508009,0.0038827657181711057,-0.23333606453191227,0.2763308511035446,0.0015244877870907254,0.5940659789072956,0.2730159339229505,-0.0009562647683966081,-0.8357977668720414,0.27364866873301136,0.0033123512873970582,-0.1781660496601678,0.5087695181128136,0.0020598709790846602,0.6350111464773591,0.49874393793863037,-0.0003990811337223862,0.0014332119665956833,0.2682562728243143,0.0008005874048298052,0.004009911664854659,0.2650382198127299,0.0007834317436202783,0.09915387372638618,0.4927609112805958,0.0011871698962913893,11.88,0.0,0.07499687043886745,0.21688987489047856,0.12854837251227846
0.268,0.0,0.0,-0.7793711246543595,0.5345851210984323,0.003929900493875079,-0.2456204596284221,0.20786908695349343,0.0013551809690070034,0.578066677591724,0.2037729134942094,-0.0011170425158863828,-0.7783759713777882,0.5240508304212352,0.0038951920877490416,-0.2565925770582617,0.20132841506349097,0.0013681280037431672,0.5987914451963487,0.28402105608730194,-0.0009372146862964348,-0.7887980064694429,0.5177642174920948,0.003907125284175091,-0.23483486138971746,0.2784242666422078,0.0015352809935223605,0.5963145433990228,0.27508423645266983,-0.0009569452273638774,-0.8411020812805686,0.27572176470826143,0.0033345585947409085,-0.17845658076640558,0.5126238326439713,0.0020723696469124174,0.6382181524114047,0.5025223011048321,-0.0003974665361175811,0.0014735001641765218,0.2702885173154076,0.0008065659160464357,0.004128216889377365,0.26704608511434147,0.0007891085203484605,0.1012980850069787,0.49649394848726697,0.0011920202242826424,11.97,0.0,0.07499684652944834,0.2169042820428725,0.12865217230630052
0.27,0.0,0.0,-0.7833180296559836,0.5386045580991723,0.0039539270482605955,-0.24738117871760698,0.20943201241930917,0.0013651574161431938,0.5799628211593422,0.2053050406633388,-0.0011182849107851558,-0.7823638991447915,0.5279910622289137,0.003919101100820106,-0.2584696158039838,0.20284216254517137,0.0013783042188102992,0.6011121014258812,0.2861565527496125,-0.0009379046773402088,-0.7929451364980918,0.5216571815333888,0.003931365564008495,-0.23632812528019895,0.28051768218087103,0.0015460576307117654,0.5985164114126511,0.2771525389823892,-0.0009574860132499009,-0.8463811860820649,0.27779486068351156,0.0033566908258922407,-0.17872567525204092,0.5164781471751289,0.0020848041838246035,0.6413919199941268,0.5063006642710338,-0.00039575246442111254,0.001514684304770367,0.2723207618065009,0.0008125417849269731,0.004249266917655347,0.2690539504159531,0.0007947772005797272,0.10347033600076638,0.5002269856939381,0.0011967867020608782,12.06,0.0,0.07499682262002923,0.2169186891952664,0.12875597210032258
0.272,0.0,0.0,-0.7872221831004238,0.5426239950999124,0.003977826074267688,-0.24914006307779582,0.2109949378851249,0.0013751283498081958,0.5818087008104857,0.2068371678324682,-0.001119376959980622,-0.7863100781015043,0.5319312940365922,0.0039428855795441515,-0.26034536958749166,0.20435591002685174,0.0013884765774925068,0.603387786208744,0.28829204941192305,-0.0009384601560418745,-0.7970520317858983,0.5255501455746827,0.003955485846218324,-0.23781584667620415,0.28261109771953424,0.0015568176689991996,0.6006714486495831,0.27922084151210846,-0.0009578867097016279,-0.8516348975798305,0.27986795665876163,0.0033787474282224797,-0.1789732751963875,0.5203324617062866,0.0020971744108749827,0.644532372515063,0.5100790274372357,-0.00039393867767067346,0.0015567797430590161,0.2743530062975942,0.0008185149659784715,0.0043731081712881665,0.27106181571756466,0.0008004376463997279,0.10567071393006375,0.5039600229006093,0.0012014690606995287,12.15,0.0,0.07499679871061012,0.21693309634766034,0.12885977189434464
0.274,0.0,0.0,-0.7910833447382256,0.5466434321006525,0.0040015968456032286,-0.2508971158692157,0.21255786335094065,0.0013850937792862093,0.583604172584208,0.20836929500159757,-0.0011203182174266645,-0.7902142726660593,0.5358715258442707,0.0039665448118373255,-0.26221983886188366,0.20586965750853212,0.0013986450812880713,0.6056183697800144,0.29042754607423354,-0.0009388807204035314,-0.8011184584314726,0.5294431096159766,0.003979485424205625,-0.23929801640073317,0.28470451325819746,0.001567561079803205,0.6027795253093668,0.2812891440418278,-0.0009581469138232659,-0.8568630326010248,0.2819410526340117,0.003400727850641527,-0.1791993244014217,0.5241867762374443,0.002109480154301495,0.6476394368827648,0.5138573906034374,-0.0003920249457348769,0.0015998020253936314,0.2763852507886875,0.0008244854131368854,0.0044997875209215185,0.2730696810191762,0.0008060897185436642,0.10789930359057825,0.5076930601072804,0.00120606703853165,12.24,0.0,0.074996774801191,0.21694750350005426,0.1289635716883667
0.276,0.0,0.0,-0.794901276181784,0.5506628691013926,0.004025238641518854,-0.25265234030740913,0.21412078881675642,0.0013950537140579166,0.5853490972533371,0.209901422170727,-0.0011211082512404432,-0.7940762490489954,0.5398117576519491,0.003990078090954025,-0.26409302402403045,0.20738340499021254,0.0014088097315562887,0.6078037266205836,0.29256304273654415,-0.0009391659811304107,-0.8051441841785544,0.5333360736572706,0.00400336359626623,-0.24077462561752305,0.2867979287968607,0.0015782878355927819,0.6048405161016593,0.28335744657154716,-0.0009582662362134591,-0.8620654085076969,0.28401414860926183,0.00342263154363086,-0.17940376838616928,0.528041090768602,0.002121721245510071,0.6507130436331238,0.5176357537696392,-0.0003900110493393768,0.0016437668910923246,0.27841749527978077,0.0008304530797631614,0.0046293522850601575,0.27507754632078785,0.0008117332763995991,0.11015618734490434,0.5114260973139517,0.0012105803811701204,12.330000000000002,0.0,0.0749967508917719,0.2169619106524482,0.12906737148238875
0.278,0.0,0.0,-0.7986757409188782,0.5546823061021328,0.00404875074685175,-0.25440573965292695,0.21568371428257216,0.001405008163769944,0.587043340336709,0.2114335493398564,-0.001121746643740442,-0.7978957752661933,0.5437519894596277,0.00401348471552587,-0.26596492540456007,0.20889715247189292,0.0014189705294877701,0.6099437354681901,0.29469853939885465,-0.0009393155616651868,-0.8091289784295032,0.5372290376985646,0.0040271196656313565,-0.2422456658214938,0.28889134433552394,0.0015889979098591411,0.6068543002577605,0.28542574910126645,-0.0009582443010011788,-0.8672418432078064,0.2860872445845119,0.0034444579592766266,-0.17958655438087906,0.5318954052997596,0.002133897521057787,0.6537531269373147,0.5214141169358409,-0.00038789678009184847,0.0016886902737323656,0.28044973977087406,0.0008364179186393453,0.004761850228797011,0.27708541162239947,0.000817368178012018,0.11244144511624438,0.5151591345206229,0.0012150088415271557,12.420000000000002,0.0,0.07499672698235278,0.2169763178048421,0.1291711712764108
0.28,0.0,0.0,-0.802406504326146,0.5587017431028728,0.004072132452065253,-0.2561573172008953,0.2172466397483879,0.0014149571382039447,0.5886867721109527,0.2129656765089858,-0.0011222329914831698,-0.8016726211517544,0.5476922212673061,0.004036763989600498,-0.26783554325772907,0.2104108999535733,0.0014291274760744003,0.6120382793280494,0.2968340360611652,-0.0009393290982210749,-0.8130726122587393,0.5411220017398586,0.004050752940508085,-0.2437111288290592,0.29098475987418715,0.0015996912770870429,0.6088207615417167,0.2874940516309858,-0.0009580807458803242,-0.8723921551662343,0.288160340559762,0.003466206551302705,-0.17974763132098692,0.5357497198309173,0.002146008822635389,0.6567596246093563,0.5251924801020427,-0.00038568194050581605,0.0017345883024369052,0.28248198426196736,0.000842379881964705,0.004897329562458462,0.27909327692401104,0.0008229942800856421,0.11475515438235685,0.5188921717272941,0.0012193521798331492,12.510000000000002,0.0,0.07499670307293367,0.21699072495723604,0.12927497107043287
0.28200000000000003,0.0,0.0,-0.8060933336824952,0.5627211801036129,0.004095383053289277,-0.2579070762704583,0.21880956521420364,0.0014249006472452968,0.5902792676218246,0.21449780367811516,-0.0011225669052985126,-0.805406558370824,0.5516324530749845,0.004059915222680217,-0.26970487775118224,0.2119246474352537,0.0014392805720789483,0.6140872454830796,0.29896953272347576,-0.000939206239813721,-0.8169748584261358,0.5450149657811525,0.004074262734119675,-0.2451710067683054,0.29307817541285036,0.001610367912725729,0.6107397882609932,0.2895623541607051,-0.0009577752221430349,-0.8775161634157774,0.2902334365350121,0.0034878767751037394,-0.17988694984087406,0.539604034362075,0.002158054997049186,0.6597324781132886,0.5289708432682444,-0.0003833663440233358,0.0017814773031560927,0.28451422875306065,0.0008483389213518713,0.005035838940165814,0.2811011422256226,0.0008286114379894924,0.11709739016973265,0.5226252089339652,0.0012236101636548253,12.600000000000001,0.0,0.07499667916351456,0.21700513210962996,0.12937877086445493
0.28400000000000003,0.0,0.0,-0.8097359981824506,0.566740617104353,0.004118501852360545,-0.25965502019409953,0.22037249068001938,0.001434838700851433,0.5918207066950935,0.21602993084724456,-0.0011227480103237401,-0.809097360432354,0.555572684882663,0.004082937729760461,-0.2715729289556033,0.21343839491693406,0.0014494298180043488,0.6160905255037226,0.3011050293857863,-0.0009389466482918798,-0.8208354913903582,0.5489079298224464,0.004097648364745746,-0.2466252920690392,0.2951715909515136,0.0016210277931594569,0.6126112732767157,0.29163065669042443,-0.0009573273947117062,-0.8826136875681252,0.2923065325102622,0.003509468087778119,-0.18000446226742312,0.5434583488932326,0.00217003589620232,0.662671632569966,0.5327492064344461,-0.0003809498150365275,0.0018293737999424775,0.28654647324415394,0.0008542949878229936,0.005177427458312912,0.2831090075272342,0.0008342195057612054,0.11946822504799959,0.5263582461406364,0.0012277825679127114,12.690000000000001,0.0,0.07499665525409545,0.21701953926202389,0.129482570658477
0.28600000000000003,0.0,0.0,-0.813334268949435,0.5707600541050931,0.004141488156862631,-0.26140115230684463,0.22193541614583512,0.001444771309019804,0.5933109739469743,0.21756205801637396,-0.0011227759460361586,-0.8127448027018074,0.5595129166903414,0.004105830831368086,-0.2734396968342583,0.21495214239861443,0.0014595752140626533,0.618048015257361,0.3032405260480968,-0.0009385499983668772,-0.8246542873221497,0.5528008938637403,0.004120909155762295,-0.24807397745271,0.2972650064901768,0.001631670895677648,0.6144351140134804,0.2936989592201437,-0.000956736942169716,-0.8876845478248132,0.29437962848551225,0.0035309799481609123,-0.180100122613376,0.5473126634243903,0.0021819513770754404,0.665577036763466,0.5365275696006478,-0.0003784321889079544,0.001878294516220573,0.28857871773524724,0.0008602480318059143,0.005322144653959969,0.2851168728288458,0.0008398183361115987,0.12186772912455582,0.5300912833473076,0.001231869174897924,12.780000000000001,0.0,0.07499663134467634,0.2170339464144178,0.12958637045249904
0.28800000000000003,0.0,0.0,-0.8168879190489827,0.5747794911058332,0.004164341280165805,-0.26314547593534743,0.22349834161165086,0.0014546984817554866,0.5947499587941116,0.21909418518550333,-0.001122650366284413,-0.8163486624137993,0.5634531484980199,0.004128593853599482,-0.2753051812324347,0.21646588988029483,0.0014697167601436592,0.6199596149173293,0.30537602271040737,-0.0009380159776408608,-0.8284310241175611,0.5566938579050343,0.004144044435681552,-0.24951705592220755,0.29935842202884,0.00164229719844465,0.6162112124687313,0.29576726174986306,-0.000956003556790852,-0.8927285649881523,0.2964527244607623,0.003552411816856727,-0.18017388657049677,0.551166977955548,0.002193801301706772,0.6684486431471144,0.5403059327668496,-0.00037581331198984934,0.0019282563760504706,0.29061096222634053,0.0008661980031303599,0.0054700405031436064,0.2871247381304574,0.0008454077804294924,0.12429597003943268,0.5338243205539788,0.001235869774288269,12.870000000000001,0.0,0.07499660743525723,0.21704835356681174,0.1296901702465211
0.29,0.0,0.0,-0.820396723501884,0.5787989281065732,0.004187060541466668,-0.26488799438686217,0.2250612670774666,0.001464620229038442,0.5961375554631116,0.22062631235463273,-0.0011223709393184368,-0.8199087186846765,0.5673933803056983,0.0041512261281584925,-0.27716938186677836,0.2179796373619752,0.0014798544557832296,0.6218252289715205,0.3075115193727179,-0.0009373442866338342,-0.8321654814111217,0.5605868219463283,0.004167053538191668,-0.25095452075153823,0.3014518375675032,0.0016529066804691324,0.6179394752217064,0.29783556427958235,-0.000955126944567447,-0.8977455604721285,0.2985258204360124,0.0035737631562724947,-0.1802257115025438,0.5550212924867057,0.0022055855371716075,0.671286407849124,0.5440842959330513,-0.0003730930416421893,0.001979276505385382,0.29264320671743377,0.0008721448510241498,0.005621165419103155,0.289132603432069,0.0008509876887867762,0.12675301296038724,0.53755735776065,0.0012397841631636517,12.96,0.0,0.07499658352583811,0.21706276071920566,0.12979397004054316
0.292,0.0,0.0,-0.8238604592972575,0.5828183651073132,0.004209645265827591,-0.26662871093810475,0.22662419254328225,0.0014745365607904332,0.5974736629996226,0.22215843952376207,-0.0011219373478180488,-0.8234247525250309,0.5713336121133766,0.004173726992394159,-0.27903229831453075,0.21949338484365552,0.0014899883001313016,0.6236447662305865,0.30964701603502837,-0.0009365346388094764,-0.8358574405889507,0.564479785987622,0.004189935802196231,-0.2523863654753836,0.30354525310616637,0.001663499321573114,0.6196198134419506,0.2999038668093016,-0.0009541068252372146,-0.90273535631327,0.3005989164112624,0.0035950334306501727,-0.18025555643805463,0.5588756070178632,0.0022173039555612208,0.6740902906778494,0.5478626590992529,-0.0003702712462496132,0.0020313722333229903,0.294675451208527,0.0008780885241094249,0.00577557025042326,0.2911404687336805,0.000856557909943732,0.12923892057822498,0.541290394967321,0.0012436121460208014,13.049999999999997,0.0,0.074996559616419,0.21707716787159959,0.12989776983456522
0.294,0.0,0.0,-0.8272789054055514,0.5868378021080533,0.004232094784215932,-0.26836762882400517,0.228187118009098,0.0014844474868416083,0.5987581852769632,0.22369056669289145,-0.0011213492889201933,-0.826896546852148,0.5752738439210551,0.0041960957893382575,-0.2808939300026687,0.2210071323253359,0.0015001182919196,0.6254181398357341,0.3117825126973389,-0.0009355867605997428,-0.8395066848018066,0.568372750028916,0.0042126905718536,-0.2538125838785431,0.3056386686448296,0.0016740751023606396,0.6212521428973958,0.30197216933902093,-0.000952942932308789,-0.9076977751814795,0.3026720123865125,0.0036162221060993473,-0.1802633820629474,0.5627299215490209,0.0022289564339612266,0.6768602551266564,0.5516410222654546,-0.00036734780523718435,0.0020845610933504987,0.2967076956996203,0.0008840289703988919,0.00593330627909286,0.29314833403529206,0.0008621182913546065,0.1317537531023531,0.5450234321739922,0.0012473535347873018,13.139999999999997,0.0,0.07499653570699989,0.2170915750239935,0.13000156962858728
0.296,0.0,0.0,-0.830651842791469,0.5908572391087933,0.004254408433543033,-0.27010475122635397,0.22975004347491373,0.0014943530168967567,0.5999910310043004,0.22522269386202085,-0.0011206064742448271,-0.8303238865023871,0.5792140757287335,0.004218331867742645,-0.2827542761969498,0.2225208798070163,0.001510244429429055,0.627145267266114,0.3139180093596494,-0.0009345003914282542,-0.8431129989780713,0.5722657140702099,0.004235317196616049,-0.25523316998526463,0.3077320841834928,0.0016846340041861078,0.6228363839620091,0.3040404718687402,-0.0009516350130859668,-0.9126326403908273,0.30474510836176255,0.0036373286506297263,-0.18024915071294262,0.5665842360801786,0.0022405428544293783,0.6795962683784046,0.5554193854316564,-0.00036432260908500003,0.0021388608245832426,0.2987399401907136,0.0008899661372920893,0.006094425218480606,0.2951561993369037,0.0008676686791734324,0.13429756825656483,0.5487564693806634,0.0012510081488349308,13.229999999999997,0.0,0.07499651179758078,0.21710598217638744,0.13010536942260933
0.298,0.0,0.0,-0.8339790544268195,0.5948766761095335,0.004276585556703008,-0.2718400812623457,0.2313129689407295,0.0015042531605012506,0.6011721137343735,0.22675482103115027,-0.0011197086299194502,-0.8337065582434927,0.5831543075364121,0.004240434582116398,-0.28461333599086514,0.2240346272886967,0.0015203667104569396,0.6288260703458046,0.31605350602196003,-0.0009332752837324618,-0.8466761698366698,0.5761586781115039,0.004257815031268726,-0.2566481180484656,0.30982549972215606,0.001695176009122262,0.6243724616230067,0.3061087743984596,-0.0009501828286906486,-0.9175397759103012,0.3068182043370127,0.0036583525341835196,-0.18021282636580915,0.5704385506113363,0.002252063103972837,0.6822983013095463,0.5591977485978582,-0.00036119555934163917,0.0021942893729967584,0.3007721846818069,0.0008958999715716709,0.006258979211226802,0.2971640646385153,0.0008732089182601042,0.13687042127505478,0.5524895065873345,0.0012545758149923093,13.319999999999999,0.0,0.07499648788816167,0.21712038932878136,0.1302091692166314
0.3,0.0,0.0,-0.8372603253032906,0.5988961131102736,0.004298625502611279,-0.2735736219730216,0.23287589440654524,0.0015141479270066728,0.6023013518707675,0.22828694820027967,-0.0011186554966022815,-0.8370443507868356,0.5870945393440905,0.00426240329276275,-0.28647110829450256,0.22554837477037706,0.0015304851322837266,0.630460475250391,0.3181890026842705,-0.0009319112029846023,-0.85019598589992,0.5800516421527978,0.004280183435968404,-0.2580574225388476,0.3119189152608193,0.0017057010999278548,0.625860305487636,0.3081770769281789,-0.0009485861540844835,-0.9224190063745128,0.30889130031226275,0.003679293228667692,-0.180154374633438,0.574292865142494,0.0022635170745249097,0.6849663284938382,0.5629761117640599,-0.000357966568636459,0.0022508648926521787,0.3028044291729002,0.0009018304193997103,0.006427020827051973,0.29917192994012687,0.0008787388521867002,0.13947236489866616,0.5562225437940057,0.0012580563675568528,13.409999999999998,0.0,0.07499646397874256,0.21713479648117529,0.13031296901065345
0.302,0.0,0.0,-0.8404954424451418,0.6029155501110137,0.004320527626242913,-0.2753053763116144,0.23443881987236098,0.001524037325536148,0.6033786686747336,0.22981907536940904,-0.0011174468295040755,-0.840337054799581,0.591034771151769,0.004284237365815813,-0.2883275918233228,0.22706212225205746,0.0015405996916396803,0.6320484125131363,0.3203244993465811,-0.0009304079277114297,-0.8536722375063137,0.5839446061940918,0.004302421776282035,-0.25946107813390745,0.3140123307994825,0.0017162092600149902,0.6272998497895239,0.31024537945789826,-0.0009468447780892134,-0.9272701570943533,0.3109643962875129,0.003700150207986077,-0.18007376275374784,0.5781471796736517,0.002274904662921269,0.6876003282056685,0.5667544749302617,-0.00035463556069072964,0.0023086057469148373,0.3048366736639935,0.0009077574263140238,0.006598603060482145,0.30117979524173843,0.0008842583232440594,0.1421034493713697,0.5599555810006769,0.0012614496483060321,13.499999999999998,0.0,0.07499644006932345,0.2171492036335692,0.1304167688046755
0.304,0.0,0.0,-0.8436841949218171,0.6069349871117538,0.004342291288670687,-0.27703534713179834,0.23600174533817672,0.0015339213649493734,0.6044039922715584,0.23135120253853844,-0.0011160823984085852,-0.8435844629167844,0.5949750029594475,0.004305936173277085,-0.290182785086851,0.22857586973373784,0.0015507103846711821,0.6335898170307493,0.32245999600889164,-0.0009287652495127338,-0.8571047168232248,0.5878375702353857,0.004324529423225099,-0.2608590797068481,0.3161057463381457,0.0017267004734161594,0.6286910333945922,0.31231368198761755,-0.0009449585034057191,-0.9320930540675989,0.31303749226276295,0.003720922948071349,-0.17997095958242612,0.5820014942048093,0.0022862257708756717,0.6902002824229978,0.5705328380964635,-0.0003512024703276151,0.002367530509665958,0.30686891815508677,0.0009136809372245158,0.006773779328490971,0.30318766054335006,0.0008897671724486038,0.14476372243697486,0.5636886182073481,0.001264755506507935,13.589999999999998,0.0,0.07499641615990434,0.21716361078596313,0.13052056859869757
0.306,0.0,0.0,-0.8468263738604752,0.6109544241124938,0.004363915857102933,-0.2787635371758467,0.23756467080399246,0.0015438000538073725,0.6053772556564806,0.23288332970766784,-0.0011145619876916717,-0.8467863697534115,0.5989152347671259,0.0043274990930517315,-0.29203668637728647,0.2300896172154182,0.0015608172069068078,0.6350846280687455,0.32459549267120213,-0.0009269829730786417,-0.8604932178595432,0.5917305342766797,0.004346505753299713,-0.26225142231539167,0.3181991618768089,0.0017371747247509708,0.6300337998065402,0.3143819845173369,-0.000942927146631766,-0.9368875239894596,0.315110588238013,0.0037416109269168356,-0.17984593558450937,0.585855808735967,0.0022974803049551793,0.6927661768299145,0.5743112012626652,-0.00034766724348099775,0.0024276579665073058,0.30890116264618006,0.0009196008964095422,0.006952603468058825,0.3051955258449616,0.0008952652395494119,0.14745322933607338,0.5674216554140192,0.001267973798931133,13.679999999999998,0.0,0.07499639225048522,0.21717801793835706,0.13062436839271963
0.308,0.0,0.0,-0.8499217724584356,0.6149738611132339,0.004385400704921128,-0.2804899490627,0.2391275962698082,0.0015536734003369645,0.606298396700156,0.23441545687679724,-0.0011128853963390502,-0.8499425719162822,0.6028554665748044,0.004348925508984647,-0.2938892937580331,0.2316033646970986,0.0015709201532231553,0.636532789266403,0.3267309893335127,-0.0009250609162056986,-0.8638375364782338,0.5956234983179736,0.004368350148532551,-0.26363810119049885,0.3202925774154721,0.0017476319991925914,0.6313280971718946,0.3164502870470562,-0.0009407505382784519,-0.9416533942630717,0.3171836842132631,0.0037622136246081685,-0.17969866282580677,0.5897101232671247,0.002308668176554902,0.6952980008188054,0.5780895644288669,-0.0003440298372031426,0.0024890071159586794,0.31093340713727335,0.0009255172475122983,0.0071351297336489945,0.3072033911465732,0.0009007523630355431,0.15017201280321554,0.5711546926206904,0.001271104389853851,13.769999999999998,0.0,0.07499636834106611,0.21719242509075098,0.13072816818674168
0.31,0.0,0.0,-0.8529701859955388,0.618993298113974,0.004406745211717229,-0.2822145852759475,0.24069052173562394,0.0015635414123949716,0.6071673581536711,0.2359475840459266,-0.001111052437962688,-0.8530528680159364,0.6067956983824828,0.004370214810896295,-0.2957406050521532,0.23311711217877898,0.001581019217810436,0.6379342486413137,0.32886648599582324,-0.0009229989098117393,-0.8671374704088157,0.5995164623592676,0.004390061996512504,-0.26501911172499637,0.32238599295413534,0.0017580722824339025,0.6325738782846266,0.31851858957677553,-0.0009384285227853574,-0.9463904930099278,0.31925678018851317,0.0037827305233547547,-0.17952911496417046,0.5935644377982824,0.0023197893018722673,0.6977957474921406,0.5818679275950687,-0.0003402902196712103,0.0025515971706481172,0.31296565162836665,0.000931429933537224,0.007321412794601132,0.3092112564481848,0.0009062283801436075,0.15292011306431927,0.5748877298273616,0.001274147151072438,13.859999999999998,0.0,0.074996344431647,0.2172068322431449,0.13083196798076374
0.312,0.0,0.0,-0.8559714118464193,0.6230127351147142,0.004427948763330759,-0.28393744815172517,0.2422534472014397,0.0015734040974321615,0.6079840876531053,0.23747971121505604,-0.001109062940815845,-0.8561170586784203,0.6107359301901614,0.004391366394618294,-0.297590617830748,0.23463085966045938,0.0015911143941378376,0.6392889585935295,0.3310019826581338,-0.0009207967979495395,-0.870392819259763,0.6034094264005616,0.004411640690428132,-0.2663944494621167,0.32447940849279855,0.0017684955606533847,0.6337711005903361,0.3205868921064949,-0.0009359609585343953,-0.9510986490802432,0.3213298761637633,0.0038031611075210734,-0.17933726724061672,0.5974187523294401,0.0023308436018808316,0.7002594136638733,0.5856462907612705,-0.0003364483701926102,0.002615447558494696,0.31499789611945994,0.0009373388968464355,0.007511507732442111,0.31121912174979643,0.000911693126865586,0.15569756783431227,0.5786207670340329,0.0012771019619091408,13.95,0.0,0.07499632052222789,0.21722123939553883,0.1309357677747858
0.314,0.0,0.0,-0.85892524949269,0.6270321721154543,0.004449010751885621,-0.28565853986653256,0.24381637266725545,0.0015832614624569418,0.6087485377236417,0.23901183838418544,-0.0011069167478067595,-0.8591349465569922,0.6146761619978398,0.00441237966202878,-0.2994393294012664,0.23614460714213978,0.0016012056749186636,0.640596875909304,0.33313747932044435,-0.0009184544378192555,-0.8736033845308228,0.6073023904418555,0.004433085629104856,-0.2677641100839525,0.32657282403146176,0.0017789018204807355,0.6349197261900047,0.32265519463621417,-0.000933347717862366,-0.9557776920632546,0.3234029721390134,0.00382350486365777,-0.17912309647030153,0.6012730668605978,0.0023418310023036433,0.7026889998604559,0.5894246539274722,-0.00033250427920920335,0.002680577923883797,0.31703014061055323,0.0009432440791561756,0.007705470038114477,0.313226987051408,0.0009171464379568976,0.15850441231500742,0.582353804240704,0.0012799687092191754,14.04,0.0,0.07499629661280878,0.21723564654793276,0.13103956756880786
0.316,0.0,0.0,-0.8618315005350352,0.6310516091161944,0.004469930575826653,-0.28737786242497193,0.2453792981330712,0.0015931135139988111,0.6094606657832272,0.24054396555331484,-0.0011046137165109807,-0.862106336343746,0.6186163938055182,0.004433254021087531,-0.30128673679574564,0.23765835462382015,0.0016112930520752597,0.64185796176443,0.3352729759827549,-0.0009159716997796474,-0.8767689696252499,0.6111953544831494,0.004454396217041917,-0.26912808939982935,0.328666239570125,0.0017892910489622324,0.6360197218433158,0.3247234971659335,-0.0009305886870722136,-0.9604274522974493,0.3254760681142635,0.003843761280532554,-0.17888658103335453,0.6051273813917555,0.002352751433586171,0.7050845103214702,0.593203017093674,-0.0003284579483003457,0.002747008128834714,0.31906238510164653,0.0009491454215332882,0.007903355609122644,0.3152348523530196,0.0009225881469447154,0.16134067919321146,0.5860868414473752,0.0012827472873971034,14.129999999999999,0.0,0.07499627270338967,0.21725005370032668,0.13114336736282992
0.318,0.0,0.0,-0.8646899687052122,0.6350710461169344,0.004490707639955909,-0.28909541764741237,0.2469422235988869,0.0016029602580715765,0.6101204341457831,0.2420760927224442,-0.001102153719182349,-0.8650310347811507,0.6225566256131967,0.004453988885870828,-0.30313283675898695,0.23917210210550052,0.0016213765167037385,0.6430721817271733,0.3374084726450654,-0.0009133484673580938,-0.8798893798619553,0.6150883185244433,0.004475571864449079,-0.27048638333459935,0.3307596551087882,0.0017996632335258525,0.6370710589715437,0.3267917996956528,-0.0009276837664429889,-0.9650477608807212,0.32754916408951357,0.0038639298491608886,-0.17862770086557495,0.6089816959229131,0.0023636048308688026,0.7074459529998759,0.5969813802598757,-0.0003243093901847837,0.0028147582541604797,0.3210946295927398,0.0009550428643917153,0.008105220746597063,0.3172427176546312,0.0009280180861365256,0.1642063986390672,0.5898198786540464,0.0012854375983825047,14.219999999999999,0.0,0.07499624879397056,0.2172644608527206,0.13124716715685197
0.32,0.0,0.0,-0.867500459877959,0.6390904831176745,0.00451134135546866,-0.29081120715758174,0.24850514906470264,0.001612801700136345,0.610727810023964,0.2436082198915736,-0.0010995366427626284,-0.8679088506735048,0.6264968574208751,0.0044745836766060774,-0.3049776257366677,0.24068584958718092,0.0016314560590385036,0.6442395057608032,0.33954396930737596,-0.000910584637259392,-0.8829644224875675,0.6189812825657374,0.004496611987283078,-0.27183898791685923,0.3328530706474514,0.0018100183619461521,0.6380737136600114,0.32886010222537215,-0.0009246328702385147,-0.9696384496804504,0.32962226006476364,0.0038840100628364546,-0.17834643744899348,0.6128360104540708,0.002374391133958937,0.7097733395618729,0.6007597434260774,-0.00032005862872139544,0.002883848600619781,0.3231268740838331,0.0009609363474890178,0.008311122152276543,0.31925058295624276,0.000933436086628937,0.16710159830462923,0.5935529158607176,0.0012880395516649513,14.309999999999999,0.0,0.07499622488455145,0.21727886800511453,0.13135096695087403
0.322,0.0,0.0,-0.8702627820828068,0.6431099201184146,0.004531831139989121,-0.29252523237008976,0.2500680745305184,0.0016226378450643001,0.6112827655314691,0.245140347060703,-0.0010967623888897833,-0.8707395948983039,0.6304370892285536,0.004495037819706176,-0.3068210998633944,0.2421995970688613,0.001641531668416587,0.6453599082257208,0.3416794659696865,-0.0009076801193733502,-0.8859939066884038,0.6228742466070313,0.004517516007283796,-0.27318589926709597,0.33494648618611467,0.0018203564223089217,0.6390276666601177,0.3309284047550915,-0.0009214359267147598,-0.9741993513435049,0.3316953560400137,0.0039040014171613925,-0.17804277380230366,0.6166903249852285,0.0023851102873026658,0.7120666853863831,0.6045381065922791,-0.00031570569890878144,0.002954299690060847,0.3251591185749264,0.0009668258099229199,0.00852111692540893,0.3212584482578544,0.0009388419783167336,0.17002630332267335,0.5972859530673887,0.0012905530642882785,14.399999999999999,0.0,0.07499620097513233,0.21729327515750846,0.1314547667448961
0.324,0.0,0.0,-0.8729767455157953,0.6471293571191546,0.0045521764176058846,-0.29423749447788494,0.25163099999633415,0.001632468697099272,0.6117852776849032,0.24667247422983238,-0.00109383087390491,-0.8735230804175208,0.634377321036232,0.004515350747803608,-0.3086632549506982,0.24371334455054167,0.0016516033332418082,0.6464333678811838,0.343814962631997,-0.0009046348367811712,-0.8889776436023507,0.6267672106483252,0.004538283352010187,-0.27452711358576287,0.3370399017247779,0.0018306774029756216,0.6399329033909338,0.3329967072848108,-0.0009180928781259206,-0.9787302993061602,0.33376845201526384,0.0039239034100763065,-0.17771669447116678,0.6205446395163862,0.00239576223995607,0.7143260095641477,0.6083164697584809,-0.00031125064688370665,0.0030261322665571734,0.32719136306601965,0.0009727111901278765,0.00873526255957041,0.32326631355946595,0.0009442355899021711,0.17298053630573956,0.6010189902740599,0.0012929780608541598,14.489999999999998,0.0,0.07499617706571322,0.21730768230990238,0.13155856653891815
0.326,0.0,0.0,-0.8756421625510898,0.6511487941198948,0.00457237661890707,-0.2959479944396485,0.25319392546214986,0.0016422942598201043,0.61223532840519,0.24820460139896178,-0.0010907420288578243,-0.8762591222887955,0.6383175528439106,0.004535521899784294,-0.3105040864749765,0.24522709203222207,0.0016616710409487609,0.6474598678866312,0.34595045929430757,-0.0009014487257606287,-0.8919154463306502,0.6306601746896191,0.004558913454875909,-0.2758626271412896,0.3391333172634411,0.001840981292547612,0.6407894139403705,0.33506500981453013,-0.000914603680729211,-0.9832311278039353,0.3358415479905139,0.003943715541890022,-0.17736818551839367,0.6243989540475438,0.002406346945556132,0.7165513348964441,0.6120948329246827,-0.00030669352991839505,0.0030993672975349633,0.32922360755711294,0.0009785924258716673,0.008953616939403605,0.3252741788610775,0.0009496167489045213,0.17596431734540893,0.6047520274807311,0.0012953144735249745,14.579999999999998,0.0,0.07499615315629411,0.2173220894622963,0.1316623663329402
0.328,0.0,0.0,-0.8782588477524987,0.6551682311206348,0.004592431181015174,-0.2976567329671282,0.25475685092796563,0.0016521145361028423,0.6126329045185375,0.24973672856809118,-0.0010874957995112965,-0.8789475376765349,0.642257784651589,0.004555550720821154,-0.31234358956538344,0.24674083951390244,0.0016717347779666369,0.6484393958026059,0.3480859559566181,-0.0008981217357900393,-0.8948071299495923,0.6345531387309131,0.00457940575518469,-0.2771924362580292,0.3412267328021043,0.001851268079830182,0.6415971930659159,0.3371333123442494,-0.0009109683047883632,-0.9877016718813412,0.337914643965764,0.003963437315309098,-0.17699723451400756,0.6282532685787015,0.0024168643622912854,0.7187426878934201,0.6158731960908844,-0.00030203441641667893,0.003174025974892157,0.33125585204820623,0.0009844694542520138,0.009176238337274772,0.32728204416268913,0.0009549852816698566,0.178977664011814,0.6084850646874023,0.00129756224202598,14.669999999999998,0.0,0.074996129246875,0.21733649661469023,0.13176616612696226
0.33,0.0,0.0,-0.8808266178848886,0.6591876681213751,0.004612339547621622,-0.29936371051241556,0.2563197763937814,0.0016619295280827287,0.612977997756956,0.2512688557372206,-0.0010840921463439507,-0.8815881458629193,0.6461980164592676,0.004575436662407407,-0.3141817589916719,0.24825458699558284,0.0016817945296828988,0.649371943591277,0.3502214526189287,-0.0008946538295510317,-0.8976525115221089,0.6384461027722071,0.004599759698165398,-0.27851653730414505,0.3433201483407675,0.00186153775379639,0.6423562401949446,0.33920161487396877,-0.0009071867345758414,-0.9921417674015407,0.3399877399410141,0.003983068235467066,-0.17660383052519124,0.6321075831098593,0.0024273144528716008,0.7209000987720489,0.6196515592570861,-0.0002972733859090019,0.003250129716108929,0.3332880965392996,0.0009903422116932224,0.00940318540985032,0.32928990946430076,0.000960341013381078,0.182020591353383,0.6122181018940734,0.0012997213136467782,14.76,0.0,0.07499610533745589,0.21735090376708416,0.13186996592098432
0.332,0.0,0.0,-0.8833452919254973,0.6632071051221151,0.004632101169021011,-0.3010689272551688,0.2578827018595971,0.001671739237116038,0.6132706047583307,0.25280098290635,-0.0010805310445518182,-0.8841807682588164,0.650138248266946,0.004595179182389596,-0.31601858915199027,0.24976833447726324,0.0016918502804068054,0.6502575076165635,0.35235694928123923,-0.0008910449829301134,-0.9004514101092701,0.6423390668135011,0.00461997473500683,-0.27983492667944165,0.34541356387943073,0.0018717903035507277,0.6430665594245992,0.3412699174036881,-0.0009032589683737696,-0.9965512510559157,0.3420608359162642,0.004002607809953415,-0.17618796410612267,0.6359618976410168,0.0024376971844986242,0.7230236014537023,0.623429922423288,-0.00029241052904628264,0.003327700165349517,0.3353203410303929,0.0009962106339428517,0.009634517194592917,0.3312977747659123,0.000965683768068186,0.18509311189681768,0.6159511391007446,0.0013017916432420849,14.85,0.0,0.07499608142803678,0.21736531091947808,0.13197376571500638
0.334,0.0,0.0,-0.8858146910751415,0.6672265421228551,0.004651715502145057,-0.3027723830897853,0.2594456273254128,0.001681543663741745,0.6135107270660474,0.2543331100754794,-0.0010768124840485542,-0.886725228414599,0.6540784800746244,0.004614777745000323,-0.3178540740606369,0.2512820819589436,0.0017019020133328016,0.6510960886438575,0.3544924459435498,-0.0008872951850190413,-0.9032036467816796,0.646232030854795,0.004640050322892195,-0.28114760080314133,0.34750697941809394,0.0018820257182926069,0.6437281595212438,0.3433382199334074,-0.0008991850184735755,-1.00092996037354,0.34413393189151426,0.00402205554884229,-0.17574962728770235,0.6398162121721745,0.002448012528834892,0.7251132335613465,0.6272082855894897,-0.00028744594759263765,0.003406759194555266,0.33735258552148617,0.00100207465606841,0.009870293106177477,0.33330564006752395,0.0009710133686187931,0.18819523564730473,0.6196841763074158,0.0013037731932317945,14.94,0.0,0.07499605751861767,0.217379718071872,0.13207756550902844
0.336,0.0,0.0,-0.8882346387693193,0.6712459791235953,0.004671182010596211,-0.30447407761252643,0.2610085527912286,0.0016913428076430418,0.6136983711281742,0.25586523724460875,-0.001072936469464316,-0.889221352030867,0.6580187118823029,0.004634231820890706,-0.3196882073357753,0.252795829440624,0.0017119497105037827,0.6518876918393509,0.3566279426058603,-0.0008834044381139917,-0.9059090446307674,0.6501249948960889,0.004659985925033305,-0.28245455610161135,0.34960039495675715,0.0018922439872796955,0.6443410539194921,0.34540652246312675,-0.0008949649111743513,-1.0052777337305554,0.3462070278667643,0.004041410964720913,-0.17528881356717638,0.6436705267033322,0.0024582604619731037,0.7271690364163583,0.6309866487556914,-0.0002823797544169652,0.0034873289045287597,0.3393848300125794,0.0010079342124540726,0.010110572932827308,0.3353135053691355,0.0009763296367888741,0.19132697008896066,0.623417213514087,0.0013056659336003467,15.03,0.0,0.07499603360919856,0.21739412522426593,0.1321813653030505
0.338,0.0,0.0,-0.8906049606892039,0.6752654161243353,0.0046905001646809635,-0.3061740101085976,0.2625714782570443,0.0017011366676087122,0.6138335482961993,0.25739736441373817,-0.001068903020143308,-0.8916689669690714,0.6619589436899813,0.004653540887162545,-0.3215209821871125,0.2543095769223044,0.001721993352774239,0.6526323267689641,0.35876343926817084,-0.0008793727577135403,-0.9085674287799781,0.6540179589373829,0.004679781010704451,-0.2837557889960436,0.35169381049542037,0.0019024450997910953,0.6449052607208087,0.34747482499284604,-0.0008905986867799383,-1.0095944103594485,0.34828012384201446,0.004060673572717709,-0.17480551789765858,0.64752484123449,0.002468440964404999,0.7291910550349643,0.6347650119218932,-0.0002772120734833955,0.003569431626008907,0.3414170745036727,0.0010137892367974319,0.010355416832570704,0.3373213706707471,0.0009816323932137594,0.19448832018551018,0.6271502507207581,0.0013074698418953925,15.12,0.0,0.07499600969977945,0.21740853237665986,0.13228516509707255
0.34,0.0,0.0,-0.8929254847725293,0.6792848531250755,0.0047096694414428385,-0.30787217953918744,0.26413440372286007,0.0017109252414943732,0.6139162748233256,0.25892949158286754,-0.0010647121701399952,-0.8940679032620386,0.6658991754976598,0.004672704427400193,-0.3233523914035447,0.25582332440398475,0.0017320329197732917,0.6533300073968783,0.3608989359304814,-0.0008752001725154481,-0.9111786263958545,0.6579109229786768,0.004699435055275964,-0.28505129589009054,0.3537872260340836,0.0019126290450903814,0.6454208026916857,0.3495431275225654,-0.0008860863995947298,-1.0138798303582248,0.3503532198172645,0.004079842890530139,-0.1742997366775556,0.6513791557656475,0.002478554020989918,0.7311793381243027,0.6385433750880949,-0.0002719430398406082,0.003653089920736869,0.343449318994766,0.0010196396621062712,0.01060488532941831,0.3393292359723587,0.000986921457419364,0.1976792883811977,0.6308832879274293,0.0013091849032257573,15.209999999999999,0.0,0.07499598579036033,0.21742293952905378,0.1323889648910946
0.342,0.0,0.0,-0.8951960412243651,0.6833042901258155,0.004728689324695034,-0.3095685845284681,0.2656973291886758,0.0017207085261835896,0.613946571862323,0.26046161875199697,-0.0010603639682139857,-0.8964179931243945,0.6698394073053382,0.00469172193170213,-0.3251824273407722,0.2573370718856651,0.0017420683898676298,0.6539807520836729,0.36303443259279194,-0.0008708867244122591,-0.9137424666990115,0.6618038870199707,0.0047189475402474755,-0.28634107315746066,0.3558806415727468,0.0019227958123885119,0.6458877072613957,0.3516114300522847,-0.0008814281179182029,-1.0181338346994802,0.3524263157925146,0.004098918438452218,-0.17377146773989838,0.6552334702968052,0.0024885996209230827,0.7331339380781103,0.6423217382542966,-0.00026657279961001825,0.00373832658251269,0.3454815634858593,0.0010254854206953672,0.010859039309461561,0.34133710127397027,0.0009921966478336557,0.200899874601932,0.6346163251341005,0.0013108111102587085,15.299999999999999,0.0,0.07499596188094122,0.2174373466814477,0.13249276468511667
0.34400000000000003,0.0,0.0,-0.8974164625277791,0.6873237271265557,0.004747559305052762,-0.3112632233505611,0.26726025465449155,0.001730486517548879,0.6139244654629402,0.26199374592112634,-0.0010558584778235902,-0.8987190709628868,0.6737796391130167,0.0047105928967122335,-0.3270110819088872,0.25885081936734555,0.0017520997401243533,0.6545845835840682,0.3651699292551025,-0.0008664324684857113,-0.9162587809750026,0.6656968510612647,0.004738317953280828,-0.2876251171294765,0.35797405711141006,0.0019329453908066123,0.6463060065193211,0.3536797325820041,-0.0008766239240381747,-1.0223562652393647,0.3544994117677647,0.004117899739401735,-0.17322071034158357,0.659087784827963,0.0024985777577035844,0.735054910972034,0.6461001014204985,-0.0002611015099728357,0.003825164638242516,0.34751380797695264,0.0010313264441833198,0.011117940016892537,0.3433449665755819,0.0009974577817983608,0.2041500762566639,0.6383493623407718,0.0013123484632165193,15.39,0.0,0.07499593797152211,0.21745175383384163,0.13259656447913873
0.34600000000000003,0.0,0.0,-0.8995865834543864,0.6913431641272958,0.004766278879965225,-0.3129560939164713,0.2688231801203073,0.0017402592104126052,0.6138499865688759,0.26352587309025577,-0.0010511957771180533,-0.9009709733866031,0.6777198709206952,0.0047293168256507465,-0.3288383465599377,0.2603645668490259,0.0017621269462737394,0.6551415290442748,0.36730542591741305,-0.0008618374729999655,-0.9187274025850735,0.6695898151025587,0.004757545788232684,-0.28890342408259856,0.3600674726500733,0.0019430777693386495,0.6466757372118613,0.35574803511172337,-0.0008716739142227933,-1.0265469647264391,0.3565725077430148,0.004136786318947139,-0.17264746515252852,0.6629420993591206,0.002508488429102113,0.7369423165585685,0.6498784645867002,-0.0002555293391560015,0.003913627348976269,0.34954605246804593,0.0010371626634894102,0.011381649049945554,0.3453528318771935,0.001002704675580903,0.2074298882389964,0.642082399547443,0.001313796969872337,15.48,0.0,0.074995914062103,0.21746616098623556,0.1327003642731608
0.34800000000000003,0.0,0.0,-0.9017062410747841,0.6953626011280358,0.004784847553747267,-0.31464719376099165,0.270386105586123,0.0017500265985077828,0.6137231710143114,0.26505800025938514,-0.0010463759589284722,-0.9031735392170857,0.6816601027283736,0.00474789322834493,-0.3306642122754698,0.2618783143307063,0.001772149982671932,0.6556516199989503,0.36944092257972355,-0.0008571018193936538,-0.9211481669768039,0.6734827791438527,0.004776630545186779,-0.2901759902259181,0.3621608881887365,0.001953192936814005,0.6469969407389183,0.3578163376414427,-0.0008665781987112559,-1.0307057768104202,0.35864560371826487,0.004155577705334112,-0.17205173424474338,0.6667964138902783,0.0025183316371284203,0.7387962182616215,0.6536568277529019,-0.00024985646641699966,0.004003738210935662,0.35157829695913917,0.0010429940088304886,0.011650228356760856,0.3473606971788051,0.0010079371443865786,0.2107393029290277,0.6458154367541141,0.0013151566455453531,15.57,0.0,0.07499589015268389,0.21748056813862948,0.13280416406718284
0.35000000000000003,0.0,0.0,-0.9037752747688694,0.699382038128776,0.00480326483761068,-0.31633652002958335,0.2719490310519388,0.0017597886744387913,0.6135440595200052,0.26659012742851457,-0.0010413991307573905,-0.9053266094983387,0.6856003345360521,0.004766321621259413,-0.3324886695540528,0.26339206181238667,0.0017821688222635697,0.6561148923677657,0.3715764192420341,-0.0008522256022707485,-0.9235209116946345,0.6773757431851466,0.004795571730485851,-0.2914428116886226,0.3642543037273997,0.0019632908818599535,0.6472696631499627,0.359884640171162,-0.000861336901703269,-1.034832546050813,0.36071869969351494,0.0041742734295118055,-0.17143352108132373,0.670650728421436,0.002528107387998538,0.7406166831707075,0.6574351909191036,-0.00024408308202755348,0.004095520956532413,0.35361054145023246,0.0010488204097178905,0.011923740231170758,0.34936856248041664,0.0010131550023709675,0.21407831019542603,0.6495484739607853,0.0013164275130952729,15.66,0.0,0.07499586624326478,0.2174949752910234,0.1329079638612049
0.352,0.0,0.0,-0.9057935262360391,0.703401475129516,0.004821530249695157,-0.31802406946523326,0.2735119565177545,0.0017695454296420136,0.6133126976889514,0.26812225459764394,-0.001036265414767084,-0.9074300275067295,0.6895405663437306,0.004784601527526208,-0.33431170839878876,0.26490580929406704,0.0017921834365443594,0.6565313864515807,0.37371191590434466,-0.000847208929390263,-0.9258454763902771,0.6812687072264405,0.004814368856763226,-0.2927038845074364,0.3663477192660629,0.0019733715928640567,0.6474939551396797,0.36195294270088135,-0.0008559501613472441,-1.0389271179254287,0.36279179566876507,0.004192873025158734,-0.17079283050536712,0.6745050429525937,0.0025378156921017523,0.7424037820347705,0.6612135540853054,-0.00023820938725620645,0.0041889995553765595,0.35564278594132576,0.00105464179495438,0.012202247308408607,0.35137642778202827,0.0010183580626525726,0.21744689739773682,0.6532815111674565,0.0013176096029160914,15.75,0.0,0.07499584233384567,0.21750938244341733,0.13301176365522696
0.354,0.0,0.0,-0.9077608395052714,0.707420912130256,0.004839643315098886,-0.3197098383952925,0.2750748819835702,0.0017792968543464103,0.6130291360016018,0.2696543817667733,-0.0010309749477665341,-0.9094836387607806,0.693480798151409,0.004802732476974416,-0.33613331830481086,0.2664195567757474,0.0018021937955236087,0.6569011469282309,0.37584741256665516,-0.0008420519216547767,-0.9281217028330082,0.6851616712677344,0.004833021442974034,-0.2939592046140401,0.3684411348047261,0.0019834350579364876,0.6476698720431974,0.3640212452306006,-0.0008504181297272372,-1.042989338838786,0.3648648916440151,0.004211376028708332,-0.17012966872881727,0.6783593574837513,0.002547456563967355,0.7441575892556377,0.6649919172515071,-0.00023223559434979035,0.004284198215274723,0.357675030432419,0.0010604580926311274,0.012485812560740942,0.3533842930836398,0.0010235461373256935,0.2208450493889214,0.6570145483741275,0.0013187029529291721,15.839999999999998,0.0,0.07499581842442656,0.21752378959581126,0.13311556344924902
0.356,0.0,0.0,-0.9096770609450858,0.7114403491309962,0.004857603565908803,-0.3213938227182995,0.276637807449386,0.0017890429375340355,0.6126934298106551,0.2711865089359027,-0.0010255278811970973,-0.9114872910308518,0.6974210299590874,0.004820714006159604,-0.3379534882467732,0.2679333042574278,0.001812199867686716,0.6572242228479267,0.37798290922896566,-0.0008367547130977956,-0.9303494349198412,0.6890546353090283,0.00485152901442611,-0.29520876782247235,0.37053455034338934,0.0019934812648722882,0.6477974738308981,0.36608954776031993,-0.0008447409728486323,-1.0470190561303943,0.36693798761926516,0.004229781979374154,-0.16944404332123902,0.682213672014909,0.0025570300222311788,0.7458781828811052,0.6687702804177088,-0.00022616192651378665,0.004381141383218221,0.3597072749235123,0.0010662692301247128,0.01277449929302324,0.3553921583852514,0.0010287190374735314,0.22427274851812717,0.6607475855807987,0.001319707608575632,15.929999999999998,0.0,0.07499579451500744,0.21753819674820518,0.13321936324327108
0.358,0.0,0.0,-0.9115420392733818,0.7154597861317363,0.004875410541230467,-0.3230760178907907,0.27820073291520175,0.001798783666900504,0.6123056393354124,0.2727186361050321,-0.001019924381116869,-0.9134408343487106,0.7013612617667659,0.004838545658392853,-0.33977220666633495,0.2694470517391082,0.0018222016199576443,0.6575006676282665,0.38011840589127627,-0.0008313174508699513,-0.9325285186855795,0.6929475993503224,0.0048698911028104905,-0.296452569816516,0.37262796588205255,0.0020035102011135746,0.6478768251028139,0.3681578502900393,-0.0008389188706225765,-1.0510161180829143,0.3690110835945153,0.004248090419174728,-0.1687359631985275,0.6860679865460667,0.0025665360896019174,0.747565644597657,0.6725486435839106,-0.00021998861789158364,0.004479853746360896,0.36173951941460564,0.0010720751340941622,0.013068371138179638,0.357400023686863,0.0010338765731815194,0.2277299746336886,0.66448062278747,0.0013206236228080286,16.02,0.0,0.07499577060558833,0.2175526039005991,0.13332316303729314
0.36,0.0,0.0,-0.913355625567154,0.7194792231324764,0.0048930637872175746,-0.32475641891410156,0.27976365838101747,0.0018085190288154248,0.6118658296557012,0.2742507632741615,-0.0010141646281837528,-0.9153441210169916,0.7053014935744444,0.004856226983769465,-0.3415894614596429,0.2709607992207886,0.0018321990176613707,0.6577305390488644,0.3822539025535868,-0.0008257402952240392,-0.934658802312745,0.6968405633916163,0.004888107246231587,-0.2976906061370736,0.37472138142071576,0.0020135218537116954,0.6479079950826068,0.3702261528197586,-0.0008329520168491657,-1.054980373930199,0.37108417956976536,0.00426630089295804,-0.1680054386115549,0.6899223010772244,0.0025759747928272556,0.7492200597228177,0.6763270067501124,-0.00021371591354263375,0.004580360232986535,0.36377176390569893,0.001077875730478014,0.013367492052607063,0.3594078889884746,0.0010390185535508849,0.23121670508635914,0.6682136599941412,0.0013214510560813578,16.11,0.0,0.07499574669616922,0.21756701105299303,0.1334269628313152
0.362,0.0,0.0,-0.9151176732720819,0.7234986601332165,0.004910562857101112,-0.3264350203211625,0.2813265838468332,0.0018182490082828042,0.6113740707053703,0.2757828904432909,-0.001008248817637231,-0.9171970056185401,0.7092417253821228,0.004873757539197343,-0.3434052399648144,0.27247454670246896,0.0018421920244863356,0.6579138992455937,0.3843893992158973,-0.0008200234194989011,-0.9367401361413835,0.7007335274329102,0.004906176989236966,-0.2989228721695338,0.376814796959379,0.002023516209289358,0.6478910576111369,0.3722944553494779,-0.0008268406191993866,-1.0589116738652098,0.3731572755450155,0.004284412948425643,-0.16725248113475835,0.6937766156083821,0.002585346162659811,0.7508415171971423,0.6801053699163141,-0.0002073440694195108,0.004682686013465774,0.3658040083967922,0.001083670944491417,0.01367192631150414,0.36141575429008616,0.0010441447867124373,0.23473291473277336,0.6719466972008123,0.0013221899763433595,16.2,0.0,0.07499572278675011,0.21758141820538696,0.13353076262533725
0.364,0.0,0.0,-0.9168280382119951,0.7275180971339565,0.004927907311218115,-0.32811181616329177,0.28288950931264895,0.0018279735889014344,0.6108304372653547,0.2773150176124203,-0.00100217715927885,-0.9189993450256424,0.7131819571898013,0.0048911368884250244,-0.3452195289494251,0.27398829418414933,0.0018521806024468916,0.6580508147044495,0.3865248958782079,-0.0008141670101021576,-0.9387723726787437,0.7046264914742042,0.004924099882846763,-0.3001493631311329,0.3789082124980422,0.0020334932540027276,0.6478260911396172,0.37436275787919726,-0.0008205848991958188,-1.0628098690478052,0.37523037152026556,0.004302426136156426,-0.16647710365467158,0.6976309301395397,0.002594650233822894,0.7524301095758422,0.6838837330825158,-0.00020087335234387948,0.004786856501202344,0.36783625288788546,0.001089460700623259,0.01398173850412536,0.3634236195916978,0.0010492550798405808,0.23827857593913893,0.6756797344074835,0.0013228404590241306,16.29,0.0,0.074995698877331,0.21759582535778088,0.1336345624193593
0.366,0.0,0.0,-0.9184865785982094,0.7315375341346967,0.004945096717040076,-0.32978679999698923,0.28445243477846466,0.001837692752825269,0.6102350089563146,0.27884714478154965,-0.0009959498774514152,-0.9207509984091387,0.7171221889974797,0.004908364602069367,-0.34703231459800365,0.27550204166582976,0.0018621647118457648,0.6581413562550288,0.38866039254051843,-0.0008081712664917931,-0.9407553666088286,0.7085194555154981,0.004941875484582726,-0.30137007405831423,0.3810016280367054,0.002043452973503515,0.6477131787223588,0.37643106040891655,-0.000814185092192102,-1.0666748116124052,0.37730346749551563,0.004320340009629962,-0.1656793203584044,0.7014852446706974,0.002603887044976107,0.7539859330200501,0.6876620962487175,-0.00019430403998137402,0.004892897353568561,0.36986849737897876,0.001095244922633329,0.014296993528960904,0.36543148489330934,0.0010543492391675519,0.24185365858515814,0.6794127716141547,0.0013234025870250473,16.38,0.0,0.07499567496791189,0.2176102325101748,0.13373836221338137
0.368,0.0,0.0,-0.9200931550387353,0.7355569711354367,0.004962130649200938,-0.3314599648707341,0.2860153602442804,0.001847406480723809,0.6095878702308482,0.2803792719506791,-0.0009895672110169064,-0.9224518272474186,0.7210624208051583,0.004925440257642891,-0.34884358249953784,0.2770157891475101,0.0018721443112365414,0.6581855990636322,0.3907958892028289,-0.0008020364011565996,-0.9426889748018186,0.712412419556792,0.004959503358496862,-0.3025849997940891,0.3830950435753686,0.0020533953529010486,0.6475524080091053,0.3784993629386359,-0.0008076414473511687,-1.0705063546755245,0.3793765634707657,0.004338154125249513,-0.16485914672207255,0.7053395592018551,0.0026130566386807783,0.7555090872877253,0.6914404594149193,-0.00018763642081539257,0.005000834472829925,0.37190074187007205,0.0011010235335495104,0.01461775658884258,0.36743935019492097,0.0010594270699978803,0.24545813006817835,0.6831458088208259,0.001323876450707003,16.47,0.0,0.07499565105849278,0.21762463966256873,0.13384216200740343
0.37,0.0,0.0,-0.9216476305473561,0.7395764081361769,0.004979008689524737,-0.3331313033117903,0.28757828571009614,0.001857114751742491,0.6088891103652805,0.28191139911980845,-0.000983029413333119,-0.9241016953352987,0.7250026526128367,0.004942363439580766,-0.35065331763499374,0.2785295366291905,0.0018821193573861851,0.6581836226259871,0.3929313858651395,-0.000795762639595478,-0.944573056323363,0.7163053835980859,0.004976983075199714,-0.3037941349754016,0.3851884591140318,0.0020633203767243626,0.6473438712369607,0.3805676654683552,-0.0008009542276222504,-1.074304352343176,0.3814496594460158,0.00435586804236462,-0.16401659949918151,0.7091938737330128,0.002622159061365256,0.7569996757242003,0.695218822581121,-0.00018087079411981276,0.005110694007058722,0.37393298636116534,0.0011067964556650061,0.014944093185976332,0.36944721549653253,0.00106448837672307,0.2490919553075711,0.686878846027497,0.001324262147877956,16.56,0.0,0.07499562714907367,0.21763904681496266,0.13394596180142548
0.372,0.0,0.0,-0.9231498705525744,0.7435958451369169,0.00499573042705282,-0.33480080731302236,0.2891412111759119,0.0018668175434631065,0.6081388234510299,0.2834435262889378,-0.000976336752229028,-0.9257004687927789,0.7289428844205151,0.004959133739267442,-0.35246150436485285,0.28004328411087087,0.0018920898052375938,0.658135510759595,0.39506688252745004,-0.0007893502202956111,-0.9464074724437409,0.72019834763938,0.004994314211888229,-0.3049974740205016,0.38728187465269504,0.00207322802888429,0.6470876652219099,0.38263596799807453,-0.0007941237097166585,-1.0780686597181433,0.3835227554212659,0.0043734813232933255,-0.16315169670896712,0.7130481882641704,0.002631194363290056,0.758457805252371,0.6989971857473228,-0.00017400746993063255,0.005222502351036499,0.37596523085225864,0.0011125636105355997,0.015276069116901785,0.3714550807981441,0.0010695329628365032,0.25275509674933927,0.6906118832341682,0.0013245597837797914,16.65,0.0,0.07499560323965455,0.21765345396735658,0.13404976159544754
0.374,0.0,0.0,-0.9245997429064264,0.7476152821376569,0.005012295458070694,-0.3364684683197254,0.2907041366417276,0.00187651483186425,0.6073371083855541,0.28497565345806725,-0.0009694895099788879,-0.9272480160736782,0.7328831162281936,0.004975750755062918,-0.3542681264166693,0.28155703159255124,0.0019020556078722124,0.6580413515957035,0.39720237918976053,-0.0007827993947095033,-0.9481920866468875,0.7240913116806739,0.005011496352373244,-0.30619501111632813,0.38937529019135825,0.0020831182926355795,0.6467838913499342,0.3847042705277938,-0.0007871501840823481,-1.081799132907119,0.385595851396516,0.004390993533343978,-0.16226445762469638,0.7169025027953281,0.0026401625985128857,0.7598835863625308,0.7027755489135246,-0.00016704676901653948,0.005336286147145304,0.37799747534335193,0.0011183249189769464,0.015613750467379284,0.3734629460997557,0.0010745606309485619,0.2564475143709516,0.6943449204408394,0.0013247694710745003,16.74,0.0,0.07499557933023544,0.2176678611197505,0.1341535613894696
0.376,0.0,0.0,-0.9259971178931623,0.7516347191383971,0.005028703386134471,-0.3381342772164724,0.2922670621075434,0.0018862065912818066,0.6064840688628765,0.2865077806271966,-0.0009624879832750725,-0.9287442079741483,0.736823348035872,0.004992214092328651,-0.3560731668726509,0.2830707790742316,0.0019120167164727027,0.6579012375709058,0.3993378758520711,-0.0007761104272308974,-0.9499267646392858,0.7279842757219678,0.005028529087106566,-0.30738674020590695,0.39146870573002146,0.0020929911505390484,0.6464326555677234,0.38677257305751317,-0.000780033954877263,-1.085495629027709,0.38766894737176605,0.004408404240836656,-0.16135490276193126,0.7207568173264858,0.0026490638248535463,0.7612771331018523,0.7065539120797263,-0.00015998902284841365,0.005452072286247577,0.3800297198344452,0.0011240803010618998,0.015957203607204935,0.3754708114013673,0.001079571182801964,0.26016916568640436,0.6980779576475106,0.001324891329829677,16.83,0.0,0.07499555542081633,0.21768226827214443,0.13425736118349166
0.378,0.0,0.0,-0.9273418682377909,0.7556541561391371,0.005044953822096899,-0.3397982243139826,0.2938299875733591,0.0018958927943694944,0.605579813363696,0.28803990779632604,-0.0009553324831996514,-0.9301889176410626,0.7407635798435505,0.005008523363453097,-0.35787660815726696,0.28458452655591204,0.001921973080285689,0.6577152654183674,0.40147337251438164,-0.0007692835951695724,-0.9516113743587225,0.7318772397632617,0.005045412013207642,-0.30857265497576497,0.3935621212686847,0.002102846584423775,0.6460340683729863,0.38884087558723246,-0.0007727753399414729,-1.0891580062153003,0.3897420433470161,0.004425713017124176,-0.16042305386675862,0.7246111318576435,0.0026578981038587243,0.7626385630635155,0.710332275245928,-0.00015283457356777286,0.005569887908554569,0.3820619643255385,0.001129829676117873,0.016306495184954122,0.37747867670297885,0.0010845644192873218,0.2639200057515097,0.7018109948541817,0.0013249254875033322,16.919999999999998,0.0,0.07499553151139722,0.21769667542453836,0.13436116097751372
0.38,0.0,0.0,-0.9286338691144885,0.7596735931398773,0.0050610463841330045,-0.34146029933601363,0.29539291303917486,0.0019055734120594725,0.6046244551450806,0.2895720349654554,-0.0009480233351947219,-0.9315820205802817,0.7447038116512289,0.005024678187876875,-0.3596784320248869,0.2860982740375924,0.0019319246465845784,0.6574835361586847,0.4036088691766922,-0.0007623191887250258,-0.953245785982905,0.7357702038045557,0.005062144734489835,-0.30975274884336534,0.3956555368073479,0.0021126845753493386,0.6455882448043594,0.3909091781169518,-0.0007653746707681034,-1.092786123629794,0.3918151393222662,0.0044429194366127,-0.15946893390398925,0.7284654463888011,0.002666665500766679,0.7639679973754875,0.7141106384121297,-0.00014558377395415735,0.00568976040448318,0.38409420881663175,0.0011355729627242316,0.016661692122653997,0.3794865420045905,0.001089540140458909,0.2676999871694093,0.7055440320608529,0.0013248720789280296,17.009999999999998,0.0,0.07499550760197811,0.21771108257693228,0.13446496077153577
0.382,0.0,0.0,-0.9298729981548701,0.7636930301406173,0.005076980697765318,-0.3431204914062811,0.2969558385049906,0.0019152484135230127,0.6036181122297474,0.2911041621345848,-0.0009405608790314874,-0.932923394664792,0.7486440434589073,0.005040678192117567,-0.36147861954745203,0.2876120215192728,0.0019418713606324791,0.6572061550903742,0.4057443658390027,-0.0007552175109590461,-0.9548298719379408,0.7396631678458496,0.005078726861486265,-0.31092701494456565,0.3977489523460111,0.0021225051035681296,0.6450953044309186,0.3929774806466711,-0.0007578322924730649,-1.0963798414621968,0.39388823529751626,0.004460023076781931,-0.15849256704532896,0.7323197609199588,0.002675366084471844,0.7652655606889517,0.7178890015783315,-0.00013823698739146806,0.005811717415501107,0.38612645330772505,0.0011413100787097258,0.017022861610385458,0.38149440730620204,0.0010944981455506442,0.2715090600963137,0.7092770692675241,0.0013247312462943445,17.099999999999998,0.0,0.074995483692559,0.2177254897293262,0.13456876056555783
0.384,0.0,0.0,-0.9310591354561213,0.7677124671413574,0.0050927563958886824,-0.34477878903540926,0.29851876397080634,0.0019249177661312623,0.6025609073949317,0.2926362893037142,-0.0009329454687780995,-0.9342129201427174,0.7525842752665859,0.005056523009794134,-0.36327715110218434,0.28912576900095316,0.0019518131656452156,0.6568832317799956,0.40787986250131325,-0.0007479788777671828,-0.9563635069066747,0.7435561318871435,0.005095158011475254,-0.31209544612110285,0.3998423678846743,0.00213230814848772,0.6445553713412924,0.39504578317639044,-0.0007501485637635844,-1.0999390209410764,0.3959613312727664,0.00447702351820489,-0.15749397865752457,0.7361740754511165,0.0026839999274893365,0.766531381166392,0.7216673647445332,-0.00013079458783325548,0.005935786834960182,0.38815869779881834,0.0011470409411499516,0.01739007110081515,0.3835022726078136,0.0010994382329922844,0.27534717224746624,0.7130101064741953,0.0013245031391336448,17.189999999999998,0.0,0.07499545978313989,0.21773989688172013,0.1346725603595799
0.386,0.0,0.0,-0.9321921635889903,0.7717319041420977,0.005108373118794657,-0.3464351801079157,0.3000816894366221,0.001934581435416094,0.6014529681608448,0.29416841647284364,-0.0009251774727662643,-0.9354504796452029,0.7565245070742644,0.005072212281650945,-0.36507400635933546,0.2906395164826336,0.0019617500027544537,0.6565148800519114,0.41001535916362386,-0.0007406036178491153,-0.9578465678368856,0.7474490959284377,0.005111437808505337,-0.3132580349081079,0.40193578342333763,0.0021420936886333212,0.6439685741323801,0.39711408570610984,-0.0007423238569055476,-1.1034635243388755,0.3980344272480165,0.0044939203445672786,-0.15647319529048773,0.7400283899822743,0.0026925671059193964,0.7677655904693307,0.7254457279107351,-0.0001232569597669705,0.006061996808917799,0.39019094228991175,0.0011527654663648548,0.017763388303657996,0.3855101379094253,0.0011043602004258304,0.2792142689033309,0.7167431436808666,0.001324187914300201,17.28,0.0,0.07499543587372078,0.21775430403411405,0.13477636015360195
0.388,0.0,0.0,-0.9332719676056389,0.7757513411428377,0.005123830514195484,-0.3480896518692336,0.3016446149024379,0.0019442393850310608,0.6002944267787245,0.295700543641973,-0.0009172572735566154,-0.9366359581941686,0.7604647388819429,0.0050877456555814375,-0.3668691642699793,0.29215326396431396,0.0019716818109709482,0.656101217977682,0.4121508558259344,-0.0007330920726779309,-0.9592789339493385,0.7513420599697316,0.005127565883419851,-0.3144147735216529,0.40402919896200085,0.0021518617016103264,0.6433350458976764,0.39918238823582913,-0.0007343585576896528,-1.1069532149780836,0.40010752322326665,0.0045107131426864264,-0.15543024466539926,0.743882704513432,0.002701067699411759,0.7689683237457239,0.7292240910769369,-0.00011562449817718146,0.006190375736946314,0.392223186781005,0.0011584835699162616,0.018142881180070777,0.3875180032110369,0.0011092638447221367,0.28311029291600326,0.7204761808875377,0.0013237857359526205,17.37,0.0,0.07499541196430166,0.21776871118650798,0.134880159947624
0.39,0.0,0.0,-0.9342984350473511,0.7797707781435779,0.00513912823724765,-0.349742190912775,0.3032075403682536,0.0019538915767124613,0.5990854202184794,0.29723267081110244,-0.0009091852679028661,-0.937769243209933,0.7644049706896213,0.00510312278665137,-0.3686626030538512,0.2936670114459944,0.001981608527147921,0.6556423678651017,0.41428635248824497,-0.0007254445964683109,-0.9606604867456936,0.7552350240110255,0.005143541873881092,-0.315565653846335,0.40612261450066406,0.002161612164066951,0.6426549242152039,0.4012506907655485,-0.0007262530653963839,-1.1104079572372691,0.4021806191985167,0.004527401502529801,-0.15436515566279693,0.7477370190445897,0.0027095017911299667,0.7701397196170153,0.7330024542431386,-0.00010789760850775588,0.006320952272930313,0.3942554312720983,0.001164195166605456,0.018528617936977354,0.3895258685126485,0.0011141489619977331,0.2870351847158446,0.7242092180942089,0.001323296775534617,17.46,0.0,0.07499538805488255,0.2177831183389019,0.13498395974164606
0.392,0.0,0.0,-0.9352714559520976,0.7837902151443179,0.0051542659505750075,-0.3513927831670382,0.3047704658340693,0.001963537970240533,0.5978260901559297,0.2987647979802318,-0.0009009618667147429,-0.9388502245187055,0.7683452024972999,0.005118343337121699,-0.3704543001872375,0.29518075892767476,0.001991530085944578,0.6551384562468748,0.41642184915055547,-0.0007176615561436386,-0.9619911100162682,0.7591279880523195,0.00515936542439404,-0.3167106674228981,0.40821603003932727,0.002171345051656987,0.6419283511350546,0.40331899329526777,-0.0007180077927598083,-1.1138276165569663,0.4042537151737668,0.004543985017233108,-0.15327795831064933,0.7515913335757473,0.0027178694677156326,0.7712799201648507,0.7367808174093403,-0.00010007670662302504,0.0064537553258516385,0.39628767576319157,0.0011699001704707837,0.01892066702132604,0.39153373381426004,0.0011190153476318481,0.2909888823183373,0.7279422553008801,0.0013227212117551065,17.55,0.0,0.07499536414546344,0.21779752549129583,0.13508775953566812
0.394,0.0,0.0,-0.9361909228619559,0.787809652145058,0.005169243324291467,-0.3530414138827633,0.30633339129988507,0.0019731785234007697,0.596516582959645,0.30029692514936124,-0.0008925874950197054,-0.9398787943599445,0.7722854343049783,0.005133406976471051,-0.37224423239091864,0.29669450640935513,0.002001446419789778,0.6545896138689357,0.418557345812866,-0.0007097433313020265,-0.9632706898476523,0.7630209520936134,0.005175036186329645,-0.31784980543589786,0.4103094455779905,0.002181060339002666,0.6411554731665448,0.4053872958249871,-0.0007096231659302026,-1.1172120594454193,0.40632681114901686,0.004560463283117949,-0.15216868377241843,0.755445648106905,0.002726170819252663,0.7723890709174551,0.740559180575542,-9.216221876792596e-05,0.006588814060562074,0.39831992025428486,0.0011755984947852997,0.019319097114279718,0.39354159911587167,0.001123862796283637,0.294971321331162,0.7316752925075513,0.0013220592305676418,17.64,0.0,0.07499534023604433,0.21781193264368975,0.13519155932969018
0.396,0.0,0.0,-0.9370567308303847,0.7918290891457981,0.005184060036023262,-0.3546880676201379,0.3078963167657008,0.0019828131919453922,0.5951570496773836,0.3018290523184906,-0.0008840625919234633,-0.9408548473935834,0.7762256661126568,0.0051483133814178034,-0.37403237561816854,0.2982082538910355,0.0020113574588458624,0.6539959756784123,0.4206928424751766,-0.0007016903141812773,-0.9644991146301751,0.7669139161349073,0.005190553817947679,-0.3189830587014111,0.4124028611166537,0.0021907579996576546,0.6403364412649815,0.4074555983547064,-0.0007010996244355151,-1.120561153484183,0.40839990712426694,0.0045768358997090594,-0.1510373643351137,0.7592999626380627,0.002734405939231443,0.7734673208356743,0.7443375437417438,-8.415458152713407e-05,0.006726157898543581,0.40035216474537816,0.0011812900520544484,0.019723977125339232,0.39554946441748323,0.0011286911019096106,0.29898243496149474,0.7354083297142224,0.0013213110251491813,17.73,0.0,0.07499531632662522,0.21782633979608368,0.13529535912371224
0.398,0.0,0.0,-0.9378687774293506,0.7958485261465381,0.0051987157709307685,-0.3563327282360583,0.30945924223151655,0.001992441929554963,0.5937476460221326,0.30336117948762,-0.0008753876105692908,-0.9417782807071208,0.7801658979203352,0.005163062235941756,-0.37581870504281484,0.2997220013727159,0.0020212631309726534,0.6533576808112388,0.4228283391374871,-0.0006935029096227757,-0.9656762750652225,0.7708068801762012,0.005205917984419129,-0.3201104176547938,0.4144962766553169,0.0022004380060701837,0.6394714108180455,0.40952390088442575,-0.0006924376211416671,-1.1238747673335767,0.410473003099517,0.0045931024697511,-0.14988403339734,0.7631542771692204,0.0027425749245130024,0.7745148222986825,0.7481159069079456,-7.605424178318599e-05,0.006865816518655982,0.40238440923647145,0.0011869747540137836,0.020135376186400676,0.3975573297190948,0.0011335000577812667,0.3030221540235239,0.7391413669208936,0.0013204767958781966,17.82,0.0,0.07499529241720611,0.2178407469484776,0.1353991589177343
0.4,0.0,0.0,-0.9386269627563079,0.7998679631472783,0.005213210221729886,-0.357975378871448,0.31102216769733226,0.002002064687800172,0.5922885323577535,0.3048933066567494,-0.0008665630180961496,-0.9426489938225743,0.7841061297280136,0.005177653231305404,-0.37760319504736195,0.30123574885439625,0.002031163361691633,0.6526748725794156,0.42496383579979763,-0.0006851815350343235,-0.9668020641724032,0.7746998442174953,0.005221128357848153,-0.32123187233849043,0.4165896921939801,0.002210100329546322,0.6385605416317912,0.41159220341414504,-0.0006836376222117013,-1.1271527707379934,0.41254609907476714,0.004609262599225032,-0.14870872545734232,0.7670085917003779,0.002750677875293154,0.7755317310893595,0.7518942700741473,-6.786165667360555e-05,0.007007819857871993,0.40441665372756475,0.0011926525116267264,0.02055336364574714,0.3995651950207064,0.0011382894565029173,0.3070904069461861,0.7428744041275648,0.0013195567503121227,17.91,0.0,0.074995268507787,0.21785515410087153,0.13550295871175635
0.402,0.0,0.0,-0.9393311894410277,0.8038874001480183,0.005227543088712978,-0.359616001938637,0.31258509316314803,0.002011681416103788,0.5907798736842342,0.3064254338258788,-0.0008575892955956241,-0.9434668887032982,0.7880463615356921,0.005192086066074799,-0.3793858192111815,0.3027494963360766,0.0020410580741503158,0.6519476984579214,0.4270993324621082,-0.0006767266203519223,-0.9678763772965632,0.7785928082587892,0.005236184617293577,-0.3223474123898974,0.41868310773264333,0.0022197449402134015,0.6376039979162658,0.4136605059438644,-0.0006747001070637804,-1.1303950345310623,0.4146191950500172,0.0046253158973640325,-0.14751147610104925,0.7708629062315356,0.002758714895066634,0.7765182063793372,0.7556726332403491,-5.957729354703123e-05,0.0071521981119995045,0.40644889821865804,0.0011983232350823581,0.020978009061975507,0.401573060322318,0.0011430590900297127,0.31118711978112007,0.746607441334236,0.0013185511031641496,18.0,0.0,0.07499524459836789,0.21786956125326545,0.1356067585057784
0.404,0.0,0.0,-0.9399814192481525,0.8038874001480185,0.005229655768767139,-0.3612545572202575,0.3125850931631481,0.0020166032853053554,0.5892217995214436,0.30642543382587883,-0.0008530633195750662,-0.9442319239331639,0.7880463615356923,0.005194539750716972,-0.38116652102138143,0.30274949633607673,0.002046405946641775,0.6511762424377092,0.42709933246210824,-0.0006745450979874396,-0.9688991559655775,0.7785928082587893,0.005239407556666058,-0.3234570216829759,0.41868310773264344,0.002223091560367623,0.636601889961716,0.41366050594386444,-0.000671830475917204,-1.133601402508289,0.41461919505001726,0.0046350426887432385,-0.14629239546087766,0.7708629062315357,0.002755123146997755,0.7774742916942924,0.7556726332403492,-6.253671941696415e-05,0.0072989805138035675,0.4064488982186581,0.0011978901003199757,0.02140937939892821,0.4015730603223181,0.0011417851537810278,0.3153120782327014,0.7466074413342361,0.0013062609646593481,18.000000000000004,0.0,0.07499522068894877,0.21788396840565938,0.13571055829980047
0.406,0.0,0.0,-0.9405776730948592,0.8038874001480183,0.005231606458188513,-0.36289098185484076,0.31258509316314803,0.0020215189511502167,0.587614403899717,0.3064254338258788,-0.0008483890970866944,-0.9449441147323687,0.7880463615356921,0.005196834856406568,-0.38294521386131675,0.3027494963360766,0.0020517480520723746,0.6503605250191853,0.4270993324621082,-0.0006722307299268031,-0.9698703879057161,0.7785928082587892,0.0052424758926731,-0.32456067831060775,0.41868310773264333,0.0022264203882468576,0.6355542741271554,0.4136605059438644,-0.0006688241520535547,-1.1367716914363997,0.4146191950500172,0.004644661792674918,-0.1450516682053371,0.7708629062315356,0.00275146590507724,0.7783999149058204,0.7556726332403491,-6.540497536182998e-05,0.00744819533331802,0.40644889821865804,0.0011974497531145635,0.02184753901803556,0.401573060322318,0.0011404910427701693,0.31946492767252477,0.746607441334236,0.0012938860893046036,18.0,0.0,0.07499519677952966,0.2178983755580533,0.13581435809382253
0.40800000000000003,0.0,0.0,-0.9411199744644407,0.8038874001480183,0.005233395219728633,-0.36452521221983164,0.31258509316314803,0.0020264282250539666,0.5859577854545402,0.3064254338258788,-0.0008435669102215146,-0.9456034787935144,0.7880463615356921,0.005198971428804182,-0.3847218102858827,0.3027494963360766,0.00205708413059218,0.6495005708451022,0.4270993324621082,-0.0006697835776712313,-0.9707900631998391,0.7785928082587892,0.005245389588493516,-0.3256583599213948,0.41868310773264333,0.0022297313581297533,0.6344612111429571,0.4136605059438644,-0.000665681304549873,-1.1399057191969995,0.4146191950500172,0.00465417265945925,-0.1437894800527283,0.7708629062315356,0.0027477437233106184,0.7792950072498044,0.7556726332403491,-6.8181844996414e-05,0.00759987110001247,0.40644889821865804,0.0011970021086560201,0.022292552466578082,0.401573060322318,0.0011391765639128474,0.32364531114441913,0.746607441334236,0.0012814275409851336,18.0,0.0,0.07499517287011055,0.21791278271044723,0.1359181578878446
0.41000000000000003,0.0,0.0,-0.9416083494064482,0.8038874001480183,0.005235022123837378,-0.3661571839299714,0.31258509316314803,0.002031330916148939,0.584252047418587,0.3064254338258788,-0.0008385970548859844,-0.9462100362820193,0.7880463615356921,0.005200949520987619,-0.3864962220227993,0.3027494963360766,0.002062413919865878,0.6485964086997137,0.4270993324621082,-0.0006672037151489819,-0.971658174289754,0.7785928082587892,0.005248148614375885,-0.32675004371546795,0.41868310773264333,0.0022330244029621143,0.6333227661055458,0.4136605059438644,-0.000662402115597278,-1.1430033047987491,0.4146191950500172,0.004663574742741049,-0.14250601775133478,0.7708629062315356,0.002743957158852792,0.7801595033278831,0.7556726332403491,-7.086712202836598e-05,0.007754036602007612,0.40644889821865804,0.0011965470813559368,0.022744484465477423,0.401573060322318,0.0011378415235672199,0.3278528693976292,0.746607441334236,0.0012688863905694506,18.0,0.0,0.07499514896069144,0.21792718986284115,0.13602195768186665
0.41200000000000003,0.0,0.0,-0.9420428265366739,0.8038874001480183,0.0052364872486633995,-0.36778683183578814,0.31258509316314803,0.002036226831279358,0.5824972976133856,0.3064254338258788,-0.0008334798407781248,-0.946763809836391,0.7880463615356921,0.005202769193453135,-0.3882683599740027,0.3027494963360766,0.002067737155076628,0.6476480715076037,0.4270993324621082,-0.0006644912287128165,-0.9724747159784055,0.7785928082587892,0.0052507529476456295,-0.3278357064403867,0.41868310773264333,0.002236299454344334,0.6321390084717247,0.4136605059438644,-0.0006589867804850443,-1.146064268389401,0.4146191950500172,0.004672867499546299,-0.14120146905963188,0.7708629062315356,0.0027401067719486113,0.7809933411086046,0.7556726332403491,-7.34606102626021e-05,0.00791072088527704,0.40644889821865804,0.0011960845848499513,0.023203399897027025,0.401573060322318,0.0011364857275705216,0.33208724092020675,0.746607441334236,0.0012562637158098204,18.0,0.0,0.07499512505127233,0.21794159701523508,0.1361257574758887
0.41400000000000003,0.0,0.0,-0.9424234370369734,0.8038874001480183,0.005237790680054077,-0.36941409002219755,0.31258509316314803,0.0020411157749968085,0.5806936484406157,0.3064254338258788,-0.0008282155913625206,-0.9472648245683586,0.7880463615356921,0.00520443051411625,-0.3900381342171459,0.3027494963360766,0.002073053568930238,0.6466555963321885,0.4270993324621082,-0.0006616462171364866,-0.9732396854318964,0.7785928082587892,0.005253202572711584,-0.3289153243871312,0.41868310773264333,0.00223955644251909,0.6309100120526353,0.4136605059438644,-0.0006554355075835809,-1.1490884312676988,0.4146191950500172,0.004682050390318254,-0.13987602272651417,0.7708629062315356,0.0027361931258735026,0.7817964619282685,0.7556726332403491,-7.596212360476674e-05,0.008069953252835441,0.40644889821865804,0.001195614532000143,0.023669363792564204,0.401573060322318,0.001135108981275873,0.33634806197260914,0.746607441334236,0.0012435606012420877,18.0,0.0,0.07499510114185322,0.217956004167629,0.13622955726991076
0.41600000000000004,0.0,0.0,-0.9427502146549265,0.8038874001480183,0.005238932511554975,-0.37103889180721505,0.31258509316314803,0.002045997549556037,0.5788412168730365,0.3064254338258788,-0.0008228046438442107,-0.9477131080628631,0.7880463615356921,0.005205933558312152,-0.39180545400721023,0.3027494963360766,0.002078362891659668,0.645619024373893,0.4270993324621082,-0.000658668791610241,-0.9739530821813397,0.7785928082587892,0.005255497481072057,-0.3299888733861893,0.41868310773264333,0.002242795296359324,0.6296358550073551,0.4136605059438644,-0.0006517485183263128,-1.1520756158951397,0.4146191950500172,0.004691122878953148,-0.13852986847154328,0.7708629062315356,0.0027322167868741496,0.7825688104914563,0.7556726332403491,-7.837148606375821e-05,0.008231763263913046,0.40644889821865804,0.0011951368348974679,0.02414244132008526,0.401573060322318,0.0011337110895892615,0.34063496662150156,0.746607441334236,0.0012307781380848804,18.0,0.0,0.07499507723243411,0.21797041132002293,0.13633335706393282
0.418,0.0,0.0,-0.9430231957033364,0.8038874001480183,0.005239912844408835,-0.3726611697407824,0.31258509316314803,0.0020508719549110896,0.5769401244450483,0.3064254338258788,-0.0008172473491414731,-0.9481086903779062,0.7880463615356921,0.005207278408795666,-0.3935702277782303,0.3027494963360766,0.0020836648510298606,0.6445384009680027,0.4270993324621082,-0.0006555590757353543,-0.9746149081245401,0.7785928082587892,0.005257637671320386,-0.3310563288037383,0.41868310773264333,0.002246015943356498,0.6283166198361299,0.4136605059438644,-0.0006479260471904721,-1.155025645907601,0.4146191950500172,0.004700084432835471,-0.13716319696521714,0.7708629062315356,0.002728178324109237,0.783310334871254,0.7556726332403491,-8.06885317533218e-05,0.008396180733116232,0.40644889821865804,0.001194651404864235,0.024622697771805233,0.401573060322318,0.0011322918570066981,0.34494758677375953,0.746607441334236,0.0012179174241382033,18.0,0.0,0.074995053323015,0.21798481847241685,0.13643715685795488
0.42,0.0,0.0,-0.943242419059566,0.8038874001480182,0.005240731787554064,-0.3742808556037101,0.312585093163148,0.0020557387887117913,0.5749904972428876,0.3064254338258787,-0.0008115440718575086,-0.9484516040442552,0.788046361535692,0.005208465155740795,-0.3953323631451333,0.30274949633607656,0.002088959172342921,0.6434137755821913,0.42709933246210807,-0.0006523172055176841,-0.9752251675275054,0.778592808258789,0.005259623149149987,-0.3321176655379248,0.4186831077326433,0.002249218309609145,0.626952393373245,0.4136605059438643,-0.0006439683416767967,-1.157938346126832,0.4146191950500171,0.004708934522872854,-0.13577619980926245,0.7708629062315355,0.002724078309590258,0.7840209865091643,0.7556726332403488,-8.291310489271552e-05,0.008563235729574167,0.40644889821865793,0.001194158152456625,0.025110198551663954,0.40157306032231793,0.0011308510876515381,0.34928555221066854,0.7466074413342358,0.001204979563681429,17.999999999999996,0.0,0.07499502941359588,0.21799922562481078,0.13654095665197694
0.422,0.0,0.0,-0.9434079261647104,0.8038874001480183,0.005241389457622752,-0.37589788040673794,0.31258509316314803,0.0020605978463005743,0.5729924658944582,0.3064254338258788,-0.0008056951902510266,-0.9487418840650039,0.7880463615356921,0.005209493896739842,-0.39709176690569536,0.3027494963360766,0.00209424557844363,0.6422452018137232,0.4270993324621082,-0.0006489433293602493,-0.9757838670257868,0.7785928082587892,0.005261453927358884,-0.33317285801524343,0.41868310773264333,0.0022524023198117046,0.6255432667795346,0.4136605059438644,-0.000639875662288142,-1.1608135425718145,0.4146191950500172,0.004717672623530548,-0.13436906951695124,0.7708629062315356,0.0027199173181223944,0.7847007202147133,0.7556726332403491,-8.504505980644572e-05,0.008732958576071377,0.40644889821865804,0.0011936569874672516,0.025605009162780048,0.401573060322318,0.0011293885853119621,0.35364849062231735,0.746607441334236,0.0011919656673707022,18.0,0.0,0.07499500550417677,0.2180136327772047,0.136644756445999
0.424,0.0,0.0,-0.9435197610226056,0.8038874001480183,0.005241885978938186,-0.37751217438971557,0.31258509316314803,0.002065448920709658,0.5709461655587983,0.3064254338258788,-0.0007997010962057382,-0.9489795679149893,0.7880463615356921,0.005210364736802088,-0.3988483450426165,0.3027494963360766,0.002099523789725316,0.6410327373863354,0.4270993324621082,-0.0006454376080548452,-0.9762910156256464,0.7785928082587892,0.005263130025853728,-0.33422188018701543,0.41868310773264333,0.00225556789724366,0.6240893355345302,0.4136605059438644,-0.0006356482825070108,-1.1636510624699903,0.4146191950500172,0.0047262982128654955,-0.1329419994934434,0.7708629062315356,0.0027156959272454607,0.7853494941647514,0.7556726332403491,-8.708426092309263e-05,0.008905379848166126,0.40644889821865804,0.0011931478189277601,0.026107195194854507,0.401573060322318,0.0011279041534786138,0.35803602764218206,0.746607441334236,0.0011788768521357558,18.0,0.0,0.07499498159475766,0.21802803992959863,0.13674855624002105
0.426,0.0,0.0,-0.9435779701986717,0.8038874001480183,0.005242221483511872,-0.37912366702090494,0.31258509316314803,0.0020702918026585908,0.5688517359151871,0.3064254338258788,-0.0007935621951987586,-0.9491646955400614,0.7880463615356921,0.005211077788352044,-0.4006020027257163,0.3027494963360766,0.00210479352413608,0.6397764441467949,0.4270993324621082,-0.0006418002147726816,-0.9767466247050532,0.7785928082587892,0.005264651471653307,-0.3352647055259696,0.41868310773264333,0.0022587149637589765,0.6225906994282494,0.4136605059438644,-0.0006312864887719974,-1.166450734268359,0.4146191950500172,0.004734810772560022,-0.13149518401615576,0.7708629062315356,0.002711414717174937,0.7859672699024499,0.7556726332403491,-8.903058277320709e-05,0.009080530373294508,0.40644889821865804,0.0011926305551114757,0.026616822311525533,0.401573060322318,0.0011263975953823904,0.3624477868818968,0.746607441334236,0.0011657142410761616,18.0,0.0,0.07499495768533855,0.21804244708199255,0.1368523560340431
0.428,0.0,0.0,-0.9435826028185905,0.8038874001480183,0.00524239611104007,-0.38073228699640693,0.31258509316314803,0.0020751262805521592,0.5667093211518903,0.3064254338258788,-0.000787278906267925,-0.9492973093562072,0.7880463615356921,0.005211633171227261,-0.40235264431425144,0.3027494963360766,0.0021100544971853785,0.638476388061136,0.4270993324621082,-0.0006380313350540602,-0.9771507080145055,0.7785928082587892,0.005266018298891527,-0.3363013070229265,0.41868310773264333,0.002261843439775839,0.6210474625526274,0.4136605059438644,-0.0006267905804531551,-1.1692123876444476,0.4146191950500172,0.004743209787955129,-0.13002881821515955,0.7708629062315356,0.0027070742707430745,0.7865540123359946,0.7556726332403491,-9.088390998630258e-05,0.009258441229860135,0.40644889821865804,0.0011921051035360907,0.027133956237676286,0.401573060322318,0.0011248687140323775,0.3668833899662085,0.746607441334236,0.0011524789633570174,18.0,0.0,0.07499493377591944,0.21805685423438648,0.13695615582806517
0.43,0.0,0.0,-0.9435337105668163,0.8038874001480183,0.0052424100088998265,-0.38233796223971367,0.31258509316314803,0.0020799521404786647,0.5645190699545463,0.3064254338258788,-0.0007808516619780346,-0.9493774542485258,0.7880463615356921,0.005212031012675698,-0.4041001733593583,0.3027494963360766,0.002115306421950984,0.6371326392105764,0.4270993324621082,-0.0006341311667970836,-0.9775032816776791,0.7785928082587892,0.005267230548819884,-0.33733165718358704,0.41868310773264333,0.0022649532442667094,0.6194597332925894,0.4136605059438644,-0.0006221608698262892,-1.171935853517153,0.4146191950500172,0.004751494748083394,-0.12854309805360686,0.7708629062315356,0.0027026751733400856,0.7871096897369786,0.7556726332403491,-9.264413728693677e-05,0.00943914374630931,0.40644889821865804,0.0011915713709663937,0.02765866274669723,0.401573060322318,0.0011233173122539252,0.37134245656811155,0.746607441334236,0.0011391721541040823,18.0,0.0,0.07499490986650033,0.2180712613867804,0.13705995562208723
0.432,0.0,0.0,-0.94343134768492,0.8038874001480183,0.005242263332144504,-0.3839406199013887,0.31258509316314803,0.0020847691662085853,0.5622811354941958,0.3064254338258788,-0.0007742809083860025,-0.9494051775700567,0.7880463615356921,0.005212271447352654,-0.4058444926066205,0.3027494963360766,0.002120549009086305,0.6357452717871125,0.4270993324621082,-0.0006300999202454047,-0.9778043641919016,0.7785928082587892,0.005268288269809405,-0.33835572802542774,0.41868310773264333,0.002268044294748691,0.6178276243167675,0.4136605059438644,-0.0006173976820461751,-1.1746209640574579,0.4146191950500172,0.0047596651457015105,-0.1270382203081875,0.7708629062315356,0.0026982180128554277,0.7876342737384943,0.7556726332403491,-9.431116948988861e-05,0.009622669500191588,0.40644889821865804,0.0011910292634170461,0.02819100764770475,0.401573060322318,0.0011217431927268624,0.37582460444415977,0.746607441334236,0.0011257949542983732,18.0,0.0,0.07499488595708122,0.21808566853917433,0.13716375541610928
0.434,0.0,0.0,-0.9432755709697647,0.8038874001480183,0.005241956243498815,-0.3855401863588768,0.31258509316314803,0.0020895771391936106,0.559995675414955,0.3064254338258788,-0.0007675671050049511,-0.9493805291404571,0.7880463615356921,0.005212354617317247,-0.407585503998765,0.3027494963360766,0.0021257819668280913,0.6343143640887967,0.4270993324621082,-0.0006259378179750129,-0.9780539764284524,0.7785928082587892,0.005269191517352073,-0.33937349107470316,0.41868310773264333,0.002271116507274213,0.6161512525678625,0.4136605059438644,-0.0006125013551187094,-1.177267552699024,0.4146191950500172,0.004767720477322425,-0.12551438254961714,0.7708629062315356,0.00269370337961917,0.7881277393329277,0.7556726332403491,-9.588492149443561e-05,0.00980905031720562,0.40644889821865804,0.0011904786861553994,0.028731056772717724,0.401573060322318,0.0011201461580238397,0.3803294494699515,0.746607441334236,0.0011123485106702285,18.0,0.0,0.0749948620476621,0.21810007569156825,0.13726755521013134
0.436,0.0,0.0,-0.9430664397715128,0.8038874001480183,0.0052414889133533486,-0.38713658721644517,0.31258509316314803,0.0020943758385660745,0.5576628518213338,0.3064254338258788,-0.0007607107247672286,-0.9493035612445297,0.7880463615356921,0.005212280672028447,-0.40932310867848737,0.3027494963360766,0.002131005001004525,0.6328399985146953,0.4270993324621082,-0.0006216450948800656,-0.9782521416326856,0.7785928082587892,0.005269940354061725,-0.34038491736355747,0.41868310773264333,0.0022741697964220394,0.6144307392526509,0.4136605059438644,-0.0006074722398719944,-1.1798754541486616,0.4146191950500172,0.004775660243247123,-0.12397178312315775,0.7708629062315356,0.0026891318663434583,0.7885900648694553,0.7556726332403491,-9.736531827773587e-05,0.009998318270230169,0.40644889821865804,0.0011899195437043571,0.02927887596379373,0.401573060322318,0.001118526010648801,0.3848566056757848,0.746607441334236,0.0010988339755928533,18.0,0.0,0.074994838138243,0.21811448284396218,0.1373713550041534
0.438,0.0,0.0,-0.9428040159914638,0.8038874001480183,0.005240861519758594,-0.3887297473052579,0.31258509316314803,0.0020991650411387795,0.5552828312652018,0.3064254338258788,-0.0007537122539863651,-0.9491743286305991,0.7880463615356921,0.005212049768340665,-0.41105720699140835,0.3027494963360766,0.002136217815043692,0.6313222615595286,0.4270993324621082,-0.0006172219981577614,-0.9783988854239788,0.7785928082587892,0.005270534849674425,-0.341389977427246,0.41868310773264333,0.0022772040752886023,0.6126662098316389,0.4136605059438644,-0.0006023106999263596,-1.1824445043966791,0.4146191950500172,0.004783483947596037,-0.12241062112917137,0.7708629062315356,0.0026845040680640803,0.7890212320512446,0.7556726332403491,-9.875229488731863e-05,0.010190505678340182,0.40644889821865804,0.0011893517398452835,0.029834531060126616,0.401573060322318,0.0011168825530755728,0.389405685282479,0.746607441334236,0.0010852525069753535,18.0,0.0,0.07499481422882388,0.2181288899963561,0.13747515479817546
0.44,0.0,0.0,-0.9424883640797215,0.8038874001480183,0.005240074248418446,-0.3903195906835858,0.31258509316314803,0.002103944521405218,0.552855784732402,0.3064254338258788,-0.0007465721923179692,-0.9489928885087361,0.7880463615356921,0.005211662070498874,-0.41278769848916347,0.3027494963360766,0.0021414201099824548,0.6297612438079947,0.4270993324621082,-0.0006126687872922614,-0.9784942357955041,0.7785928082587892,0.005270975081048303,-0.3423886413014686,0.41868310773264333,0.0022802192554796682,0.6108577940083652,0.4136605059438644,-0.0005970171116633235,-1.184974540727113,0.4146191950500172,0.00479119109834009,-0.12083109640370787,0.7708629062315356,0.002679820582082121,0.7894212259323622,0.7556726332403491,-0.00010004579643268674,0.010385645105807861,0.40644889821865804,0.0011887751776209535,0.030398087885107103,0.401573060322318,0.001115215587786574,0.3939762987373597,0.746607441334236,0.001071605268155271,18.0,0.0,0.07499479031940477,0.21814329714875003,0.13757895459219752
0.442,0.0,0.0,-0.9421195510326913,0.8038874001480183,0.005239127292683219,-0.3919060406371527,0.31258509316314803,0.0021087140515402016,0.5503818876290149,0.3064254338258788,-0.0007392910527195698,-0.9487593005488287,0.7880463615356921,0.005211117750133284,-0.4145144819326271,0.3027494963360766,0.00214661158447572,0.6281570399287763,0.4270993324621082,-0.0006079857340376596,-0.9785382231138228,0.7785928082587892,0.005271261132162881,-0.3433808785198155,0.41868310773264333,0.002283215247102336,0.6090056257183519,0.4136605059438644,-0.0005915918641935023,-1.1874654017278405,0.4146191950500172,0.004798781207331391,-0.11923340949912778,0.7708629062315356,0.002675082007905731,0.7897900349143869,0.7556726332403491,-0.00010124577807603941,0.010583769361088577,0.40644889821865804,0.0011881897593385505,0.030969612233348157,0.401573060322318,0.0011135249173116325,0.3985680547504029,0.746607441334236,0.001057893427790629,18.0,0.0,0.07499476640998566,0.21815770430114395,0.13768275438621957
0.444,0.0,0.0,-0.9416976463904051,0.8038874001480183,0.005238020853542129,-0.3934890196796205,0.31258509316314803,0.0021134734014009024,0.5478613197672735,0.3064254338258788,-0.0007318693614094083,-0.9484736268785002,0.7880463615356921,0.005210416986253563,-0.41623745529527284,0.3027494963360766,0.002151791934806111,0.6265097486682327,0.4270993324621082,-0.0006031731224000042,-0.978530880118302,0.7785928082587892,0.005271393094117836,-0.34436665811132744,0.41868310773264333,0.002286191958757377,0.6071098431177075,0.4136605059438644,-0.0005860353593234626,-1.1899169273005763,0.4146191950500172,0.004806253790333574,-0.11761776166476078,0.7708629062315356,0.00267028894719199,0.7901276507427336,0.7556726332403491,-0.00010235220502211362,0.01078491149579156,0.40644889821865804,0.0011875953865727084,0.03154916985767682,0.401573060322318,0.0011118103442669094,0.40318056033053545,0.746607441334236,0.001044118159751499,18.0,0.0,0.07499474250056655,0.21817211145353788,0.13778655418024163
0.446,0.0,0.0,-0.9412227222336748,0.8038874001480183,0.005236755139615271,-0.3950684495532145,0.31258509316314803,0.0021182223385283055,0.5452942653511327,0.3064254338258788,-0.0007243076578241841,-0.9481359320808712,0.7880463615356921,0.005209559965242577,-0.4179565157666719,0.3027494963360766,0.002156960854894048,0.6248194728437779,0.4270993324621082,-0.0005982312486183737,-0.9784722419203544,0.7785928082587892,0.005271371065131274,-0.3453459485981708,0.41868310773264333,0.002289149297531912,0.60517058857138,0.4136605059438644,-0.0005803480115215295,-1.192328958670755,0.4146191950500172,0.004813608367051781,-0.11598435482760071,0.7708629062315356,0.0026654420036888895,0.7904340685026862,0.7556726332403491,-0.00010336505250715367,0.010989104803635264,0.40644889821865804,0.0011869919601685994,0.03213682645609423,0.401573060322318,0.0011100716713939235,0.4078134208220878,0.746607441334236,0.0010302806430111016,18.0,0.0,0.07499471859114744,0.2181865186059318,0.1378903539742637
0.448,0.0,0.0,-0.9406948531810725,0.8038874001480183,0.00523533036714508,-0.3966442512294904,0.31258509316314803,0.002122960628149088,0.5426809129614919,0.3064254338258788,-0.0007166064945757617,-0.9477462831921669,0.7880463615356921,0.005208546880849691,-0.41967155975613096,0.3027494963360766,0.0021621180363082457,0.6230863193369435,0.4270993324621082,-0.0005931604211450092,-0.9783623460024986,0.7785928082587892,0.005271195150537431,-0.34631871799342967,0.41868310773264333,0.0022920871689924424,0.6031880086410634,0.4136605059438644,-0.0005745302478825467,-1.1947013383973022,0.4146191950500172,0.004820844461162316,-0.11433339157303773,0.7708629062315356,0.002660541783177409,0.7907092866151426,0.7556726332403491,-0.00010428430578701132,0.011196382819387292,0.40644889821865804,0.0011863793802450685,0.03273264765870557,0.401573060322318,0.0011083087015986712,0.4124662399413959,0.746607441334236,0.0010163820615364445,18.0,0.0,0.07499469468172833,0.21820092575832573,0.13799415376828575
0.45,0.0,0.0,-0.9401141163857376,0.8038874001480183,0.005233746759987273,-0.39821634491024505,0.31258509316314803,0.0021276880331779153,0.5400214555410744,0.3064254338258788,-0.0007087664374068394,-0.9473047496991677,0.7880463615356921,0.005207377934183578,-0.4213824828964707,0.3027494963360766,0.0021672631682766227,0.6213103990861297,0.4270993324621082,-0.0005879609606245058,-0.9782012322172411,0.7785928082587892,0.005270865462783864,-0.3472849337990148,0.41868310773264333,0.002295005477178219,0.6011622540727595,0.4136605059438644,-0.000568582508091597,-1.1970339103822927,0.4146191950500172,0.004827961600341959,-0.11266507512562828,0.7708629062315356,0.00265558889341372,0.7909533068320738,0.7556726332403491,-0.00010510996012438067,0.011406779317788806,0.40644889821865804,0.0011857575461978122,0.03333669901462163,0.401573060322318,0.0011065212379908372,0.41713861981354833,0.746607441334236,0.00100242360417852,18.0,0.0,0.07499467077230922,0.21821533291071965,0.1380979535623078
0.452,0.0,0.0,-0.9394805915320095,0.8038874001480183,0.0052320045496012674,-0.39978465002857244,0.31258509316314803,0.0021324043142201795,0.5373160903789648,0.3064254338258788,-0.0007007880651455869,-0.946811403536502,0.7880463615356921,0.005206053333704579,-0.42308918004794727,0.3027494963360766,0.002172395937697642,0.6194918270790449,0.4270993324621082,-0.0005826331998720647,-0.9779889427857795,0.7785928082587892,0.005270382121428091,-0.3482445630036921,0.41868310773264333,0.0022979041245949744,0.5990934797839936,0.4136605059438644,-0.0005625052443866853,-1.1993265198805032,0.4146191950500172,0.00483495931629693,-0.1109796093299034,0.7708629062315356,0.0026505839440714917,0.7911661342316959,0.7556726332403491,-0.00010584202077517414,0.011620328312463306,0.40644889821865804,0.0011851263567026077,0.03394904597883375,0.401573060322318,0.0011047090839230891,0.42183016100927545,0.746607441334236,0.000988406464562063,18.0,0.0,0.0749946468628901,0.21822974006311358,0.13820175335632987
0.454,0.0,0.0,-0.9387943608318858,0.8038874001480183,0.005230103975040083,-0.4013490852500661,0.31258509316314803,0.0021371092295751613,0.5345650190948055,0.3064254338258788,-0.000692671969659258,-0.946266319083781,0.7880463615356921,0.005204573295216582,-0.42479154530231794,0.3027494963360766,0.002177516029152072,0.6176307223448331,0.4270993324621082,-0.0005771774838508102,-0.9777255222965254,0.7785928082587892,0.005269745253133706,-0.34919757208123015,0.41868310773264333,0.0023007830122090066,0.5969818448506881,0.4136605059438644,-0.0005562989215203878,-1.201579013508855,0.4146191950500172,0.004841837144791561,-0.10927719863121613,0.7708629062315356,0.002645527546684317,0.7913477772133607,0.7556726332403491,-0.00010648050297404055,0.011837064054809698,0.40644889821865804,0.0011844857097185843,0.03456975389906391,0.401573060322318,0.0011028720430304526,0.42654046258197686,0.746607441334236,0.0009743318409748816,18.0,0.0,0.074994622953471,0.2182441472155075,0.13830555315035192
0.456,0.0,0.0,-0.9380555090213054,0.8038874001480183,0.005228045282939712,-0.40290956847416975,0.31258509316314803,0.002141802535239642,0.5317684476226544,0.3064254338258788,-0.0006844187558067801,-0.9456695731625747,0.7880463615356921,0.005202938041858419,-0.42648947198705167,0.3027494963360766,0.0021826231249151835,0.6157272079458913,0.4270993324621082,-0.0005715941696481747,-0.977411017703448,0.7785928082587892,0.005268954991665944,-0.3501439269886693,0.41868310773264333,0.002303642039441621,0.5948275124936934,0.4136605059438644,-0.000549964016720471,-1.2037912392557535,0.4146191950500172,0.004848594625676617,-0.10755804805662812,0.7708629062315356,0.0026404203145882553,0.7914982474921621,0.7556726332403491,-0.0001070254319190349,0.012057021032879547,0.40644889821865804,0.001183835502491545,0.03519888800259163,0.401573060322318,0.0011010099192697623,0.43126912210488316,0.746607441334236,0.0009602009362567773,18.0,0.0,0.07499459904405188,0.21825855436790143,0.13840935294437398
0.458,0.0,0.0,-0.9372641233562549,0.8038874001480183,0.0052258287275079715,-0.404466016835678,0.31258509316314803,0.0021464839849119535,0.5289265861945056,0.3064254338258788,-0.0006760290413903269,-0.945021245033227,0.7880463615356921,0.005201147804094801,-0.4281828526696871,0.3027494963360766,0.0021877169049693847,0.6137814109693785,0.4270993324621082,-0.0005658836264513493,-0.9770454783242369,0.7785928082587892,0.0052680114778867115,-0.3510835931647123,0.41868310773264333,0.002306481104163938,0.5926306500649792,0.4136605059438644,-0.000543501019649487,-1.2059630464903224,0.4146191950500172,0.0048552313029173125,-0.10582236319583639,0.7708629062315356,0.0026352628628644914,0.7916175600932636,0.7556726332403491,-0.00010747684275543923,0.01228023397023843,0.40644889821865804,0.0011831756315573356,0.03583651338305948,0.401573060322318,0.0010991225169591791,0.4360157357083492,0.746607441334236,0.0009460149576880584,18.0,0.0,0.07499457513463277,0.21827296152029535,0.13851315273839604
0.46,0.0,0.0,-0.9364202936086989,0.8038874001480183,0.00522345457051282,-0.40601834670638765,0.31258509316314803,0.0021511533299964783,0.5260396493234736,0.3064254338258788,-0.0006675034571058806,-0.9443214163915107,0.7880463615356921,0.005199202819706758,-0.42987157916233876,0.3027494963360766,0.0021927970470172913,0.6117934625184148,0.4270993324621082,-0.0005600462355218111,-0.9766289558382852,0.7785928082587892,0.0052669148597490785,-0.35201653552823814,0.41868310773264333,0.002309300102692067,0.5903914290334858,0.4136605059438644,-0.0005369104323633444,-1.2080942859715387,0.4146191950500172,0.004861746724621019,-0.10407035018214021,0.7708629062315356,0.0026300558082821162,0.7917057333459451,0.7556726332403491,-0.00010783478055874352,0.012506737824811284,0.40644889821865804,0.001182505992745259,0.03648269498725893,0.401573060322318,0.0010972096408177756,0.44077989811727447,0.746607441334236,0.0009317751168776604,18.0,0.0,0.07499455122521366,0.21828736867268927,0.1386169525324181
0.462,0.0,0.0,-0.9355241120623338,0.8038874001480185,0.005220923081270153,-0.4075664736969021,0.3125850931631481,0.0021558103196086076,0.5231078557866444,0.30642543382587883,-0.0006588426464927842,-0.94357017136512,0.7880463615356923,0.00519710333378161,-0.43155554252635275,0.30274949633607673,0.0021978632264952466,0.609763497702974,0.42709933246210824,-0.0005540823901689198,-0.9761615042844902,0.7785928082587893,0.005265665292291224,-0.35294271847693953,0.41868310773264344,0.002312098929782645,0.5881100249706382,0.41366050594386444,-0.0005301927692688642,-1.2101848098572663,0.41461919505001726,0.004868140443064668,-0.10230221567344878,0.7708629062315357,0.002624799769241028,0.7917627888773737,0.7556726332403492,-0.00010809930031678772,0.012736567787711681,0.4064488982186581,0.0011818264811815405,0.03713749760189834,0.4015730603223181,0.0010952710960051776,0.44556120268864763,0.7466074413342361,0.0009174826296508848,18.000000000000004,0.0,0.07499452731579455,0.2183017758250832,0.13872075232644016
0.464,0.0,0.0,-0.9345756735081624,0.8038874001480183,0.005218234536631056,-0.40911031265858916,0.31258509316314803,0.0021604547005801503,0.5201314286075938,0.3064254338258788,-0.0006500472658822969,-0.9427675965100012,0.7880463615356921,0.005194849598702437,-0.43323463307711374,0.3027494963360766,0.002202915116587288,0.6076916556304689,0.4270993324621082,-0.0005479924957225975,-0.9756431800588741,0.7785928082587892,0.005264262937629838,-0.3538621058860856,0.41868310773264333,0.0023148774786287485,0.5857866175355231,0.4136605059438644,-0.0005233485570803216,-1.212234471713192,0.4146191950500172,0.004874412014721851,-0.10051816683332986,0.7708629062315356,0.0026194953657149534,0.7917887516060973,0.7556726332403491,-0.000108270466911074,0.012969759282054906,0.40644889821865804,0.001181136991292839,0.037800985840354774,0.401573060322318,0.001093306688161259,0.4503592414492107,0.746607441334236,0.000903138715936765,18.0,0.0,0.07499450340637544,0.21831618297747712,0.1388245521204622
0.466,0.0,0.0,-0.9335750752398916,0.8038874001480185,0.005215389220968543,-0.4106497776856947,0.3125850931631481,0.002165086217465212,0.5171105950385747,0.30642543382587883,-0.0006411179843451447,-0.9419137808065192,0.7880463615356923,0.00519244187413708,-0.4349087403890039,0.30274949633607673,0.0022079523882395716,0.6055780793960315,0.42709933246210824,-0.000541776969505082,-0.975074041912023,0.7785928082587893,0.00526270796495299,-0.3547746611074101,0.41868310773264344,0.002317635640856187,0.5834213904597315,0.41366050594386444,-0.0005163783347749759,-1.2142431265216664,0.41461919505001726,0.004880561000289628,-0.09871841131209969,0.7708629062315357,0.0026141432191945967,0.7917836497352644,0.7556726332403492,-0.00010834835509724439,0.013206347961754782,0.4064488982186581,0.0011804374168098096,0.03847322412941141,0.4015730603223181,0.00109131622344589,0.45517360513324023,0.7466074413342361,0.0008887445996550762,18.000000000000004,0.0,0.07499447949695633,0.21833059012987105,0.13892835191448427
0.468,0.0,0.0,-0.9325224170491502,0.8038874001480183,0.005212387426163729,-0.4121847821176124,0.31258509316314803,0.0021697046125465284,0.5140455865423768,0.3064254338258788,-0.0006320554836380878,-0.9410088156554599,0.7880463615356921,0.005189880427026634,-0.43657775330051557,0.3027494963360766,0.002212974710175242,0.6034229160724873,0.4270993324621082,-0.0005354362408017699,-0.9744541509463435,0.7785928082587892,0.005261000550512437,-0.35568034696812684,0.41868310773264333,0.0023203733065201605,0.5810145315318678,0.4136605059438644,-0.0005092826535476014,-1.216210630690449,0.4146191950500172,0.004886586964715051,-0.09690315722795448,0.7708629062315356,0.002608743952630906,0.7917475147455708,0.7556726332403491,-0.00010833304948474598,0.013446369710304126,0.40644889821865804,0.0011797276507707097,0.03915427669598242,0.401573060322318,0.0010892995085787199,0.46000388322044106,0.746607441334236,0.0008743015086029872,18.0,0.0,0.07499445558753721,0.21834499728226497,0.13903215170850633
0.47000000000000003,0.0,0.0,-0.9314178012205283,0.8038874001480183,0.005209229451591506,-0.4137152385413114,0.31258509316314803,0.0021743096258422813,0.5109366387738569,0.3064254338258788,-0.000622860458149494,-0.9400527948738675,0.7880463615356921,0.005187165531573456,-0.43824155991951846,0.3027494963360766,0.0022179817489097766,0.6012263167000268,0.4270993324621082,-0.0005289707508311374,-0.973783570613138,0.7785928082587892,0.005259140877615398,-0.35657912577007156,0.41868310773264333,0.0023230903641023107,0.5785662325817262,0.4136605059438644,-0.0005020620767640101,-1.2181368420613627,0.4146191950500172,0.0048924894772213985,-0.09507261314814357,0.7708629062315356,0.0026032981903784704,0.791680381387935,0.7556726332403491,-0.00010822464451566527,0.013689860639538767,0.40644889821865804,0.0011790075855250617,0.039844207553826866,0.401573060322318,0.0010872563508790066,0.46484966397394933,0.746607441334236,0.0008598106743413847,18.0,0.0,0.0749944316781181,0.2183594044346589,0.1391359515025284
0.47200000000000003,0.0,0.0,-0.9302613325264358,0.8038874001480183,0.00520591560410564,-0.4152410587939233,0.31258509316314803,0.002178900995113378,0.5077839915611457,0.3064254338258788,-0.0006135336148439343,-0.9390458146907158,0.7880463615356921,0.0051842974692286785,-0.4399000476286828,0.3027494963360766,0.0022229731687667853,0.5989884362755731,0.4270993324621082,-0.0005223809527137559,-0.9730623667094978,0.7785928082587892,0.005257129136615781,-0.3574709592889735,0.41868310773264333,0.0023257867005081444,0.5760766894641374,0.4136605059438644,-0.0004947171799135855,-1.2200216199188574,0.4146191950500172,0.00489826811133414,-0.0932269880701845,0.7708629062315356,0.0025978065581390374,0.7915822876759036,0.7556726332403491,-0.00010802324444275768,0.013936857088385027,0.40644889821865804,0.0011782771127373578,0.04054308049025366,0.401573060322318,0.0010851865583054734,0.4697105344784409,0.746607441334236,0.0008452733320808599,18.0,0.0,0.07499440776869899,0.21837381158705282,0.13923975129655045
0.47400000000000003,0.0,0.0,-0.9290531182217812,0.8038874001480183,0.005202446198023363,-0.4167621539654887,0.31258509316314803,0.002183478455871214,0.5045878888865296,0.3064254338258788,-0.0006040756732058008,-0.9379879737424123,0.7880463615356921,0.005181276528679224,-0.44155310309105933,0.3027494963360766,0.002227948631894278,0.5967094337418476,0.4270993324621082,-0.0005156673114403947,-0.9722906073750124,0.7785928082587892,0.005254965524904861,-0.3583558087738551,0.41868310773264333,0.0023284622010648504,0.5735461020424848,0.4136605059438644,-0.00048724855056081896,-1.2218648249984845,0.4146191950500172,0.004903922444906624,-0.09136649140312011,0.7708629062315356,0.0025922696829051603,0.7914532748777889,0.7556726332403491,-0.00010772896330666349,0.01418739562159058,0.40644889821865804,0.001177536123390819,0.04125095905281908,0.401573060322318,0.001083089939496193,0.4745860806783416,0.746607441334236,0.0008306907205673852,18.0,0.0,0.07499438385927988,0.21838821873944675,0.1393435510905725
0.47600000000000003,0.0,0.0,-0.9277932680384686,0.8038874001480183,0.005198821555109399,-0.4182784344018658,0.31258509316314803,0.00218804174138591,0.5013485788670105,0.3064254338258788,-0.0005944873651819525,-0.936879373068135,0.7880463615356921,0.005178103005834313,-0.4432006122558175,0.3027494963360766,0.0022329077982814077,0.594389471976135,0.4270993324621082,-0.0005088303038392183,-0.9714683630882982,0.7785928082587892,0.005252650246901405,-0.35923363494656224,0.41868310773264333,0.0023311167495194953,0.570974674171895,0.4136605059438644,-0.0004796567882958612,-1.2236663194952857,0.4146191950500172,0.004909452060145506,-0.08949133294881777,0.7708629062315356,0.0025866881929039673,0.7912933875085395,0.7556726332403491,-0.00010734192491231964,0.014441513028438602,0.40644889821865804,0.0011767845077912023,0.041967906536018854,0.401573060322318,0.0010809663038084969,0.4794758874161356,0.746607441334236,0.000816064081967683,18.0,0.0,0.07499435994986077,0.21840262589184067,0.13944735088459456
0.47800000000000004,0.0,0.0,-0.9264818941797143,0.8038874001480183,0.005195042004559461,-0.4197898097078007,0.31258509316314803,0.0021925905826950414,0.4980663137345456,0.3064254338258788,-0.0005847694351233951,-0.9357201161050003,0.7880463615356921,0.005174777203811481,-0.44484246036414266,0.3027494963360766,0.0022378503257756825,0.5920287177787474,0.4270993324621082,-0.0005018704185420805,-0.9705957066633432,0.7785928082587892,0.005250183514041262,-0.36010439800142474,0.41868310773264333,0.0023337502280376165,0.5683626136821001,0.4136605059438644,-0.0004719425046840917,-1.2254259670720957,0.4146191950500172,0.004914856543635909,-0.08760172288331056,0.7708629062315356,0.0025810627175410603,0.7911026733213457,0.7556726332403491,-0.00010686226280457134,0.014699246321445139,0.40644889821865804,0.0011760221555706584,0.04269398596797641,0.401573060322318,0.0010788154613588974,0.484379538470768,0.746607441334236,0.0008013946617543011,18.0,0.0,0.07499433604044166,0.2184170330442346,0.13955115067861662
0.48,0.0,0.0,-0.9251191113141803,0.8038874001480183,0.005191107882983197,-0.4212961887501617,0.31258509316314803,0.0021971247086128463,0.4947413498159683,0.3064254338258788,-0.0005749226397260004,-0.934510308683062,0.7880463615356921,0.0051712994329220765,-0.446478531955293,0.3027494963360766,0.002242775870100658,0.5896273418611896,0.4270993324621082,-0.0004947881559499178,-0.9696727132456683,0.7785928082587892,0.005247565544766397,-0.36096805760504824,0.41868310773264333,0.0023363625172022045,0.565710132359977,0.4136605059438644,-0.00046410632321470705,-1.2271436328677634,0.4146191950500172,0.004920135486366339,-0.08569787173818083,0.7708629062315356,0.0025753938873445386,0.7908811832989813,0.7556726332403491,-0.00010629012024298979,0.014960632735039583,0.40644889821865804,0.0011752489556916387,0.043429260097129205,0.401573060322318,0.0010766372230630247,0.4892966165961381,0.746607441334236,0.000786683708590404,18.0,0.0,0.07499431213102255,0.21843144019662852,0.13965495047263868
0.482,0.0,0.0,-0.9237050365699265,0.8038874001480183,0.005187019534386596,-0.42279747966133757,0.31258509316314803,0.0022016438457399296,0.4913739475125923,0.3064254338258788,-0.0005649477479702685,-0.9332500590201396,0.7880463615356921,0.005167670010656262,-0.448108710872818,0.3027494963360766,0.0022476840848741093,0.5871855188340251,0.4270993324621082,-0.00048758402819724423,-0.9686994603083068,0.7785928082587892,0.005244796564513372,-0.36182457289623826,0.41868310773264333,0.0023389534960130747,0.5630174459317632,0.4136605059438644,-0.0004561488792483379,-1.228819183505291,0.4146191950500172,0.004925288483753342,-0.0837799903819857,0.7708629062315356,0.0025696823339091492,0.7906289716448839,0.7556726332403491,-0.00010562565017589665,0.015225709724228185,0.40644889821865804,0.0011744647964508554,0.04417379137891479,0.401573060322318,0.0010744314006755663,0.4942267035596798,0.746607441334236,0.0007719324742142936,18.0,0.0,0.07499428822160344,0.21844584734902245,0.13975875026666074
0.484,0.0,0.0,-0.9222397895281788,0.8038874001480183,0.005182777310153835,-0.42429358984280124,0.31258509316314803,0.002206147718473457,0.4879643712795003,0.3064254338258788,-0.0005548455410601405,-0.9319394777164761,0.7880463615356921,0.0051638892616674955,-0.44973288027093816,0.3027494963360766,0.002252574621626684,0.5847034271944463,0.4270993324621082,-0.0004802585591157509,-0.9676760276475999,0.7785928082587892,0.005241876805701288,-0.36267390248605663,0.41868310773264333,0.0023415230418866446,0.5602847740449506,0.4136605059438644,-0.00044807081996369634,-1.2304524870998945,0.4146191950500172,0.004930315135665925,-0.0818482900017247,0.7708629062315356,0.002563928689840564,0.7903460957739741,0.7556726332403491,-0.00010486901521360448,0.01549451496324053,0.40644889821865804,0.0011736695654832895,0.04492764196245854,0.401573060322318,0.0010721978068302096,0.49916938018102475,0.746607441334236,0.0007571422133236686,18.0,0.0,0.07499426431218432,0.21846025450141637,0.1398625500606828
0.486,0.0,0.0,-0.9207234922169147,0.8038874001480183,0.005178381569028591,-0.42578442596884003,0.31258509316314803,0.0022106360490178477,0.48451288960452005,0.3064254338258788,-0.0005446168123608646,-0.9305786777492239,0.7880463615356921,0.005159957517756504,-0.451350922621088,0.3027494963360766,0.002257447129821044,0.5821812493135465,0.4270993324621082,-0.00047281228419701447,-0.9666024973788084,0.7785928082587892,0.005238806507719167,-0.36351600445801113,0.41868310773264333,0.0023440710306561,0.5575123402498605,0.4136605059438644,-0.0004398728043032586,-1.2320434132669862,0.4146191950500172,0.004935215046449735,-0.07990298208434926,0.7708629062315356,0.002558133588699781,0.7900326163032161,0.7556726332403491,-0.00010402038760087507,0.015767086344158868,0.40644889821865804,0.0011728631497662527,0.04569087367726467,0.401573060322318,0.0010699362550795784,0.5041242263707453,0.746607441334236,0.0007423141834596337,18.0,0.0,0.07499424040276521,0.2184746616538103,0.13996634985470485
0.488,0.0,0.0,-0.9191562691042653,0.8038874001480183,0.005173832677094799,-0.42726989399045257,0.31258509316314803,0.0022151085573959644,0.4810197749868877,0.3064254338258788,-0.0005342623673359238,-0.9291677744667579,0.7880463615356921,0.005155875117854748,-0.45296271971862195,0.3027494963360766,0.002262301256871494,0.5796191714232976,0.4270993324621082,-0.0004652457505543151,-0.9654789539315426,0.7785928082587892,0.005235585916912793,-0.36435083636837906,0.41868310773264333,0.002346597336571963,0.5547003719808997,0.4136605059438644,-0.0004315555029179884,-1.2335918331300826,0.4146191950500172,0.004939987824951011,-0.07794427839831414,0.7708629062315356,0.0025522976649476545,0.7896885970419206,0.7556726332403491,-0.00010307994918860108,0.01604346197553023,0.40644889821865804,0.0011720454356234976,0.04646354801991246,0.401573060322318,0.00106764655993516,0.5090908211691729,0.746607441334236,0.0007274496448904721,18.0,0.0,0.0749942164933461,0.21848906880620422,0.1400701496487269
0.49,0.0,0.0,-0.9175382470917319,0.8038874001480183,0.00516913100775685,-0.42874989913941375,0.31258509316314803,0.002219564961460802,0.4774853039156025,0.3064254338258788,-0.0005237830234830267,-0.9277068855828159,0.7880463615356921,0.00515164240800735,-0.45456815268968515,0.3027494963360766,0.0022671366481640956,0.5770173836032322,0.4270993324621082,-0.00045755951688356813,-0.9643054840450068,0.7785928082587892,0.005232215286570995,-0.3651783552466648,0.41868310773264333,0.002349101832303067,0.5518491005375,0.4136605059438644,-0.000423119598111106,-1.235097619328637,0.4146191950500172,0.0049446330845403,-0.07597239097517036,0.7708629062315356,0.0025464215538895493,0.7893141049817924,0.7556726332403491,-0.00010204789140471471,0.016323680180961253,0.40644889821865804,0.0011712163087293833,0.04724572614075942,0.401573060322318,0.0010653285369072165,0.5140687427852885,0.746607441334236,0.0007125498604951891,18.0,0.0,0.07499419258392699,0.21850347595859815,0.14017394944274897
0.492,0.0,0.0,-0.9158695555072194,0.8038874001480183,0.005164276941719251,-0.4302243459325085,0.31258509316314803,0.0022240049769076857,0.4739097568474726,0.3064254338258788,-0.0005131796102691712,-0.9261961311704641,0.7880463615356921,0.005147259741355524,-0.45616710199824845,0.3027494963360766,0.0022719529470772853,0.5743760797668331,0.4270993324621082,-0.000449754153423372,-0.9630821767630618,0.7785928082587892,0.005228694876911389,-0.3659985175961923,0.41868310773264333,0.0023515843889379243,0.5489587610647428,0.4136605059438644,-0.0004145657837809069,-1.2365606460258018,0.4146191950500172,0.004949150443135962,-0.07398753209119971,0.7708629062315356,0.002540505891620118,0.7889092102867232,0.7556726332403491,-0.00010092441522433015,0.016607779497695593,0.40644889821865804,0.0011703756541130905,0.04803746883065316,0.401573060322318,0.0010629820025446757,0.5190575686356808,0.746607441334236,0.0006976160956468425,18.0,0.0,0.07499416867450788,0.21851788311099207,0.14027774923677103
0.494,0.0,0.0,-0.9141503260978835,0.8038874001480183,0.005159270866965713,-0.4316931381759345,0.31258509316314803,0.00222842831728697,0.470293418184855,0.3064254338258788,-0.0005024529690647815,-0.9246356336558882,0.7880463615356921,0.005142727478118468,-0.45775944745330965,0.3027494963360766,0.0022767497950029756,0.5716954576476293,0.4270993324621082,-0.0004418302419141749,-0.9618091234291031,0.7785928082587892,0.005225024955065553,-0.36681127939483266,0.41868310773264333,0.002354044875986507,0.546029592533671,0.4136605059438644,-0.00040589476536263537,-1.2379807889161198,0.4146191950500172,0.004953539523227458,-0.07198991424909036,0.7708629062315356,0.002534551314968206,0.7884739862823317,0.7556726332403491,-9.970973113912252e-05,0.016895798675173896,0.40644889821865804,0.0011695233561628874,0.0488388365076538,0.401573060322318,0.0010606067744749945,0.5240568753835694,0.746607441334236,0.0006826496180956656,18.0,0.0,0.07499414476508877,0.218532290263386,0.14038154903079308
0.496,0.0,0.0,-0.9123806930227936,0.8038874001480183,0.005154113178737706,-0.43315617896987524,0.31258509316314803,0.0022328346940172477,0.46663657625309096,0.3064254338258788,-0.0004916039530769286,-0.923025517812009,0.7880463615356921,0.005138045985574741,-0.4593450682162606,0.3027494963360766,0.002281526831368159,0.5689757187850003,0.4270993324621082,-0.0004337883755565634,-0.9604864176807556,0.7785928082587892,0.005221205795063677,-0.36761659609586744,0.41868310773264333,0.002356483161382428,0.5430618377212878,0.4136605059438644,-0.00039710725976941985,-1.239357925233147,0.4146191950500172,0.0049577999518984105,-0.06997975015965355,0.7708629062315356,0.0025285584614418784,0.7880085094452528,0.7556726332403491,-9.840405912594786e-05,0.017187776673576207,0.40644889821865804,0.0011686592986304525,0.049649889203768706,0.401573060322318,0.0010582026714439925,0.5290662389778882,0.746607441334236,0.0006676516978519997,18.0,0.0,0.07499412085566966,0.21854669741577992,0.14048534882481514
0.498,0.0,0.0,-0.9105607928454089,0.8038874001480183,0.005148804279512436,-0.43461337071324335,0.31258509316314803,0.00223722381639907,0.46293952327763876,0.3064254338258788,-0.00048063342728163656,-0.9213659107519215,0.7880463615356921,0.005133215638043104,-0.46092384280842086,0.3027494963360766,0.0022862836936570117,0.5662170685096902,0.4270993324621082,-0.0004256291589686764,-0.9591141554443855,0.7785928082587892,0.005217237677818634,-0.36841442262898777,0.41868310773264333,0.0023588991114855324,0.5400557431902473,0.4136605059438644,-0.00038820399533227027,-1.2406919337570095,0.4146191950500172,0.004961931360849493,-0.06795725272358083,0.7708629062315356,0.0025225279691735675,0.7875128593921767,0.7556726332403491,-9.700762861471124e-05,0.017483752662346735,0.40644889821865804,0.0011677833646352455,0.05047068655170132,0.401573060322318,0.0010557695133556477,0.5340852346924255,0.746607441334236,0.0006526236070690433,18.0,0.0,0.07499409694625055,0.21856110456817385,0.1405891486188372
0.5,0.0,0.0,-0.9086907645258693,0.8038874001480183,0.0051433445789802815,-0.4360646151085953,0.31258509316314803,0.002241595391629174,0.45920255536090554,0.3064254338258788,-0.00046954226835528,-0.9196569419221567,0.7880463615356921,0.005128236816862842,-0.462495649118739,0.3027494963360766,0.002291020017433492,0.5634197159290316,0.4270993324621082,-0.0004173532081427461,-0.9576924349294278,0.7785928082587892,0.005213120891109525,-0.3692047134014299,0.41868310773264333,0.0023612925910848933,0.5370115592682355,0.4136605059438644,-0.0003791857117391487,-1.2419826948218944,0.4146191950500172,0.00496593338642108,-0.06592263501324173,0.7708629062315356,0.0025164604768653496,0.7869871188686404,0.7556726332403491,-9.552067845548307e-05,0.01778376601870089,0.40644889821865804,0.001166895436668934,0.05130128777161586,0.401573060322318,0.00105330712131185,0.5391134371650175,0.746607441334236,0.0006375666199254313,18.0,0.0,0.07499407303683144,0.21857551172056777,0.14069294841285926
0.502,0.0,0.0,-0.9067707494130991,0.8038874001480183,0.005137734494021663,-0.43750981316721743,0.31258509316314803,0.0022459491248152303,0.45542597245878014,0.3064254338258788,-0.0004583313646050803,-0.9178987430957659,0.7880463615356921,0.005123109910373546,-0.4640603644116614,0.3027494963360766,0.0022957354363644473,0.5605838739118802,0.4270993324621082,-0.0004089611504007703,-0.9562213566225307,0.7785928082587892,0.005208855729564651,-0.36998742229924736,0.41868310773264333,0.0023636634634022196,0.5339295400270453,0.4136605059438644,-0.0003700531599731134,-1.2432300903234788,0.4146191950500172,0.004969805669615734,-0.06387611025452147,0.7708629062315356,0.002510356623734332,0.7864313737375714,0.7556726332403491,-9.394345688487393e-05,0.018087856326114538,0.40644889821865804,0.0011659953965998714,0.0521417516579198,0.401573060322318,0.0010508153176521065,0.5441504204367904,0.746607441334236,0.0006224820125076554,18.0,0.0,0.07499404912741232,0.2185899188729617,0.14079674820688132
0.504,0.0,0.0,-0.9048008912367245,0.8038874001480183,0.005131974448683352,-0.4389488652143845,0.31258509316314803,0.0022502847189910962,0.45161007835686867,0.3064254338258788,-0.0004470016158987041,-0.9160914483652263,0.7880463615356921,0.005117835313894374,-0.4656178653351686,0.3027494963360766,0.0023004295822432142,0.5577097590732625,0.4270993324621082,-0.0004004536243493162,-0.9547010232815171,0.7785928082587892,0.00520444249464396,-0.3707625026887201,0.41868310773264333,0.0023660115900956723,0.5308099432613467,0.4136605059438644,-0.0003608071022495427,-1.2444340037262962,0.4146191950500172,0.004973547856120488,-0.06181789180869819,0.7708629062315356,0.0025042170494581715,0.7858457129675878,0.7556726332403491,-9.227622149166714e-05,0.018396063372795327,0.40644889821865804,0.0011650831256776305,0.05299213656606574,0.401573060322318,0.0010482939259931947,0.5491957579914488,0.746607441334236,0.0006073710626923367,18.0,0.0,0.07499402521799321,0.21860432602535562,0.14090054800090338
0.506,0.0,0.0,-0.9027813360988035,0.8038874001480183,0.005126064874154229,-0.44038167089479,0.31258509316314803,0.002254601875132597,0.44775518064643466,0.3064254338258788,-0.0004355539335929697,-0.9142351941351673,0.7880463615356921,0.005112413429702755,-0.4671680279289809,0.3027494963360766,0.0023051020850137355,0.5547975917587353,0.4270993324621082,-0.0003918312798334629,-0.9531315399291618,0.7785928082587892,0.005199881494620919,-0.3715299074179004,0.41868310773264333,0.00236833683126409,0.5276530304671535,0.4136605059438644,-0.00035144831195244687,-1.2455943200710444,0.4146191950500172,0.00497715959632894,-0.059748193154359565,0.7708629062315356,0.0024980423941207016,0.7852302286210534,0.7556726332403491,-9.051923918171612e-05,0.018708427150136077,0.40644889821865804,0.0011641585045375881,0.0538525003993746,0.401573060322318,0.0010457427712687569,0.5542490227946048,0.746607441334236,0.0005922350500283614,18.0,0.0,0.0749940013085741,0.21861873317774955,0.14100434779492543
0.508,0.0,0.0,-0.9007122324653694,0.8038874001480183,0.005120006208740466,-0.44180812917815004,0.31258509316314803,0.002258900292173814,0.4438615907000456,0.3064254338258788,-0.00042398924046166766,-0.9123301191149175,0.7880463615356921,0.005106844667012578,-0.4687107276329319,0.3027494963360766,0.002309752572795173,0.5518475960284607,0.4270993324621082,-0.00038309477788988147,-0.9515130138467868,0.7785928082587892,0.005195173044563853,-0.3722895888182968,0.41868310773264333,0.0023706390454516315,0.5244590668199896,0.4136605059438644,-0.00034197757356986736,-1.2467109259818334,0.4146191950500172,0.004980640545363185,-0.057667227869358184,0.7708629062315356,0.0024918332981576858,0.7845850158418916,0.7556726332403491,-8.867278614211304e-05,0.01902498785115007,0.40644889821865804,0.0011632214132055658,0.054722900595881925,0.401573060322318,0.0010431616797688301,0.5593097873331454,0.746607441334236,0.0005770752556188936,18.0,0.0,0.07499397739915499,0.21863314033014347,0.1411081475889475
0.51,0.0,0.0,-0.8985937311577853,0.8038874001480183,0.0051137988978401635,-0.4432281383649795,0.31258509316314803,0.0022631796670238946,0.43992962364692767,0.3064254338258788,-0.0004123084706225005,-0.9103763643108702,0.7880463615356921,0.005101129441951829,-0.47024583929551134,0.3027494963360766,0.0023143806719070257,0.5488599996409941,0.4270993324621082,-0.0003742447906990575,-0.9498455545676725,0.7785928082587892,0.005190317466316728,-0.37304149870669495,0.41868310773264333,0.0023729180896528207,0.5212283211527543,0.4136605059438644,-0.0003323956826283755,-1.247783709673379,0.4146191950500172,0.0049839903630955525,-0.05557520961280532,0.7708629062315356,0.0024855904023026814,0.7839101728431579,0.7556726332403491,-8.67371478046275e-05,0.019345785868888205,0.40644889821865804,0.0011622717311025239,0.055603394115209,0.401573060322318,0.0010405504791793083,0.5643776236546344,0.746607441334236,0.0005618929620032717,18.0,0.0,0.07499395348973588,0.2186475474825374,0.14121194738296955
0.512,0.0,0.0,-0.8964259853439118,0.8038874001480183,0.005107443393917411,-0.44464159609254195,0.31258509316314803,0.0022674396945843826,0.43595959834803055,0.3064254338258788,-0.00040051256946314667,-0.9083740730186683,0.7880463615356921,0.005095268177539687,-0.47177323718257647,0.3027494963360766,0.0023189860068947637,0.5458350340367901,0.4270993324621082,-0.0003652820015366577,-0.9481292738702866,0.7785928082587892,0.0051853150884793855,-0.37378558838711606,0.41868310773264333,0.002375173819318015,0.5179610659332915,0.4136605059438644,-0.00032270344562666976,-1.2488125609581398,0.4146191950500172,0.004987208714170189,-0.053472352107102654,0.7708629062315356,0.002479314347533023,0.7832058008943742,0.7556726332403491,-8.471261880842651e-05,0.01967086179483792,0.40644889821865804,0.0011613093370493096,0.05649403742546068,0.401573060322318,0.001037908998621327,0.5694521034067433,0.746607441334236,0.0005466894530388047,18.0,0.0,0.07499392958031677,0.21866195463493132,0.1413157471769916
0.514,0.0,0.0,-0.8942091505290863,0.8038874001480183,0.005100940156475791,-0.4460483993409731,0.31258509316314803,0.00227168006776707,0.4319518373708039,0.3064254338258788,-0.00038860249356645533,-0.9063233908152073,0.7880463615356921,0.005089261303663081,-0.4732927949862332,0.3027494963360766,0.0023235682005559592,0.5427729343214241,0.4270993324621082,-0.00035620710472404583,-0.9463642857713298,0.7785928082587892,0.005180166246387227,-0.3745218086529135,0.41868310773264333,0.002377406088359278,0.5146575772416615,0.4136605059438644,-0.00031290167996828137,-1.2497973712534012,0.4146191950500172,0.004990295268024471,-0.051358869120011405,0.7708629062315356,0.002473005775015915,0.7824720043086245,0.7556726332403491,-8.259950296207542e-05,0.020000256417303762,0.40644889821865804,0.0011603341092714604,0.05739488649015163,0.401573060322318,0.001035237068690572,0.5745327978767099,0.746607441334236,0.0005314660137824778,18.0,0.0,0.07499390567089766,0.21867636178732525,0.14141954697101367
0.516,0.0,0.0,-0.8919433845469136,0.8038874001480183,0.005094289652031314,-0.4474484444395776,0.31258509316314803,0.0022759004775123634,0.42790666696368773,0.3064254338258788,-0.00037657921063477534,-0.9042244655504552,0.7880463615356921,0.005083109257052698,-0.4748043858338862,0.3027494963360766,0.0023281268739669294,0.5396739392485319,0.4270993324621082,-0.0003470208055779479,-0.9445507065185998,0.7785928082587892,0.005174871282090357,-0.37525010978900686,0.41868310773264333,0.0023796147491566702,0.5113181347471196,0.4136605059438644,-0.00030299121389339135,-1.2507380335883087,0.4146191950500172,0.004993249698910256,-0.04923497444675845,0.7708629062315356,0.002466665326054641,0.7817088904294149,0.7556726332403491,-8.039811320482637e-05,0.020334010719769584,0.40644889821865804,0.0011593459254040628,0.05830599675516288,0.401573060322318,0.001032534521496499,0.5796192780308181,0.746607441334236,0.0005162239303725784,18.0,0.0,0.07499388176147855,0.21869076893971917,0.14152334676503572
0.518,0.0,0.0,-0.8896288475498683,0.8038874001480183,0.005087492354084796,-0.4488416270732992,0.31258509316314803,0.0022801006128081768,0.42382441703031826,0.3064254338258788,-0.00036444369941342685,-0.90207744733909,0.7880463615356921,0.005076812481258442,-0.4763078822974578,0.3027494963360766,0.0023326616465098884,0.5365382912024682,0.4270993324621082,-0.0003377238203592712,-0.9426886545836721,0.7785928082587892,0.005169430544332167,-0.37597044157425374,0.41868310773264333,0.002381799652564951,0.5079430216848018,0.4136605059438644,-0.0002929728864097657,-1.2516344426108497,0.4146191950500172,0.004996071685914977,-0.0471008818921788,0.7708629062315356,0.0024602936420348824,0.780916569617299,0.7556726332403491,-7.810877156719764e-05,0.020672165879242192,0.40644889821865804,0.0011583446624966653,0.05922742313573042,0.401573060322318,0.0010298011907014654,0.5847111145538985,0.746607441334236,0.0005009644899102534,18.0,0.0,0.07499385785205943,0.2187051760921131,0.14162714655905778
0.52,0.0,0.0,-0.8872657019997086,0.8038874001480183,0.005080548743093659,-0.4502278422893654,0.31258509316314803,0.002284280160709342,0.419705421103451,0.3064254338258788,-0.0003521969496133184,-0.8998824885519531,0.7880463615356921,0.005070371426624347,-0.47780315640277676,0.3027494963360766,0.0023371721359006035,0.5333662361806851,0.4270993324621082,-0.00032831687622108006,-0.9407782506543988,0.7785928082587892,0.005163844388527384,-0.37668275328395945,0.41868310773264333,0.0023839606479206916,0.5045325248321201,0.4136605059438644,-0.0002828475472228121,-1.2524864945947864,0.4146191950500172,0.004998760912982601,-0.04495680525289402,0.7708629062315356,0.002453891364371143,0.7800951552362697,0.7556726332403491,-7.573180913084998e-05,0.02101476326457642,0.40644889821865804,0.0011573301970182475,0.06015922000346755,0.401573060322318,0.0010270369115597626,0.5898078778888414,0.746607441334236,0.0004856889803410125,18.0,0.0,0.07499383394264032,0.21871958324450702,0.14173094635307984
0.522,0.0,0.0,-0.8848541126577005,0.8038874001480183,0.0050734593064431805,-0.4516069845041047,0.31258509316314803,0.0022884388063575405,0.4155500163186031,0.3064254338258788,-0.00033983996183271665,-0.8976397438073181,0.7880463615356921,0.005063786550262935,-0.4792900796391355,0.3027494963360766,0.00234165795821656,0.5301580237758307,0.4270993324621082,-0.0003188007111557308,-0.938819617627226,0.7785928082587892,0.005158113176739564,-0.37738699369252426,0.41868310773264333,0.0023860975830498083,0.5010869344848697,0.4136605059438644,-0.00027261605666476706,-1.253294087446543,0.4146191950500172,0.005001317068934411,-0.04280295829952591,0.7708629062315356,0.002447459134453289,0.7792447636399197,0.7556726332403491,-7.326756598776196e-05,0.0213618444347815,0.40644889821865804,0.001156302404862245,0.06110144117342299,0.401573060322318,0.0010242415209565513,0.5949091382761231,0.746607441334236,0.00047039869033618374,18.0,0.0,0.07499381003322121,0.21873399039690095,0.1418347461471019
0.524,0.0,0.0,-0.8823942465746542,0.8038874001480183,0.005066224538417157,-0.4529789475099381,0.31258509316314803,0.0022925762330017582,0.4113585433874167,0.3064254338258788,-0.000327373747478173,-0.8953493699619756,0.7880463615356921,0.005057058316029031,-0.48076852296901634,0.3027494963360766,0.0023461187279256363,0.5269139071575697,0.4270993324621082,-0.0003091760739411674,-0.9368128805993294,0.7785928082587892,0.005152237277658046,-0.37808311107622833,0.41868310773264333,0.002388210304275503,0.4976065444330485,0.4136605059438644,-0.00026227928562301604,-1.2540571207120452,0.4146191950500172,0.005003739847489681,-0.040639554758945,0.7708629062315356,0.002440997593593185,0.7783655141573712,0.7556726332403491,-7.071639119871187e-05,0.021713451137308663,0.40644889821865804,0.0011552611613516296,0.06205413989117632,0.401573060322318,0.001021414857446685,0.6000144657933387,0.746607441334236,0.0004550949091743385,18.0,0.0,0.0749937861238021,0.21874839754929487,0.14193854594112396
0.526,0.0,0.0,-0.8798862730807693,0.8038874001480183,0.005058844940168017,-0.4543436244825435,0.31258509316314803,0.0022966921220192583,0.407131346570745,0.3064254338258788,-0.0003147993286846137,-0.8930115261021309,0.7880463615356921,0.0050501871944930036,-0.48223835683798655,0.3027494963360766,0.0023505540579152793,0.523634143054127,0.4270993324621082,-0.00029944372408638453,-0.9347581668605686,0.7785928082587892,0.005146217066574356,-0.3787710532161541,0.41868310773264333,0.0023902986564266152,0.4940916519363924,0.4136605059438644,-0.0002518381154675524,-1.2547754955835162,0.4146191950500172,0.005006028947286187,-0.03846680829655312,0.7708629062315356,0.002434507382971442,0.7774575290789772,0.7556726332403491,-6.807864275106645e-05,0.022069625306319847,0.40644889821865804,0.001154206341244048,0.0630173688199727,0.401573060322318,0.001018556761293425,0.6051234303947383,0.746607441334236,0.0004397789266226917,18.0,0.0,0.07499376221438299,0.2187628047016888,0.14204234573514601
0.528,0.0,0.0,-0.8773303637752932,0.8038874001480183,0.005051321019686363,-0.4557009079881934,0.31258509316314803,0.002300786152937075,0.40286877365146345,0.3064254338258788,-0.0003021177382345987,-0.8906263735341176,0.7880463615356921,0.005043173662913469,-0.4836994511847614,0.3027494963360766,0.0023549635595221897,0.5203189917335541,0.4270993324621082,-0.00028960443177605653,-0.9326556058852598,0.7785928082587892,0.005140052925358074,-0.3794507674012459,0.41868310773264333,0.0023923624828463925,0.4905425576996272,0.4136605059438644,-0.00024129343797758395,-1.2554491149062288,0.4146191950500172,0.005008184071900601,-0.036284932498599626,0.7708629062315356,0.002427989143584266,0.776520933641795,0.7556726332403491,-6.535468751588458e-05,0.022430409060937427,0.40644889821865804,0.0011531378187370146,0.06399118002789855,0.401573060322318,0.0010156670745070358,0.6102356019507629,0.746607441334236,0.0004244520328184931,18.0,0.0,0.07499373830496388,0.21877721185408272,0.14214614552916807
0.53,0.0,0.0,-0.874726692515988,0.8038874001480183,0.005043653291769934,-0.45705068999126525,0.31258509316314803,0.0023048580034540247,0.3985711759070069,0.3064254338258788,-0.000289330019476754,-0.8881940757749233,0.7880463615356921,0.005036018205209429,-0.48515167545143534,0.3027494963360766,0.002359346842562514,0.5169687169847204,0.4270993324621082,-0.0002796589778143378,-0.930505329323769,0.7785928082587892,0.005133745242432147,-0.3801222004315064,0.41868310773264333,0.0023944016254016675,0.48695956584743977,0.4136605059438644,-0.00023064615526728838,-1.2560778831852168,0.4146191950500172,0.005010204929868738,-0.03409414085453051,0.7708629062315356,0.002421443516190406,0.7755558560148337,0.7556726332403491,-6.254490120433776e-05,0.022795844703474885,0.40644889821865804,0.0011520554674731619,0.06497562497510005,0.401573060322318,0.0010127456408832584,0.6153505502875769,0.746607441334236,0.00040911551815041926,18.0,0.0,0.07499371439554477,0.21879161900647665,0.14224994532319013
0.532,0.0,0.0,-0.8720754354084088,0.8038874001480183,0.005035842277992019,-0.4583928618619244,0.31258509316314803,0.00230890734946324,0.3942389080816356,0.3064254338258788,-0.0002764372262433844,-0.8857147985425288,0.7880463615356921,0.005028721311931846,-0.4865948985938809,0.3027494963360766,0.002363703515362536,0.51358358609803,0.4270993324621082,-0.0002696081535678365,-0.9283074709939235,0.7785928082587892,0.005127294412747675,-0.3807852986213306,0.41868310773264333,0.0023964159244924494,0.4833429838991697,0.4136605059438644,-0.00021989717971072616,-1.2566617065919452,0.4146191950500172,0.005012091234705702,-0.031894646739369883,0.7708629062315356,0.0024148711412581986,0.7745624272840775,0.7556726332403491,-5.964966832345387e-05,0.023165974717648283,0.40644889821865804,0.0011509591605455495,0.06597075450104618,0.401573060322318,0.0010097923060416538,0.6204678452265917,0.746607441334236,0.0003937706731399772,18.0,0.0,0.07499369048612566,0.21880602615887057,0.1423537451172122
0.534,0.0,0.0,-0.8693767707949928,0.8038874001480183,0.0050278885066692815,-0.4597273143839792,0.31258509316314803,0.0023129338650752173,0.38987232835843094,0.3064254338258788,-0.00026344042276727045,-0.8831887097460596,0.7880463615356921,0.0050212834802346624,-0.4880289890923142,0.3027494963360766,0.0023680331847898725,0.5101638698458653,0.4270993324621082,-0.0002594527609077655,-0.9260621668722449,0.7785928082587892,0.005120700837758138,-0.3814400078029754,0.41868310773264333,0.0023984052190619215,0.4796931227432235,0.4136605059438644,-0.0002090474338659159,-1.2572004929709404,0.4146191950500172,0.005013842704925887,-0.02968666339613312,0.7708629062315356,0.002408272658912717,0.7735407814372861,0.7556726332403491,-5.666938213118544e-05,0.02354084176676848,0.40644889821865804,0.0011498487705030292,0.06697661881183821,0.401573060322318,0.0010068069174638155,0.6255870566239785,0.746607441334236,0.00037841878832293275,18.0,0.0,0.07499366657670654,0.2188204333112645,0.14245754491123425
0.536,0.0,0.0,-0.8666308792439577,0.8038874001480183,0.005019792512829033,-0.4610539377629075,0.31258509316314803,0.0023169372226413817,0.385471798331024,0.3064254338258788,-0.0002503406835976565,-0.8806159794757494,0.7880463615356921,0.005013705213845255,-0.48945381496202744,0.3027494963360766,0.0023723354562851726,0.5067098424627569,0.4270993324621082,-0.0002491936121512712,-0.9237695550850006,0.7785928082587892,0.005113964925393102,-0.38208627333016604,0.41868310773264333,0.0024003693466068564,0.4760102966112142,0.4136605059438644,-0.00019809785039807737,-1.2576941518463836,0.4146191950500172,0.005015459064062873,-0.027470403918271075,0.7708629062315356,0.0024016487088830063,0.772491055348572,0.7556726332403491,-5.360444459081115e-05,0.023920488691913933,0.40644889821865804,0.0011487241693556687,0.06799326746756723,0.401573060322318,0.0010037893245314394,0.6307077544101648,0.746607441334236,0.00036306115413077235,18.0,0.0,0.07499364266728743,0.21883484046365842,0.1425613447052563
0.538,0.0,0.0,-0.863837943538012,0.8038874001480183,0.005011554838175928,-0.46237262163405457,0.31258509316314803,0.0023209170927781663,0.3810376829750573,0.3064254338258788,-0.00023713909351543572,-0.8779967799927156,0.7880463615356921,0.005005987023034325,-0.4908692437642874,0.3027494963360766,0.002376609933894312,0.5032217816252831,0.4270993324621082,-0.000238831530001946,-0.9214297758990783,0.7785928082587892,0.005107087090031369,-0.3827240400818382,0.41868310773264333,0.0024023081431884283,0.47229482305182663,0.4136605059438644,-0.00018704937200204942,-1.2581425944286664,0.4146191950500172,0.005016940040689203,-0.0252460812321447,0.7708629062315356,0.0023949999304494203,0.7714133887627591,0.7556726332403491,-5.045526632466879e-05,0.024304958510084053,0.40644889821865804,0.0011475852285802324,0.0690207493697217,0.401573060322318,0.0010007393785642523,0.6358295086293123,0.746607441334236,0.00034769906077221347,18.0,0.0,0.07499361875786832,0.21884924761605234,0.14266514449927836
0.54,0.0,0.0,-0.8609981486628745,0.8038874001480183,0.005003176031058091,-0.46368325507100144,0.31258509316314803,0.002324873144391608,0.3765703506193825,0.3064254338258788,-0.00022383674744753558,-0.875331285718545,0.7880463615356921,0.004998129424585223,-0.49227514261739885,0.3027494963360766,0.0023808562203010922,0.4996999684316979,0.4270993324621082,-0.0002283673474895247,-0.9190429717126799,0.7785928082587892,0.005100067752473603,-0.3833532524660153,0.41868310773264333,0.0024042214434434445,0.46854702290441197,0.4136605059438644,-0.00017590295132388672,-1.2585457336209112,0.4146191950500172,0.0050182853684360516,-0.023013908079529417,0.7708629062315356,0.002388326962391041,0.7703079242795217,0.7556726332403491,-4.7222266567230166e-05,0.02469429441233293,0.40644889821865804,0.001146431819125722,0.07005911274864668,0.401573060322318,0.0009976569328577888,0.6409518894787714,0.746607441334236,0.0003323337981147709,18.0,0.0,0.07499359484844921,0.21886365476844627,0.14276894429330042
0.542,0.0,0.0,-0.8581116817956048,0.8038874001480183,0.004994656646432678,-0.464985726594103,0.31258509316314803,0.0023288050447024485,0.37207017291699607,0.3064254338258788,-0.00021043475038051113,-0.8726196732246908,0.7880463615356921,0.004990132941762711,-0.49367137820793267,0.3027494963360766,0.0023850739168604263,0.49614468738128964,0.4270993324621082,-0.00021780190790876913,-0.9166092870458382,0.7785928082587892,0.005092907339914408,-0.38397385442382137,0.41868310773264333,0.002406109080595976,0.46476722027231254,0.4136605059438644,-0.00016465955088164276,-1.2589034840254563,0.4146191950500172,0.0050194947860127855,-0.020774097000148574,0.7708629062315356,0.0023816304429331954,0.7691748073373055,0.7556726332403491,-4.3905873117517814e-05,0.02508853976188336,0.40644889821865804,0.0011452638114189753,0.07110840515105651,0.401573060322318,0.000994541842721014,0.6460744673485082,0.746607441334236,0.00031696665556639383,18.0,0.0,0.0749935709390301,0.2188780619208402,0.14287274408732248
0.544,0.0,0.0,-0.8551787322927441,0.8038874001480183,0.004985997245830869,-0.46627992417919556,0.31258509316314803,0.0023327124592717532,0.367537524815714,0.3064254338258788,-0.00019693421727335188,-0.8698621212216799,0.7880463615356921,0.004981998104281149,-0.4950578168021181,0.3027494963360766,0.002389262623632028,0.4925562263534705,0.4270993324621082,-0.00020713606475754437,-0.9141288685307553,0.7785928082587892,0.005085606285913882,-0.3845857894336277,0.41868310773264333,0.002407970886469394,0.46095574249591925,0.4136605059438644,-0.00015332014298534446,-1.2592157619503077,0.4146191950500172,0.00502056803722642,-0.01852686031423532,0.7708629062315356,0.0023749110096950524,0.7680141861970338,0.7556726332403491,-4.050652229086926e-05,0.025487738092221043,0.40644889821865804,0.001144081075370324,0.07216867342760287,0.401573060322318,0.0009913939655137843,0.6511968128605021,0.746607441334236,0.00030159892195718343,18.0,0.0,0.07499354702961099,0.21889246907323412,0.14297654388134454
0.546,0.0,0.0,-0.8521994916782668,0.8038874001480183,0.0049771983973222874,-0.46756573526647305,0.31258509316314803,0.002336595052027031,0.36297278452858805,0.3064254338258788,-0.00018333627296950568,-0.8670588105481303,0.7880463615356921,0.0049737254482721165,-0.49643432425739764,0.3027494963360766,0.002393421939414584,0.4889348765865987,0.4270993324621082,-0.00019637068167408702,-0.9116018649019632,0.7785928082587892,0.005078165030368634,-0.385189000515334,0.41868310773264333,0.002409806691498813,0.45711292012546334,0.4136605059438644,-0.0001418857096561646,-1.2594824854155584,0.4146191950500172,0.005021504871000975,-0.016272410105122252,0.7708629062315356,0.002368169299637313,0.7668262119255972,0.7556726332403491,-3.702465887005413e-05,0.025891933105168873,0.40644889821865804,0.001142883480379311,0.0732399637204997,0.401573060322318,0.0009882131606841454,0.6563184969081081,0.746607441334236,0.0002862318854212015,18.0,0.0,0.07499352312019188,0.21890687622562804,0.1430803436753666
0.548,0.0,0.0,-0.8491741536313426,0.8038874001480183,0.004968260675478855,-0.46884304676953054,0.31258509316314803,0.002340452485288863,0.35837633350406517,0.3064254338258788,-0.00016964205210812783,-0.8642099241595772,0.7880463615356921,0.0049653155162514674,-0.4978007660341442,0.3027494963360766,0.002397551461780423,0.48528093265653305,0.4270993324621082,-0.00018550663237347148,-0.9090284269863086,0.7785928082587892,0.005070584019482257,-0.3857834302347829,0.41868310773264333,0.0024116163247439324,0.45323908689354503,0.4136605059438644,-0.00013035724254479685,-1.2597035741597753,0.4146191950500172,0.0050223050413967275,-0.014010958201858126,0.7708629062315356,0.002361405949009974,0.7656110383791317,0.7556726332403491,-3.34607360557444e-05,0.02630116866894113,0.40644889821865804,0.0011416708953404676,0.07432232145120714,0.401573060322318,0.0009849992898054549,0.6614390906953802,0.746607441334236,0.00027086683327838366,18.0,0.0,0.07499349921077277,0.21892128337802197,0.14318414346938865
0.55,0.0,0.0,-0.8461029139739091,0.8038874001480183,0.0049591846613380825,-0.47011174508457476,0.31258509316314803,0.0023442844197980356,0.35374855639589176,0.3064254338258788,-0.00015585269903455918,-0.8613156471171095,0.7880463615356921,0.004956768857085808,-0.4991570072075393,0.3027494963360766,0.002401650787110662,0.4815946924549224,0.4270993324621082,-0.0001745448005832746,-0.9064087076927608,0.7785928082587892,0.005062863705735293,-0.3863690207083073,0.41868310773264333,0.002413399613902279,0.4493345796874004,0.4136605059438644,-0.00011873574284904193,-1.2598789496463563,0.4146191950500172,0.005022968307629377,-0.011742716161851005,0.7708629062315356,0.0023546215933001814,0.7643688221860833,0.7556726332403491,-2.9815215416347908e-05,0.026715488816177527,0.40644889821865804,0.0011404431886491509,0.07541579130817587,0.401573060322318,0.0009817522166133325,0.6665581657763545,0.746607441334236,0.00025550505191656724,18.0,0.0,0.07499347530135365,0.2189356905304159,0.1432879432634107
0.552,0.0,0.0,-0.842985970658056,0.8038874001480183,0.004949970942365782,-0.4713717160998008,0.31258509316314803,0.0023480905147431684,0.3490898410327651,0.3064254338258788,-0.00014196936771003894,-0.8583761665758146,0.7880463615356921,0.004948086025958405,-0.5005029124796113,0.3027494963360766,0.0024057195106308477,0.4778764571672297,0.4270993324621082,-0.00016348607997844272,-0.9037428620020435,0.7785928082587892,0.005055004547854651,-0.3869457136074099,0.41868310773264333,0.002415156385322852,0.44539973852090914,0.4136605059438644,-0.00010702222123060811,-1.2600085350698564,0.4146191950500172,0.00502349443408912,-0.009467895253537133,0.7708629062315356,0.0023478168671801597,0.7630997227300629,0.7556726332403491,-2.608856683720262e-05,0.02713493774195693,0.40644889821865804,0.0011392002282074416,0.0765204172346539,0.401573060322318,0.0009784718070424262,0.6716752940942851,0.746607441334236,0.00024014782667364432,18.0,0.0,0.07499345139193454,0.21895009768280982,0.14339174305743277
0.554,0.0,0.0,-0.8398235237532196,0.8038874001480183,0.004940620112418223,-0.47262284520493314,0.31258509316314803,0.0023518704277888463,0.3444005783877333,0.3064254338258788,-0.0001279932216206589,-0.8553916717730321,0.7880463615356921,0.004939267584334521,-0.5018383461914332,0.3027494963360766,0.002409757226447064,0.4741265312504918,0.4270993324621082,-0.00015233137411536457,-0.9010310469560916,0.7785928082587892,0.005047007010782498,-0.3875134501635743,0.41868310773264333,0.00241688646402016,0.4414349065063444,0.4136605059438644,-9.521769773113426e-05,-1.2600922553622862,0.4146191950500172,0.005023883190359621,-0.007186706439074897,0.7708629062315356,0.002340992404455218,0.7618039021324918,0.7556726332403491,-2.228126846914147e-05,0.027559559801790687,0.40644889821865804,0.0011379418814301033,0.07763624241655749,0.401573060322318,0.0009751579292629922,0.6767900480208306,0.746607441334236,0.0002247964417198527,18.0,0.0,0.07499342748251543,0.21896450483520374,0.14349554285145483
0.556,0.0,0.0,-0.8366157754331889,0.8038874001480183,0.0049311327717037135,-0.4738650173009314,0.31258509316314803,0.002355623815104244,0.339681162547346,0.3064254338258788,-0.00011392543368556357,-0.8523623540164156,0.7880463615356921,0.004930314099926172,-0.5031631723354772,0.3027494963360766,0.0024137635275825295,0.470345222410817,0.4270993324621082,-0.00014108159636515088,-0.898273421647334,0.7785928082587892,0.0050388715656446426,-0.3880721711732069,0.41868310773264333,0.0024185896736886527,0.4374404298258683,0.4136605059438644,-8.332320168744012e-05,-1.2601300371993802,0.4146191950500172,0.00502413435123691,-0.004899360357063199,0.7708629062315356,0.0023341488380118317,0.7604815252350388,0.7556726332403491,-1.8393806676428314e-05,0.027989399509595347,0.40644889821865804,0.001136668015250602,0.07876330927040782,0.401573060322318,0.0009718104537172816,0.6819020003951881,0.746607441334236,0.00020945217994021594,18.0,0.0,0.07499340357309632,0.21897891198759767,0.14359934264547689
0.558,0.0,0.0,-0.8333629299629233,0.8038874001480183,0.004921509526743622,-0.4750981168098579,0.31258509316314803,0.0023593503313922384,0.3349319906805573,0.3064254338258788,-9.976718616440161e-05,-0.8492884066718029,0.7880463615356921,0.004921226146656323,-0.5044772545681274,0.3027494963360766,0.002417738006014662,0.4665328415806196,0.4270993324621082,-0.00012973766984612645,-0.8954701472078015,0.7785928082587892,0.00503059868971837,-0.38862181700270915,0.41868310773264333,0.002420265836717551,0.4334166577027728,0.4136605059438644,-7.133977164601168e-05,-1.2601218090068393,0.4146191950500172,0.005024247696748192,-0.0026060673052835637,0.7708629062315356,0.0023272867997657966,0.7591327595818511,0.7556726332403491,-1.4426675984069104e-05,0.02842450153564474,0.40644889821865804,0.0011353784961271882,0.07990165943133547,0.401573060322318,0.0009684292531557306,0.687010724563169,0.746607441334236,0.00019411632281714352,18.0,0.0,0.07499337966367721,0.2189933191399916,0.14370314243949894
0.56,0.0,0.0,-0.8300651936851817,0.8038874001480183,0.004911750990332825,-0.47632202768490806,0.31258509316314803,0.002363049629919018,0.3301534630073833,0.3064254338258788,-8.551967056403554e-05,-0.8461700251508948,0.7880463615356921,0.004912004304622485,-0.5057804562223468,0.3027494963360766,0.002421680252712612,0.46268970289559397,0.4270993324621082,-0.0001183005273555342,-0.8926213867980618,0.7785928082587892,0.005022188866399772,-0.3891623275936789,0.41868310773264333,0.0024219147742060576,0.429363942372471,0.4136605059438644,-5.9268455276725305e-05,-1.2600675009665456,0.4146191950500172,0.0050242230121705705,-0.000307037223465353,0.7708629062315356,0.0023204069206104578,0.7577577754015801,0.7556726332403491,-1.038037902450617e-05,0.0288649107045012,0.40644889821865804,0.0011340731900490399,0.08105133374115407,0.401573060322318,0.0009650142026729476,0.6921157944162151,0.746607441334236,0.00017879015031320078,18.0,0.0,0.0749933557542581,0.21900772629238552,0.143806942233521
0.562,0.0,0.0,-0.8267227750069639,0.8038874001480183,0.0049018577814996,-0.4775366334206,0.31258509316314803,0.0023667213625441683,0.3253459827673157,0.3064254338258788,-7.118408754451355e-05,-0.8430074068987402,0.7880463615356921,0.004902649160059761,-0.5070726403204988,0.3027494963360766,0.0024255898576752703,0.4588161236714283,0.4270993324621082,-0.00010677111130045736,-0.8897273055959817,0.7785928082587892,0.005013642585170553,-0.3896936424682403,0.41868310773264333,0.002423536305978967,0.4252826390532377,0.4136605059438644,-4.711030928581983e-05,-1.2599670450227505,0.4146191950500172,0.0050240600880496885,0.0019975203239265913,0.7708629062315356,0.002313509830365003,0.7563567455892026,0.7556726332403491,-6.255426483693039e-06,0.029310671992925807,0.40644889821865804,0.0011327519625424706,0.08221237223650536,0.401573060322318,0.0009615651797434917,0.6972167844303491,0.746607441334236,0.00016347494075406266,18.0,0.0,0.07499333184483899,0.21902213344477944,0.14391074202754306
0.5640000000000001,0.0,0.0,-0.8233358843857634,0.8038874001480183,0.0048918305254649465,-0.47874181706312435,0.31258509316314803,0.002370365179751244,0.32050995618749334,0.3064254338258788,-5.6761646824310734e-05,-0.8398007513810305,0.7880463615356921,0.004893161305303297,-0.5083536695873219,0.3027494963360766,0.0024294664099697265,0.454912424380259,0.4270993324621082,-9.515037362796042e-05,-0.8867880707853173,0.7785928082587892,0.005004960341564313,-0.39021570073450135,0.41868310773264333,0.0024251302506026508,0.4211731059167045,0.4136605059438644,-3.486639932811997e-05,-1.2598203748882386,0.4146191950500172,0.005023758720218303,0.004307396164882503,0.7708629062315356,0.002306596157722827,0.7549298456876407,0.7556726332403491,-2.052337046560715e-06,0.029761830527767555,0.40644889821865804,0.0011314146786771968,0.08338481413707687,0.401573060322318,0.000958082064257438,0.7023132697050577,0.746607441334236,0.00014817197071166066,18.0,0.0,0.07499330793541988,0.21903654059717337,0.14401454182156512
0.5660000000000001,0.0,0.0,-0.8199047343156338,0.8038874001480183,0.004881669853601345,-0.47993746122085124,0.31258509316314803,0.002373980730678817,0.31564579245063384,0.3064254338258788,-4.225356708484368e-05,-0.8365502600712003,0.7880463615356921,0.0048835413387501685,-0.5096234064630546,0.3027494963360766,0.0024333094977701955,0.45097892862686695,0.4270993324621082,-8.343927575445237e-05,-0.8838038515441329,0.7785928082587892,0.004996142637132319,-0.39072844109213833,0.41868310773264333,0.002426696425401434,0.4170357040581086,0.4136605059438644,-2.2537799918520285e-05,-1.259627426050465,0.4146191950500172,0.0050233187098147674,0.00662238153701709,0.7708629062315356,0.0022996665301999596,0.7534772538691786,0.7556726332403491,2.2283626581252046e-06,0.030218431583831227,0.40644889821865804,0.0011300612030726714,0.08456869783389438,0.401573060322318,0.0009545647385557234,0.7074048260021023,0.746607441334236,0.00013288251488753478,18.0,0.0,0.07499328402600076,0.2190509477495673,0.14411834161558718
0.5680000000000001,0.0,0.0,-0.8164295393130674,0.8038874001480183,0.004871376403390956,-0.4811234480749941,0.31258509316314803,0.002377567663151998,0.3107539036627269,0.3064254338258788,-2.7661075874265196e-05,-0.833256136437336,0.7880463615356921,0.004873789864820677,-0.5108817131167114,0.3027494963360766,0.0024371187083973935,0.44701596312461683,0.4270993324621082,-7.16387884942763e-05,-0.8807748190330489,0.7785928082587892,0.004987189979408766,-0.3912318018381061,0.41868310773264333,0.002428234646474345,0.41287079746630007,0.4136605059438644,-1.012559434273258e-05,-1.259388135777669,0.4146191950500172,0.005022739863301447,0.008942268104718395,0.7708629062315356,0.0022927215740835556,0.7519991509166818,0.7556726332403491,6.586138113511275e-06,0.030680520581723877,0.40644889821865804,0.0011286913999044804,0.08576406087769083,0.401573060322318,0.0009510130874652709,0.712491029784254,0.746607441334236,0.00011760784599640096,18.0,0.0,0.07499326011658165,0.21906535490196122,0.14422214140960923
0.5700000000000001,0.0,0.0,-0.8129105159026869,0.8038874001480183,0.004860950818383257,-0.48229965939042824,0.31258509316314803,0.0023811256237144265,0.30583470482049135,0.3064254338258788,-1.2985409510544444e-05,-0.8299185859288919,0.7880463615356921,0.004863907493919084,-0.5121284514595059,0.3027494963360766,0.002440893628358364,0.44302385767113966,0.4270993324621082,-5.974989198752595e-05,-0.8777011463833208,0.7785928082587892,0.004978102881875514,-0.3917257208724727,0.41868310773264333,0.0024297447287122483,0.40867875299350753,0.4136605059438644,2.3691254326929647e-06,-1.2591024431249633,0.4146191950500172,0.005022021992483058,0.011266847976276745,0.7708629062315356,0.002285761914380452,0.7504957202046151,0.7556726332403491,1.1020446971001796e-05,0.031148143085679737,0.40644889821865804,0.0011273051329108025,0.0869709399673531,0.401573060322318,0.0009474269983338815,0.7175714582539493,0.746607441334236,0.00010234923464994572,18.0,0.0,0.07499323620716254,0.21907976205435514,0.1443259412036313
0.5720000000000001,0.0,0.0,-0.8093478826027514,0.8038874001480183,0.0048503937481521155,-0.48346597652666334,0.31258509316314803,0.002384654257660729,0.30088861377859755,0.3064254338258788,1.7721870161622744e-06,-0.8265378159632132,0.7880463615356921,0.004853894842393752,-0.5133634831584214,0.3027494963360766,0.0024446338433867475,0.4390029451237604,0.4270993324621082,-4.7773575627094443e-05,-0.8745830086847478,0.7785928082587892,0.00496888186392633,-0.39221013570437885,0.41868310773264333,0.0024312264858153483,0.4044599403248659,0.4136605059438644,1.4945258851070564e-05,-1.2587702889403993,0.4146191950500172,0.005021164914524942,0.01359591372099437,0.7708629062315356,0.002278788174765777,0.7489671476798656,0.7556726332403491,1.553073910720193e-05,0.03162134480136341,0.40644889821865804,0.0011259022653989348,0.08818937093844893,0.401573060322318,0.0009438063610648946,0.7226456893918626,0.746607441334236,8.710794924085997e-05,18.0,0.0,0.07499321229774343,0.21909416920674907,0.14442974099765335
0.5740000000000001,0.0,0.0,-0.8057418599104753,0.8038874001480183,0.004839705848252309,-0.4846222804489674,0.31258509316314803,0.002388153209069434,0.2959160512166574,0.3064254338258788,1.6610460141843697e-05,-0.8231140359118664,0.7880463615356921,0.004843752532496716,-0.5145866696499255,0.3027494963360766,0.002448338938483494,0.43495356137467134,0.4270993324621082,-3.571083798495672e-05,-0.8714205829734142,0.7785928082587892,0.004959527450830611,-0.39268498345811925,0.41868310773264333,0.0024326797303110665,0.40021473194770735,0.4136605059438644,2.7601696856995538e-05,-1.2583916158710096,0.4146191950500172,0.00502016845197125,0.01592925838627631,0.7708629062315356,0.002271800977531624,0.7474136218423684,0.7556726332403491,2.0116456681450345e-05,0.03210017157365116,0.40644889821865804,0.001124482660251884,0.08941938875183521,0.401573060322318,0.0009401510681516073,0.7277133019953919,0.746607441334236,7.188525582712013e-05,18.0,0.0,0.07499318838832432,0.219108576359143,0.1445335407916754
0.5760000000000001,0.0,0.0,-0.8020926702871629,0.8038874001480183,0.004828887780175481,-0.48576845173964134,0.31258509316314803,0.0023916221208363465,0.29091744060598373,0.3064254338258788,3.152814782766406e-05,-0.819647457086777,0.7880463615356921,0.004833481192342675,-0.5157978721538291,0.3027494963360766,0.0024520084979580063,0.43087604532585166,0.4270993324621082,-2.3562686737689466e-05,-0.8682140482192625,0.7785928082587892,0.00495004017369661,-0.3931502008793462,0.41868310773264333,0.002434104273572288,0.39594350312061866,0.4136605059438644,4.033732198847112e-05,-1.2579663683688262,0.4146191950500172,0.005019032432763081,0.018266675514703175,0.7708629062315356,0.002264800943535778,0.7458353337255378,0.7556726332403491,2.477703419394206e-05,0.03258466938439017,0.40644889821865804,0.0011230461799350208,0.09066102748234967,0.401573060322318,0.0009364610147114484,0.7327738757170545,0.746607441334236,5.668241801653229e-05,18.0,0.0,0.07499316447890521,0.21912298351153692,0.14463734058569747
0.578,0.0,0.0,-0.7984005381431568,0.8038874001480183,0.004817940211305544,-0.4869043706094424,0.31258509316314803,0.0023950606347083684,0.2858932081761203,0.3064254338258788,4.6523979659685136e-05,-0.8161382927261747,0.7880463615356921,0.004823081455867408,-0.5169969516872854,0.3027494963360766,0.0024556421054697172,0.4267707388637353,0.4270993324621082,-1.1330138591230443e-05,-0.8649635853135005,0.7785928082587892,0.004940420569434155,-0.3936057243413938,0.41868310773264333,0.0024354999258359685,0.39164663184226584,0.4136605059438644,5.315100846973719e-05,-1.2574944926968779,0.4146191950500172,0.00501775669025653,0.020607959161086303,0.7708629062315356,0.0022577886921504972,0.7442324768765058,0.7556726332403491,2.9511898544433814e-05,0.033074884350135544,0.40644889821865804,0.0011215926865028036,0.09191432030758762,0.401573060322318,0.000932736098519905,0.7378269911027882,0.746607441334236,4.150069685154423e-05,18.0,0.0,0.0749931405694861,0.21913739066393084,0.14474114037971952
0.58,0.0,0.0,-0.7946656898226021,0.8038874001480183,0.004806863814873525,-0.4880299169091543,0.31258509316314803,0.0023984683913177715,0.2808437828811456,0.3064254338258788,6.159667694927546e-05,-0.8125867579803456,0.7880463615356921,0.0048125539627856,-0.5181837690789299,0.3027494963360766,0.002459239344070086,0.42263798683362713,0.4270993324621082,9.857807951186848e-07,-0.8616693770558421,0.7785928082587892,0.004930669180716869,-0.3940514898517213,0.41868310773264333,0.0024368664962221114,0.3873244988199894,0.4136605059438644,6.604162230479565e-05,-1.2569759369351625,0.4146191950500172,0.005016341063240685,0.022952903909505887,0.7708629062315356,0.002250764841211348,0.7426052473361676,0.7556726332403491,3.432046909152964e-05,0.033570862719864945,0.40644889821865804,0.0011201220416055674,0.09317929949676539,0.401573060322318,0.0009289762200441912,0.7428722296301541,0.746607441334236,2.63413506943434e-05,18.0,0.0,0.07499311666006699,0.21915179781632477,0.14484494017374158
0.582,0.0,0.0,-0.7908883535880268,0.8038874001480183,0.004795659269911861,-0.48914497014130254,0.31258509316314803,0.002401845030216907,0.27576959636575105,0.3064254338258788,7.674495283419957e-05,-0.8089930698971923,0.7880463615356921,0.004801899358548113,-0.5193581849831566,0.3027494963360766,0.00246279979624502,0.41847813701386893,0.4270993324621082,1.3384036885443152e-05,-0.8583316081415833,0.7785928082587892,0.004920786555943894,-0.3944874330584751,0.41868310773264333,0.002438203792753094,0.38297748743817195,0.4136605059438644,7.900802137162489e-05,-1.256410650986599,0.4146191950500172,0.005014785395955539,0.025301304890332593,0.7708629062315356,0.0022437300069660894,0.7409538436190369,0.7556726332403491,3.920215771254432e-05,0.03407265087267062,0.40644889821865804,0.0011186341064963793,0.09445599639967227,0.401573060322318,0.0009251812824766578,0.74790917374644,0.746607441334236,1.1205635112245593e-05,18.0,0.0,0.07499309275064787,0.2191662049687187,0.14494873996776364
0.584,0.0,0.0,-0.7870687596047381,0.8038874001480183,0.004784327261208135,-0.4902494094720133,0.31258509316314803,0.0024051901899133517,0.27067108293109626,0.3064254338258788,9.19675123803832e-05,-0.8053574474076013,0.7880463615356921,0.004791118294298654,-0.5205200598945309,0.3027494963360766,0.0024663230439576998,0.4142915400897561,0.4270993324621082,2.586358634471775e-05,-0.854950465148514,0.7785928082587892,0.004910773249201117,-0.3949134892571678,0.41868310773264333,0.0024395116223733557,0.3786059837263798,0.4136605059438644,9.204905551707732e-05,-1.255798586582956,0.4146191950500172,0.0050130895381098484,0.027652957797233167,0.7708629062315356,0.0022366848040236095,0.7392784666929116,0.7556726332403491,4.4156368863936366e-05,0.034580295315428666,0.40644889821865804,0.0011171287420379623,0.09574444143571263,0.401573060322318,0.0009213511917679371,0.7529374069066563,0.746607441334236,-3.90519723661198e-06,18.0,0.0,0.07499306884122876,0.21918061212111262,0.1450525397617857
0.586,0.0,0.0,-0.7832071399250362,0.8038874001480183,0.004772868479258269,-0.4913431137430137,0.31258509316314803,0.002408503507905484,0.26554867950044303,0.3064254338258788,0.00010726305268434755,-0.8016801113106182,0.7880463615356921,0.00478021142682988,-0.5216692541623358,0.3027494963360766,0.0024698086686918224,0.4100785496272058,0.4270993324621082,3.842337711705623e-05,-0.8515261365236675,0.7785928082587892,0.00490062982022191,-0.39532959339747276,0.41868310773264333,0.0024407897909694332,0.3742103763272823,0.4136605059438644,0.00010516356665245369,-1.255139697290757,0.4146191950500172,0.0050112533448989196,0.03000765890416053,0.7708629062315356,0.0022296298453029074,0.7375793199583512,0.7556726332403491,4.918249964231225e-05,0.03509384268044536,0.40644889821865804,0.0011156058087096882,0.09704466408303994,0.401573060322318,0.000917485856659816,0.7579565136114255,0.746607441334236,-1.8989896717261145e-05,18.0,0.0,0.07499304493180965,0.21919501927350654,0.14515633955580776
0.588,0.0,0.0,-0.7793037284722453,0.8038874001480183,0.004761283620219163,-0.49242596148377166,0.31258509316314803,0.0024117846207184854,0.2604028255845698,0.3064254338258788,0.00012263026297630724,-0.7979612842584314,0.7880463615356921,0.004769179418538931,-0.5228056280052495,0.3027494963360766,0.0024732562514952375,0.40583952204617835,0.4270993324621082,5.106234850470715e-05,-0.8480588125699065,0.7785928082587892,0.00489035683434737,-0.39573568009013355,0.41868310773264333,0.0024420381033903485,0.36979105646434923,0.4136605059438644,0.00011835038884974619,-1.2544339385171654,0.4146191950500172,0.005009276677022322,0.03236520508232884,0.7708629062315356,0.002222565741982125,0.7358566092279678,0.7556726332403491,5.427993984599344e-05,0.0356133397230803,0.40644889821865804,0.0011140651666146381,0.0983566928677843,0.401573060322318,0.0009135851887178343,0.7629660794447576,0.746607441334236,-3.404721683156853e-05,18.0,0.0,0.07499302102239054,0.21920942642590047,0.14526013934982981
0.59,0.0,0.0,-0.7753587610245629,0.8038874001480183,0.004749573385860791,-0.4934978309237731,0.31258509316314803,0.002415033163940759,0.2552339632469688,0.3064254338258788,0.00013806782472392697,-0.794201190741163,0.7880463615356921,0.00475802293738237,-0.5239290415261528,0.3027494963360766,0.0024766653730239787,0.4015748165938518,0.4270993324621082,6.377943124778951e-05,-0.8445486854323486,0.7785928082587892,0.004879954862486087,-0.3961316836139862,0.41868310773264333,0.0024432563634683305,0.3653484179093298,0.4136605059438644,0.00013160834843854548,-1.2536812675158462,0.4146191950500172,0.005007159400701548,0.03472539381717393,0.7708629062315356,0.0022154931034476205,0.7341105427055307,0.7556726332403491,5.944807203714375e-05,0.03613883331934623,0.40644889821865804,0.0011125066754867333,0.09968055535337535,0.401573060322318,0.000909649102363601,0.7679656911117113,0.746607441334236,-4.907591433156489e-05,18.0,0.0,0.07499299711297143,0.2192238335782944,0.14536393914385187
0.592,0.0,0.0,-0.7713724751987286,0.8038874001480183,0.004737738483517744,-0.49455860000493485,0.31258509316314803,0.0024182487722607636,0.2500425370688278,0.3064254338258788,0.00015357441173673,-0.7904000570714695,0.7880463615356921,0.004746742656830566,-0.5250393547270632,0.3027494963360766,0.002480035613586688,0.39728479531755184,0.4270993324621082,7.657354760476915e-05,-0.8409959490846324,0.7785928082587892,0.0048694244810734135,-0.3965175379230938,0.41868310773264333,0.0024444443740398885,0.3608828569495154,0.4136605059438644,0.00014493626410360373,-1.252881643392804,0.4146191950500172,0.00500490138769759,0.03708802322529965,0.7708629062315356,0.002208412537243085,0.7323413309648872,0.7556726332403491,6.468627160445518e-05,0.03667037046348533,0.40644889821865804,0.0011109301946979353,0.10101627812996208,0.401573060322318,0.000905677514906828,0.7729549364759348,0.746607441334236,-6.407474933242608e-05,18.0,0.0,0.07499297320355232,0.21923824073068832,0.14546773893787393
0.594,0.0,0.0,-0.7673451104335117,0.8038874001480183,0.004725779626040242,-0.495608146394151,0.31258509316314803,0.0024214310795042486,0.24482899411379772,0.3064254338258788,0.000169148690271153,-0.7865581113689502,0.7880463615356921,0.0047353392558214845,-0.5261364275241941,0.3027494963360766,0.0024833665531894195,0.3929698230374372,0.4270993324621082,8.944361143366903e-05,-0.8374007993150223,0.7785928082587892,0.004858766272030265,-0.39689317665399093,0.41868310773264333,0.0024456019369672117,0.35639477235478745,0.4136605059438644,0.000158332946983047,-1.2520350271122003,0.4146191950500172,0.005002502515328465,0.039452892071410346,0.7708629062315356,0.002201324649018708,0.7305491869287009,0.7556726332403491,6.999390682638562e-05,0.03720799826552166,0.40644889821865804,0.0011093355832655183,0.1023638868039314,0.401573060322318,0.0009016703465770679,0.7779334045970839,0.746607441334236,-7.904248542509662e-05,18.0,0.0,0.07499294929413321,0.21925264788308224,0.145571538731896
0.596,0.0,0.0,-0.7632769079730194,0.8038874001480183,0.00471369753174459,-0.49664634749597036,0.31258509316314803,0.0024245797186718972,0.23959378389254912,0.3064254338258788,0.00018478931913624318,-0.7826755835443648,0.7880463615356921,0.004723813418713927,-0.5272201197631372,0.3027494963360766,0.002486657771580812,0.3886302673189421,0.4270993324621082,0.00010238852827401291,-0.8337634337123575,0.7785928082587892,0.004847980822721434,-0.3972585331330377,0.41868310773264333,0.002446728853159903,0.35188456534445384,0.4136605059438644,0.0001717972007672308,-1.2511413815021464,0.4146191950500172,0.0049999626664866525,0.04181979978523003,0.7708629062315356,0.002194230042480376,0.7287343258470069,0.7556726332403491,7.537033893494461e-05,0.03775176394878975,0.40644889821865804,0.0011077226998594091,0.10372340598752688,0.401573060322318,0.0008976275205551599,0.782900685768114,0.746607441334236,-9.397788978854394e-05,18.0,0.0,0.0749929253847141,0.21926705503547617,0.14567533852591805
0.598,0.0,0.0,-0.7591681108498263,0.8038874001480183,0.004701492924363113,-0.4976730804654029,0.31258509316314803,0.002427694321977355,0.23433735832711844,0.3064254338258788,0.00020049494979998897,-0.7787527052836618,0.7880463615356921,0.004712165835240171,-0.5282902912341647,0.3027494963360766,0.0024899088482976416,0.3842664984449766,0.4270993324621082,0.00011540719542949817,-0.8300840516518422,0.7785928082587892,0.00483706872591344,-0.39761354038388086,0.41868310773264333,0.002447824922597043,0.3473526395538752,0.4136605059438644,0.00018532782179823165,-1.250200671260474,0.4146191950500172,0.004997281729656491,0.04418854647840849,0.7708629062315356,0.002187129319338917,0.7268969652755884,0.7556726332403491,8.08149221800264e-05,0.03830171484743889,0.40644889821865804,0.001106091402809605,0.10509485928856972,0.401573060322318,0.0008935489630043734,0.7878563715524411,0.746607441334236,-0.00010887973330163415,18.0,0.0,0.07499290147529498,0.2192814621878701,0.1457791383199401
0.6,0.0,0.0,-0.7550189638679257,0.8038874001480183,0.004689166532993534,-0.4986882222208533,0.31258509316314803,0.002430774520885653,0.22906017171504664,0.3064254338258788,0.00021626422649628101,-0.7747897100318145,0.7880463615356921,0.004700397200458062,-0.5293468016876492,0.3027494963360766,0.002493119362710724,0.379878889387886,0.4270993324621082,0.00012849850205139468,-0.8263628542806805,0.7785928082587892,0.004826030579731894,-0.39795813113502115,0.41868310773264333,0.0024488899443495726,0.342799401000884,0.4136605059438644,0.0001989235991699676,-1.2492128629604824,0.4146191950500172,0.004994459598931474,0.04655893296141468,0.7708629062315356,0.0021800230792593813,0.7250373250541723,0.7556726332403491,8.632700389428183e-05,0.03885789840391308,0.40644889821865804,0.0011044415501136576,0.10647826930028319,0.401573060322318,0.0008894346031012449,0.792800054820971,0.746607441334236,-0.00012374679065461558,18.0,0.0,0.07499287756587587,0.21929586934026402,0.14588293811396216
0.602,0.0,0.0,-0.7508297135855031,0.8038874001480183,0.004676719092047832,-0.4996916494571789,0.31258509316314803,0.002433819946152004,0.22376268069331184,0.3064254338258788,0.0002320957863324964,-0.7707868329764694,0.7880463615356921,0.00468850821470252,-0.5303895108496,0.3027494963360766,0.0024962888940711775,0.3754678157811705,0.4270993324621082,0.00014166132922266656,-0.8226000445035561,0.7785928082587892,0.004814866987618409,-0.39829223782748524,0.41868310773264333,0.0024499237166029936,0.33822525805199843,0.4136605059438644,0.00021258331482894112,-1.2481779250566607,0.4146191950500172,0.004991496174031499,0.048930760760417746,0.7708629062315356,0.002172911919810363,0.7231556272844484,0.7556726332403491,9.19059245585303e-05,0.03942036216640626,0.40644889821865804,0.001102772999444235,0.10787365759122262,0.401573060322318,0.0008852843730661043,0.7977313297889895,0.746607441334236,-0.00013857784046020528,18.0,0.0,0.07499285365645676,0.21931027649265794,0.14598673790798422
0.604,0.0,0.0,-0.746600608297534,0.8038874001480183,0.004664151341200564,-0.5006832386588697,0.31258509316314803,0.002436830227860981,0.218445344202058,0.3064254338258788,0.0002479882593977008,-0.7667443110314046,0.7880463615356921,0.0046764995835364845,-0.5314182784373106,0.3027494963360766,0.00249941702155703,0.371033655890966,0.4270993324621082,0.00015489455004281307,-0.8187958269679587,0.7785928082587892,0.004803578558287037,-0.39861579262260044,0.41868310773264333,0.0024509260366803857,0.3336306213884332,0.4136605059438644,0.00022630574367559785,-1.2470958278903876,0.4146191950500172,0.004988391360320033,0.05130383213415586,0.7708629062315356,0.0021657964364133536,0.7212520963079115,0.7556726332403491,9.755101786770204e-05,0.03998915378629274,0.40644889821865804,0.0011010856081567553,0.10928104469531227,0.401573060322318,0.000881098208193286,0.8026497920529134,0.746607441334236,-0.00015337166536426072,18.0,0.0,0.07499282974703765,0.21932468364505187,0.14609053770200628
0.606,0.0,0.0,-0.7423318980182054,0.8038874001480183,0.004651464025336657,-0.501662866113348,0.31258509316314803,0.002439804995466053,0.21310862344812154,0.3064254338258788,0.00026394026887146236,-0.7626623828197991,0.7880463615356921,0.004664372017701291,-0.532432964175119,0.3027494963360766,0.0025025033243201615,0.3665767905872869,0.4270993324621082,0.0001681970297134266,-0.8149504080493573,0.7785928082587892,0.004792165905680244,-0.39892872740987095,0.41868310773264333,0.0024518967010657314,0.32901590397191033,0.4136605059438644,0.0002400896536662936,-1.2459665436956049,0.4146191950500172,0.004985145068821214,0.05367795009079321,0.7708629062315356,0.0021586772222921395,0.7193269586835286,0.7556726332403491,0.00010326161079731255,0.04056432101553245,0.40644889821865804,0.001099379233297096,0.11070045010199092,0.401573060322318,0.000876876046881017,0.8075550386268973,0.746607441334236,-0.0001681270521560324,18.0,0.0,0.07499280583761854,0.2193390907974458,0.14619433749602834
0.608,0.0,0.0,-0.7380238344631627,0.8038874001480183,0.004638657894498671,-0.5026304079243862,0.31258509316314803,0.0024427438778294877,0.20775298186835797,0.3064254338258788,0.0002799504311332717,-0.758541288657315,0.7880463615356921,0.004652126233066474,-0.5334334278102734,0.3027494963360766,0.0025055473815335867,0.36209760331503327,0.4270993324621082,0.00018156762562446377,-0.8110639958362217,0.7785928082587892,0.004780629648924439,-0.3992309738149537,0.41868310773264333,0.002452835505427543,0.3243815210102713,0.4136605059438644,0.00025393380591586217,-1.2447900466044668,0.4146191950500172,0.004981757216236867,0.056052918404765256,0.7708629062315356,0.0021515548684222273,0.7173804431652314,0.7556726332403491,0.00010903702367046142,0.041145911704050846,0.40644889821865804,0.001097653731609377,0.11213189224646775,0.401573060322318,0.0008726178306609812,0.8124466679792922,0.746607441334236,-0.0001828427918779839,18.0,0.0,0.07499278192819943,0.21935349794983972,0.1462981372900504
0.61,0.0,0.0,-0.7336766710315832,0.8038874001480183,0.004625733703833543,-0.503585740025638,0.31258509316314803,0.0024456465032626027,0.20237888509277044,0.3064254338258788,0.0002960173558725624,-0.7543812705349909,0.7880463615356921,0.004639762950579021,-0.5344195291289043,0.3027494963360766,0.00250854877243905,0.35759648006476125,0.4270993324621082,0.00019500518744122475,-0.8071368001148947,0.7785928082587892,0.0047689704122850325,-0.3995224632077323,0.41868310773264333,0.0024537422446427913,0.3197278899228935,0.4136605059438644,0.0002678369548007793,-1.2435663126529628,0.4146191950500172,0.004978227724963452,0.05842854163361255,0.7708629062315356,0.0021444299634803114,0.7154127806792374,0.7556726332403491,0.00011487657022535291,0.0417339737970932,0.40644889821865804,0.0010959089595438216,0.11357538850009019,0.401573060322318,0.0008683235042275507,0.8173242800689547,0.746607441334236,-0.00019751767993516877,18.0,0.0,0.07499275801878032,0.21936790510223364,0.14640193708407245
0.612,0.0,0.0,-0.7292906627880766,0.8038874001480183,0.0046126922135388045,-0.5045287381942836,0.31258509316314803,0.0024485124995663582,0.1969868009074421,0.3064254338258788,0.000312139646199325,-0.7501825721019497,0.7880463615356921,0.004627282896212049,-0.535391127972099,0.3027494963360766,0.002511507076394943,0.3530738093432204,0.4270993324621082,0.00020850855719204081,-0.8031690323543148,0.7785928082587892,0.004757188825121052,-0.3998031267104876,0.41868310773264333,0.0024546167128211274,0.3150554303059134,0.4136605059438644,0.00028179784806291256,-1.242295319786515,0.4146191950500172,0.0049745565231089405,0.060804625134803135,0.7708629062315356,0.0021373030937937693,0.7134242043011987,0.7556726332403491,0.00012077955768333493,0.042328555332553024,0.40644889821865804,0.0010941447732646945,0.11503095516082534,0.401573060322318,0.0008639930154666835,0.8221874763814004,0.746607441334236,-0.00021215051620415639,18.0,0.0,0.0749927341093612,0.21938231225462757,0.1465057368780945
0.614,0.0,0.0,-0.7248660664444138,0.8038874001480183,0.004599534188808285,-0.5054592780647829,0.31258509316314803,0.0024513414940722945,0.19157719921727445,0.3064254338258788,0.00032831589875531,-0.7459454386479193,0.7880463615356921,0.004614686800912925,-0.5363480842520746,0.3027494963360766,0.0025144218729245267,0.3485299821436573,0.4270993324621082,0.0002220765693566633,-0.7991609056905905,0.7785928082587892,0.004745285521839312,-0.4000728952061624,0.41868310773264333,0.0024554587033293928,0.310364563897258,0.4136605059438644,0.00029581522691385305,-1.2409770478655473,0.4146191950500172,0.004970743544509596,0.06318097508254375,0.7708629062315356,0.0021301748432901975,0.7114149492331813,0.7556726332403491,0.00012674528681745113,0.042929704438274346,0.40644889821865804,0.0010923610286583151,0.11649860744385664,0.401573060322318,0.0008596263154844779,0.8270358599648004,0.746607441334236,-0.00022674010514149345,18.0,0.0,0.0749927101999421,0.2193967194070215,0.14660953667211657
0.616,0.0,0.0,-0.7204031403410842,0.8038874001480183,0.004586260399777296,-0.5063772351427375,0.31258509316314803,0.0024541331136837927,0.1861505520085334,0.3064254338258788,0.00034454470382581297,-0.7416701170855677,0.7880463615356921,0.004601975400550834,-0.5372902579684496,0.3027494963360766,0.0025172927417644536,0.34396539191588726,0.4270993324621082,0.0002357080509553526,-0.795112634911429,0.7785928082587892,0.004733261141848139,-0.40033169934671964,0.41868310773264333,0.002456268008816417,0.3056557145414884,0.4136605059438644,0.00030988782613981927,-1.239611478671028,0.4146191950500172,0.004966788728746694,0.06555739848457984,0.7708629062315356,0.0021230457934469757,0.7093852527804758,0.7556726332403491,0.00013277305202150335,0.0435374693293276,0.40644889821865804,0.001090557581341151,0.11797835947229729,0.401573060322318,0.000855223358635384,0.8318690354658169,0.746607441334236,-0.0002412852558916935,18.0,0.0,0.07499268629052298,0.21941112655941541,0.14671333646613863
0.618,0.0,0.0,-0.715902144428685,0.8038874001480183,0.004572871621467307,-0.5072824848188558,0.31258509316314803,0.0024568869849176567,0.18070733331120542,0.3064254338258788,0.00036082464545203615,-0.7373568559326544,0.7880463615356921,0.00458914943586378,-0.5382175092246079,0.3027494963360766,0.002520119262913579,0.33938043453613537,0.4270993324621082,0.00024940182163866277,-0.7910244364404193,0.7785928082587892,0.004721116329510655,-0.40057946956159135,0.41868310773264333,0.002457044421238089,0.30092930815445623,0.4136605059438644,0.00032401437420712803,-1.2381985959099826,0.4146191950500172,0.004962692021163136,0.06793370319898452,0.7708629062315356,0.0021159165232408675,0.7073353543282406,0.7556726332403491,0.00013886214137961972,0.044151898305258855,0.40644889821865804,0.0010887342866679913,0.11947022426802223,0.401573060322318,0.0008507841025500621,0.8366866091652737,0.746607441334236,-0.0002557847823947429,18.0,0.0,0.07499266238110387,0.21942553371180934,0.14681713626016069
0.62,0.0,0.0,-0.7113633402491402,0.8038874001480183,0.00455936863373011,-0.508174902383021,0.31258509316314803,0.002459602733946012,0.17524801916116542,0.3064254338258788,0.0003771543015440201,-0.7330059052939965,0.7880463615356921,0.004576209652405039,-0.5391296982441544,0.3027494963360766,0.0025229010166820534,0.334775508276648,0.4270993324621082,0.00026315669377791843,-0.7868965283211711,0.7785928082587892,0.004708851734097626,-0.40081613606621724,0.41868310773264333,0.002457787731882704,0.2961857726877766,0.4136605059438644,0.0003381935933682245,-1.2367383852209788,0.4146191950500172,0.00495845337288,0.07030969795093639,0.7708629062315356,0.0021087876090976534,0.7052654953179789,0.7556726332403491,0.00014501183673632545,0.04477303974731205,0.40644889821865804,0.0010868909997401976,0.1209742137426201,0.401573060322318,0.0008463085081628872,0.8414881890136594,0.746607441334236,-0.00027023750349311324,18.0,0.0,0.07499263847168476,0.21943994086420326,0.14692093605418274
0.622,0.0,0.0,-0.7067869909167528,0.8038874001480183,0.004545752221191476,-0.5090543630384566,0.31258509316314803,0.0024622799866385074,0.16977308756215861,0.3064254338258788,0.0003935322439941401,-0.7286175168432522,0.7880463615356921,0.004563156800489066,-0.5400266853874591,0.3027494963360766,0.002525637583740693,0.3301510137750757,0.4270993324621082,0.0002769714725563806,-0.7827291302013115,0.7785928082587892,0.004696468009739881,-0.40104162887067035,0.41868310773264333,0.0024584977313965818,0.29142553809311916,0.4136605059438644,0.0003524241997682633,-1.2352308341795795,0.4146191950500172,0.0049540727408129885,0.0726851923494862,0.7708629062315356,0.0021016596248417977,0.7031759192238518,0.7556726332403491,0.00015122141376711052,0.04540094211562407,0.40644889821865804,0.001085027575414038,0.1224903386884669,0.401573060322318,0.0008417965397390937,0.8462733846664596,0.746607441334236,-0.0002846422430382704,18.0,0.0,0.07499261456226565,0.2194543480165972,0.1470247358482048
0.624,0.0,0.0,-0.7021733610990912,0.8038874001480183,0.0045320231731943135,-0.5099207419159899,0.31258509316314803,0.002464918368604814,0.16428301844759835,0.3064254338258788,0.0004099570387911605,-0.7241919438045225,0.7880463615356921,0.004549991635136833,-0.5409083311682861,0.3027494963360766,0.0025283285451706073,0.32550735400362957,0.4270993324621082,0.0002908449560610974,-0.7785224633163407,0.7785928082587892,0.004683965815380302,-0.40125587778836874,0.41868310773264333,0.0024591742098099413,0.2866490362863202,0.4136605059438644,0.00036670490355223567,-1.2336759323037667,0.4146191950500172,0.004949550087688791,0.07505999690431245,0.7708629062315356,0.0020945331416461484,0.7010668715288275,0.7556726332403491,0.00015749014204949176,0.046035653946392224,0.40644889821865804,0.0010831438683091019,0.12401860876992285,0.401573060322318,0.0008372481649015532,0.8510418075193142,0.746607441334236,-0.000298997829996671,18.0,0.0,0.07499259065284654,0.21946875516899111,0.14712853564222686
0.626,0.0,0.0,-0.6975227169977103,0.8038874001480183,0.004518182283741329,-0.5107739140884072,0.31258509316314803,0.0024675175052374138,0.15877829364218196,0.3064254338258788,0.0004264272461348413,-0.7197294409337707,0.7880463615356921,0.004536714916020644,-0.5417744962705041,0.3027494963360766,0.0025309734825130882,0.32084493423801086,0.4270993324621082,0.0003047759353754359,-0.7742767504733468,0.7785928082587892,0.00467134581472539,-0.4014588124448708,0.41868310773264333,0.0024598169565630363,0.2818567011113181,0.4136605059438644,0.00038103440897263255,-1.2320736710593319,0.4146191950500172,0.004944885382061353,0.07743392304246557,0.7708629062315356,0.0020874087279816695,0.6989385997006685,0.7556726332403491,0.0001638172851345646,0.04667722384901397,0.40644889821865804,0.0010812397328167976,0.12555903251465414,0.401573060322318,0.0008326633546571853,0.8557930707429975,0.746607441334236,-0.00031330309855523485,18.0,0.0,0.07499256674342743,0.21948316232138504,0.14723233543624892
0.628,0.0,0.0,-0.6928353263287078,0.8038874001480183,0.0045042303514371855,-0.5116137545849009,0.31258509316314803,0.002470077021754666,0.15325939682332662,0.3064254338258788,0.00044294142055109045,-0.7152302645000622,0.7880463615356921,0.004523327407408388,-0.5426250415648772,0.3027494963360766,0.0025335719778197424,0.31616416202611697,0.4270993324621082,0.00031876319467229197,-0.7699922160345835,0.7785928082587892,0.004658608676196408,-0.4016503622867522,0.41868310773264333,0.002460425760532543,0.27704896830391434,0.4136605059438644,0.0003954114144976388,-1.2304240438652336,0.4146191950500172,0.004940078598328047,0.07980678312510084,0.7708629062315356,0.0020802869495672102,0.6967913531677586,0.7556726332403491,0.00017020210061904163,0.04732570050319848,0.40644889821865804,0.0010793150231089323,0.12711161730508103,0.401573060322318,0.0008280420834229915,0.8605267893182168,0.746607441334236,-0.0003275568882262846,18.0,0.0,0.07499254283400832,0.21949756947377896,0.14733613523027098
0.63,0.0,0.0,-0.68811145830312,0.8038874001480183,0.004490168179430178,-0.5124401384056032,0.31258509316314803,0.002472596543244147,0.1477268134824274,0.3064254338258788,0.0004594981110076565,-0.7106946722666243,0.7880463615356921,0.004509829878107263,-0.5434598281259307,0.3027494963360766,0.0025361236137028615,0.3114654471565233,0.4270993324621082,0.00033280551130797364,-0.7656690859009099,0.7785928082587892,0.004645755072880118,-0.40183045659056305,0.41868310773264333,0.0024610004100581867,0.2722262754553629,0.4136605059438644,0.00040983461291985016,-1.2287270460989217,0.4146191950500172,0.004935129716745753,0.08217839046419954,0.7708629062315356,0.0020731683693193045,0.6946253832947707,0.7556726332403491,0.00017664384021777124,0.047981132656049856,0.40644889821865804,0.0010773695931463787,0.128676369369954,0.401573060322318,0.0008233843290517109,0.8652425800702274,0.746607441334236,-0.00034175804395194257,18.0,0.0,0.0749925189245892,0.2195119766261729,0.14743993502429303
0.632,0.0,0.0,-0.6833513836071543,0.8038874001480183,0.004475996575353415,-0.5132529405362051,0.31258509316314803,0.0024750756947062537,0.14218103088593945,0.3064254338258788,0.00047609586103035417,-0.7061229234717282,0.7880463615356921,0.004496223101406949,-0.5442787172488899,0.3027494963360766,0.0025386279733860223,0.3067492016267437,0.4270993324621082,0.00034690165591675466,-0.7613075874950953,0.7785928082587892,0.004632785682479097,-0.4019990244718624,0.41868310773264333,0.0024615406929696195,0.26738906197579004,0.4136605059438644,0.00042430269146550453,-1.2269826751016253,0.4146191950500172,0.004930038723446817,0.08454855933927845,0.7708629062315356,0.0020660535473020084,0.6924409433581762,0.7556726332403491,0.00018314174983673494,0.04864356911912151,0.40644889821865804,0.0010754032966878246,0.1302532937760594,0.401573060322318,0.0008186900728570921,0.8699400617032595,0.746607441334236,-0.00035590541620797423,18.0,0.0,0.0749924950151701,0.2195263837785668,0.1475437348183151
0.634,0.0,0.0,-0.6785553743822632,0.8038874001480183,0.004461716351265518,-0.5140520359626565,0.31258509316314803,0.0024775141010980597,0.1366225380362867,0.3064254338258788,0.000492733208819818,-0.7015152788093935,0.7880463615356921,0.004482507855022261,-0.5450815704666887,0.3027494963360766,0.0025410846407548995,0.3020158396112698,0.4270993324621082,0.0003610503925060935,-0.7569079497449896,0.7785928082587892,0.004619701187261654,-0.4021559948943294,0.41868310773264333,0.002462046396613517,0.2625377690574476,0.4136605059438644,0.00043881433190422306,-1.225190930183606,0.4146191950500172,0.004924805610454927,0.0869171050140872,0.7708629062315356,0.0020589430406767716,0.6902382885215986,0.7556726332403491,0.00018969506964651862,0.0493130587654416,0.40644889821865804,0.0010734159872986097,0.1318423944200562,0.401573060322318,0.0008139592996387757,0.8746188548347554,0.746607441334236,-0.0003699978611070708,18.0,0.0,0.07499247110575098,0.21954079093096074,0.14764753461233715
0.636,0.0,0.0,-0.6737237042050592,0.8038874001480183,0.004447328323590845,-0.5148372996859459,0.31258509316314803,0.0024799113873774136,0.1310518256325989,0.3064254338258788,0.0005094086873687762,-0.6968720004099161,0.7880463615356921,0.004468684921035256,-0.5458682495670446,0.3027494963360766,0.002543493200408296,0.2972657774293914,0.4270993324621082,0.0003752504785525151,-0.7524704030665615,0.7785928082587892,0.004606502274011336,-0.40230129667894765,0.41868310773264333,0.0024625173078809182,0.2576728396378016,0.4136605059438644,0.00045336821065925046,-1.223351812629371,0.4146191950500172,0.0049194303757008695,0.08928384375329332,0.7708629062315356,0.0020518374036523454,0.6880176758110123,0.7556726332403491,0.00019630303415625128,0.04998965052650905,0.40644889821865804,0.0010714075183596492,0.1334436740204454,0.401573060322318,0.0008091919977067855,0.8792785820294113,0.746607441334236,-0.00038403424050155845,18.0,0.0,0.07499244719633187,0.21955519808335466,0.1477513344063592
0.638,0.0,0.0,-0.668856648067073,0.8038874001480183,0.004432833313059233,-0.5156086067369549,0.31258509316314803,0.0024822671785472822,0.12546938603127905,0.3064254338258788,0.0005261208245798397,-0.6921933518202226,0.7880463615356921,0.004454755085836824,-0.5466386166095967,0.3027494963360766,0.0025458532377093637,0.2924994335127986,0.4270993324621082,0.0003895006650981503,-0.7479951793468053,0.7785928082587892,0.004593189633976052,-0.4024348585132617,0.41868310773264333,0.002462953213234773,0.25279471836245904,0.4136605059438644,0.00046796299891818844,-1.2214653257028512,0.4146191950500172,0.004913913023038164,0.09164859283915452,0.7708629062315356,0.002044737187434727,0.6857793640897865,0.7556726332403491,0.0002029648722880104,0.050673393389259885,0.40644889821865804,0.001069377743076447,0.13505713410967354,0.401573060322318,0.0008043881589056177,0.8839188678330238,0.746607441334236,-0.00039801342208552616,18.0,0.0,0.07499242328691276,0.2195696052357486,0.14785513420038127
0.64,0.0,0.0,-0.6639544823543556,0.8038874001480183,0.004418232144645274,-0.516365832191385,0.31258509316314803,0.002484581099700309,0.1198757132064038,0.3064254338258788,0.0005428681433837991,-0.6874795979840488,0.7880463615356921,0.004440719140067744,-0.5473925339431034,0.3027494963360766,0.00254816433883702,0.28771722837296737,0.4270993324621082,0.00040379969684792874,-0.743482511926518,0.7785928082587892,0.0045797639628167835,-0.4025566089607034,0.41868310773264333,0.002463353898737715,0.24790385154793568,0.4136605059438644,0.00048259736274421604,-1.2195314746525354,0.4146191950500172,0.004908253562258605,0.094011170588178,0.7708629062315356,0.0020376429401771433,0.6835236140335783,0.7556726332403491,0.0002096798074516878,0.05136433639300356,0.40644889821865804,0.0010673265144881944,0.136682775026372,0.401573060322318,0.0007995477786379333,0.8885393388061348,0.746607441334236,-0.0004119342794963634,18.0,0.0,0.07499239937749365,0.2195840123881425,0.14795893399440332
0.642,0.0,0.0,-0.659017484826927,0.8038874001480183,0.004403525647507122,-0.5171088511847555,0.31258509316314803,0.002486852776063599,0.11427130270995861,0.3064254338258788,0.0005596491618584249,-0.682731005221948,0.7880463615356921,0.004426577878559222,-0.5481298642226972,0.3027494963360766,0.00255042609083754,0.2829195845683301,0.4270993324621082,0.00041814631226742247,-0.7389326355829503,0.7785928082587892,0.004566225960555921,-0.4026664764699855,0.41868310773264333,0.00246371915008004,0.2430006871442664,0.4136605059438644,0.0004972699631877861,-1.2175502667165663,0.4146191950500172,0.004902452009107658,0.09637139636776611,0.7708629062315356,0.002030555206930073,0.6812506881050745,0.7556726332403491,0.00021644705762031226,0.05206252862632889,0.40644889821865804,0.0010652536854769635,0.13832059590773346,0.401573060322318,0.000794670855887838,0.8931396235574746,0.746607441334236,-0.0004257956924156965,18.0,0.0,0.07499237546807454,0.21959841954053644,0.14806273378842538
0.644,0.0,0.0,-0.6540459345980715,0.8038874001480183,0.004388714654924836,-0.5178375389274656,0.31258509316314803,0.0024890818330437106,0.1086566516319099,0.3064254338258788,0.0005764623933477605,-0.6779478412111264,0.7880463615356921,0.00441233210027292,-0.5488504704271919,0.3027494963360766,0.0025526380816763214,0.2781069266712324,0.4270993324621082,0.00043253924368133424,-0.7343457865123283,0.7785928082587892,0.004552576331525218,-0.4027643893845613,0.41868310773264333,0.0024640487526078865,0.23808567469746172,0.4136605059438644,0.000511979456398794,-1.2155217111277918,0.4146191950500172,0.00489650838529975,0.09872909061284821,0.7708629062315356,0.0020234745295913087,0.6789608505285838,0.7556726332403491,0.00022326583540582367,0.05276801922397934,0.40644889821865804,0.0010631591087769876,0.13997059468202722,0.401573060322318,0.0007897573932437535,0.897719352777197,0.746607441334236,-0.00043959654666971584,18.0,0.0,0.07499235155865543,0.21961282669293036,0.14816653358244744
0.646,0.0,0.0,-0.6490401121134827,0.8038874001480183,0.004373800004238269,-0.5185517707199214,0.31258509316314803,0.0024912678962718407,0.1030322585601165,0.3064254338258788,0.0005933063465819067,-0.6731303749651099,0.7880463615356921,0.004397982608240455,-0.5495542158764406,0.3027494963360766,0.0025547999002898058,0.2732796812346773,0.4270993324621082,0.0004469772173726274,-0.7297222023122534,0.7785928082587892,0.004538815784313352,-0.40285027595214756,0.41868310773264333,0.002464342491351614,0.23315926531181252,0.4136605059438644,0.000526724493739208,-1.2134458191187734,0.4146191950500172,0.004890422718533427,0.10108407484249797,0.7708629062315356,0.0020164014468560623,0.6766543672644816,0.7556726332403491,0.00023013534813529578,0.05348085736369722,0.40644889821865804,0.0010610426369840362,0.14163276806125444,0.401573060322318,0.0007848073969208724,0.9022781592699066,0.746607441334236,-0.0004533357343288833,18.0,0.0,0.07499232764923632,0.2196272338453243,0.1482703333764695
0.648,0.0,0.0,-0.6440002991302587,0.8038874001480183,0.004358782536784503,-0.5192514219677216,0.31258509316314803,0.002493410591649208,0.0973986235400824,0.3064254338258788,0.0006101795257972869,-0.6682788768132417,0.7880463615356921,0.004383530209502406,-0.5502409642487387,0.3027494963360766,0.002556911136637552,0.2684382767588592,0.4270993324621082,0.00046145895368229274,-0.7250621219639775,0.7785928082587892,0.004524945031713128,-0.4029240643343082,0.41868310773264333,0.002464600151054373,0.22822191161204544,0.4136605059438644,0.0005415037218961556,-1.2113226039267488,0.4146191950500172,0.004884195042506372,0.10343617167653561,0.7708629062315356,0.002009336494167113,0.6743315059835082,0.7556726332403491,0.00023705479792760243,0.054201092263036474,0.40644889821865804,0.0010589041225648823,0.14330711153394549,0.401573060322318,0.0007798208767831906,0.906815677987472,0.746607441334236,-0.000467012153807012,18.0,0.0,0.0749923037398172,0.2196416409977182,0.14837413317049156
0.65,0.0,0.0,-0.6389267786957494,0.8038874001480183,0.004343663097834831,-0.5199363681969007,0.31258509316314803,0.0024955095453926086,0.09175624803455336,0.3064254338258788,0.0006270804308573892,-0.6633936183800135,0.7880463615356921,0.004368975715046801,-0.5509105795982707,0.3027494963360766,0.002558971381754446,0.263583143657488,0.4270993324621082,0.000475983167109747,-0.7203657858145572,0.7785928082587892,0.0045109647906683,-0.4029856826160978,0.41868310773264333,0.002464821516200855,0.22327406770533184,0.4136605059438644,0.0005563157829954568,-1.2091520807985479,0.4146191950500172,0.004877825396930298,0.10578520485211457,0.7708629062315356,0.002002280203665,0.6719925360409222,0.7556726332403491,0.00024402338177052253,0.05492877317614377,0.40644889821865804,0.0010567434178668648,0.14499361935810012,0.401573060322318,0.0007747978463651176,0.9113315460616244,0.746607441334236,-0.00048062470995970807,18.0,0.0,0.07499227983039809,0.21965604815011214,0.14847793296451361
0.652,0.0,0.0,-0.6338198351262583,0.8038874001480183,0.004328442536531303,-0.5206064850692257,0.31258509316314803,0.002497564384080146,0.08610563488295918,0.3064254338258788,0.0006440075573739763,-0.6584748725642312,0.7880463615356921,0.004354319939747117,-0.5515629263725967,0.3027494963360766,0.002560980227803042,0.25871471422390574,0.4270993324621082,0.0004905485664138606,-0.7156334355588893,0.7785928082587892,0.00449687578222004,-0.4030350588157613,0.41868310773264333,0.0024650063710462237,0.21831618914315268,0.4136605059438644,0.0005711593147155977,-1.2069342669954592,0.4146191950500172,0.004871313827545695,0.10813099924029185,0.7708629062315356,0.0019952331041382635,0.6696377284505103,0.7556726332403491,0.00025104029159828047,0.05566394939050743,0.40644889821865804,0.001054560375127543,0.1466922845542726,0.401573060322318,0.0007697383228926536,0.915825402836338,0.746607441334236,-0.0004941723141821653,18.0,0.0,0.07499225592097898,0.21967045530250606,0.14858173275853567
0.654,0.0,0.0,-0.6286797539855989,0.8038874001480183,0.0043131217058228295,-0.5212616483975423,0.31258509316314803,0.0024995747346971213,0.08044728826070426,0.3064254338258788,0.0006609593968287588,-0.6535229135180165,0.7880463615356921,0.00433956370229977,-0.5521978694301738,0.3027494963360766,0.00256293726812602,0.2538334225969969,0.4270993324621082,0.0005051538547146073,-0.7108653142216262,0.7785928082587892,0.004482678731453035,-0.40307212089448896,0.41868310773264333,0.002465154499645214,0.21334873288302206,0.4136605059438644,0.0005860329504021351,-1.2046691817980477,0.4146191950500172,0.00486466038613643,0.11047338086258147,0.7708629062315356,0.0019881957209737316,0.6672673558584553,0.7556726332403491,0.00025810471436951633,0.05640667022367384,0.40644889821865804,0.001052354846484452,0.14840309889880277,0.401573060322318,0.0007646423273041361,0.9202968898999877,0.746607441334236,-0.000507653884506306,18.0,0.0,0.07499223201155987,0.2196848624549,0.14868553255255773
0.656,0.0,0.0,-0.6235068220635097,0.8038874001480183,0.004297701462400851,-0.521901734161169,0.31258509316314803,0.0025015402246820707,0.07478171363830853,0.3064254338258788,0.0006779344366955236,-0.6485380166256465,0.7880463615356921,0.004324707825161126,-0.5528152740579105,0.3027494963360766,0.0025648420972987514,0.24893970472689422,0.4270993324621082,0.0005197977295953338,-0.7060616661389779,0.7785928082587892,0.0044683743674412465,-0.40309679676622323,0.41868310773264333,0.002465265685881397,0.20837215725007188,0.4136605059438644,0.000600935319182527,-1.20235684651092,0.4146191950500172,0.004857865130544195,0.11281217690749012,0.7708629062315356,0.0019811685761068625,0.6648816925170642,0.7556726332403491,0.00026521583214568126,0.057156985019931134,0.40644889821865804,0.0010501266839849526,0.1501260529171947,0.401573060322318,0.0007595098842705457,0.9247456511172836,0.746607441334236,-0.0005210683456972553,18.0,0.0,0.07499220810214076,0.2196992696072939,0.1487893323465798
0.658,0.0,0.0,-0.6183013273539273,0.8038874001480183,0.004282182666634584,-0.5225266185213342,0.31258509316314803,0.0025034604819729515,0.06910941774040111,0.3064254338258788,0.0006949311605627107,-0.6435204584822325,0.7880463615356921,0.0043097531344840154,-0.5534150059887504,0.3027494963360766,0.0025666943111819617,0.24403399834048112,0.4270993324621082,0.0005344788832056419,-0.701222736940397,0.7785928082587892,0.004453963423193302,-0.4031090143075159,0.41868310773264333,0.0024653397134965995,0.20338692189850044,0.4136605059438644,0.0006158650460813775,-1.1999972844674371,0.4146191950500172,0.004850928124682812,0.1151472157470344,0.7708629062315356,0.0019741521879721364,0.6624810142583567,0.7556726332403491,0.0002723728221698546,0.057914943146959504,0.40644889821865804,0.0010478757395961807,0.15186113587764444,0.401573060322318,0.0007543410222153698,0.9291713326609768,0.746607441334236,-0.0005344146293491429,18.0,0.0,0.07499218419272165,0.21971367675968784,0.14889313214060185
0.66,0.0,0.0,-0.6130635590331208,0.8038874001480183,0.004266566182505837,-0.5231361778366534,0.31258509316314803,0.0025053351350534468,0.06343090850456899,0.3064254338258788,0.000711948048256433,-0.6384705168722402,0.7880463615356921,0.004294700460053774,-0.5539969314192797,0.3027494963360766,0.002568493506974481,0.2391167429066932,0.4270993324621082,0.0005491960023648812,-0.696348773530153,0.7785928082587892,0.004439446635597559,-0.4031087013674334,0.41868310773264333,0.0024653763661204777,0.19839348777288754,0.4136605059438644,0.0006308207521360918,-1.1975905210343722,0.4146191950500172,0.004843849438552364,0.11747832695323872,0.7708629062315356,0.0019671470714535035,0.660065598467517,0.7556726332403491,0.00027957485694597706,0.058680593992448016,0.40644889821865804,0.0010456018652150957,0.15360833578471814,0.401573060322318,0.0007491357733340207,0.9335735830433365,0.746607441334236,-0.0005476916739802226,18.0,0.0,0.07499216028330254,0.21972808391208176,0.1489969319346239
0.662,0.0,0.0,-0.6077938074376896,0.8038874001480183,0.0042508528775434175,-0.5237302886786444,0.31258509316314803,0.0025071638129994045,0.05774669504006307,0.3064254338258788,0.0007289835759639293,-0.633388470747852,0.7880463615356921,0.004279550635223797,-0.5545609170273582,0.3027494963360766,0.0025702392832660692,0.23418837960161978,0.4270993324621082,0.0005639477686662449,-0.6914400240687943,0.7785928082587892,0.004424824745366826,-0.40309578577750727,0.41868310773264333,0.00246537542730023,0.19339231706937865,0.4136605059438644,0.0006458010545129305,-1.1951365836165109,0.4146191950500172,0.004836629148253169,0.11980534131461294,0.7708629062315356,0.001960153737834891,0.65763572405621,0.7556726332403491,0.00028682110431849615,0.059453986960677385,0.40644889821865804,0.00104330491267863,0.15536763937318196,0.401573060322318,0.0007438941736127995,0.9379520531473918,0.746607441334236,-0.0005608984251273016,18.0,0.0,0.07499213637388343,0.2197424910644757,0.14910073172864596
0.664,0.0,0.0,-0.6024923640424249,0.8038874001480183,0.004235043622757124,-0.5243088278472743,0.31258509316314803,0.002508946145525377,0.05205728758636392,0.3064254338258788,0.0007460362163574471,-0.6282746002071747,0.7880463615356921,0.004264304496850632,-0.5551068299897663,0.3027494963360766,0.0025719312400903044,0.22924935127340726,0.4270993324621082,0.0005787328585814652,-0.6864967379545025,0.7785928082587892,0.00441009849698275,-0.4030701953617282,0.41868310773264333,0.002465336680530452,0.18838387319674094,0.4136605059438644,0.0006608045666234572,-1.1926355016611945,0.4146191950500172,0.004829267335999584,0.12212809085260906,0.7708629062315356,0.001953172694750768,0.6551916714357628,0.7556726332403491,0.0002941107275524173,0.06023517146906839,0.40644889821865804,0.001040984733773942,0.15713903210198527,0.401573060322318,0.0007386162628474081,0.9423063962579395,0.746607441334236,-0.0005740338354394677,18.0,0.0,0.07499211246446431,0.2197568982168696,0.14920453152266802
0.666,0.0,0.0,-0.5971595214380386,0.8038874001480183,0.004219139292571329,-0.5248716723865386,0.31258509316314803,0.002510681763031267,0.04636319747160967,0.3064254338258788,0.0007631044387185446,-0.6231291864722933,0.7880463615356921,0.004248962885228601,-0.5556345379998682,0.3027494963360766,0.002573568978977529,0.22430010240696638,0.4270993324621082,0.0005935499435661028,-0.6815191658043382,0.7785928082587892,0.004395268638639875,-0.40303185794658103,0.41868310773264333,0.0024652599092831145,0.18336862073729376,0.4136605059438644,0.0006758298982413704,-1.1900873066628024,0.4146191950500172,0.004821764090133635,0.12444640883805562,0.7708629062315356,0.0019462044461367796,0.6527337224902148,0.7556726332403491,0.00030144288541375866,0.06102419694469554,0.40644889821865804,0.0010386411802487691,0.15892249814839846,0.401573060322318,0.0007333020846609982,0.9466362680923116,0.746607441334236,-0.0005870968647711108,18.0,0.0,0.0749920885550452,0.21977130536926354,0.14930833131669008
0.668,0.0,0.0,-0.5917955733087609,0.8038874001480183,0.00420314076475817,-0.5254186996000657,0.31258509316314803,0.0025123702966490602,0.0406649370708883,0.3064254338258788,0.0007801867090628074,-0.6179525118671729,0.7880463615356921,0.004233526644023956,-0.5561439092852845,0.3027494963360766,0.0025751521030078343,0.21934107908848482,0.4270993324621082,0.0006083976901654255,-0.676507559435383,0.7785928082587892,0.004380335922189382,-0.4029807013711181,0.41868310773264333,0.002465144897037673,0.1783470254077164,0.4136605059438644,0.0006908756556197119,-1.1874920321671736,0.4146191950500172,0.004814119505138458,0.12676012980756912,0.7708629062315356,0.0019392494921804402,0.6502621605492357,0.7556726332403491,0.00030881673225040284,0.06182111282076556,0.40644889821865804,0.0010362741038218875,0.16071802040230687,0.401573060322318,0.0007279516865217586,0.9509413268309015,0.746607441334236,-0.000600086480274227,18.0,0.0,0.07499206464562609,0.21978571252165746,0.14941213111071214
0.67,0.0,0.0,-0.5864008144098076,0.8038874001480183,0.004187048920370337,-0.5259497870667451,0.31258509316314803,0.0025140113782896414,0.03496301976439695,0.3064254338258788,0.0007972814902649715,-0.6127448597954113,0.7880463615356921,0.004217996620208595,-0.5566348126255725,0.3027494963360766,0.002576680216864083,0.21437272896974707,0.4270993324621082,0.00062327476012087,-0.6714621718457764,0.7785928082587892,0.004365301103082517,-0.4029166534970691,0.41868310773264333,0.002464991427311284,0.17331955401973578,0.4136605059438644,0.000705940441608444,-1.184849713775963,0.4146191950500172,0.004806333681651572,0.1290690895799412,0.7708629062315356,0.0019323083292718997,0.6477772703609155,0.7556726332403491,0.0003162314180733401,0.06262596853306034,0.40644889821865804,0.0010338833561936774,0.16252558046066187,0.401573060322318,0.0007225651197600334,0.9552212331474461,0.746607441334236,-0.0006130016564899966,18.0,0.0,0.07499204073620698,0.2198001196740514,0.1495159309047342
0.672,0.0,0.0,-0.5809755405447217,0.8038874001480183,0.004170864643673478,-0.5264648126563758,0.31258509316314803,0.002515604640689679,0.02925795989547049,0.3064254338258788,0.0008143872421844454,-0.6075065147178432,0.7880463615356921,0.00420237366399331,-0.5571071173699095,0.3027494963360766,0.0025781529268849475,0.20939550123226314,0.4270993324621082,0.0006381798104770833,-0.6663832571956532,0.7785928082587892,0.004350164940313697,-0.40283964221898505,0.41868310773264333,0.0024647992836891374,0.1682866744406965,0.4136605059438644,0.0007210228557723859,-1.182160389150934,0.4146191950500172,0.00479840672647794,0.13137312527250053,0.7708629062315356,0.0019253814499547832,0.6452793380644264,0.7556726332403491,0.00032368608863830075,0.06343881351634392,0.40644889821865804,0.001031468789056793,0.1643451586220909,0.401573060322318,0.0007171424395849684,0.9594756502390602,0.746607441334236,-0.0006258413754396305,18.0,0.0,0.07499201682678787,0.2198145268264453,0.14961973069875625
0.674,0.0,0.0,-0.575520048542588,0.8038874001480183,0.00415458882207822,-0.5269636545453307,0.31258509316314803,0.0025171497174585715,0.023550272728481925,0.3064254338258788,0.0008315024217912249,-0.60223776213,0.7880463615356921,0.004186658628760606,-0.5575606934547759,0.3027494963360766,0.002579569841117958,0.20440984655120836,0.4270993324621082,0.0006531114936895352,-0.6612710707879795,0.7785928082587892,0.0043349281963633276,-0.4027495954744132,0.41868310773264333,0.0024645682498548854,0.1632488555540167,0.4136605059438644,0.0007361214945095036,-1.1794240980181825,0.4146191950500172,0.004790338752602854,0.1336720753174482,0.7708629062315356,0.0019184693428771053,0.6427686511625589,0.7556726332403491,0.000331179885527768,0.06425969720073318,0.40644889821865804,0.0010290302541069423,0.16617673388166737,0.401573060322318,0.0007116837051006812,0.9637042438560209,0.746607441334236,-0.0006386046267144728,18.0,0.0,0.07499199291736876,0.21982893397883924,0.1497235304927783
0.676,0.0,0.0,-0.5700346362351261,0.8038874001480183,0.004138222346071819,-0.5274461912322341,0.31258509316314803,0.002518646243125436,0.01784047440661713,0.3064254338258788,0.0008486254832921905,-0.5969388885394242,0.7880463615356921,0.004170852370997077,-0.5579954114216339,0.3027494963360766,0.0025809305693725577,0.1994162170591759,0.4270993324621082,0.0006680684577326995,-0.6561258690492929,0.7785928082587892,0.004319591637140306,-0.4026464412541017,0.41868310773264333,0.0024642981096211695,0.15820656721953152,0.4136605059438644,0.0007512349511695431,-1.1766408821722922,0.4146191950500172,0.004782129879204598,0.1359657794781656,0.7708629062315356,0.0019115724927422624,0.6402454984941341,0.7556726332403491,0.0003387119462333705,0.06508866900803167,0.40644889821865804,0.0010265676030537746,0.16802028392584212,0.401573060322318,0.0007061889793219518,0.9679066823312994,0.746607441334236,-0.000651290407565355,18.0,0.0,0.07499196900794965,0.21984334113123316,0.14982733028680037
0.678,0.0,0.0,-0.5645196024336616,0.8038874001480183,0.004121766109149433,-0.5279123015536494,0.31258509316314803,0.0025200938531861465,0.012129081909526353,0.3064254338258788,0.000865754878257785,-0.5916101814428436,0.7880463615356921,0.004154955750225349,-0.5584111424345987,0.3027494963360766,0.0025822347232731316,0.19441506630974367,0.4270993324621082,0.0006830493462087969,-0.6509479095103455,0.7785928082587892,0.004304156031924247,-0.4025301076122307,0.41868310773264333,0.0024639886469602352,0.153160280233728,0.4136605059438644,0.0007663618161729986,-1.1738107854804183,0.4146191950500172,0.004773780231666929,0.13825407886549304,0.7708629062315356,0.0019046913802601103,0.6377101702062935,0.7556726332403491,0.0003462814042386447,0.06592577834802633,0.40644889821865804,0.001024080687631879,0.16987578512753743,0.401573060322318,0.0007006583291894276,0.9720826366098375,0.746607441334236,-0.0006638977229911903,18.0,0.0,0.07499194509853054,0.21985774828362709,0.14993113008082243
0.68,0.0,0.0,-0.558975246905979,0.8038874001480183,0.00410522100774504,-0.5283618646997716,0.31258509316314803,0.0025214921841503926,0.00641661301085506,0.3064254338258788,0.0008828890557490574,-0.5862519293032056,0.7880463615356921,0.004138969628935607,-0.5588077582980977,0.3027494963360766,0.0025834819163120257,0.1894068492408582,0.4270993324621082,0.0006980527984570935,-0.6457374507866547,0.7785928082587892,0.004288622153307404,-0.4024005226766678,0.41868310773264333,0.002463639646034622,0.14811046628987312,0.4136605059438644,0.0007815006771304093,-1.1709338538862988,0.4146191950500172,0.004765289941591307,0.14053681595397838,0.7708629062315356,0.001897826482098128,0.6351629577266678,0.7556726332403491,0.00035388738910216666,0.06677107461474664,0.40644889821865804,0.0010215693596118951,0.1717432125414052,0.401573060322318,0.0006950918255843417,0.9762317802775663,0.746607441334236,-0.0006764255858268047,18.0,0.0,0.07499192118911142,0.219872155436021,0.15003492987484449
0.682,0.0,0.0,-0.5534018703530578,0.8038874001480183,0.0040885879411619915,-0.5287947602301236,0.31258509316314803,0.0025228408735887588,0.000703586235656692,0.3064254338258788,0.0009000264624450712,-0.5808644215265748,0.7880463615356921,0.004122894872516693,-0.5591851314745145,0.3027494963360766,0.002584671763902523,0.18439202213803682,0.4270993324621082,0.0007130774496637499,-0.6404947525589615,0.7785928082587892,0.004272990777136332,-0.4022576146592458,0.41868310773264333,0.0024632508912279336,0.14305759793803868,0.4136605059438644,0.0007966501189619738,-1.1680101354141896,0.4146191950500172,0.004756659146808948,0.14281383459809394,0.7708629062315356,0.0018909782708326718,0.6326041537354277,0.7556726332403491,0.0003615290265410439,0.06762460718268577,0.40644889821865804,0.0010190334708117344,0.1736225398992502,0.401573060322318,0.0006894895433427384,0.9803537895901638,0.746607441334236,-0.0006888730168299911,18.0,0.0,0.07499189727969231,0.21988656258841494,0.15013872966886654
0.684,0.0,0.0,-0.5477997743856943,0.8038874001480183,0.004071867811503228,-0.5292108680892504,0.31258509316314803,0.002524139560179815,-0.005009479182310103,0.3064254338258788,0.0009171655427706663,-0.5754479484388956,0.7880463615356921,0.004106732349186801,-0.5595431351018141,0.3027494963360766,0.0025858038834317737,0.17937104259739048,0.4270993324621082,0.0007281219309722141,-0.6352200755536004,0.7785928082587892,0.004257262682453252,-0.40210131186605935,0.41868310773264333,0.0024628221671756678,0.1380021485450253,0.4136605059438644,0.0008118087240174772,-1.1650396801727239,0.4146191950500172,0.004747887991392621,0.14508498004842038,0.7708629062315356,0.001884147214900325,0.6300340521372171,0.7556726332403491,0.00036920543851476416,0.06848642540298332,0.40644889821865804,0.001016472873107917,0.17551373960562,0.401573060322318,0.0006838515612692034,0.9844483435015499,0.746607441334236,-0.0007012390447677836,18.0,0.0,0.0749918733702732,0.21990096974080886,0.1502425294628886
0.686,0.0,0.0,-0.5421692615010123,0.8038874001480183,0.004055061523601138,-0.5296100686224104,0.31258509316314803,0.0025253878837571955,-0.010722063343397162,0.3064254338258788,0.0009343047390245666,-0.570002801262622,0.7880463615356921,0.0040904829299237624,-0.559881643011144,0.3027494963360766,0.002586877894313672,0.17434436948846924,0.4270993324621082,0.0007431848695941531,-0.6299136815227807,0.7785928082587892,0.004241438651437169,-0.40193154270777914,0.41868310773264333,0.002462353258796108,0.13294459225418842,0.4136605059438644,0.0008269750721965173,-1.1620225403586908,0.4146191950500172,0.004738976625668224,0.14735009896779608,0.7708629062315356,0.0018773337785493458,0.627452948032971,0.7556726332403491,0.00037691574330939593,0.06935657859956924,0.40644889821865804,0.0010138874184470242,0.17741678273356273,0.401573060322318,0.0006781779621500939,0.9885151236921144,0.746607441334236,-0.0007135227065019418,18.0,0.0,0.07499184946085409,0.21991537689320279,0.15034632925691066
0.6880000000000001,0.0,0.0,-0.5365106350588632,0.8038874001480183,0.004038169984947092,-0.5299922425912571,0.31258509316314803,0.0025265854853566755,-0.016433645724992767,0.3064254338258788,0.0009514424915078278,-0.5645292720932182,0.7880463615356921,0.004074147488394943,-0.56020052974441,0.3027494963360766,0.0025878934180416616,0.1693124629169324,0.4270993324621082,0.0007582648889209169,-0.6245758332247835,0.7785928082587892,0.00422551946934471,-0.4017482357099807,0.41868310773264333,0.0024618439513212674,0.12788540394516945,0.4136605059438644,0.0008421477410690279,-1.1589587702607342,0.4146191950500172,0.004729925206226124,0.14960903944743056,0.7708629062315356,0.0018705384217912189,0.6248611376916204,0.7556726332403491,0.0003846590556221341,0.07023511606526857,0.40644889821865804,0.0010112769588572663,0.17933163902055377,0.401573060322318,0.0006724688327662657,0.9925538145966782,0.746607441334236,-0.0007257230470736352,18.0,0.0,0.07499182555143498,0.2199297840455967,0.15045012905093272
0.6900000000000001,0.0,0.0,-0.5308241992581196,0.8038874001480183,0.004021194105620645,-0.5303572711895106,0.31258509316314803,0.002527732007263215,-0.022143705224555235,0.3064254338258788,0.0009685772386526147,-0.5590276538755304,0.7880463615356921,0.004057726900886731,-0.560499670571821,0.3027494963360766,0.00258885007824146,0.16427578418704544,0.4270993324621082,0.0007733606086355275,-0.6192067944040747,0.7785928082587892,0.004209505924450718,-0.4015513195234852,0.41868310773264333,0.0024612940303278723,0.1228250591935345,0.4136605059438644,0.0008573253059960848,-1.1558484262629678,0.4146191950500172,0.004720733895932255,0.15186165102298024,0.7708629062315356,0.0018637616003523154,0.6222589185216857,0.7556726332403491,0.00039243448664618585,0.07112208705786642,0.40644889821865804,0.0010086413464601685,0.18125827686459275,0.401573060322318,0.0006667242639052926,0.9965641034321832,0.746607441334236,-0.0007378391197873269,18.0,0.0,0.07499180164201587,0.21994419119799064,0.15055392884495478
0.6920000000000001,0.0,0.0,-0.5251102591128637,0.8038874001480183,0.0040041347982184144,-0.5307050360586137,0.31258509316314803,0.002528827093057976,-0.027851720202751444,0.3064254338258788,0.000985707417151302,-0.5534982403800344,0.7880463615356921,0.004041222046233668,-0.5607789415093988,0.3027494963360766,0.002589747500723693,0.159234795764006,0.4270993324621082,0.0007884706448251881,-0.6138068297713378,0.7785928082587892,0.004193398807988592,-0.40134072293471024,0.41868310773264333,0.002460703281768386,0.11776403423032389,0.4136605059438644,0.0008725063402509897,-1.1526915668485045,0.4146191950500172,0.004711402863938955,0.15410778469058517,0.7708629062315356,0.0018570037656256662,0.6196465890427598,0.7556726332403491,0.0004002411441559901,0.072017540796133,0.40644889821865804,0.0010059804334823748,0.18319666332047208,0.401573060322318,0.0006609443503731757,1.0005456802251076,0.746607441334236,-0.0007498699862938416,18.0,0.0,0.07499177773259676,0.21995859835038456,0.15065772863897683
0.6940000000000001,0.0,0.0,-0.5193691204284738,0.8038874001480183,0.0039869929777826465,-0.5310354193033701,0.31258509316314803,0.0025298703876652858,-0.03355716852669758,0.3064254338258788,0.0010028314620858906,-0.5479413261789601,0.7880463615356921,0.00402463380574718,-0.5610382193364505,0.3027494963360766,0.0025905853135364263,0.15418996123610093,0.4270993324621082,0.0008035936100943066,-0.6083762049834275,0.7785928082587892,0.0041771989140903815,-0.4011163748760277,0.41868310773264333,0.0024600714920020605,0.11270280590151513,0.4136605059438644,0.0008876894151406215,-1.1494882526028989,0.4146191950500172,0.004701932285695565,0.15634729292286484,0.7708629062315356,0.0018502653646228515,0.6170244488568848,0.7556726332403491,0.0004080781325927677,0.07292152645580807,0.40644889821865804,0.0010032940722675752,0.18514676409621797,0.401573060322318,0.0006551291910055377,1.0044982378386074,0.746607441334236,-0.0007618147166726149,18.0,0.0,0.07499175382317765,0.21997300550277848,0.1507615284329989
0.6960000000000001,0.0,0.0,-0.513601089777611,0.8038874001480183,0.003969769561729476,-0.5313483035075595,0.31258509316314803,0.0025308615373995547,-0.039259527613299386,0.3064254338258788,0.0010199478070577292,-0.542357206622296,0.7880463615356921,0.004007963063143957,-0.5612773816129991,0.3027494963360766,0.0025913631470175814,0.14914174527669663,0.4270993324621082,0.0008187281136780217,-0.602915186623246,0.7785928082587892,0.00416090703972665,-0.4008782044361267,0.41868310773264333,0.002459398447826013,0.10764185162740236,0.4136605059438644,0.0009028731001270477,-1.1462385462175,0.4146191950500172,0.004692322342958748,0.15858002968487145,0.7708629062315356,0.0018435468399260124,0.6143927986198214,0.7556726332403491,0.0004159445531503928,0.07383409316554458,0.40644889821865804,0.0010005821152885498,0.1871085435497055,0.401573060322318,0.0006492788886783001,1.0084214719993783,0.746607441334236,-0.0007736723895131142,18.0,0.0,0.07499172991375853,0.2199874126551724,0.15086532822702095
0.6980000000000001,0.0,0.0,-0.5078064744761079,0.8038874001480183,0.003952465469776888,-0.5316435717495288,0.31258509316314803,0.002531800190012122,-0.04495827447268911,0.3064254338258788,0.0010370548843175345,-0.5367461778136766,0.7880463615356921,0.003991210704473965,-0.5614963066971681,0.3027494963360766,0.0025920806338472274,0.14409061360606523,0.4270993324621082,0.0008338727615562346,-0.5974240421795456,0.7785928082587892,0.004144523984646105,-0.40062614087037873,0.41868310773264333,0.00245868393650631,0.10258164936189514,0.4136605059438644,0.0009180559629493861,-1.1429425124927124,0.4146191950500172,0.004682573223802552,0.160805850449999,0.7708629062315356,0.0018368486296399924,0.611751940012216,0.7556726332403491,0.0004238395038615829,0.07475529000281088,0.40644889821865804,0.0009978444151593404,0.1890819646854485,0.401573060322318,0.0006433935503178375,1.0123150813242376,0.746607441334236,-0.0007854420919954269,18.0,0.0,0.07499170600433942,0.22000181980756633,0.150969128021043
0.7000000000000001,0.0,0.0,-0.501985582558764,0.8038874001480183,0.003935081623872379,-0.5319211076177537,0.31258509316314803,0.002532685994738031,-0.0506528857517564,0.3064254338258788,0.0010541511248957037,-0.5311085365861543,0.7880463615356921,0.003974377618048106,-0.5616948737625164,0.3027494963360766,0.002592737409099734,0.13903703295304853,0.4270993324621082,0.0008490261565681289,-0.5919030400266587,0.7785928082587892,0.004128050551315004,-0.40036011361120283,0.41868310773264333,0.002457927745809066,0.09752267755173942,0.4136605059438644,0.0009332365697459078,-1.1396002183411638,0.4146191950500172,0.004672685122628188,0.16302461221584616,0.7708629062315356,0.0018301711673446098,0.6091021757106645,0.7556726332403491,0.0004317620796843992,0.07568516598975128,0.40644889821865804,0.0009950808246475414,0.1910669891515656,0.401573060322318,0.0006374732869106085,1.0161787673464233,0.746607441334236,-0.0007971229199700051,18.0,0.0,0.07499168209492031,0.22001622695996026,0.15107292781506507
0.7020000000000001,0.0,0.0,-0.4961387227550472,0.8038874001480183,0.003917618948120347,-0.5321807952263674,0.31258509316314803,0.002533518602342705,-0.05634283777777031,0.3064254338258788,0.0010712349587329057,-0.5254445804778599,0.7880463615356921,0.003957464694365539,-0.5618729628153202,0.3027494963360766,0.002593333110295779,0.1339814710165623,0.4270993324621082,0.000864186898527179,-0.5863524494041579,0.7785928082587892,0.004111487544856344,-0.4000800522784282,0.41868310773264333,0.0024571296640315383,0.09246541509566389,0.4136605059438644,0.0009484134851763748,-1.1362117327907757,0.4146191950500172,0.0046626582401735435,0.1652361735200313,0.7708629062315356,0.0018235148820470685,0.6064438093586778,0.7556726332403491,0.0004397113725890537,0.07662377008900444,0.40644889821865804,0.0009922911966867203,0.19306357723692363,0.401573060322318,0.0006315182135122571,1.0200122345416072,0.746607441334236,-0.0008087139780365621,18.0,0.0,0.0749916581855012,0.22003063411235418,0.15117672760908712
0.704,0.0,0.0,-0.49026620446470753,0.8038874001480183,0.0039000783687091964,-0.5324225192306549,0.31258509316314803,0.0025342976651685466,-0.06202760660208953,0.3064254338258788,0.0010883048148109472,-0.5197546077075538,0.7880463615356921,0.003940472826040656,-0.5620304547117981,0.3027494963360766,0.0025938673774541904,0.1289243964269431,0.4270993324621082,0.0008793535843366376,-0.5807725403964477,0.7785928082587892,0.004094835772988841,-0.39978588668965187,0.41868310773264333,0.0024562894800332145,0.08741034130345436,0.4136605059438644,0.0009635852725446016,-1.1327771269877378,0.4146191950500172,0.004652492783522379,0.16744039445595768,0.7708629062315356,0.001816880198134513,0.6037771455375484,0.7556726332403491,0.00044768647164501377,0.07757115119947916,0.40644889821865804,0.0009894753843889608,0.1950716878684592,0.401573060322318,0.0006255284492561831,1.0238151903536208,0.746607441334236,-0.0008202143796221137,18.0,0.0,0.07499163427608209,0.2200450412647481,0.15128052740310918
0.706,0.0,0.0,-0.48436833773330296,0.8038874001480183,0.0038824608138381773,-0.5326461648425062,0.31258509316314803,0.0025350228371814085,-0.06770666804395804,0.3064254338258788,0.001105359121283905,-0.5140389171500706,0.7880463615356921,0.003923402907729738,-0.5621672311752749,0.3027494963360766,0.0025943398531436245,0.12386627870714023,0.4270993324621082,0.0008945248081054953,-0.5751635839122915,0.7785928082587892,0.00407809604596571,-0.39947754687058895,0.41868310773264333,0.0024554069832668857,0.08235793585495936,0.4136605059438644,0.00097875049392123,-1.1292964741993796,0.4146191950500172,0.004642188966113265,0.16963713668852679,0.7708629062315356,0.0018102675353267338,0.6011024897371219,0.7556726332403491,0.0004556864631084021,0.0785273581520872,0.40644889821865804,0.0009866332410575366,0.19709127860867978,0.401573060322318,0.0006195041173615764,1.0275873452198916,0.746607441334236,-0.0008316232470581545,18.0,0.0,0.07499161036666298,0.22005944841714203,0.15138432719713124
0.708,0.0,0.0,-0.4784454332276417,0.8038874001480183,0.003864767213643964,-0.5328516178458285,0.31258509316314803,0.002535693774016963,-0.07337949773438324,0.3064254338258788,0.0011223963056095105,-0.50829780831166,0.7880463615356921,0.003906255836057288,-0.5622831748132805,0.3027494963360766,0.0025947501825340545,0.11880758823375526,0.4270993324621082,0.0009096991612649039,-0.569525851664275,0.7785928082587892,0.0040612691765132426,-0.39915496306541265,0.41868310773264333,0.002454481963809697,0.07730867875902983,0.4136605059438644,0.000993907710266715,-1.125769849816942,0.4146191950500172,0.004631747007748191,0.17182626346979804,0.7708629062315356,0.0018036773086290267,0.5984201483264748,0.7556726332403491,0.00046371043050968155,0.07949243970543272,0.40644889821865804,0.0009837646201997124,0.19912230565334546,0.401573060322318,0.0006134453451409147,1.0313284125965871,0.746607441334236,-0.0008429397116569669,18.0,0.0,0.07499158645724387,0.22007385556953596,0.1514881269911533
0.71,0.0,0.0,-0.47249780221114285,0.8038874001480183,0.00384699850012698,-0.5330387646119109,0.31258509316314803,0.0025363101330269293,-0.07904557116009353,0.3064254338258788,0.001139414794680786,-0.5025315813052279,0.7880463615356921,0.0038890325095420563,-0.562378169134581,0.3027494963360766,0.0025950980134480713,0.11374879619793131,0.4270993324621082,0.0009248752326850587,-0.5638596161482083,0.7785928082587892,0.004044355979769192,-0.3988180657470824,0.41868310773264333,0.0024535142123941677,0.07226305031239598,0.4136605059438644,0.0010090554815545038,-1.1221973313582425,0.4146191950500172,0.004621167134600878,0.1740076396545925,0.7708629062315356,0.0017971099282852129,0.5957304285245009,0.7556726332403491,0.00047175745474162267,0.08046644454145797,0.40644889821865804,0.0009808693755396758,0.2011647238293319,0.401573060322318,0.0006073522640069176,1.0350381089834644,0.746607441334236,-0.0008541629137870536,18.0,0.0,0.07499156254782476,0.22008826272192988,0.15159192678517536
0.712,0.0,0.0,-0.46652575651911865,0.8038874001480183,0.0038291556070774832,-0.5332074921147402,0.31258509316314803,0.002536871573325177,-0.08470436370757262,0.3064254338258788,0.0011564130149579169,-0.4967405368254782,0.7880463615356921,0.0038717338285227595,-0.5624520985661376,0.3027494963360766,0.002595382996411973,0.1086903745660951,0.4270993324621082,0.0009400516087925306,-0.55816515062247,0.7785928082587892,0.004027357273220992,-0.39846678562765697,0.41868310773264333,0.0024525035204391774,0.06722153105848429,0.4136605059438644,0.0010241923668944052,-1.1185789984702343,0.4146191950500172,0.004610449579224779,0.17618113171603889,0.7708629062315356,0.0017905657997308293,0.5930336383704078,0.7556726332403491,0.0004798266141475446,0.08144942126104464,0.40644889821865804,0.0009779473610316003,0.20321848659267613,0.401573060322318,0.0006012250094789582,1.0387161539484229,0.746607441334236,-0.0008652920029476853,18.0,0.0,0.07499153863840564,0.2201026698743238,0.15169572657919742
0.714,0.0,0.0,-0.4605296085339809,0.8038874001480183,0.003811239470001411,-0.5333576879462629,0.31258509316314803,0.0025373777558336647,-0.09035535070716727,0.3064254338258788,0.0011733893926003543,-0.4909249761239618,0.7880463615356921,0.003854360695083511,-0.562504848469989,0.3027494963360766,0.002595604784706643,0.10363279604055392,0.4270993324621082,0.0009552268736880393,-0.5524427290872944,0.7785928082587892,0.0040102738766437775,-0.3981010536685901,0.41868310773264333,0.002451449680080901,0.06218460174617771,0.4136605059438644,0.0010393169246561403,-1.1149149329314565,0.4146191950500172,0.004599594580560754,0.17834660776105932,0.7708629062315356,0.0017840453235464903,0.5903300866941272,0.7556726332403491,0.0004879169846098238,0.08244141837957074,0.40644889821865804,0.0009749984308728402,0.20528354602680593,0.401573060322318,0.0005950637211889256,1.042362270151759,0.746607441334236,-0.0008763261378425608,18.0,0.0,0.07499151472898653,0.22011707702671773,0.15179952637321947
0.716,0.0,0.0,-0.45450967116037455,0.8038874001480183,0.003793251026045998,-0.5334892403315917,0.31258509316314803,0.002537828343328233,-0.09599800747726567,0.3064254338258788,0.001190342353599138,-0.48508520098403285,0.7880463615356921,0.0038369140129789615,-0.5625363051600545,0.3027494963360766,0.002595763034418197,0.0985765340199504,0.4270993324621082,0.0009703996092646629,-0.5466926262640059,0.7785928082587892,0.0039931066120382505,-0.3977208010910069,0.41868310773264333,0.0024503524842037004,0.05715274328852209,0.4136605059438644,0.0010544277125930602,-1.1112052186543722,0.4146191950500172,0.004588602383944421,0.18050393754579316,0.7708629062315356,0.0017775488954114291,0.5876200830866398,0.7556726332403491,0.0004960276396386655,0.0834424843224224,0.40644889821865804,0.0009720224395172619,0.2073598528409536,0.401573060322318,0.0005888685428865362,1.0459761833701198,0.746607441334236,-0.0008872644864525691,18.0,0.0,0.07499149081956742,0.22013148417911166,0.15190332616724153
0.718,0.0,0.0,-0.44846625780024113,0.8038874001480183,0.003775191213925179,-0.5336020381441514,0.31258509316314803,0.0025382230004842195,-0.10163180936854331,0.3064254338258788,0.0012072703239094334,-0.47922151369571686,0.7880463615356921,0.0038193946875591744,-0.5625463559188535,0.3027494963360766,0.0025958574044883933,0.09352206255957755,0.4270993324621082,0.0009855683953264734,-0.5409151175742005,0.7785928082587892,0.0039758563035683855,-0.39732595938595744,0.41868310773264333,0.002449211726470951,0.05212643672138192,0.4136605059438644,0.0010695232879660269,-1.1074499416875938,0.4146191950500172,0.004577473241113169,0.18265299249095615,0.7708629062315356,0.0017710769060572274,0.5849039378702171,0.7556726332403491,0.0005041576504611278,0.08445266742046036,0.40644889821865804,0.0009690192416887069,0.2094473563687554,0.401573060322318,0.0005826396224440932,1.0495576225201533,0.746607441334236,-0.0008981062261076515,18.0,0.0,0.07499146691014831,0.22014589133150558,0.1520071259612636
0.72,0.0,0.0,-0.4423996823278152,0.8038874001480183,0.0037570609738447787,-0.5336959709207617,0.31258509316314803,0.0025385613939218985,-0.10725623180827326,0.3064254338258788,0.0012241717295832664,-0.4733342170304935,0.7880463615356921,0.003801803625694227,-0.5625348890141384,0.3027494963360766,0.0025958875567647904,0.08846985633155689,0.4270993324621082,0.001000731809707592,-0.5351104791188792,0.7785928082587892,0.003958523777498969,-0.39691646032464656,0.41868310773264333,0.0024480272013558024,0.047106163162048464,0.4136605059438644,0.0010846022076674475,-1.103649190217993,0.4146191950500172,0.004566207410212833,0.18479364569713297,0.7708629062315356,0.0017646297412217385,0.5821819620685834,0.7556726332403491,0.0005123060861103959,0.08547201590544047,0.40644889821865804,0.000965988692394593,0.21154600456703743,0.401573060322318,0.0005763771118606878,1.0531063196818549,0.746607441334236,-0.000908850543557752,18.0,0.0,0.0749914430007292,0.2201602984838995,0.15211092575528565
0.722,0.0,0.0,-0.4363102590645565,0.8038874001480183,0.0037388612474275004,-0.5337709288766536,0.31258509316314803,0.0025388431922517296,-0.11287075034469773,0.3064254338258788,0.0012410449969024562,-0.46742361421599715,0.7880463615356921,0.0037841417356985567,-0.562501793715436,0.3027494963360766,0.002595853156050645,0.08342039058488233,0.4270993324621082,0.001015888428391654,-0.529278987657534,0.7785928082587892,0.0039411098621330055,-0.396492235968636,0.41868310773264333,0.0024467987041718697,0.04209240376780338,0.4136605059438644,0.0010996630283454478,-1.0998030545726916,0.4146191950500172,0.0045548051558040314,0.18692577196000076,0.7708629062315356,0.001758207781603208,0.5794544673769992,0.7556726332403491,0.000520472013515297,0.08650057790538832,0.40644889821865804,0.0009629306469396528,0.213655744014789,0.401573060322318,0.0005700811672658416,1.0566220101216053,0.746607441334236,-0.0009194966350428567,18.0,0.0,0.07499141909131009,0.22017470563629343,0.1522147255493077
0.724,0.0,0.0,-0.430198302754021,0.8038874001480183,0.0037205929776377242,-0.5338268029204156,0.31258509316314803,0.002539068066119405,-0.11847484069145786,0.3064254338258788,0.0012578885525117295,-0.4614900089106388,0.7880463615356921,0.0037664099272550675,-0.5624469603104946,0.3027494963360766,0.002595753870154538,0.07837414110533256,0.4270993324621082,0.0010310368256316775,-0.5234209205871903,0.7785928082587892,0.003923615387748969,-0.3960532186800173,0.41868310773264333,0.0024455260311038378,0.037085639694440904,0.4136605059438644,0.001114704306528183,-1.0959116272209335,0.4146191950500172,0.004543266748868127,0.1890492477854813,0.7708629062315356,0.0017518114028146048,0.5767217661322692,0.7556726332403491,0.0005286544975900495,0.08753840143992701,0.40644889821865804,0.0009598449609398091,0.21577651991232422,0.401573060322318,0.0005637519489225869,1.060104432314901,0.746607441334236,-0.000930043706362108,18.0,0.0,0.07499139518189098,0.22018911278868736,0.15231852534332976
0.726,0.0,0.0,-0.4240641285366736,0.8038874001480183,0.003702257108706118,-0.5338634846688671,0.31258509316314803,0.0025392356882506907,-0.12406797877207841,0.3064254338258788,0.00127470082355201,-0.4555337051781521,0.7880463615356921,0.0037486091113389927,-0.562370280121633,0.3027494963360766,0.0025955893699397136,0.07333158417525484,0.4270993324621082,0.0010461755740703267,-0.5175365559214067,0.7785928082587892,0.0039060411865379386,-0.39559934113155326,0.41868310773264333,0.0024442089792379817,0.032086352054751806,0.4136605059438644,0.0011297245987482705,-1.0919750027758335,0.4146191950500172,0.0045315924668128515,0.19116395140481934,0.7708629062315356,0.0017454409753381631,0.573984171282676,0.7556726332403491,0.0005368526013242395,0.08858553441555823,0.40644889821865804,0.000956731490336193,0.21790827608063265,0.401573060322318,0.0005573896212299813,1.0635533279687723,0.746607441334236,-0.000940490972941995,18.0,0.0,0.07499137127247187,0.22020351994108128,0.15242232513735182
0.728,0.0,0.0,-0.4179080519246458,0.8038874001480183,0.0036838545860540754,-0.5338808664618546,0.31258509316314803,0.0025393457334960457,-0.12964964076450433,0.3064254338258788,0.0012914802377938716,-0.44955500746206734,0.7880463615356921,0.0037307402001415324,-0.562271645521988,0.3027494963360766,0.002595359329373129,0.06829319653322298,0.4270993324621082,0.00106130324486056,-0.5116261722692362,0.7785928082587892,0.0038883880925405876,-0.39513053631678463,0.41868310773264333,0.00244284734659259,0.027095021876972165,0.4136605059438644,0.0011447224616673377,-1.0879932779960024,0.4146191950500172,0.004519782593477552,0.19326976278958485,0.7708629062315356,0.001739096864480149,0.5712419963578435,0.7556726332403491,0.0005450653858730193,0.08964202462089589,0.40644889821865804,0.0009535900914092994,0.2200509549609204,0.401573060322318,0.000550994352725056,1.0669684420438903,0.746607441334236,-0.0009508376599036091,18.0,0.0,0.07499134736305275,0.2202179270934752,0.15252612493137388
0.73,0.0,0.0,-0.41173038877644136,0.8038874001480183,0.0036653863562179927,-0.5338788413769686,0.31258509316314803,0.002539397878875008,-0.13521930314568578,0.3064254338258788,0.0013082252237711493,-0.44355422056011645,0.7880463615356921,0.0037128041069932785,-0.5621509499516555,0.3027494963360766,0.0025950634255741943,0.06325945533357237,0.4270993324621082,0.0010764184077866558,-0.5056900488141499,0.7785928082587892,0.003870656941584076,-0.3946467375601005,0.41868310773264333,0.002441440932148284,0.022112130063200196,0.4136605059438644,0.0011596964522006766,-1.0839665517870447,0.4146191950500172,0.004507837419138059,0.19536656366659644,0.7708629062315356,0.0017327794303258525,0.568495555438531,0.7556726332403491,0.0005532919106475168,0.09070791972185217,0.40644889821865804,0.0009504206207932865,0.2222044976143416,0.401573060322318,0.0005445663160841928,1.0703495227763569,0.746607441334236,-0.0009610830021289631,18.0,0.0,0.07499132345363364,0.22023233424586913,0.15262992472539594
0.732,0.0,0.0,-0.40553145527159257,0.8038874001480183,0.0036468533667733793,-0.5338573032441772,0.31258509316314803,0.0025393918036203497,-0.14077644273620848,0.3064254338258788,0.0013249342109146937,-0.43753164959857266,0.7880463615356921,0.0036948017462874257,-0.5620080879337233,0.3027494963360766,0.0025947013388631962,0.05823083810581513,0.4270993324621082,0.0010915196313856074,-0.49972846529292636,0.7785928082587892,0.003852848571218817,-0.39414787852676963,0.41868310773264333,0.002439989535878231,0.01713815734778425,0.4136605059438644,0.0011746451276419927,-1.0798949252029275,0.4146191950500172,0.004495757240511185,0.19745423753276353,0.7708629062315356,0.0017264890276948177,0.5657451631263618,0.7556726332403491,0.0005615312334054541,0.09178326725677555,0.40644889821865804,0.0009472229354904176,0.22436884372192206,0.401573060322318,0.0005381056881239291,1.0736963216991795,0.746607441334236,-0.0009712262443263628,18.0,0.0,0.07499129954421453,0.22024674139826306,0.152733724519418
0.734,0.0,0.0,-0.39931156788527117,0.8038874001480183,0.0036282565662588326,-0.5338161466603737,0.31258509316314803,0.002539327189221976,-0.14632053674496606,0.3064254338258788,0.0013416056296862617,-0.431487600006528,0.7880463615356921,0.003676734033402794,-0.5618429550901911,0.3027494963360766,0.0025942727528094,0.05320782271393818,0.4270993324621082,0.001106605483068879,-0.4937417019745092,0.7785928082587892,0.0038349638206551465,-0.39363389323293047,0.41868310773264333,0.002438492958778239,0.012173584255685224,0.4136605059438644,0.0011895670457882405,-1.0757785014472188,0.4146191950500172,0.004483542360758834,0.1995326696698449,0.7708629062315356,0.0017202260060963162,0.5629911345134865,0.7556726332403491,0.0005697824103419618,0.09286811463154047,0.40644889821865804,0.0009439968928856475,0.22654393158467498,0.401573060322318,0.0005316126498011878,1.0770085936634275,0.746607441334236,-0.0009812666410948306,18.0,0.0,0.07499127563479542,0.22026114855065698,0.15283752431344005
0.736,0.0,0.0,-0.3930710433628562,0.8038874001480183,0.003609596904099869,-0.5337552670038339,0.31258509316314803,0.002539203719470565,-0.15185106281387103,0.3064254338258788,0.0013582379117125347,-0.4254223774901126,0.7880463615356921,0.00365860188462666,-0.5616554481577742,0.3027494963360766,0.002593777354278803,0.04819088731558742,0.4270993324621082,0.00112167452924451,-0.4877300396388352,0.7785928082587892,0.0038170035306998953,-0.39310471605553743,0.41868310773264333,0.0024369510028967216,0.007218891060816533,0.4136605059438644,0.0012044607650645376,-1.071617385874192,0.4146191950500172,0.004471193089491708,0.20160174715912066,0.7708629062315356,0.0017139907096850725,0.5602337851521864,0.7556726332403491,0.0005780444961805877,0.09396250911458834,0.40644889821865804,0.0009407423507613526,0.22872969812391017,0.401573060322318,0.0005250873862129291,1.0802860968590668,0.746607441334236,-0.0009912034569875747,18.0,0.0,0.07499125172537631,0.2202755557030509,0.1529413241074621
0.738,0.0,0.0,-0.3868101986944624,0.8038874001480183,0.0035908753305326233,-0.5336745604485821,0.31258509316314803,0.0025390210805009456,-0.15736749906260106,0.3064254338258788,0.0013748294899192494,-0.41933628800665856,0.7880463615356921,0.0036404062170774143,-0.5614454650035875,0.3027494963360766,0.002593214833481553,0.04318051032114092,0.4270993324621082,0.0011367253354395623,-0.4816937595556356,0.7785928082587892,0.003798968543692873,-0.3925602817422613,0.41868310773264333,0.0024353634713645423,0.0022745577443649065,0.4136605059438644,0.0012193248446491435,-1.067411685989795,0.4146191950500172,0.004458709742772627,0.20366135889597528,0.7708629062315356,0.0017077834772172451,0.5574734310244174,0.7556726332403491,0.0005863165442644881,0.09506649783191942,0.40644889821865804,0.0009374591673122091,0.2309260788817372,0.401573060322318,0.0005185300865952235,1.083528592835474,0.746607441334236,-0.0010010359665744927,18.0,0.0,0.0749912278159572,0.22028996285544483,0.15304512390148417
0.74,0.0,0.0,-0.3805293510894324,0.8038874001480183,0.003572092796527442,-0.5335739239786598,0.31258509316314803,0.0025387789608351907,-0.16286932413337712,0.3064254338258788,0.0013913787986654395,-0.4132296377388131,0.7880463615356921,0.0036221479486270515,-0.5612129046407055,0.3027494963360766,0.0025925848840189923,0.038177170352674365,0.4270993324621082,0.001151756466422902,-0.4756331434632127,0.7785928082587892,0.0037808597034432747,-0.3920005254213412,0.41868310773264333,0.002433730168424714,-0.0026589360469047767,0.4136605059438644,0.0012341578445984984,-1.063161511452483,0.4146191950500172,0.004446092643119437,0.20571139560438878,0.7708629062315356,0.0017016046420066811,0.5547103885112978,0.7556726332403491,0.000594597606647795,0.09618012776203551,0.40644889821865804,0.0009341472011602157,0.23313300802176318,0.401573060322318,0.0005119409443217424,1.086735846521626,0.746607441334236,-0.0010107634545037144,18.0,0.0,0.07499120390653809,0.22030437000783876,0.15314892369550623
0.742,0.0,0.0,-0.37422881795079566,0.8038874001480183,0.003553250253712352,-0.5334532554022966,0.31258509316314803,0.0025384770514254237,-0.1683560172357702,0.3064254338258788,0.0014078842738777678,-0.40710273306860356,0.7880463615356921,0.0036038279978235156,-0.5609576672435967,0.3027494963360766,0.0025918872029303463,0.0331813462028218,0.4270993324621082,0.0011667664863283015,-0.4695484735471953,0.7785928082587892,0.003762677855166006,-0.3914253826113855,0.41868310773264333,0.0024320508994619535,-0.0075811110423573665,0.4136605059438644,0.0012489583259723074,-1.0588669740739092,0.4146191950500172,0.004433342119507501,0.20775174985133352,0.7708629062315356,0.0016954545318814407,0.5519449743625421,0.7556726332403491,0.0006028867341871536,0.09730344573083284,0.40644889821865804,0.0009308063113698677,0.23535041832998602,0.401573060322318,0.0005053201569016645,1.0899076262459628,0.746607441334236,-0.0010203852155621698,18.0,0.0,0.07499117999711898,0.22031877716023268,0.1532527234895283
0.744,0.0,0.0,-0.3679089168496976,0.8038874001480183,0.0035343486542964418,-0.5333124533659787,0.31258509316314803,0.002538115045696334,-0.17382705819153302,0.3064254338258788,0.001424344353184947,-0.4009558805514584,0.7880463615356921,0.003585447283812887,-0.5606796541634272,0.3027494963360766,0.00259112149073902,0.028193516793534875,0.4270993324621082,0.0011817539587778592,-0.46344003241927395,0.7785928082587892,0.0037444238454179537,-0.3908347892311208,0.41868310773264333,0.0024303254710320863,-0.01249148838920476,0.4136605059438644,0.0012637248509586652,-1.0545281878194754,0.4146191950500172,0.004420458507371779,0.20978231606107375,0.7708629062315356,0.0016893334691406065,0.549177505665844,0.7556726332403491,0.0006111829766334209,0.0984364984064451,0.40644889821865804,0.0009274363574634756,0.23757824121588364,0.401573060322318,0.0004986679259769959,1.0930437037559262,0.746607441334236,-0.0010299005547351806,18.0,0.0,0.07499115608769986,0.2203331843126266,0.15335652328355034
0.746,0.0,0.0,-0.3615699654998027,0.8038874001480183,0.003515388950993148,-0.5331514173684121,0.31258509316314803,0.0025376926395873803,-0.17928192747945318,0.3064254338258788,0.0014407574760522356,-0.39478938689018817,0.7880463615356921,0.0035670067262614513,-0.56037876794323,0.3027494963360766,0.0025902874514985115,0.023214161134743866,0.4270993324621082,0.00119671744700572,-0.45730810309592057,0.7785928082587892,0.0037260985220341895,-0.3902286816090848,0.41868310773264333,0.0024285536908912925,-0.01738958969422939,0.4136605059438644,0.0012784559829992076,-1.0501452688087392,0.4146191950500172,0.004407442148608478,0.21180299052936521,0.7708629062315356,0.0016832417705113856,0.546408299816211,0.7556726332403491,0.0006194853827235152,0.09957933229403615,0.40644889821865804,0.0009240371994366389,0.23981640671369994,0.401573060322318,0.0004919844573193031,1.0961438542371658,0.746607441334236,-0.0010393087872650707,18.0,0.0,0.07499113217828075,0.22034759146502053,0.1534603230775724
0.748,0.0,0.0,-0.3552122817316734,0.8038874001480183,0.0034963720969434626,-0.5329700477743782,0.31258509316314803,0.0025372095315946805,-0.18472010628022456,0.3064254338258788,0.001457122083915996,-0.38860355890892934,0.7880463615356921,0.003548507245277641,-0.5600549123329384,0.3027494963360766,0.00258938479283792,0.01824375828292367,0.4270993324621082,0.001211655513982093,-0.4511529689770931,0.7785928082587892,0.003707702734064129,-0.3896069964932619,0.41868310773264333,0.0024267353680251843,-0.02227493706551057,0.4136605059438644,0.0012931502869142813,-1.0457183353156727,0.4146191950500172,0.004394293391576269,0.2138136714375517,0.7708629062315356,0.0016771797471065112,0.5436376744852528,0.7556726332403491,0.0006277930002724142,0.10073199373054231,0.40644889821865804,0.0009206086977738657,0.24206484348392807,0.401573060322318,0.00048526996082585413,1.0992078563324172,0.746607441334236,-0.0010486092387087895,18.0,0.0,0.07499110826886164,0.22036199861741446,0.15356412287159446
0.75,0.0,0.0,-0.3488361834671303,0.8038874001480183,0.003477299045639075,-0.5327682458284779,0.31258509316314803,0.0025366654228125784,-0.1901410765213331,0.3064254338258788,0.00147343662031831,-0.38239870352705585,0.7880463615356921,0.0035299497613338645,-0.5597079923042777,0.3027494963360766,0.002588413226007045,0.013282787299568125,0.4270993324621082,0.0012265667225375536,-0.4449749138249293,0.7785928082587892,0.0036892373317076468,-0.38896967106065944,0.41868310773264333,0.0024248703126777157,-0.027147053154150433,0.4136605059438644,0.001307806329028125,-1.0412475077687762,0.4146191950500172,0.00438101259109707,0.21581425886655606,0.7708629062315356,0.0016711477043819519,0.5408659475904273,0.7556726332403491,0.0006361048762652888,0.10189452887936375,0.40644889821865804,0.0009171507134643472,0.24432347881499147,0.401573060322318,0.00047852465051516975,1.102235492160047,0.746607441334236,-0.0010578012449945439,18.0,0.0,0.07499108435944253,0.22037640576980838,0.15366792266561652
0.752,0.0,0.0,-0.34244198869359493,0.8038874001480183,0.0034581707508454457,-0.5325459136687624,0.31258509316314803,0.002536060016974878,-0.19554432092195342,0.3064254338258788,0.0014896995310416357,-0.3761751277330614,0.7880463615356921,0.003511335195188244,-0.5593379140655141,0.3027494963360766,0.002587372465921063,0.008331727209575975,0.4270993324621082,0.0012414496354876201,-0.43877422174243114,0.7785928082587892,0.0036707031662511556,-0.3883166429268218,0.41868310773264333,0.0024229583363799085,-0.03200546119599606,0.4136605059438644,0.0013224226772940446,-1.0367329087510384,0.4146191950500172,0.00436760010845638,0.21780465481076247,0.7708629062315356,0.0016651459420949388,0.5380934372642454,0.7556726332403491,0.0006444200569497654,0.10306698372500482,0.40644889821865804,0.0009136631080178829,0.24659223862512353,0.401573060322318,0.0004717487445219796,1.1052265473322642,0.746607441334236,-0.0010668841524774332,18.0,0.0,0.07499106045002342,0.2203908129222023,0.15377172245963858
0.754,0.0,0.0,-0.33603001543842,0.8038874001480183,0.00343898816652484,-0.5323029543402459,0.31258509316314803,0.0025353930204957313,-0.20092932303785294,0.3064254338258788,0.0015059092642434968,-0.3699331385584166,0.7880463615356921,0.0034926644678062607,-0.5589445850760559,0.3027494963360766,0.0025862622312047725,0.0033910569595519023,0.4270993324621082,0.0012563028157575966,-0.43255117715214314,0.7785928082587892,0.003652101090003661,-0.38764785015528036,0.41868310773264333,0.0024209992519783952,-0.03684968505335454,0.4136605059438644,0.0013369979014195815,-1.0321746629997477,0.4146191950500172,0.004354056311403167,0.21978476319178725,0.7708629062315356,0.0016591747542623195,0.5353204618234387,0.7556726332403491,0.000652737587928311,0.10424940406766323,0.40644889821865804,0.0009101457434809596,0.248871047464446,0.401573060322318,0.0004649424650915834,1.1081808109729967,0.746607441334236,-0.0010758573179940848,18.0,0.0,0.07499103654060431,0.22040522007459623,0.15387552225366063
0.756,0.0,0.0,-0.32960058174320966,0.8038874001480183,0.0034197522467593147,-0.5320392718082998,0.31258509316314803,0.002534664142510182,-0.20629556730629947,0.3064254338258788,0.0015220642705911953,-0.36367304305140497,0.7880463615356921,0.003473938500282326,-0.5585279140609043,0.3027494963360766,0.002585082244236398,-0.0015387446239739913,0.4270993324621082,0.001271124826507669,-0.4263060647748272,0.7785928082587892,0.003633431956232797,-0.3869632312669375,0.41868310773264333,0.002418992873663771,-0.041679249256697595,0.4136605059438644,0.0013515305729916568,-1.0275728974061462,0.4146191950500172,0.004340381574149295,0.22175448987213495,0.7708629062315356,0.0016532344291192453,0.5325473397380925,0.7556726332403491,0.000661056514250731,0.10544183551776753,0.40644889821865804,0.0009065984824529844,0.25115982851724705,0.401573060322318,0.000458106038573616,1.1110980757354305,0.746607441334236,-0.0010847201089162822,18.0,0.0,0.0749910126311852,0.22041962722699016,0.1539793220476827
0.758,0.0,0.0,-0.3231540056381337,0.8038874001480183,0.003400463945673684,-0.5317547709719236,0.31258509316314803,0.002533873094914343,-0.21164253909096908,0.3064254338258788,0.0015381630033965347,-0.3573951482509416,0.7880463615356921,0.0034551582137612915,-0.5580878110249505,0.3027494963360766,0.002583832231190943,-0.006457198876404742,0.4270993324621082,0.0012859142312582465,-0.4200391696081359,0.7785928082587892,0.003614696619100849,-0.3862627252493817,0.41868310773264333,0.0024169390169987426,-0.04649367904635233,0.4136605059438644,0.0013660192656016858,-1.0229277410149302,0.4146191950500172,0.0043265762773684905,0.22371374266873717,0.7708629062315356,0.0016473252490782021,0.5297743896007463,0.7556726332403491,0.0006693758805067695,0.10664432349046296,0.40644889821865804,0.0009030211881026715,0.25345850360445915,0.401573060322318,0.0004512396954152128,1.1139781378192117,0.746607441334236,-0.0010934719032035837,18.0,0.0,0.07499098872176609,0.22043403437938408,0.15408312184170475
0.76,0.0,0.0,-0.3166906051162387,0.8038874001480183,0.003381124217358456,-0.53144935767689,0.31258509316314803,0.0025330195924052152,-0.21696972472685003,0.3064254338258788,0.0015542039187505434,-0.3510997611603784,0.7880463615356921,0.003436324529359901,-0.5576241872671165,0.3027494963360766,0.0025825119220830813,-0.011363827337009635,0.4270993324621082,0.0013006695940155388,-0.4137507769052881,0.7785928082587892,0.0035958959336007752,-0.3855462715661327,0.41868310773264333,0.002414837498946075,-0.05129250041417482,0.4136605059438644,0.0013804625549706502,-1.0182393250235904,0.4146191950500172,0.004312640808194843,0.22566243136637057,0.7708629062315356,0.0016414474906883956,0.5270019300954655,0.7556726332403491,0.0006776947309188083,0.10785691320004531,0.40644889821865804,0.0008994137241845853,0.2557669931863374,0.401573060322318,0.0004443436701535765,1.1168207969873083,0.746607441334236,-0.0011021120894549273,18.0,0.0,0.07499096481234697,0.220448441531778,0.1541869216357268
0.762,0.0,0.0,-0.31021069810776014,0.8038874001480183,0.0033617340157927715,-0.5311229387287629,0.31258509316314803,0.0025321033525201146,-0.22227661156513945,0.3064254338258788,0.0015701854756581864,-0.34478718872129976,0.7880463615356921,0.0034174383680882115,-0.5571369553943349,0.3027494963360766,0.0025811210508095792,-0.01625815179092832,0.4270993324621082,0.0013153894793973536,-0.40744117215374787,0.7785928082587892,0.0035770307554922323,-0.3848138101658134,0.41868310773264333,0.002412688137896328,-0.056075240145203105,0.4136605059438644,0.0013948590190741177,-1.0135077827815928,0.4146191950500172,0.0042985755602208235,0.2276004677309514,0.7708629062315356,0.0016356014245954952,0.5242302799668864,0.7556726332403491,0.0006860121094346507,0.10907964965434265,0.40644889821865804,0.0008957759550558381,0.2580852163653385,0.401573060322318,0.00043741820140794183,1.1196258565825308,0.746607441334236,-0.001110640066959217,18.0,0.0,0.07499094090292786,0.22046284868417193,0.15429072142974887
0.764,0.0,0.0,-0.3037146024544385,0.8038874001480183,0.0033422942947673355,-0.5307754219057831,0.31258509316314803,0.002531124095675733,-0.22756268801812884,0.3064254338258788,0.001586106136173055,-0.3384577377873135,0.7880463615356921,0.0033985006507709753,-0.5566260293353665,0.3027494963360766,0.0025796593551912347,-0.021139694311242324,0.4270993324621082,0.0013300724527591096,-0.4011106410539111,0.7785928082587892,0.003558101941237611,-0.3840652814912475,0.41868310773264333,0.0024104907536953704,-0.06084142585928617,0.4136605059438644,0.0014092072382672024,-1.0087332497893975,0.4146191950500172,0.004284380933494831,0.22952776552270332,0.7708629062315356,0.0016297873155017527,0.5214597579892386,0.7556726332403491,0.0006943270598203879,0.11031257764904477,0.40644889821865804,0.0008921077456929462,0.26041309088920106,0.401573060322318,0.00043046353187093853,1.1223931235437112,0.746607441334236,-0.0011190552457448844,18.0,0.0,0.07499091699350875,0.22047725583656586,0.15439452122377093
0.766,0.0,0.0,-0.2972026358838431,0.8038874001480183,0.003322806007807371,-0.5304067159716216,0.31258509316314803,0.0025300815452067938,-0.23282744360407465,0.3064254338258788,0.001601964365532023,-0.33211171509783954,0.7880463615356921,0.0033795122979690165,-0.5560913243544507,0.3027494963360766,0.0025781265770143296,-0.026007977301110364,0.4270993324621082,0.0013447170803200514,-0.3947594694978012,0.7785928082587892,0.003539110347938101,-0.38330062648848034,0.41868310773264333,0.002408245167671673,-0.06559058605268547,0.4136605059438644,0.0014235057954094517,-1.0039158636973133,0.4146191950500172,0.004270057334518244,0.23144424050919526,0.7708629062315356,0.0016240054221264967,0.518690682935346,0.7556726332403491,0.0007026386257533314,0.11155574176198013,0.40644889821865804,0.0008884089617088398,0.26275053315422753,0.401573060322318,0.0004234799082993508,1.1251224084215385,0.746607441334236,-0.0011273570466284258,18.0,0.0,0.07499089308408964,0.22049166298895978,0.15449832101779298
0.768,0.0,0.0,-0.2906751159837071,0.8038874001480183,0.003303270108095584,-0.530016730687996,0.31258509316314803,0.002528975427404309,-0.23807036899205,0.3064254338258788,0.0016177586322898604,-0.3257494272519024,0.7880463615356921,0.0033604742299005947,-0.5555327570647871,0.3027494963360766,0.0025765224620715823,-0.03086252353596377,0.4270993324621082,0.0013593219292896558,-0.38838794354777717,0.7785928082587892,0.003520056833269771,-0.3825197866157206,0.41868310773264333,0.0024059512026633713,-0.07032225013964565,0.4136605059438644,0.0014377532759896497,-0.9990557643041867,0.4146191950500172,0.0042556051762419915,0.23334981047824652,0.7708629062315356,0.001618255997167021,0.5159233735456109,0.7556726332403491,0.0007109458509150091,0.11280918634734023,0.40644889821865804,0.0008846794693700337,0.26509745820876757,0.401573060322318,0.0004164675815042714,1.127813525394048,0.746607441334236,-0.0011355449012619078,18.0,0.0,0.07499086917467053,0.2205060701413537,0.15460212081181504
0.77,0.0,0.0,-0.2841323601762774,0.8038874001480183,0.003283687548395176,-0.5296053768271483,0.31258509316314803,0.0025278054715534323,-0.24329095604677403,0.3064254338258788,0.0016334874084537863,-0.31937118068192977,0.7880463615356921,0.0033413873663627833,-0.5549502454418447,0.3027494963360766,0.0025748467602025914,-0.03570285620575832,0.4270993324621082,0.0013738855679942157,-0.38199634941525634,0.7785928082587892,0.0035009422554196997,-0.3817227038522016,0.41868310773264333,0.002403608683045092,-0.07503594849393087,0.4136605059438644,0.00145194826825053,-0.9941530935559229,0.4146191950500172,0.004241024878062612,0.23524439525069563,0.7708629062315356,0.0016125392872598672,0.5131581484969833,0.7556726332403491,0.0007192477790842145,0.11407295552985125,0.40644889821865804,0.0008809191356139535,0.267453779756904,0.401573060322318,0.00040942680634065127,1.1304662922817659,0.746607441334236,-0.001143618252179436,18.0,0.0,0.07499084526525142,0.22052047729374763,0.1547059206058371
0.772,0.0,0.0,-0.2775746856926828,0.8038874001480183,0.003264059280972887,-0.5291725661841806,0.31258509316314803,0.002526571409970889,-0.24848869787341452,0.3064254338258788,0.0016491491696179585,-0.3129772816275622,0.7880463615356921,0.0033222526266528654,-0.5543437088364954,0.3027494963360766,0.002573099225333764,-0.04052849895727874,0.4270993324621082,0.0013884065660035995,-0.3755849734394547,0.7785928082587892,0.0034817674730221364,-0.3809093207069595,0.41868310773264333,0.0024012174347545347,-0.07973121249032349,0.4136605059438644,0.0014660893633133857,-0.9892079955438369,0.4146191950500172,0.00422631686581782,0.23712791669302985,0.7708629062315356,0.0016068555329425201,0.5103953263719184,0.7556726332403491,0.0007275434542300974,0.1153470931988928,0.40644889821865804,0.0008771278280664203,0.2698194101623409,0.401573060322318,0.000402357841696242,1.1330805305625054,0.746607441334236,-0.0011515765528425897,18.0,0.0,0.07499082135583231,0.22053488444614155,0.15480972039985916
0.774,0.0,0.0,-0.27100240954732385,0.8038874001480183,0.0032443862575221036,-0.5287182115892486,0.31258509316314803,0.002525272978041986,-0.25366308886236044,0.3064254338258788,0.0016647423950978798,-0.3065680361094785,0.7880463615356921,0.003303070929489763,-0.5537130679879698,0.3027494963360766,0.0025712796155177163,-0.04533897593649212,0.4270993324621082,0.0014028834942581608,-0.36915410206614757,0.7785928082587892,0.0034625333450947317,-0.380079580227527,0.41868310773264333,0.0023987772853188085,-0.08440757454608132,0.4136605059438644,0.0014801751553025636,-0.9842206165028344,0.4146191950500172,0.004211481571781563,0.23900029872987227,0.7708629062315356,0.0016012049686155172,0.5076352256273267,0.7556726332403491,0.0007358319206052919,0.11663164300256382,0.40644889821865804,0.0008733054150592957,0.2721942604524944,0.401573060322318,0.0003952609504799313,1.1356560653858152,0.746607441334236,-0.0011594192676848082,18.0,0.0,0.0749907974464132,0.22054929159853548,0.15491352019388122
0.776,0.0,0.0,-0.26441584851228866,0.8038874001480183,0.003224669429086026,-0.5282422269196065,0.31258509316314803,0.00252390991425719,-0.25881362473395997,0.3064254338258788,0.001680265568064718,-0.30014374990323994,0.7880463615356921,0.0032838431929355116,-0.553058245036631,0.3027494963360766,0.0025693876929721395,-0.050133811830946354,0.4270993324621082,0.0014173149251958009,-0.36270402182645284,0.7785928082587892,0.00344324073097481,-0.3792334260085406,0.41868310773264333,0.002396288063880511,-0.0890645681623503,0.4136605059438644,0.0014942042414698372,-0.9791911048094188,0.4146191950500172,0.004196519434658555,0.24086146735632308,0.7708629062315356,0.0015955878225049902,0.5048781645635172,0.7556726332403491,0.0007441122228390672,0.1179266483416954,0.40644889821865804,0.0008694517656482828,0.2745782403227863,0.401573060322318,0.00038813639960947076,1.1381927255870776,0.746607441334236,-0.0011671458721547378,18.0,0.0,0.07499077353699408,0.2205636987509294,0.15501731998790327
0.778,0.0,0.0,-0.25781531909179745,0.8038874001480183,0.0032049097459809213,-0.527744527111505,0.31258509316314803,0.0025224819602482637,-0.2639398025832205,0.3064254338258788,0.0016957171756795165,-0.29370472851315804,0.7880463615356921,0.003264570334316796,-0.5523791635365652,0.3027494963360766,0.002567423224118123,-0.05491253191220984,0.4270993324621082,0.0014316994328791635,-0.35623501931563994,0.7785928082587892,0.003423890490255726,-0.3783708022002585,0.41868310773264333,0.002393749601223552,-0.09370172796552884,0.4136605059438644,0.001508175222318644,-0.974119610979523,0.4146191950500172,0.004181430899578308,0.24271135065015176,0.7708629062315356,0.0015900043166256377,0.5021244612931396,0.7556726332403491,0.0007523834060304956,0.11923215236381064,0.40644889821865804,0.0008655667496308879,0.2769712581411408,0.401573060322318,0.000380984459998595,1.1406903437012557,0.746607441334236,-0.001174755852758525,18.0,0.0,0.07499074962757497,0.22057810590332333,0.15512111978192533
0.78,0.0,0.0,-0.25120113749667994,0.8038874001480183,0.0031851081577194467,-0.5272250281719365,0.31258509316314803,0.0025209888608239595,-0.26904112092446625,0.3064254338258788,0.0017110957092272977,-0.2872512771461906,0.7880463615356921,0.00324525327014655,-0.5516757484679846,0.3027494963360766,0.0025653859796179257,-0.0596746620783485,0.4270993324621082,0.0014460355931229542,-0.349747381171967,0.7785928082587892,0.003404483482723287,-0.3774916535169891,0.41868310773264333,0.0023911617297987056,-0.09831858974858045,0.4136605059438644,0.0015220867017281799,-0.9690062876661659,0.4146191950500172,0.0041662164180886205,0.24454987878383713,0.7708629062315356,0.0015844546667441515,0.49937443371012635,0.7556726332403491,0.0007606445158416284,0.12054819795703133,0.40644889821865804,0.0008616502375645423,0.2793732209526841,0.401573060322318,0.00037380540654353154,1.1431487559762883,0.746607441334236,-0.0011822487071010592,18.0,0.0,0.07499072571815586,0.22059251305571725,0.1552249195759474
0.782,0.0,0.0,-0.2445736196188892,0.8038874001480183,0.0031652656129340945,-0.5266836471902285,0.31258509316314803,0.002519430364005254,-0.2741170797359499,0.3064254338258788,0.001726399664251035,-0.28078370068586916,0.7880463615356921,0.003225892916045648,-0.5509479262494413,0.3027494963360766,0.0025632757344121837,-0.06441972889643613,0.4270993324621082,0.00146032198362137,-0.3432413940555487,0.7785928082587892,0.003385020568292268,-0.3765959252454269,0.41868310773264333,0.002388524283748897,-0.10291469051229109,0.4136605059438644,0.0015359372870773346,-0.9638512896569295,0.4146191950500172,0.004150876448148549,0.24637698403645172,0.7708629062315356,0.0015789390823430956,0.49662839945863924,0.7556726332403491,0.0007688945985906681,0.12187482774393156,0.40644889821865804,0.0008577021007848802,0.2817840344846474,0.401573060322318,0.00036659951810890176,1.1455678023861333,0.746607441334236,-0.001189623943926157,18.0,0.0,0.07499070180873675,0.22060692020811118,0.15532871936996945
0.784,0.0,0.0,-0.23793308100605545,0.8038874001480183,0.0031453830593007226,-0.5261203023494799,0.31258509316314803,0.0025178062210601294,-0.27916718050441364,0.3064254338258788,0.0017416275406854863,-0.2743023036662634,0.7880463615356921,0.0032064901866646835,-0.550195624749849,0.3027494963360766,0.002561092267756554,-0.0691472596450943,0.4270993324621082,0.0014745571840756328,-0.33671734462725783,0.7785928082587892,0.003365502606943014,-0.3756835632528941,0.41868310773264333,0.0023858370989342107,-0.10748956850646771,0.4136605059438644,0.0015497255893684664,-0.9586547738712569,0.4146191950500172,0.00413541145412084,0.24819260080538727,0.7708629062315356,0.0015734577665852518,0.49388667590202273,0.7556726332403491,0.0007771327013451295,0.12321208407533832,0.40644889821865804,0.0008537222114241795,0.2842036031514733,0.401573060322318,0.0003593670775130118,1.1479473266434552,0.746607441334236,-0.001196881083155692,18.0,0.0,0.07499067789931764,0.2206213273605051,0.1554325191639915
0.786,0.0,0.0,-0.2312798368360834,0.8038874001480183,0.003125461443462221,-0.5255349129378397,0.31258509316314803,0.002516116186537884,-0.2841909262695964,0.3064254338258788,0.0017567778429908774,-0.26780739024598565,0.7880463615356921,0.0031870459956058663,-0.5494187733003083,0.3027494963360766,0.002558835363257777,-0.0738567823570576,0.4270993324621082,0.0014887397763216075,-0.3301755195276632,0.7785928082587892,0.003345930458658141,-0.37475451399548687,0.41868310773264333,0.0023831000129566123,-0.11204276327107444,0.4136605059438644,0.0015634502233509964,-0.953416899357569,0.4146191950500172,0.004119821906763822,0.249996665617918,0.7708629062315356,0.0015680109162784452,0.49114958009176807,0.7556726332403491,0.000785357872014979,0.12456000902407889,0.40644889821865804,0.0008497104424299591,0.2866318300601252,0.401573060322318,0.00035210837151253407,1.1502871762119586,0.746607441334236,-0.0012040196559276579,18.0,0.0,0.07499065398989853,0.22063573451289903,0.15553631895801356
0.788,0.0,0.0,-0.2246142018917972,0.8038874001480183,0.003105501710952305,-0.5249273993596256,0.31258509316314803,0.002514360018302963,-0.28918782166868223,0.3064254338258788,0.0017718490802864258,-0.26129926418224053,0.7880463615356921,0.003167561255345033,-0.5486173027057367,0.3027494963360766,0.0025565048089091547,-0.07854782586176033,0.4270993324621082,0.0015028683444574973,-0.3236162053560062,0.7785928082587892,0.0033263049833593575,-0.3738087245261238,0.41868310773264333,0.002380312865184391,-0.11657381567730282,0.4136605059438644,0.0015771098076448164,-0.9481378272901981,0.4146191950500172,0.004104108283222759,0.2517891171425984,0.7708629062315356,0.001562598721840853,0.4884174287364903,0.7556726332403491,0.000793569159445743,0.1259186443786753,0.40644889821865804,0.0008456666675837375,0.2890686170156002,0.401573060322318,0.00034482369078657834,1.1525872023183656,0.746607441334236,-0.0012110392046331682,18.0,0.0,0.07499063008047942,0.22065014166529295,0.15564011875203562
0.79,0.0,0.0,-0.21793649053563607,0.8038874001480183,0.0030855048061194466,-0.5242976831462804,0.31258509316314803,0.0025125374775683213,-0.29415737298068645,0.3064254338258788,0.001786839766483683,-0.2547782288049239,0.7880463615356921,0.003148036877153798,-0.547791145256296,0.3027494963360766,0.00255410039712544,-0.0832199198279405,0.4270993324621082,0.0015169414749716056,-0.31703968864921905,0.7785928082587892,0.003306627040844386,-0.37284614250249537,0.41868310773264333,0.002377475496776301,-0.1210822679685726,0.4136605059438644,0.0015907029648635016,-0.9428177209661368,0.4146191950500172,0.004088271067020646,0.25356989620049203,0.7708629062315356,0.0015572213672668117,0.48569053817092267,0.7556726332403491,0.0008017656135115763,0.1272880316369859,0.40644889821865804,0.0008415907615199483,0.29151386452664546,0.401573060322318,0.0003375133299201533,1.1548472599640356,0.746607441334236,-0.001217939282952389,18.0,0.0,0.0749906061710603,0.22066454881768688,0.15574391854605768
0.792,0.0,0.0,-0.21124701668440482,0.8038874001480183,0.003065471672050963,-0.5236456869671636,0.31258509316314803,0.0025106483289282855,-0.29909908817077524,0.3064254338258788,0.001801748420419696,-0.24824458699077537,0.7880463615356921,0.003128473771021848,-0.5469402347386184,0.3027494963360766,0.002551621924777118,-0.08787259480625709,0.4270993324621082,0.001530957756870146,-0.3104462558609873,0.7785928082587892,0.0032868974907240248,-0.3718667161949124,0.41868310773264333,0.0023745877507054163,-0.12556766380145948,0.4136605059438644,0.001604228321737311,-0.9374567458016013,0.4146191950500172,0.004072310748048462,0.2553389457762281,0.7708629062315356,0.0015518790300931306,0.48296922432493067,0.7556726332403491,0.0008099462852082792,0.1286682119997939,0.40644889821865804,0.0008374825997450165,0.29396747181167737,0.401573060322318,0.00033017758738701757,1.1570672079362279,0.746607441334236,-0.001224719455889399,18.0,0.0,0.0749905822616412,0.2206789559700808,0.15584771834007974
0.794,0.0,0.0,-0.20454609378408273,0.8038874001480183,0.003045403250497269,-0.5229713346401769,0.31258509316314803,0.0025086923403909354,-0.30401247693451433,0.3064254338258788,0.0018165735659899623,-0.24169864113758857,0.7880463615356921,0.0031088728455794024,-0.5460645064468267,0.3027494963360766,0.0025490691932240853,-0.09250538227191642,0.4270993324621082,0.001544915781805096,-0.30383619334085926,0.7785928082587892,0.0032671171923593294,-0.37087039449405196,0.41868310773264333,0.002371649471782667,-0.13002954828654606,0.4136605059438644,0.0016176845092359716,-0.9320550693284074,0.4146191950500172,0.004056227822554856,0.2570962110288826,0.7708629062315356,0.0015465718813659224,0.48025380269254975,0.7556726332403491,0.0008181102267462552,0.1300592263643433,0.40644889821865804,0.0008333420586565924,0.2964293368049042,0.401573060322318,0.00032281676553192184,1.1592469088190058,0.746607441334236,-0.0012313792998059757,18.0,0.0,0.07499055835222208,0.22069336312247473,0.1559515181341018
0.796,0.0,0.0,-0.19783403478469433,0.8038874001480183,0.0030253004817963037,-0.5222745511422209,0.31258509316314803,0.0025066692834099747,-0.30889705074204277,0.3064254338258788,0.0018313137322811793,-0.23514069313848407,0.7880463615356921,0.003089235008019842,-0.5451638971933471,0.3027494963360766,0.00254644200834871,-0.09711781466730342,0.4270993324621082,0.0015588141442020738,-0.29720978731340497,0.7785928082587892,0.0032472870047989457,-0.36985712691859923,0.41868310773264333,0.0023686605066800858,-0.1344674680291928,0.4136605059438644,0.0016310701626912312,-0.9266128611901577,0.4146191950500172,0.004040022793135274,0.2588416393026797,0.7708629062315356,0.001541300085607959,0.47754458830104946,0.7556726332403491,0.0008262564916433979,0.13146111531782234,0.40644889821865804,0.0008291690155629442,0.29889935616265134,0.401573060322318,0.0003154311705522414,1.1613862290037806,0.746607441334236,-0.0012379184024543096,18.0,0.0,0.07499053444280297,0.22070777027486865,0.15605531792812385
0.798,0.0,0.0,-0.19111115211524607,0.8038874001480183,0.003005164304798138,-0.5215552626194823,0.31258509316314803,0.0025045789329161067,-0.31375232288216764,0.3064254338258788,0.0018459674537037645,-0.22857104435624867,0.7880463615356921,0.0030695611640225284,-0.5442383453195121,0.3027494963360766,0.0025437401805882714,-0.10170942544461373,0.4270993324621082,0.0015726514413882348,-0.29056732385742756,0.7785928082587892,0.0032274077867165823,-0.3688268636227838,0.41868310773264333,0.002365620703953728,-0.13888097117022485,0.4136605059438644,0.0016443839219191713,-0.9211302931382386,0.4146191950500172,0.004023696168720525,0.26057518013751196,0.7708629062315356,0.001536063800786568,0.47484189568002766,0.7556726332403491,0.0008343841348178988,0.13287391913079422,0.40644889821865804,0.0008249633487025071,0.3013774252698899,0.401573060322318,0.0003080211124789999,1.163485038699495,0.746607441334236,-0.001244336363008634,18.0,0.0,0.07499051053338386,0.22072217742726258,0.1561591177221459
0.8,0.0,0.0,-0.18437775765873232,0.8038874001480183,0.0029849956567897934,-0.5208133963975476,0.31258509316314803,0.002502421067347891,-0.3185778085063754,0.3064254338258788,0.0018605332701241394,-0.22198999559774607,0.7880463615356921,0.0030498522176758227,-0.5432877907059502,0.3027494963360766,0.002540963524966766,-0.10627974910848223,0.4270993324621082,0.0015864262737201656,-0.2839090888852292,0.7785928082587892,0.0032074803963486505,-0.36777955540380847,0.41868310773264333,0.0023625299140662814,-0.14326960742653153,0.4136605059438644,0.001657624431342268,-0.9156075390276257,0.4146191950500172,0.0040072484645647674,0.2622967852792734,0.7708629062315356,0.0015308631782820713,0.47214603883053813,0.7556726332403491,0.0008424922126809642,0.13429767775057574,0.40644889821865804,0.0008207249372635915,0.3038634382469672,0.401573060322318,0.00030058690515728423,1.1655432119424465,0.746607441334236,-0.0012506327920957772,18.0,0.0,0.07499048662396475,0.2207365845796565,0.15626291751616797
0.802,0.0,0.0,-0.17763416272721455,0.8038874001480183,0.002964795473420252,-0.5200488809913444,0.31258509316314803,0.002500195468682087,-0.32337302467275547,0.3064254338258788,0.0018750097269967627,-0.21539784708840276,0.7880463615356921,0.0030301090714003145,-0.542312174782762,0.3027494963360766,0.0025381118611260806,-0.11082832125860387,0.4270993324621082,0.0016001372447117714,-0.2772353681219349,0.7785928082587892,0.003187505691432055,-0.36671515370916985,0.41868310773264333,0.0023593879894093553,-0.1476329281315747,0.4136605059438644,0.0016707903401111876,-0.9100447748124972,0.4146191950500172,0.003990680202232928,0.2640064086900043,0.7708629062315356,0.001525698362856787,0.469457331194255,0.7556726332403491,0.0008505797832294328,0.13573243079456404,0.40644889821865804,0.0008164536614042468,0.30635728795654,0.401573060322318,0.00029312886622605234,1.1675606266057477,0.746607441334236,-0.0012568073118246316,18.0,0.0,0.07499046271454564,0.22075099173205043,0.15636671731019003
0.804,0.0,0.0,-0.17088067803697743,0.8038874001480183,0.0029445646886256988,-0.5192616461149048,0.31258509316314803,0.002497901922463477,-0.32813749038983225,0.3064254338258788,0.0018893953754959027,-0.2087948984467741,0.7880463615356921,0.0030103326258722847,-0.5413114405394782,0.3027494963360766,0.0025351850133565157,-0.11535467863234249,0.4270993324621082,0.0016137829611621362,-0.27054644708487635,0.7785928082587892,0.0031674845291421723,-0.3656336106438681,0.41868310773264333,0.0023561947843254395,-0.15197048627580229,0.4136605059438644,0.0016838803022263173,-0.904442178541653,0.4146191950500172,0.003973991909587544,0.2657040065578428,0.7708629062315356,0.001520569492624594,0.4667760856226772,0.7556726332403491,0.0008586459061382822,0.13717821754351123,0.40644889821865804,0.000812149402272282,0.3088588660107097,0.401573060322318,0.000285647317097334,1.1695371644084254,0.746607441334236,-0.001262859555814535,18.0,0.0,0.07499043880512653,0.22076539888444435,0.1564705171042121
0.806,0.0,0.0,-0.1641176136837652,0.8038874001480183,0.002924304234554987,-0.5184516226909532,0.31258509316314803,0.0024955402178341588,-0.33287072666030076,0.3064254338258788,0.001903688772647133,-0.2021814486591944,0.7880463615356921,0.0029905237799473985,-0.5402855325347999,0.3027494963360766,0.0025321828106266648,-0.11985835914732329,0.4270993324621082,0.001627362033283352,-0.2638426110630387,0.7785928082587892,0.003147417766030997,-0.3645348789775059,0.41868310773264333,0.002352950155129534,-0.15628183654696362,0.4136605059438644,0.0016968929766590002,-0.8987999303537381,0.4146191950500172,0.0039571841207750105,0.26738953730678106,0.7708629062315356,0.0015154766990210786,0.4641026143463766,0.7556726332403491,0.0008666896428530156,0.13863507693474775,0.40644889821865804,0.0008078120420254404,0.3113680627783592,0.401573060322318,0.0002781425829348248,1.1714727109241556,0.746607441334236,-0.0012687891692225682,18.0,0.0,0.07499041489570742,0.22077980603683828,0.15657431689823414
0.808,0.0,0.0,-0.1573452791181026,0.8038874001480183,0.0029040150414953504,-0.5176187428603142,0.31258509316314803,0.0024931101475623037,-0.3375722565246619,0.3064254338258788,0.0019178884814585386,-0.19555779605451604,0.7880463615356921,0.0029706834305846595,-0.5392343969061164,0.3027494963360766,0.0025291050866126296,-0.12433890194400465,0.4270993324621082,0.0016408730748282943,-0.2571241450965726,0.7785928082587892,0.003127306257965484,-0.3634189121512738,0.41868310773264333,0.0023496539601304475,-0.16056653537032245,0.4136605059438644,0.001709827027472484,-0.8931182124722707,0.4146191950500172,0.003940257376211266,0.2690629616062211,0.7708629062315356,0.0015104201067742639,0.4614372289442931,0.7556726332403491,0.0008747100566819173,0.14010304755535438,0.40644889821865804,0.0008034414638517309,0.3138847673926911,0.401573060322318,0.00027061499263187635,1.1733671555896348,0.746607441334236,-0.001274595808769759,18.0,0.0,0.0749903909862883,0.2207942131892322,0.1566781166922562
0.81,0.0,0.0,-0.15056398312070338,0.8038874001480183,0.0028836980377983626,-0.5167629399911391,0.31258509316314803,0.0024906115080703868,-0.34224160510475293,0.3064254338258788,0.001931993071051622,-0.18892423827894148,0.7880463615356921,0.0029508124727706244,-0.5381579813788002,0.3027494963360766,0.002525951679726579,-0.12879584742822486,0.4270993324621082,0.0016543147032183386,-0.2503913339563746,0.7785928082587892,0.0031071508600660856,-0.3622856642848218,0.41868310773264333,0.0023463060596517517,-0.16482414094876452,0.4136605059438644,0.0017226811239425604,-0.8873972092004729,0.4146191950500172,0.003923212222566864,0.2707242423803288,0.7708629062315356,0.0015053998338759435,0.45878024031308023,0.7556726332403491,0.0008827062128881678,0.14158216763528328,0.40644889821865804,0.0007990375519899109,0.3164088677589669,0.401573060322318,0.0002630648787888806,1.1752203917125865,0.746607441334236,-0.0012802791427661965,18.0,0.0,0.0749903670768692,0.22080862034162613,0.15678191648627826
0.812,0.0,0.0,-0.14377403377797077,0.8038874001480183,0.002863354149806165,-0.5158841486879512,0.31258509316314803,0.002488044099462861,-0.3468782996471691,0.3064254338258788,0.001946001116791895,-0.18228107227095305,0.7880463615356921,0.0029309117994439004,-0.537056235275277,0.3027494963360766,0.0025227224331446307,-0.13322873731371945,0.4270993324621082,0.0016676855396709994,-0.24364446212373783,0.7785928082587892,0.0030869524266454915,-0.36113509018301493,0.41868310773264333,0.0023429063160523957,-0.16905421330279563,0.4136605059438644,0.0017354539406778868,-0.8816371069159021,0.4146191950500172,0.00390604921275147,0.27237334481718056,0.7708629062315356,0.0015004159915536206,0.45613195863650463,0.7556726332403491,0.0008906771787818065,0.14307247504042855,0.40644889821865804,0.0007946001917501243,0.3189402505624469,0.401573060322318,0.0002554925776900532,1.1770323164794043,0.746607441334236,-0.0012858388511350516,18.0,0.0,0.07499034316745008,0.22082302749402005,0.15688571628030032
0.8140000000000001,0.0,0.0,-0.1369757384575929,0.8038874001480183,0.002842984301777967,-0.5149823048005061,0.31258509316314803,0.002485407725553298,-0.3514818695665713,0.3064254338258788,0.0019599112004191435,-0.1756285942363446,0.7880463615356921,0.0029109823014199353,-0.5359291095238677,0.3027494963360766,0.002519417194834061,-0.13763711466460457,0.4270993324621082,0.0016809842093274828,-0.23688381377007647,0.7785928082587892,0.003066711811147581,-0.35996714534257235,0.41868310773264333,0.0023394545937469747,-0.17325631431042668,0.4136605059438644,0.00174814415773998,-0.875838094064884,0.4146191950500172,0.0038887689058977586,0.27401023637770144,0.7708629062315356,0.0014954686842430652,0.4534926933549033,0.7556726332403491,0.0008986220238115333,0.14457400726564648,0.40644889821865804,0.0007901292695346886,0.32147880127652956,0.401573060322318,0.00024789842927961324,1.1788028309624272,0.746607441334236,-0.001291274625435505,18.0,0.0,0.07499031925803097,0.22083743464641398,0.15698951607432238
0.8160000000000001,0.0,0.0,-0.13016940378423741,0.8038874001480183,0.0028225894158168336,-0.5140573454324678,0.31258509316314803,0.0024827021938909626,-0.35605184648887644,0.3064254338258788,0.00197372191017735,-0.16896709962335968,0.7880463615356921,0.00289102486731611,-0.5347765566674021,0.3027494963360766,0.002516035817579833,-0.14202052393782225,0.4270993324621082,0.0016942093413801385,-0.23010967273672567,0.7785928082587892,0.0030464298660865968,-0.3587817859585881,0.41868310773264333,0.0023359507592256475,-0.177430007746942,0.4136605059438644,0.0017607504607628731,-0.8700003611567446,0.4146191950500172,0.003871371867344704,0.275634886804389,0.7708629062315356,0.0014905580095615025,0.45086275313470126,0.7556726332403491,0.0009065398196563373,0.14608680142772598,0.40644889821865804,0.0007856246728590346,0.3240244041710912,0.401573060322318,0.00024028277713736528,1.180531840126851,0.746607441334236,-0.0012965861688845738,18.0,0.0,0.07499029534861186,0.2208518417988079,0.15709331586834444
0.8180000000000001,0.0,0.0,-0.1233553356153487,0.8038874001480183,0.002802170411796767,-0.5131092089498973,0.31258509316314803,0.002479927315786848,-0.3605877642943253,0.3064254338258788,0.0019874318409442656,-0.1622968830979405,0.7880463615356921,0.002871040383477155,-0.5335985308716008,0.3027494963360766,0.002512578159010436,-0.14637851102554267,0.4270993324621082,0.0017073595691997913,-0.2233223225148202,0.7785928082587892,0.003026107442986545,-0.3575789689309327,0.41868310773264333,0.002332394681073694,-0.18157485932454728,0.4136605059438644,0.0017732715410724194,-0.8641241007578414,0.4146191950500172,0.0038538586686202854,0.27724726812982176,0.7708629062315356,0.00148568405828144,0.4482424458379944,0.7556726332403491,0.0009144296403169434,0.14761089425830975,0.40644889821865804,0.0007810862903727961,0.326576942321024,0.401573060322318,0.00023264596845368042,1.1822192528372713,0.746607441334236,-0.0013017731963778452,18.0,0.0,0.07499027143919275,0.22086624895120183,0.1571971156623665
0.8200000000000001,0.0,0.0,-0.1165338390170513,0.8038874001480183,0.002781728207290101,-0.5121378349895535,0.31258509316314803,0.0024770829063391364,-0.3650891591604239,0.3064254338258788,0.0020010395943606124,-0.15561823851909215,0.7880463615356921,0.002851029733900898,-0.5323949879332246,0.3027494963360766,0.0025090440816230323,-0.15071062329751933,0.4270993324621082,0.0017204335304629526,-0.21652204622525406,0.7785928082587892,0.0030057453923208284,-0.35635865187053434,0.41868310773264333,0.002328786229990728,-0.18569043673189342,0.4136605059438644,0.001785706095805235,-0.8582095074853919,0.4146191950500172,0.003836229887423576,0.2788473546849468,0.7708629062315356,0.0014808469143051417,0.44563207849219977,0.7556726332403491,0.000922290562207064,0.14914632209676634,0.40644889821865804,0.0007765140118810448,0.32913629761497304,0.401573060322318,0.0002249883540038819,1.183864981863861,0.746607441334236,-0.001306835434509106,18.0,0.0,0.07499024752977364,0.22088065610359575,0.15730091545638855
0.8220000000000001,0.0,0.0,-0.10970521824016351,0.8038874001480183,0.0027612637174952086,-0.5111431644670048,0.31258509316314803,0.0024741687844581045,-0.36955556960475355,0.3064254338258788,0.002014543778958908,-0.14893145891436657,0.7880463615356921,0.0028309938001643527,-0.5311658852879895,0.3027494963360766,0.0025054334528079036,-0.1550164096433923,0.4270993324621082,0.0017334298672788825,-0.20970912659872357,0.7785928082587892,0.0029853445634521296,-0.35512079310553857,0.41868310773264333,0.002325125278809533,-0.18977630967347256,0.4136605059438644,0.0017980528280272736,-0.8522567780010999,0.4146191950500172,0.003818486107606227,0.280435123107145,0.7708629062315356,0.0014760466546397666,0.44303195725977795,0.7556726332403491,0.0009301216642444479,0.15069312088301381,0.40644889821865804,0.000771907728365675,0.33170235076427035,0.401573060322318,0.00021731028812203485,1.1854689438881798,0.746607441334236,-0.0013117726215888749,18.0,0.0,0.07499022362035453,0.22089506325598968,0.1574047152504106
0.8240000000000001,0.0,0.0,-0.10286977669632434,0.8038874001480183,0.0027407778551645457,-0.5101251395845506,0.31258509316314803,0.002471184772890458,-0.373986536527646,0.3064254338258788,0.002027943010291897,-0.1422368364554705,0.7880463615356921,0.0028109334613501758,-0.5299111820182448,0.3027494963360766,0.0025017461448721984,-0.1592954205149353,0.4270993324621082,0.0017463472263165017,-0.2028838459558567,0.7785928082587892,0.0029649058045725383,-0.35386535168734534,0.41868310773264333,0.0023214117025145455,-0.1938320499088826,0.4136605059438644,0.001810310446852011,-0.846266111004577,0.4146191950500172,0.0038006279191533515,0.28201055234806893,0.7708629062315356,0.001471283349373172,0.4404423874080302,0.7556726332403491,0.0009379220279417133,0.15225132615029546,0.40644889821865804,0.0007672673320069328,0.3342749813120669,0.401573060322318,0.00020961212867414293,1.1870310595086162,0.746607441334236,-0.0013165845076618316,18.0,0.0,0.07499019971093542,0.2209094704083836,0.15750851504443267
0.8260000000000001,0.0,0.0,-0.09602781693423797,0.8038874001480183,0.002720271530533028,-0.5090837038389505,0.31258509316314803,0.0024681306982430964,-0.3783816032547182,0.3064254338258788,0.0020412359110605744,-0.135534662434002,0.7880463615356921,0.0027908495939734878,-0.5286308388604145,0.3027494963360766,0.0024979820350629644,-0.1635472079682418,0.4270993324621082,0.0017591842589311305,-0.19604648618743117,0.7785928082587892,0.002944429962643938,-0.3525922873965226,0.41868310773264333,0.0023176453782599664,-0.1978572312919566,0.4136605059438644,0.001822477667558241,-0.840237707226561,0.4146191950500172,0.0037826559181637826,0.28357362368125116,0.7708629062315356,0.0014665570616504001,0.43786367327897474,0.7556726332403491,0.0009456907374969565,0.15382097301790823,0.40644889821865804,0.0007625927162050877,0.33685406764266035,0.401573060322318,0.00020189423703075328,1.1885512532454614,0.746607441334236,-0.0013212708545231409,18.0,0.0,0.0749901758015163,0.22092387756077753,0.15761231483845473
0.8280000000000001,0.0,0.0,-0.08917964061603886,0.8038874001480183,0.002699745651246769,-0.5080188020289608,0.31258509316314803,0.002465006391006296,-0.38274031557926275,0.3064254338258788,0.002054421111241791,-0.12882522723731976,0.7880463615356921,0.0027707430719090824,-0.5273248182121976,0.3027494963360766,0.0024941410055894734,-0.1677713257058457,0.4270993324621082,0.0017719396212910502,-0.18919732873468342,0.7785928082587892,0.002923917883338661,-0.3513015607485952,0.41868310773264333,0.002313826185387498,-0.2018514298097532,0.4136605059438644,0.0018345532117074628,-0.8341717694219277,0.4146191950500172,0.003764570706829734,0.2851243207094792,0.7708629062315356,0.0014618678476508535,0.435296118259305,0.7556726332403491,0.000953426879884123,0.15540209618388412,0.40644889821865804,0.0007578837756022495,0.33943948699101884,0.401573060322318,0.00019415697803897293,1.1900294535456142,0.746607441334236,-0.0013258314357336763,18.0,0.0,0.07499015189209719,0.22093828471317145,0.15771611463247678
0.8300000000000001,0.0,0.0,-0.08232554849378153,0.8038874001480183,0.0026792011222921716,-0.5069303802626777,0.31258509316314803,0.0024618116855763266,-0.38706222180448985,0.3064254338258788,0.0020674972482154245,-0.12210882032454962,0.7880463615356921,0.0027506147663190358,-0.5259930841395288,0.3027494963360766,0.0024902229436448227,-0.171967329118772,0.4270993324621082,0.001784611974503862,-0.18233665456971157,0.7785928082587892,0.002903370410980418,-0.34999313299970836,0.41868310773264333,0.0023099540054437157,-0.2058142236214045,0.4136605059438644,0.0018465358072608528,-0.8280685023624982,0.4146191950500172,0.0037463728934158352,0.28666262937193343,0.7708629062315356,0.0014572157565661693,0.4327400247504343,0.7556726332403491,0.0009611295449431323,0.15699472991762548,0.40644889821865804,0.0007531404061043217,0.3420311154524996,0.401573060322318,0.00018640071999389746,1.1914655927869187,0.746607441334236,-0.0013302660366341346,18.0,0.0,0.07499012798267808,0.22095269186556538,0.15781991442649884
0.8320000000000001,0.0,0.0,-0.07546584038605819,0.8038874001480183,0.0026586388459253992,-0.5058183859646855,0.31258509316314803,0.002458546420277477,-0.3913468727856157,0.3064254338258788,0.0020804629668911057,-0.11538573020273278,0.7880463615356921,0.002730465545580725,-0.5246356023832965,0.3027494963360766,0.0024862277414268164,-0.17613477532851285,0.4270993324621082,0.0017971999847426405,-0.1754647441759743,0.7785928082587892,0.0028827883884855023,-0.3486669661521646,0.41868310773264333,0.002306028722197055,-0.2097451930968175,0.4136605059438644,0.0018584241886958068,-0.8219281128296387,0.4146191950500172,0.0037280630922375464,0.28818853795108557,0.7708629062315356,0.0014526008305788068,0.4301956941386299,0.7556726332403491,0.0009687978254697442,0.1585989080524947,0.40644889821865804,0.0007483625049030977,0.34462882799276157,0.401573060322318,0.0001786258346094552,1.1928596072821311,0.746607441334236,-0.0013345744543580482,18.0,0.0,0.07499010407325897,0.2209670990179593,0.1579237142205209
0.834,0.0,0.0,-0.06860081515474828,0.8038874001480183,0.0026380597216022297,-0.5046827678830089,0.31258509316314803,0.0024552104373835007,-0.39559382197179294,0.3064254338258788,0.0020933169198344833,-0.10865624440311991,0.7880463615356921,0.0027102962752152747,-0.5232523403658164,0.3027494963360766,0.0024821552961581195,-0.1802732232289242,0.4270993324621082,0.0018097023233718632,-0.16858187752888854,0.7785928082587892,0.0028621726573042905,-0.3473230229598335,0.41868310773264333,0.002302050221654424,-0.21364392085522566,0.4136605059438644,0.0018702170971220456,-0.8157508096066547,0.4146191950500172,0.0037096419236389675,0.2897020370793534,0.7708629062315356,0.0014480231048413503,0.42766342676524005,0.7556726332403491,0.0009764308173051575,0.16021466397835904,0.40644889821865804,0.00074354997049849,0.34723249845787124,0.401573060322318,0.00017083269698866927,1.1942114372825197,0.746607441334236,-0.0013387564978436855,18.0,0.0,0.07499008016383986,0.22098150617035323,0.15802751401454296
0.836,0.0,0.0,-0.061730770681903,0.8038874001480183,0.0026174646459083,-0.5035234760958687,0.31258509316314803,0.002451803583138471,-0.39980262544787937,0.3064254338258788,0.002106057767393015,-0.10192064945761549,0.7880463615356921,0.0026901078178164363,-0.5218432671970603,0.3027494963360766,0.002478005510105679,-0.1843822335280387,0.4270993324621082,0.0018221176670730971,-0.16168833407652808,0.7785928082587892,0.0028415240573630334,-0.3459612669334337,0.41868310773264333,0.0022980183920774306,-0.21750999180358654,0.4136605059438644,0.00188191328039727,-0.8095368034709767,0.4146191950500172,0.0036911100139700157,0.2912031197455091,0.7708629062315356,0.0014434826074565467,0.4251435218970184,0.7556726332403491,0.000984027619425327,0.16184203063409092,0.40644889821865804,0.000738702702720897,0.34984199958460094,0.401573060322318,0.00016302168559334025,1.1955210269810932,0.746607441334236,-0.0013428119878448512,18.0,0.0,0.07499005625442075,0.22099591332274715,0.15813131380856502
0.838,0.0,0.0,-0.054856003846768704,0.8038874001480183,0.002596854512489764,-0.5023404620182401,0.31258509316314803,0.00244832570777705,-0.40397284197603933,0.3064254338258788,0.0021186841778212747,-0.09517923087537677,0.7880463615356921,0.0026699010329799227,-0.520408353680639,0.3027494963360766,0.0024737782905994107,-0.18846136878978995,0.4270993324621082,0.0018344446979704407,-0.15478439272042588,0.7785928082587892,0.002820843427005952,-0.34458166234568527,0.41868310773264333,0.002293933123998231,-0.22134299317482212,0.4136605059438644,0.0018935114932423528,-0.8032863071861387,0.4146191950500172,0.003672467995562982,0.29269178130083795,0.7708629062315356,0.0014389793594580796,0.4226362776965484,0.7556726332403491,0.000991587334029992,0.16348104050002515,0.40644889821865804,0.0007338206027537014,0.35245720301091826,0.401573060322318,0.00015519318221315115,1.196788324515462,0.746607441334236,-0.0013467407569405718,18.0,0.0,0.07499003234500164,0.22101032047514108,0.15823511360258707
0.84,0.0,0.0,-0.047976810502952584,0.8038874001480183,0.002576230211984361,-0.5011336784082132,0.31258509316314803,0.0024447766655441646,-0.40810403303717396,0.3064254338258788,0.002131194827405754,-0.08843227311957161,0.7880463615356921,0.0026496767772332063,-0.5189475723195365,0.3027494963360766,0.0024694735500501467,-0.19251019347564344,0.4270993324621082,0.0018466821037556942,-0.1478703317964821,0.7785928082587892,0.002800131602937645,-0.34318417423633335,0.41868310773264333,0.0022897943102349856,-0.22514251456589776,0.4136605059438644,0.0019050104973560595,-0.7969995354935486,0.4146191950500172,0.0036537165067084673,0.29416801946504345,0.7708629062315356,0.001434513374792093,0.4201419911927723,0.7556726332403491,0.000999109066631402,0.1651317255903731,0.40644889821865804,0.0007289035731558986,0.3550779792866661,0.401573060322318,0.00014734757193419918,1.1980132819703277,0.746607441334236,-0.0013505426495436783,18.0,0.0,0.07499000843558253,0.221024727627535,0.15833891339660913
0.842,0.0,0.0,-0.04109348545573407,0.8038874001480183,0.0025555926319529125,-0.49990307937315415,0.31258509316314803,0.0024411563147140837,-0.41219576287217596,0.3064254338258788,0.0021435884005891583,-0.08168005958429944,0.7880463615356921,0.002629435903965791,-0.5174608973215963,0.3027494963360766,0.0024650912059668395,-0.19652827398612968,0.4270993324621082,0.001858828577813255,-0.14094642905598054,0.7785928082587892,0.0027793894201658138,-0.3417687684170411,0.41868310773264333,0.00228560184590693,-0.2289081479757364,0.4136605059438644,0.0019164090615292864,-0.7906767051040499,0.4146191950500172,0.003634856191630697,0.29563183433189655,0.7708629062315356,0.0014300846602994766,0.4176609582516277,0.7556726332403491,0.0010065919261427303,0.1667941174455949,0.40644889821865804,0.0007239515178848548,0.3577041978844322,0.401573060322318,0.00013948524310695558,1.1991958553796043,0.746607441334236,-0.0013542175219082755,18.0,0.0,0.07498998452616341,0.22103913477992893,0.1584427131906312
0.844,0.0,0.0,-0.034206322439525524,0.8038874001480183,0.0025349426568112574,-0.49864862037566676,0.31258509316314803,0.0024374645176089066,-0.4162475985230036,0.3064254338258788,0.002155863590094164,-0.07492287257167965,0.7880463615356921,0.0026091792633599746,-0.5159483046047573,0.3027494963360766,0.0024606311809730187,-0.2005151787022747,0.4270993324621082,0.0018708828193447137,-0.13401296164671583,0.7785928082587892,0.002758617711944309,-0.3403354114761519,0.41868310773264333,0.0022813556284490533,-0.232639487842964,0.4136605059438644,0.0019277059617588022,-0.7843180346892741,0.4146191950500172,0.003615887700462201,0.2970832283746254,0.7708629062315356,0.0014256932156989173,0.4151934735467956,0.7556726332403491,0.001014035024966164,0.1684682471247308,0.40644889821865804,0.0007189643423191894,0.3603357272106065,0.401573060322318,0.00013160658731365738,1.200336004728169,0.746607441334236,-0.001357765242136105,18.0,0.0,0.0749899606167443,0.22105354193232285,0.15854651298465325
0.846,0.0,0.0,-0.027315614095485684,0.8038874001480183,0.002514281167762631,-0.4973702582393545,0.31258509316314803,0.0024337011406164446,-0.42025910987357007,0.3064254338258788,0.002168019097046647,-0.06816099326911157,0.7880463615356921,0.002588907702322115,-0.5144097718020387,0.3027494963360766,0.002456093402822502,-0.20447047802692314,0.4270993324621082,0.001882843533493149,-0.12707020609423358,0.7785928082587892,0.002737817309716515,-0.3388840707833197,0.41868310773264333,0.0022770555576263857,-0.23633613108348284,0.4136605059438644,0.001938899981360485,-0.7779237448727858,0.4146191950500172,0.003596811689217874,0.29852220645104227,0.7708629062315356,0.0014213390335707306,0.41273983053056384,0.7556726332403491,0.0010214374790806604,0.1701541451976918,0.40644889821865804,0.0007139419532817817,0.3629724346166264,0.401573060322318,0.00012371199933513437,1.2014336939532444,0.746607441334236,-0.0013611856901817993,18.0,0.0,0.07498993670732519,0.22106794908471677,0.1586503127786753
0.848,0.0,0.0,-0.020421651949289226,0.8038874001480183,0.0024936090427305118,-0.49606795115438107,0.31258509316314803,0.0024298660542075076,-0.42422986969044363,0.3064254338258788,0.0021800536310983467,-0.061394701726710306,0.7880463615356921,0.0025686220644144113,-0.5128452782662736,0.3027494963360766,0.002451477804414346,-0.20839374442594943,0.4270993324621082,0.0018947094314670939,-0.12011843828318595,0.7785928082587892,0.0027169890430590684,-0.33741471449400845,0.41868310773264333,0.0022727015355478893,-0.2399976771278684,0.4136605059438644,0.0019499899110820417,-0.7714940582210166,0.4146191950500172,0.0035776288197684096,0.2999487758084046,0.7708629062315356,0.0014170220993414801,0.410300321404809,0.7556726332403491,0.0010287984081293557,0.17185184173751125,0.40644889821865804,0.0007088842590628987,0.36561418641040755,0.401573060322318,0.00011580187711707469,1.2024888909454094,0.746607441334236,-0.0013644787578570253,18.0,0.0,0.07498991279790608,0.2210823562371107,0.15875411257269736
0.85,0.0,0.0,-0.013524726389055908,0.8038874001480183,0.0024729271562919227,-0.4947416586828307,0.31258509316314803,0.002425959132952587,-0.4281594536633535,0.3064254338258788,0.002191965910548967,-0.054624276834922526,0.7880463615356921,0.002548323189787207,-0.5112548050745889,0.3027494963360766,0.0024467843238070506,-0.21228455246935213,0.4270993324621082,0.0019064792306641726,-0.11315793343880491,0.7785928082587892,0.0026961337396259255,-0.3359273115538573,0.41868310773264333,0.0022682934666799553,-0.24362372795858686,0.4136605059438644,0.0019609745492151984,-0.7650291992339908,0.4146191950500172,0.003558339759813101,0.3013629460880076,0.7708629062315356,0.001412742391269393,0.407875237092101,0.7556726332403491,0.0010361169355066202,0.17356136631255784,0.40644889821865804,0.0007037911694434403,0.36826084786795993,0.401573060322318,0.00010787662173573132,1.2035015675492418,0.746607441334236,-0.0013676443488335206,18.0,0.0,0.07498988888848697,0.22109676338950462,0.15885791236671942
0.852,0.0,0.0,-0.0066251266434426805,0.8038874001480183,0.0024522363796112227,-0.4933913417638662,0.31258509316314803,0.0024219802555379365,-0.4320474404454977,0.3064254338258788,0.0022037546624676966,-0.04784999630232641,0.7880463615356921,0.002528011915111844,-0.5096383350326321,0.3027494963360766,0.0024420129042319965,-0.2161424788722268,0.4270993324621082,0.0019181516547943811,-0.10618896610849546,0.7785928082587892,0.002675252225092782,-0.3344218317029144,0.41868310773264333,0.002263831257859502,-0.24721388814702888,0.4136605059438644,0.0019718527017073537,-0.758529394335842,0.4146191950500172,0.003538945182852024,0.30276472932950443,0.7708629062315356,0.001408499880430584,0.405464867206934,0.7556726332403491,0.0010433921884447442,0.17528274797871096,0.40644889821865804,0.0006986625957183006,0.3709122832451875,0.401573060322318,9.993663736307418e-05,1.2044716995635896,0.746607441334236,-0.0013706823786450175,18.0,0.0,0.07498986497906786,0.22111117054189855,0.15896171216074148
0.854,0.0,0.0,0.00027685924009791807,0.8038874001480183,0.002431537580374383,-0.4920169627186854,0.31258509316314803,0.0024179293047810425,-0.43589341169364765,0.3064254338258788,0.0022154186228141295,-0.04107213663361986,0.7880463615356921,0.0025076890735140555,-0.5079958526785435,0.3027494963360766,0.0024371634941061262,-0.2199671025356126,0.4270993324621082,0.001929725434003005,-0.09921181014355113,0.7785928082587892,0.002654345323101854,-0.3328982454797363,0.41868310773264333,0.0022593148183066734,-0.2507677648903562,0.4136605059438644,0.00198262318227268,-0.7519948718651193,0.4146191950500172,0.0035194457681575774,0.30415413997495144,0.7708629062315356,0.0014042945307060936,0.4030695000270867,0.7556726332403491,0.0010506232981002453,0.1770160152714997,0.40644889821865804,0.0006934984507198413,0.3735683557898704,0.401573060322318,9.198233123139149e-05,1.2053992667414752,0.746607441334236,-0.001373592774688061,18.0,0.0,0.07498984106964875,0.22112557769429247,0.15906551195476354
0.856,0.0,0.0,0.007180944416889705,0.8038874001480183,0.002410831622723761,-0.49061848525527557,0.31258509316314803,0.0024138061676455005,-0.4396969521080456,0.3064254338258788,0.0022269565365585792,-0.03429097310780098,0.7880463615356921,0.002487355494507936,-0.5063273442866728,0.3027494963360766,0.0024322360470438605,-0.2237580045872082,0.4270993324621082,0.0019411993049931622,-0.09222673868099396,0.7785928082587892,0.002633413855207021,-0.33135652422535394,0.41868310773264333,0.002254744059637139,-0.25428496804815737,0.4136605059438644,0.001993284812502662,-0.7454258620648848,0.4146191950500172,0.00349984220074541,0.30553119487257563,0.7708629062315356,0.0014001262987697527,0.4006894224651167,0.7556726332403491,0.001057809399639787,0.17876119619820618,0.40644889821865804,0.000688298648841475,0.3762289277538282,0.401573060322318,8.401411359734274e-05,1.2062842527896283,0.746607441334236,-0.0013763754762217179,18.0,0.0,0.07498981716022964,0.2211399848466864,0.1591693117487856
0.858,0.0,0.0,0.014086843266431871,0.8038874001480183,0.002390119367193386,-0.4891958744729649,0.31258509316314803,0.0024096107352552707,-0.4434576494720896,0.3064254338258788,0.002238367157801773,-0.027506779756545023,0.7880463615356921,0.002467012003930479,-0.5046327978710402,0.3027494963360766,0.0024272305218682485,-0.22751476842195156,0.4270993324621082,0.0019525720111479492,-0.08523402412554115,0.7785928082587892,0.0026124586408193496,-0.3297966400871044,0.41868310773264333,0.002250118895873992,-0.25776511017890896,0.4136605059438644,0.0020038364219760654,-0.7388225970726021,0.4146191950500172,0.003480135171344706,0.3068959132802608,0.7708629062315356,0.0013959951340768802,0.39832492003999165,0.7556726332403491,0.0010649496323256972,0.18051831822993447,0.40644889821865804,0.0006830631060613556,0.37889386040526296,0.401573060322318,7.603239770546933e-05,1.2071266453676497,0.746607441334236,-0.001379030434366177,18.0,0.0,0.07498979325081052,0.22115439199908032,0.15927311154280765
0.86,0.0,0.0,0.020994271413621785,0.8038874001480183,0.0023694016706447595,-0.4877490968667719,0.31258509316314803,0.002405342902908339,-0.4471750946918025,0.3064254338258788,0.0022496492498939053,-0.020719829342781652,0.7880463615356921,0.0024466594238767114,-0.5029122031885407,0.3027494963360766,0.0024221468826213506,-0.23123697974245958,0.4270993324621082,0.0019638423026521793,-0.07823393813170065,0.7785928082587892,0.0025914804971529913,-0.32821856602232835,0.41868310773264333,0.0022454392434592433,-0.2612078065762384,0.4136605059438644,0.00201427684836832,-0.7321853109098146,0.4146191950500172,0.0034603253763678585,0.30824831686874987,0.7708629062315356,0.0013919009788538246,0.39597627684886133,0.7556726332403491,0.0010720431396010722,0.18228740829364604,0.40644889821865804,0.0006777917399661708,0.381563014041281,0.401573060322318,6.803759975116509e-05,1.207926436086807,0.746607441334236,-0.0013815576121002412,18.0,0.0,0.07498976934139141,0.22116879915147425,0.1593769113368297
0.862,0.0,0.0,0.027902945749798357,0.8038874001480183,0.00234867938620319,-0.4862781203315515,0.31258509316314803,0.00240100257008976,-0.4508488818350794,0.3064254338258788,0.0022608015855530438,-0.013930393339476595,0.7880463615356921,0.002426298572635421,-0.5011655517418915,0.3027494963360766,0.002416985098573852,-0.23492422659932244,0.4270993324621082,0.0019750089366137036,-0.07122675158599778,0.7785928082587892,0.0025704802391714695,-0.32662227580193265,0.41868310773264333,0.002240705021264915,-0.26461267530498467,0.4136605059438644,0.002024604937560308,-0.7255142394716159,0.4146191950500172,0.003440413517879495,0.3095884297245605,0.7708629062315356,0.0013878437680883574,0.39364377553897434,0.7556726332403491,0.0010790890691744631,0.18406849276416304,0.40644889821865804,0.000672484469775036,0.3842362480005914,0.401573060322318,6.0030138843110924e-05,1.2086836205084608,0.746607441334236,-0.001383956984257713,18.0,0.0,0.0749897454319723,0.22118320630386817,0.15948071113085177
0.864,0.0,0.0,0.034812584453602746,0.8038874001480183,0.00232795336319466,-0.4847829141659385,0.31258509316314803,0.0023965896404840987,-0.45447860817070973,0.3064254338258788,0.0022718229469828747,-0.0071387419086215926,0.7880463615356921,0.002405930264625506,-0.4993928367823217,0.3027494963360766,0.002411745144233904,-0.23857609943124808,0.4270993324621082,0.001986070677184292,-0.0642127345893351,0.7785928082587892,0.0025494586795343607,-0.3250077440138185,0.41868310773264333,0.002235916150603728,-0.26797933723705375,0.4136605059438644,0.002034819543746547,-0.7188096205159107,0.4146191950500172,0.003420400303564899,0.3109162783526106,0.7708629062315356,0.0013838234295209253,0.39132769727974287,0.7556726332403491,0.0010860865731041243,0.1858615974561404,0.40644889821865804,0.000667141216363485,0.3869134206763804,0.401573060322318,5.201043696517971e-05,1.209398198142123,0.746607441334236,-0.0013862285375226746,18.0,0.0,0.07498972152255319,0.2211976134562621,0.15958451092487383
0.866,0.0,0.0,0.041722907011653265,0.8038874001480183,0.002307224447083247,-0.4832634490760884,0.31258509316314803,0.0023921040219872596,-0.4580638742071695,0.3064254338258788,0.0022827121259897656,-0.00034514388043654486,0.7880463615356921,0.0023855553103329413,-0.49759405331200407,0.3027494963360766,0.002406426999355195,-0.24219219110505186,0.4270993324621082,0.001997026295680069,-0.05719215643948753,0.7785928082587892,0.0025284166285443727,-0.32337494606617395,0.41868310773264333,0.0022310725552393855,-0.2713074160870644,0.4136605059438644,0.0020449195295427543,-0.7120716936524676,0.4146191950500172,0.003400286446697784,0.31223189167855164,0.7708629062315356,0.0013798398836367752,0.38902832173495927,0.7556726332403491,0.0010930348078818186,0.18766674761600793,0.40644889821865804,0.0006617619022875529,0.3895943895293596,0.401573060322318,4.397891893781275e-05,1.2100701724431455,0.746607441334236,-0.0013883722704236608,18.0,0.0,0.07498969761313408,0.22121202060865602,0.1596883107188959
0.868,0.0,0.0,0.048633634239031304,0.8038874001480183,0.002286493479409095,-0.4817196971792151,0.31258509316314803,0.0023875456267177094,-0.4616042837311785,0.3064254338258788,0.002293467924099145,0.006450133267212285,0.7880463615356921,0.002365174516248386,-0.49576919808622827,0.3027494963360766,0.002401030648944242,-0.24577209695548685,0.4270993324621082,0.00200787457070148,-0.05016528561373494,0.7785928082587892,0.00250735489409483,-0.3217238581906321,0.41868310773264333,0.002226174161396452,-0.2745965384477807,0.4136605059438644,0.0020549037660927867,-0.7053007003317637,0.4146191950500172,0.003380072666107455,0.3135353010508066,0.7708629062315356,0.001375893043658952,0.3867459270351683,0.7556726332403491,0.0010999329345161694,0.1894839679138838,0.40644889821865804,0.0006563464518079504,0.3922790111009871,0.401573060322318,3.593601237887517e-05,1.2106995508100429,0.746607441334236,-0.0013903881933267288,18.0,0.0,0.07498967370371497,0.22122642776104995,0.15979211051291795
0.87,0.0,0.0,0.05554448829957521,0.8038874001480183,0.002265761297726961,-0.4801516320069256,0.31258509316314803,0.0023829143710270896,-0.4650994438460189,0.3064254338258788,0.0023040891526711718,0.013246823429174208,0.7880463615356921,0.0023447886848054393,-0.4939182696153155,0.3027494963360766,0.0023955560832669147,-0.24931541482490996,0.4270993324621082,0.002018614288252785,-0.04313238975163417,0.7785928082587892,0.0024862742816175723,-0.32005445744529326,0.41868310773264333,0.0022212208977698267,-0.27784633382532875,0.4136605059438644,0.0020647711331749355,-0.6984968838336212,0.4146191950500172,0.003359759686145343,0.3148265402423097,0.7708629062315356,0.001371982815542187,0.3844807897501981,0.7556726332403491,0.0011067801186155422,0.1913132824354604,0.40644889821865804,0.0006508947909143227,0.3949671410268594,0.401573060322318,2.7882147663992607e-05,1.2112863445814457,0.746607441334236,-0.001392276328427421,18.0,0.0,0.07498964979429586,0.22124083491344387,0.15989591030694
0.872,0.0,0.0,0.06245519272597904,0.8038874001480183,0.002245028735545329,-0.47855922850835275,0.31258509316314803,0.002378210175510221,-0.4685489650096099,0.3064254338258788,0.002314574633015693,0.020044661893152422,0.7880463615356921,0.0023243986143195536,-0.4920412681662741,0.3027494963360766,0.0023900032978541766,-0.2528217451027791,0.4270993324621082,0.0020292442418610545,-0.03609373563793252,0.7785928082587892,0.00246517559403127,-0.31836672171761277,0.41868310773264333,0.00221621269553381,-0.28105643467419206,0.4136605059438644,0.0020745205193075794,-0.6916604892556368,0.4146191950500172,0.0033393482366509157,0.31610564545194547,0.7708629062315356,0.0013681090979676778,0.3822331848618542,0.7556726332403491,0.0011135755304704528,0.193154714673864,0.40644889821865804,0.000645406847349593,0.39765863405027285,0.401573060322318,1.9817757886375687e-05,1.2118305690326872,0.746607441334236,-0.0013940367097416292,18.0,0.0,0.07498962588487675,0.2212552420658378,0.15999971010096206
0.874,0.0,0.0,0.06936547243969321,0.8038874001480183,0.002224296622266118,-0.4769424630530849,0.31258509316314803,0.0023734329650145027,-0.4719524610723345,0.3064254338258788,0.002324923196506466,0.02684338535961495,0.7880463615356921,0.0023040050989276187,-0.49013819576419615,0.3027494963360766,0.002384372293507052,-0.25629069076497674,0.4270993324621082,0.0020397632326946617,-0.029049589185624752,0.7785928082587892,0.002444059631690165,-0.31666062972715286,0.41868310773264333,0.002211149488350768,-0.28422647643198357,0.4136605059438644,0.0020841508218541692,-0.6847917635014045,0.4146191950500172,0.0033188390529169626,0.3173726553056844,0.7708629062315356,0.0013642717823387706,0.3800033857367798,0.7556726332403491,0.0011203183451354846,0.19500828752148977,0.40644889821865804,0.0006398825506343821,0.4003533440359527,0.401573060322318,1.1743278816135406e-05,1.212332243372024,0.746607441334236,-0.0013956693830953536,18.0,0.0,0.07498960197545763,0.22126964921823172,0.16010350989498412
0.876,0.0,0.0,0.07627505377062395,0.8038874001480183,0.0022035657831249752,-0.47530131343389387,0.31258509316314803,0.002368582668648699,-0.475309549314614,0.3064254338258788,0.00233513368469464,0.03364273196147457,0.7880463615356921,0.0022836089285282316,-0.4882090561933948,0.3027494963360766,0.002378663076300818,-0.2597218574129549,0.4270993324621082,0.0020501700696812547,-0.022000215419155564,0.7785928082587892,0.002422927192333242,-0.3149361610282001,0.41868310773264333,0.0022060312123793886,-0.28735609755399,0.4136605059438644,0.002093660947127544,-0.6778909552685313,0.4146191950500172,0.0032982328756542647,0.3186276108574127,0.7708629062315356,0.0013604707527775537,0.37779166409948584,0.7556726332403491,0.0011270077425107078,0.1968740232618129,0.40644889821865804,0.0006343218320915048,0.4030511239839485,0.401573060322318,3.6591488590959067e-06,1.2127913907364891,0.746607441334236,-0.0013971744061133642,18.0,0.0,0.07498957806603852,0.22128405637062565,0.16020730968900618
0.878,0.0,0.0,0.0831836644766287,0.8038874001480183,0.002182837039132183,-0.47363575886926074,0.31258509316314803,0.0023636592197911256,-0.4786198504842251,0.3064254338258788,0.002345204949421478,0.04044244128353408,0.7880463615356921,0.0022632108887226526,-0.4862538549982819,0.3027494963360766,0.0023728756575884143,-0.26311485331269746,0.4270993324621082,0.0020604635696251893,-0.01494587845776943,0.7785928082587892,0.0024017790710338344,-0.3131932960122473,0.41868310773264333,0.0022008578062825304,-0.2904449395474846,0.4136605059438644,0.0021030498104935634,-0.670958315036448,0.4146191950500172,0.003277530450955646,0.31987055558945326,0.7708629062315356,0.0013567058861223688,0.3755982900055549,0.7556726332403491,0.0011336429074225898,0.19875194356117784,0.40644889821865804,0.0006287246248705354,0.40575182604369375,0.401573060322318,-4.4341909848915066e-06,1.2132080381873795,0.746607441334236,-0.0013985518482067594,18.0,0.0,0.07498955415661941,0.22129846352301957,0.16031110948302824
0.88,0.0,0.0,0.09009103376280458,0.8038874001480183,0.002162111207014169,-0.4719457800057004,0.31258509316314803,0.0023586625560972265,-0.481882988833356,0.3064254338258788,0.002355135852930312,0.047242254381693355,0.7880463615356921,0.0022428117607564742,-0.4842725994839869,0.3027494963360766,0.0023670100540030756,-0.26646928943349407,0.4270993324621082,0.002070642557324417,-0.00788684149900976,0.7785928082587892,0.002380616060149676,-0.3114320159103409,0.41868310773264333,0.002195629211234672,-0.29349264700580574,0.4136605059438644,0.002112316336474047,-0.6639940950540144,0.4146191950500172,0.003256732530259396,0.3211015354127759,0.7708629062315356,0.0013529770519262472,0.37342353181502186,0.7556726332403491,0.0011402230297043825,0.2006420694605665,0.40644889821865804,0.0006230908639724407,0.4084553015282281,0.401573060322318,-1.2536297164127296e-05,1.213582216705379,0.746607441334236,-0.0013998017905594308,18.0,0.0,0.0749895302472003,0.2213128706754135,0.1604149092770503
0.882,0.0,0.0,0.09699689230056695,0.8038874001480183,0.002141389099155641,-0.4702313589198848,0.31258509316314803,0.0023535926195065457,-0.4850985921553964,0.3064254338258788,0.002364925267977704,0.054041913801914615,0.7880463615356921,0.002222412321461996,-0.48226529871671586,0.3027494963360766,0.002361066287460191,-0.269784779486522,0.4270993324621082,0.002080705865686807,-0.0008233668023692542,0.7785928082587892,0.002359438949273397,-0.3096523027952936,0.41868310773264333,0.0021903453709289527,-0.2964988676421962,0.4136605059438644,0.0021214594588490105,-0.6569985493269201,0.4146191950500172,0.0032358398703120953,0.32232059866689383,0.7708629062315356,0.0013492841124562792,0.3712676561659356,0.7556726332403491,0.0011467473042759816,0.20254442136734754,0.40644889821865804,0.0006174204862742746,0.4111614009285805,0.401573060322318,-2.06467236177304e-05,1.2139139611853147,0.746607441334236,-0.0014009243261134288,18.0,0.0,0.07498950633778119,0.22132727782780742,0.16051870907107235
0.884,0.0,0.0,0.10390097224651532,0.8038874001480183,0.002120671523542354,-0.4684924791205657,0.31258509316314803,0.0023484493562490986,-0.48826629182145753,0.3064254338258788,0.0023745720779438256,0.0608411635989425,0.7880463615356921,0.0022020133432013324,-0.4802319635238518,0.3027494963360766,0.0023550443851583776,-0.27306093996323066,0.4270993324621082,0.0020906523358458907,0.006244284326906725,0.7785928082587892,0.0023382485251834755,-0.30785413958376256,0.41868310773264333,0.002185006231583811,-0.29946325232340115,0.4136605059438644,0.0021304781207581816,-0.6499719336048814,0.4146191950500172,0.0032148532331308117,0.3235277961194443,0.7708629062315356,0.0013456269226939255,0.36913092794810454,0.7556726332403491,0.0011532149312232403,0.2044590190470074,0.40644889821865804,0.0006117134305539315,0.4138699739283112,0.401573060322318,-2.876502181878754e-05,1.2142033104305512,0.746607441334236,-0.0014019195595532362,18.0,0.0,0.07498948242836208,0.22134168498020135,0.1606225088650944
0.886,0.0,0.0,0.11080300726108386,0.8038874001480183,0.002099959283704509,-0.46672912555029716,0.31258509316314803,0.002343232716851141,-0.4913857228166174,0.3064254338258788,0.0023840751769420086,0.06763974935477554,0.7880463615356921,0.002181615593810249,-0.4781726064937955,0.3027494963360766,0.002348944379579785,-0.27629739017352395,0.4270993324621082,0.0021004808172760164,0.013315851553861946,0.7785928082587892,0.0023170455717956475,-0.3060375100381937,0.41868310773264333,0.002179611741949218,-0.3023854551030202,0.4136605059438644,0.002139371274801797,-0.6429145053686351,0.4146191950500172,0.003193773385964696,0.32472318096545133,0.7708629062315356,0.001342005330336274,0.3670136102770302,0.7556726332403491,0.0011596251158767336,0.20638588161486526,0.40644889821865804,0.000605969637514952,0.4165808694182112,0.401573060322318,-3.689074081797966e-05,1.2144503071470183,0.746607441334236,-0.0014027876072889457,18.0,0.0,0.07498945851894297,0.22135609213259527,0.16072630865911647
0.888,0.0,0.0,0.11770273252697369,0.8038874001480183,0.0020792531786608033,-0.46494128458695877,0.31258509316314803,0.0023379426561403356,-0.494456523775887,0.3064254338258788,0.0023934334699274883,0.07443741819688558,0.7880463615356921,0.0021612198365427494,-0.47608724197554814,0.3027494963360766,0.0023427663084896163,-0.2794937522837365,0.4270993324621082,0.0021101901679068964,0.020391075529714472,0.7785928082587892,0.002295830870114782,-0.30420239876863175,0.41868310773264333,0.002174161853312511,-0.3052651332546101,0.4136605059438644,0.0021481378831406535,-0.6358265238167312,0.4146191950500172,0.003172601101255957,0.3259068088262673,0.7708629062315356,0.0013384191757982529,0.36491596446803215,0.7556726332403491,0.0011659770688899566,0.20832502752777324,0.40644889821865804,0.0006001890498113783,0.41929393551115646,0.401573060322318,-4.5023427287679664e-05,1.2146549979368788,0.746607441334236,-0.001403528597438347,18.0,0.0,0.07498943460952386,0.2213704992849892,0.16083010845313853
0.89,0.0,0.0,0.12459988476736436,0.8038874001480183,0.002058554002863134,-0.4631289440450797,0.31258509316314803,0.0023325791332503205,-0.4974783370198932,0.3064254338258788,0.0024026458728052973,0.08123391881618194,0.7880463615356921,0.0021408268300164195,-0.4739758860780349,0.3027494963360766,0.0023365102149348746,-0.28264965135439835,0.4270993324621082,0.0021197792542375343,0.027469697907583447,0.7785928082587892,0.0022746051981872243,-0.30234879123439745,0.41868310773264333,0.0021686565195038255,-0.3081019473045352,0.4136605059438644,0.0021567769175954233,-0.6287082498521224,0.4146191950500172,0.0031513371566002455,0.32707873774819257,0.7708629062315356,0.001334868292215805,0.36283825001056713,0.7556726332403491,0.0011722700063169506,0.21027647457580315,0.40644889821865804,0.0005943716120726544,0.42200901955711584,0.401573060322318,-5.316262556651541e-05,1.2148174332918307,0.746607441334236,-0.0014041426698079287,18.0,0.0,0.07498941070010474,0.22138490643738312,0.16093390824716058
0.892,0.0,0.0,0.1314942022639018,0.8038874001480183,0.0020378625461419616,-0.4612920931769646,0.31258509316314803,0.0023271421116246834,-0.500450808590274,0.3064254338258788,0.002411711312537316,0.08802900148471705,0.7880463615356921,0.0021204373281585305,-0.471838556669171,0.3027494963360766,0.002330176147242335,-0.2857647153777838,0.4270993324621082,0.0021292469514495194,0.034551461358055834,0.7785928082587892,0.002253369331053617,-0.30047667374563125,0.41868310773264333,0.0021630956969011226,-0.31089556106456123,0.4136605059438644,0.002165287359745199,-0.621559946068555,0.4146191950500172,0.003129982334706419,0.32823902820076956,0.7708629062315356,0.0013313525054500293,0.360780724542747,0.7556726332403491,0.0011785031496893458,0.21224023987392185,0.40644889821865804,0.0005885172709285647,0.4247259681583101,0.401573060322318,-6.130787770439355e-05,1.2149376675860497,0.746607441334236,-0.0014046299758727842,18.0,0.0,0.07498938679068563,0.22139931358977705,0.16103770804118264
0.894,0.0,0.0,0.13838542487446023,0.8038874001480183,0.0020171795936523495,-0.4594307226736221,0.31258509316314803,0.002321631559020338,-0.5033735882847817,0.3064254338258788,0.0024206287272484587,0.09482241807313038,0.7880463615356921,0.0021000520801529254,-0.4696752733746695,0.3027494963360766,0.0023237641590157427,-0.2888385753152401,0.4270993324621082,0.002138592143519676,0.041636109584591366,0.7785928082587892,0.0022321240407022,-0.2985860334647048,0.41868310773264333,0.002157479344434824,-0.3136456416641893,0.4136605059438644,0.0021736682010252773,-0.6143818767367594,0.4146191950500172,0.0031085374233557166,0.32938774307475016,0.7708629062315356,0.0013278716340922982,0.3587436438260582,0.7556726332403491,0.0011846757260928062,0.2142163398536565,0.40644889821865804,0.0005826259750342086,0.4274446271845202,0.401573060322318,-6.945872350797633e-05,1.21501575906877,0.746607441334236,-0.0014049906787554412,18.0,0.0,0.07498936288126652,0.22141372074217097,0.1611415078352047
0.896,0.0,0.0,0.14527329405067543,0.8038874001480183,0.001996505925820674,-0.45754482466549623,0.31258509316314803,0.0023160474475103104,-0.5062463296920897,0.3064254338258788,0.002429397066331982,0.10161392206782753,0.7880463615356921,0.002079671830387685,-0.4674860575765923,0.3027494963360766,0.0023172743091322383,-0.2918708651342905,0.4270993324621082,0.0021478137233320446,0.048723387338764114,0.7785928082587892,0.0022108700960225933,-0.2966768584075002,0.41868310773264333,0.0021518074235920446,-0.31635185958272694,0.4136605059438644,0.002181918442824161,-0.6071743077904418,0.4146191950500172,0.00308700321536033,0.3305249476797341,0.7708629062315356,0.0013244254894703566,0.356727261720286,0.7556726332403491,0.0011907869682428725,0.21620479025475162,0.40644889821865804,0.0005766976750950046,0.4301648417885431,0.401573060322318,-7.761470058660664e-05,1.2150517698565042,0.746607441334236,-0.0014052249532036023,18.0,0.0,0.07498933897184741,0.2214281278945649,0.16124530762922676
0.898,0.0,0.0,0.15215755285524685,0.8038874001480183,0.0019758423182920284,-0.4556343927230023,0.31258509316314803,0.002310389753485933,-0.5090686902262987,0.3064254338258788,0.0024380152905539056,0.10840326858789143,0.7880463615356921,0.0020592973184035937,-0.46527093241164413,0.3027494963360766,0.0023107066617380064,-0.2948612218455082,0.4270993324621082,0.002156910592789196,0.05581304043533905,0.7785928082587892,0.002189608262760075,-0.2947491374445578,0.41868310773264333,0.0021460798984204305,-0.31901388868109204,0.4136605059438644,0.002190037096579774,-0.5999375068120798,0.4146191950500172,0.0030653805085213773,0.3316507097414762,0.7708629062315356,0.0013210138756554045,0.35473183015864757,0.7556726332403491,0.0011968361145601892,0.21820560611681927,0.40644889821865804,0.0005707323238917192,0.4328864564217924,0.401573060322318,-8.57753443986753e-05,1.2150457659249043,0.746607441334236,-0.0014053329855668048,18.0,0.0,0.0749893150624283,0.22144253504695882,0.16134910742324882
0.9,0.0,0.0,0.15903794597900625,0.8038874001480183,0.0019551895418783148,-0.4536994218568676,0.31258509316314803,0.0023046584576584513,-0.5118403311611383,0.3064254338258788,0.002446482372156533,0.1151902144017227,0.7880463615356921,0.002038929278843402,-0.46302992276921084,0.3027494963360766,0.0023040612862431625,-0.2978092855391558,0.4270993324621082,0.002165881662922849,0.06290481576718202,0.7785928082587892,0.0021683393034703504,-0.2928028603020929,0.41868310773264333,0.0021402967355316034,-0.3216314062333467,0.4136605059438644,0.0021980231838748692,-0.5926717430185203,0.4146191950500172,0.0030436701055862915,0.33276509939886045,0.7708629062315356,0.0013176365894701782,0.3527575991231369,0.7556726332403491,0.0012028224092451045,0.2202188017709847,0.40644889821865804,0.0005647298763055164,0.4356093148500424,0.401573060322318,-9.394018829842327e-05,1.2149978171002633,0.746607441334236,-0.001405314973772005,18.0,0.0,0.07498929115300919,0.22145694219935275,0.16145290721727087
0.902,0.0,0.0,0.16591421975775036,0.8038874001480183,0.0019345483625070362,-0.4517399085182776,0.31258509316314803,0.002298853545060047,-0.5145609176638588,0.3064254338258788,0.002454797294961051,0.12197451794340618,0.7880463615356921,0.002018568441401908,-0.4607630552891419,0.3027494963360766,0.0022973382573158625,-0.30071469942158574,0.4270993324621082,0.0021747258540037923,0.06999846132000159,0.7785928082587892,0.002147063977474822,-0.2908380175628825,0.41868310773264333,0.002134457904104209,-0.3242040929579573,0.4136605059438644,0.002205875736531633,-0.5853772872463832,0.4146191950500172,0.0030218728142056128,0.3338681892005398,0.7708629062315356,0.0013142934204980255,0.3508048166200848,0.7556726332403491,0.0012087451023516365,0.22224439083152847,0.40644889821865804,0.00055869028934302,0.43833326016931284,0.401573060322318,-0.00010210876358317323,1.2149079970506595,0.746607441334236,-0.0014051711272980822,18.0,0.0,0.07498926724359008,0.22147134935174667,0.16155670701129293
0.904,0.0,0.0,0.17278612218883524,0.8038874001480183,0.001913919541170804,-0.4497558505988296,0.31258509316314803,0.0022929750050442767,-0.5172301188288109,0.3064254338258788,0.002462959054469213,0.12875593932880083,0.7880463615356921,0.0019982155307768576,-0.45847035835927824,0.3027494963360766,0.002290537654875656,-0.3035771098513979,0.4270993324621082,0.0021834420956510815,0.07709372618692137,0.7785928082587892,0.002125783040816363,-0.28885460066702195,0.41868310773264333,0.0021285633758865775,-0.32673163304877767,0.4136605059438644,0.0022135937967054653,-0.5780544119372699,0.4146191950500172,0.002999989446889201,0.33496005410123886,0.7708629062315356,0.0013109841510929876,0.3488737286559374,0.7556726332403491,0.0012146034498607928,0.22428238618752736,0.40644889821865804,0.0005526135221613888,0.44105813482189243,0.401573060322318,-0.00011028059954098457,1.214776383276743,0.746607441334236,-0.0014049016671492708,18.0,0.0,0.07498924333417097,0.2214857565041406,0.161660506805315
0.906,0.0,0.0,0.17965340294753004,0.8038874001480183,0.001893303833877549,-0.4477472474302937,0.31258509316314803,0.002287022831285933,-0.5198476077107065,0.3064254338258788,0.002470966657964069,0.13553424037135017,0.7880463615356921,0.001977871266620674,-0.4561518621127263,0.3027494963360766,0.0022836595640860643,-0.30639616637534917,0.4270993324621082,0.0021920293269405183,0.08419036058288111,0.7785928082587892,0.0021044972462156038,-0.2868526019125529,0.41868310773264333,0.002122613125198996,-0.32921371420575124,0.4136605059438644,0.002221176416977926,-0.5707033911227808,0.4146191950500172,0.0029780208209618615,0.3360407714577186,0.7708629062315356,0.0013077085563908903,0.3469645792132569,0.7556726332403491,0.001220396713753235,0.2263327999944958,0.40644889821865804,0.0005464995360933921,0.44378378061249896,0.401573060322318,-0.00011845522349872334,1.2146030571021662,0.746607441334236,-0.0014045068258275214,18.0,0.0,0.07498921942475185,0.22150016365653452,0.16176430659933705
0.908,0.0,0.0,0.18651581340312814,0.8038874001480183,0.0018727019916014646,-0.4457140997841829,0.31258509316314803,0.0022809970217803253,-0.5224130613575589,0.3064254338258788,0.002478819124609756,0.1423091845976106,0.7880463615356921,0.0019575363634930258,-0.4538075984248788,0.3027494963360766,0.002276704075346409,-0.30917152176401064,0.4270993324621082,0.002200486496512372,0.09128811585886544,0.7785928082587892,0.0020832073430277244,-0.28483201445596296,0.41868310773264333,0.0021166071289355887,-0.3316500276653297,0.4136605059438644,0.002228622660448847,-0.563324500409339,0.4146191950500172,0.0029559677585183942,0.337110421024401,0.7708629062315356,0.001304466404321451,0.3450776102269467,0.7556726332403491,0.0012261241620812764,0.2283956436660294,0.40644889821865804,0.0005403482946724868,0.44651003872457373,0.401573060322318,-0.0001266321608705429,1.2143881036636586,0.746607441334236,-0.0014039868473037908,18.0,0.0,0.07498919551533274,0.22151457080892845,0.1618681063933591
0.91,0.0,0.0,0.19337310663481302,0.8038874001480183,0.0018521147602346703,-0.4436564098711333,0.31258509316314803,0.0022748975788419927,-0.5249261608432972,0.3064254338258788,0.0024865154855503134,0.1490805372624949,0.7880463615356921,0.0019372115308142447,-0.4514376009101833,0.3027494963360766,0.0022696712842828664,-0.3119028320471681,0.4270993324621082,0.0022088125626783567,0.09838674451595864,0.7785928082587892,0.0020619140771997715,-0.282792832312558,0.41868310773264333,0.0021105453665658186,-0.3340402682306042,0.4136605059438644,0.002235931600827582,-0.5559180169628261,0.4146191950500172,0.002933831086378069,0.3381690849486518,0.7708629062315356,0.001301257455621404,0.34321306156070575,0.7556726332403491,0.0012317850690402071,0.23047092786545273,0.40644889821865804,0.0005341597636578859,0.4492367497367078,0.401573060322318,-0.00013481093520676724,1.2141316119007477,0.746607441334236,-0.0014033419869882678,18.0,0.0,0.07498917160591363,0.22152897796132237,0.16197190618738116
0.912,0.0,0.0,0.20022503744727732,0.8038874001480183,0.0018315428805396159,-0.441574181340095,0.31258509316314803,0.002268724509102844,-0.5273865913000502,0.3064254338258788,0.0024940547840075285,0.1558480653642282,0.7880463615356921,0.0019168974728195915,-0.4490419049186596,0.3027494963360766,0.0022625612917387796,-0.31458975654896165,0.4270993324621082,0.002217006493527829,0.1054860002192242,0.7785928082587892,0.0020406181912284915,-0.2807350503567075,0.41868310773264333,0.002104427820135604,-0.33638413430114567,0.4136605059438644,0.002243102322523406,-0.5484842194930268,0.4146191950500172,0.0029116116360385297,0.33921684776572086,0.7708629062315356,0.0012980814638486515,0.34137117098371345,0.7556726332403491,0.0012373787150389299,0.232558662497473,0.40644889821865804,0.000527933911059616,0.4519637536391981,0.401573060322318,-0.00014299106824316944,1.2138336745451266,0.746607441334236,-0.0014025725116995353,18.0,0.0,0.07498914769649452,0.2215433851137163,0.16207570598140322
0.914,0.0,0.0,0.20707136238609258,0.8038874001480183,0.0018109870881022228,-0.4394674192773359,0.31258509316314803,0.0022624778235097293,-0.5297940419500966,0.3064254338258788,0.0025014360753777866,0.16261153765901443,0.7880463615356921,0.0018965948885143915,-0.44662054753216646,0.3027494963360766,0.0022553742037642087,-0.3172319579227593,0.4270993324621082,0.0022250672670332096,0.11258563781140786,0.7785928082587892,0.0020193204241186953,-0.27865866432196473,0.41868310773264333,0.0020982544742680527,-0.3386813279025516,0.4136605059438644,0.0022501339207350304,-0.5410233882378881,0.4146191950500172,0.002889310243629132,0.3402537963933374,0.7708629062315356,0.0012949381753974444,0.3395521741475503,0.7556726332403491,0.0012429043867699069,0.23465885669984188,0.40644889821865804,0.0005216707071635552,0.45469088985073103,0.401573060322318,-0.00015117207995064036,1.2134943881096683,0.746607441334236,-0.0014016786996326718,18.0,0.0,0.07498912378707541,0.22155779226611022,0.16217950577542528
0.916,0.0,0.0,0.21391183975282782,0.8038874001480183,0.001790448113285777,-0.4373361302052588,0.31258509316314803,0.002256157537321452,-0.5321482061374783,0.3064254338258788,0.002508658427327926,0.16937072467540998,0.7880463615356921,0.0018763044716300329,-0.44417356756041965,0.3027494963360766,0.0022481101316047295,-0.31982910218576116,0.4270993324621082,0.002232993871154603,0.11968541332646278,0.7785928082587892,0.001998021511342144,-0.27656367080106153,0.41868310773264333,0.0020920253161638242,-0.34093155471569503,0.4136605059438644,0.0022570255015392482,-0.5335358049475906,0.4146191950500172,0.002866927749863716,0.34128002012595965,0.7708629062315356,0.0012918273295145946,0.3377563045633555,0.7556726332403491,0.0012483613772783964,0.23677151883502692,0.40644889821865804,0.0005153701245564485,0.4574179972351906,0.401573060322318,-0.00015935348858523912,1.213113852877089,0.746607441334236,-0.001400660840326297,18.0,0.0,0.0749890998776563,0.22157219941850415,0.16228330556944734
0.918,0.0,0.0,0.22074622961991508,0.8038874001480183,0.0017699266811855715,-0.4351803220810333,0.31258509316314803,0.0022497636701052206,-0.5344487813592699,0.3064254338258788,0.002515720919890071,0.17612539872840316,0.7880463615356921,0.0018560269105808464,-0.4417010055367615,0.3027494963360766,0.002240769191689489,-0.3223808587533288,0.4270993324621082,0.002240785303943608,0.1267850840028957,0.7785928082587892,0.001976722184796979,-0.2744500672457792,0.41868310773264333,0.0020857403356011146,-0.343134524105673,0.4136605059438644,0.002263776181978678,-0.5260217528684363,0.4146191950500172,0.0028444649999928235,0.3422956106286771,0.7708629062315356,0.0012887486583167279,0.3359837935792261,0.7556726332403491,0.0012537489860309807,0.23889665648189515,0.40644889821865804,0.0005090321381508934,0.46014491411858965,0.401573060322318,-0.00016753481073861787,1.2126921728882616,0.746607441334236,-0.0013995192346285593,18.0,0.0,0.07498907596823719,0.22158660657089807,0.1623871053634694
0.92,0.0,0.0,0.22757429384525982,0.8038874001480183,0.0017494235115843096,-0.43300000429504404,0.31258509316314803,0.0022432962457325438,-0.536695469296504,0.3064254338258788,0.0025226226455554463,0.1828753339331963,0.7880463615356921,0.0018357628884218668,-0.4392029037136835,0.3027494963360766,0.0022333515056185142,-0.3248869004730364,0.4270993324621082,0.002248440573646311,0.1338844082969329,0.7785928082587892,0.0019554231727676808,-0.2723178519666968,0.41868310773264333,0.0020793995249352676,-0.3452899491504516,0.4136605059438644,0.0022703850901486123,-0.518481516726553,0.4146191950500172,0.002821922843755361,0.3433006619307646,0.7708629062315356,0.0012857018868085758,0.3342348703578598,0.7556726332403491,0.001259066518983369,0.24103427642741018,0.40644889821865804,0.0005026567252102887,0.46287147830612085,0.401573060322318,-0.000175715561388815,1.2122294559301785,0.746607441334236,-0.0013982541946620769,18.0,0.0,0.07498905205881808,0.221601013723292,0.16249090515749146
0.922,0.0,0.0,0.23439579608659455,0.8038874001480183,0.0017289393189082753,-0.4307951876691564,0.31258509316314803,0.0022367552923745764,-0.5388879758447458,0.3064254338258788,0.002529362709367148,0.18962030621868906,0.7880463615356921,0.0018155130828074874,-0.4366793060581033,0.3027494963360766,0.0022258572001492803,-0.3273469036584393,0.4270993324621082,0.002255958698805434,0.14098314589550462,0.7785928082587892,0.0019341251998855687,-0.270167024132817,0.41868310773264333,0.00207300287909802,-0.3473975466692032,0.4136605059438644,0.0022768513652829483,-0.5109153827114166,0.4146191950500172,0.0027993021353297106,0.3442952704188868,0.7708629062315356,0.0012826867329023132,0.33250976185444503,0.7556726332403491,0.0012643132886474677,0.24318438465834544,0.40644889821865804,0.0004962438653737435,0.4655975270993257,0.401573060322318,-0.0001838952539514086,1.2117258135235678,0.746607441334236,-0.0013968660437878276,18.0,0.0,0.07498902814939896,0.22161542087568592,0.1625947049515135
0.924,0.0,0.0,0.24121050181557388,0.8038874001480183,0.0017084748121842712,-0.4285658844548013,0.31258509316314803,0.002230140842496913,-0.5410260111443139,0.3064254338258788,0.0025359402290118737,0.19636009334066024,0.7880463615356921,0.001795278165951009,-0.4341302582463974,0.3027494963360766,0.0022182864071825397,-0.3297605481225547,0.4270993324621082,0.0022633387083616425,0.14808105772904714,0.7785928082587892,0.0019128289870898537,-0.2679975837710716,0.41868310773264333,0.002066550395596381,-0.349457037250334,0.4136605059438644,0.002283174157839203,-0.5033236384591939,0.4146191950500172,0.0027766037332843012,0.34527953482995194,0.7708629062315356,0.0012797029074379466,0.3308086927948008,0.7556726332403491,0.0012694886141577121,0.24534698635301513,0.40644889821865804,0.0004897935406809378,0.4683228973133786,0.401573060322318,-0.00019207340033102323,1.2111813609101614,0.746607441334236,-0.0013953551165679955,18.0,0.0,0.07498900423997985,0.22162982802807984,0.16269850474553557
0.926,0.0,0.0,0.24801817833160908,0.8038874001480183,0.0016880306949973332,-0.42631210833088007,0.31258509316314803,0.002223452932853848,-0.5431092896101439,0.3064254338258788,0.002542354334910578,0.20309447489464635,0.7880463615356921,0.0017750588045850957,-0.43155580765919044,0.3027494963360766,0.0022106392637474223,-0.3321275172110516,0.4270993324621082,0.002270579641753989,0.15517790598412118,0.7785928082587892,0.0018915352515892262,-0.2658095317657064,0.41868310773264333,0.002060042074511145,-0.3514681452791977,0.4136605059438644,0.002289352629582595,-0.49570657303590726,0.4146191950500172,0.0027538285005276335,0.34625355624361387,0.7708629062315356,0.001276750114204751,0.3291318856537698,0.7556726332403491,0.0012745918213366448,0.24752208587302518,0.40644889821865804,0.0004833057355969287,0.4710474252944834,0.401573060322318,-0.0002002495109731819,1.2105962170396176,0.746607441334236,-0.0013937217587277762,18.0,0.0,0.07498898033056074,0.22164423518047377,0.16280230453955763
0.928,0.0,0.0,0.2548185947754408,0.8038874001480183,0.0016676076654492276,-0.42403387440149165,0.31258509316314803,0.002216691604482084,-0.5451375299612906,0.3064254338258788,0.002548604170308068,0.20982323232851502,0.7880463615356921,0.001754855659923137,-0.42895600337590295,0.3027494963360766,0.0022029159119858013,-0.3344474978351454,0.4270993324621082,0.0022776805490194794,0.16227345411584565,0.7785928082587892,0.0018702447068240041,-0.26360286985754816,0.41868310773264333,0.0020534779184950493,-0.35343059896549245,0.4136605059438644,0.002295385953669186,-0.48806447692042126,0.4146191950500172,0.0027309773042577734,0.34721743807442196,0.7708629062315356,0.0012738280499637654,0.3274795606338672,0.7556726332403491,0.0012796222427597379,0.24970968675504632,0.40644889821865804,0.0004767804370368986,0.47377094693738053,0.401573060322318,-0.00020842309491649625,1.2099705045560991,0.746607441334236,-0.001391966327116145,18.0,0.0,0.07498895642114163,0.2216586423328677,0.1629061043335797
0.93,0.0,0.0,0.2616115221424479,0.8038874001480183,0.0016472064161177325,-0.42173119919348295,0.31258509316314803,0.0022098569026939192,-0.5471104552500643,0.3064254338258788,0.002554688891361508,0.21654614895473107,0.7880463615356921,0.0017346693876215313,-0.42633089616905884,0.3027494963360766,0.0021951164991359387,-0.3367201805041923,0.4270993324621082,0.002284640490891761,0.16936746686014592,0.7785928082587892,0.0018489580624288305,-0.26137760064315346,0.41868310773264333,0.0020468579327705743,-0.3553441303703384,0.4136605059438644,0.0023012733147280704,-0.4803976419872555,0.4146191950500172,0.0027080510159113156,0.3481712860636172,0.7708629062315356,0.001270936404471341,0.3258519356441884,0.7556726332403491,0.0012845792178194457,0.2519097917026112,0.40644889821865804,0.00047021763439083515,0.4764932977029615,0.401573060322318,-0.00021659365984518764,1.209304349784507,0.746607441334236,-0.0013900891896655896,18.0,0.0,0.07498893251172252,0.22167304948526162,0.16300990412760175
0.932,0.0,0.0,0.26839673329569175,0.8038874001480183,0.001626827634016711,-0.41940410065382405,0.31258509316314803,0.002202948877069893,-0.5490277928907991,0.3064254338258788,0.0025606076672278293,0.22326300996231385,0.7880463615356921,0.001714500637742883,-0.42368053849835424,0.3027494963360766,0.0021872411775154064,-0.33894525935798037,0.4270993324621082,0.0022914585388989013,0.17645971024581542,0.7785928082587892,0.0018276760241959298,-0.25913372757384134,0.41868310773264333,0.0020401821251273904,-0.3572084754330318,0.4136605059438644,0.0023070139089426084,-0.47270636148922346,0.4146191950500172,0.002685050511111818,0.3491152082705744,0.7708629062315356,0.0012680748605037554,0.32424922627957814,0.7556726332403491,0.0012894620927884819,0.2541224025779377,0.40644889821865804,0.0004636173195481406,0.47921431263598835,0.401573060322318,-0.00022476071214193056,1.2085978827163735,0.746607441334236,-0.0013880907253508133,18.0,0.0,0.07498890860230341,0.22168745663765554,0.1631137039216238
0.934,0.0,0.0,0.27517400297869304,0.8038874001480183,0.0016064720005569794,-0.41705259814681034,0.31258509316314803,0.002195967581450916,-0.5508892746882477,0.3064254338258788,0.0025663596801500338,0.22997360242848372,0.7880463615356921,0.0016943500547201347,-0.4210049845044889,0.3027494963360766,0.0021792901045032923,-0.3411224321987129,0.4270993324621082,0.002298133775460266,0.18354995160638976,0.7785928082587892,0.0018063992940389212,-0.25687125495461083,0.41868310773264333,0.002033450505919454,-0.35902337399747336,0.4136605059438644,0.0023126069441306886,-0.46499093003989983,0.4146191950500172,0.002661976669617722,0.3500493150638895,0.7708629062315356,0.0012652430938828838,0.322671645800064,0.7556726332403491,0.0012942702208823128,0.2563475203937811,0.40644889821865804,0.00045697948692216095,0.48193382638291554,0.401573060322318,-0.0002329237569410111,1.2078512369954126,0.746607441334236,-0.0013859713241464126,18.0,0.0,0.0749888846928843,0.22170186379004947,0.16321750371564586
0.936,0.0,0.0,0.2819431078279415,0.8038874001480183,0.0015861401915079757,-0.41467671245109267,0.31258509316314803,0.002188913073929875,-0.5526946368656007,0.3064254338258788,0.002571944125542379,0.23667771532999643,0.7880463615356921,0.001674218277321625,-0.4183042900027622,0.3027494963360766,0.002171263442521697,-0.34325140052267955,0.4270993324621082,0.0023046652939824634,0.19063795959183255,0.7785928082587892,0.0017851285699571984,-0.2545901879429443,0.41868310773264333,0.002026663088061763,-0.36078856983826774,0.4136605059438644,0.0023180516398240134,-0.4572516435959179,0.4146191950500172,0.0026388303752697515,0.3509737191121115,0.7708629062315356,0.0012624407735029384,0.3211194051105573,0.7556726332403491,0.0012990029623208552,0.25858514530531607,0.40644889821865804,0.00045030413347463077,0.4846516732098117,0.401573060322318,-0.00024108229818179267,1.2070645499027324,0.746607441334236,-0.00138373138698353,18.0,0.0,0.07498886078346519,0.2217162709424434,0.16332130350966792
0.9380000000000001,0.0,0.0,0.28870382638513564,0.8038874001480183,0.0015658328769602304,-0.4122764657565373,0.31258509316314803,0.002181785416842722,-0.5544436200921252,0.3064254338258788,0.002577360212074438,0.24337513955416346,0.7880463615356921,0.0016541059386170872,-0.415578512476435,0.3027494963360766,0.002163161359016517,-0.3453318695516118,0.4270993324621082,0.002311052198954363,0.19772350418003204,0.7785928082587892,0.0017638645460008697,-0.25229053254749845,0.41868310773264333,0.0020198198870267628,-0.36250381068649046,0.4136605059438644,0.0023233472273463964,-0.44948879943909914,0.4146191950500172,0.0026156125159378053,0.3518885353741186,0.7708629062315356,0.0012596675613582725,0.3195927127408235,0.7556726332403491,0.0013036596843893752,0.26083527660205214,0.40644889821865804,0.00044359125874002595,0.48736768702037797,0.401573060322318,-0.00024923583866248104,1.2062379623417079,0.746607441334236,-0.0013813713257054892,18.0,0.0,0.07498883687404607,0.22173067809483732,0.16342510330368998
0.9400000000000001,0.0,0.0,0.2954559391091519,0.8038874001480183,0.001545550721288648,-0.4098518816609176,0.31258509316314803,0.002174584676759056,-0.5561359695104201,0.3064254338258788,0.002582607161754012,0.2500656679095573,0.7880463615356921,0.0016340136659445858,-0.4128277110698597,0.3027494963360766,0.0021549840264375353,-0.3473635482637191,0.4270993324621082,0.00231729360604116,0.2048063566881078,0.7785928082587892,0.0017426079122362715,-0.24997229562668388,0.41868310773264333,0.0020129209208404257,-0.36416884825512025,0.4136605059438644,0.002328492949891065,-0.4417026961584162,0.4146191950500172,0.002592323983467349,0.35279388108913784,0.7708629062315356,0.001256923112572251,0.31809177482572515,0.7556726332403491,0.0013082397614985768,0.2630979126997837,0.40644889821865804,0.0004368408648498177,0.4900817013740615,0.401573060322318,-0.00025738388009417996,1.2053716188225179,0.746607441334236,-0.0013788915630224157,18.0,0.0,0.07498881296462696,0.22174508524723124,0.16352890309771204
0.9420000000000001,0.0,0.0,0.3021992283877423,0.8038874001480183,0.0015252943831165992,-0.4074029851664391,0.31258509316314803,0.002167310924472197,-0.5577714347632845,0.3064254338258788,0.002587684210008897,0.2567490951363998,0.7880463615356921,0.0016139420808784044,-0.4100519465813794,0.3027494963360766,0.002146731622217809,-0.34934614942440056,0.4270993324621082,0.002323388642177482,0.21188628978352658,0.7785928082587892,0.0017213593547120442,-0.24763548488713444,0.41868310773264333,0.002005966210077982,-0.3657834382641329,0.4136605059438644,0.002333488062596954,-0.433893633631792,0.4146191950500172,0.0025689656736253004,0.3536898757664079,0.7708629062315356,0.0012542070754271934,0.31661679508574,0.7556726332403491,0.0013127425752438718,0.2653730511325775,0.40644889821865804,0.00043005295655662297,0.4927935495042599,0.401573060322318,-0.0002655259231552305,1.2044656674463459,0.746607441334236,-0.0013762925324648457,18.0,0.0,0.07498878905520785,0.22175949239962517,0.1636327028917341
0.9440000000000001,0.0,0.0,0.30893347854895875,0.8038874001480183,0.0015050645152808277,-0.40492980267609924,0.31258509316314803,0.0021599642349887614,-0.5593497700201953,0.3064254338258788,0.0025925906057674896,0.2634252179166328,0.7880463615356921,0.001593891799197877,-0.40725128145599854,0.3027494963360766,0.002138404328752368,-0.3512793896166296,0.4270993324621082,0.002329336445659526,0.218963077495027,0.7785928082587892,0.001700119555425788,-0.24528010888206825,0.41868310773264333,0.0019989557778593335,-0.36734734046525447,0.4136605059438644,0.002338331832623992,-0.42606191300773627,0.4146191950500172,0.002545538486045428,0.3545766411744857,0.7708629062315356,0.0012515190913953832,0.3151679748077566,0.7556726332403491,0.0013171675144638272,0.26766068854479896,0.40644889821865804,0.0004232275412582417,0.49550306433661495,0.401573060322318,-0.00027366146754582575,1.2035202598892467,0.746607441334236,-0.0013735746783363298,18.0,0.0,0.07498876514578874,0.2217738995520191,0.16373650268575615
0.9460000000000001,0.0,0.0,0.31565847587230306,0.8038874001480183,0.0014848617647971786,-0.4024323619898849,0.31258509316314803,0.0021525446875177417,-0.5608707340033909,0.3064254338258788,0.002597325611538222,0.27009383488366945,0.7880463615356921,0.001573863430857178,-0.4044257797778269,0.3027494963360766,0.0021300023333762257,-0.3531629892710071,0.4270993324621082,0.002335136166236213,0.2260364952233519,0.7785928082587892,0.0016788891922912867,-0.2429061770095414,0.41868310773264333,0.001991889649844135,-0.3688603186663705,0.4136605059438644,0.0023430235392273564,-0.4182078366868215,0.4146191950500172,0.00252204332417326,0.35545430133019457,0.7708629062315356,0.0012488587951711499,0.31374551282615015,0.7556726332403491,0.0013215139752977773,0.2699608206831811,0.40644889821865804,0.00041636462902157724,0.49821007850739246,0.401573060322318,-0.0002817900120428909,1.2025355513856808,0.746607441334236,-0.0013707384556650322,18.0,0.0,0.07498874123636963,0.22178830670441302,0.1638403024797782
0.9480000000000001,0.0,0.0,0.32237400859960236,0.8038874001480183,0.0014646867728271458,-0.3999106923008078,0.31258509316314803,0.002145052365459099,-0.5623340900135577,0.3064254338258788,0.002601888503487809,0.27675474663182514,0.7880463615356921,0.0015538575799560678,-0.4015755072622987,0.3027494963360766,0.0021215258283417107,-0.35499667269547946,0.4270993324621082,0.002340786965199346,0.2331063197517881,0.7785928082587892,0.001657668939106312,-0.24051369951059576,0.41868310773264333,0.001984767854226554,-0.3703221407555883,0.4136605059438644,0.002347562473830705,-0.4103317083030006,0.4146191950500172,0.002498481095210516,0.35632298248721667,0.7708629062315356,0.0012462258147040233,0.31234960550414076,0.7556726332403491,0.0013257813612425967,0.2722734423889364,0.40644889821865804,0.00040946423260643076,0.5009144243819454,0.401573060322318,-0.0002899110545552234,1.201511700711718,0.746607441334236,-0.0013677843301543346,18.0,0.0,0.07498871732695052,0.22180271385680694,0.16394410227380027
0.9500000000000001,0.0,0.0,0.3290798669456079,0.8038874001480183,0.001444540174645248,-0.3973648241907808,0.31258509316314803,0.0021374873563918674,-0.563739605955115,0.3064254338258788,0.0026062785715183097,0.2834077557254275,0.7880463615356921,0.0015338748447116008,-0.3987005312481685,0.3027494963360766,0.0021129750107951257,-0.35678016810471774,0.4270993324621082,0.002346288015472763,0.24017232925651294,0.7785928082587892,0.0016364594655210033,-0.2381026874673027,0.41868310773264333,0.001977590421729717,-0.37173257872494997,0.4136605059438644,0.0023519479400983577,-0.4024338327047678,0.4146191950500172,0.0024748527100590533,0.3571828131243271,0.7708629062315356,0.001243619771232957,0.3109804467154369,0.7556726332403491,0.001329969083208625,0.27459854758991536,0.40644889821865804,0.00040252636748916486,0.503615934073258,0.401573060322318,-0.0002980240921788824,1.20044887016791,0.746607441334236,-0.0013647127781324462,18.0,0.0,0.07498869341753141,0.22181712100920087,0.16404790206782233
0.9520000000000001,0.0,0.0,0.3357758431083172,0.8038874001480183,0.0014244225996072311,-0.3947947896263371,0.31258509316314803,0.002129849752061786,-0.5650870543610966,0.3064254338258788,0.0026104951193429812,0.29005266670760366,0.7880463615356921,0.0015139158174307936,-0.3958009206892869,0.3027494963360766,0.0021043500827527353,-0.35851320764915395,0.4270993324621082,0.002351638501700478,0.24723430331674678,0.7785928082587892,0.0016152614370068285,-0.23567315280070372,0.41868310773264333,0.0019703573855998384,-0.37309140869379287,0.4136605059438644,0.0023561792540064434,-0.3945145159361654,0.4146191950500172,0.0024511590832643547,0.3580339239332712,0.7708629062315356,0.0012410402793216256,0.3096382278261662,0.7556726332403491,0.0013340765595747366,0.2769361292928136,0.40644889821865804,0.000395551051886228,0.5063144394605668,0.401573060322318,-0.00030612862125282004,1.1993472255618363,0.746607441334236,-0.001361524286501022,18.0,0.0,0.0749886695081123,0.2218315281615948,0.16415170186184438
0.9540000000000001,0.0,0.0,0.34246173127901797,0.8038874001480183,0.0014043346711191034,-0.3922006219541932,0.31258509316314803,0.002122139648368455,-0.5663762124176254,0.3064254338258788,0.0026145374645609263,0.29668928610874484,0.7880463615356921,0.0014939810844842652,-0.39287674614615664,0.3027494963360766,0.002095651251076091,-0.3601955274436716,0.4270993324621082,0.0023568376203337866,0.25429202292471154,0.7785928082587892,0.0015940755148261272,-0.2332251082686499,0.41868310773264333,0.0019630687816000413,-0.37439841093175463,0.4136605059438644,0.002360255743912972,-0.38657406521763765,0.4146191950500172,0.002427401132958548,0.3588764478062852,0.7708629062315356,0.0012384869468947933,0.30832313767709557,0.7556726332403491,0.0013381032162425486,0.2792861795754294,0.40644889821865804,0.0003885383067775334,0.5090097722080577,0.401573060322318,-0.0003142241374147463,1.198206936190323,0.746607441334236,-0.0013582193526828009,18.0,0.0,0.07498864559869318,0.22184593531398872,0.16425550165586644
0.9560000000000001,0.0,0.0,0.34913732765205363,0.8038874001480183,0.001384277006607001,-0.389582355896659,0.31258509316314803,0.0021143571453520237,-0.5676068619879755,0.3064254338258788,0.0026184049387305126,0.30331742245464677,0.7880463615356921,0.0014740712262808417,-0.38992807977727234,0.3027494963360766,0.0020868787274467,-0.36182686759594596,0.4270993324621082,0.0023618845797173395,0.261345270495394,0.7785928082587892,0.001572902356002233,-0.23075856746354162,0.41868310773264333,0.0019557246480038796,-0.37565336988142073,0.4136605059438644,0.002364176750626857,-0.3786127889267348,0.4146191950500172,0.0024035797808029643,0.3597105198232596,0.7708629062315356,0.0012359593752757515,0.3070353625661439,0.7556726332403491,0.0013420484866897605,0.28164868957897465,0.40644889821865804,0.00038148815592968597,0.5117017637836345,0.401573060322318,-0.000322310135657219,1.1970281748213363,0.746607441334236,-0.0013547984845682609,18.0,0.0,0.07498862168927407,0.22186034246638264,0.1643593014498885
0.9580000000000001,0.0,0.0,0.3558024304343096,0.8038874001480183,0.001364250217487894,-0.3869400275468957,0.31258509316314803,0.002106502347179421,-0.5687787896362232,0.3064254338258788,0.002622096887441563,0.30993688627432575,0.7880463615356921,0.001454186817243136,-0.3869549953302459,0.3027494963360766,0.002078032728340047,-0.3634069722344313,0.4270993324621082,0.0023667786001741625,0.2683938298761145,0.7785928082587892,0.0015517426132901856,-0.22827354480996995,0.41868310773264333,0.0019483250255885548,-0.37685607418061123,0.4136605059438644,0.0023679416274758553,-0.3706309965786683,0.4146191950500172,0.0023796959519302562,0.3605362772385464,0.7708629062315356,0.0012334571592248283,0.30577508623118804,0.7556726332403491,0.0013459118120226156,0.28402364950044096,0.40644889821865804,0.00037440062591905014,0.5143902454777567,0.401573060322318,-0.0003303861103839496,1.1958111176755535,0.746607441334236,-0.001351262200461301,18.0,0.0,0.07498859777985496,0.22187474961877657,0.16446310124391056
0.96,0.0,0.0,0.36245683985441945,0.8038874001480183,0.0013442549091411261,-0.3842736743640243,0.31258509316314803,0.002098575362130131,-0.569891786650479,0.3064254338258788,0.002625612670386306,0.3165474901075096,0.7880463615356921,0.001434328425784099,-0.38395756813271914,0.3027494963360766,0.0020691134749989677,-0.3649355895359909,0.4270993324621082,0.0023715189140896186,0.27543748635589926,0.7785928082587892,0.001530596935148024,-0.22577005556226148,0.41868310773264333,0.0019408699576278399,-0.3780063166843042,0.4136605059438644,0.0023715497403734268,-0.3626289988067205,0.4146191950500172,0.002355750574886057,0.36135385946741083,0.7708629062315356,0.0012309798869789676,0.3045424898331659,0.7556726332403491,0.001349692641027483,0.2864110485850234,0.40644889821865804,0.00036727574615465127,0.5170750484223435,0.401573060322318,-0.0003384515554663161,1.1945559444076117,0.746607441334236,-0.0013476110290239526,18.0,0.0,0.07498857387043585,0.2218891567711705,0.16456690103793262
0.962,0.0,0.0,0.3691003581716905,0.8038874001480183,0.0013242916808807966,-0.3815833351680867,0.31258509316314803,0.002090576302581517,-0.5709456490657009,0.3064254338258788,0.0026289516614290734,0.32314904851180287,0.7880463615356921,0.0014144966142845474,-0.3809358750830666,0.3027494963360766,0.0020601211934063875,-0.3664124717531671,0.4270993324621082,0.0023761047659942975,0.2824760266746578,0.7785928082587892,0.0015094659657086697,-0.22324811580192827,0.41868310773264333,0.0019333594898847146,-0.37910389448619314,0.4136605059438644,0.002375000467884506,-0.3546071073425096,0.4146191950500172,0.002331744581570213,0.36216340807212655,0.7708629062315356,0.0012285271402923744,0.30333775193947715,0.7556726332403491,0.0013533904302215495,0.2888108751186049,0.40644889821865804,0.00036011354890090385,0.5197560036097421,0.401573060322318,-0.00034650596430007663,1.1932628380870365,0.746607441334236,-0.0013438455092201272,18.0,0.0,0.07498854996101674,0.22190356392356442,0.16467070083195468
0.964,0.0,0.0,0.3757327896847485,0.8038874001480183,0.0013043611259289834,-0.3788690501348609,0.31258509316314803,0.002082505284993704,-0.5719401776860841,0.3064254338258788,0.0026321132486747394,0.3297413780695262,0.7880463615356921,0.0013946919390716676,-0.37788999464089035,0.3027494963360766,0.00205105611425743,-0.36783737524108717,0.4270993324621082,0.002380535412645826,0.2895092390321633,0.7785928082587892,0.0014883503447523942,-0.2207077424350242,0.41868310773264333,0.0019257936706037148,-0.38014860893987634,0.4136605059438644,0.002378293201290173,-0.34656563499611354,0.4146191950500172,0.0023076789071775805,0.3629650667477173,0.7708629062315356,0.0012260984944782274,0.3021610485076849,0.7556726332403491,0.0013570046439026157,0.29122311642030213,0.40644889821865804,0.0003529140693001593,0.5224329419117548,0.401573060322318,-0.0003545488298622722,1.1919319851788528,0.746607441334236,-0.0013399661902584016,18.0,0.0,0.07498852605159763,0.22191797107595834,0.16477450062597673
0.966,0.0,0.0,0.3823539407399007,0.8038874001480183,0.0012844638313898094,-0.37613086079053326,0.31258509316314803,0.002074362429894027,-0.5728751781070252,0.3064254338258788,0.0026350968345358887,0.3363242973942293,0.7880463615356921,0.0013749149503984976,-0.3748200068173095,0.3027494963360766,0.002041918472930901,-0.3692100604840025,0.4270993324621082,0.002384810123109586,0.29653691309683694,0.7785928082587892,0.0014672507076798776,-0.21814895318940983,0.41868310773264333,0.0019181725505030024,-0.38114026567967446,0.4136605059438644,0.0023814273446512223,-0.3385048956360537,0.4146191950500172,0.0022835544901383923,0.36375898130734335,0.7708629062315356,0.001223693518451455,0.3010125528695193,0.7556726332403491,0.0013605347541979925,0.29364775883507677,0.40644889821865804,0.0003456773453950677,0.5251056940987261,0.401573060322318,-0.0003625796447683105,1.1905635755238788,0.746607441334236,-0.0013359736315338505,18.0,0.0,0.07498850214217852,0.22193237822835227,0.1648783004199988
0.968,0.0,0.0,0.38896361973921717,0.8038874001480183,0.0012646003782243527,-0.3733688100062292,0.31258509316314803,0.0020661478618610443,-0.5737504607366574,0.3064254338258788,0.0026379018357987117,0.3428976271368774,0.7880463615356921,0.0013551661924243884,-0.3717259931650465,0.3027494963360766,0.0020327085094601583,-0.37053029212145705,0.4270993324621082,0.002388928178838332,0.30355884001433564,0.7785928082587892,0.0014461676854858568,-0.21557176661192723,0.41868310773264333,0.0019104961827661594,-0.38207867464107526,0.4136605059438644,0.0023844023148706164,-0.3304252041691414,0.4146191950500172,0.0022593722720582127,0.36454529966733545,0.7708629062315356,0.001221311774772577,0.29989243571518587,0.7556726332403491,0.0013639802411124894,0.2960847877264137,0.40644889821865804,0.0003384034181507438,0.5277740908586821,0.401573060322318,-0.0003705979013292243,1.189157802318705,0.746607441334236,-0.0013318684025689287,18.0,0.0,0.0749884782327594,0.2219467853807462,0.16498210021402085
0.97,0.0,0.0,0.39556163714832987,0.8038874001480183,0.0012447713412264035,-0.3705829419924044,0.31258509316314803,0.0020578617095081317,-0.5745658408169545,0.3064254338258788,0.002640527683687609,0.34946118999171094,0.7880463615356921,0.0013354462031964442,-0.36860803676831294,0.3027494963360766,0.0020234264685033694,-0.37179783897408225,0.4270993324621082,0.0023928888737506956,0.31057481241594287,0.7785928082587892,0.0014251019047333607,-0.21297620206548645,0.41868310773264333,0.0019027646230337118,-0.3829636500808016,0.4136605059438644,0.002387217541754819,-0.3223268765201894,0.4146191950500172,0.002235133197657476,0.3653241718318756,0.7708629062315356,0.0012189528196926006,0.29880086507797965,0.7556726332403491,0.0013673405925754896,0.29853418746906873,0.40644889821865804,0.00033109233147673295,0.5304379628165231,0.401573060322318,-0.00037860309160909236,1.1877148620953608,0.746607441334236,-0.0013276510829534074,18.0,0.0,0.0749884543233403,0.22196119253314012,0.1650859000080429
0.972,0.0,0.0,0.40214780550394924,0.8038874001480183,0.0012249772889990653,-0.36777330229309957,0.31258509316314803,0.0020495041054666573,-0.5753211384443998,0.3064254338258788,0.0026429738239285,0.3560148107017788,0.7880463615356921,0.0013157555146319434,-0.36546622223249675,0.3027494963360766,0.0020140725993131685,-0.37301247406901517,0.4270993324621082,0.0023966915143085713,0.31758462442676255,0.7785928082587892,0.001404053987528539,-0.21036227972606547,0.41868310773264333,0.0018949779293943893,-0.38379501059650134,0.4136605059438644,0.002389872468073998,-0.31421022961159,0.4146191950500172,0.0022108382147106196,0.36609574987732674,0.7708629062315356,0.0012166162031989802,0.29773800631920755,0.7556726332403491,0.0013706153044871082,0.3009959414418877,0.40644889821865804,0.0003237441322487679,0.5330971405532643,0.401573060322318,-0.0003865947074826154,1.186234954700669,0.746607441334236,-0.0013233222622833745,18.0,0.0,0.07498843041392118,0.22197559968553404,0.16518969980206497
0.974,0.0,0.0,0.4087219394210983,0.8038874001480183,0.0012052187839322072,-0.3649399377800599,0.31258509316314803,0.0020410751863687428,-0.5760161785902181,0.3064254338258788,0.002645239716810836,0.3625583160641446,0.7880463615356921,0.0012960946525017397,-0.36230063567365417,0.3027494963360766,0.00200464715570572,-0.37417397466493646,0.4270993324621082,0.00240033541959337,0.3245880716737159,0.7785928082587892,0.00138302455149608,-0.2077300205796253,0.41868310773264333,0.0018871361623761262,-0.38457257914605636,0.4136605059438644,0.0023923665496210973,-0.3060755813427631,0.4146191950500172,0.0021864882739848217,0.36686018793621183,0.7708629062315356,0.0012143014690626267,0.29670402211342034,0.7556726332403491,0.0013738038807634245,0.3034700320207001,0.40644889821865804,0.00031635887033031106,0.5357514546253224,0.401573060322318,-0.0003945722406928389,1.184718283275292,0.746607441334236,-0.001318882540099299,18.0,0.0,0.07498840650450207,0.22199000683792797,0.16529349959608702
0.976,0.0,0.0,0.415283855600064,0.8038874001480183,0.00118549638218076,-0.36208289664672194,0.31258509316314803,0.0020325750928296238,-0.5766507911201681,0.3064254338258788,0.002647324837248291,0.3690915349347668,0.7880463615356921,0.0012764641364146423,-0.3591113647078084,0.3027494963360766,0.0019951503960291927,-0.37528212227672536,0.4270993324621082,0.002403819921381134,0.3315849512933412,0.7785928082587892,0.0013620142097552199,-0.20507944641894207,0.41868310773264333,0.0018792393849368062,-0.38529618306650776,0.4136605059438644,0.0023946992552697625,-0.29792325056947516,0.4146191950500172,0.0021620843291783407,0.3676176421808437,0.7708629062315356,0.0012120081548859713,0.29569907243395605,0.7556726332403491,0.0013769058333807861,0.30595644057128935,0.40644889821865804,0.0003089365985938738,0.538400735583845,0.401573060322318,-0.00040253518290901317,1.1831650542324705,0.746607441334236,-0.0013143325258231683,18.0,0.0,0.07498838259508296,0.2220044139903219,0.16539729939010908
0.978,0.0,0.0,0.4218333728330656,0.8038874001480183,0.001165810633643863,-0.3592022284020701,0.31258509316314803,0.00202400396942961,-0.577224810813892,0.3064254338258788,0.0026492286748381407,0.37561429823305226,0.7880463615356921,0.0012568644798027758,-0.35589849844005766,0.3027494963360766,0.001985582583131655,-0.3763367026997284,0.4270993324621082,0.0024071443642165007,0.3385750619393968,0.7785928082587892,0.0013410235708963439,-0.20241057984035782,0.41868310773264333,0.0018712876624547563,-0.38596565409259603,0.4136605059438644,0.0023968700670311165,-0.28975355708303296,0.4146191950500172,0.0021376273368584773,0.3683682708066066,0.7708629062315356,0.001209735792152076,0.2947233145387966,0.7556726332403491,0.001379920682419179,0.3084551474424414,0.40644889821865804,0.0003014773729421061,0.5410448139940801,0.401573060322318,-0.0004104830257845812,1.1815754772364548,0.746607441334236,-0.0013096728386947038,18.0,0.0,0.07498835868566385,0.22201882114271582,0.16550109918413114
0.98,0.0,0.0,0.42837031201064074,0.8038874001480183,0.001146162081944858,-0.35629798386436484,0.31258509316314803,0.0020153619646956543,-0.5777380773838198,0.3064254338258788,0.002650950733919312,0.38212643894608384,0.7880463615356921,0.0012372961899079194,-0.35266212745349534,0.3027494963360766,0.001975943984328403,-0.3773375060336391,0.4270993324621082,0.00241030810548551,0.3455582037902665,0.7785928082587892,0.001320053238958177,-0.19972344424045177,0.41868310773264333,0.0018632810627190032,-0.38658082837491303,0.4136605059438644,0.0023988784801093816,-0.2815668215893529,0.4146191950500172,0.0021131182563991504,0.3691122340148914,0.7708629062315356,0.001207483906274787,0.2937769029567388,0.7556726332403491,0.0013828479561046575,0.31096613195907497,0.40644889821865804,0.0002939812523286499,0.5436835204547812,0.401573060322318,-0.00041841526101528637,1.1799497651806354,0.746607441334236,-0.0013049041077066567,18.0,0.0,0.07498833477624474,0.22203322829510974,0.1656048989781532
0.982,0.0,0.0,0.43489449612774833,0.8038874001480183,0.0011265512644121328,-0.3533702151547448,0.31258509316314803,0.0020066492310825386,-0.5781904354936268,0.3064254338258788,0.0026524905336290957,0.38862779213252296,0.7880463615356921,0.0012177597677688248,-0.34940234379794494,0.3027494963360766,0.0019662348713687158,-0.3782843267059854,0.4270993324621082,0.0024133105154872415,0.3525341785561687,0.7785928082587892,0.001299103813405568,-0.19701806381263406,0.41868310773264333,0.0018552196559192854,-0.38714154649766375,0.4136605059438644,0.002400724002956332,-0.27336336568790937,0.4146191950500172,0.0020885580499181104,0.3698496939956848,0.7708629062315356,0.0012052520166499327,0.29285998947388187,0.7556726332403491,0.0013856871908508308,0.31348937241545516,0.40644889821865804,0.0002864482987787492,0.5463166856176477,0.401573060322318,-0.0004263313803973896,1.1782881341653695,0.746607441334236,-0.0013000269715391984,18.0,0.0,0.07498831086682563,0.22204763544750367,0.16570869877217526
0.984,0.0,0.0,0.4414057502895892,0.8038874001480183,0.0011069787120608098,-0.3504189756907053,0.31258509316314803,0.0019978659249536785,-0.5785817347762404,0.3064254338258788,0.002653847607958517,0.3951181949261864,0.7880463615356921,0.0011982557082095074,-0.34611924097851254,0.3027494963360766,0.001956455520402065,-0.37917696349522245,0.4270993324621082,0.002416150977504281,0.35950278948616793,0.7785928082587892,0.0012781758891078614,-0.19429446354366367,0.41868310773264333,0.0018471035146358321,-0.3876476534960358,0.4136605059438644,0.0024024061573245845,-0.2651435118505639,0.4146191950500172,0.00206394768221378,0.3705808149098153,0.7708629062315356,0.0012030396367075525,0.29197272312043226,0.7556726332403491,0.0013884379312994017,0.3160248460684931,0.40644889821865804,0.00027887857740960866,0.5489441402067948,0.401573060322318,-0.0004342308758859891,1.1765908034755088,0.746607441334236,-0.0012950420784934005,18.0,0.0,0.07498828695740652,0.2220620425998976,0.1658124985661973
0.986,0.0,0.0,0.4479039017171445,0.8038874001480183,0.0010874449495752872,-0.34744432017945515,0.31258509316314803,0.00198901220656156,-0.5789118298513944,0.3064254338258788,0.0026550215058063578,0.4015974865392992,0.7880463615356921,0.0011787844998285171,-0.3428129139439594,0.3027494963360766,0.0019466062119437675,-0.3800152195534274,0.4270993324621082,0.002418828887871992,0.36646384137499044,0.7785928082587892,0.0012572700563178638,-0.19155266921009223,0.41868310773264333,0.001838932713828921,-0.3880989988731745,0.4136605059438644,0.0024039244783197007,-0.2569075834002778,0.4146191950500172,0.0020392881207017435,0.3713057628708567,0.7708629062315356,0.001200846273965161,0.29111525015782774,0.7556726332403491,0.0013910997303597504,0.3185725291311338,0.40644889821865804,0.00027127215645049473,0.551565715038252,0.401573060322318,-0.0004421132396534305,1.1748579955576304,0.746607441334236,-0.0012899500864238186,18.0,0.0,0.0749882630479874,0.22207644975229152,0.16591629836021937
0.988,0.0,0.0,0.4543887797524317,0.8038874001480183,0.0010679504952926214,-0.3444463046111546,0.31258509316314803,0.0019800882400278098,-0.5791805803427292,0.3064254338258788,0.0026560117910318197,0.40806550826542387,0.7880463615356921,0.0011593466249891786,-0.3394834590748975,0.3027494963360766,0.0019366872308401082,-0.38079890242859354,0.4270993324621082,0.002421343656046607,0.37341714056964287,0.7785928082587892,0.0012363869006513963,-0.18879270737463588,0.41868310773264333,0.0018307073308282068,-0.38849543661676095,0.4136605059438644,0.002405278514451117,-0.24865590448971056,0.4146191950500172,0.002014580335350885,0.3720247059266906,0.7708629062315356,0.001198671430082037,0.2902877140661814,0.7556726332403491,0.001393672149247564,0.32113239676583444,0.40644889821865804,0.00026362910726257266,0.5541812410394854,0.401573060322318,-0.00044997796414780213,1.1730899359969702,0.746607441334236,-0.0012847516626701833,18.0,0.0,0.0749882391385683,0.22209085690468544,0.16602009815424143
0.99,0.0,0.0,0.4608602158634792,0.8038874001480183,0.00104849586118676,-0.3414249862520361,0.31258509316314803,0.001971094193322908,-0.5793878508944339,0.3064254338258788,0.002656818042505824,0.414522103482066,0.7880463615356921,0.0011399425598108046,-0.33613097417181115,0.3027494963360766,0.0019266988662329225,-0.38152782408652175,0.4270993324621082,0.0024236947046721055,0.38036249497583463,0.7785928082587892,0.001215527003067439,-0.18601460538247683,0.41868310773264333,0.0018224274453218377,-0.38883682521519175,0.4136605059438644,0.002406467827681876,-0.24038880007970628,0.4146191950500172,0.0019898252986191834,0.3727378140407308,0.7708629062315356,0.001196514600914535,0.2894902555320481,0.7556726332403491,0.001396154757522503,0.32370442307813574,0.40644889821865804,0.0002559495043584708,0.5567905492689421,0.401573060322318,-0.00045782454215150225,1.1712868534940648,0.746607441334236,-0.0012794474839882028,18.0,0.0,0.07498821522914918,0.22210526405707937,0.1661238979482635
0.992,0.0,0.0,0.4673180436490195,0.8038874001480183,0.0010290815528536173,-0.33838042363741067,0.31258509316314803,0.0019620302382455527,-0.5795335111874301,0.3064254338258788,0.002657439854160938,0.4209671176529584,0.7880463615356921,0.0011205727741608784,-0.33275555844290683,0.3027494963360766,0.0019166414115236634,-0.3822018009323051,0.4270993324621082,0.00242588146964589,0.38729971406420466,0.7785928082587892,0.0011946909398488637,-0.18321839135749665,0.41868310773264333,0.0018140931393453602,-0.38912302767335777,0.4136605059438644,0.0024074919934771685,-0.23210659591767083,0.4146191950500172,0.0019650239853891706,0.37344525907281007,0.7708629062315356,0.0011943752765724146,0.2887230124365127,0.7556726332403491,0.0013985471331249028,0.32628858111032866,0.40644889821865804,0.0002482334254215669,0.5593934709356134,0.401573060322318,-0.0004656524668398724,1.1694489798411003,0.746607441334236,-0.0012740382364794865,18.0,0.0,0.07498819131973007,0.2221196712094733,0.16622769774228555
0.994,0.0,0.0,0.4737620988429016,0.8038874001480183,0.0010097080694969963,-0.33531267656456176,0.31258509316314803,0.001952896550401676,-0.579617435955094,0.3064254338258788,0.002657876835039927,0.4274003983300242,0.7880463615356921,0.001101237731648201,-0.3293573124917951,0.3027494963360766,0.0019065151643369504,-0.382820653831406,0.4270993324621082,0.00242790340018324,0.394228608876352,0.7785928082587892,0.0011738792825837536,-0.1804040941984431,0.41868310773264333,0.0018057044972704201,-0.38935391152802,0.4136605059438644,0.0024083506008516667,-0.22380961851584186,0.4146191950500172,0.001940177372903064,0.37414721475973234,0.7708629062315356,0.0011922529414761767,0.2879861198436033,0.7556726332403491,0.001400848862411509,0.32888484283521824,0.40644889821865804,0.00024048095132498816,0.5619898374186132,0.401573060322318,-0.0004734612318398863,1.1675765498979733,0.746607441334236,-0.001268524615520593,18.0,0.0,0.07498816741031096,0.22213407836186722,0.1663314975363076
0.996,0.0,0.0,0.4801922193182228,0.8038874001480183,0.00099037590391535,-0.3322218060855297,0.31258509316314803,0.0019436933091831292,-0.5796395049985141,0.3064254338258788,0.0026581286093429186,0.4338217951550189,0.7880463615356921,0.0010819378896170036,-0.3259363383050066,0.3027494963360766,0.0018963204264836153,-0.3833842081303215,0.4270993324621082,0.0024297599588805428,0.40114899203067167,0.7785928082587892,0.0011530925981473115,-0.17757174357503247,0.41868310773264333,0.0017972616057932594,-0.3895293488627811,0.4136605059438644,0.002409043252415653,-0.21549819512945456,0.4146191950500172,0.0019152864406975774,0.3748438566954917,0.7708629062315356,0.00119014707441541,0.2872797099890287,0.7556726332403491,0.0014030595401902373,0.3314931791499879,0.40644889821865804,0.00023269216615031942,0.5645794802867685,0.401573060322318,-0.0004812503312888856,1.1656698015680633,0.746607441334236,-0.0012629073256912122,18.0,0.0,0.07498814350089185,0.22214848551426114,0.16643529733032966
0.998,0.0,0.0,0.48660824509118117,0.8038874001480183,0.0009710855424893864,-0.32910787449978796,0.31258509316314803,0.0019344206977460333,-0.579599603201285,0.3064254338258788,0.0026581948164731786,0.4402311598608546,0.7880463615356921,0.0010626736991420195,-0.32249273923934574,0.3027494963360766,0.00188605750392325,-0.38389229367683536,0.4270993324621082,0.002431450621777289,0.4080606777279948,0.7785928082587892,0.0011323314486843526,-0.1747213699239892,0.41868310773264333,0.0017887645539230272,-0.38964921632264987,0.4136605059438644,0.0024095695644199364,-0.20717265373480503,0.4146191950500172,0.0018903521705384153,0.3755353623111604,0.7708629062315356,0.0011880571486081318,0.2866039122692426,0.7556726332403491,0.001405178769753961,0.3341135598701651,0.40644889821865804,0.00022486715720601048,0.5671622313182205,0.401573060322318,-0.0004890192598933516,1.1637289757737215,0.746607441334236,-0.001257187080701482,18.0,0.0,0.07498811959147274,0.22216289266665507,0.16653909712435172
1.0,0.0,0.0,0.4930100183246486,0.8038874001480183,0.0009518374651705114,-0.3259709453468146,0.31258509316314803,0.0019250789029888078,-0.5794976205438318,0.3064254338258788,0.0026580751110814914,0.44662834627260556,0.7880463615356921,0.0010434456050245125,-0.3190266200090846,0.3027494963360766,0.001875726706726267,-0.3843447448398546,0.4270993324621082,0.0024329748784168307,0.4149634817570351,0.7785928082587892,0.0011115963915923832,-0.17185300444502505,0.41868310773264333,0.0017802134329698977,-0.3897133951281974,0.4136605059438644,0.002409929166799543,-0.19883332300721424,0.4146191950500172,0.0018653755463544665,0.37622191085444845,0.7708629062315356,0.0011859826317611258,0.28595885323083453,0.7556726332403491,0.0014072061629133194,0.33674595372369237,0.40644889821865804,0.00021700601504547878,0.5697379225200307,0.401573060322318,-0.0004967675129877076,1.1617543164314752,0.746607441334236,-0.0012513646033184566,18.0,0.0,0.07498809568205363,0.222177299819049,0.16664289691837378
1.002,0.0,0.0,0.4993973833314656,0.8038874001480183,0.0009326321454701091,-0.32281108339856074,0.31258509316314803,0.001915668115529888,-0.5793334521172663,0.3064254338258788,0.0026577691631091316,0.45301321030819774,0.7880463615356921,0.0010242540457892596,-0.31553808667300054,0.3027494963360766,0.0018653283490354835,-0.3847414005288269,0.4270993324621082,0.0024343322319058886,0.42185722149964067,0.7785928082587892,0.0010908879795052623,-0.1689666790967594,0.41868310773264333,0.0017716083365330053,-0.3897217710893031,0.4136605059438644,0.0024101217032161852,-0.19048053229889467,0.4146191950500172,0.0018403575541716944,0.3769036833689366,0.7708629062315356,0.0011839229861312615,0.2853446565602488,0.7556726332403491,0.0014091413400285436,0.339390328345104,0.40644889821865804,0.00020910883348489702,0.5723063861477916,0.401573060322318,-0.0005044945865931383,1.1597460704269538,0.746607441334236,-0.0012454406252917177,18.0,0.0,0.07498807177263452,0.22219170697144291,0.16674669671239584
1.004,0.0,0.0,0.5057701865774586,0.8038874001480183,0.0009134700504496581,-0.31962835465181855,0.31258509316314803,0.0019061885296851263,-0.5791069981367711,0.3064254338258788,0.0026572766578294355,0.4593856099787832,0.7880463615356921,0.001005099453682483,-0.31202724662126013,0.3027494963360766,0.0018548627490272316,-0.385082104212738,0.4270993324621082,0.002435522198972805,0.42874171593585236,0.7785928082587892,0.0010702067602774456,-0.16606242659258277,0.41868310773264333,0.0017629493604882083,-0.38967423461848844,0.4136605059438644,0.0024101468310995027,-0.1821146116167226,0.4146191950500172,0.0018152991820467356,0.3775808626729854,0.7708629062315356,0.0011818776685877971,0.2847614430738324,0.7556726332403491,0.0014109839300403008,0.3420466502698125,0.40644889821865804,0.00020117570962066206,0.5748674547252365,0.401573060322318,-0.0005121999774764208,1.1577044875895348,0.746607441334236,-0.0012394158872781535,18.0,0.0,0.0749880478632154,0.22220611412383684,0.1668504965064179
1.006,0.0,0.0,0.5121282766841803,0.8038874001480183,0.000894351640711679,-0.31642282632049096,0.31258509316314803,0.0018966403434448997,-0.5788181639545116,0.3064254338258788,0.0026565972958879497,0.4657454053888007,0.7880463615356921,0.0009859822546707266,-0.30849420856215276,0.3027494963360766,0.0018443302288720102,-0.3853667039386861,0.4270993324621082,0.0024365443100245383,0.4356167856487693,0.7785928082587892,0.0010495532769688105,-0.1631402803964657,0.41868310773264333,0.0017542366029756784,-0.3895706807438368,0.4136605059438644,0.0024100042216870583,-0.17373589159991792,0.4146191950500172,0.0017902014200002194,0.37825363333832285,0.7708629062315356,0.0011798461306756507,0.2842093307082121,0.7556726332403491,0.00141273357049955,0.34471488492850555,0.40644889821865804,0.00019320674384653658,0.5774209610638475,0.401573060322318,-0.0005198831832087555,1.1556298206667148,0.746607441334236,-0.0012332911387658966,18.0,0.0,0.07498802395379629,0.22222052127623076,0.16695429630043995
1.008,0.0,0.0,0.5184715044313737,0.8038874001480183,0.0008752773703915142,-0.31319456682776586,0.31258509316314803,0.001887023758450917,-0.5784668600720713,0.3064254338258788,0.0026557307933411708,0.47209245873572453,0.7880463615356921,0.0009669028684406741,-0.3049390825086768,0.3027494963360766,0.0018337311146946881,-0.38559505235003133,0.4270993324621082,0.0024373981092023827,0.4424822528292218,0.7785928082587892,0.0010289280678300596,-0.16020027471871454,0.41868310773264333,0.0017454701643873272,-0.38941100912149806,0.4136605059438644,0.002409693560063103,-0.16534470349763453,0.4146191950500172,0.0017650652599498055,0.3789221816683126,0.7708629062315356,0.0011778278186796384,0.28368843451100245,0.7556726332403491,0.001414389907596411,0.34739499664165685,0.40644889821865804,0.00018520203987045747,0.5799667382824574,0.401573060322318,-0.0005275437022245887,1.1535223252982068,0.746607441334236,-0.0012270671379974367,18.0,0.0,0.07498800004437718,0.2222349284286247,0.167058096094462
1.01,0.0,0.0,0.5247997227591626,0.8038874001480183,0.0008562476871499338,-0.30994364579819683,0.31258509316314803,0.0018773389799727417,-0.5780530021524127,0.3064254338258788,0.0026546768816938502,0.4784266343095024,0.7880463615356921,0.0009478617083999027,-0.3013619797649818,0.3027494963360766,0.0018230657365342605,-0.3857670067041176,0.4270993324621082,0.0024380831544364187,0.44933794128025234,0.7785928082587892,0.001008331666288702,-0.15724244451167646,0.41868310773264333,0.0017366501473540736,-0.38919512404777606,0.4136605059438644,0.0024092145451960873,-0.1569413791464635,0.4146191950500172,0.0017398916956429553,0.3795866956759064,0.7708629062315356,0.0011758221736896692,0.2831988666318443,0.7556726332403491,0.0014159525961880397,0.35008694861415224,0.40644889821865804,0.00017716170473100357,0.582504619826842,0.401573060322318,-0.0005351810338804181,1.1513822599897656,0.746607441334236,-0.0012207446518919124,18.0,0.0,0.07498797613495807,0.22224933558101861,0.16716189588848407
1.012,0.0,0.0,0.5311127867699665,0.8038874001480183,0.0008372630321665669,-0.30667013404969284,0.31258509316314803,0.0018675862168840347,-0.5775765110313589,0.3064254338258788,0.0026534353079348746,0.48474779849168526,0.7880463615356921,0.0009288591816785691,-0.2977630129126695,0.3027494963360766,0.0018123344283031753,-0.38588242888956586,0.4270993324621082,0.0024385990174986775,0.4561836764214053,0.7785928082587892,0.0009877646009356107,-0.15426682546539564,0.41868310773264333,0.0017277766567329596,-0.388922934470797,0.4136605059438644,0.0024085668899749215,-0.1485262509478517,0.4146191950500172,0.001714681722589442,0.3802473650612825,0.7708629062315356,0.0011738286316668877,0.2827407363137748,0.7556726332403491,0.0014174212998255143,0.3527907029300336,0.40644889821865804,0.0001690858488135174,0.5850344394893019,0.401573060322318,-0.000542794678513572,1.1492098860867457,0.746607441334236,-0.001214324455966589,18.0,0.0,0.07498795222553896,0.22226374273341254,0.16726569568250613
1.014,0.0,0.0,0.5374105537301438,0.8038874001480183,0.0008183238401341553,-0.30337410358541944,0.31258509316314803,0.0018577656816385227,-0.577037312728595,0.3064254338258788,0.0026520058345717128,0.4910558197542498,0.7880463615356921,0.0009098956891320205,-0.2941422957969572,0.3027494963360766,0.0018015375277462384,-0.38594118544313555,0.4270993324621082,0.002438945284055022,0.4630192852928264,0.7785928082587892,0.0009672273955121518,-0.1512734540032223,0.41868310773264333,0.001718849799594117,-0.388594354001758,0.4136605059438644,0.0024077503212439843,-0.14009965184543832,0.4146191950500172,0.0016894363379936067,0.3809043811891731,0.7708629062315356,0.0011718466235107596,0.28231414988492975,0.7556726332403491,0.001418795690779723,0.3555062205473627,0.40644889821865804,0.00016097458586587326,0.5875560314282282,0.401573060322318,-0.0005503841375009517,1.1470054677473909,0.746607441334236,-0.0012078073342575292,18.0,0.0,0.07498792831611985,0.22227814988580646,0.16736949547652819
1.016,0.0,0.0,0.5436928830713623,0.8038874001480183,0.0007994305392536235,-0.30005562758561377,0.31258509316314803,0.0018478775902457025,-0.5764353384581901,0.3064254338258788,0.0026503882396634215,0.49735056865811583,0.7880463615356921,0.0008909716253443269,-0.29049994351270647,0.3027494963360766,0.0017906753763991018,-0.3859431475661531,0.4270993324621082,0.0024391215537157315,0.46984459655917193,0.7785928082587892,0.0009467205688978884,-0.14826236727737702,0.41868310773264333,0.001709869685207597,-0.38820930092575373,0.4136605059438644,0.0024067645798368674,-0.13166191530231178,0.4146191950500172,0.0016641565406863667,0.38155793706588415,0.7708629062315356,0.0011698755751270878,0.2819192107505785,0.7556726332403491,0.001420075450066258,0.358233461293207,0.40644889821865804,0.00015282803301388604,0.5900692301876506,0.401573060322318,-0.0005579489133177306,1.1447692719158618,0.746607441334236,-0.0012011940792394649,18.0,0.0,0.07498790440670074,0.2222925570382004,0.16747329527055024
1.018,0.0,0.0,0.5499596363917003,0.8038874001480183,0.000780583551229968,-0.29671478039931554,0.31258509316314803,0.0018379221622462857,-0.5757705246386347,0.3064254338258788,0.002648582316852207,0.5036319178513612,0.7880463615356921,0.0008720873786327287,-0.28683607239032033,0.3027494963360766,0.0017797483195463493,-0.3858881911405055,0.4270993324621082,0.002439127440084784,0.47665944051332915,0.7785928082587892,0.0009262446350988518,-0.14523360316447173,0.41868310773264333,0.0017008364250300611,-0.3877676982121797,0.4136605059438644,0.0024056094206088546,-0.12321337527818982,0.4146191950500172,0.001638843331056987,0.38220822731601006,0.7708629062315356,0.0011679149074969545,0.28155601938549135,0.7556726332403491,0.0014212602674693116,0.3609723838587498,0.40644889821865804,0.00014464631077635315,0.5925738707167647,0.401573060322318,-0.0005654885095959977,1.1425015682950002,0.746607441334236,-0.0011944854917448774,18.0,0.0,0.07498788049728163,0.22230696419059431,0.1675770950645723
1.02,0.0,0.0,0.5562106774564773,0.8038874001480183,0.000761783291268954,-0.29335163753601695,0.31258509316314803,0.0018278996206873906,-0.5750428129023959,0.3064254338258788,0.0026465878753935404,0.5098997420671347,0.7880463615356921,0.0008532433310529927,-0.28315079998151277,0.3027494963360766,0.0017687567061791907,-0.3857761967441965,0.4270993324621082,0.002438962570807841,0.48346364907994793,0.7785928082587892,0.0009058001032363802,-0.14218720026099016,0.41868310773264333,0.0016917501326913452,-0.3872694735247112,0.4136605059438644,0.0024042846124681322,-0.11475436620652503,0.4146191950500172,0.001613497710984621,0.3828554481588462,0.7708629062315356,0.0011659640367465767,0.2812246733266406,0.7556726332403491,0.001422349841564573,0.36372294579452646,0.40644889821865804,0.00013642954307972472,0.5950697883894349,0.401573060322318,-0.0005730024311833402,1.1402026293188356,0.746607441334236,-0.0011876823808822927,18.0,0.0,0.07498785658786251,0.22232137134298824,0.16768089485859436
1.022,0.0,0.0,0.5624458721988176,0.8038874001480183,0.0007430301680746229,-0.2899662756572333,0.31258509316314803,0.001817810192097495,-0.5742521501049864,0.3064254338258788,0.002644404740184824,0.5161539181212711,0.7880463615356921,0.000834439858405672,-0.2794442450449531,0.3027494963360766,0.0017577008889527684,-0.38560704966646464,0.4270993324621082,0.002438626587618914,0.49025705581878537,0.7785928082587892,0.0008853874775365237,-0.1391231978787288,0.41868310773264333,0.0016826109239809004,-0.38671455923085596,0.4136605059438644,0.0024027899384057266,-0.1062852229715385,0.4146191950500172,0.0015881206837696268,0.3834997973845028,0.7708629062315356,0.0011640223742180684,0.280925267166235,0.7556726332403491,0.0014233438797411255,0.3664851035057889,0.40644889821865804,0.00012817785727239472,0.5975568190236709,0.401573060322318,-0.0005804901842013508,1.137872730124835,0.746607441334236,-0.0011807855639537992,18.0,0.0,0.0749878326784434,0.22233577849538216,0.16778469465261642
1.024,0.0,0.0,0.5686650887199459,0.8038874001480183,0.0007243245838476021,-0.28655877256799717,0.31258509316314803,0.0018076541064611443,-0.5733984883335476,0.3064254338258788,0.0026420327517925955,0.5223943249096086,0.7880463615356921,0.000815677330243263,-0.2757165275317889,0.3027494963360766,0.001746581224143089,-0.3853806399224606,0.4270993324621082,0.0024381191463857185,0.4970394959278633,0.7785928082587892,0.0008650072573200114,-0.13604163604020109,0.41868310773264333,0.0016734189168341163,-0.38610289241108,0.4136605059438644,0.002401125195524161,-0.09780628088518419,0.4146191950500172,0.0015627132540646672,0.3841414743297231,0.7708629062315356,0.0011620893265410985,0.2806578925450882,0.7556726332403491,0.0014242420982223422,0.36925881224800045,0.40644889821865804,0.00011989138413860745,0.6000347989010729,0.401573060322318,-0.0005879512761040586,1.1355121485258977,0.746607441334236,-0.0011737958663717973,18.0,0.0,0.07498780876902429,0.2223501856477761,0.16788849444663848
1.026,0.0,0.0,0.5748681972892195,0.8038874001480183,0.0007056669342842171,-0.283129207208278,0.31258509316314803,0.0017974315971934357,-0.5724817849149444,0.3064254338258788,0.0026394717664782793,0.5286208434050125,0.7880463615356921,0.0007969561098782505,-0.27196776857105104,0.3027494963360766,0.0017353980716035965,-0.3850968622674823,0.4270993324621082,0.0024374399171537063,0.5038108062464399,0.7785928082587892,0.0008446599369927777,-0.13294255547400652,0.41868310773264333,0.0016641742313185334,-0.3854344148675044,0.4136605059438644,0.0023992901950648333,-0.08931787566404646,0.4146191950500172,0.0015372764278056043,0.38478067985340914,0.7708629062315356,0.0011601642957054376,0.28042263814632074,0.7556726332403491,0.0014250442220857826,0.37204402612246334,0.40644889821865804,0.00011157025791197279,0.6025035647862457,0.401573060322318,-0.0005953852157362648,1.1331211649821,0.746607441334236,-0.0011667141215749852,18.0,0.0,0.07498778485960518,0.22236459280017,0.16799229424066053
1.028,0.0,0.0,0.5810550703438944,0.8038874001480183,0.0006870576085763966,-0.2796776596443303,0.31258509316314803,0.001787142901114278,-0.5715020024233726,0.3064254338258788,0.0026367216562224694,0.5348333566541063,0.7880463615356921,0.0007782765543920388,-0.2681980904549436,0.3027494963360766,0.0017241517947213833,-0.384755616210767,0.4270993324621082,0.0024365885841887715,0.5105708252577967,0.7785928082587892,0.0008243460060370478,-0.12982599761016647,0.41868310773264333,0.0016548769896199496,-0.38470907313217295,0.4136605059438644,0.0023972847624341063,-0.08082034340617354,0.4146191950500172,0.001511811212142191,0.38541761631185834,0.7708629062315356,0.0011582466791343795,0.28021958968939614,0.7556726332403491,0.001425749985282085,0.3748406980720802,0.40644889821865804,0.00010321461628858408,0.6049629539461747,0.401573060322318,-0.0006027915133917831,1.1307000625721908,0.746607441334236,-0.0011595411709435922,18.0,0.0,0.07498776095018607,0.22237899995256394,0.1680960940346826
1.03,0.0,0.0,0.5872255824886314,0.8038874001480183,0.0006684969894123718,-0.2762042110599719,0.31258509316314803,0.001776788258422435,-0.570459108687475,0.3064254338258788,0.002633782308747754,0.5410317497737133,0.7880463615356921,0.0007596390146447575,-0.2644076166240225,0.3027494963360766,0.0017128427603730605,-0.3843568060288375,0.4270993324621082,0.0024355648460186257,0.5173193930918412,0.7785928082587892,0.0008040659490029774,-0.1266920045754292,0.41868310773264333,0.0016455273160284295,-0.38392681847488813,0.4136605059438644,0.002395108737228112,-0.07231402056784923,0.4146191950500172,0.0014863186153685724,0.386052487533715,0.7708629062315356,0.001156335869759032,0.2800488299244913,0.7556726332403491,0.0014263591306528588,0.377648779877252,0.40644889821865804,9.482460043973351e-05,0.6074128041695647,0.401573060322318,-0.0006101696808715702,1.1282491269648405,0.746607441334236,-0.0011522778637138645,18.0,0.0,0.07498773704076696,0.22239340710495786,0.16819989382870465
1.032,0.0,0.0,0.5933796104947396,0.8038874001480183,0.0006499854529781606,-0.2727089437477955,0.31258509316314803,0.0017663679126693598,-0.5693530767969683,0.3064254338258788,0.0026306536275400613,0.547215909947011,0.7880463615356921,0.0007410438352859365,-0.2605964716522663,0.3027494963360766,0.0017014713388802975,-0.38390034077840224,0.4270993324621082,0.0024343684154728372,0.5240563515275263,0.7785928082587892,0.0007838202455008441,-0.12354061918854539,0.41868310773264333,0.0016361253369242177,-0.3830876069106159,0.4136605059438644,0.002392761973256258,-0.06379924394030564,0.4146191950500172,0.0014607996468535994,0.38668549879463926,0.7708629062315356,0.0011544312560934618,0.2799104386272006,0.7556726332403491,0.0014268714099475732,0.3804682221519141,0.40644889821865804,8.640035502421817e-05,0.6098529537861352,0.401573060322318,-0.0006175192315417401,1.125768646389647,0.746607441334236,-0.0011449250568918135,18.0,0.0,0.07498771313134785,0.2224078142573518,0.1683036936227267
1.034,0.0,0.0,0.5995170332991614,0.8038874001480183,0.0006315233689598359,-0.2691919411003151,0.31258509316314803,0.0017558821107328305,-0.5681838851087778,0.3064254338258788,0.002627335531868541,0.5533857264194008,0.7880463615356921,0.0007224913547660433,-0.256764781232042,0.3027494963360766,0.0016900379039650288,-0.38338613430880714,0.4270993324621082,0.0024329990197215316,0.5307815439950883,0.7785928082587892,0.0007636093701937888,-0.12037188495551675,0.41868310773264333,0.0016266711807635661,-0.3821913992064568,0.4136605059438644,0.002390244338563441,-0.05527635062637947,0.4146191950500172,0.0014352553169709687,0.3873168567916975,0.7708629062315356,0.0011525322223106891,0.27980449259357393,0.7556726332403491,0.0014272865838394454,0.38329897433971283,0.40644889821865804,7.794202820023178e-05,0.6122832416858721,0.401573060322318,-0.0006248396803914518,1.1232589116079015,0.746607441334236,-0.0011374836151662332,18.0,0.0,0.07498768922192874,0.2224222214097457,0.16840749341674877
1.036,0.0,0.0,0.6056377320032001,0.8038874001480183,0.0006131111005465707,-0.26565328760105034,0.31258509316314803,0.0017453311027903896,-0.5669515172526796,0.3064254338258788,0.00262382795680397,0.5595410904940956,0.7880463615356921,0.000703981905348874,-0.25291267215897,0.3027494963360766,0.0016785428327043557,-0.38281410527403803,0.4270993324621082,0.0024314564003127463,0.537494815578103,0.7785928082587892,0.0007434337927911028,-0.11718584606481924,0.41868310773264333,0.0016171649780644802,-0.3812381608881833,0.4136605059438644,0.0023875557154509636,-0.04674567801711437,0.4146191950500172,0.00140968663702919,0.38794676961747826,0.7708629062315356,0.0011506381483195145,0.2797310656354888,0.7556726332403491,0.0014276044219403254,0.38614098471032343,0.40644889821865804,6.944977163683564e-05,0.6147035073382306,0.401573060322318,-0.0006321305440906623,1.1207202158831142,0.746607441334236,-0.0011299544108209967,18.0,0.0,0.07498766531250962,0.22243662856213964,0.16851129321077082
1.038,0.0,0.0,0.6117415898709918,0.8038874001480183,0.0005947490044344544,-0.26209306881555067,0.31258509316314803,0.0017347151422925954,-0.5656559621364498,0.3064254338258788,0.002620130853235675,0.5656818955274286,0.7880463615356921,0.0006855158131247894,-0.2490402723166911,0.3027494963360766,0.0016669865054851401,-0.38218417714427244,0.4270993324621082,0.002429740313208439,0.5441960130153621,0.7785928082587892,0.0007232939780420587,-0.11398254738260313,0.41868310773264333,0.0016076068613923877,-0.380227862246342,0.4136605059438644,0.002384696000496143,-0.03820756376831203,0.4146191950500172,0.0013840946192013948,0.38857544673393685,0.7708629062315356,0.0011487484098421721,0.2796902285763555,0.7556726332403491,0.001427824702814581,0.38899420035591253,0.40644889821865804,6.0923740525003825e-05,0.6171135908112878,0.401573060322318,-0.000639391341047738,1.1181528549513076,0.746607441334236,-0.0011223383236466347,18.0,0.0,0.07498764140309051,0.22245103571453356,0.16861509300479288
1.04,0.0,0.0,0.6178284923277225,0.8038874001480183,0.0005764374308310794,-0.2585113713823618,0.31258509316314803,0.0017240344859360962,-0.56429721395052,0.3064254338258788,0.0026162441878869857,0.5718080369238847,0.7880463615356921,0.0006670933980247903,-0.2451477106615392,0.3027494963360766,0.0016553693059583032,-0.3814962782169795,0.4270993324621082,0.0024278505288191417,0.5508849847025707,0.7785928082587892,0.0007031903857302812,-0.11076203444787164,0.41868310773264333,0.0015979969653457393,-0.3791604783419197,0.4136605059438644,0.0023816651045706193,-0.02966234577703454,0.4146191950500172,0.0013584802764549878,0.3892030989459725,0.7708629062315356,0.0011468623784927964,0.27968204924715623,0.7556726332403491,0.0014279472139919808,0.39185856718774564,0.40644889821865804,5.2364093588236514e-05,0.6195133327908412,0.401573060322318,-0.0006466215914669094,1.1155571269910747,0.746607441334236,-0.0011146362408512149,18.0,0.0,0.0749876174936714,0.2224654428669275,0.16871889279881494
1.042,0.0,0.0,0.6238983269575936,0.8038874001480183,0.0005581767234608873,-0.25490828300393703,0.31258509316314803,0.0017132893936365296,-0.5628752721721383,0.3064254338258788,0.0026121679433291963,0.5779194121308587,0.7880463615356921,0.0006487149738354221,-0.24123511720712335,0.3027494963360766,0.0016436916209928475,-0.3807503416275668,0.4270993324621082,0.002425786832037263,0.5575615806938665,0.7785928082587892,0.0006831234706686553,-0.10752435346764026,0.41868310773264333,0.0015883354265415449,-0.3780359890115731,0.4136605059438644,0.002378462952857352,-0.021110362158060624,0.4146191950500172,0.0013328446224811553,0.38982993837474217,0.7708629062315356,0.0011449794218566895,0.2797065924828164,0.7556726332403491,0.0014279717519795785,0.3947340299329426,0.40644889821865804,4.377099309273719e-05,0.6219025745994512,0.401573060322318,-0.0006538208174055696,1.1129333325934088,0.746607441334236,-0.0011068490569705162,18.0,0.0,0.07498759358425229,0.2224798500193214,0.168822692592837
1.044,0.0,0.0,0.629950983501537,0.8038874001480183,0.0005399672195712741,-0.2512838924374953,0.31258509316314803,0.0017024801285012551,-0.5613901415690346,0.3064254338258788,0.002607902117994051,0.5840159206331428,0.7880463615356921,0.0006303808482145,-0.2373026230088223,0.3027494963360766,0.0016319538406295998,-0.3799463053595729,0.4270993324621082,0.0024235490222690253,0.5642256527031626,0.7785928082587892,0.000663093682694768,-0.10426955131207863,0.41868310773264333,0.001578622383600851,-0.37685437887242024,0.4136605059438644,0.0023750894848663124,-0.012551951220298353,0.4146191950500172,0.0013071886716242336,0.39045617843071484,0.7708629062315356,0.0011430989035703804,0.279763920118909,0.7556726332403491,0.001427898122272598,0.3976205321313816,0.40644889821865804,3.5144604857146324e-05,0.6242811582154234,0.401573060322318,-0.0006609885428313997,1.1102817747313063,0.746607441334236,-0.0010989776737775185,18.0,0.0,0.07498756967483318,0.22249425717171534,0.16892649238685906
1.046,0.0,0.0,0.6359863538546809,0.8038874001480183,0.0005218092499394438,-0.2476382894858289,0.31258509316314803,0.00169160695680193,-0.5598418322025913,0.3064254338258788,0.00260344672618474,0.5900974639471457,0.7880463615356921,0.0006120913227076479,-0.2333503601481953,0.3027494963360766,0.001620156358034697,-0.37908411225440475,0.4270993324621082,0.002421136913465043,0.5708770541053145,0.7785928082587892,0.0006431014666668797,-0.10099767550963676,0.41868310773264333,0.001568857977134166,-0.37561563732639397,0.4136605059438644,0.002371544654448854,-0.0039874514431568996,0.4146191950500172,0.0012815134388109467,0.39108203378647016,0.7708629062315356,0.0011412201834024624,0.27985409098869113,0.7556726332403491,0.0014277261393643203,0.4005180161327545,0.40644889821865804,2.6485098261829322e-05,0.6266489262917291,0.401573060322318,-0.0006681242936793163,1.1076027587291455,0.746607441334236,-0.001091023000191211,18.0,0.0,0.07498754576541407,0.22250866432410926,0.16903029218088111
1.048,0.0,0.0,0.6420043320635701,0.8038874001480183,0.0005037031388800121,-0.24397156498806227,0.31258509316314803,0.0016806701479469305,-0.5582303594305174,0.3064254338258788,0.0025988017980854102,0.5961639456148473,0.7880463615356921,0.0005938466927656392,-0.22937846171731247,0.3027494963360766,0.001608299569452816,-0.37816371002061866,0.4270993324621082,0.002418550334149539,0.5775156399371127,0.7785928082587892,0.000623147262460424,-0.09770877424215779,0.41868310773264333,0.0015590423497268402,-0.37431975856415617,0.4136605059438644,0.0023678284298107753,0.004582798547120055,0.4146191950500172,0.0012558199394795222,0.3917077203492456,0.7708629062315356,0.0011393426173351964,0.279977160920472,0.7556726332403491,0.0014274556267549739,0.40342642309377447,0.40644889821865804,1.77926462577106e-05,0.6290057221748601,0.401573060322318,-0.0006752275979082333,1.1048965922318439,0.746607441334236,-0.0010829859521847287,18.0,0.0,0.07498752185599496,0.2225230714765032,0.16913409197490317
1.05,0.0,0.0,0.6480048143231406,0.8038874001480183,0.0004856492042533446,-0.24028381081036548,0.31258509316314803,0.0016696699744536308,-0.556555743909026,0.3064254338258788,0.0025939673797691883,0.6022152711974916,0.7880463615356921,0.0005756472477625343,-0.2253870618030085,0.3027494963360766,0.0015963838741601673,-0.37718505124274454,0.4270993324621082,0.0024157891274481807,0.5841412668981018,0.7785928082587892,0.0006032315049650293,-0.09440289633997895,0.41868310773264333,0.0015491756459244034,-0.37296674156857207,0.4136605059438644,0.0023639407935240617,0.013158460001156681,0.4146191950500172,0.0012301091895086914,0.39233345523323643,0.7708629062315356,0.0011374655576468701,0.28013318273531174,0.7556726332403491,0.0014270864169596313,0.4063456929755377,0.40644889821865804,9.067425374650717e-06,0.6313513899236156,0.401573060322318,-0.0006822979855576262,1.1021635851737974,0.746607441334236,-0.0010748674526928237,18.0,0.0,0.07498749794657585,0.2225374786288971,0.16923789176892523
1.052,0.0,0.0,0.6539876989734523,0.8038874001480183,0.00046764775747463306,-0.2365751198366232,0.31258509316314803,0.0016586067119205405,-0.5548180115945158,0.3064254338258788,0.0025889435332047146,0.6082513482690206,0.7880463615356921,0.0005574932710146013,-0.22137629547106286,0.3027494963360766,0.0015844096744172553,-0.37614809338965155,0.4270993324621082,0.0024128531511145583,0.5907537933512275,0.7785928082587892,0.0005833546240820623,-0.09108009127702264,0.41868310773264333,0.0015392580122178669,-0.3715565901177443,0.4136605059438644,0.0023598817425373097,0.02173919407018054,0.4146191950500172,0.0012043822051465817,0.3929594567316521,0.7708629062315356,0.0011355883529948977,0.2803222062450514,0.7556726332403491,0.001426618351515112,0.40927576454104075,0.40644889821865804,3.0961572936105685e-07,0.6336857743278185,0.401573060322318,-0.0006893349888038929,1.0994040497476048,0.746607441334236,-0.0010666684315186845,18.0,0.0,0.07498747403715673,0.22255188578129104,0.1693416915629473
1.054,0.0,0.0,0.659952886496181,0.8038874001480183,0.00044969910352369793,-0.23284558595906255,0.31258509316314803,0.0016474806389993137,-0.553017193744755,0.3064254338258788,0.0025837303362611836,0.6142720864092529,0.7880463615356921,0.0005393850398000144,-0.2173462987503105,0.3027494963360766,0.0015723773754214184,-0.37505279882245524,0.4270993324621082,0.002409742277555279,0.5973530793233133,0.7785928082587892,0.0005635170447226851,-0.08774040916587966,0.41868310773264333,0.001529289597028998,-0.3700893127876058,0.4136605059438644,0.002355651288184826,0.030324661829788678,0.4146191950500172,0.00117864000293951,0.3935859442885342,0.7708629062315356,0.0011337103484996506,0.2805442782506719,0.7556726332403491,0.001426051280985893,0.4122165753528554,0.40644889821865804,-8.480598967148146e-06,0.6360087209269574,0.401573060322318,-0.0006963381420165014,1.0966183003725787,0.746607441334236,-0.0010583898252401064,18.0,0.0,0.07498745012773762,0.22256629293368496,0.16944549135696935
1.056,0.0,0.0,0.6659002795108714,0.8038874001480183,0.0004318035409555119,-0.22909530406884177,0.31258509316314803,0.0016362920373666316,-0.5511533269195679,0.3064254338258788,0.002578327882711901,0.6202773971968103,0.7880463615356921,0.0005213228253793175,-0.21329720861668608,0.3027494963360766,0.0015602873852591614,-0.37389913480196485,0.4270993324621082,0.0024064563938536905,0.6039389865053668,0.7785928082587892,0.0005437191868064278,-0.08438390075288622,0.41868310773264333,0.0015192705506955689,-0.36856492295407167,0.4136605059438644,0.0023512494561944105,0.03891452430374175,0.4146191950500172,0.0011528835996606856,0.39421313847033956,0.7708629062315356,0.0011318308858290042,0.28079944254098277,0.7556726332403491,0.0014253850649690314,0.41516806177096194,0.40644889821865804,-1.730303140259204e-05,0.6383200760287525,0.401573060322318,-0.0007033069818139181,1.093806653663049,0.746607441334236,-0.0010500325771150283,18.0,0.0,0.07498742621831851,0.2225807000860789,0.1695492911509914
1.058,0.0,0.0,0.6718297827709544,0.8038874001480183,0.0004139613619114407,-0.22532437004660155,0.31258509316314803,0.0016250411916959695,-0.5492264529810249,0.3064254338258788,0.0025727362822363397,0.6262671942017953,0.7880463615356921,0.0005033068930166454,-0.20922916297720576,0.3027494963360766,0.0015481401148582882,-0.37268707349567065,0.4270993324621082,0.0024029954017922195,0.6105113782527182,0.7785928082587892,0.0005239614652602671,-0.08101061741319684,0.41868310773264333,0.0015092010254565886,-0.3669834387947483,0.4136605059438644,0.0023466762866938082,0.04750844248778351,0.4146191950500172,0.0011271140122388263,0.39484126093729294,0.7708629062315356,0.0011299493032835882,0.28108773989163865,0.7556726332403491,0.001424619572098099,0.41813015895074285,0.40644889821865804,-2.6157490656911697e-05,0.6406196867276424,0.401573060322318,-0.0007102410471193036,1.0909694283964588,0.746607441334236,-0.0010415976369864393,18.0,0.0,0.0749874023088994,0.2225951072384728,0.16965309094501346
1.06,0.0,0.0,0.6777413031595303,0.8038874001480183,0.0003961728521311917,-0.221532880752982,0.31258509316314803,0.001613728389629249,-0.5472366190931349,0.3064254338258788,0.002566955660420711,0.6322413929782229,0.7880463615356921,0.00048533750200169024,-0.20514230065388966,0.3027494963360766,0.0015359359779398471,-0.37141659198426985,0.4270993324621082,0.0023993592178733363,0.6170701195849915,0.7785928082587892,0.000504244290018213,-0.07762061114585474,0.41868310773264333,0.0014990811754375206,-0.365344883290201,0.4136605059438644,0.002341931834215838,0.0561060773734831,0.4146191950500172,0.0011013322576867012,0.39547053441451413,0.7708629062315356,0.001128064935882728,0.2814092080644835,0.7556726332403491,0.0014237546800461313,0.42110280084113805,0.40644889821865804,-3.5043782196254426e-05,0.642907400923188,0.401573060322318,-0.0007171398792159731,1.0881069454812562,0.746607441334236,-0.0010330859611866687,18.0,0.0,0.07498737839948029,0.22260951439086674,0.16975689073903552
1.062,0.0,0.0,0.6836347496849193,0.8038874001480183,0.000378438290965464,-0.21772093401910664,0.31258509316314803,0.0016023539217483902,-0.5451838777210397,0.3064254338258788,0.0025609861587570413,0.6381999110562107,0.7880463615356921,0.0004674149056724075,-0.20103676136762907,0.3027494963360766,0.001523675390969899,-0.37008767226773115,0.4270993324621082,0.002395547773339134,0.6236150771859106,0.7785928082587892,0.00048456806602139316,-0.07421393456886166,0.41868310773264333,0.0014889111566354942,-0.363649284224778,0.4136605059438644,0.0023370161677021962,0.06470708997209759,0.4146191950500172,0.0010755393530296022,0.39610118266292366,0.7708629062315356,0.0011261771154510646,0.2817638818072214,0.7556726332403491,0.0014227902755275968,0.42408592018296315,0.40644889821865804,-4.3961707867440026e-05,0.645183067338393,0.401573060322318,-0.00072400302180261,1.0852195279245886,0.746607441334236,-0.0010244985124410607,18.0,0.0,0.07498735449006118,0.22262392154326066,0.16986069053305758
1.064,0.0,0.0,0.6895100334759833,0.8038874001480183,0.0003607579513892969,-0.2138886286370365,0.31258509316314803,0.001590918081546764,-0.5430682866297118,0.3064254338258788,0.002554827934640756,0.6441426679339294,0.7880463615356921,0.00044953935143844426,-0.19691268572200132,0.3027494963360766,0.001511358773111117,-0.3687003012708974,0.4270993324621082,0.002391561014189518,0.63014611940294,0.7785928082587892,0.0004649331932186358,-0.07079064091424898,0.41868310773264333,0.001478691126904515,-0.3618966741869924,0.4136605059438644,0.002331929370505927,0.07331114133845214,0.4146191950500172,0.0010497363152337587,0.3967334304499316,0.7708629062315356,0.001124285170705836,0.2821517928534129,0.7556726332403491,0.001421726254299383,0.42707944850739205,0.40644889821865804,-5.291106589291533e-05,0.6474465355379357,0.401573060322318,-0.0007308300210482251,1.0823075007997978,0.746607441334236,-0.0010158362597710582,18.0,0.0,0.07498733058064207,0.22263832869565459,0.16996449032707964
1.066,1.0,2.1673373324587635,0.6953670677772191,0.8038874001480183,0.00034313210001610505,-0.21003606435019576,0.31258509316314803,0.0015794211654005534,-0.540889908882155,0.3064254338258788,0.002548481161366772,0.6500695850693193,0.7880463615356921,0.00043171108080528807,-0.1927702151870365,0.3027494963360766,0.0014989865461742338,-0.36725447084862556,0.4270993324621082,0.0023873989011990167,0.6366631162467635,0.7785928082587892,0.00044534006656754766,-0.06735078402315174,0.41868310773264333,0.001468421245940677,-0.36008709056945987,0.4136605059438644,0.0023266715403925703,0.08191789259483515,0.4146191950500172,0.0010239241611346953,0.3973675035199141,0.7708629062315356,0.001122388427344812,0.2825729699227961,0.7556726332403491,0.0014205625211608085,0.43008331613460515,0.40644889821865804,-6.189165086620202e-05,0.6496976559463113,0.401573060322318,-0.0007376204256468533,1.0793711912137212,0.746607441334236,-0.0010071001783966854,18.0,0.0,0.07498730667122296,0.2226527358480485,0.1700682901211017
1.068,1.0,1.8802316502134504,0.7012057679436279,0.8038874001480183,0.0003255609971123975,-0.20616334184377144,0.31258509316314803,0.0015678634725400315,-0.5386488128371079,0.3064254338258788,0.0025419460281241014,0.6559805858715745,0.7880463615356921,0.00041393032939911824,-0.1886094920829392,0.3027494963360766,0.0014865591345693395,-0.3657501777904633,0.4270993324621082,0.0023830614099322016,0.642545673007924,0.7785928082587892,0.000425789076036077,-0.06430423962594951,0.41868310773264333,0.0014581016752673853,-0.3585773264599506,0.4136605059438644,0.0023212427895399727,0.09052700495490595,0.4146191950500172,0.0009981039073655462,0.3980036285644827,0.7708629062315356,0.0011204862081348646,0.28302743872193137,0.7556726332403491,0.0014192989899526587,0.4330974521726045,0.40644889821865804,-7.090325374784135e-05,0.6519362798658813,0.401573060322318,-0.0007443737868719801,1.076410928273804,0.746607441334236,-0.0009982912496384556,18.0,0.0,0.07498583413232343,0.22266664666878774,0.17017432461117915
1.07,1.0,1.6250530735733297,0.7070260514353605,0.8038874001480183,0.00030804489661317123,-0.2022705627350894,0.31258509316314803,0.0015562453050207584,-0.5363450721462502,0.3064254338258788,0.0025352227399889596,0.6618755956923982,0.7880463615356921,0.0003961973269923528,-0.18443065956376903,0.3027494963360766,0.0014740769652570474,-0.3641874238248632,0.4270993324621082,0.0023785485307577145,0.6475843561026251,0.7785928082587892,0.00040814140575259563,-0.06179364663502508,0.41868310773264333,0.0014489620420757784,-0.35749753431824594,0.4136605059438644,0.0023167134972114454,0.09913813974761235,0.4146191950500172,0.0009722765702853338,0.3986420331925499,0.7708629062315356,0.0011185778330011589,0.2835152219451683,0.7556726332403491,0.001417935583555253,0.4361217845161969,0.40644889821865804,-7.994566186183932e-05,0.6541622594948271,0.401573060322318,-0.0007510896586306901,1.0734270430550215,0.746607441334236,-0.000989410460818704,18.0,0.0,0.07498232607373101,0.22267990381351743,0.17028346673875241
1.072,1.0,1.3953358880284863,0.7128278378121436,0.8038874001480183,0.0002905840461379735,-0.19835782956396847,0.31258509316314803,0.0015445669676947124,-0.5339787657509133,0.3064254338258788,0.0025283115179163865,0.6677545418170353,0.7880463615356921,0.0003785122975298817,-0.18023386160108332,0.3027494963360766,0.001461540467699537,-0.36256621562293234,0.4270993324621082,0.002373860268860914,0.6519008393250498,0.7785928082587892,0.00039302535646849223,-0.05974203484401277,0.41868310773264333,0.0014414302631030051,-0.3567857519748544,0.4136605059438644,0.002313474120786331,0.10775095844111532,0.4146191950500172,0.0009464431659072147,0.39928294590019764,0.7708629062315356,0.0011166626191169572,0.28403633927593475,0.7556726332403491,0.0014164722338855422,0.4391562398461463,0.40644889821865804,-8.901865889261651e-05,0.656375447945006,0.401573060322318,-0.0007577675975175273,1.070419868566619,0.746607441334236,-0.0009804588051623565,18.0,0.0,0.07497701058526707,0.22269268026498928,0.17039529130989642
1.074,1.0,1.1947413186568552,0.7186110487274873,0.8038874001480183,0.0002731786870076239,-0.19442524578305515,0.31258509316314803,0.0015328287681813494,-0.5315499778782947,0.3064254338258788,0.0025212125987303766,0.6736173534550829,0.7880463615356921,0.00036087545915597033,-0.17601924296754579,0.3027494963360766,0.00144895007381148,-0.36088656480171866,0.4270993324621082,0.0023689966442551214,0.6556040579353364,0.7785928082587892,0.00038007590680121805,-0.05807922965516136,0.41868310773264333,0.0014352754277299684,-0.35638364364823133,0.4136605059438644,0.0023113387737561564,0.11636512266671867,0.4146191950500172,0.0009206047098267057,0.39992659604035136,0.7708629062315356,0.001114739880994014,0.28459080738834525,0.7556726332403491,0.001414908881893243,0.4422007436284969,0.40644889821865804,-9.812202488246486e-05,0.6585756992597063,0.401573060322318,-0.0007644071628680641,1.0673897397186698,0.746607441334236,-0.0009714372816971493,18.0,0.0,0.07497013964510013,0.22270509094395735,0.1705094138323013
1.076,2.0,3.2099412897507555,0.7243756079226766,0.8038874001480183,0.0002558290542615931,-0.19047291574814076,0.31258509316314803,0.0015210310168386097,-0.5290587980371766,0.3064254338258788,0.0025139262351125207,0.6794639617310839,0.7880463615356921,0.0003432870242418276,-0.17178694922050453,0.3027494963360766,0.0014363062179108673,-0.359148487927033,0.4270993324621082,0.0023639576917914807,0.658796532428893,0.7785928082587892,0.0003689662509703584,-0.05673913339644565,0.41868310773264333,0.001430287012163414,-0.35623595822990534,0.4136605059438644,0.0023101324487762873,0.12469705047870037,0.4146191950500172,0.0008947622171498956,0.4004392843796954,0.7708629062315356,0.001112808930573553,0.28509404853194337,0.7556726332403491,0.0014132454775560115,0.44525522011406665,0.40644889821865804,-0.00010725553622951651,0.6607628684312985,0.401573060322318,-0.0007710079168121649,1.0643369932884543,0.746607441334236,-0.0009623468951533015,18.0,0.0,0.07495988539941714,0.22271705086459048,0.17062702767354807
1.078,2.0,2.9785596274604806,0.7301214412205513,0.8038874001480183,0.00023853537667602499,-0.18650094470846312,0.31258509316314803,0.0015091740267338665,-0.526505321013149,0.3064254338258788,0.002506452695589166,0.6852942996749078,0.7880463615356921,0.00032574719941382447,-0.167537126685543,0.3027494963360766,0.0014236093366697435,-0.35735200651580695,0.4270993324621082,0.0023587434611674236,0.6615778932225769,0.7785928082587892,0.00035938882748968846,-0.05565666019396847,0.41868310773264333,0.001426266723387267,-0.3562869220197818,0.4136605059438644,0.0023096893925213095,0.13223456624842156,0.4146191950500172,0.0008697664337139505,0.4005861954438467,0.7708629062315356,0.0011112708655555208,0.28539894487517437,0.7556726332403491,0.001411735754125217,0.4483195923381145,0.40644889821865804,-0.00011641896568622585,0.6629368114187819,0.401573060322318,-0.0007775694243269415,1.0612619678866664,0.746607441334236,-0.0009531886558626551,18.0,0.0,0.07494622198938843,0.22272866246473733,0.17074789615306663
1.08,2.0,2.5963417250285836,0.7358484765190738,0.8038874001480183,0.00022129787678240088,-0.18250943879699502,0.31258509316314803,0.0014972581136148335,-0.5238896468633392,0.3064254338258788,0.0024987922645170833,0.6911083022119213,0.7880463615356921,0.0003082561855823527,-0.16326992244000757,0.3027494963360766,0.001410859869064859,-0.35549714703798635,0.4270993324621082,0.0023533540169337454,0.6640214489586238,0.7785928082587892,0.0003510447451086369,-0.054781675173896295,0.41868310773264333,0.0014230193037798355,-0.3564904686342108,0.4136605059438644,0.002309842283890939,0.13905154836297254,0.4146191950500172,0.0008471538864047869,0.40041517912737884,0.7708629062315356,0.0011108301323630668,0.28553808752385795,0.7556726332403491,0.001410821065095524,0.45139378212018016,0.40644889821865804,-0.00012561208235836946,0.665097385165222,0.401573060322318,-0.0007840912532893918,1.0581650039234474,0.746607441334236,-0.0009439635796572913,18.0,0.0,0.07492734520597907,0.2227398362159572,0.17087319157216432
1.082,3.0,2.270818632108333,0.7415566437846899,0.8038874001480183,0.00020411677088683343,-0.17849850502072126,0.31258509316314803,0.0014852835958804292,-0.5212118809106466,0.3064254338258788,0.0024909452420676537,0.6969059061529536,0.7880463615356921,0.00029081417797131225,-0.1589854842965151,0.3027494963360766,0.0013980582563282527,-0.3535839409179607,0.4270993324621082,0.0023477894385002837,0.6661843917024084,0.7785928082587892,0.0003437140779004961,-0.054074797350747786,0.41868310773264333,0.0014203943487196189,-0.35680998339118347,0.4136605059438644,0.0023104529237342256,0.14523477557069778,0.4146191950500172,0.0008267029400611341,0.3999742991055955,0.7708629062315356,0.0011113431813124703,0.28554257679551265,0.7556726332403491,0.0014104036371494733,0.45447771006409815,0.40644889821865804,-0.0001348346517045664,0.667244447615077,0.401573060322318,-0.000790572974528712,1.055046443574252,0.746607441334236,-0.0009346726877676343,18.0,0.0,0.07490447679707983,0.22275074087129915,0.17100182426626806
1.084,4.0,1.7149141037945435,0.7472458750454835,0.8038874001480183,0.00018699226908998524,-0.17446825125090648,0.31258509316314803,0.0014732507945516078,-0.5184721337374849,0.3064254338258788,0.0024829119442095764,0.7026870501840593,0.7880463615356921,0.00027342136614821557,-0.15468396078644417,0.3027494963360766,0.0013852049418977752,-0.35161242453552805,0.4270993324621082,0.0023420498201402063,0.668098360881717,0.7785928082587892,0.0003372252496691424,-0.053510362267595125,0.41868310773264333,0.0014182737152501734,-0.3572165356495243,0.4136605059438644,0.0023114114680051435,0.15083400483300108,0.4146191950500172,0.0008081532584379584,0.39929801714393803,0.7708629062315356,0.0011126658213778205,0.28543600874449454,0.7556726332403491,0.0014103901693345092,0.45757129555818754,0.40644889821865804,-0.00014408643553632034,0.6693778577314111,0.401573060322318,-0.0007970141618782769,1.05190663074555,0.746607441334236,-0.000925317006720048,18.0,0.0,0.07487867174503741,0.2227613989334864,0.17113353358519767
1.086,6.0,3.3761039416426035,0.7529161043841284,0.8038874001480183,0.00016992457530760452,-0.17041878621335566,0.31258509316314803,0.0014611600332421636,-0.5156705211790307,0.3064254338258788,0.002474692702690091,0.7084516748560843,0.7880463615356921,0.0002560779340548983,-0.15036550114341346,0.3027494963360766,0.0013723003713675625,-0.3495826392263957,0.4270993324621082,0.0023361352709929087,0.669778894408751,0.7785928082587892,0.00033148334213121646,-0.05307036002887139,0.41868310773264333,0.0014165804100007154,-0.35768379232146924,0.4136605059438644,0.0023126311247801666,0.15587928102708976,0.4146191950500172,0.0007913555706510484,0.39841816259313845,0.7708629062315356,0.0011146946672627928,0.2852420551570089,0.7556726332403491,0.0014107098734875635,0.46067445677561747,0.40644889821865804,-0.0001533671920185885,0.6714974755129923,0.401573060322318,-0.0008034143922272794,1.0487459110403674,0.746607441334236,-0.0009158975682339423,18.0,0.0,0.07485055258431286,0.22277185882249548,0.1712678871219809
1.088,6.0,2.6741820304116968,0.7585672679306401,0.8038874001480183,0.00015291388729166976,-0.1663502194786693,0.31258509316314803,0.001449011638129511,-0.5128071643159813,0.3064254338258788,0.0024662878650147284,0.7135769282936459,0.7880463615356921,0.00023878406003882336,-0.14644316845874977,0.3027494963360766,0.0013593449924384703,-0.3478267706930887,0.4270993324621082,0.0023300459150655114,0.6713106020569534,0.7785928082587892,0.0003264417415501144,-0.05272962362308016,0.41868310773264333,0.0014152604032845442,-0.3582314927823932,0.4136605059438644,0.002314032894796001,0.16046664231547408,0.4146191950500172,0.0007762197420687824,0.3973685984500793,0.7708629062315356,0.0011173342309151917,0.284978346119821,0.7556726332403491,0.0014112917342500204,0.4637871106749491,0.40644889821865804,-0.0001626766756708783,0.6736031620112716,0.401573060322318,-0.0008097732455720231,1.045564631723668,0.746607441334236,-0.0009064154091183944,18.0,0.0,0.07482222245504794,0.22278184871480447,0.17140688738668372
1.09,6.0,2.211062748843456,0.7641993038549297,0.8038874001480183,0.00013596039665213455,-0.16226266145249524,0.31258509316314803,0.001436805937925452,-0.5098821894668216,0.3064254338258788,0.00245769779442558,0.7178767454362381,0.7880463615356921,0.0002234082997261384,-0.14306302355174516,0.3027494963360766,0.0013475779943844792,-0.3464792373223025,0.4270993324621082,0.0023247783094655907,0.6727290468308462,0.7785928082587892,0.00032184661860550746,-0.05246086806597503,0.41868310773264333,0.0014142381940671705,-0.3588304101713444,0.4136605059438644,0.002315675996178773,0.16467102161800704,0.4146191950500172,0.0007624576582036294,0.3961805202433351,0.7708629062315356,0.001120482923344369,0.2846628008619798,0.7556726332403491,0.0014120828613615843,0.4669091730008556,0.40644889821865804,-0.00017201463736887318,0.6756947793472413,0.401573060322318,-0.0008160903050668608,1.0423631416875823,0.746607441334236,-0.0008968715711682961,18.0,0.0,0.07479432677479878,0.22279132662733614,0.1715509206795333
1.092,6.0,1.860497483195688,0.7698121523591623,0.8038874001480183,0.00011906428887926568,-0.1581562233657791,0.31258509316314803,0.0014245432638469299,-0.5068957281796007,0.3064254338258788,0.0024489228698781015,0.721490828869349,0.7880463615356921,0.00021050884829836182,-0.14015322236067135,0.3027494963360766,0.0013374375596634654,-0.34549863668808806,0.4270993324621082,0.002320735709353232,0.6740385888362761,0.7785928082587892,0.0003175912842838289,-0.052239936290529386,0.41868310773264333,0.0014134319273958551,-0.3594301124127945,0.4136605059438644,0.0023174727483456265,0.1685477400242499,0.4146191950500172,0.0007498445202960305,0.3948855368281231,0.7708629062315356,0.0011240471579646017,0.28431608438673367,0.7556726332403491,0.0014130294971351077,0.47004055828501995,0.40644889821865804,-0.0001813808243465927,0.6777721907281711,0.401573060322318,-0.00082236515707477,1.0391417914164849,0.746607441334236,-0.000887267101060039,18.0,0.0,0.07476698456119635,0.22280042880582776,0.1716991891505903
1.094,4.0,3.7551091971074237,0.7751426764945233,0.8038874001480183,0.00010222574336656786,-0.15422568978277262,0.31258509316314803,0.0014122239495867814,-0.5040186763189021,0.3064254338258788,0.0024399634860164383,0.724557420355784,0.7880463615356921,0.0001996665979990292,-0.1376374790508144,0.3027494963360766,0.0013287081560902439,-0.3448365133937454,0.4270993324621082,0.002317793907450589,0.6752530843008596,0.7785928082587892,0.00031366265826753925,-0.05205201607752584,0.41868310773264333,0.0014127691320695182,-0.3600097582180687,0.4136605059438644,0.0023192718550699765,0.17213855038938997,0.4146191950500172,0.0007382143650773019,0.39349521512873764,0.7708629062315356,0.0011279321082102375,0.2839430084190744,0.7556726332403491,0.001414069646560846,0.47318117984721153,0.40644889821865804,-0.00019077498019908574,0.6798352604642179,0.401573060322318,-0.0008285973912175593,1.035900932951924,0.746607441334236,-0.0008776030502467468,18.0,0.0,0.07474251665093883,0.22280914579852612,0.17185273971398193
1.096,4.0,3.2910159255165996,0.7797285323195042,0.8038874001480183,8.623417096048503e-05,-0.15081655163064556,0.31258509316314803,0.001400432348837762,-0.5015574280946525,0.3064254338258788,0.0024313323304343422,0.7272078004935294,0.7880463615356921,0.00019046682353972432,-0.13543842718428004,0.3027494963360766,0.001321160926160673,-0.344439049761965,0.4270993324621082,0.002315807537567561,0.6763981904404832,0.7785928082587892,0.0003100191718737887,-0.05188614557397287,0.41868310773264333,0.0014122053714305076,-0.36056786997968415,0.4136605059438644,0.0023210107924857993,0.17547897122272046,0.4146191950500172,0.0007274419339818817,0.39200850783513785,0.7708629062315356,0.001132103073308394,0.2835381702530152,0.7556726332403491,0.001415188874463824,0.47633094979654217,0.40644889821865804,-0.0002001968448856605,0.6818838539849088,0.401573060322318,-0.0008347866004256998,1.0326409198574078,0.746607441334236,-0.0008678804748530641,18.0,0.0,0.07472099872263298,0.22281755367961364,0.1720109512491689
1.098,4.0,2.8171787671866237,0.7836719789807387,0.8038874001480183,7.24766034855422e-05,-0.14786262739455908,0.31258509316314803,0.0013902049343813808,-0.49946309565137526,0.3064254338258788,0.002423948585761594,0.7295027989094278,0.7880463615356921,0.00018251568312648803,-0.13350261907558075,0.3027494963360766,0.00131456377056107,-0.3442528642040477,0.4270993324621082,0.0023146151466722194,0.6774890045692359,0.7785928082587892,0.00030658385345491793,-0.0517294487665778,0.41868310773264333,0.0014117077599198487,-0.36108907583340916,0.4136605059438644,0.0023226851277706457,0.1786161500182425,0.4146191950500172,0.0007174206714818902,0.39044939719616784,0.7708629062315356,0.0011365631951891933,0.283116668293562,0.7556726332403491,0.0014164033889620016,0.4794897790329021,0.40644889821865804,-0.0002096461547336524,0.6839178378554931,0.401573060322318,-0.0008409323809877724,1.0293621071830499,0.746607441334236,-0.0008581004355695156,18.0,0.0,0.0747044574909515,0.22282562113404253,0.17217488537884745
1.1,4.0,2.3871639019083437,0.7870684853622237,0.8038874001480183,6.064626350183877e-05,-0.14529771812755973,0.31258509316314803,0.0013813431616731214,-0.4976820833657429,0.3064254338258788,0.002417665588431762,0.7314966002064432,0.7880463615356921,0.00017563068787879277,-0.13178478868741295,0.3027494963360766,0.0013087563462349722,-0.34423390452900887,0.4270993324621082,0.0023140565899984677,0.678535060215207,0.7785928082587892,0.0003033114110686599,-0.05157329272588502,0.41868310773264333,0.0014112376694976636,-0.3615625341744749,0.4136605059438644,0.0023242487453318207,0.18158527781516695,0.4146191950500172,0.0007080091350953241,0.3888355172621116,0.7708629062315356,0.0011412405271061035,0.2826895064444535,0.7556726332403491,0.0014176678948403612,0.48265757724857594,0.40644889821865804,-0.0002191226424427321,0.6859370797931629,0.401573060322318,-0.0008470343325995254,1.0260648514300783,0.746607441334236,-0.0008482639975464418,18.0,0.0,0.07469150532465516,0.22283345235843968,0.17234308165740342
1.102,4.0,2.0060876669378414,0.7900026213644376,0.8038874001480183,5.045674435738368e-05,-0.1430636480356337,0.31258509316314803,0.0013736484338721232,-0.49616757860828425,0.3064254338258788,0.002412322551574865,0.7332327448793808,0.7880463615356921,0.00016964928398774647,-0.13024441265907294,0.3027494963360766,0.0013036028550704687,-0.34433968979165563,0.4270993324621082,0.002313999710973351,0.6795452327193527,0.7785928082587892,0.0003001732441307464,-0.05141225415746157,0.41868310773264333,0.0014107692013755851,-0.36198405636961556,0.4136605059438644,0.002325669120355018,0.18441713375003016,0.4146191950500172,0.0006991017517045508,0.3871814011823769,0.7708629062315356,0.0011460821669082722,0.28226553441794655,0.7556726332403491,0.0014189493803876867,0.48583425293003984,0.40644889821865804,-0.00022862603708975372,0.6879414486831387,0.401573060322318,-0.0008530920584125346,1.022749510515211,0.746607441334236,-0.0008383722302875271,18.0,0.0,0.07468163223852949,0.22284110248258018,0.17251484473984074
1.104,4.0,1.6815877369537113,0.7925460004731293,0.8038874001480183,4.1654336350742226e-05,-0.1411095188731173,0.31258509316314803,0.0013669462235963452,-0.49487691546294454,0.3064254338258788,0.0024077790373024893,0.734749057648836,0.7880463615356921,0.00016444084996893371,-0.12884695764971554,0.3027494963360766,0.0012989817269854487,-0.34453418963604715,0.4270993324621082,0.0023143170667612916,0.680528240038909,0.7785928082587892,0.0002971427266183093,-0.05124176924164059,0.41868310773264333,0.0014102860856703148,-0.362351252915346,0.4136605059438644,0.00232693368694044,0.1871393274219443,0.4146191950500172,0.0006906061838999612,0.3854984009605524,0.7708629062315356,0.0011510445151474763,0.2818512058242738,0.7556726332403491,0.0014202212964672075,0.4890197133599394,0.40644889821865804,-0.00023815606413414542,0.6899308145946184,0.401573060322318,-0.0008591051650824621,1.0194164437349007,0.746607441334236,-0.0008284262075429248,18.0,0.0,0.07467440413542824,0.22284861353083718,0.17268957994211925
1.106,5.0,1.4331105367042594,0.794759521587555,0.8038874001480183,3.4024199024667025e-05,-0.13939323862914235,0.31258509316314803,0.001361083836108796,-0.49377585265072654,0.3064254338258788,0.00240390704786647,0.7360765950749556,0.7880463615356921,0.00015989191166056817,-0.12756225329846718,0.3027494963360766,0.0012947893619573766,-0.3447845935787657,0.4270993324621082,0.002314900566294466,0.6814907526834517,0.7785928082587892,0.0002941937046596406,-0.05105831022167898,0.41868310773264333,0.0014097746309228519,-0.36266221927626663,0.4136605059438644,0.002328035276577631,0.1897765363603954,0.4146191950500172,0.0006824396028842187,0.3837973871296551,0.7708629062315356,0.0011560935158129498,0.28145291800879507,0.7556726332403491,0.0014214642822482258,0.492213864619249,0.40644889821865804,-0.000247712445423844,0.6919050487965877,0.401573060322318,-0.0008650732628169011,1.0160660117294564,0.746607441334236,-0.0008184270072019943,18.0,0.0,0.07466947912132457,0.22285601608809621,0.17286677148970156
1.108,4.0,1.1606994294564252,0.7966930015909979,0.8038874001480183,2.7383635681389795e-05,-0.1378764099421116,0.31258509316314803,0.0013559349953768713,-0.49282908827464783,0.3064254338258788,0.002400603859429816,0.7372453037153631,0.7880463615356921,0.00015590929938220943,-0.1263665845682404,0.3027494963360766,0.0012909352489036314,-0.34506821913074837,0.4270993324621082,0.0023156517781226216,0.6824374427004624,0.7785928082587892,0.0002913061667260124,-0.050859391888181296,0.41868310773264333,0.001409224253862967,-0.3629155950989126,0.4136605059438644,0.002328968175660393,0.19235021016827697,0.4146191950500172,0.0006745279760688655,0.38208586427129576,0.7708629062315356,0.0011611965573056417,0.281074488523427,0.7556726332403491,0.001422659145694662,0.495416611589613,0.40644889821865804,-0.00025729489920177286,0.6938640237734889,0.401573060322318,-0.000870995965422809,1.012698576447039,0.746607441334236,-0.0008083757111856614,18.0,0.0,0.07466648933451529,0.2228633361607917,0.17304597622668125
1.11,4.0,0.9584873388119379,0.7983916607136882,0.8038874001480183,2.1583195671061263e-05,-0.13652006874886807,0.31258509316314803,0.001351384509315779,-0.4919969347673745,0.3064254338258788,0.00239776356630158,0.7382837525874775,0.7880463615356921,0.00015240317346098688,-0.12524182380962134,0.3027494963360766,0.001287348242712951,-0.3453709746673776,0.4270993324621082,0.0023165026547785697,0.6833690429545367,0.7785928082587892,0.0002884660966749805,-0.05064459994379734,0.41868310773264333,0.0014086274988624739,-0.3631111291395486,0.4136605059438644,0.002329728303128331,0.19487307047678343,0.4146191950500172,0.0006668069546452208,0.3803679193501124,0.7708629062315356,0.0011663311258807197,0.2807177778816642,0.7556726332403491,0.0014237944341507663,0.49862785795586856,0.40644889821865804,-0.0002669031401128648,0.6958076132407468,0.401573060322318,-0.0008768728903535127,1.009314501107541,0.746607441334236,-0.0007982734053384094,18.0,0.0,0.07466516927057881,0.2228705932164976,0.1732268307832026
1.112,4.0,0.7856270595831173,0.7998928390110267,0.8038874001480183,1.648721830299038e-05,-0.13529471494566447,0.31258509316314803,0.0013473154857360484,-0.4912514093125645,0.3064254338258788,0.0023952671057797595,0.7392138846778592,0.7880463615356921,0.00014928782684464381,-0.1241711619941835,0.3027494963360766,0.0012839739604370939,-0.34567709199243357,0.4270993324621082,0.0023174109213884575,0.6842855190496536,0.7785928082587892,0.00028567129591275744,-0.05041392506876182,0.41868310773264333,0.001407983123029322,-0.363248792025927,0.4136605059438644,0.0023303149052502393,0.19735831814740215,0.4146191950500172,0.0006592383737197014,0.37864922695473224,0.7708629062315356,0.0011714849606442698,0.28038599893404814,0.7556726332403491,0.0014248645660760546,0.5018475062087506,0.40644889821865804,-0.0002765368792116316,0.6977356921601493,0.401573060322318,-0.0008827036587552864,1.0059141501663493,0.746607441334236,-0.0007881211793199154,18.0,0.0,0.07466520647545656,0.22287780672246538,0.17340902515693987
1.114,4.0,0.6383503667452636,0.8012288757468736,0.8038874001480183,1.1983683410974777e-05,-0.13417508831618072,0.31258509316314803,0.0013436394243264375,-0.4905687218890485,0.3064254338258788,0.00239303052941533,0.7400539066279505,0.7880463615356921,0.0001464974305734986,-0.12314011052568115,0.3027494963360766,0.0012807619749907804,-0.3459725109498198,0.4270993324621082,0.002318329273363625,0.6851868380430981,0.7785928082587892,0.00028292186762740666,-0.050167358363515706,0.41868310773264333,0.0014072910984042155,-0.36332855924158497,0.4136605059438644,0.002330727893909374,0.1998168283394052,0.4146191950500172,0.0006517826307078452,0.3769344622740604,0.7708629062315356,0.0011766410378304102,0.2800817638793151,0.7556726332403491,0.0014258599029189029,0.505075457647779,0.40644889821865804,-0.00028619582397027774,0.6996481367550809,0.401573060322318,-0.000888487895513494,1.0024978892779972,0.746607441334236,-0.0007779201264963402,18.0,0.0,0.07466639151010147,0.22288498553410027,0.1735922944202849
1.116,4.0,0.5107226122876717,0.8024265185611019,0.8038874001480183,7.975573203434005e-06,-0.13313943415053198,0.31258509316314803,0.0013402805444379861,-0.4899275684544785,0.3064254338258788,0.002390982467144782,0.7408198752364744,0.7880463615356921,0.00014397736472322487,-0.12213654711925145,0.3027494963360766,0.0012776688205852734,-0.34624590906614905,0.4270993324621082,0.002319215530235784,0.6860729684473508,0.7785928082587892,0.00028021791064707324,-0.049904891349782675,0.41868310773264333,0.001406551398288477,-0.36335041112827215,0.4136605059438644,0.0023309671955563482,0.20225727052258904,0.4146191950500172,0.000644407100131836,0.3752273024232063,0.7708629062315356,0.0011817853318724257,0.2798070680940392,0.7556726332403491,0.0014267726080831019,0.5083116123843271,0.40644889821865804,-0.0002958796782873627,0.7015448245256061,0.401573060322318,-0.0008942252292982886,0.9990660852597093,0.746607441334236,-0.0007676713438312838,18.0,0.0,0.07466852688050592,0.2228921364769932,0.1737764161653656
1.118,4.0,0.40375336146982915,0.803507043125744,0.8038874001480183,4.382644760749122e-06,-0.1321688177117639,0.31258509316314803,0.0013371735819410402,-0.48930794108334635,0.3064254338258788,0.002389059006841072,0.7415266519509902,0.7880463615356921,0.000141679458897653,-0.12115089205731214,0.3027494963360766,0.0012746581303659844,-0.34648958703309457,0.4270993324621082,0.0023200357245847718,0.6869438802318756,0.7785928082587892,0.00027755951943431525,-0.04962651597168172,0.41868310773264333,0.001405763997247278,-0.36331433288794474,0.4136605059438644,0.0023310327512164096,0.20468522681458778,0.4146191950500172,0.0006370857735822845,0.3735295961995498,0.7708629062315356,0.0011869068114249881,0.2795626539784451,0.7556726332403491,0.0014275966954389295,0.5115558693448741,0.40644889821865804,-0.00030558814249700717,0.7034256342634023,0.401573060322318,-0.0008999152926098642,0.9956191060548414,0.746607441334236,-0.00075737593177642,18.0,0.0,0.07467143786057585,0.2228992638144572,0.17396120499043496
1.12,4.0,0.31066052365931085,0.804489169009987,0.8038874001480183,1.1410710668230406e-06,-0.13124721487621216,0.31258509316314803,0.0013342617326247356,-0.48869336553963044,0.3064254338258788,0.0023872001247276756,0.7421860009978247,0.7880463615356921,0.00013955912875410559,-0.12017515889971679,0.3027494963360766,0.0012717011651801663,-0.34669671698046683,0.4270993324621082,0.0023207667584856087,0.6877995448248051,0.7785928082587892,0.0002749467840807408,-0.04933222459687581,0.41868310773264333,0.001404928871112975,-0.36322031458432574,0.4136605059438644,0.0023309245164954274,0.20710348971103598,0.4146191950500172,0.0006298019047062883,0.37184249198516656,0.7708629062315356,0.0011919999300959575,0.2793489855327832,0.7556726332403491,0.0014283299377857118,0.5148081262744373,0.40644889821865804,-0.0003153209133786481,0.705290446066539,0.401573060322318,-0.0009055577218232531,0.9921573206962209,0.746607441334236,-0.0007470349941618163,18.0,0.0,0.07467496337882736,0.2229063734610427,0.1741465150306197
1.122,5.0,0.24119547420542978,0.8053892163911929,0.8038874001480183,-1.8053065859061634e-06,-0.13036109766504841,0.31258509316314803,0.0013314969241180806,-0.4880702789272681,0.3064254338258788,0.002385356398096528,0.7428070415767232,0.7880463615356921,0.00013758108161360206,-0.11920257980281246,0.3027494963360766,0.0012687739657073803,-0.3468609752087465,0.4270993324621082,0.0023213881483277253,0.6886399351145229,0.7785928082587892,0.00027237979030195225,-0.04902201001775673,0.41868310773264333,0.0014040459969885575,-0.36306835114403146,0.4136605059438644,0.0023306424615845704,0.20951336328189307,0.4146191950500172,0.0006225471160169437,0.3701670388510704,0.7708629062315356,0.0011970612427391074,0.27916662602736375,0.7556726332403491,0.0014289709431226977,0.5180682797401881,0.40644889821865804,-0.00032507768416733775,0.707139141354101,0.401573060322318,-0.0009111521572326631,0.9886810992693907,0.746607441334236,-0.0007366496380859548,18.0,0.0,0.0746789632892848,0.22291347044134416,0.1743322254361531
1.124,4.0,0.16619729972662717,0.8062207008769319,0.8038874001480183,-4.505448729523743e-06,-0.12949954217039283,0.31258509316314803,0.0013288385724845892,-0.4874279369469223,0.3064254338258788,0.002383487138259441,0.7433974867204589,0.7880463615356921,0.0001357179598769067,-0.11822734421115529,0.3027494963360766,0.0012658562284166672,-0.3469768348269547,0.4270993324621082,0.002321880923012564,0.6894650254511437,0.7785928082587892,0.00026985861943279877,-0.048695865452666,0.41868310773264333,0.0014031153532512003,-0.36285844235726394,0.4136605059438644,0.0023301865712636875,0.21191548579825956,0.4146191950500172,0.0006153174953043724,0.36850397808125795,0.7708629062315356,0.001202087602141396,0.27901594562453036,0.7556726332403491,0.0014295180216389559,0.5213362251352488,0.40644889821865804,-0.00033485814456459017,0.7089716028806557,0.401573060322318,-0.0009166982430953493,0.9851908128757607,0.746607441334236,-0.0007262209738054644,18.0,0.0,0.07468331905024984,0.2229205586049564,0.17451823658290566
1.1260000000000001,5.0,0.15493748549615108,0.8069961337836481,0.8038874001480183,-6.999902186740736e-06,-0.12865223826659403,0.31258509316314803,0.0013262539060006227,-0.48675600888284976,0.3064254338258788,0.0023815601123184033,0.7439638222068652,0.7880463615356921,0.0001339466244456995,-0.11724459233865639,0.3027494963360766,0.0012629305216416958,-0.3470396625347347,0.4270993324621082,0.0023222285018671884,0.6902747916478907,0.7785928082587892,0.00026738334842293633,-0.048353784547151855,0.41868310773264333,0.0014021369195559282,-0.3625905928780691,0.4136605059438644,0.002329556844903385,0.21431038202550962,0.4146191950500172,0.000608111127755273,0.3668540872000419,0.7708629062315356,0.0012070767844508331,0.27889736246548286,0.7556726332403491,0.0014299700628474562,0.5246118566826713,0.40644889821865804,-0.00034466198074977226,0.7107877147505601,0.401573060322318,-0.0009221956276750133,0.9816868335956697,0.746607441334236,-0.0007157501146245743,18.0,0.0,0.07468793400062787,0.22292764337623452,0.1747044657652341
1.1280000000000001,8.0,0.11288087523506055,0.8077200247395183,0.8038874001480183,-9.326200906889404e-06,-0.12781658908255442,0.31258509316314803,0.0013237119942892262,-0.48605285931675335,0.3064254338258788,0.0023795443281261854,0.744506287392471,0.7880463615356921,0.00013224761798648067,-0.11625270296590465,0.3027494963360766,0.001259982266024199,-0.3470466620589448,0.4270993324621082,0.0023224169849905287,0.6910692109823701,0.7785928082587892,0.00026495404983269534,-0.04799576137526232,0.41868310773264333,0.0014011106768393854,-0.362264812224161,0.4136605059438644,0.0023287532964658005,0.2166983048481735,0.4146191950500172,0.0006009264390735228,0.3652179141727225,0.7708629062315356,0.0012120264570944811,0.2788111204768055,0.7556726332403491,0.0014303258123245987,0.5278950674395969,0.40644889821865804,-0.00035448887539203975,0.7125873624321075,0.401573060322318,-0.0009276439632847264,0.9781695344513629,0.746607441334236,-0.0007052381767843011,18.0,0.0,0.07469274535208148,0.2229347131279558,0.17489088024912713
1.1300000000000001,8.0,0.0754194173919895,0.8083988138865031,0.8038874001480183,-1.1497873774500068e-05,-0.1269867243231936,0.31258509316314803,0.0013212050467371072,-0.48531211249246176,0.3064254338258788,0.0023774348794278967,0.7450246337890821,0.7880463615356921,0.0001306202224296631,-0.1152514443431805,0.3027494963360766,0.0012570065979059437,-0.3469971475939692,0.4270993324621082,0.002322437983563159,0.6918482621977426,0.7785928082587892,0.0002625707918292574,-0.047621790440874216,0.41868310773264333,0.001400036607323717,-0.3618811147763117,0.4136605059438644,0.0023277759545040763,0.21907912479080552,0.4146191950500172,0.0005937626706055311,0.36359568581933926,0.7708629062315356,0.0012169349761764394,0.27875721897055866,0.7556726332403491,0.0014305845382906308,0.5311857493015975,0.40644889821865804,-0.00036433850766281664,0.7143704327715114,0.401573060322318,-0.0009330429063293686,0.9746392893698888,0.746607441334236,-0.0006946862793513808,18.0,0.0,0.0746977066621374,0.22294177084239106,0.17507743851292604
1.1320000000000001,8.0,0.04232730294407416,0.8090406046113684,0.8038874001480183,-1.3534241215454545e-05,-0.12615555148938284,0.31258509316314803,0.001318715452459025,-0.4845262701786385,0.3064254338258788,0.0023752126389550215,0.7455230386950805,0.7880463615356921,0.00012906518323982984,-0.11423870651458948,0.3027494963360766,0.0012540028220377713,-0.3468898466858543,0.4270993324621082,0.0023222894401682325,0.6926119255037931,0.7785928082587892,0.0002602336381831396,-0.047231866679058127,0.41868310773264333,0.0013989146945205526,-0.361439519777307,0.4136605059438644,0.002326624862160528,0.22145268723239153,0.4146191950500172,0.0005866202107776351,0.3619876066902167,0.7708629062315356,0.0012218016612365891,0.2787356382374683,0.7556726332403491,0.0014307462428093712,0.5344837930071963,0.40644889821865804,-0.00037421055324881827,0.7161368140067244,0.401573060322318,-0.0009383921173475801,0.9710964731459176,0.746607441334236,-0.0006840955441069584,18.0,0.0,0.07470277181410329,0.22294881126878516,0.1752640954873934
1.1340000000000001,8.0,0.021028499668335903,0.8096521170736304,0.8038874001480183,-1.545961339005031e-05,-0.12531748443355425,0.31258509316314803,0.0013162219339575927,-0.48368965568347005,0.3064254338258788,0.002372855112013552,0.7460048277650266,0.7880463615356921,0.00012756996852183466,-0.11321282130262031,0.3027494963360766,0.0012509646085519983,-0.34672374132831196,0.4270993324621082,0.0023219675374438874,0.6933601825778958,0.7785928082587892,0.0002579426482649881,-0.04682598545747913,0.41868310773264333,0.0013977449232351045,-0.3609400513304683,0.4136605059438644,0.002325300077163514,0.2238188384878548,0.4146191950500172,0.000579499523452877,0.36039388075803513,0.7708629062315356,0.001226625898623957,0.27874635596431646,0.7556726332403491,0.0014308109850086424,0.5377890881425701,0.40644889821865804,-0.00038410468436561476,0.7178863957810914,0.401573060322318,-0.0009436912610532192,0.9675414614044877,0.746607441334236,-0.000673467095435045,18.0,0.0,0.07470790195948114,0.22295584691095413,0.17545080931520482
1.1360000000000001,8.0,0.00396109348264469,0.8102388280336404,0.8038874001480183,-1.7294150776836272e-05,-0.12446794124397818,0.31258509316314803,0.0013137077327901067,-0.4827975797953515,0.3064254338258788,0.0023703452685280464,0.7464709387096403,0.7880463615356921,0.00012612460131199632,-0.11217336677074354,0.3027494963360766,0.0012478869529160908,-0.34649853860857194,0.4270993324621082,0.0023214692213712603,0.6940930165658776,0.7785928082587892,0.0002556978770426802,-0.04640414257783332,0.41868310773264333,0.0013965272795703673,-0.3603827383977403,0.4136605059438644,0.0023238016718229977,0.22617742582100583,0.4146191950500172,0.0005724010696864872,0.358814711395241,0.7708629062315356,0.0012314070764205016,0.2787893472403375,0.7556726332403491,0.001430778831828098,0.5411015231464302,0.40644889821865804,-0.00039402056977173617,0.719619069156834,0.401573060322318,-0.0009489400063763202,0.9639746305636813,0.746607441334236,-0.0006628020602107553,18.0,0.0,0.07471306418807924,0.22296288150881466,0.17563755067783945
1.1380000000000001,8.0,0.0,0.8108051519128945,0.8038874001480183,-1.9054283656866456e-05,-0.12360334314826864,0.31258509316314803,0.0013111591032213788,-0.48184647114180573,0.3064254338258788,0.0023676690408636907,0.7469213863264258,0.7880463615356921,0.00012472626847815526,-0.11112040367362516,0.3027494963360766,0.0012447685893204605,-0.34621423022210635,0.4270993324621082,0.0023207936132120404,0.6948104120827785,0.7785928082587892,0.00025349937507873464,-0.04596633427731984,0.41868310773264333,0.00139526175093143,-0.3597676147973451,0.4136605059438644,0.0023221297330248145,0.2285282974574264,0.4146191950500172,0.0005653253076870341,0.3572503013514821,0.7708629062315356,0.001236144584508884,0.278864584563829,0.7556726332403491,0.0014306498580000347,0.5444209853150828,0.40644889821865804,-0.00040395787478331657,0.7213347266283662,0.401573060322318,-0.0009541380265035482,0.9603963577972351,0.746607441334236,-0.000652101567688336,18.0,0.0,0.07471823515304513,0.2229699150619753,0.17582430015088385
1.1400000000000001,8.0,0.0,0.811352957342225,0.8038874001480183,-2.075325529462857e-05,-0.12272235974717896,0.31258509316314803,0.0013085653089342502,-0.48083516421827804,0.3064254338258788,0.0023648157149030536,0.7473561868237693,0.7880463615356921,0.00012337492562779884,-0.11005399298961492,0.3027494963360766,0.0012416097000291055,-0.3458708128905999,0.4270993324621082,0.0023199406880526434,0.6955123552135082,0.7785928082587892,0.00025134718852803207,-0.04551255723014847,0.41868310773264333,0.0013939483260298896,-0.35909471920100255,0.4136605059438644,0.0023202843622236284,0.2308713025972867,0.4146191950500172,0.0005582726927777725,0.3557008527310711,0.7708629062315356,0.0012408378146401605,0.27897203784897706,0.7556726332403491,0.0014304241460295602,0.5477473608076675,0.40644889821865804,-0.0004139162612892742,0.7230332621354372,0.401573060322318,-0.0009592849989181446,0.95680702099709,0.746607441334236,-0.0006413667493889975,18.0,0.0,0.07472340495096297,0.22297694752781747,0.1760110495529964
1.1420000000000001,8.0,0.0,0.811882277945829,0.8038874001480183,-2.2396671582620153e-05,-0.12182500655382585,0.31258509316314803,0.001305922358730981,-0.47976371730915585,0.3064254338258788,0.0023617817941324706,0.747775357818102,0.7880463615356921,0.00012207052413576848,-0.10897419591547759,0.3027494963360766,0.0012384104679770747,-0.3454682883636003,0.4270993324621082,0.002318910436058124,0.6961988335134003,0.7785928082587892,0.000249241359135843,-0.0450428085490825,0.41868310773264333,0.0013925869948883754,-0.3583640951307178,0.4136605059438644,0.002318265675434601,0.23320629142809446,0.4146191950500172,0.0005512436773581915,0.35416656697048016,0.7708629062315356,0.0012454861605013937,0.2791116744328939,0.7556726332403491,0.001430101786174116,0.5510805346515745,0.40644889821865804,-0.00042389538776702843,0.7247145710761027,0.401573060322318,-0.0009643806054393575,0.9532069987358818,0.746607441334236,-0.0006305987389885622,18.0,0.0,0.07472857397749394,0.22298398048023135,0.176197797913731
1.1440000000000001,12.0,0.0,0.8123931252401422,0.8038874001480183,-2.3984633393432155e-05,-0.12091131193762335,0.31258509316314803,0.0013032302991509215,-0.4786322000912187,0.3064254338258788,0.002358567453405104,0.7481789183309706,0.7880463615356921,0.00012081301115277022,-0.10788107386118301,0.3027494963360766,0.0012351710767546627,-0.3450066634197155,0.4270993324621082,0.0023177028624771254,0.6968698360086636,0.7785928082587892,0.0002471819242361667,-0.04455708578701672,0.41868310773264333,0.0013911777488451774,-0.35757579095513536,0.4136605059438644,0.0023160738032237463,0.23553311513737457,0.4146191950500172,0.0005442387108657682,0.3526476448158693,0.7708629062315356,0.0012500890177831665,0.279283459082867,0.7556726332403491,0.0014296828764223655,0.5544203907480382,0.40644889821865804,-0.0004338949092987493,0.7263785503195208,0.401573060322318,-0.0009694245322613542,0.949596670229379,0.746607441334236,-0.0006197986722049375,18.0,0.0,0.07473374300402491,0.22299101343264524,0.1763845462744656
1.1460000000000001,6.0,0.0,0.8128855123693695,0.8038874001480183,-2.551717527637165e-05,-0.11998130477431489,0.31258509316314803,0.0013004892153023141,-0.4774406873098521,0.3064254338258788,0.0023551729017512926,0.748566888786013,0.7880463615356921,0.0001196023296141644,-0.10677468844475324,0.3027494963360766,0.001231891710591779,-0.3444859498673586,0.4270993324621082,0.002316317987645471,0.69752535319673,0.7785928082587892,0.00024516891675037676,-0.04405538693859045,0.41868310773264333,0.0013897205805589801,-0.3567298598854607,0.4136605059438644,0.0023137088906969995,0.2378516259252784,0.4146191950500172,0.000537258239737928,0.35114428630065103,0.7708629062315356,0.0012546457842469991,0.27948735400381813,0.7556726332403491,0.0014291675224724462,0.5577668118779077,0.40644889821865804,-0.00044391447758814043,0.7280250982185716,0.401573060322318,-0.0009744164699916085,0.9459764152988708,0.746607441334236,-0.0006089676866854291,18.0,0.0,0.07473891203055588,0.22299804638505913,0.1765712946352002
1.1480000000000001,6.0,0.0,0.8133594541034884,0.8038874001480183,-2.6994336664053487e-05,-0.11903501444512658,0.31258509316314803,0.001297699193812389,-0.47618925877305684,0.3064254338258788,0.002351598363407193,0.7489392910058414,0.7880463615356921,0.00011843841824903734,-0.1056551014871674,0.3027494963360766,0.0012285725543424897,-0.3439061645450399,0.4270993324621082,0.0023147558469884004,0.6981653770464997,0.7785928082587892,0.00024320236518617745,-0.043537710441835284,0.41868310773264333,0.0013882154840137014,-0.3558263599709498,0.4136605059438644,0.0023111710974879755,0.24016167701712146,0.4146191950500172,0.0005303027073742165,0.3496566907230942,0.7708629062315356,0.0012591558597926538,0.2797233188459712,0.7556726332403491,0.0014285558377095929,0.5611196797075927,0.40644889821865804,-0.0004539537409777489,0.7296541146222997,0.401573060322318,-0.000979356113688761,0.942346614333509,0.746607441334236,-0.0005981069218939045,18.0,0.0,0.07474408105708685,0.22300507933747302,0.17675804299593478
1.1500000000000001,6.0,0.0,0.8138149668361385,0.8038874001480183,-2.8416161866410385e-05,-0.11807247083595486,0.31258509316314803,0.0012948603228248238,-0.4748779993450038,0.3064254338258788,0.002347844077796807,0.7492961482088331,0.7880463615356921,0.00011732121158955189,-0.10452237500732435,0.3027494963360766,0.0012252137934697321,-0.3432673293212063,0.4270993324621082,0.002313016491021444,0.698789900998483,0.7785928082587892,0.00024128229363686837,-0.043004055179857434,0.41868310773264333,0.001386662454523436,-0.35486535409396663,0.4136605059438644,0.0023084605977444425,0.24246312267584827,0.4146191950500172,0.0005233725540986872,0.34818505662396987,0.7708629062315356,0.0012636186465253244,0.27999131071272726,0.7556726332403491,0.0014278479431831337,0.5644788747951843,0.40644889821865804,-0.00046401234446680396,0.7312655008881762,0.401573060322318,-0.0009842431628999451,0.9387076482526084,0.746607441334236,-0.000587217518997819,18.0,0.0,0.07474925008361782,0.2230121122898869,0.17694479135666938
1.1520000000000001,6.0,0.0,0.814252068582397,0.8038874001480183,-2.978270006436068e-05,-0.11709370433658814,0.31258509316314803,0.0012919726919973086,-0.47350699893913606,0.3064254338258788,0.0023439102995126476,0.7496374850058272,0.7880463615356921,0.00011625063998057706,-0.10337657121706371,0.3027494963360766,0.001221815614030203,-0.34256947109362806,0.4270993324621082,0.0023110999853499436,0.6993989199648399,0.7785928082587892,0.00023940872178091844,-0.04245442048255441,0.41868310773264333,0.0013850614887375024,-0.35384690996460966,0.4136605059438644,0.0023055775801134933,0.24475581821442313,0.4146191950500172,0.0005164682171225068,0.34672958176424146,0.7708629062315356,0.0012680335488226974,0.28029128416874594,0.7556726332403491,0.0014270439675828654,0.5678442765967501,0.40644889821865804,-0.0004740899297295789,0.7328591598941817,0.401573060322318,-0.0009890773216975747,0.9350598984679095,0.746607441334236,-0.0005763006207551174,18.0,0.0,0.0747544191101488,0.2230191452423008,0.17713153971740397
1.154,6.0,0.0,0.8146707789764408,0.8038874001480183,-3.1094005303136e-05,-0.11609874583996244,0.31258509316314803,0.0012890363924992084,-0.4720763525108179,0.3064254338258788,0.0023397972982950443,0.7499633273967314,0.7880463615356921,0.00011522662958959473,-0.10221775251624553,0.3027494963360766,0.0012183782026594211,-0.34181262178833344,0.4270993324621082,0.0023090064106672087,0.6999924303293162,0.7785928082587892,0.00023758166488184774,-0.0418888061283658,0.41868310773264333,0.0013834125846455933,-0.3527711001149072,0.4136605059438644,0.002302522247725422,0.24703962000814605,0.4146191950500172,0.0005095901305067822,0.345290463102802,0.7708629062315356,0.0012723999734018825,0.2806231912482311,0.7556726332403491,0.0014261440472148094,0.5712157634728013,0.40644889821865804,-0.0004841861351342761,0.734434996050706,0.401573060322318,-0.0009938582987155911,0.9314037468458065,0.746607441334236,-0.0005653573714010206,18.0,0.0,0.07475958813667977,0.22302617819471468,0.17731828807813857
1.156,4.0,0.0,0.815071119269097,0.8038874001480183,-3.2350136485267526e-05,-0.11508762674145068,0.31258509316314803,0.0012860515170093315,-0.4705861600495327,0.3064254338258788,0.00233550535901009,0.7502737027670361,0.7880463615356921,0.00011424910241688191,-0.10104598148788892,0.3027494963360766,0.0012149017465569664,-0.34099681835809054,0.4270993324621082,0.002306735862751325,0.7005704299470769,0.7785928082587892,0.00023580113378841882,-0.04130721234605784,0.41868310773264333,0.0013817157415830276,-0.35163800189258276,0.4136605059438644,0.002299294818176315,0.2493143855068922,0.4146191950500172,0.0005027387251256135,0.34386789677426144,0.7708629062315356,0.001276717329386201,0.28098698146342005,0.7556726332403491,0.001425148325976354,0.5745932126949331,0.40644889821865804,-0.0004943005957624299,0.7359929153122643,0.401573060322318,-0.000998585807185164,0.9277395756695469,0.746607441334236,-0.0005543889165347117,18.0,0.0,0.07476475716321074,0.22303321114712857,0.17750503643887316
1.158,4.0,0.0,0.8154531123252791,0.8038874001480183,-3.3551157363236216e-05,-0.11406037893818549,0.31258509316314803,0.0012830181597137961,-0.4690365265706291,0.3064254338258788,0.0023310347816262343,0.7505686398842379,0.7880463615356921,0.00011331797630596797,-0.09986132089336994,0.3027494963360766,0.0012113864334718967,-0.34012210278043725,0.4270993324621082,0.002304288452460596,0.7011329181444365,0.7785928082587892,0.00023406713493513698,-0.040709639816541625,0.41868310773264333,0.0013799709602361034,-0.3504476974543909,0.4136605059438644,0.0022958955235093414,0.2515799732472739,0.4146191950500172,0.000495914428629375,0.3424620780667863,0.7708629062315356,0.0012809850283718226,0.2813826018132749,0.7556726332403491,0.001424056955330787,0.5779765004526349,0.40644889821865804,-0.0005044329434288253,0.7375328251890293,0.401573060322318,-0.001003259564969839,0.9240677676014047,0.746607441334236,-0.0005433964030059328,18.0,0.0,0.07476992618974171,0.22304024409954246,0.17769178479960776
1.16,4.0,0.0,0.8158167826213117,0.8038874001480183,-3.46971365317823e-05,-0.11301703482841527,0.31258509316314803,0.0012799364163040006,-0.4674275621066182,0.3064254338258788,0.0023263858811895235,0.7508481688941734,0.7880463615356921,0.0001124331649543624,-0.09866383366767907,0.3027494963360766,0.0012078324516883398,-0.33918852205525934,0.4270993324621082,0.0023016643057276365,0.7016798957184874,0.7785928082587892,0.00023237967034305817,-0.04009608967472456,0.41868310773264333,0.001378178242647555,-0.34920027375902385,0.4136605059438644,0.0022923246101947663,0.25383624286472417,0.4146191950500172,0.00048911766540823,0.341073201399994,0.7708629062315356,0.001285202484494248,0.2818099967923742,0.7556726332403491,0.0014228700942812225,0.5813655018602711,0.40644889821865804,-0.0005145828067019307,0.739054634758176,0.401573060322318,-0.001007879294600134,0.920388705644832,0.746607441334236,-0.0005323809788015064,18.0,0.0,0.07477509521627268,0.22304727705195634,0.17787853316034236
1.162,4.0,0.0,0.8161621562421438,0.8038874001480183,-3.578814741988034e-05,-0.11195762731089319,0.31258509316314803,0.0012768063839746898,-0.46575938169802056,0.3064254338258788,0.0023215589877974905,0.7511123213172619,0.7880463615356921,0.00011159457792455607,-0.09745358291473853,0.3027494963360766,0.0012042399900112672,-0.33819612820191686,0.4270993324621082,0.0022988635635521025,0.7022113649366251,0.7785928082587892,0.00023073873762090525,-0.039466563511394756,0.41868310773264333,0.0013763375922221037,-0.3478958225595902,0.4136605059438644,0.0022885823391086647,0.2560830551055006,0.4146191950500172,0.00048234885655587913,0.339701460302905,0.7708629062315356,0.001289369114494625,0.282269108400004,0.7556726332403491,0.0014215879093439246,0.5847600909642303,0.40644889821865804,-0.0005247498109248393,0.7405582546750396,0.401573060322318,-0.0010124447233075741,0.9167027731065926,0.746607441334236,-0.0005213437929317881,18.0,0.0,0.07478026424280365,0.22305431000437023,0.17806528152107695
1.164,3.0,0.0,0.8164892608784496,0.8038874001480183,-3.682426828237662e-05,-0.11088218978429898,0.31258509316314803,0.0012736281614221237,-0.46403210538376627,0.3064254338258788,0.0023165544465716978,0.7513611300446604,0.7880463615356921,0.0001108021206552905,-0.0962306319027797,0.3027494963360766,0.0012006092377524456,-0.33714497825591916,0.4270993324621082,0.002295886381992075,0.7027273295359698,0.7785928082587892,0.00022914432996649236,-0.03882106337513813,0.41868310773264333,0.0013744490137321144,-0.3465344403956658,0.4136605059438644,0.0022846689855103635,0.2583202718386082,0.4146191950500172,0.0004756084198335498,0.33834704739195526,0.7708629062315356,0.001293484337785892,0.282759876149447,0.7556726332403491,0.0014202105745210352,0.5881601407502421,0.40644889821865804,-0.0005349335782367169,0.7420435971840843,0.401573060322318,-0.0010169555830581646,0.9130103535588833,0.746607441334236,-0.00051028599531707,18.0,0.0,0.07478543326933462,0.22306134295678412,0.17825202988181155
1.166,1.0,0.0,0.8167981258236188,0.8038874001480183,-3.780558219129404e-05,-0.10979075614669305,0.31258509316314803,0.001270401848842341,-0.46224585819114694,0.3064254338258788,0.0023113726176289353,0.7515946293343281,0.7880463615356921,0.00011005569447309493,-0.0949950440597808,0.3027494963360766,0.001196940384716569,-0.33603513426514925,0.4270993324621082,0.0022927329321540822,0.7032277947226878,0.7785928082587892,0.00022759643616845803,-0.0381595917742878,0.41868310773264333,0.0013725125133233443,-0.3451162285849182,0.4136605059438644,0.0022805848390185903,0.26054775606764013,0.4146191950500172,0.0004688967696342271,0.33701015434907095,0.7708629062315356,0.0012975475765187412,0.28328223707746747,0.7556726332403491,0.0014187382712727062,0.5915655231508606,0.40644889821865804,-0.0005451337275947523,0.7435105761296825,0.401573060322318,-0.001021411610585299,0.909311830801444,0.746607441334236,-0.0004992087366739419,18.0,0.0,0.0747906022958656,0.223068375909198,0.17843877824254614
1.168,1.0,0.0,0.8170887819706354,0.8038874001480183,-3.873217702680143e-05,-0.10868336079500282,0.31258509316314803,0.0012671275479295232,-0.46040077012532254,0.3064254338258788,0.0023060138760510776,0.7518128548070034,0.7880463615356921,0.00010935519660409199,-0.09374688296896537,0.3027494963360766,0.0011932336211875724,-0.3348666632856373,0.4270993324621082,0.0022894034001817725,0.703712767171208,0.7785928082587892,0.0002260950406083041,-0.03748215167890543,0.41868310773264333,0.0013705280985207935,-0.34364129321430514,0.4136605059438644,0.002276330203586348,0.26276537194253574,0.4146191950500172,0.0004622143169471312,0.33569097189980857,0.7708629062315356,0.001301558255647394,0.28383612575399214,0.7556726332403491,0.0014171711884886449,0.5949761090531123,0.40644889821865804,-0.0005553498747966078,0.7449591069667021,0.401573060322318,-0.0010258125474220936,0.9056075888236639,0.746607441334236,-0.000488113168401624,18.0,0.0,0.07479577132239656,0.2230754088616119,0.17862552660328074
1.17,1.0,0.0,0.817361261808847,0.8038874001480183,-3.9604145467851295e-05,-0.10756003862454079,0.31258509316314803,0.0012638053618744525,-0.45849697615838275,0.3064254338258788,0.0023004786118536037,0.7520158434420936,0.7880463615356921,0.0001087005201860659,-0.09248621236436129,0.3027494963360766,0.001189489137915126,-0.33363963737688423,0.4270993324621082,0.0022858979872432367,0.7041822550233378,0.7785928082587892,0.00022464012326274354,-0.036788746522794236,0.41868310773264333,0.0013684957782346464,-0.3421097451308481,0.4136605059438644,0.0022719053974745084,0.2649729847712539,0.4146191950500172,0.0004555614693224444,0.3343896897915627,0.7708629062315356,0.0013055158029951813,0.28442147429198417,0.7556726332403491,0.0014155095224590707,0.5983917683063081,0.40644889821865804,-0.0005655816325033627,0.7463891067709013,0.401573060322318,-0.0010301581399331523,0.901898011766686,0.746607441334236,-0.0004770004424682838,18.0,0.0,0.07480094034892754,0.22308244181402578,0.17881227496401533
1.172,1.0,0.0,0.8176155994206235,0.8038874001480183,-4.042158498248627e-05,-0.10642082502855404,0.31258509316314803,0.0012604353953630664,-0.4565346162179651,0.3064254338258788,0.0022947672299527848,0.7522036335734761,0.7880463615356921,0.00010809155428079542,-0.09121309612642095,0.3027494963360766,0.0011857071261013137,-0.33235413359673593,0.4270993324621082,0.002282216909516977,0.7046362678872758,0.7785928082587892,0.00022323165970635427,-0.03607938020554316,0.41868310773264333,0.0013664155627663127,-0.3405216999319814,0.4136605059438644,0.0022673107532241374,0.2671704610313611,0.4146191950500172,0.0004489386308362899,0.3331064967718438,0.7708629062315356,0.0013094196493199188,0.2850382123575095,0.7556726332403491,0.0014137534768450947,0.6018123697300184,0.40644889821865804,-0.0005758286102629503,0.7478004942491306,0.401573060322318,-0.00103444813934575,0.8981834838855138,0.746607441334236,-0.0004658717112973503,18.0,0.0,0.07480610937545851,0.22308947476643967,0.17899902332474993
1.174,1.0,0.0,0.8178518304779056,0.8038874001480183,-4.118459781781547e-05,-0.10526575589780487,0.31258509316314803,0.0012570177545751062,-0.4545138351754304,0.3064254338258788,0.0022888801501315314,0.7523762648852138,0.7880463615356921,0.00010752818388664798,-0.08992759827770257,0.3027494963360766,0.0011818877773874927,-0.3310102339958081,0.4270993324621082,0.0022783603981765322,0.7050748168365234,0.7785928082587892,0.00022186962111454,-0.035354057094601904,0.41868310773264333,0.0013642874638145595,-0.33887727795547884,0.4136605059438644,0.0022625466176275375,0.2693576683815331,0.4146191950500172,0.0004423462020559683,0.33184158056662866,0.7708629062315356,0.0013132692283790756,0.2856862671799942,0.7556726332403491,0.0014119032626485188,0.6052377811222074,0.40644889821865804,-0.000586090414534081,0.7491931897493395,0.401573060322318,-0.001038682301780438,0.8944643895111256,0.746607441334236,-0.00045472812765383363,18.0,0.0,0.07481127840198948,0.22309650771885356,0.17918577168548452
1.176,0.0,0.0,0.8180699922386452,0.8038874001480183,-4.189329098966177e-05,-0.10409486762018212,0.31258509316314803,0.001253552547182859,-0.4524347828335971,0.3064254338258788,0.002282817807003928,0.7525337784071839,0.7880463615356921,0.0001070102899514348,-0.08862978297861285,0.3027494963360766,0.0011780312838413375,-0.3296080256114628,0.4270993324621082,0.002274328699373749,0.7054979144086927,0.7785928082587892,0.00022055397426679735,-0.03461278202738637,0.41868310773264333,0.0013621114944817356,-0.33717660426895774,0.4136605059438644,0.0022576133516980295,0.2715344756729688,0.4146191950500172,0.0004357845800054524,0.3305951278587859,0.7708629062315356,0.001317063976994721,0.28636556356267123,0.7556726332403491,0.0014099590981810647,0.608667869267529,0.40644889821865804,-0.000596366648710648,0.7505671152703868,0.401573060322318,-0.0010428603882810645,0.8907411130125995,0.746607441334236,-0.000443570844530669,18.0,0.0,0.07481644742852045,0.22310354067126745,0.17937252004621912
1.178,0.0,0.0,0.8182701235431361,0.8038874001480183,-4.254777627188067e-05,-0.10290819708034281,0.31258509316314803,0.0012500398823499905,-0.4502976139140355,0.3064254338258788,0.0022765806499784277,0.7526762165106214,0.7880463615356921,0.0001065377493855244,-0.08731971452321112,0.3027494963360766,0.0011741378379440685,-0.32814760046133723,0.4270993324621082,0.002270122074220713,0.7059055746042144,0.7785928082587892,0.00021928468155028947,-0.03385556031341414,0.41868310773264333,0.0013598876692800892,-0.33541980865896204,0.4136605059438644,0.0022525113306384667,0.27370075296071544,0.4146191950500172,0.0004292541581311453,0.32936732426657883,0.7708629062315356,0.0013208033351182493,0.2870760238932151,0.7556726332403491,0.0014079212090330334,0.6121024999457796,0.40644889821865804,-0.000606656913146613,0.7519221944716558,0.401573060322318,-0.0010469821648442063,0.8870140387592536,0.746607441334236,-0.00043240101503509064,18.0,0.0,0.07482161645505142,0.22311057362368134,0.17955926840695371
1.18,0.0,0.0,0.8184522648102366,0.8038874001480183,-4.314817018535344e-05,-0.10170578165938371,0.31258509316314803,0.0012464798707304725,-0.44810248804392355,0.3064254338258788,0.0022701691432197428,0.7528036229035768,0.7880463615356921,0.0001061104350752119,-0.08599745733507518,0.3027494963360766,0.0011702076325778633,-0.3266290555364253,0.4270993324621082,0.0022657407987703364,0.7062978128849432,0.7785928082587892,0.00021806170096372424,-0.033082397736469434,0.41868310773264333,0.0013576160041381725,-0.33360702561962546,0.4136605059438644,0.0022472409438084795,0.2758563715149041,0.4146191950500172,0.0004227553262679053,0.32815835432224794,0.7708629062315356,0.0013244867458948705,0.28781756815456333,0.7556726332403491,0.001405789828041402,0.6155415379405074,0.40644889821865804,-0.0006169608051813647,0.7532583526824698,0.401573060322318,-0.0010510474024480133,0.8832835510828051,0.746607441334236,-0.0004212197922750528,18.0,0.0,0.07482678548158239,0.22311760657609522,0.1797460167676883
1.182,0.0,0.0,0.8186164580334838,0.8038874001480183,-4.369459398665487e-05,-0.10048765923454243,0.31258509316314803,0.0012428726244675952,-0.4458495697424657,0.3064254338258788,0.002263583765609407,0.7529160426262896,0.7880463615356921,0.00010572821589634574,-0.08466307596322883,0.3027494963360766,0.0011662408610134554,-0.32505249279371273,0.4270993324621082,0.0022611851639956003,0.706674646172661,0.7785928082587892,0.00021688498612153795,-0.032293300556797244,0.41868310773264333,0.0013552965164073383,-0.3317383943409159,0.4136605059438644,0.0022418025946904694,0.2780012038318939,0.4146191950500172,0.0004162884706053393,0.3269684014506759,0.7708629062315356,0.0013281136557278632,0.28859011393592277,0.7556726332403491,0.0014035651952573572,0.618984847047777,0.40644889821865804,-0.000627277919165548,0.7545755169113098,0.401573060322318,-0.0010550558770804554,0.8795500342395537,0.746607441334236,-0.0004100283292457074,18.0,0.0,0.07483195450811336,0.2231246395285091,0.1799327651284229
1.184,0.0,0.0,0.8187627467771007,0.8038874001480183,-4.418717365639657e-05,-0.0992538681789275,0.31258509316314803,0.0012392182571930714,-0.4435390284068756,0.3064254338258788,0.0022568250107050337,0.7530135220464779,0.7880463615356921,0.00010539095672820731,-0.0833166350781314,0.3027494963360766,0.0011622377168979165,-0.3234180191483664,0.4270993324621082,0.002256455475767463,0.7070360928474795,0.7785928082587892,0.00021575448625838468,-0.03148827551332608,0.41868310773264333,0.0013529292248683218,-0.3298140586964619,0.4136605059438644,0.002236196700854341,0.28013512364532445,0.4146191950500172,0.00040985397365436986,0.3257976479481369,0.7708629062315356,0.0013316835143425793,0.28939357644395997,0.7556726332403491,0.001401247557913279,0.6224322900850877,0.40644889821865804,-0.0006376078464873569,0.7558736158548319,0.401573060322318,-0.0010590073697669753,0.8758138723725911,0.746607441334236,-0.0003988277787159532,18.0,0.0,0.07483712353464433,0.223131672480923,0.1801195134891575
1.186,0.0,0.0,0.8188911761718957,0.8038874001480183,-4.462603988724723e-05,-0.09800444736127716,0.31258509316314803,0.0012355168840262267,-0.4411710382979247,0.3064254338258788,0.002249893386698263,0.7530961088545438,0.7880463615356921,0.00010509851846764263,-0.08195819946772911,0.3027494963360766,0.001158198394242624,-0.32172574646547886,0.4270993324621082,0.002251552054831424,0.7073821727461418,0.7785928082587892,0.0002146701462339291,-0.030667329825918868,0.41868310773264333,0.0013505141497379082,-0.32783416723096315,0.4136605059438644,0.002230423693920979,0.282258005937075,0.4146191950500172,0.0004034522142140783,0.32464627496113274,0.7708629062315356,0.0013351957748501961,0.29022786851417354,0.7556726332403491,0.0013988371703891674,0.6258837289004427,0.40644889821865804,-0.000647950175599289,0.7571525799066849,0.401573060322318,-0.001062901666597542,0.8720754494740431,0.746607441334236,-0.0003876192931150655,18.0,0.0,0.0748422925611753,0.2231387054333369,0.1803062618498921
1.188,0.0,0.0,0.8190017929110556,0.8038874001480183,-4.501132807163211e-05,-0.09673943614574612,0.31258509316314803,0.0012317686215732755,-0.4387457785250582,0.3064254338258788,0.0022427894163714107,0.753163852058697,0.7880463615356921,0.00010485075804344479,-0.08058783403356864,0.3027494963360766,0.001154123087411417,-0.31997579155136885,0.4270993324621082,0.002246475236782761,0.7077129071602216,0.7785928082587892,0.00021363190653794217,-0.0298304711976515,0.41868310773264333,0.0013480513126756866,-0.32579887314718514,0.4136605059438644,0.002224484019524483,0.2843697269481295,0.4146191950500172,0.0003970835673388266,0.323514462465318,0.7708629062315356,0.0013386498938112088,0.29109290062244747,0.7556726332403491,0.0013963342941785265,0.6293390243815691,0.40644889821865804,-0.0006583044920453542,0.7584123411661248,0.401573060322318,-0.0010667385587531009,0.8683351493473469,0.746607441334236,-0.00037640402441942156,18.0,0.0,0.07484746158770628,0.22314573838575077,0.1804930102106267
1.19,0.0,0.0,0.8190946452458323,0.8038874001480183,-4.534317828911183e-05,-0.09545887439172021,0.31258509316314803,0.0012279735879266826,-0.4362634330310798,0.3064254338258788,0.002235513637052811,0.7532168019799943,0.7880463615356921,0.00010464752843098535,-0.07920560378697272,0.3027494963360766,0.0011500119911089356,-0.3181682761444384,0.4270993324621082,0.002241225372040431,0.7080283188342228,0.7785928082587892,0.0002126397032957027,-0.028977707817118538,0.41868310773264333,0.0013455407367908845,-0.32370833429254064,0.4136605059438644,0.0022183781372731486,0.2864701641893463,0.4146191950500172,0.0003907484043056631,0.32240238924451703,0.7708629062315356,0.0013420453312986528,0.2919885808967838,0.7556726332403491,0.0013937391978537047,0.6327980364652852,0.40644889821865804,-0.0006686703784887331,0.759652833446428,0.401573060322318,-0.0010705178425314203,0.8645933555695684,0.746607441334236,-0.00036518312403933283,18.0,0.0,0.07485263061423725,0.22315277133816466,0.1806797585713613
1.192,0.0,0.0,0.8191697829811238,0.8038874001480183,-4.562173529344205e-05,-0.09416280245365798,0.31258509316314803,0.0012241319026646048,-0.4337241905764066,0.3064254338258788,0.002228066600570876,0.7532550102472988,0.7880463615356921,0.00010448867866709333,-0.07781157384527795,0.3027494963360766,0.001145865300369148,-0.3163033269055876,0.4270993324621082,0.00223580282581964,0.7083284319635774,0.7785928082587892,0.00021169346827369916,-0.028109048360765533,0.41868310773264333,0.0013429824466492856,-0.32156271314525814,0.4136605059438644,0.002212106520709215,0.28855919645213124,0.4146191950500172,0.00038444709258201275,0.32131023286983396,0.7708629062315356,0.001345381550961056,0.2929148151292132,0.7556726332403491,0.0013910521570306958,0.6362606241470159,0.40644889821865804,-0.0006790474147398815,0.7608739922831013,0.401573060322318,-0.00107423931937233,0.8608504514537633,0.746607441334236,-0.00035395774270599736,18.0,0.0,0.07485779964076822,0.22315980429057855,0.18086650693209588
1.194,0.0,0.0,0.8192272574709493,0.8038874001480183,-4.584714849931637e-05,-0.09285126118095906,0.31258509316314803,0.001220243686850418,-0.43112824472289657,0.3064254338258788,0.002220448873206856,0.7532785297921565,0.7880463615356921,0.00010437405386517984,-0.07640580942813491,0.3027494963360766,0.0011416832105440636,-0.31438107540818855,0.4270993324621082,0.0022302079781030873,0.7086132721925438,0.7785928082587892,0.0002107931288856353,-0.02722450199524744,0.41868310773264333,0.0013403764682802268,-0.3193621768001393,0.4136605059438644,0.0022056696572673676,0.29063670381901385,0.4146191950500172,0.0003781799957936579,0.3202381696788591,0.7708629062315356,0.001348658020085105,0.29387150678788165,0.7556726332403491,0.0013882734543334077,0.6397266454904513,0.40644889821865804,-0.0006894351777850736,0.7620757549418867,0.401573060322318,-0.0010779027958823498,0.8571068200113864,0.746607441334236,-0.0003427290303585819,18.0,0.0,0.07486296866729919,0.22316683724299244,0.18105325529283048
1.196,0.0,0.0,0.8192671216138201,0.8038874001480183,-4.601957196879292e-05,-0.09152429191785864,0.31258509316314803,0.0012163090630323212,-0.42847579381724926,0.3064254338258788,0.002212661035646326,0.753287414843593,0.7880463615356921,0.00010430349523060679,-0.07498837585387039,0.3027494963360766,0.0011374659172926347,-0.31240165812761816,0.4270993324621082,0.0022244412236108904,0.7088828666120035,0.7785928082587892,0.00020993860819873623,-0.026324078379812547,0.41868310773264333,0.0013377228291836724,-0.3171068969539068,0.4136605059438644,0.002199068048232011,0.2927025676741246,0.4146191950500172,0.0003719474736930101,0.31918637475497313,0.7708629062315356,0.0013518742096580297,0.2948585570293128,0.7556726332403491,0.0013854033793574022,0.6431959576373493,0.40644889821865804,-0.0006998332418153799,0.7632580604265627,0.401573060322318,-0.0010815080838587063,0.853362843914753,0.746607441334236,-0.0003314981360314513,18.0,0.0,0.07486813769383016,0.22317387019540633,0.18124000365356507
1.198,0.0,0.0,0.8192894298480055,0.8038874001480183,-4.61391643974054e-05,-0.0901819365033475,0.31258509316314803,0.0012123281552430202,-0.4257670409739824,0.3064254338258788,0.002204703682929384,0.7532817209228293,0.7880463615356921,0.00010427684007629735,-0.073559338535912,0.3027494963360766,0.001133213616569841,-0.3103652164303525,0.4270993324621082,0.002218502971769179,0.7091372437571589,0.7785928082587892,0.00020912982494035703,-0.025407787668711365,0.41868310773264333,0.0013350215583373677,-0.31479704989014373,0.4136605059438644,0.0021923022086933136,0.29475667071357264,0.4146191950500172,0.00036574988212767777,0.31815502190675177,0.7708629062315356,0.0013550295944296875,0.2958758647108429,0.7556726332403491,0.0013824422286331088,0.6466684168174783,0.40644889821865804,-0.0007102411782560737,0.7644208494865393,0.401573060322318,-0.0010850550003127343,0.8496189054595567,0.746607441334236,-0.0003202662077415512,18.0,0.0,0.07487330672036113,0.22318090314782021,0.18142675201429967
1.2,0.0,0.0,0.8192942381466947,0.8038874001480183,-4.620608909996149e-05,-0.08882423727111712,0.31258509316314803,0.0012083010889994865,-0.4230021940579854,0.3064254338258788,0.0021965774243995835,0.7532615048379188,0.7880463615356921,0.00010429392183858832,-0.07211876297927503,0.3027494963360766,0.001128926504615966,-0.308271896562622,0.4270993324621082,0.002212393646677382,0.7093764336051303,0.7785928082587892,0.00020836669350489078,-0.02447564051362993,0.41868310773264333,0.001332272686204064,-0.3124328164638263,0.4136605059438644,0.0021853726675020242,0.29679889695572303,0.4146191950500172,0.0003595875730093337,0.31714428364747277,0.7708629062315356,0.0013581236529743516,0.2969233264032283,0.7556726332403491,0.0013793903055885186,0.6501438783587005,0.40644889821865804,-0.0007206585557964609,0.7655640646242466,0.401573060322318,-0.001088543367492664,0.845875386527447,0.746607441334236,-0.0003090343923759621,18.0,0.0,0.0748784757468921,0.2231879361002341,0.18161350037503426
