t,ncon,contact_force_total,q_joint_0,qref_joint_0,tau_joint_0,q_joint_6,qref_joint_6,tau_joint_6,q_joint_7,qref_joint_7,tau_joint_7,q_joint_1,qref_joint_1,tau_joint_1,q_joint_8,qref_joint_8,tau_joint_8,q_joint_9,qref_joint_9,tau_joint_9,q_joint_2,qref_joint_2,tau_joint_2,q_joint_10,qref_joint_10,tau_joint_10,q_joint_11,qref_joint_11,tau_joint_11,q_joint_3,qref_joint_3,tau_joint_3,q_joint_12,qref_joint_12,tau_joint_12,q_joint_13,qref_joint_13,tau_joint_13,q_joint_4,qref_joint_4,tau_joint_4,q_joint_5,qref_joint_5,tau_joint_5,q_joint_14,qref_joint_14,tau_joint_14,input_sigma_close,input_sigma_diff,object_free_horizontal_y_axis_cylinder_radius2p5_x,object_free_horizontal_y_axis_cylinder_radius2p5_y,object_free_horizontal_y_axis_cylinder_radius2p5_z
0.0,0.0,0.0,0.0,0.0,0.0,0.0,0.0,0.0,0.0,0.0,0.0,0.0,0.0,0.0,0.0,0.0,0.0,0.0,0.0,0.0,0.0,0.0,0.0,0.0,0.0,0.0,0.0,0.0,0.0,0.0,0.0,0.0,0.0,0.0,0.0,0.0,0.0,0.0,0.0,0.0,0.0,0.0,0.0,0.0,0.0,0.0,0.0,0.0,0.0,0.055,0.205,0.02
0.002,0.0,0.0,0.0,0.0,0.0,0.0,0.0,0.0,0.0,0.0,0.0,0.0,0.0,0.0,0.0,0.0,0.0,0.0,0.0,0.0,0.0,0.0,0.0,0.0,0.0,0.0,0.0,0.0,0.0,0.0,0.0,0.0,0.0,0.0,0.0,0.0,0.0,0.0,0.0,0.0,0.0,0.0,0.0,0.0,0.0,0.0,0.0,0.0,0.0,0.055,0.205,0.02
0.004,0.0,0.0,-3.5745714815119045e-08,-0.0030624281910400708,-7.656070477600177e-06,1.4026828494726562e-08,-0.0011908003549072309,-2.9770008872680774e-06,-2.5619775152408373e-08,-0.001167334986003348,-2.9183374650083703e-06,-3.42314217322577e-08,-0.0030020813772788277,-7.5052034431970695e-06,1.875428633682832e-08,-0.0011533314146136256,-2.883328536534064e-06,-4.3106590928726746e-08,-0.0016270450760461268,-4.067612690115317e-06,-2.768777068064432e-08,-0.002966067840985864,-7.4151696024646605e-06,3.44660628546042e-09,-0.0015949832675529274,-3.987458168882319e-06,-3.712471612905857e-08,-0.001575849546452817,-3.939623866132043e-06,1.7887973395724743e-08,-0.0015795016954286373,-3.9487542385715935e-06,-4.669043227030056e-08,-0.002936620595167756,-7.34155148791939e-06,-7.555979832942033e-08,-0.002878752888534664,-7.1968822213366594e-06,-7.761855463746724e-10,-0.0015483767551186976,-3.870941887796744e-06,-1.777124790355978e-09,-0.0015298021345612118,-3.8245053364030296e-06,-8.760518308571043e-08,-0.0028442188241304235,-7.110547060326059e-06,-0.06857142857142859,0.0,0.055,0.205,0.02
0.006,0.0,0.0,-1.7872780165452033e-07,-0.0061248563820801415,-1.5312051590913316e-05,7.01329592804725e-08,-0.0023816007098144618,-5.9540368416073914e-06,-1.2809786975802565e-07,-0.002334669972006696,-5.83661088057886e-06,-1.711563350332093e-07,-0.0060041627545576555,-1.501032130783981e-05,9.376995085068431e-08,-0.0023066628292272512,-5.766703958783971e-06,-2.1553125395997824e-07,-0.0032540901520922536,-8.135117613753312e-06,-1.384383918733634e-07,-0.005932135681971728,-1.483026998550262e-05,1.7232192876566108e-08,-0.003189966535105855,-7.97492495428035e-06,-1.8562223198747496e-07,-0.003151699092905634,-7.879154920473763e-06,8.943875738518157e-08,-0.0031590033908572746,-7.897553197076676e-06,-2.3345111455888394e-07,-0.005873241190335512,-1.4682986249758103e-05,-3.777965990029922e-07,-0.005757505777069328,-1.4393575543177496e-05,-3.881119707576572e-09,-0.003096753510237395,-7.741881835129621e-06,-8.886402469671552e-09,-0.0030596042691224236,-7.649006229994084e-06,-4.380226925197833e-07,-0.005688437648260847,-1.4220875107694403e-05,-0.13714285714285718,0.0,0.055,0.205,0.02
0.008,0.0,0.0,-5.004338280707979e-07,-0.009187284573120211,-2.2967764613296393e-05,1.9636613343928548e-07,-0.003572401064721692,-8.931177994202432e-06,-3.58668804148358e-07,-0.0035020049580100437,-8.754692150350714e-06,-4.792337152573365e-07,-0.009006244131836483,-2.2515182438753622e-05,2.6254816212255845e-07,-0.0034599942438408764,-8.650220034479317e-06,-6.034786676082055e-07,-0.00488113522813838,-1.220229924221105e-05,-3.876250973069654e-07,-0.00889820352295759,-2.2245162711414293e-05,4.824577963676666e-08,-0.004784949802658782,-1.1962417587129147e-05,-5.197352366011214e-07,-0.0047275486393584506,-1.181840754281616e-05,2.5042275083151256e-07,-0.004738505086285911,-1.1846486312608242e-05,-6.536576774697829e-07,-0.008809861785503265,-2.2024070835971764e-05,-1.057818035539968e-06,-0.00863625866560399,-2.1589702172512466e-05,-1.0868133455377687e-08,-0.004645130265356092,-1.161281596059096e-05,-2.488597515508604e-08,-0.004589406403683635,-1.1473493793202913e-05,-1.226446780056773e-06,-0.00853265647239127,-2.1330546124246876e-05,-0.20571428571428574,0.0,0.055,0.205,0.02
0.01,0.0,0.0,-1.0723451824420581e-06,-0.012249712764160283,-3.062303082583053e-05,4.207646269167005e-07,-0.0047632014196289235,-1.1908494464405908e-05,-7.685590509501728e-07,-0.004669339944013392,-1.1672453188023112e-05,-1.0269163489470242e-06,-0.012008325509115311,-3.0019615688500137e-05,5.625782425881206e-07,-0.0046133256584545024,-1.1533970516541562e-05,-1.2931399054455376e-06,-0.006508180304184507,-1.6268942063792248e-05,-8.306174285890655e-07,-0.011864271363943456,-2.9659709347115374e-05,1.0336967834708286e-07,-0.00637993307021171,-1.5949953289978368e-05,-1.1136956301312368e-06,-0.006303398185811268,-1.575719612643667e-05,5.366014761226427e-07,-0.006318006781714549,-1.579564301116345e-05,-1.400677377451757e-06,-0.011746482380671023,-2.9364571807483885e-05,-2.266712600873434e-06,-0.011515011554138655,-2.8784884340257793e-05,-2.3292093570721136e-08,-0.00619350702047479,-1.5483740380853337e-05,-5.3340212735658955e-08,-0.006119208538244847,-1.5297959130674232e-05,-2.6280459150699246e-06,-0.011376875296521694,-2.8439122124354093e-05,-0.27428571428571435,0.0,0.055,0.205,0.02
0.012,0.0,0.0,-1.965933984786758e-06,-0.01531214095520035,-3.8277671525044765e-05,7.713525188001994e-07,-0.005954001774536153,-1.4886056347907673e-05,-1.4089830119112794e-06,-0.005836674930016739,-1.4589765927414471e-05,-1.8826477398667606e-06,-0.015010406886394136,-3.7523449925112974e-05,1.0313317465470172e-06,-0.005766657073068127,-1.4418049128276788e-05,-2.3706856347220776e-06,-0.008135225380230631,-2.0334830600812964e-05,-1.5227793893892338e-06,-0.014830339204929318,-3.707377146875182e-05,1.8947613933489988e-07,-0.007974916337764634,-1.9937549268607454e-05,-2.041719130266338e-06,-0.007879247732264083,-1.9695335091584882e-05,9.83723141497744e-07,-0.007897508477143185,-1.9745112696548272e-05,-2.567864910105254e-06,-0.014683102975838774,-3.6704255746153306e-05,-4.15554007823111e-06,-0.014393764442673315,-3.597874432518111e-05,-4.271017055564758e-08,-0.007741883775593486,-1.9354651208749788e-05,-9.782282598940773e-08,-0.007649010672806057,-1.9122393331483304e-05,-4.817949895201655e-06,-0.014221094120652113,-3.554616518684261e-05,-0.34285714285714286,0.0,0.055,0.205,0.02
0.014,0.0,0.0,-3.2526599981331127e-06,-0.018374569146240423,-4.593150803063909e-05,1.2761349607654867e-06,-0.007144802129443384,-1.786393370490546e-05,-2.331138995661639e-06,-0.007004009916020087,-1.750650233252044e-05,-3.1148590156445494e-06,-0.018012488263672966,-4.5026514039832746e-05,1.706256539664437e-06,-0.006919988487681753,-1.730254954857075e-05,-3.922259316491579e-06,-0.00976227045627676,-2.439974942660509e-05,-2.519467599958326e-06,-0.01779640704591518,-4.448721066631448e-05,3.1342399902686086e-07,-0.009569899605317563,-2.392522270364225e-05,-3.3779998797509423e-06,-0.009455097278716901,-2.3632638898966586e-05,1.6275182041516827e-06,-0.009477010172571822,-2.36949847392833e-05,-4.248558224019803e-06,-0.01761972357100653,-4.404288926524107e-05,-6.875321973635248e-06,-0.01727251733120798,-4.317090447782437e-05,-7.068260655533759e-08,-0.009290260530712184,-2.322554455135407e-05,-1.619199786398225e-07,-0.00917881280736727,-2.2946787461353205e-05,-7.971236959553433e-06,-0.01706531294478254,-4.265123748721835e-05,-0.4114285714285715,0.0,0.055,0.205,0.02
0.016,0.0,0.0,-5.00396754066485e-06,-0.021436997337280488,-5.3584361693205884e-05,1.9630934481575704e-06,-0.008335602484350613,-2.0842196548278448e-05,-3.586205196783829e-06,-0.008171344902023434,-2.042253440756943e-05,-4.79196583526336e-06,-0.02101456964095179,-5.252863695484036e-05,2.624770880561677e-06,-0.008073319902295376,-2.0187565397087603e-05,-6.033970407844493e-06,-0.011389315532322884,-2.8463483182515982e-05,-3.8760294521184325e-06,-0.020762474886901045,-5.1899888548252715e-05,4.820553287953988e-07,-0.011164882872870489,-2.791299074217379e-05,-5.196705055505721e-06,-0.011030946825169717,-2.7568922063224917e-05,2.503694934428543e-06,-0.011056511868000458,-2.7645348465511526e-05,-6.536074335353924e-06,-0.020556344166174283,-5.1380239019875655e-05,-1.0577031950669146e-05,-0.02015127021974264,-5.036098724442251e-05,-1.0877348329429613e-07,-0.01083863728583088,-2.709641650806081e-05,-2.492333979277748e-07,-0.01070861494192848,-2.67711325548746e-05,-1.2262920905430582e-05,-0.01990953176891296,-4.975390132988351e-05,-0.48,0.0,0.055,0.205,0.02
0.018000000000000002,0.0,0.0,-7.291282398865033e-06,-0.024499425528320566,-6.123605390194975e-05,2.860181093173488e-06,-0.009526402839257847,-2.382091483176501e-05,-5.225335676566768e-06,-0.009338679888026785,-2.3337734207075003e-05,-6.982365297645382e-06,-0.024016651018230622,-6.00296476309884e-05,3.8242575050922456e-06,-0.009226651316909005,-2.3073190219473918e-05,-8.791887566850202e-06,-0.013016360608369014,-3.252581659490292e-05,-5.647801264857847e-06,-0.023728542727886912,-5.9311666746086986e-05,7.021920854683355e-07,-0.01275986614042342,-3.190087048938054e-05,-7.571969479793576e-06,-0.012606796371622537,-3.150399916641758e-05,3.647934981415231e-06,-0.012636013563429098,-3.159629314590882e-05,-9.52370514336955e-06,-0.023492964761342047,-5.871607171751673e-05,-1.5411586268157694e-05,-0.02303002310827731,-5.754861519081661e-05,-1.5855149003068277e-07,-0.01238701404094958,-3.0967263168665716e-05,-3.633834832748774e-07,-0.012238417076489694,-3.0595419607729416e-05,-1.7867938209657296e-05,-0.02275375059304339,-5.6853719180344895e-05,-0.5485714285714287,0.0,0.055,0.205,0.02
0.02,0.0,0.0,-1.0186008741879586e-05,-0.02756185371936063,-6.888640609240442e-05,3.995317900613321e-06,-0.010717203194165076,-2.6800158438145627e-05,-7.299656345816466e-06,-0.01050601487403013,-2.6251973845883908e-05,-9.754432851571758e-06,-0.027018732395509445,-6.75293750755295e-05,5.34205771389979e-06,-0.010379982731522628,-2.59595174725693e-05,-1.2282031860810018e-05,-0.014643405684415139,-3.658653449212072e-05,-7.890106440665392e-06,-0.026694610568872776,-6.67224069190198e-05,9.806327638708237e-07,-0.014354849407976345,-3.5888879000154537e-05,-1.0577890233885975e-05,-0.014182645918075353,-3.54376848714889e-05,5.095888940246028e-06,-0.014215515258857734,-3.554790798459787e-05,-1.3304713247132867e-05,-0.026429585356509796,-6.605015412841608e-05,-2.1529834221409152e-05,-0.025908775996811968,-6.473341102635952e-05,-2.215906915327616e-07,-0.013935390796068276,-3.483808061144561e-05,-5.080124126145406e-07,-0.013768219211050904,-3.4419639568919076e-05,-2.4961135155476824e-05,-0.025597969417173808,-6.395025369741038e-05,-0.6171428571428572,0.0,0.055,0.205,0.02
0.022,0.0,0.0,-1.3759526037322081e-05,-0.0306242819104007,-7.653523975414705e-05,5.3963860466659e-06,-0.011908003549072305,-2.97799971674323e-05,-9.860260950097357e-06,-0.011673349860033478,-2.9165125509219153e-05,-1.3176519207180354e-05,-0.03002081377278827,-7.502764834984175e-05,7.215465463853817e-06,-0.011533314146136254,-2.8846640509625384e-05,-1.6590369978422236e-05,-0.016270450760461262,-4.064542182150113e-05,-1.0658253622738381e-05,-0.029660678409858636,-7.413197075854493e-05,1.3241490517687257e-06,-0.01594983267552927,-3.9877033270732846e-05,-1.4288521274683665e-05,-0.015758495464528167,-3.9369793935735706e-05,6.883171921428822e-06,-0.01579501695428637,-3.950028210806654e-05,-1.797232776359331e-05,-0.02936620595167755,-7.338225309607604e-05,-2.9082548587665207e-05,-0.02878752888534663,-7.191499762781304e-05,-2.9947129608140745e-07,-0.015483767551186972,-3.87088649012386e-05,-6.867872459672025e-07,-0.015298021345612114,-3.824378333299875e-05,-3.3717254966051346e-05,-0.028442188241304227,-7.104306776537188e-05,-0.6857142857142857,0.0,0.055,0.205,0.02
0.024,0.0,0.0,-1.8083185968741206e-05,-0.033686710101440774,-8.418237643850863e-05,7.0912251611953055e-06,-0.013098803903979536,-3.276050072506551e-05,-1.2958207057777544e-05,-0.012840684846036825,-3.2077061462716825e-05,-1.7316947249284024e-05,-0.0330228951500671,-8.25242965771498e-05,9.48172146395881e-06,-0.012686645560749879,-3.1734652565534336e-05,-2.1802807446460197e-05,-0.01789749583650739,-4.470226366632242e-05,-1.4007534853198433e-05,-0.0326267462508445,-8.154021999305442e-05,1.7394824875822989e-06,-0.017544815943082197,-4.3865350230334915e-05,-1.877786805474568e-05,-0.017334345010980984,-4.330014122426575e-05,9.045359122503547e-06,-0.017374518649715006,-4.3453504554091086e-05,-2.3619740147252347e-05,-0.032302826546845305,-8.071213554770428e-05,-3.822041607640602e-05,-0.0316662817738813,-7.909299806323408e-05,-3.937804235025598e-07,-0.01703214430630567,-4.2579612087523976e-05,-9.034030258364932e-07,-0.016827823480173327,-4.2067841732318404e-05,-4.431092494557559e-05,-0.03128640706543465,-7.813172452617151e-05,-0.7542857142857143,0.0,0.055,0.205,0.02
0.026000000000000002,0.0,0.0,-2.322830935497222e-05,-0.036749138292480846,-9.182763776628026e-05,9.10762761399394e-06,-0.014289604258886769,-3.574173871011991e-05,-1.6644512051251063e-05,-0.014008019832040175,-3.498765406245599e-05,-2.2244008952751642e-05,-0.03602497652734593,-9.001914895024162e-05,1.217800727633189e-05,-0.013839976975363506,-3.462364674206866e-05,-2.800518185156385e-05,-0.01952454091255352,-4.875684526276764e-05,-1.799322373244921e-05,-0.03559281409183036,-8.89470163924429e-05,2.233341121238797e-06,-0.019139799210635126,-4.785384673280677e-05,-2.411988214618021e-05,-0.018910194557433802,-4.722854172344764e-05,1.1617981402343173e-05,-0.018954020345143645,-4.7407664260665375e-05,-3.0340100011633514e-05,-0.03523944714201306,-8.803956850466453e-05,-4.9094027785156745e-05,-0.03454503466241596,-8.626703561584887e-05,-5.06112873233464e-07,-0.018580521061424368,-4.6450318202502166e-05,-1.1615858740034189e-06,-0.01835762561473454,-4.589180552927176e-05,-5.6916643629017645e-05,-0.03413062588956508,-8.521578741154875e-05,-0.822857142857143,0.0,0.055,0.205,0.02
0.028,0.0,0.0,-2.926618307159354e-05,-0.03981156648352092,-9.947084543541487e-05,1.1473333805467554e-05,-0.015480404613794001,-3.872378060351999e-05,-2.0970149121709875e-05,-0.015175354818043526,-3.789677576498069e-05,-2.8025962300193998e-05,-0.03902705790462476,-9.751203473918002e-05,1.534143942284369e-05,-0.014993308389977133,-3.751371599313366e-05,-3.528325606774497e-05,-0.021151585988599647,-5.280895201687021e-05,-2.267057357981011e-05,-0.03855888193281624,-9.635222177270946e-05,2.8123961785323067e-06,-0.020734782478188055,-5.1842539548273236e-05,-3.0388455868850665e-05,-0.020486044103886623,-5.1154810554351115e-05,1.4636520858407328e-05,-0.020533522040572287,-5.136285005493658e-05,-3.822651095276488e-05,-0.038176067737180824,-9.536431909292297e-05,-6.185386966144168e-05,-0.03742378755095063,-9.343673380791369e-05,-6.380718924264794e-07,-0.02012889781654307,-5.032097925917459e-05,-1.4650960842960265e-06,-0.019887427749295753,-4.971566540855437e-05,-7.170876794149974e-05,-0.036974844713695505,-9.229482017516622e-05,-0.8914285714285717,0.0,0.055,0.205,0.02
0.03,0.0,0.0,-3.626805697470943e-05,-0.042873994674560975,-0.00010711182122872346,1.4216027462217183e-05,-0.016671204968701225,-4.170669575626673e-05,-2.5986043267838082e-05,-0.016342689804046868,-4.080429913731289e-05,-3.473102820219651e-05,-0.04202913928190358,-0.00010500278329900847,1.900906349801655e-05,-0.016146639804590752,-4.040495311003399e-05,-4.372271149020548e-05,-0.02277863106464577,-5.685836952144506e-05,-2.8094815595559807e-05,-0.04152494977380209,-0.0001037556980005557,3.4832787293587913e-06,-0.022329765745740977,-5.5831445354798776e-05,-3.765741692334981e-05,-0.022061893650339434,-5.5078762986176454e-05,1.8136406407258392e-05,-0.022113023736000915,-5.531915064214831e-05,-4.737202637488507e-05,-0.04111268833234857,-0.00010268615455348951,-7.665031297153156e-05,-0.04030254043948528,-0.0001006017164245596,-7.912699440941666e-07,-0.02167727457166176,-5.419159124942333e-05,-1.8177312109124297e-06,-0.02141722988385696,-5.353941196943166e-05,-8.886150036833107e-05,-0.03981906353782592,-9.936838692471105e-05,-0.96,0.0,0.055,0.205,0.02
0.032,0.0,0.0,-4.430514082727955e-05,-0.04593642286560104,-0.00011475038702156583,1.7363330937982465e-05,-0.017862005323608456,-4.4690553377676684e-05,-3.174306729880036e-05,-0.017510024790050215,-4.371009686695594e-05,-4.242738742034042e-05,-0.0450312206591824,-0.00011249122407745051,2.3217848288773492e-05,-0.017299971219204378,-4.3297450706755983e-05,-5.340914127606795e-05,-0.024405676140691893,-6.0904883573004216e-05,-3.4321157024523333e-05,-0.04449101761478795,-0.00011115730699798097,4.252576360193966e-06,-0.023924749013293903,-5.982058073005815e-05,-4.600052302919449e-05,-0.02363774319679225,-5.9000214449672244e-05,2.2153009368649583e-05,-0.02369252543142955,-5.927665459459202e-05,-5.7869645318583514e-05,-0.044049308927516316,-0.00011000484225285357,-9.363360477662964e-05,-0.04318129332801994,-0.00010776160753762103,-9.673294752992929e-07,-0.023225651326780457,-5.8062150142090906e-05,-2.223329151875546e-06,-0.02294703201841817,-5.736303571801814e-05,-0.00010854887613670383,-0.04266328236195634,-0.00010643605215397001,-1.0285714285714285,0.0,0.055,0.205,0.02
0.034,0.0,0.0,-5.3448601228216024e-05,-0.04899885105664113,-0.00012238636478953462,2.094280052041028e-05,-0.019052805678515694,-4.767542252363419e-05,-3.829203784189626e-05,-0.01867735977605357,-4.6614041771886925e-05,-5.1183177493253955e-05,-0.048033302036461244,-0.00011997718662260225,2.800467990163081e-05,-0.01845330263381801,-4.6191301205266965e-05,-6.442804359261654e-05,-0.02603272121673803,-6.49482801886549e-05,-4.1404779321336365e-05,-0.047457085455773824,-0.00011855691074687326,5.1268298511812e-06,-0.02551973228084684,-6.380996214301759e-05,-5.5491456568693105e-05,-0.025213592743245073,-6.29189805505397e-05,2.6721639053494266e-05,-0.025272027126858197,-6.323545034056711e-05,-6.98123082915856e-05,-0.04698592952268409,-0.00011732014969341377,-0.00011295385841714099,-0.04606004621655462,-0.00011491603152944498,-1.1678836853933097e-06,-0.02477402808189916,-6.193265188105966e-05,-2.685771227198404e-06,-0.02447683415297939,-6.118652705956878e-05,-0.00013094475041006284,-0.04550750118608678,-0.00011349738077487519,-1.0971428571428574,0.0,0.055,0.205,0.02
0.036000000000000004,0.0,0.0,-6.376955854446822e-05,-0.0520612792476812,-0.00013001957661613246,2.4981921744112098e-05,-0.02024360603342292,-5.066137208485833e-05,-4.5683711355251616e-05,-0.019844694762056914,-4.9516006810537545e-05,-6.106648966593459e-05,-0.05103538341374007,-0.00012746050059061703,3.3406355897926295e-05,-0.019606634048431635,-4.908659682083316e-05,-7.686481487364607e-05,-0.027659766292784153,-6.898834562297884e-05,-4.9400836317520155e-05,-0.05042315329675969,-0.0001259543712935959,6.112529858196217e-06,-0.027114715548399764,-6.779960594562737e-05,-6.620381923693726e-05,-0.026789442289697887,-6.683487708282299e-05,3.187753835602534e-05,-0.026851528822286832,-6.719562615335082e-05,-8.329289310239284e-05,-0.04992255011785184,-0.00012463184452390065,-0.0001347610440056695,-0.04893879910508928,-0.00012206461311668035,-1.3945772943067703e-06,-0.02632240483701786,-6.580309238333116e-05,-3.208985251339445e-06,-0.0260066362875406,-6.50098762907835e-05,-0.00015622278549615797,-0.048351720010217196,-0.00012055193814951783,-1.165714285714286,0.0,0.055,0.205,0.02
0.038,0.0,0.0,-7.533908384631549e-05,-0.05512370743872126,-0.000137649844700442,2.9508104710472785e-05,-0.021434406388330152,-5.364847077518566e-05,-5.3968780145917616e-05,-0.02101202974806026,-5.2415865091762527e-05,-7.214536582258348e-05,-0.05403746479101889,-0.0001349409957533824,3.9459579437674406e-05,-0.020759965463045257,-5.1983429547357956e-05,-9.080474308451618e-05,-0.029286811368830278,-7.302486638489157e-05,-5.836445239050036e-05,-0.05338922113774555,-0.00013334955075357008,7.216113600254864e-06,-0.02870969881595269,-7.17895283645272e-05,-7.821112669836886e-05,-0.028365291836150705,-7.074772004228443e-05,3.765587935045318e-05,-0.028431030517715467,-7.115727014017874e-05,-9.840421069698818e-05,-0.05285917071301959,-0.000131939694549793,-0.00015920497892938642,-0.051817551993623936,-0.00012920697737404567,-1.6490673108950568e-06,-0.027870781592136552,-6.967346753710561e-05,-3.7969485995278517e-06,-0.027536438422101808,-6.883307359212618e-05,-0.00018455643806978758,-0.051195938834347615,-0.00012759929012212866,-1.2342857142857144,0.0,0.055,0.205,0.02
0.04,0.0,0.0,-8.822819584608758e-05,-0.05818613562976133,-0.00014527699136478755,3.4548679414672934e-05,-0.022625206743237383,-5.663678711986965e-05,-6.31978683937479e-05,-0.02217936473406361,-5.5313489884794226e-05,-8.448779542319243e-05,-0.05703954616829772,-0.00014241850200618784,4.620095343263871e-05,-0.021913296877658882,-5.488189114274139e-05,-0.00010633300099650649,-0.030913856444876403,-7.705762925447972e-05,-6.835072063470288e-05,-0.05635528897873141,-0.0001407423113158523,8.44396155262974e-06,-0.030304682083505615,-7.577974549276468e-05,-9.158680325037302e-05,-0.02994114138260352,-7.465732563976288e-05,4.409175889243026e-05,-0.030010532213144103,-7.51204702312364e-05,-0.00011523900099881586,-0.05579579130818735,-0.0001392434677437259,-0.0001864353183624133,-0.0546963048821586,-0.00013634274975807303,-1.9330238013426822e-06,-0.02941915834725525,-7.354377319986089e-05,-4.453691267539579e-06,-0.029066240556663018,-7.265610902015872e-05,-0.0002161189464112402,-0.054040157658478034,-0.00013463900305102063,-1.302857142857143,0.0,0.055,0.205,0.02
0.042,0.0,0.0,-0.00010250785784053233,-0.0612485638208014,-0.00015290083906238828,4.0130891080386104e-05,-0.02381600709814461,-5.962638944389821e-05,-7.342152818142308e-05,-0.023346699720066956,-5.8208754629183024e-05,-9.816171244412394e-05,-0.06004162754557654,-0.00014989284937538336,5.366697470921114e-05,-0.023066628292272507,-5.7782073114262864e-05,-0.00012353463947106826,-0.032540901520922524,-8.108642129981504e-05,-7.941470103485957e-05,-0.05932135681971727,-0.00014813251524770644,9.80239414604087e-06,-0.03189966535105854,-7.977027328152793e-05,-0.00010640417649434669,-0.031516990929056334,-7.85635103145149e-05,5.122019422563002e-05,-0.03159003390857274,-7.908531416866293e-05,-0.00013388992875224527,-0.0587324119033551,-0.0001465429322558907,-0.00021660154578886188,-0.05757505777069326,-0.00014347155613082712,-2.2481306576293216e-06,-0.030967535102373944,-7.74140051964315e-05,-5.1832989245054744e-06,-0.030596042691224228,-7.647897249989171e-05,-0.00025108331766144016,-0.056884376482608454,-0.00014167064384049304,-1.3714285714285714,0.0,0.055,0.205,0.02
0.044,0.0,0.0,-0.00011824897465704985,-0.06431099201184147,-0.00016052121038500234,4.62818955026116e-05,-0.025006807453051845,-6.261734586033058e-05,-8.469023553099185e-05,-0.024514034706070307,-6.110153294472222e-05,-0.00011323499232292412,-0.06304370892285538,-0.00015736386802602814,6.189402818168649e-05,-0.024219959706886136,-6.0684066703988365e-05,-0.00014249458075456665,-0.03416794659696866,-8.511102989374398e-05,-9.161141864165659e-05,-0.06228742466070314,-0.0001555200248991707,1.129766847228507e-05,-0.03349464861861147,-8.376112753189378e-05,-0.00012273647201469236,-0.03309284047550915,-8.246609074753701e-05,5.907611859374725e-05,-0.03316953560400138,-8.305188949556752e-05,-0.00015444957936972776,-0.06166903249852286,-0.00015383785642442653,-0.00024985296353717296,-0.06045381065922793,-0.00015059302278359768,-2.596086366060607e-06,-0.03251591185749265,-8.128415931708755e-05,-5.9899159583336155e-06,-0.03212584482578544,-8.030165381715234e-05,-0.0002896223150948015,-0.05972859530673889,-0.00014869377997269362,-1.4400000000000002,0.0,0.055,0.205,0.02
0.046,0.0,0.0,-0.00013552238960401206,-0.06737342020288155,-0.00016813792807056124,5.3028754399102555e-05,-0.026197607807959072,-6.560972425865422e-05,-9.705438644729698e-05,-0.02568136969207365,-6.399169864135664e-05,-0.00012977544890760794,-0.0660457903001342,-0.0001648313882695282,7.091838103651965e-05,-0.025373291121499757,-6.358796287420361e-05,-0.00016329761178410706,-0.03579499167301478,-8.913124273065053e-05,-0.0001049958617498578,-0.065253492501689,-0.00016290470270761837,1.2935974996668006e-05,-0.035089631886164395,-8.77523238865917e-05,-0.00014065680806618538,-0.03466869002196197,-8.63648838748682e-05,6.769437685822668e-05,-0.03474903729943001,-8.70202835450594e-05,-0.00017701045478285473,-0.06460565309369061,-0.00016112800878580218,-0.00028633868332639495,-0.0633325635477626,-0.00015770677646056354,-2.9786047758665933e-06,-0.03406428861261134,-8.515423131561321e-05,-6.877748513328776e-06,-0.033655646960346654,-8.41241426109708e-05,-0.0003319084454107936,-0.0625728141308693,-0.00015570797953943626,-1.5085714285714287,0.0,0.055,0.205,0.02
0.048,0.0,0.0,-0.00015439888142538633,-0.0704358483939216,-0.00017575081501079398,6.039843077084831e-05,-0.0273884081628663,-6.860359229316351e-05,-0.00011056429296865389,-0.026848704678076995,-6.687912572907424e-05,-0.00014785083141065637,-0.06904787167741301,-0.00017229524057126353,8.07761769281519e-05,-0.02652662253611338,-6.649385229287475e-05,-0.00018602837750503773,-0.0374220367490609,-9.314684784319198e-05,-0.00011962298007903536,-0.06821956034267486,-0.0001702864112023125,1.4723434277602277e-05,-0.03668461515371732,-9.174387782178497e-05,-0.00016023819027016263,-0.03624453956841478,-9.025970690087149e-05,7.710972112202589e-05,-0.03632853899485865,-9.099058342929218e-05,-0.00020166496929752538,-0.06754227368885836,-0.00016841315808518875,-0.00032620761682504234,-0.06621131643629724,-0.00016481244438242712,-3.397415867870678e-06,-0.03561266536773003,-8.90242169073854e-05,-7.851067519592791e-06,-0.03518544909490786,-8.794642836598632e-05,-0.00037811394604521983,-0.06541703295499972,-0.00016271281127397231,-1.577142857142857,0.0,0.055,0.205,0.02
0.05,0.0,0.0,-0.00017494916125988103,-0.07349827658496169,-0.00018335969425884076,6.841778427206911e-05,-0.028579208517773538,-7.159901737136097e-05,-0.00012527017922514877,-0.02801603966408035,-6.976368842777924e-05,-0.00016752882136796365,-0.07204995305469186,-0.00017975525555820302,9.15034301869914e-05,-0.02767995395072701,-6.940182531913791e-05,-0.00021077137420072008,-0.03904908182510704,-9.715763361900499e-05,-0.0001355476829570397,-0.07118562818366073,-0.00017766501300895424,1.6666093693734167e-05,-0.03827959842127025,-9.573580463886964e-05,-0.00018155350631997985,-0.037820389114867604,-9.415037731149361e-05,8.735680635971825e-05,-0.03790804069028729,-9.49628760285233e-05,-0.00022850544545343173,-0.07047889428402612,-0.0001756930732868215,-0.000369608466223174,-0.06909006932483192,-0.0001719096542700172,-3.854266523231597e-06,-0.037161042122848736,-9.289411176745217e-05,-8.914211713790452e-06,-0.03671525122946908,-9.176850040487373e-05,-0.0004284107725022094,-0.06826125177913016,-0.00016970784458271237,-1.645714285714286,0.0,0.055,0.205,0.02
0.052000000000000005,0.0,0.0,-0.0001972438696048313,-0.07656070477600176,-0.00019096438903685472,7.711356659018021e-05,-0.029770008872680765,-7.459606664238209e-05,-0.00014122217750492258,-0.029183374650083697,-7.264526117714638e-05,-0.00018887702960297337,-0.07505203443197069,-0.00018721126402650683,0.00010313602004013194,-0.028833285365340636,-7.231197198881907e-05,-0.00023761094283515654,-0.04067612690115316,-0.0001011633888173811,-0.00015282483750634043,-0.0741516960246466,-0.00018504037085422388,1.876992417896098e-05,-0.03987458168882318,-9.972811945629227e-05,-0.00020467552069618382,-0.03939623866132042,-9.803671288750111e-05,9.847018605424093e-05,-0.039487542385715925,-9.893724798018911e-05,-0.000257624109888068,-0.07341551487919387,-0.0001829675235843511,-0.0004166897148183293,-0.07196882221336658,-0.0001789980343678585,-4.350921292260996e-06,-0.03870941887796743,-9.67639115286105e-05,-1.00715906508665e-05,-0.038245053364030286,-9.559034788079124e-05,-0.00048297058570792063,-0.07110547060326057,-0.00017669264957689593,-1.7142857142857144,0.0,0.055,0.205,0.02
0.054,0.0,0.0,-0.00022135357328504225,-0.07962313296704183,-0.00019856472274359252,8.651241683618162e-05,-0.030960809227588003,-7.759480698544546e-05,-0.00015847032432880624,-0.03035070963608705,-7.552371864645532e-05,-0.00021196299319624118,-0.07805411580924952,-0.00019466309694911635,0.00011570968484539254,-0.029986616779954265,-7.5224381999986e-05,-0.0002666312624090651,-0.042303171977199294,-0.00010516390258591035,-0.00017150926683336953,-0.07711776386563247,-0.00019241234757031534,2.1040816965700095e-05,-0.04146956495637611,-0.00010372083720138769,-0.00022967686939184465,-0.04097208820777325,-0.00010191853171769266,0.00011048430784059245,-0.041067044081144574,-0.00010291378566799703,-0.00028911308920547164,-0.07635213547436165,-0.00019023627841118396,-0.00046759961761595997,-0.07484757510190126,-0.00018607721346770734,-4.889163163318902e-06,-0.04025779563308614,-0.00010063361177948471,-1.1327687706300283e-05,-0.039774855498591506,-9.94119597698516e-05,-0.0005419647393869525,-0.07394968942739101,-0.00018366679710420773,-1.7828571428571434,0.0,0.055,0.205,0.02
0.056,0.0,0.0,-0.0002473487624268063,-0.0826855611580819,-0.00020616051896199216,9.664085694592839e-05,-0.03215160958249523,-8.059530499832852e-05,-0.00017706455653367174,-0.031518044622090395,-7.839893574440396e-05,-0.00023685417246066144,-0.08105619718652834,-0.00020211058548333025,0.0001292600163392592,-0.031139948194567887,-7.813914469853319e-05,-0.000297916343329988,-0.043930217053245416,-0.00010915896447709089,-0.00019165574822099842,-0.08008383170661833,-0.0001997808060994624,2.348458033677009e-05,-0.043064548223929036,-0.00010771397260223686,-0.00025663005464849324,-0.04254793775422606,-0.00010579565221208554,0.0001234335091567836,-0.0426465457765732,-0.00010689257521103449,-0.0003230644058499015,-0.07928875606952938,-0.0001974991074508098,-0.0005224861919449943,-0.07772632799043591,-0.0001931468209320499,-5.470794331789261e-06,-0.04180617238820483,-0.00010450320806260379,-1.2687063068485624e-05,-0.04130465763315271,-0.00010323332486361604,-0.0006055642674624592,-0.07679390825152142,-0.0001906298587803362,-1.8514285714285716,0.0,0.055,0.205,0.02
0.058,0.0,0.0,-0.0002752998474373118,-0.08574798934912195,-0.00021375160146673786,0.00010752528709273557,-0.03334240993740245,-8.359762698587094e-05,-0.00019705470736486306,-0.032685379608093736,-8.127078762890017e-05,-0.0002636179479225947,-0.08405827856380715,-0.00020955356097836624,0.00014382245389930892,-0.032293279609181505,-8.105634906380192e-05,-0.00033155002079702085,-0.04555726212929154,-0.00011314836446490388,-0.00021331901132427917,-0.08304989954760418,-0.00020714560949845797,2.6106936386243383e-05,-0.044659531491481955,-0.00011170754017954681,-0.0002856074397031071,-0.04412378730067887,-0.00010966789311507593,0.00013735201290234492,-0.04422604747200183,-0.00011087370245289654,-0.00035956997398465997,-0.08222537666469713,-0.00020475578064711806,-0.0005814972080891695,-0.08060508087897056,-0.00020020648671756393,-6.09763696913755e-06,-0.04335454914332352,-0.00010837269587247933,-1.4154356720824548e-05,-0.04283445976771392,-0.00010705443176161359,-0.0006739398714809603,-0.07963812707565184,-0.00019758140702047345,-1.92,0.0,0.055,0.205,0.02
0.06,0.0,0.0,-0.0003052771559896585,-0.08881041754016204,-0.00022133779423181185,0.00011919198111177074,-0.03453321029230969,-8.660183894850608e-05,-0.0002184905025780694,-0.03385271459409709,-8.413914971683057e-05,-0.00029232161730913237,-0.08706035994108599,-0.00021699185498290848,0.0001594322788216942,-0.03344661102379514,-8.397608369423612e-05,-0.00036761594820074753,-0.04718430720533767,-0.00011713189296135162,-0.00023655373636958084,-0.08601596738859005,-0.00021450662094316442,2.8913517789629098e-05,-0.04625451475903489,-0.00011570155423855283,-0.0003166812435465873,-0.04569963684713169,-0.00011353507351857147,0.0001522739231046932,-0.04580554916743048,-0.00011485725295083206,-0.0003987215953762636,-0.08516199725986491,-0.00021200606821470064,-0.000644780179934767,-0.08348383376750523,-0.00020725584139854016,-6.77153399205228e-06,-0.04490292589844223,-0.00011224207065368272,-1.57342914131246e-05,-0.04436426190227514,-0.0001108752688638858,-0.000747261908062838,-0.08248234589978228,-0.0002045210150707533,-1.9885714285714289,0.0,0.055,0.205,0.02
0.062,0.0,0.0,-0.00033735093001369587,-0.09187284573120208,-0.00022891892143803107,0.00013166708193668568,-0.03572401064721691,-8.960800657082171e-05,-0.00024142155655100322,-0.03502004958010043,-8.70038976938059e-05,-0.0003230323925417345,-0.0900624413183648,-0.00022442529925263918,0.00017612460861426537,-0.034599942438408755,-8.689843679307614e-05,-0.00040619759053896377,-0.04881135228138379,-0.0001211093408329576,-0.000261414552357251,-0.0889820352295759,-0.0002218637037330158,3.190986458374375e-05,-0.047849498026587806,-0.00011969602886094358,-0.0003499235356941685,-0.0472754863935845,-0.00011739701287509478,0.00016823322059365898,-0.0473850508628591,-0.00011884331196490949,-0.00044061095528416717,-0.08809861785503263,-0.00021924974064914092,-0.0007124823556353833,-0.08636258665603988,-0.00021429451619026278,-7.494349831672027e-06,-0.046451302653560914,-0.00011611132779892215,-1.74316756218907e-05,-0.04589406403683634,-0.00011469582436355803,-0.0008257003763795098,-0.08532656472391267,-0.0002114482570396246,-2.057142857142857,0.0,0.055,0.205,0.02
0.064,0.0,0.0,-0.00037159132269289926,-0.09493527392224217,-0.00023649480748057122,0.0001449765970489377,-0.03691481100212415,-9.261619521015209e-05,-0.00026589736840524367,-0.036187384566103785,-8.986490752388195e-05,-0.0003558173967364758,-0.09306452269564365,-0.0002318537257577548,0.0001939343913059056,-0.03575327385302239,-8.982349615409163e-05,-0.00044737821784877224,-0.05043839735742992,-0.0001250804994172274,-0.0002879560352679322,-0.09194810307056178,-0.00022921672129551135,3.510142095662661e-05,-0.04944448129414074,-0.0001236909778968112,-0.0003854062309682027,-0.04885133594003732,-0.00012125353101085788,0.0001852637586844757,-0.04896455255828775,-0.00012283196444720353,-0.00048532961835624566,-0.09103523845020041,-0.0002264865687372906,-0.0007847507082943702,-0.08924133954457455,-0.00022132214297234794,-8.26797120289945e-06,-0.047999679408679614,-0.00011998046264711985,-1.925140649910359e-05,-0.04742386617139756,-0.00011851608623943918,-0.0009094249056582641,-0.08817078354804311,-0.00021836270792915903,-2.125714285714286,0.0,0.055,0.205,0.02
0.066,0.0,0.0,-0.00040806839546749847,-0.09799770211328226,-0.0002440652769764734,0.00015914639394025006,-0.03810561135703139,-9.562646988520081e-05,-0.0002919673181386056,-0.03735471955210714,-9.272205545925474e-05,-0.00039074366121113476,-0.09606660407292249,-0.00023927696669046505,0.00021289639977265293,-0.03690660526763602,-9.27513491473548e-05,-0.0004912408986556291,-0.05206544243347606,-0.00012904516053906823,-0.0003162327062726634,-0.09491417091154765,-0.00023656553719069928,3.849353204785544e-05,-0.05103946456169368,-0.00012768641495662577,-0.00042320108429375573,-0.050427185486490146,-0.00012510444813880486,0.00020339925886953125,-0.05054405425371639,-0.00012682329503100218,-0.0005329690245302372,-0.09397185904536819,-0.00023371632356752986,-0.0008617319266655748,-0.09212009243310924,-0.0002283383543120372,-9.094307873803523e-06,-0.04954805616379832,-0.00012384947048148855,-2.1198472809078255e-05,-0.04895366830595878,-0.0001223360422486492,-0.0009986047427157424,-0.09101500237217355,-0.00022526394366628822,-2.194285714285715,0.0,0.055,0.205,0.02
0.068,0.0,0.0,-0.0004468521150440728,-0.1010601303043223,-0.000251630154772137,0.0001742021955886591,-0.03929641171193861,-9.863889526469715e-05,-0.0003196806627683931,-0.03852205453811047,-9.557521804992968e-05,-0.0004278781224993595,-0.0990686854502013,-0.0002466948544724754,0.00023304522608118088,-0.038059936682249634,-9.568208270505572e-05,-0.0005378684934399213,-0.05369248750952217,-0.00013300311652716636,-0.00034629902994689457,-0.0978802387525335,-0.0002439100151156521,4.209144075961744e-05,-0.05263444782924659,-0.0001316823534032361,-0.0004633796855074557,-0.05200303503294295,-0.00012894958487162298,0.00022267330651918113,-0.05212355594914502,-0.00013081738802003638,-0.0005836204849413505,-0.09690847964053591,-0.00024093877654001418,-0.0009435724058730093,-0.09499884532164388,-0.00023534278348744578,-9.975293435111055e-06,-0.05109643291891701,-0.000127718346527608,-2.3277957852997e-05,-0.05048347044051998,-0.00012615567991927727,-0.00109340873952105,-0.09385922119630395,-0.00023215154113397055,-2.262857142857143,0.0,0.055,0.205,0.02
0.07,0.0,0.0,-0.0004880123504118264,-0.1041225584953624,-0.00025918926595079584,0.00019016957594859482,-0.04048721206684584,-0.00010165353565608627,-0.00034908653248589546,-0.03968938952411383,-9.84242721533636e-05,-0.0004672876193721442,-0.10207076682748013,-0.00025410722176245193,0.0002544152758502085,-0.03921326809686327,-9.861578330736113e-05,-0.000587343648121652,-0.05531953258556831,-0.00013695416023032096,-0.00037820941248854447,-0.10084630659351938,-0.00025125001890893123,4.5900284578889056e-05,-0.05422943109679953,-0.00013567880634389787,-0.0005060134541800304,-0.053578884579395775,-0.0001327887622347208,0.000243119346591922,-0.053703057644573664,-0.0001348143273777321,-0.0006373751778362393,-0.09984510023570368,-0.00024815369937690587,-0.001030418238150079,-0.09787759821017857,-0.0002423350645107639,-1.0912886069788307e-05,-0.05264480967403572,-0.00013158708595150152,-2.5495042380713125e-05,-0.0520132725750812,-0.0001299749865430705,-0.0011940053407894773,-0.09670344002043439,-0.00023902507820228338,-2.331428571428572,0.0,0.055,0.205,0.02
0.07200000000000001,0.0,0.0,-0.0005316188698657564,-0.10718498668640246,-0.0002667424358399766,0.00020707395545544008,-0.04167801242175308,-0.00010467045499425419,-0.0003802339268224824,-0.040856724510117175,-0.0001012690949440782,-0.0005090388898668491,-0.10507284820475896,-0.000261513901463467,0.00027704076263040776,-0.04036659951147689,-0.00010155253696831776,-0.0006397487875638091,-0.05694657766161443,-0.00014089808503373196,-0.000412018199940229,-0.10381237443450524,-0.0002585854125550417,4.9925092411077285e-05,-0.055824414364352454,-0.00013967578662232836,-0.0005511736344529697,-0.05515473412584859,-0.0001366218016791714,0.0002647706793542232,-0.0552825593400023,-0.00013881419671648557,-0.0006943241444935446,-0.10278172083087143,-0.00025536086413258796,-0.001122415203598998,-0.10075635109871321,-0.00024931483215140783,-1.1909069322713322e-05,-0.05419318642915441,-0.00013545568385771157,-2.7855007489422585e-05,-0.05354307470964241,-0.00013379394916815426,-0.0013005625716078057,-0.0995476588445648,-0.00024588413375943835,-2.4000000000000004,0.0,0.055,0.205,0.02
0.074,0.0,0.0,-0.0005777413380369269,-0.11024741487744252,-0.0002742894900189419,0.00022494059654501214,-0.042868812776660305,-0.00010768971683028936,-0.0004131717108276541,-0.04202405949612052,-0.00010410956392324511,-0.0005531985683239951,-0.10807492958203778,-0.00026891472673042734,0.0003009557023033756,-0.04151993092609051,-0.00010449242922180231,-0.000695166109094992,-0.058573622737660556,-0.00014483468487524188,-0.00044777967641578854,-0.1067784422754911,-0.0002659160601888772,5.417078142547395e-05,-0.05741939763190538,-0.00014367330681079113,-0.0005989312898897482,-0.05673058367230141,-0.0001404485250946211,0.00028766045611031387,-0.056862061035430934,-0.0001428170792869629,-0.0007545582851512071,-0.10571834142603918,-0.0002625600432038641,-0.0012197087609710146,-0.10363510398724787,-0.00025628172195912217,-1.2965852870439379e-05,-0.055741563184273105,-0.000139324135287376,-3.036323750880246e-05,-0.055072876844203617,-0.00013761255459178548,-0.0014132480250921753,-0.10239187766869523,-0.00025272828774271856,-2.468571428571429,0.0,0.055,0.205,0.02
0.076,0.0,0.0,-0.0006264493129300593,-0.11330984306848259,-0.00028183025432611415,0.00024379459918840877,-0.04405961313156753,-0.00011071138432028137,-0.00044794861125940067,-0.04319139448212387,-0.00010694555692824053,-0.0005998331824320659,-0.1110770109593166,-0.0002763095309774815,0.00032619390750023475,-0.04267326234070414,-0.00010743554510751879,-0.0007536775760518679,-0.06020066781370668,-0.0001487637542615292,-0.0004855480623312422,-0.10974451011647696,-0.00027324182610015293,5.8642153912873344e-05,-0.059014380899458305,-0.00014767137920220944,-0.0006493572983420407,-0.05830643321875422,-0.00014426875482216118,0.00031182167494222065,-0.05844156273085957,-0.0001468230579674247,-0.0008181683549407496,-0.10865496202120693,-0.0002697510093401393,-0.0013224440384680763,-0.10651385687578253,-0.0002632353702870288,-1.4085273291049689e-05,-0.0572899399393918,-0.0001431924352163034,-3.302522287221647e-05,-0.05660267897876483,-0.00014143078935314007,-0.0015322288500794862,-0.10523609649282566,-0.00025955712116933373,-2.5371428571428574,0.0,0.055,0.205,0.02
0.078,0.0,0.0,-0.0006778122429686524,-0.11637227125952267,-0.00028936455486648155,0.00026366089644265983,-0.045250413486474766,-0.00011373552021415793,-0.0004846132127872242,-0.04435872946812722,-0.00010977695214216954,-0.0006490091502805468,-0.11407909233659544,-0.00028369814788540843,0.0003527889820404266,-0.043826593755317764,-0.00011038196915704501,-0.0008153649113420274,-0.061827712889752806,-0.00015268508828425234,-0.0005253775126402952,-0.11271057795746282,-0.000280562574737829,6.334389415570237e-05,-0.06060936416701123,-0.00015167001580231027,-0.0007025223468313649,-0.05988228276520704,-0.00014808231366716248,0.00033728717646035216,-0.060021064426288205,-0.00015083221525307607,-0.0008852449598287291,-0.1115915826163747,-0.00027693353565358484,-0.0014307658245665523,-0.1093926097643172,-0.0002701754143146228,-1.5269394834103277e-05,-0.0588383166945105,-0.00014706057855304864,-3.5846562973589345e-05,-0.058132481113326036,-0.00014524863972613454,-0.0016576717388533026,-0.10808031531695607,-0.00026637021616719145,-2.605714285714286,0.0,0.055,0.205,0.02
0.08,0.0,0.0,-0.0007318994640478398,-0.11943469945056273,-0.0002968922180189852,0.0002845642500176231,-0.046441213841381994,-0.00011676218684456164,-0.0005232139542081758,-0.045526064454130565,-0.00011260362810335835,-0.0007007927774214312,-0.11708117371387426,-0.0002910804114089843,0.0003807743153912567,-0.04497992516993139,-0.00011333178537992955,-0.0008803095910278092,-0.06345475796579893,-0.00015659848263614224,-0.0005673221150745272,-0.11567664579844868,-0.00028787817071452095,6.828056531101099e-05,-0.062204347434564156,-0.00015566922832179963,-0.0007584969264465798,-0.061458132311659856,-0.00015188902491207123,0.00036408963956492365,-0.06160056612171684,-0.000154844633245443,-0.0009558785525655576,-0.11452820321154245,-0.0002841073956292843,-0.0015448185588636406,-0.11227136265285186,-0.00027710149207071325,-1.652031019067171e-05,-0.06038669344962919,-0.00015092856013698773,-3.883296900955343e-05,-0.05966228324788725,-0.00014906609171228414,-0.0017897429149052258,-0.1109245341410865,-0.000273167156005583,-2.6742857142857144,0.0,0.055,0.205,0.02
0.082,0.0,0.0,-0.0007887801965951969,-0.1224971276416028,-0.0003044130704438874,0.00030652924585956246,-0.04763201419628922,-0.00011979144611576712,-0.0005637991246762578,-0.04669339944013391,-0.00011542546371481434,-0.0007552502539394239,-0.12008325509115308,-0.0002984561557843292,0.0004101830771487512,-0.046133256584545014,-0.00011628507724984068,-0.0009485928379316588,-0.06508180304184505,-0.0001605037336270431,-0.0006114358883883867,-0.11864271363943454,-0.00029518847881090005,7.34566063066699e-05,-0.06379933070211707,-0.0001596690281685702,-0.0008173513272576716,-0.06303398185811267,-0.00015568871232916523,0.00039226157721851553,-0.06318006781714548,-0.00015886039364177603,-0.0010301594286418914,-0.1174648238067102,-0.0002912723631353616,-0.0016647463229470742,-0.11515011554138652,-0.0002840132424563072,-1.7840141263466072e-05,-0.06193507020474789,-0.00015479637473639305,-4.19902668064724e-05,-0.061192085382448455,-0.00015288313103359725,-0.0019286081207327006,-0.11376875296521691,-0.0002799475251257792,-2.742857142857143,0.0,0.055,0.205,0.02
0.084,0.0,0.0,-0.0008485235426397056,-0.1255595558326429,-0.0003119269390901192,0.00032958028975184404,-0.04882281455119646,-0.00012282335949264007,-0.0006064168599455409,-0.047860734426137266,-0.00011824233825365252,-0.0008124476515310692,-0.12308533646843192,-0.00030582521553623124,0.00044104821154038166,-0.04728658799915864,-0.00011924192769076849,-0.0010202956152635869,-0.06670884811789118,-0.00016440063819989884,-0.0006577727806091192,-0.12160878148042042,-0.0003024933639800801,7.88763287511205e-05,-0.06539431396967002,-0.00016366942643994173,-0.0008791556332462532,-0.0646098314045655,-0.00015948120019326957,0.00042183533223005745,-0.06475956951257412,-0.00016287957772448161,-0.0011081777222527833,-0.12040144440187797,-0.0002984282124330902,-0.0017906928312887505,-0.1180288684299212,-0.0002909103052674353,-1.9231039937053372e-05,-0.06348344695986659,-0.00015866401704650783,-4.5324399631948785e-05,-0.06272188751700968,-0.000156699743125508,-0.0020744326056742167,-0.11661297178934735,-0.00028671090917153664,-2.811428571428572,0.0,0.055,0.205,0.02
0.08600000000000001,0.0,0.0,-0.0009111984828890853,-0.12862198402368294,-0.0003194336512026081,0.0003537416029331843,-0.05001361490610369,-0.00012585798798963883,-0.0006511151386273447,-0.049028069412140614,-0.00012105413138048768,-0.0008724509205930312,-0.12608741784571076,-0.0003131874254854492,0.0004734024319502114,-0.04843991941377227,-0.00012220241906328163,-0.0010954986202712886,-0.06833589319393732,-0.00016828899394668434,-0.0007063866672917512,-0.12457484932140628,-0.0003097926913519929,8.454391385702141e-05,-0.06698929723722294,-0.00016767043391493515,-0.0009439797172532064,-0.0661856809510183,-0.00016326631329443013,0.0004528430730505296,-0.06633907120800275,-0.00016690226635058202,-0.0011900234022697988,-0.12333806499704572,-0.00030557471818698235,-0.0019228014221628971,-0.12090762131845587,-0.0002977923212179178,-2.0695188848161234e-05,-0.0650318237149853,-0.0001625314816876206,-4.884143099042352e-05,-0.06425168965157088,-0.00016051591312984733,-0.0022273811137828612,-0.11945719061347777,-0.0002934568950195089,-2.8800000000000003,0.0,0.055,0.205,0.02
0.088,0.0,0.0,-0.0009768738738156972,-0.13168441221472302,-0.0003269330343295848,0.00037903721773388326,-0.05120441526101092,-0.00012889539215986027,-0.0006979417784618277,-0.050195404398143954,-0.00012386072314879152,-0.0009353258873197537,-0.12908949922298957,-0.0003205426207559913,0.0005072782154670164,-0.04959325082838589,-0.00012516663315084026,-0.0011742822779134848,-0.06996293826998344,-0.00017216859912428037,-0.0007573313497792591,-0.12754091716239213,-0.00031708632623775096,9.046340937913417e-05,-0.06858428050477587,-0.00017167206104658225,-0.0010118932359438897,-0.06776153049747112,-0.00016704387695054478,0.00048531678958067055,-0.0679185729034314,-0.00017092853994120483,-0.0012757862682212888,-0.12627468559221347,-0.0003127116554748592,-0.0020612150485893907,-0.12378637420699051,-0.000304658931962069,-2.223480215606953e-05,-0.06658020047010399,-0.00016639876320313958,-5.2547547402477605e-05,-0.0657814917861321,-0.00016433162588785422,-0.0023876178717391794,-0.12230140943760819,-0.0003001850708095633,-2.948571428571429,0.0,0.055,0.205,0.02
0.09,0.0,0.0,-0.0010456184447512312,-0.1347468404057631,-0.0003344249163298685,0.00040549097323047266,-0.052395215615918145,-0.0001319356320841301,-0.0007469444326043323,-0.0513627393841473,-0.00012666199401421369,-0.0010011382508107259,-0.1320915806002684,-0.00032789063678237163,0.0005427077974559303,-0.050746582242999515,-0.00012813465114616633,-0.0012567267345570427,-0.07158998334602956,-0.0001760392526702902,-0.0008106605534680437,-0.130506985003378,-0.0003243741341339969,9.663872656678938e-05,-0.07017926377232879,-0.00017567431795426983,-0.0010829656247913371,-0.06933738004392394,-0.00017081371701995013,0.0005192882889909819,-0.06949807459886002,-0.00017495847847110173,-0.0013655559462810165,-0.12921130618738122,-0.00031983879979789986,-0.002206076269302843,-0.1266651270955252,-0.0003115097801173395,-2.3852126313087243e-05,-0.06812857722522268,-0.00017026585605766652,-5.6449061167447654e-05,-0.06731129392069331,-0.00016814686593322707,-0.002555306576804292,-0.1251456282617386,-0.0003068950259749986,-3.0171428571428573,0.0,0.055,0.205,0.02
0.092,0.0,0.0,-0.0011175007949903782,-0.13780926859680317,-0.0003419091253801299,0.0004331265109192088,-0.053586015970825386,-0.00013497876736013963,-0.0007981705859268298,-0.052530074370150656,-0.00012945782484386582,-0.0010699535801875772,-0.13509366197754724,-0.0003352313093168413,0.0005797231661541604,-0.05189991365761315,-0.0001311065536376727,-0.0013429118516984327,-0.0732170284220757,-0.00017990075421879664,-0.0008664279260788357,-0.1334730528443639,-0.00033165598072723963,0.00010307363713127311,-0.07177424703988172,-0.00017967721441612127,-0.001157266093077869,-0.07091322959037677,-0.0001745756599139636,0.0005547891915543157,-0.07107757629428868,-0.00017899216145819916,-0.0014594218852653318,-0.132147926782549,-0.00032695592709066994,-0.002357527239748066,-0.12954387998405986,-0.0003183445092868926,-2.5549440835112652e-05,-0.06967695398034139,-0.00017413275463507076,-6.0552413108969e-05,-0.06884109605525453,-0.0001719616174852177,-0.002730610384814221,-0.12798984708586905,-0.0003135863512726619,-3.0857142857142863,0.0,0.055,0.205,0.02
0.094,0.0,0.0,-0.0011925893909036965,-0.1408716967878432,-0.0003493854899821321,0.0004619672704088366,-0.0547768163257326,-0.0001380248570916295,-0.0008516675513348054,-0.05369740935615399,-0.0001322480969255679,-0.0011418373117212284,-0.13809574335482602,-0.00034256447443659614,0.0006183560572913207,-0.05305324507222676,-0.0001340824205959523,-0.0014329171997100735,-0.0748440734981218,-0.0001837529041160584,-0.0009246870359331562,-0.13643912068534972,-0.0003389317318981772,0.00010977177022847211,-0.07336923030743464,-0.0001836807598614148,-0.0012348636189155361,-0.07248907913682956,-0.00017832953260937923,0.0005918509264913333,-0.0726570779897173,-0.000183029667953179,-0.0015574733526390876,-0.13508454737771672,-0.0003340628137311285,-0.002515709703102523,-0.13242263287259448,-0.0003251627640821161,-2.732905907227457e-05,-0.07122533073546006,-0.00017799945323656235,-6.486417530306183e-05,-0.07037089818981572,-0.00017577586444176687,-0.002913691898216366,-0.13083406590999944,-0.000320258638812963,-3.154285714285714,0.0,0.055,0.205,0.02
0.096,0.0,0.0,-0.001270952563059875,-0.14393412497888328,-0.000356853838969949,0.0004920364851330499,-0.055967616680639834,-0.00014107395987762166,-0.0009074824660999264,-0.054864744342157344,-0.00013503269197705635,-0.0012168547459693187,-0.14109782473210486,-0.00034988996855095904,0.0006586379487349233,-0.05420657648684039,-0.00013706233136032925,-0.0015268220516121184,-0.07647111857416794,-0.00018759550343614467,-0.0009854913702354532,-0.13940518852633557,-0.00034620125372600605,0.00011673660945711454,-0.07496421357498757,-0.0001876849633630401,-0.0013158269442858153,-0.07406492868328239,-0.00018207516266091715,0.0006305047278291202,-0.07423657968514594,-0.00018707107652909317,-0.001659799430530491,-0.13802116797288447,-0.00034115923655061347,-0.0026807649813263804,-0.13530138576112916,-0.0003319641901450666,-2.9193328979652097e-05,-0.07277370749057877,-0.0001818659460787662,-6.939105378837772e-05,-0.07190070032437694,-0.0001795895903726847,-0.0031047131541490757,-0.13367828473412988,-0.0003269114820897838,-3.222857142857143,0.0,0.055,0.205,0.02
0.098,0.0,0.0,-0.0013526585033575979,-0.14699655316992338,-0.0003643140015171588,0.000523357178083072,-0.057158417035547075,-0.00014412613380170033,-0.0009656622882088323,-0.0560320793281607,-0.00013781149215515194,-0.001295071044924134,-0.14409990610938372,-0.000357207628408536,0.0007006000551615695,-0.05535990790145402,-0.00014004636462547237,-0.0016247053768702307,-0.07809816365021408,-0.0001914283539965049,-0.001048894333361038,-0.14237125636732145,-0.000353464412492715,0.00012397148987294178,-0.0765591968425405,-0.00019168983362999407,-0.0014002245700989748,-0.07564077822973521,-0.00018581237821362347,0.0006707816302732405,-0.07581608138057458,-0.00019111646527100927,-0.0017664890117550808,-0.14095778856805224,-0.00034824497284380437,-0.0028528339662407605,-0.13818013864966383,-0.00033874843417084364,-3.114463388807003e-05,-0.07432208424569747,-0.00018573222729179457,-7.413989125822606e-05,-0.07343050245893816,-0.00018340277851287446,-0.00330383561256525,-0.13652250355826032,-0.00033354447601027814,-3.291428571428572,0.0,0.055,0.205,0.02
0.1,0.0,0.0,-0.001437775262167213,-0.15005898136096343,-0.00037176580714401463,0.0005559521575607762,-0.0583492173904543,-0.00014718143642134343,-0.0010262537927283838,-0.057199414314164046,-0.00014058438006488803,-0.0013765512291712566,-0.14710198748666253,-0.000364517291104346,0.0007442733227543774,-0.056513239316067644,-0.00014303459842807305,-0.001726645835219895,-0.0797252087262602,-0.00019525125837347492,-0.0011149492451499425,-0.14533732420830733,-0.00036072107468736577,0.00013147959501914506,-0.07815418011009342,-0.00019569537899991594,-0.0014881247512735232,-0.07721662777618803,-0.00018954100801522265,0.0007127124650935162,-0.07739558307600322,-0.00019516591176569118,-0.001877630795849024,-0.14389440916322,-0.0003553198003786623,-0.0030320571106348007,-0.1410588915381985,-0.0003455151439298944,-3.318539327496681e-05,-0.07587046100081617,-0.00018959829091732026,-7.911766973400153e-05,-0.07496030459349937,-0.00018721541175560286,-0.003511220144400907,-0.13936672238239073,-0.0003401572169245637,-3.3600000000000003,0.0,0.055,0.205,0.02
0.10200000000000001,0.0,0.0,-0.0015263707454824073,-0.1531214095520035,-0.00037920908572459076,0.0005898440129527676,-0.05954001774536153,-0.00015023992475730576,-0.0010893035681877076,-0.05836674930016739,-0.00014335123876859753,-0.001461360175059157,-0.15010406886394137,-0.0003718187940869253,0.0007896884239271802,-0.05766657073068127,-0.00014602711013358911,-0.0018327217705178078,-0.08135225380230632,-0.00019906401991771607,-0.0011837093392068178,-0.1483033920492932,-0.0003679711070103581,0.00013926395397339907,-0.07974916337764636,-0.00019970160743166377,-0.001579595491836157,-0.07879247732264084,-0.00019326088142841832,0.0007563278560238111,-0.07897508477143185,-0.0001992194930913134,-0.0019933132851119198,-0.14683102975838774,-0.0003623834974063468,-0.003218574419402126,-0.14393764442673315,-0.00035226396829024585,-3.5318063535331445e-05,-0.07741883775593486,-0.0001934641309066497,-8.433151321963617e-05,-0.07649010672806057,-0.00019102747264581642,-0.0037270270197896486,-0.14221094120652114,-0.00034674930265530054,-3.428571428571429,0.0,0.055,0.205,0.02
0.10400000000000001,0.0,0.0,-0.001618512712082091,-0.1561838377430436,-0.00038664366749390297,0.0006250551105258407,-0.06073081810026877,-0.00015330165528305387,-0.0011548580129773721,-0.05953408428617075,-0.0001461119517949576,-0.001549562611879946,-0.1531061502412202,-0.00037911197516540265,0.0008368757520760294,-0.0588199021452949,-0.0001490239764230552,-0.0019430112046208907,-0.08297929887835245,-0.0002028664427695866,-0.001255227761206996,-0.15126945989027907,-0.00037521437637768067,0.0001473274384118233,-0.08134414664519929,-0.00020370852649793174,-0.0016747045400426189,-0.08036832686909366,-0.00019697182844314375,0.0008016582151761008,-0.0805545864668605,-0.0002032772858072108,-0.0021136247806593034,-0.14976765035355552,-0.000369435842671109,-0.0034125254407073287,-0.14681639731526783,-0.00035899455723966425,-3.754513875270574e-05,-0.07896721451105357,-0.00019732974111879559,-8.978869033670145e-05,-0.07801990886262179,-0.0001948389433735054,-0.003951415896323951,-0.14505516003065158,-0.00035332033252715486,-3.4971428571428578,0.0,0.055,0.205,0.02
0.106,0.0,0.0,-0.001714268770702687,-0.15924626593408367,-0.00039406938305500393,0.0006616075892442303,-0.061921618455176006,-0.00015636668391425462,-0.0012229633317660255,-0.0607014192721741,-0.00014886640314799184,-0.0016412231190615085,-0.15610823161849904,-0.00038639667251654777,0.00088586541635853,-0.05997323355990853,-0.0001520252732799614,-0.002057591831293463,-0.08460634395439859,-0.00020665833187444427,-0.0013295575672088338,-0.15423552773126495,-0.00038245074992514493,0.00015567275969019997,-0.08293912991275222,-0.00020771614337791012,-0.0017735193835198759,-0.0819441764155465,-0.00020067367968875968,0.0008487337389691083,-0.08213408816228915,-0.0002073393659436631,-0.002238653378485035,-0.1527042709487233,-0.00037647661542016003,-0.003614049257183059,-0.14969515020380253,-0.000365706561907738,-3.9869151470247505e-05,-0.08051559126617228,-0.00020119511531854894,-9.549661693978787e-05,-0.07954971099718301,-0.00019864980576711578,-0.0041845458073642,-0.14789937885478202,-0.0003598699073961452,-3.5657142857142867,0.0,0.055,0.205,0.02
0.108,0.0,0.0,-0.0018137063772210318,-0.1623086941251237,-0.00040148606338605254,0.0006995233566090675,-0.06311241881008323,-0.00015943506599831863,-0.0012936655319348287,-0.06186875425817743,-0.0001516144773160285,-0.0017364061233712323,-0.15911031299577783,-0.0003936727246917908,0.0009366872365015362,-0.061126564974522145,-0.0001550310759772017,-0.0021765410101431113,-0.0862333890304447,-0.0002104394929978781,-0.0014067517219724594,-0.15720159557225077,-0.0003896800950126048,0.00016430246594277583,-0.08453411318030513,-0.0002117244648499883,-0.0018761072444300258,-0.08352002596199928,-0.00020436626644619853,0.000897584404071783,-0.08371358985771776,-0.0002114058089917172,-0.0023684869655337653,-0.15564089154389102,-0.000383505595413515,-0.0038232844771583186,-0.15257390309233715,-0.0003723996345878852,-4.229267346185049e-05,-0.08206396802129096,-0.00020506024717455176,-0.00010146285871179195,-0.0810795131317442,-0.00020246004128701104,-0.004426575150396398,-0.1507435976789124,-0.00036639762967887054,-3.6342857142857143,0.0,0.055,0.205,0.02
0.11,0.0,0.0,-0.0019168928318480806,-0.1653711223161638,-0.00040889353984735694,0.0007388240845204511,-0.06430321916499046,-0.00016250685630399882,-0.001367010420030011,-0.06303608924418079,-0.00015435605928061492,-0.001835175896131552,-0.1621123943730567,-0.00040093997062421366,0.0009893707376377305,-0.062279896389135773,-0.00015804145906409328,-0.00229993576058579,-0.08786043410649083,-0.0002142097327408693,-0.0014868630972850376,-0.16016766341323666,-0.0003969022792281605,0.0001732189391989734,-0.08612909644785807,-0.0002157334972845021,-0.0019825350746563385,-0.08509587550845212,-0.00020804942066005524,0.0009482399633618992,-0.0852930915531464,-0.00021547668989304548,-0.0025032132157836603,-0.15857751213905877,-0.0003905225629338125,-0.004040369225918557,-0.15545265598087182,-0.0003790734287592838,-4.481831650331605e-05,-0.08361234477640966,-0.00020892513025736953,-0.00010769513373874246,-0.08260931526630542,-0.00020626963101898408,-0.004677661675439447,-0.15358781650304285,-0.0003729031033816161,-3.7028571428571433,0.0,0.055,0.205,0.02
0.112,0.0,0.0,-0.002023895276333616,-0.16843355050720388,-0.0004162916441883895,0.0007795312051625435,-0.0654940195198977,-0.00016558210901104536,-0.0014430435982338795,-0.06420342423018414,-0.00015709103452538534,-0.0019375965504475209,-0.16511447575033553,-0.00040819824963550993,0.001043945145171608,-0.06343322780374941,-0.00016105649635346785,-0.002427852755840683,-0.08948747918253697,-0.00021796885855487793,-0.0015699444702926752,-0.16313373125422254,-0.00040411717039234374,0.00018242439251833537,-0.087724079715411,-0.00021974324663652495,-0.002092869551011837,-0.08667172505490493,-0.00021172297495062147,0.00100072994190005,-0.08687259324857505,-0.00021955208302984236,-0.002642919586339577,-0.16151413273422655,-0.00039752729879610716,-0.004265441136998151,-0.1583314088694065,-0.00038572759910871987,-4.744873314357149e-05,-0.08516072153152837,-0.00021278975803756266,-0.00011420131506380001,-0.08413911740086664,-0.00021007855566781974,-0.0049379624735029345,-0.15643203532717329,-0.0003793859341293346,-3.7714285714285722,0.0,0.055,0.205,0.02
0.114,0.0,0.0,-0.00213478069118216,-0.1714959786982439,-0.0004236802085547757,0.0008216659069120979,-0.0666848198748049,-0.0001686608776999186,-0.0015218104608546034,-0.06537075921618747,-0.00015981928904488398,-0.002043732038446625,-0.1681165571276143,-0.00041544740144291694,0.001100439379675383,-0.06458655921836301,-0.00016407626090883653,-0.0025603683169553534,-0.09111452425858307,-0.000221716678756856,-0.001656048521839082,-0.16609979909520836,-0.00041132463656228923,0.0001919208671440244,-0.08931906298296391,-0.00022375371843870562,-0.0022071770704708204,-0.08824757460135774,-0.00021538676262586478,0.0010550836329193106,-0.08845209494400366,-0.00022363206221475928,-0.0027876933135368687,-0.16445075332939427,-0.0004045195843576367,-0.004498637343505875,-0.16121016175794112,-0.00039236180155235745,-5.0186617475929495e-05,-0.08670909828664704,-0.00021665412388375868,-0.00012098943322006677,-0.08566891953542784,-0.00021388679555091008,-0.005207633965096314,-0.15927625415130367,-0.0003858457291945019,-3.84,0.0,0.055,0.205,0.02
0.116,0.0,0.0,-0.0022496158928802783,-0.17455840688928398,-0.00043105906549525453,0.0008652491302708192,-0.06787562022971215,-0.00017174321534156064,-0.001603356190835101,-0.06653809420219083,-0.00016254070935334055,-0.0021536461485310555,-0.17111863850489314,-0.0004226872661661163,0.0011588820518153345,-0.06573989063297665,-0.0001671008250316301,-0.0026975584068617124,-0.09274156933462921,-0.00022545300254418464,-0.001745227834811104,-0.16906586693619424,-0.00041852454603588787,0.00020171022967519815,-0.09091404625051684,-0.00022776491779415216,-0.0023255237454237287,-0.08982342414781055,-0.00021904061769334937,0.001111330093830842,-0.09003159663943232,-0.00022771670068087908,-0.002937621409056012,-0.16738737392456204,-0.00041149920152756293,-0.004740094469483933,-0.1640889146464758,-0.0003989756932574248,-5.303470590938285e-05,-0.08825747504176575,-0.00022051822106072455,-0.00012806767874184465,-0.08719872166998906,-0.00021769433059192246,-0.005486831888790395,-0.1621204729754341,-0.0003922820975258445,-3.908571428571429,0.0,0.055,0.205,0.02
0.11800000000000001,0.0,0.0,-0.0023684675311354824,-0.17762083508032409,-0.00043842804796860954,0.0009103015638219621,-0.06906642058461938,-0.0001748291742872255,-0.0016877257562813506,-0.06770542918819418,-0.0001652551824933977,-0.002267402502642644,-0.17412071988217198,-0.00042991768433410234,0.001219301457309101,-0.06689322204759028,-0.00017013026024851404,-0.002839498624463321,-0.09436861441067534,-0.0002291776400095341,-0.0018375348924912465,-0.1720319347771801,-0.0004257167673559225,0.00021179416925857825,-0.09250902951806977,-0.00023177684936936244,-0.002447975398955748,-0.09139927369426339,-0.00022268437487209914,0.0011694981422457082,-0.09161109833486096,-0.0002318060710717295,-0.0030927906560482264,-0.17032399451972982,-0.00041846593277668453,-0.004989948621301137,-0.16696766753501047,-0.0004055689326638164,-5.599577793992814e-05,-0.08980585179688445,-0.00022438204272743768,-0.00013544440465398358,-0.08872852380455028,-0.00022150114031452108,-0.005775711289832034,-0.16496469179956455,-0.0003986946497769354,-3.9771428571428578,0.0,0.055,0.205,0.02
0.12,0.0,0.0,-0.00249140208612691,-0.18068326327136414,-0.0004457869893505716,0.0009568436402115643,-0.07025722093952662,-0.00017791880625837145,-0.0017749639070104458,-0.06887276417419752,-0.00016796259604479044,-0.002385064553540682,-0.17712280125945082,-0.0004371384968920204,0.001281725571914435,-0.06804655346220391,-0.00017316463729878252,-0.0029862641987545534,-0.09599565948672147,-0.00023289040215564535,-0.0019330220769173015,-0.17499800261816598,-0.0004329011693141868,0.00022217419479952957,-0.0941040127856227,-0.00023578951738720323,-0.002574597560149553,-0.0929751232407162,-0.00022631786960440115,0.0012296163520131745,-0.09319060003028959,-0.00023590024543133825,-0.0032532876052722864,-0.17326061511489757,-0.00042541956114712336,-0.005248335379080837,-0.16984642042354514,-0.00041214117950561,-5.9072656921911846e-05,-0.09135422855200315,-0.00022824558193515807,-0.0001431281289389631,-0.09025832593911148,-0.00022530720383614374,-0.006074426508812928,-0.16780891062369496,-0.0004050829983346573,-4.045714285714286,0.0,0.055,0.205,0.02
0.122,0.0,0.0,-0.002618485865767987,-0.18374569146240416,-0.0004531357234406931,0.0010048955321547122,-0.07144802129443382,-0.00018101216233661348,-0.0018651151711187113,-0.07004009916020086,-0.00017066283813297605,-0.002506695582092825,-0.1801248826367296,-0.0004443495452079723,0.0013461820464499223,-0.06919988487681751,-0.00017620402612182986,-0.003137929982972131,-0.09762270456276757,-0.00023659110091003255,-0.0020317416672491926,-0.1779640704591518,-0.00044007762095558625,0.00023285163219296433,-0.09569899605317561,-0.00023980292561993785,-0.002705455459412581,-0.094550972787169,-0.00022994093806754862,0.0012917130492757555,-0.0947701017257182,-0.00023999929519432844,-0.003419198571242689,-0.17619723571006526,-0.00043235987026198243,-0.005515389788164148,-0.17272517331207976,-0.0004186920948324973,-6.226821083939178e-05,-0.09290260530712183,-0.0002321088316254998,-0.00015112753698135335,-0.09178812807367268,-0.00022911249986183428,-0.006383131170393397,-0.17065312944782535,-0.00041144675734753103,-4.114285714285714,0.0,0.055,0.205,0.02
0.124,0.0,0.0,-0.002749785002981258,-0.18680811965344427,-0.0004604740844691907,0.0010544771484672342,-0.07263882164934107,-0.00018410929295373948,-0.0019582238515702005,-0.07120743414620422,-0.00017335579743771375,-0.0026323586945792925,-0.18312696401400846,-0.0004515506710797891,0.0014126982018481705,-0.07035321629143115,-0.00017924849584470272,-0.003294570448779547,-0.09924974963881372,-0.00024027954913960397,-0.0021337458381431563,-0.18093013830013768,-0.0004472459915822212,0.00024382762157438382,-0.09729397932072856,-0.00024381707738230384,-0.0028406140238292285,-0.09612682233362183,-0.0002335534171855231,0.0013558163085412797,-0.09634960342114686,-0.00024410329117605654,-0.003590609628389371,-0.17913385630523307,-0.000439286644334976,-0.005791246350609088,-0.17560392620061446,-0.0004252213410311258,-6.55853530775066e-05,-0.09445098206224053,-0.00023597178462850287,-0.0001594514839893042,-0.09331793020823391,-0.0002329170066781314,-0.006701978172082035,-0.17349734827195581,-0.000417785542753906,-4.182857142857143,0.0,0.055,0.205,0.02
0.126,0.0,0.0,-0.0028853654529855774,-0.18987054784448434,-0.0004678019071037577,0.001105608130123212,-0.0738296220042483,-0.00018721024788178882,-0.0020543340228058845,-0.07237476913220757,-0.00017604136320159344,-0.0027621168200105727,-0.1861290453912873,-0.00045874171674177,0.0014813010242419637,-0.07150654770604478,-0.00018229811476973238,-0.0034562596804848895,-0.10087679471485984,-0.00024395556066520073,-0.002239086658133367,-0.18389620614112356,-0.00045440615075745104,0.00025510311459136825,-0.09888896258828148,-0.00024783197552463964,-0.0029801378725383618,-0.09770267188007464,-0.00023715514464061352,0.0014219539487722354,-0.0979291051165755,-0.00024821230356279197,-0.0037676066072291473,-0.18207047690040082,-0.00044619966818002866,-0.006076039016726164,-0.1784826790891491,-0.00043172858184635006,-6.902704319384554e-05,-0.09599935881735923,-0.00023983443366070432,-0.00016810899739271305,-0.09484773234279512,-0.00023672070214701455,-0.007031119673072132,-0.17634156709608623,-0.0004240989723100105,-4.251428571428572,0.0,0.055,0.205,0.02
0.128,0.0,0.0,-0.0030252929905958507,-0.19293297603552442,-0.0004751190264563471,0.0011583078463387013,-0.07502042235915553,-0.00019031507622319685,-0.0021534895273738488,-0.07354210411821091,-0.00017871942523851257,-0.002896032707458836,-0.1891311267685661,-0.0004659225248713889,0.0015520171600838812,-0.0726598791206584,-0.0001853529503622509,-0.003623071369292568,-0.10250383979090597,-0.0002476189502760527,-0.0023478160880211233,-0.18686227398210942,-0.0004615579683099402,0.0002666788716958237,-0.10048394585583441,-0.00025184762242606444,-0.0031240913121365274,-0.09927852142652746,-0.00024074595888497273,0.0014901535294926601,-0.09950860681200413,-0.0002523264019019409,-0.003950275090549053,-0.18500709749556857,-0.00045309872722084857,-0.006369901176651019,-0.18136143197768378,-0.0004382134824023941,-7.259628768981021e-05,-0.09754773557247794,-0.00024369677132321022,-0.0001771092792177254,-0.09637753447735632,-0.00024052356369990904,-0.007370707083135712,-0.17918578592021664,-0.0004303866656178613,-4.32,0.0,0.055,0.205,0.02
0.13,0.0,0.0,-0.0031696332075355107,-0.19599540422656453,-0.0004824252780899217,0.0012125953906820474,-0.07621122271406278,-0.0001934238264010037,-0.0022557339725808056,-0.07470943910421428,-0.00018138987394210107,-0.003034168923403262,-0.19213320814584497,-0.00047309293859596537,0.001624872911299875,-0.07381321053527204,-0.0001884130692383898,-0.003795078807589456,-0.10413088486695211,-0.00025126953374414885,-0.0024599859792717046,-0.1898283418230953,-0.00046870131433768546,0.0002785554594572925,-0.10207892912338735,-0.00025586401998770796,-0.003272538332107251,-0.10085437097298029,-0.00024432569915210946,0.0015604423469128368,-0.10108810850743279,-0.0002564456550923136,-0.004138700409601766,-0.18794371809073637,-0.00045998360750046835,-0.0066729656519546755,-0.1842401848662185,-0.0004446757092239187,-7.629614078195993e-05,-0.09909611232759664,-0.00024755879009976707,-0.00018646170843722402,-0.09790733661191756,-0.0002443255683317496,-0.007720891051576092,-0.1820300047443471,-0.00043664824415302845,-4.38857142857143,0.0,0.055,0.205,0.02
0.132,0.0,0.0,-0.0033184515097619237,-0.19905783241760455,-0.0004897204980251726,0.001268489577211181,-0.07740202306896998,-0.0001965365461491301,-0.002361110727165232,-0.0758767740902176,-0.000184052600294092,-0.003176587849089485,-0.19513528952312376,-0.0004802528014993012,0.001699894230477292,-0.07496654194988565,-0.00019147853715296382,-0.00397235488326594,-0.10575792994299822,-0.0002549071278385219,-0.00257564807241901,-0.19279440966408112,-0.0004758360592120235,0.00029073324789763216,-0.10367391239094026,-0.00025988116962599386,-0.0034255426002768033,-0.10243022051943308,-0.0002478942054683146,0.0016328474300720554,-0.1026676102028614,-0.0002605701313744356,-0.0043329676403132825,-0.19088033868590407,-0.0004668540956907558,-0.006985364687291963,-0.1871189377547531,-0.00045111493025699607,-8.012970517333164e-05,-0.10064448908271532,-0.0002514204823548334,-0.00019617584329696555,-0.09943713874647875,-0.0002481266925951038,-0.008081821456239806,-0.1848742235684775,-0.00044288333129225354,-4.457142857142857,0.0,0.055,0.205,0.02
0.134,0.0,0.0,-0.0034718131148049045,-0.2021202606086446,-0.0004970045227472067,0.001326008936638275,-0.07859282342387722,-0.000199653282502721,-0.002469662917992439,-0.07704410907622095,-0.0001867074958726393,-0.0033233516779033567,-0.1981373709004026,-0.0004874019576282828,0.0017771067160878302,-0.07611987336449927,-0.00019454941898744142,-0.004154972074072386,-0.10738497501904434,-0.000258531550339446,-0.002694853995478091,-0.195760477505067,-0.00048296207358162,0.0003032124078473648,-0.10526889565849318,-0.00026389907226597706,-0.0035831674582968184,-0.1040060700658859,-0.00025145131866402277,0.0017073955369997006,-0.10424711189829004,-0.00026469989832090526,-0.00453316159950303,-0.19381695928107182,-0.0004737099791018963,-0.007307229942088685,-0.18999769064328775,-0.00045753081488998946,-8.410013282472494e-05,-0.10219286583783402,-0.0002552818403316517,-0.00020626142361702631,-0.10096694088103995,-0.0002519269125943575,-0.008453647392588763,-0.1877184423926079,-0.0004490915523409202,-4.525714285714286,0.0,0.055,0.205,0.02
0.136,0.0,0.0,-0.003629783049118529,-0.20518268879968468,-0.0005042771892121994,0.0013851717125221428,-0.07978362377878445,-0.0002027740817885568,-0.0025814334267718767,-0.0782114440622243,-0.00018935445286057963,-0.003474522412759229,-0.2011394522776814,-0.0004945402514994451,0.0018565356077459108,-0.0772732047791129,-0.0001976257787380018,-0.004343002442011502,-0.10901202009509046,-0.0002621426200525452,-0.0028176552623656874,-0.19872654534605286,-0.0004900792283764369,0.00031599290832399807,-0.10686387892604611,-0.0002679177283347337,-0.0037454759171541402,-0.10558191961233872,-0.0002549968803851048,0.0017841131508949185,-0.10582661359371867,-0.00026883502282679594,-0.00473936684111658,-0.19675357987623956,-0.00048055104569184133,-0.007638692482268096,-0.19287644353182243,-0.0004639230339743344,-8.821062572594259e-05,-0.10374124259295271,-0.00025914285615032,-0.00021672837306822124,-0.10249674301560116,-0.0002557262039799603,-0.00883651716283351,-0.19056266121673832,-0.0004552725345603739,-4.594285714285714,0.0,0.055,0.205,0.02
0.138,0.0,0.0,-0.003792426145446426,-0.2082451169907248,-0.0005115383348540156,0.0014459958574887537,-0.08097442413369169,-0.00020589898961553458,-0.002696464886796977,-0.07937877904822765,-0.00019199336405363945,-0.0036301618635029573,-0.20414153365496027,-0.0005016675281055026,0.001938205781502946,-0.07842653619372654,-0.00020070767950368113,-0.0045365176277671095,-0.11063906517113661,-0.0002657401568228128,-0.002944103271328873,-0.20169261318703877,-0.0004971873948116828,0.00032907451393261554,-0.10845886219359906,-0.00027193713775480765,-0.003912530652708275,-0.10715776915879155,-0.0002585307331040935,0.001863026476325121,-0.10740611528914733,-0.00027297557110010564,-0.004951667652471149,-0.19969020047140737,-0.00048737708407572695,-0.007979882772017234,-0.19575519642035713,-0.0004702912598452226,-9.246443666697608e-05,-0.10528961934807143,-0.0002630035218058637,-0.00022758680142316294,-0.1040265451501624,-0.00025952454194273544,-0.009230578265128417,-0.19340688004086878,-0.0004614259071950882,-4.662857142857144,0.0,0.055,0.205,0.02
0.14,0.0,0.0,-0.003959807040200736,-0.21130754518176487,-0.0005187877975907961,0.0015084990294802383,-0.08216522448859892,-0.00020902805086521917,-0.0028147996797078354,-0.08054611403423101,-0.00019462412286858508,-0.0037903316443298205,-0.2071436150322391,-0.0005087836329218403,0.0020221417451779782,-0.07957986760834015,-0.00020379518347460776,-0.00473558884516979,-0.11226611024718273,-0.0002693239815485391,-0.003074249303381922,-0.20465868102802462,-0.0005042864443917394,0.0003424567822890329,-0.11005384546115198,-0.0002759572999377115,-0.00408439400125682,-0.10873361870524437,-0.0002620527201313402,0.0019441614354435807,-0.10898561698457597,-0.00027712160865225275,-0.005170148050514043,-0.20262682106657512,-0.0004941878835352599,-0.008330930665593681,-0.19863394930889178,-0.0004766351663421864,-9.686487000912591e-05,-0.10683799610319013,-0.0002668638291663079,-0.00023884700678163088,-0.1055563472847236,-0.0002633219012082511,-0.009635977382829689,-0.1962510988649992,-0.000467551301499677,-4.731428571428572,0.0,0.055,0.205,0.02
0.14200000000000002,0.0,0.0,-0.004131990170854911,-0.21436997337280492,-0.0005260254158315105,0.0015726985880327579,-0.08335602484350615,-0.00021216130968246597,-0.002936479932277028,-0.08171344902023435,-0.00019724662335131627,-0.003955093171217553,-0.2101456964095179,-0.0005158884119129702,0.002108367633725161,-0.08073319902295378,-0.0002068883519203294,-0.004940286875699907,-0.11389315532322886,-0.00027289391619514765,-0.0032081445207515027,-0.20762474886901047,-0.0005113762489140713,0.00035613906146581383,-0.11164882872870491,-0.00027997821377748487,-0.004261127955129249,-0.11030946825169718,-0.0002655626856261009,0.002027543664226364,-0.1105651186800046,-0.00028127320028862045,-0.005394891778094232,-0.20556344166174287,-0.0005009832340280721,-0.00869196539917329,-0.20151270219742642,-0.0004829544288295819,-0.00010141528245604514,-0.10838637285830882,-0.00027072376997074927,-0.00025051947776992295,-0.10708614941928482,-0.000267118256031258,-0.01005286037381698,-0.1990953176891296,-0.0004736483507657498,-4.800000000000001,0.0,0.055,0.205,0.02
0.14400000000000002,0.0,0.0,-0.004309039773350542,-0.21743240156384502,-0.0005332510284824753,0.0016386115905836017,-0.08454682519841339,-0.00021529880946611536,-0.003061547513218857,-0.08288078400623772,-0.00019986076018490174,-0.004124507659374688,-0.21314777778679678,-0.000522981711538948,0.0021969072046385575,-0.08188653043756743,-0.00020998724517823147,-0.00515068206302848,-0.115520200399275,-0.00027644978380893774,-0.003345839965330306,-0.21059081670999638,-0.0005184566804731122,0.00037012048746143714,-0.11324381199625785,-0.00028399987764430917,-0.004442794158309409,-0.11188531779815002,-0.00026906047460755194,0.0021131985087288587,-0.11214462037543325,-0.00028543041009914907,-0.005625982300247217,-0.20850006225691067,-0.0005077629261970411,-0.009063115582739438,-0.20439145508596113,-0.0004892487242169696,-0.00010611908382469505,-0.10993474961342754,-0.00027458333582742876,-0.0002626148957138651,-0.10861595155384604,-0.0002709135801901903,-0.01048137225987951,-0.20193953651326008,-0.00047971669034860775,-4.86857142857143,0.0,0.055,0.205,0.02
0.146,0.0,0.0,-0.004491019879518388,-0.22049482975488505,-0.0005404644749538363,0.001706254788807882,-0.08573762555332061,-0.00021844059285976055,-0.0031900440300223275,-0.08404811899224104,-0.00020246642869755548,-0.004298636120704401,-0.21614985916407556,-0.0005300633787617522,0.0022877838333947085,-0.08303986185218103,-0.00021309192264204897,-0.0053668443075963876,-0.11714724547532111,-0.0002799914085307316,-0.00348738655713921,-0.2135568845509822,-0.0005255276114641298,0.00038439998169290536,-0.11483879526381076,-0.00028802228937818046,-0.004629453902087107,-0.11346116734460282,-0.00027254593296573355,0.0022011510213621366,-0.11372412207086187,-0.00028959330144897683,-0.0058635028004933604,-0.21143668285207837,-0.0005145267513795779,-0.009444509192014354,-0.20727020797449575,-0.0004955177309793907,-0.00011097973781620075,-0.11148312636854621,-0.00027844251821180377,-0.0002751441367851573,-0.11014575368840723,-0.00027470784698173346,-0.010921657216167467,-0.20478375533739046,-0.0004857559576937774,-4.937142857142858,0.0,0.055,0.205,0.02
0.148,0.0,0.0,-0.004677994314513793,-0.22355725794592507,-0.0005476655951660168,0.001775644624985186,-0.08692842590822783,-0.0002215867017425893,-0.003322010825808132,-0.08521545397824437,-0.00020506352487055513,-0.00447753936128405,-0.21915194054135437,-0.000537133261051625,0.002381020508933449,-0.08419319326679464,-0.00021620244275047336,-0.005588843061232374,-0.11877429055136722,-0.00028351861560942706,-0.0036328350927980944,-0.21652295239196803,-0.0005325889145870721,0.0003989762485120808,-0.11643377853136366,-0.00029204544628264143,-0.004821168120739145,-0.11503701689105561,-0.00027601890747242126,0.0022914259571894056,-0.11530362376629048,-0.00029376193696913154,-0.006107536177149851,-0.2143733034472461,-0.0005212745016168819,-0.009836273560433052,-0.2101489608630304,-0.0005017611291775401,-0.00011600076278659452,-0.11303150312366489,-0.00028230130846462173,-0.0002881182741207371,-0.11167555582296843,-0.0002785010292154582,-0.011373858560709552,-0.20762797416152085,-0.0004917657923633835,-5.005714285714285,0.0,0.055,0.205,0.02
0.15,0.0,0.0,-0.004870026694266652,-0.22661968613696518,-0.0005548542295561285,0.0018467972283965472,-0.08811922626313506,-0.0002247371772203006,-0.0034574889762099457,-0.08638278896424774,-0.00020765194534609903,-0.004661277978860603,-0.2221540219186332,-0.0005441912063933728,0.002476639829177413,-0.08534652468140828,-0.00021931886297585433,-0.005816747321810332,-0.12040133562741336,-0.00028703123141545243,-0.0037822362440053975,-0.2194890202329539,-0.0005396404628503895,0.00041384777274603525,-0.11802876179891661,-0.00029606934511857173,-0.005017997387240168,-0.11661286643750844,-0.00027947924579192323,0.0023840477702427873,-0.11688312546171914,-0.0002979363785472714,-0.006358165039656468,-0.21730992404241387,-0.0005280059696631601,-0.010238535371160436,-0.21302771375156507,-0.0005079786004778301,-0.00012118573251743384,-0.1145798798787836,-0.00028615969778999253,-0.000301548579914845,-0.11320535795752966,-0.0002822930992085223,-0.011838118743997471,-0.2104721929856513,-0.0004977458360623544,-5.074285714285715,0.0,0.055,0.205,0.02
0.152,0.0,0.0,-0.005067180422946124,-0.22968211432800525,-0.0005620302190843465,0.0019197284117520902,-0.0893100266180423,-0.00022789205961609713,-0.003596519286280309,-0.08755012395025108,-0.00021023158743510285,-0.004849912360362133,-0.22515610329591204,-0.0005512370632926286,0.0025746639965906954,-0.0864998560960219,-0.00022244123981299827,-0.006050625627946329,-0.12202838070345949,-0.00029052908345412294,-0.003935640556026531,-0.22245508807393977,-0.0005466821295748359,0.0004290128172616952,-0.11962374506646953,-0.0003000939820980389,-0.005220001909003675,-0.11818871598396126,-0.00028292679649180276,0.0024790406098606694,-0.11846262715714778,-0.00030211668731847644,-0.006615471704915308,-0.22024654463758164,-0.000534720948994813,-0.010651420649152086,-0.21590646664009974,-0.0005141698281723483,-0.00012653827698628098,-0.1161282566339023,-0.0002900176772534622,-0.0003154465274834793,-0.11473516009209087,-0.00028608402878044003,-0.012314579338638209,-0.21331641180978173,-0.0005036957326644606,-5.142857142857143,0.0,0.055,0.205,0.02
0.154,0.0,0.0,-0.0052695186904402405,-0.23274454251904533,-0.000569193405240248,0.001994453667649706,-0.09050082697294953,-0.00023105138846175405,-0.003739142287421388,-0.08871745893625443,-0.00021280234912493531,-0.005043502679425587,-0.22815818467319088,-0.0005582706807820718,0.0026751148137771105,-0.08765318751063553,-0.00022556962876806554,-0.006290546053735843,-0.12365542577950561,-0.0002940120003788982,-0.004093098446191244,-0.22542115591492565,-0.0005537137883972478,0.000444469420555063,-0.12121872833402246,-0.00030411935287821037,-0.0054272415236535625,-0.11976456553041408,-0.000286361409053526,0.0025764283170458683,-0.12004212885257641,-0.0003063029236560927,-0.006879538193644649,-0.2231831652327494,-0.0005414192338195852,-0.011075054753259282,-0.2187852195286344,-0.0005203344971987057,-0.00013206208313703042,-0.117676633389021,-0.0002938752377800868,-0.0003298237933009299,-0.11626496222665207,-0.0002898737892479215,-0.01280338102907487,-0.21616063063391214,-0.0005096151282381848,-5.211428571428572,0.0,0.055,0.205,0.02
0.156,0.0,0.0,-0.005477104469850599,-0.23580697071008538,-0.0005763436300491129,0.0020709881650651063,-0.09169162732785675,-0.00023421520248876614,-0.003885398234340887,-0.08988479392225777,-0.00021536412908709096,-0.005242108893940996,-0.2311602660504697,-0.0005652919084276103,0.0027780136791185,-0.08880651892524916,-0.00022870408434756567,-0.00653657620353166,-0.12528247085555175,-0.00029747981200453974,-0.0042546602024000485,-0.2283872237559115,-0.0005607353132743006,0.000460215394365292,-0.12281371160157538,-0.0003081454525553261,-0.005639775694826542,-0.1213404150768669,-0.00028978293388303334,0.0026762344208448438,-0.12162163054800505,-0.0003104951471626273,-0.007150446226747108,-0.22611978582791714,-0.0005481006190856812,-0.011509562368378789,-0.22166397241716906,-0.0005264722941597745,-0.00013776089565006966,-0.11922501014413969,-0.00029773237015250667,-0.00034469225900808555,-0.11779476436121328,-0.0002936623514197809,-0.013304663601376917,-0.21900484945804255,-0.0005155036710724193,-5.28,0.0,0.055,0.205,0.02
0.158,0.0,0.0,-0.0056900005150023174,-0.23886939890112546,-0.0005834807360781872,0.002149346745873605,-0.09288242768276399,-0.00023738353961957274,-0.004035327102033404,-0.09105212890826113,-0.0002179168266848006,-0.0054457907436123235,-0.23416234742774852,-0.0005723005963345189,0.00288338158245353,-0.08995985033986278,-0.0002318446600474532,-0.006788783206762897,-0.12690951593159785,-0.00030093234932016547,-0.0044203759816397944,-0.23135329159689735,-0.0005677465784862433,0.0004762483213138907,-0.12440869486912831,-0.000312172275658734,-0.005857663508005789,-0.12291626462331971,-0.0002931912223212329,0.0027784821347482027,-0.12320113224343368,-0.0003146934166606963,-0.007428277221692256,-0.2290564064230849,-0.0005547649004908445,-0.011955067497647931,-0.2245427253057037,-0.0005325829073433123,-0.0001436385177122591,-0.12077338689925839,-0.0003015890650090208,-0.0003600640133922099,-0.1193245664957745,-0.00029744968559191606,-0.013818565933100584,-0.221849068282173,-0.0005213610117019902,-5.348571428571429,0.0,0.055,0.205,0.02
0.16,0.0,0.0,-0.005908269357969393,-0.2419318270921655,-0.000590604566442908,0.0022295439214039744,-0.09407322803767121,-0.00024055643695886206,-0.004188968582787496,-0.09221946389426447,-0.00022046034198057769,-0.005654607747535125,-0.23716442880502733,-0.0005792965951535375,0.0029912391007974157,-0.0911131817544764,-0.00023499140834232484,-0.007047233712795605,-0.128536561007644,-0.00030436944450220276,-0.00459029580850851,-0.23431935943788323,-0.0005747474586406086,0.0004925655525693298,-0.12600367813668123,-0.0003161998161449878,-0.006080963666386168,-0.12449211416977252,-0.0002965861266544168,0.0028831943531127235,-0.12478063393886232,-0.00031889779018402634,-0.00771311228891386,-0.23199302701825264,-0.000561411874491401,-0.012411693454685487,-0.22742147819423839,-0.0005386660267414761,-0.00014969881178671551,-0.12232176365437708,-0.000305445312841662,-0.00037595135433788723,-0.1208543686303357,-0.00030123576154235875,-0.01434522598322028,-0.2246932871063034,-0.0005271868029330071,-5.417142857142857,0.0,0.055,0.205,0.02
0.162,0.0,0.0,-0.006131973306615669,-0.2449942552832056,-0.0005977149648130905,0.0023115938690247153,-0.09526402839257844,-0.00024373393078495607,-0.0043463620832187265,-0.09338679888026782,-0.0002229945757437008,-0.005868619201791217,-0.24016651018230617,-0.0005862797560869276,0.0031016063941030105,-0.09226651316909003,-0.0002381443806747186,-0.0073119938858353896,-0.1301636060836901,-0.00030779093092723624,-0.004764469573749589,-0.2372854272788691,-0.0005817378286759015,0.0005091642055373219,-0.12759866140423415,-0.0003202280673920087,-0.0063097344867713775,-0.12606796371622533,-0.00029996750012459793,0.0029903936476051367,-0.12636013563429097,-0.0003231083249685092,-0.008005032228221902,-0.2349296476134204,-0.0005680413383112663,-0.012879562855878915,-0.23030023108277303,-0.0005447213440702189,-0.00015594570038238368,-0.12387014040949577,-0.00030930110399427266,-0.00039236679074883924,-0.12238417076489691,-0.00030502054852639757,-0.014884780782131743,-0.22753750593043381,-0.0005329806998680338,-5.485714285714286,0.0,0.055,0.205,0.02
0.164,0.0,0.0,-0.0063611744421515504,-0.2480566834742457,-0.0006048117754190751,0.0023955104287630806,-0.09645482874748569,-0.000246916056541276,-0.004507546721328983,-0.09455413386627118,-0.0002255194294576311,-0.006087884177060515,-0.24316859155958503,-0.0005932499308944846,0.0032145032010636844,-0.09341984458370367,-0.0002413036274445167,-0.007583129399872511,-0.13179065115973626,-0.00031119664318475217,-0.004942947032795442,-0.24025149511985497,-0.0005887175638652634,0.000526041161577042,-0.1291936446717871,-0.00032425702219331104,-0.00654403389550337,-0.12764381326267818,-0.000303335196939767,0.003100102263667893,-0.1279396373297196,-0.0003273250774433119,-0.008304117525229545,-0.2378662682085882,-0.0005746530899509157,-0.01335879761271845,-0.23317898397130774,-0.0005507485527885721,-0.00016238316682338003,-0.1254185171646145,-0.00031315642866058027,-0.00040932304444032063,-0.12391397289945814,-0.0003088040152717733,-0.015437366421727768,-0.23038172475456428,-0.0005387423599310814,-5.554285714285715,0.0,0.055,0.205,0.02
0.166,0.0,0.0,-0.0065959346167066436,-0.2511191116652858,-0.0006118948430578355,0.0024813070999571887,-0.09764562910239293,-0.00025010284882789,-0.004672561323592317,-0.09572146885227453,-0.00022803480532736388,-0.0063124615162502345,-0.24617067293686384,-0.0006002069718995083,0.0033299488349584276,-0.09457317599831729,-0.0002444691979984524,-0.007860705433669887,-0.13341769623578237,-0.0003145864170897746,-0.005125777804320687,-0.24321756296084085,-0.0005956865398201135,0.0005431930637435557,-0.13078862793934004,-0.0003282866727522927,-0.0067839194244243605,-0.129219662809131,-0.00030668907228406905,0.0032123421170071444,-0.12951913902514825,-0.0003315481032220403,-0.008610448347795202,-0.24080288880375594,-0.000581246928196316,-0.013849518924178553,-0.2360577368598424,-0.00055674734811781,-0.0001690152560180917,-0.12696689391973318,-0.0003170112768822745,-0.0004268330520018013,-0.12544377503401935,-0.00031258612997394757,-0.01600311804554723,-0.2332259435786947,-0.0005444714428924173,-5.622857142857144,0.0,0.055,0.205,0.02
0.168,0.0,0.0,-0.006836315450918489,-0.25418153985632586,-0.0006189640130990481,0.002568997037941559,-0.09883642945730015,-0.00025329434139314335,-0.0048414444220675834,-0.09688880383827787,-0.00023054060628671392,-0.006542409832141624,-0.24917275431414268,-0.0006071507319947311,0.0034479621795395917,-0.09572650741293091,-0.0002476411406197233,-0.008144786665794455,-0.1350447413118285,-0.00031796008969539656,-0.005313011368804996,-0.2461836308018267,-0.000602644632493765,0.0005606163145567161,-0.13238361120689296,-0.00033231701067659133,-0.007029448206871792,-0.13079551235558382,-0.00031002898232789866,0.0033271347901031693,-0.1310986407205769,-0.00033577745709396006,-0.008924104542479865,-0.2437395093989237,-0.0005878226526278212,-0.01435184726914727,-0.23893648974837706,-0.0005627174270604962,-0.0001758460752280139,-0.12851527067485188,-0.0003208656385470845,-0.0004449099666296485,-0.12697357716858057,-0.0003163668602914469,-0.016582169838998222,-0.2360701624028251,-0.0005501676108931947,-5.691428571428572,0.0,0.055,0.205,0.02
0.17,0.0,0.0,-0.007082378331537542,-0.2572439680473659,-0.0006260191314911185,0.0026585930507663997,-0.10002722981220738,-0.00025649056712537233,-0.005014234251538133,-0.09805613882428123,-0.0002330367360055341,-0.006777787505054406,-0.2521748356914215,-0.0006140810646481997,0.003568561684963694,-0.09687983882754454,-0.00025081950251771033,-0.008435437269692302,-0.13667178638787464,-0.00032131749930520043,-0.005504697067105681,-0.24914969864281256,-0.0006095917181850189,0.0005783070737967922,-0.13397859447444588,-0.0003363480269725065,-0.007280676973706567,-0.1323713619020366,-0.00031335478423791203,0.003444501528743463,-0.1326781424160055,-0.0003400131930152717,-0.009245165631019849,-0.24667612999409144,-0.000594380063629029,-0.014865902398903959,-0.24181524263691173,-0.0005686584884194112,-0.00018287979483630828,-0.1300636474299706,-0.0003247195033868564,-0.000463567159929525,-0.12850337930314176,-0.0003201461733412803,-0.01717465501965605,-0.23891438122695555,-0.0005558305284698934,-5.760000000000001,0.0,0.055,0.205,0.02
0.17200000000000001,0.0,0.0,-0.0073341844090485655,-0.26030639623840596,-0.0006330600447671712,0.0027501075959509725,-0.1012180301671146,-0.0002596915580447025,-0.005190968746678844,-0.09922347381028457,-0.0002355230988968661,-0.007018652680529106,-0.2551769170687003,-0.0006209978239091148,0.003691765363765695,-0.09803317024215816,-0.00025400432981780463,-0.008732720908808025,-0.13829883146392075,-0.0003246584854855711,-0.005700884099040116,-0.2521157664837984,-0.0006165276735417318,0.0005962612563270845,-0.1355735777419988,-0.000340379712039489,-0.007537662049374885,-0.13394721144848942,-0.00031666633618695713,0.003564463238578717,-0.13425764411143415,-0.00034425536410044404,-0.009573710806815114,-0.2496127505892592,-0.0006009189623955984,-0.015391803329645935,-0.24469399552544638,-0.0005745702328163561,-0.00019012064911606372,-0.13161202418508927,-0.00032857286097563243,-0.00048281822368822163,-0.13003318143770298,-0.0003239240356944337,-0.01778070582763685,-0.24175860005108596,-0.0005614598625785748,-5.828571428571429,0.0,0.055,0.205,0.02
0.17400000000000002,0.0,0.0,-0.007591794595308603,-0.26336882442944604,-0.0006400866000509938,0.0028435527772713606,-0.10240883052202183,-0.000262897345294932,-0.005371685539250716,-0.10039080879628791,-0.00023799960012402266,-0.007265063267027432,-0.25817899844597914,-0.0006279008644136251,0.003817590786877164,-0.09918650165677179,-0.00025719566755134373,-0.009036700731748712,-0.13992587653996688,-0.0003279828890778971,-0.005901621521978096,-0.25508183432478426,-0.0006234523755643604,0.0006144745299437858,-0.13716856100955174,-0.0003444120556646971,-0.0078004593480040215,-0.13552306099494224,-0.0003199634973639184,0.0036870404817019096,-0.1358371458068628,-0.00034850402261360383,-0.009909818931433317,-0.25254937118442694,-0.0006074391509440295,-0.0159296683350645,-0.24757274841398103,-0.0005804523627108378,-0.00019757293699824158,-0.13316040094020798,-0.0003324257007277298,-0.000502676971614648,-0.1315629835722642,-0.00032770041337143994,-0.01840045351604754,-0.24460281887521637,-0.0005670552826189488,-5.897142857142858,0.0,0.055,0.205,0.02
0.176,0.0,0.0,-0.007855269561201677,-0.2664312526204861,-0.0006470986450629437,0.0029389403415829548,-0.10359963087692907,-0.0002661079591355011,-0.005556421955323319,-0.10155814378229126,-0.00024046614560760139,-0.0075170769336508755,-0.26118107982325794,-0.0006347900413905763,0.003946055079688731,-0.10033983307138541,-0.00026039355964565646,-0.009347439367492995,-0.14155292161601302,-0.00033129055221066075,-0.00610695824944421,-0.25804790216577017,-0.0006303657016094802,0.0006329423132533374,-0.13876354427710466,-0.00034844504701762115,-0.008069124369532358,-0.13709891054139506,-0.0003232461279834776,0.0038122534732507236,-0.13741664750229143,-0.00035275921995998335,-0.010253568531129744,-0.2554859917795947,-0.0006139404321204035,-0.016479614938970887,-0.2504515013025157,-0.000586304582418628,-0.00020524102283928604,-0.13470877769532666,-0.00033627801189582105,-0.0005231574410497064,-0.1330927857068254,-0.0003314752718380268,-0.019034028341512944,-0.2474470376993468,-0.0005726164604582482,-5.965714285714286,0.0,0.055,0.205,0.02
0.178,0.0,0.0,-0.008124669734310374,-0.2694936808115262,-0.0006540960281258113,0.0030362816756779806,-0.10479043123183629,-0.0002693234289335481,-0.005745215012525327,-0.1027254787682946,-0.0002429226420324282,-0.007774751107877714,-0.2641831612005368,-0.0006416652106672148,0.004077174918157231,-0.10149316448599903,-0.0002635980489142194,-0.009664998920645575,-0.14317996669205912,-0.00033458131831141534,-0.0063169430497303355,-0.261013970006756,-0.0006372675293932796,0.0006516597735775322,-0.14035852754465758,-0.0003524786746447773,-0.008343712195874002,-0.13867476008784788,-0.0003265140892957888,0.003940122078033509,-0.13899614919772005,-0.00035702100667742696,-0.010605037793383277,-0.25842261237476244,-0.0006204226096090818,-0.017041759907972565,-0.2533302541910504,-0.0005921265981301988,-0.00021312933718838,-0.13625715445044537,-0.0003401297835690152,-0.0005442738946447792,-0.13462258784138662,-0.0003352485760008423,-0.01968155955478073,-0.2502912565234772,-0.0005781430704549107,-6.034285714285715,0.0,0.055,0.205,0.02
0.18,0.0,0.0,-0.008400055296604488,-0.2725561090025662,-0.0006610785981706396,0.0031355878031783745,-0.10598123158674352,-0.00027254378315605377,-0.005938101417323396,-0.10389281375429796,-0.00024536899685443156,-0.008038142973318563,-0.2671852425778156,-0.0006485262286748448,0.004210966524957946,-0.10264649590061266,-0.0002668091770469247,-0.009989440966737631,-0.14480701176810526,-0.00033785503211864924,-0.0065316245445183364,-0.2639800378477419,-0.0006441577369950288,0.0006706218248866125,-0.1419535108122105,-0.0003565129264644701,-0.008624277487118298,-0.1402506096343007,-0.00032976724359606673,0.004070665807179005,-0.1405756508931487,-0.0003612894324279555,-0.01096430456344856,-0.2613592329699302,-0.0006268854879413673,-0.017616219244200464,-0.256209007079585,-0.000597918117929031,-0.00022124237755432655,-0.13780553120556405,-0.0003439810046709392,-0.0005660408220085618,-0.13615238997594784,-0.00033902029020325763,-0.020343175391404948,-0.25313547534760766,-0.0005836347894820674,-6.102857142857143,0.0,0.055,0.205,0.02
0.182,0.0,0.0,-0.008681486182146848,-0.27561853719360635,-0.0006680462047425047,0.0032368693814643222,-0.10717203194165077,-0.0002757690493620729,-0.006135117562329642,-0.10506014874030131,-0.00024780511830744476,-0.008307309467490663,-0.2701873239550945,-0.0006553729524544398,0.004347445665682317,-0.1037998273152263,-0.0002700269846004606,-0.010320826547573542,-0.1464340568441514,-0.00034111153969353444,-0.006751051207513061,-0.2669461056887278,-0.0006510362028605236,0.0006898231257606065,-0.14354849407976344,-0.00036054778976162515,-0.008910874477764567,-0.14182645918075354,-0.0003330054542340881,0.0042039038148100295,-0.14215515258857736,-0.00036556454598939093,-0.011331446340924492,-0.264295853565098,-0.0006333288725041236,-0.018203108178087537,-0.2590877599681197,-0.0006036788518097982,-0.00022958470917203548,-0.13935390796068278,-0.0003478316639578211,-0.000588472941321978,-0.13768219211050906,-0.00034279037822125124,-0.021019003062508878,-0.2559796941717381,-0.0005890912969508329,-6.171428571428573,0.0,0.055,0.205,0.02
0.184,0.0,0.0,-0.00896902207481651,-0.2786809653846464,-0.0006749986980062487,0.0033401366986387645,-0.10836283229655798,-0.0002789992541950558,-0.006336299523637952,-0.10622748372630465,-0.00025023091540993757,-0.008582307279611045,-0.2731894053323733,-0.0006622052396622067,0.004486627645081536,-0.1049531587298399,-0.00027325151098880554,-0.0106592161666243,-0.1480611019201975,-0.0003443506884315599,-0.006975271363085713,-0.2699121735297136,-0.0006579028058055013,0.0007092580773791456,-0.14514347734731636,-0.0003645832511826924,-0.009203556972992365,-0.14340230872720633,-0.0003362285856236044,0.004339854894741353,-0.14373465428400597,-0.00036984639524704,-0.011706540276339217,-0.2672324741602657,-0.0006397525695483531,-0.018802541161199192,-0.26196651285665434,-0.000609408511696417,-0.00023816096576859358,-0.14090228471580146,-0.0003516817500165736,-0.0006115852009209188,-0.13921199424507025,-0.0003465588032593707,-0.021709168745627925,-0.2588239129958685,-0.000594512274833399,-6.24,0.0,0.055,0.205,0.02
0.186,0.0,0.0,-0.009262722406049442,-0.2817433935756864,-0.0006819359287521747,0.003445399670528176,-0.1095536326514652,-0.0002822344233752599,-0.006541683058189382,-0.10739481871230798,-0.00025264629797167504,-0.008863192848408748,-0.27619148670965205,-0.0006690229485751025,0.004628527303356394,-0.10610649014445352,-0.0002764827944738376,-0.011004669784468037,-0.1496881469962436,-0.0003475723270740483,-0.0072043331849277106,-0.27287824137069944,-0.0006647574250190343,0.0007289208215400023,-0.14673846061486928,-0.0003686192967306211,-0.009502378344967592,-0.14497815827365912,-0.00033943650325166694,0.004478537477201958,-0.1453141559794346,-0.0003741350271854398,-0.012089663167751752,-0.27016909475543344,-0.0006461563861977355,-0.019414631859116037,-0.26484526574518896,-0.0006151068114599744,-0.0002469758503288974,-0.14245066147092011,-0.0003555312512628788,-0.000635392780846546,-0.14074179637963144,-0.0003503255279467763,-0.02241379757563325,-0.2616681318199989,-0.0005998974076859274,-6.308571428571428,0.0,0.055,0.205,0.02
0.188,0.0,0.0,-0.00956264635259687,-0.2848058217667265,-0.0006888577484016927,0.0035526678377199136,-0.11074443300637245,-0.0002854745816922516,-0.006751303601166876,-0.10856215369831133,-0.0002550511766003049,-0.009150022359956244,-0.2791935680869309,-0.0006758259380963054,0.004773159012493759,-0.10725982155906716,-0.00027972087215605887,-0.011357246814278051,-0.15131519207228974,-0.0003507763057195543,-0.00743828469471509,-0.2758443092116853,-0.0006715999400668941,0.0007488052387065858,-0.1483334438824222,-0.0003726559117599055,-0.009807391529184733,-0.14655400782011196,-0.00034262907368786094,0.004619969625581893,-0.14689365767486323,-0.00037843048788016294,-0.012480891457370405,-0.2731057153506012,-0.0006525401304571237,-0.020039493144369445,-0.26772401863372364,-0.000620773466936519,-0.00025603413586082604,-0.14399903822603885,-0.00035938015593927486,-0.0006599110943629095,-0.14227159851419266,-0.00035409051433336533,-0.023133013635736856,-0.2645123506441293,-0.0006052463826712402,-6.377142857142857,0.0,0.055,0.205,0.02
0.19,0.0,0.0,-0.00986885283430142,-0.28786824995776655,-0.0006957640090129243,0.003661950362636435,-0.11193523336127967,-0.000288719752997499,-0.0069651962634195526,-0.10972948868431469,-0.00025744546270786955,-0.009442851745520231,-0.2821956494642097,-0.0006826140677606336,0.004920536672650069,-0.10841315297368077,-0.00028296577996543635,-0.011717006117358725,-0.15294223714833588,-0.0003539624758351446,-0.007677173760783563,-0.27881037705267114,-0.0006784302308948902,0.000768904946084627,-0.14992842714997515,-0.0003766930809717043,-0.010118649020845574,-0.14812985736656478,-0.00034580616459345013,0.004764169033203923,-0.14847315937029187,-0.0003827328224896844,-0.012880301228188114,-0.27604233594576894,-0.0006589036112209963,-0.020677237089430384,-0.2706027715222583,-0.0006264081959447222,-0.0002653406661599318,-0.14554741498115753,-0.00036322845211324175,-0.0006851557894416286,-0.14380140064875388,-0.0003578537238859774,-0.023866939948578855,-0.26735656946825975,-0.0006105588895813072,-6.445714285714286,0.0,0.055,0.205,0.02
0.192,0.0,0.0,-0.010181400511891215,-0.2909306781488067,-0.0007026545632862632,0.003773256026646676,-0.11312603371618692,-0.00029196996019705836,-0.007183395828916781,-0.11089682367031804,-0.00025982906851724623,-0.00974173667943194,-0.2851977308414886,-0.0006893871977399209,0.005070673708582204,-0.10956648438829442,-0.0002862175526523612,-0.012084005998729736,-0.15456928222438202,-0.0003571306902675582,-0.007921048096814298,-0.28177644489365705,-0.0006852481778321837,0.0007892132957282871,-0.1515234104175281,-0.00038073078840903177,-0.010436202871274641,-0.1497057069130176,-0.00034896764473043006,0.004911153020120172,-0.15005266106572054,-0.0003870420752473112,-0.013287968200634893,-0.27897895654093674,-0.0006652466382818716,-0.021327974959752003,-0.27348152441079304,-0.0006320107183034067,-0.000274900356573625,-0.14709579173627627,-0.00036707612767529084,-0.0007111427502133911,-0.1453312027833151,-0.00036161511748468374,-0.024615698467397546,-0.2702007882923902,-0.0006158346208595284,-6.514285714285715,0.0,0.055,0.205,0.02
0.194,0.0,0.0,-0.010500347784792051,-0.29399310633984677,-0.0007095292645698889,0.003886593227214883,-0.11431683407109415,-0.00029522522524435207,-0.007405936752232294,-0.1120641586563214,-0.00026220190706851155,-0.01004673257697713,-0.28819981221876745,-0.0006961451888483388,0.005223583066126111,-0.11071981580290804,-0.00028947622377872563,-0.012458304202758915,-0.15619632730042815,-0.00036028080325424604,-0.008169955260530522,-0.2847425127346429,-0.0006920536615945714,0.0008097233726759151,-0.153118393685081,-0.00038476901745202325,-0.01076010468437171,-0.15128155645947042,-0.00035211338397048945,0.005060938529933969,-0.15163216276114916,-0.00039135828945317336,-0.01370396772924747,-0.2819155771361045,-0.000671569022338674,-0.0219918172068664,-0.27636027729932766,-0.0006375807558489391,-0.0002847181947648296,-0.14864416849139495,-0.0003709231703370533,-0.0007378880983860289,-0.14686100491787632,-0.00036537465541915733,-0.025379410067283073,-0.27304500711652063,-0.0006210732716228077,-6.582857142857144,0.0,0.055,0.205,0.02
0.196,0.0,0.0,-0.010825752788957824,-0.29705553453088684,-0.000716387966865237,0.004001969975087179,-0.11550763442600138,-0.0002984855691330407,-0.007632853156058555,-0.11323149364232475,-0.00026456389222523114,-0.010357894592305895,-0.2912018935960463,-0.0007028879025476729,0.005379277208723537,-0.11187314721752169,-0.0002927418257091195,-0.012839957908844173,-0.15782337237647429,-0.0003634126704342884,-0.008423942652405012,-0.2877085805756288,-0.0006988465632877457,0.0008304279931156821,-0.15471337695263396,-0.00038880775081327464,-0.011090405613101643,-0.15285740600592326,-0.0003552432533038789,0.005213542126647082,-0.15321166445657783,-0.0003956815074662795,-0.014128374799356325,-0.2848521977312723,-0.000677870575005062,-0.022668873461536083,-0.2792390301878624,-0.00064311803245249,-0.0002947992414750854,-0.15019254524651365,-0.00037476956762937206,-0.0007654081946289324,-0.14839080705243754,-0.00036913229738512877,-0.02615819453651527,-0.2758892259406511,-0.00062627453968342,-6.651428571428573,0.0,0.055,0.205,0.02
0.198,0.0,0.0,-0.011157673394719323,-0.30011796272192687,-0.0007232305248324227,0.004119393891516152,-0.1166984347809086,-0.00030175101188998943,-0.007864178828751615,-0.11439882862832809,-0.00026691493868067387,-0.010675277616362458,-0.29420397497332507,-0.0007096152009525479,0.005537768113997227,-0.11302647863213529,-0.0002960143896021471,-0.013229023727144832,-0.1594504174525204,-0.00036652614885919054,-0.008683057514378568,-0.29067464841661467,-0.0007056267644105241,0.000851319702581313,-0.15630836022018685,-0.0003928469705332564,-0.011427156356021878,-0.15443325555237605,-0.000358357124848186,0.005368979991532538,-0.15479116615200644,-0.00040001177069663377,-0.01456126402379022,-0.28778881832644,-0.0006841511088177092,-0.023359252526960538,-0.282117783076397,-0.0006486222740371524,-0.0003051486312870724,-0.15174092200163233,-0.0003786153069003932,-0.0007937196399235671,-0.14992060918699873,-0.0003728880024809245,-0.026952170567986412,-0.27873344476478146,-0.0006314381255706655,-6.720000000000001,0.0,0.055,0.205,0.02
0.2,0.0,0.0,-0.011496167204651549,-0.3031803909129669,-0.0007300567937956188,0.004238872205523748,-0.11788923513581581,-0.0003050215725683299,-0.00809994722190668,-0.11556616361433142,-0.0002692549619639495,-0.01099893627483509,-0.2972060563506039,-0.0007163269468356036,0.005699067270374949,-0.1141798100467489,-0.0002992939454018653,-0.013625557694362756,-0.1610774625285665,-0.0003696210970035542,-0.008947346928589546,-0.29364071625760046,-0.0007123941468580547,0.0008723907741781364,-0.15790334348773977,-0.0003968866579758027,-0.011770407153847813,-0.15600910509882884,-0.00036145487185701745,0.005527267920033217,-0.15637066784743506,-0.000404349119597419,-0.015002709639598396,-0.29072543892160774,-0.0006904104372445439,-0.024063062372038365,-0.28499653596493163,-0.0006540932085949278,-0.00031577157338653114,-0.153289298756751,-0.0003824603753136598,-0.0008228392768798645,-0.15145041132155992,-0.0003766417292040909,-0.027761455750709523,-0.28157766358891184,-0.0006365637325523136,-6.788571428571428,0.0,0.055,0.205,0.02
0.202,0.0,0.0,-0.011841291551459684,-0.306242819104007,-0.0007368666297483886,0.004360411751202726,-0.11908003549072306,-0.000308297269240617,-0.008340191447964608,-0.11673349860033479,-0.00027158387844607027,-0.011328924926126294,-0.30020813772788274,-0.0007230230036326191,0.005863185673762685,-0.11533314146136255,-0.0003025805218293437,-0.014029615269573642,-0.16270450760461264,-0.0003726973747756247,-0.009216857816114523,-0.2966067840985864,-0.0007191485929249921,0.0008936332068396696,-0.1594983267552927,-0.00040092679382367716,-0.012120207786056422,-0.1575849546452817,-0.0003645363687285847,0.005688421318686421,-0.1579501695428637,-0.0004086935936572423,-0.01545278550479056,-0.2936620595167755,-0.0006966483746929428,-0.024780410124685442,-0.2878752888534663,-0.0006595305662035699,-0.00032667335232355426,-0.15483767551186972,-0.000386304759846208,-0.0008527841910182583,-0.15298021345612114,-0.00038039343544810317,-0.028586166561412905,-0.2844218824130423,-0.0006416510666558318,-6.857142857142858,0.0,0.055,0.205,0.02
0.20400000000000001,0.0,0.0,-0.012193103495883853,-0.30930524729504705,-0.0007436598893589684,0.004484018965056977,-0.1202708358456303,-0.00031157811899208254,-0.008584944277849555,-0.11790083358633813,-0.0002739016053459338,-0.011665297659343418,-0.30321021910516155,-0.0007297032354475881,0.006030133824267331,-0.11648647287597616,-0.00030587414637434714,-0.014441251330108814,-0.16433155268065877,-0.00037575484352771286,-0.009491636935720195,-0.2995728519395722,-0.0007258899853086442,0.0009150387236149519,-0.16109331002284563,-0.00040496735807421324,-0.012476607567528344,-0.1591608041917345,-0.0003676014910141952,0.005852455202074588,-0.15952967123829234,-0.0004130452313924469,-0.015911565095094816,-0.29659868011194324,-0.0007028647365178817,-0.02551140206520954,-0.290754041742001,-0.0006649340790432888,-0.00033785932877322244,-0.15638605226698843,-0.0003901484472866622,-0.0008835717120171428,-0.15451001559068236,-0.0003841430784991603,-0.029426418356221538,-0.2872661012371727,-0.0006466998366893997,-6.925714285714286,0.0,0.055,0.205,0.02
0.20600000000000002,0.0,0.0,-0.012551659824622825,-0.3123676754860872,-0.0007504364299755083,0.0046096998833809535,-0.12146163620053754,-0.0003148641379139863,-0.00883423813863799,-0.1190681685723415,-0.00027620806073622986,-0.012008108292309805,-0.3062123004824404,-0.0007363675070577425,0.006199921722969254,-0.1176398042905898,-0.00030917484528714286,-0.014860520167487921,-0.1659585977567049,-0.0003787933660664902,-0.00977173088262655,-0.30253891978055814,-0.0007326182071120948,0.0009365987699868379,-0.16268829329039858,-0.00040900833003503385,-0.012839655345228738,-0.16073665373818732,-0.00037065011542664744,0.006019384189802348,-0.161109172933721,-0.000417404070339489,-0.016379121500733666,-0.29953530070711104,-0.0007090593390300405,-0.026256143619741847,-0.29363279463053565,-0.0006703034814133154,-0.00034933494029555775,-0.15793442902210714,-0.00039399142423333477,-0.0009152194149255364,-0.15603981772524358,-0.00038789061503306614,-0.030282325362425984,-0.29011032006130316,-0.000651709754262704,-6.9942857142857155,0.0,0.055,0.205,0.02
0.20800000000000002,0.0,0.0,-0.012917017048276755,-0.31543010367712726,-0.0007571961096312611,0.004737460139678474,-0.12265243655544476,-0.0003181553410970643,-0.009088105111259287,-0.12023550355834484,-0.00027850316354926716,-0.01235741036959666,-0.3092143818597192,-0.0007430156839185236,0.006372558868745035,-0.11879313570520343,-0.0003124826435704317,-0.015287475483402844,-0.16758564283275104,-0.0003818128066631578,-0.010057186087281426,-0.305504987621544,-0.0007393331418472936,0.000958304512221459,-0.1642832765579515,-0.00041304968831984586,-0.013209399494927178,-0.16231250328464014,-0.0003736821198485285,0.006189222503500099,-0.16268867462914963,-0.00042177014704738,-0.016855527423218223,-0.3024719213022788,-0.0007152319995038628,-0.027014739353725815,-0.29651154751907033,-0.0006756385097483212,-0.0003611057020947676,-0.15948280577722584,-0.00039783367709232567,-0.0009477451213407312,-0.1575696198598048,-0.00039163600111219817,-0.03115400067033947,-0.2929545388854336,-0.0006566805338075191,-7.062857142857144,0.0,0.055,0.205,0.02
0.21,0.0,0.0,-0.01328923139930914,-0.31849253186816734,-0.0007639387870497265,0.004867304962121184,-0.12384323691035201,-0.0003214517426250762,-0.009346576928228103,-0.1214028385443482,-0.00028078683358272226,-0.012713257160575751,-0.3122164632369981,-0.0007496476321685036,0.006548054255140724,-0.11994646711981706,-0.00031579756497140526,-0.015722170385753187,-0.16921268790879718,-0.00038481303106348584,-0.010348048814146523,-0.3084710554625299,-0.0007460346734381213,0.000980146835749057,-0.16587825982550444,-0.00041709141084431475,-0.013585887917956858,-0.163888352831093,-0.0003766973833404146,0.00636198396385428,-0.1642681763245783,-0.000426143497070196,-0.017340855172160788,-0.3054085418974466,-0.000721382536185571,-0.027787292965463783,-0.29939030040760506,-0.0006809389026346981,-0.00037317720777775055,-0.16103118253234455,-0.00040167519207562444,-0.0009811669005507205,-0.15909942199436602,-0.0003953791921825632,-0.03204155622524374,-0.29579875770956404,-0.0006616118925980614,-7.1314285714285734,0.0,0.055,0.205,0.02
0.212,0.0,0.0,-0.013668358830028081,-0.3215549600592073,-0.0007706643216497454,0.004999239171046907,-0.1250340372652592,-0.00032475335556845093,-0.009609684971408745,-0.1225701735303515,-0.0002830589915053085,-0.013075701657493072,-0.3152185446142768,-0.0007562632186342526,0.006726416367295937,-0.12109979853443065,-0.0003191196319739284,-0.016164657384733692,-0.17083973298484326,-0.0003877939064977252,-0.010644365160494915,-0.31143712330351564,-0.0007527226862234228,0.0010021163435763938,-0.16747324309305733,-0.00042113347482201604,-0.013969168038013376,-0.16546420237754575,-0.0003796957861489722,0.006537681987664527,-0.16584767802000686,-0.00043052415495965286,-0.01783517666210591,-0.30834516249261423,-0.0007275107683011337,-0.028573907279721773,-0.30226905329613957,-0.0006862044008266895,-0.0003855551301118362,-0.1625795592874632,-0.0004055159551992137,-0.0010155030706411941,-0.1606292241289272,-0.00039912014307094115,-0.03294510281942433,-0.29864297653369437,-0.0006665035507711266,-7.199999999999999,0.0,0.055,0.205,0.02
0.214,0.0,0.0,-0.014054455010587013,-0.3246173882502474,-0.0007773725735505482,0.0051332671764981585,-0.12622483762016645,-0.00032806019197803343,-0.009877460269811754,-0.12373750851635486,-0.00028531955886236526,-0.013444796573563629,-0.31822062599155565,-0.0007628623108351566,0.006907653178919116,-0.12225312994904429,-0.0003224488657908506,-0.016614988388973913,-0.1724667780608894,-0.00039075530169038926,-0.010946181055220182,-0.31440319114450155,-0.0007593970649600165,0.0010242033547309347,-0.16906822636061025,-0.00042517585676046663,-0.014359286797993358,-0.16704005192399857,-0.000382677209714963,0.006716329584927872,-0.16742717971543553,-0.00043491215425775015,-0.018338563409380063,-0.31128178308778204,-0.0007336165160641903,-0.029374684241392907,-0.3051478061846743,-0.0006914347472623814,-0.0003982452217817299,-0.1641279360425819,-0.00040935595228117517,-0.0010507721995668996,-0.1621590262634884,-0.0004028588079821181,-0.03386475008429587,-0.3014871953578248,-0.0006713552313460013,-7.268571428571429,0.0,0.055,0.205,0.02
0.216,0.0,0.0,-0.014447575327004997,-0.32767981644128746,-0.0007840634035767512,0.005269392975801065,-0.12741563797507366,-0.00033137226287892953,-0.01014993349742286,-0.12490484350235821,-0.00028756845808136617,-0.01382059434108745,-0.3212227073688345,-0.0007694447769881772,0.007091772149314258,-0.1234064613636579,-0.00032578528635644256,-0.017073214701730486,-0.17409382313693553,-0.00039369708686990405,-0.011253542257657194,-0.3173692589854874,-0.0007660576948256681,0.0010463979027370025,-0.1706632096281632,-0.00042921853245723535,-0.014756290656873183,-0.16861590147045138,-0.00038564153668114504,0.006897939355950174,-0.16900668141086417,-0.0004393075274894801,-0.018851086528960097,-0.3142184036829498,-0.0007396996006839244,-0.030189724909219857,-0.3080265590732089,-0.0006966296870795401,-0.0004112533161456324,-0.1656763127977006,-0.0004131951689397972,-0.0010869931061871683,-0.16368882839804963,-0.00040659514049620684,-0.03480060648261799,-0.30433141418195525,-0.0006761666602441485,-7.337142857142857,0.0,0.055,0.205,0.02
0.218,0.0,0.0,-0.014847774879206728,-0.3307422446323276,-0.0007907366732633064,0.005407620151184935,-0.12860643832998092,-0.000334689578264455,-0.010427134971064558,-0.12607217848836158,-0.0002898056124773468,-0.01420314710958698,-0.3242247887461134,-0.0007760104860125649,0.007278780220459437,-0.12455979277827155,-0.00032912891231896455,-0.017539387017132323,-0.17572086821298166,-0.00039661913377812797,-0.011566494356414641,-0.3203353268264733,-0.0007727044614220404,0.0010686897341240951,-0.17225819289571614,-0.00043326147699613286,-0.015160225586628067,-0.17019175101690423,-0.00038858865090007764,0.007082523488484943,-0.1705861831062928,-0.0004437103061556075,-0.01937281673136057,-0.31715502427811754,-0.0007457598443728936,-0.031019129449576705,-0.31090531196174365,-0.0007017889676313096,-0.0004245853279905052,-0.16722468955281933,-0.00041703359059168426,-0.0011241848612654106,-0.16521863053261085,-0.00041032909356605916,-0.035752779300802555,-0.3071756330060857,-0.0006809375663086692,-7.405714285714287,0.0,0.055,0.205,0.02
0.22,0.0,0.0,-0.015255108479082362,-0.3338046728233677,-0.0007973922448604023,0.005547951867442727,-0.12979723868488816,-0.0003380121470901827,-0.01070909464829046,-0.1272395134743649,-0.0002920309462582509,-0.014592506743965955,-0.3272268701233922,-0.000782559307534513,0.007468683814137414,-0.12571312419288516,-0.0003324797610333615,-0.01801355541647906,-0.1773479132890278,-0.0003995213156797387,-0.011885082768219375,-0.32330139466745916,-0.0007793372507776113,0.0010910683069675574,-0.17385317616326906,-0.00043730466474348293,-0.015571137069191767,-0.17176760056335705,-0.00039151843744182244,0.0072700937548997166,-0.17216568480172145,-0.000448120520725516,-0.01990382431954011,-0.32009164487328534,-0.0007517970703548118,-0.03186299713031068,-0.3137840648502783,-0.000706912338501754,-0.00043824725428644987,-0.168773066307938,-0.0004208712024498688,-0.00116236678843239,-0.16674843266717207,-0.00041406061951476664,-0.036721374641312615,-0.31001985183021613,-0.000685667681323534,-7.474285714285715,0.0,0.055,0.205,0.02
0.222,0.0,0.0,-0.01566963064856729,-0.33686710101440775,-0.0008040299813383135,0.005690390869632654,-0.1309880390397954,-0.0003413399772680953,-0.010995842125312637,-0.1284068484603683,-0.00029424438453019456,-0.014988724822689923,-0.33022895150067105,-0.0007890911118917628,0.007661488829118642,-0.12686645560749882,-0.00033583784855409056,-0.018495769364593066,-0.17897495836507393,-0.0004024035073714872,-0.012209352736772624,-0.32626746250844507,-0.0007859559493505643,0.0011135227894617928,-0.175448159430822,-0.00044134806934447395,-0.01598907009345714,-0.17334345010980987,-0.00039443078260154523,0.007460661509370178,-0.1737451864971501,-0.0004525382006301245,-0.02044417918582695,-0.3230282654684531,-0.0007578111028722825,-0.03272142631464414,-0.316662817738813,-0.0007119995515212557,-0.00045224517494017117,-0.17032144306305674,-0.00042470798952192574,-0.0012015584651130858,-0.1682782348017333,-0.00041778967003325225,-0.03770649741515388,-0.31286407065434657,-0.000690356740032585,-7.5428571428571445,0.0,0.055,0.205,0.02
0.224,0.0,0.0,-0.016091395617741987,-0.3399295292054478,-0.0008106497463922012,0.005834939480821165,-0.1321788393947026,-0.00034467307566083815,-0.011287406634962135,-0.12957418344637162,-0.00029644585330264745,-0.015391852635988496,-0.3332310328779498,-0.0007956057701381498,0.007857200638396959,-0.12801978702211242,-0.0003392031896280776,-0.01898607770622535,-0.18060200344112004,-0.0004052655851913174,-0.012539349331618162,-0.32923353034943087,-0.0007925604440316455,0.001136042058526201,-0.1770431426983749,-0.0004453916637195917,-0.016414069152317808,-0.17491929965626266,-0.0003973255739070138,0.007654237685102152,-0.1753246881925787,-0.0004569633742548722,-0.020993950808863723,-0.32596488606362084,-0.0007638017671944847,-0.03359451445513718,-0.3195415706273476,-0.0007170503607817587,-0.00046658525354749164,-0.1718698198181754,-0.0004285439366080881,-0.0012417797234169628,-0.16980803693629448,-0.00042151619617795353,-0.03870825133445915,-0.31570828947847696,-0.0006950044801583078,-7.611428571428572,0.0,0.055,0.205,0.02
0.226,0.0,0.0,-0.016520457322952032,-0.3429919573964878,-0.0008172514044468646,0.0059815995998675235,-0.1333696397496098,-0.00034801144807607745,-0.011583817044682834,-0.13074151843237494,-0.000298635279493532,-0.015801941184079474,-0.3362331142552286,-0.0008021031540481002,0.008055824086478253,-0.12917311843672602,-0.00034257579768780743,-0.01948452866251565,-0.18222904851716615,-0.000408107427027352,-0.012875117447022489,-0.3321995981904167,-0.0007991506221469965,0.0011586146984440195,-0.17863812596592782,-0.000449435420061135,-0.0168461782397512,-0.17649514920271547,-0.0004002027001259942,0.00785083279158165,-0.17690418988800732,-0.0004613960689327737,-0.02155320825057171,-0.32890150665878853,-0.000769768889624812,-0.034482358087711294,-0.32242032351588223,-0.0007220645226518627,-0.00048127373814488544,-0.17341819657329408,-0.0004323790282993665,-0.001283050650991468,-0.17133783907085567,-0.0004252401483685968,-0.039726738905166294,-0.31855250830260734,-0.0006996106424203705,-7.68,0.0,0.055,0.205,0.02
0.228,0.0,0.0,-0.01695686940494845,-0.34605438558752794,-0.0008238348206614397,0.006130372699250226,-0.13456044010451707,-0.00035135509926096146,-0.011885101854558865,-0.1319088534183783,-0.0003008125909342387,-0.016219041175414967,-0.3392351956325075,-0.00080858313612107,0.008257363486722409,-0.13032644985133968,-0.00034595568484454485,-0.019991169827507052,-0.18385609359321228,-0.00041092891232674157,-0.01321670180086709,-0.3351656660314026,-0.0008057263714609503,0.0011812289995342515,-0.18023310923348076,-0.000453479309829812,-0.01728544084794316,-0.1780709987491683,-0.00040306205127354274,0.00805045691185313,-0.178483691583436,-0.00046583631093754407,-0.02212202015313461,-0.33183812725395634,-0.0007757122975084616,-0.03538505282573449,-0.32529907640441696,-0.0007270417957917643,-0.0004963169619599991,-0.17496657332841278,-0.00043621324897566974,-0.001325391591838577,-0.1728676412054169,-0.0004289614763860636,-0.040762061419790455,-0.3213967271267378,-0.0007041749705539287,-7.748571428571429,0.0,0.055,0.205,0.02
0.23,0.0,0.0,-0.01740068520704844,-0.34911681377856796,-0.0008303998609340488,0.006281259822935472,-0.1357512404594243,-0.00035470403289668636,-0.012191289195375743,-0.13307618840438165,-0.00030297771637455696,-0.016643203024949614,-0.3422372770097863,-0.0008150455895859284,0.008461822618738787,-0.1314797812659533,-0.00034934286188168927,-0.02050604816471538,-0.18548313866925842,-0.00041372992210437847,-0.013564146933552845,-0.3381317338723885,-0.0008122875801788035,0.0012038729568568489,-0.18182809250103368,-0.00045752330375141984,-0.01773189996445438,-0.1796468482956211,-0.0004059035186191949,0.008253119699826108,-0.18006319327886464,-0.00047028412547679444,-0.022700454736002008,-0.3347747478491241,-0.0007816318192399738,-0.03630269335416818,-0.3281778292929516,-0.0007319819411680427,-0.0005117213441611253,-0.1765149500835315,-0.00044004658280392874,-0.0013688231470942213,-0.17439744333997811,-0.0004326801293703488,-0.04181431895029086,-0.3242409459508682,-0.0007086972113276945,-7.817142857142858,0.0,0.055,0.205,0.02
0.232,0.0,0.0,-0.017851957773316662,-0.3521792419696081,-0.0008369463919063991,0.006434261584287921,-0.13694204081433153,-0.00035805825159316754,-0.01250240682671538,-0.134243523390385,-0.0003051305854875232,-0.017074476852431023,-0.34523935838706515,-0.000821490388405289,0.008669204725835525,-0.13263311268056693,-0.0003527373382482643,-0.021029210003753702,-0.18711018374530455,-0.00041651033895147294,-0.013917497206916641,-0.34109780171337434,-0.0008188341369495537,0.0012265342689513278,-0.18342307576858663,-0.0004615673718136087,-0.01818559806942894,-0.18122269784207395,-0.00040872699469404896,0.00845883037761029,-0.18164269497429328,-0.0004747395366852985,-0.023288579792912652,-0.33771136844429184,-0.0007875272842707246,-0.0372353734237763,-0.3310565821814863,-0.0007368847220682953,-0.0005274933906055962,-0.1780633268386502,-0.00044387901373622266,-0.0014133661757704267,-0.17592724547453933,-0.0004363960558186128,-0.04288361034103294,-0.32708516477499866,-0.0007131771145617695,-7.885714285714287,0.0,0.055,0.205,0.02
0.234,0.0,0.0,-0.018310739846767142,-0.35524167016064817,-0.0008434742809683288,0.006589378164023935,-0.13813284116923877,-0.00036141775688381674,-0.012818482135085194,-0.13541085837638836,-0.00030727112887418245,-0.01751291248071257,-0.34824143976434396,-0.0008279174072797823,0.008879512512522949,-0.13378644409518056,-0.0003561391220525402,-0.021560701037012242,-0.1887372288213507,-0.00041927004704399247,-0.014276796803160262,-0.3440638695543602,-0.0008253659308686089,0.0012492003366089805,-0.18501805903613955,-0.0004656114832627272,-0.01864657713284507,-0.18279854738852677,-0.0004115323732977446,0.008667597732879362,-0.18322219666972192,-0.0004792025676183305,-0.023886462688937637,-0.34064798903945964,-0.0007933985231163675,-0.038183185845397,-0.33393533507002093,-0.0007417499041156116,-0.0005436396945870615,-0.1796117035937689,-0.0004477105255079083,-0.001459041795460002,-0.17745704760910055,-0.0004401092035833253,-0.04397003320184617,-0.3299293835991291,-0.0007176144331452404,-7.9542857142857155,0.0,0.055,0.205,0.02
0.23600000000000002,0.0,0.0,-0.01877708386758593,-0.35830409835168825,-0.0008499833962623028,0.00674660930820754,-0.139323641524146,-0.00036478254922042485,-0.01313954213208143,-0.13657819336239171,-0.0003093992780682663,-0.0179585594340886,-0.3512435211416228,-0.0008343265216522757,0.009092748142071323,-0.1349397755097942,-0.0003595482200557929,-0.02210056631639395,-0.19036427389739682,-0.0004220089321509615,-0.01464208972379161,-0.3470299373953461,-0.0008318828514804646,0.0012718582616788516,-0.1866130423036925,-0.00046965560660075365,-0.01911487861180848,-0.1843743969349796,-0.0004143195495053363,0.008879430116263593,-0.18480169836515056,-0.0004836732402450748,-0.024494170357543678,-0.3435846096346274,-0.0007992453673642244,-0.039146222484277224,-0.33681408795855566,-0.0007465772552828967,-0.0005601669375816168,-0.18116008034888761,-0.0004515411016357514,-0.0015058713830036164,-0.17898684974366177,-0.0004438195198705045,-0.04507368390117832,-0.33277360242325954,-0.0007220089230535335,-8.022857142857145,0.0,0.055,0.205,0.02
0.23800000000000002,0.0,0.0,-0.019251041971374613,-0.3613665265427283,-0.0008564736066878559,0.0069059543262893,-0.14051444187905324,-0.00036815262796815193,-0.013465613452586908,-0.13774552834839504,-0.00031151496554078403,-0.018411466936652236,-0.35424560251890164,-0.0008407176077120327,0.00930891323412324,-0.13609310692440782,-0.00036296463766619786,-0.022648850250106052,-0.19199131897344293,-0.00042472688164262246,-0.015013419788578326,-0.34999600523633195,-0.0008383847887813509,0.0012944948459076408,-0.1882080255712454,-0.00047369970958231067,-0.019590543447888412,-0.1859502464814324,-0.00041708841967405986,0.009094335438771396,-0.18638120006057918,-0.000488151575442107,-0.02511176929767656,-0.34652123022979514,-0.0008050676496806287,-0.0401245742544707,-0.3396928408470903,-0.0007513665459070326,-0.0005770818899927459,-0.1827084571040063,-0.00045537072541606166,-0.0015538765751191132,-0.18051665187822297,-0.00044752695123804836,-0.046194657559346486,-0.3356178212473899,-0.000726360343365529,-8.091428571428573,0.0,0.055,0.205,0.02
0.24,0.0,0.0,-0.019732665987414782,-0.3644289547337683,-0.0008629447819059842,0.007067412089188317,-0.14170524223396044,-0.0003715279914006243,-0.01379672235300334,-0.1389128633343984,-0.00031361812470452876,-0.018871683910675806,-0.35724768389618045,-0.0008470905423988205,0.009528008862360875,-0.13724643833902142,-0.0003663883789328617,-0.023205596599507806,-0.19361836404948904,-0.0004274237844984575,-0.015390830634513849,-0.35296207307731775,-0.0008448716332218485,0.001317096589813689,-0.1898030088387983,-0.00047774375921176484,-0.02007361206449662,-0.1875260960278852,-0.000419838881449992,0.009312321169239985,-0.1879607017560078,-0.0004926375929869479,-0.025739325570864884,-0.34945785082496283,-0.0008108652038182157,-0.04111833111329946,-0.3425715937356249,-0.0007561175487028856,-0.0005943914118950424,-0.18425683385912497,-0.0004591993799228306,-0.0016030792689929066,-0.18204645401278416,-0.00045123144359416267,-0.04733304804188549,-0.3384620400715203,-0.0007306684562804346,-8.16,0.0,0.055,0.205,0.02
0.242,0.0,0.0,-0.020222007436953574,-0.3674913829248083,-0.0008693967923434838,0.007230981027417559,-0.14289604258886765,-0.00037490863669513994,-0.014132894709518359,-0.14008019832040172,-0.00031570868991849597,-0.01933925897501406,-0.3602497652734592,-0.0008534452034069586,0.009750035552228373,-0.13839976975363502,-0.0003698194465399898,-0.02377084847601482,-0.19524540912553515,-0.00043009953131506836,-0.015774365714796006,-0.3559281409183036,-0.0008513432757094744,0.0013396496915952058,-0.19139799210635122,-0.0004817877217404123,-0.020564124364309554,-0.189101945574338,-0.00042257083377460344,0.009533394331815262,-0.1895402034514364,-0.000497131311551691,-0.02637690479834427,-0.35239447142013053,-0.0008166378646231641,-0.04212758205587954,-0.3454503466241595,-0.0007608300387771502,-0.0006121024537766727,-0.18580521061424365,-0.00046302704800587155,-0.0016535016228333183,-0.18357625614734535,-0.0004549329421958811,-0.0484889479529942,-0.3413062588956507,-0.000734933027134413,-8.228571428571428,0.0,0.055,0.205,0.02
0.244,0.0,0.0,-0.02071911753151036,-0.3705538111158485,-0.0008758295091972374,0.007396659129252709,-0.14408684294377494,-0.00037829455992798125,-0.01447415601640747,-0.1412475333064051,-0.00031778659649221686,-0.019814240443530258,-0.3632518466507381,-0.0008597814691893102,0.009974993278709614,-0.1395531011682487,-0.00037325784180119266,-0.024344648338060094,-0.19687245420158134,-0.0004327540143139163,-0.016164068297818156,-0.35889420875928957,-0.0008577996076112339,0.00136214004607289,-0.1929929753739042,-0.0004858315626637485,-0.021062119726733896,-0.19067779512079086,-0.0004252841768912033,0.009757561503461087,-0.1911197051468651,-0.0005016327486967009,-0.0270245721582021,-0.3553310920152984,-0.0008223854680423854,-0.043152415109710913,-0.3483290995126943,-0.000765503793642037,-0.0006302220572805435,-0.1873535873693624,-0.0004668537122889643,-0.001705166056385709,-0.18510605828190663,-0.0004586313916476833,-0.049662448629080196,-0.34415047771978124,-0.0007391538244169676,-8.297142857142859,0.0,0.055,0.205,0.02
0.246,0.0,0.0,-0.02122404717120471,-0.37361623930688853,-0.0008822428044384455,0.007564443938944738,-0.14527764329868215,-0.00038168575606983715,-0.014820531384371014,-0.14241486829240843,-0.0003198517806900024,-0.020296676323545204,-0.36625392802801693,-0.0008660992189612167,0.010202881464161588,-0.1407064325828623,-0.00037670356465392983,-0.024927037988112147,-0.19849949927762744,-0.0004353871273489184,-0.016559981466172977,-0.36186027660027537,-0.0008642405207561431,0.0013845532436670923,-0.19458795864145711,-0.000489875246718825,-0.021567637005415693,-0.19225364466724365,-0.00042797881235127444,0.009984828811498056,-0.19269920684229372,-0.000506141920864387,-0.027682392382542952,-0.35826771261046614,-0.0008281078511306601,-0.04419291732933223,-0.3512078524012289,-0.000770138593228795,-0.000648757355944137,-0.18890196412448107,-0.0004706793551680013,-0.001758095251409268,-0.18663586041646782,-0.0004623267359002053,-0.050853640132403295,-0.34699469654391163,-0.0007433306197870786,-8.365714285714287,0.0,0.055,0.205,0.02
0.248,0.0,0.0,-0.021736846943105723,-0.3766786674979286,-0.0008886365508168099,0.0077343325549763765,-0.14646844365358935,-0.0003850822189813352,-0.015172045538906347,-0.14358220327841176,-0.0003219041797351019,-0.020786614314309376,-0.36925600940529574,-0.0008723983327043763,0.010433698976203623,-0.1418597639974759,-0.0003801566136540938,-0.025518058569750403,-0.20012654435367355,-0.0004379987659139036,-0.01696214811566891,-0.3648263444412612,-0.0008706659074377206,0.0014068745694096672,-0.19618294190901003,-0.0004939187378816928,-0.02208071452579327,-0.19382949421369644,-0.0004306546430207019,0.010215201931171909,-0.19427870853772233,-0.000510658843373051,-0.028350429754674816,-0.36120433320563383,-0.0008338048520577273,-0.04524917479104061,-0.35408660528976355,-0.0007747342199010783,-0.0006677155759379748,-0.19045034087959975,-0.00047450395880913905,-0.0018123121521153272,-0.188165662551029,-0.00046601891824904934,-0.05206261124481847,-0.349838915368042,-0.0007474631880890968,-8.434285714285714,0.0,0.055,0.205,0.02
0.25,0.0,0.0,-0.02225756711960279,-0.3797410956889687,-0.0008950106218646574,0.007906321628362696,-0.1476592440084966,-0.0003884839414086824,-0.015528722818715354,-0.14474953826441514,-0.00032394373181377195,-0.021284101805498196,-0.3722580907825746,-0.000878678691170663,0.010667444125662695,-0.14301309541208956,-0.00038361698597073294,-0.02611775056479815,-0.2017535894297197,-0.0004405888271499232,-0.017370610954359347,-0.3677924122822471,-0.0008770756604164455,0.001429089001990656,-0.19777792517656295,-0.0004979619993649315,-0.022601390082694135,-0.19540534376014929,-0.00043331157308589,0.01044868608325172,-0.195858210233151,-0.0005151835304108073,-0.02902874810631626,-0.36414095380080164,-0.000839476310115317,-0.04632127258767679,-0.3569653581782982,-0.000779290458468144,-0.0006871040368026719,-0.19199871763471846,-0.0004783275051469512,-0.0018678399655670697,-0.18969546468559023,-0.00046970788133368727,-0.0532894494616186,-0.35268313419217245,-0.0007515513073683849,-8.502857142857144,0.0,0.055,0.205,0.02
0.252,0.0,0.0,-0.022786257656797933,-0.3828035238800087,-0.0009013648919010148,0.008080407360995951,-0.14885004436340382,-0.0003918909149794163,-0.015890587174147455,-0.14591687325041847,-0.00032597037607925777,-0.021789185875730567,-0.37526017215985336,-0.000884940175885888,0.010904114664575044,-0.14416642682670316,-0.00038708467738091465,-0.02672615379051329,-0.2033806345057658,-0.00044315720985241915,-0.01778541250158463,-0.3707584801232329,-0.000883469672922184,0.0014511812128399416,-0.19937290844411587,-0.0005020049936152664,-0.023129700937976047,-0.19698119330660208,-0.00043594950805976986,0.010685286031657974,-0.19743771192857962,-0.0005197159950295784,-0.029717410814824614,-0.36707757439596933,-0.0008451220657241326,-0.04740929482347606,-0.35984411106683284,-0.0007838070961978902,-0.0007069301521845425,-0.19354709438983714,-0.0004821499758825862,-0.001924702162040509,-0.19122526682015142,-0.00047339356713646085,-0.05453424098547748,-0.35552735301630284,-0.0007555947588867106,-8.571428571428571,0.0,0.055,0.205,0.02
0.254,0.0,0.0,-0.023322968192919784,-0.38586595207104885,-0.0009076992360356273,0.008256585504034892,-0.15004084471831106,-0.0003953031301982675,-0.01625766216567823,-0.14708420823642182,-0.00032798405265568593,-0.022301913291110753,-0.3782622535371322,-0.0008911826691535041,0.01114370778424432,-0.1453197582413168,-0.00039055968226472964,-0.02734330739683712,-0.20500767958181193,-0.0004457038144782466,-0.018206595087026833,-0.37372454796421883,-0.0008898478386565856,0.0014731355652440109,-0.20096789171166882,-0.0005060476823112719,-0.023665683818212484,-0.19855704285305492,-0.0004385683547876972,0.010925006081120662,-0.19901721362400826,-0.0005242562491391656,-0.030416480800445324,-0.37001419499113714,-0.0008507419604407814,-0.04851332460898522,-0.36272286395536757,-0.0007882839228297288,-0.0007272014305697155,-0.19509547114495587,-0.00048597135248192833,-0.0019829224753466165,-0.19275506895471264,-0.0004770759169816803,-0.05579707072049368,-0.3583715718404333,-0.0007595933271373895,-8.64,0.0,0.055,0.205,0.02
0.256,0.0,0.0,-0.023867748046759278,-0.38892838026208887,-0.0009140135301729227,0.008434851356338698,-0.15123164507321826,-0.00039872057644313284,-0.016629970962423836,-0.14825154322242515,-0.0003299847026418673,-0.02282233050379369,-0.38126433491441103,-0.0008974060540582507,0.011386220113356466,-0.14647308965593042,-0.0003940419936004368,-0.027969249863701393,-0.20663472465785804,-0.0004482285431525523,-0.018634200849777495,-0.37669061580520463,-0.0008962100517954445,0.0014949361134979579,-0.20256287497922174,-0.0005100900263611644,-0.02420937491242264,-0.2001328923995077,-0.0004411680214532381,0.011167850074867524,-0.20059671531943687,-0.0005288043035013938,-0.03112602052358259,-0.37295081558630483,-0.0008563358369646487,-0.049633444056045896,-0.3656016168439022,-0.0007927207305872924,-0.000747925476016723,-0.19664384790007453,-0.000489791616173762,-0.0020425249031144816,-0.19428487108927384,-0.00048075487153481807,-0.05707802226633556,-0.36121579066456366,-0.000763546799860175,-8.708571428571428,0.0,0.055,0.205,0.02
0.258,0.0,0.0,-0.024420646216127186,-0.39199080845312906,-0.0009203076510159244,0.008615199762945723,-0.15242244542812555,-0.0004021432419611606,-0.017007536340691305,-0.14941887820842856,-0.00033197226811501184,-0.023350483650573822,-0.38426641629168995,-0.0009036102144697407,0.011631647716151562,-0.14762642107054408,-0.00039753160295975137,-0.028604018998393894,-0.20826176973390423,-0.0004507312996755071,-0.019068271737418246,-0.3796566836461906,-0.0009025562069910327,0.0015165666020928584,-0.2041578582467747,-0.0005141319859006817,-0.024760809869846193,-0.20170874194596058,-0.0004437484175838449,0.011413821392342545,-0.20217621701486557,-0.0005333601677243328,-0.031846091982091394,-0.37588743618147274,-0.0008619035391447254,-0.05076973427284461,-0.368480369732437,-0.0007971173141909777,-0.0007691099888875171,-0.1981922246551933,-0.0004936107479479414,-0.0021035337070353932,-0.1958146732238351,-0.0004844303708018016,-0.05837717791248796,-0.3640600094886942,-0.0007674549680558966,-8.77714285714286,0.0,0.055,0.205,0.02
0.26,0.0,0.0,-0.02498171137633355,-0.3950532366441691,-0.0009265814760701048,0.008797625113597194,-0.15361324578303276,-0.0004055711138649462,-0.017390380682564887,-0.15058621319443188,-0.00033394669213435146,-0.023886418551497552,-0.38726849766896876,-0.0009097950350459874,0.011879986090652815,-0.14877975248515768,-0.0004010285005032731,-0.029247651932982732,-0.20988881480995034,-0.0004532119895288911,-0.01950884950511444,-0.38262275148717645,-0.0009088861993743955,0.0015380104649386419,-0.2057528415143276,-0.0005181735202910512,-0.025320023797762967,-0.20328459149241337,-0.000446309454056418,0.011662922946954833,-0.2037557187102942,-0.0005379238502565919,-0.03257675670859105,-0.37882405677664044,-0.0008674449119863727,-0.0519222753590298,-0.3713591226209716,-0.0008014734708703175,-0.0007907627665768771,-0.19974060141031197,-0.0004974287285535612,-0.0021659734130677327,-0.1973444753583963,-0.0004881023541284023,-0.05969461863260108,-0.3669042283128246,-0.0007713176260008415,-8.845714285714287,0.0,0.055,0.205,0.02
0.262,0.0,0.0,-0.025550991878689113,-0.3981156648352091,-0.000932834883647189,0.008982121341306057,-0.15480404613793997,-0.0004090041781288429,-0.017778525974528555,-0.1517535481804352,-0.00033590791874467586,-0.024430180708499352,-0.3902705790462475,-0.000915960401236875,0.012131230166952918,-0.1499330838997713,-0.0004045326749760603,-0.0299001851217996,-0.21151585988599644,-0.0004556705198825343,-0.019955975714721828,-0.38558881932816225,-0.0009151999245576195,0.0015592508246225838,-0.20734782478188052,-0.0005222145881170479,-0.025887051259357717,-0.20486044103886616,-0.000448851043102758,0.011915157183857975,-0.2053352204057228,-0.0005424953583816942,-0.033318075767800374,-0.38176067737180813,-0.0008729598016580427,-0.05309114640089617,-0.3742378755095062,-0.000805789000376191,-0.0008128917042401625,-0.20128897816543065,-0.0005012455384971345,-0.002229868811602577,-0.1988742774929575,-0.0004917707601997244,-0.061030424078941756,-0.369748447136955,-0.0007751345712608849,-8.914285714285715,0.0,0.055,0.205,0.02
0.264,0.0,0.0,-0.026128535749028806,-0.4011780930262492,-0.0009390677528689003,0.009168681920971103,-0.15599484649284723,-0.0004124424195853832,-0.018171993806124803,-0.15292088316643856,-0.000337855892979775,-0.024981815304061673,-0.3932726604235264,-0.0009221061992875676,0.012385374305557948,-0.15108641531438494,-0.00040804411370334463,-0.030561654338982214,-0.21314290496204258,-0.00045810679960060747,-0.02040969173390628,-0.38855488716914816,-0.0009214972786360658,0.0015802704917035405,-0.20894280804943346,-0.0005262551471851402,-0.02646192627163016,-0.206436290585319,-0.00045137309831490323,0.012170526077759999,-0.20691472210115147,-0.0005470746982125236,-0.03407010975389462,-0.38469729796697594,-0.0008784480554979389,-0.05427642546663663,-0.3771166283980409,-0.0008100637049928618,-0.0008355047955193714,-0.20283735492054936,-0.000505061158040773,-0.002295244957589912,-0.20040407962751872,-0.0004954355270397903,-0.062384672576947804,-0.3725926659610854,-0.0007789056047053591,-8.982857142857144,0.0,0.055,0.205,0.02
0.266,0.0,0.0,-0.026714390686257413,-0.4042405212172892,-0.000945279963670651,0.009357299868036541,-0.15718564684775443,-0.0004158858219218138,-0.01857080536864986,-0.1540882181524419,-0.00033979056086579274,-0.025541367199898676,-0.3962747418008052,-0.0009282323162418587,0.012642412295789014,-0.15223974672899854,-0.0004115628025863912,-0.031232094676076107,-0.21476995003808869,-0.00046052073924776615,-0.020870038735276673,-0.391520955010134,-0.0009277781581905693,0.0016010519640420396,-0.21053779131698636,-0.0005302951545217247,-0.02704468230335047,-0.2080121401317718,-0.0004538755346503541,0.012429031130764047,-0.20849422379658009,-0.0005516618746858503,-0.03483291878788427,-0.38763391856214363,-0.0008839095220206225,-0.05547818960166218,-0.3799953812865755,-0.0008142973895498472,-0.0008586101332674609,-0.20438573167566804,-0.0005088755672003717,-0.00236212717062536,-0.2019338817620799,-0.0004990965920112251,-0.06375744111988568,-0.3754368847852158,-0.00078263053052067,-9.051428571428572,0.0,0.055,0.205,0.02
0.268,0.0,0.0,-0.027308604060917462,-0.40730294940832934,-0.0009514713968051798,0.009547967737197172,-0.15837644720266167,-0.00041933436767674554,-0.01897498145388542,-0.15525555313844527,-0.00034171186942448853,-0.026108880935663898,-0.39927682317808405,-0.0009343386399454634,0.012902337354241823,-0.1533930781436122,-0.000415088726098503,-0.03191154053969605,-0.21639699511413482,-0.0004629122510951468,-0.021337057695530917,-0.39448702285111986,-0.000934042460289608,0.0016215774261663447,-0.2121327745845393,-0.0005343345663714533,-0.027635352273060354,-0.20958798967822465,-0.00045635826843718543,0.012690673370239852,-0.21007372549200873,-0.000556256891556932,-0.035606562515015774,-0.39057053915731144,-0.000889344050923568,-0.056696514823989984,-0.38287413417511024,-0.0008184898614336201,-0.0008822159102708846,-0.20593410843078674,-0.0005126887457437982,-0.002430541034997336,-0.20346368389664113,-0.0005027538918150394,-0.06514880536361192,-0.37828110360934625,-0.0007863091562236514,-9.120000000000001,0.0,0.055,0.205,0.02
0.27,0.0,0.0,-0.02791122291377942,-0.41036537759936936,-0.0009576419338461298,0.009740677621149295,-0.1595672475575689,-0.0004227880382369152,-0.019384542452867033,-0.1564228881244486,-0.00034361976667640794,-0.026684400727681884,-0.4022789045553628,-0.0009404250590492473,0.013165142123304354,-0.1545464095582258,-0.000418621867281169,-0.03260002564924723,-0.21802404019018093,-0.0004652812491262122,-0.0218107893946152,-0.3974530906921057,-0.0009402900824914371,0.0016418287486745986,-0.21372775785209222,-0.0005383733381956464,-0.028233968547119893,-0.21116383922467744,-0.0004588212173790427,0.012955453346726136,-0.21165322718743734,-0.000560859751394193,-0.036391100102194436,-0.39350715975247913,-0.0008947514930936584,-0.05793147611969985,-0.38575288706364486,-0.0008226409305991373,-0.0009063304199703069,-0.20748248518590542,-0.0005165006731890863,-0.0025005123996945395,-0.20499348603120232,-0.0005064073624905125,-0.06655883962143878,-0.38112532243347663,-0.0007899412926746619,-9.188571428571429,0.0,0.055,0.205,0.02
0.272,0.0,0.0,-0.028522293954454273,-0.41342780579040955,-0.0009637914571915754,0.009935421149387511,-0.16075804791247617,-0.0004262468138340637,-0.01979950835468925,-0.15759022311045198,-0.0003455142016439624,-0.027267970467703913,-0.4052809859326418,-0.0009464914630123997,0.013430818669732794,-0.15569974097283945,-0.00042216220774035954,-0.03329758303470646,-0.21965108526622712,-0.0004676276490424497,-0.022291274414896492,-0.4004191585330917,-0.0009465209228461912,0.001661787487673156,-0.2153227411196452,-0.0005424114246707995,-0.028840562937800317,-0.2127396887711303,-0.000461264300560026,0.013223371131864023,-0.21323272888286604,-0.0005654704555739804,-0.037186590235429466,-0.39644378034764705,-0.0009001317006136315,-0.059183147438459593,-0.3886316399521796,-0.0008267504095811994,-0.0009309620571794454,-0.2090308619410242,-0.0005203113288026347,-0.0025720673783737086,-0.2065232881657636,-0.0005100569394151727,-0.06798761685910437,-0.3839695412576072,-0.0007935267540904211,-9.25714285714286,0.0,0.055,0.205,0.02
0.274,0.0,0.0,-0.029141863560028573,-0.4164902339814496,-0.0009699198500674883,0.01013218948704755,-0.16194884826738337,-0.0004297106735419272,-0.020219898745347634,-0.1587575580964553,-0.0003473951243544152,-0.027859633721687826,-0.40828306730992053,-0.0009525377421055416,0.013699358483285937,-0.15685307238745308,-0.00042570972764296473,-0.03400424503446349,-0.22127813034227323,-0.00046995136826891696,-0.02277855314034834,-0.40338522637407753,-0.0009527348798979527,0.0016814348842512097,-0.2169177243871981,-0.0005464487796871782,-0.02945516670142283,-0.2143155383175831,-0.0004636874384494569,0.01349442631636156,-0.21481223057829466,-0.0005700890042753967,-0.03799309111730134,-0.39938040094281474,-0.0009054845267684632,-0.060451601689119325,-0.39151039284071426,-0.0008308181135056367,-0.0009561193188020001,-0.21057923869614287,-0.0005241206915974086,-0.0026452323492875515,-0.2080530903003248,-0.0005137025573048777,-0.06943520868984775,-0.38681376008173757,-0.000797065358056583,-9.325714285714287,0.0,0.055,0.205,0.02
0.276,0.0,0.0,-0.029769977773722,-0.4195526621724896,-0.0009760269965311526,0.010330973333795249,-0.1631396486222906,-0.00043317959527334544,-0.02064573280661775,-0.15992489308245866,-0.0003492624858427776,-0.028459433728602056,-0.41128514868719934,-0.0009585637874137789,0.013970752475418177,-0.15800640380206668,-0.00042926440571338157,-0.034720043293222765,-0.22290517541831933,-0.00047225232595963964,-0.02327266575574999,-0.40635129421506333,-0.0009589318526867875,0.0017007518639918049,-0.218512707654751,-0.0005504853563475055,-0.030077810536543667,-0.21589138786403592,-0.0004660905529065327,0.013768618007989458,-0.21639173227372327,-0.0005747153964752121,-0.038810660464451634,-0.40231702153798243,-0.0009108098260517028,-0.0617369107353751,-0.3943891457292489,-0.0008348438601003239,-0.0009818108045466212,-0.21212761545126155,-0.0005279287403311489,-0.0027200339551727887,-0.20958289243488598,-0.0005173441502139961,-0.07090168536958935,-0.38965797890586795,-0.0008005569255400505,-9.394285714285715,0.0,0.055,0.205,0.02
0.278,0.0,0.0,-0.030406682303567533,-0.42261509036352973,-0.0009821127814745195,0.010531762922761832,-0.16433044897719784,-0.0004366535557774827,-0.021077029314971223,-0.16109222806846202,-0.0003511162381546107,-0.02906741339925393,-0.4142872300644782,-0.0009645694908396904,0.01424499097803126,-0.1591597352166803,-0.00043282621923024624,-0.035445008759965674,-0.22453222049436547,-0.0004745304430028568,-0.023773652245898877,-0.40931736205604924,-0.0009651117407507481,0.0017197190365193461,-0.22010769092230395,-0.0005545211069657394,-0.030708524582185495,-0.21746723741048873,-0.0004684735671848626,0.014045944829608118,-0.21797123396915194,-0.0005793496299428535,-0.039639355505095335,-0.40525364213315024,-0.0009161074541717465,-0.06303914539150213,-0.39726789861778355,-0.000838827469706021,-0.0010080452176398733,-0.21367599220638026,-0.0005317354535045841,-0.0027964991030982357,-0.2111126945694472,-0.0005209816515356861,-0.07238711579221704,-0.3925021977299984,-0.0008040012809010226,-9.462857142857144,0.0,0.055,0.205,0.02
0.28,0.0,0.0,-0.031052022521114286,-0.42567751855456976,-0.0009881770906275055,0.010734548019525607,-0.16552124933210505,-0.0004401325306371672,-0.021513806640528974,-0.16225956305446534,-0.00035295633434873536,-0.02968361531514225,-0.41728931144175696,-0.0009705547451062575,0.014522063742284968,-0.16031306663129394,-0.000436395144023313,-0.03617917168597353,-0.22615926557041158,-0.00047678564202611475,-0.024281552394836547,-0.41228342989703504,-0.0009712744441278404,0.001738316695083685,-0.22170267418985687,-0.0005585559830659406,-0.03134733841611535,-0.21904308695694152,-0.00047083640593689014,0.01432640491722606,-0.21955073566458055,-0.0005839917012354717,-0.04047923297655587,-0.40819026272831793,-0.0009213772680580565,-0.0643583754181578,-0.4001466515063182,-0.0008427687652870402,-0.0010348313655371448,-0.21522436896149894,-0.0005355408093596477,-0.002874654964272862,-0.2126424967040084,-0.0005246149940022754,-0.07389156748497822,-0.3953464165541288,-0.0008073982519047792,-9.531428571428572,0.0,0.055,0.205,0.02
0.28200000000000003,0.0,0.0,-0.03170604346015305,-0.42873994674560983,-0.000994219810561239,0.010939317921140196,-0.1667120496870123,-0.00044361649426634484,-0.021956082746051733,-0.1634268980404687,-0.00035478272849984936,-0.030308081727334305,-0.4202913928190358,-0.000976519443759734,0.01480195993746685,-0.16146639804590757,-0.0004399711544704813,-0.03692256162291145,-0.2277863106464577,-0.00047901784740121044,-0.02479640578508798,-0.41524949773802095,-0.000977419863357961,0.0017565248161808796,-0.22329765745740981,-0.0005625899353812338,-0.0319942810531692,-0.22061893650339437,-0.0004731789952181975,0.014609995918089817,-0.2211302373600092,-0.0005886416056930881,-0.04133034912282283,-0.41112688332348574,-0.0009266191258673246,-0.06569466951825477,-0.40302540439485285,-0.0008466675724417376,-0.0010621781606314604,-0.21677274571661764,-0.0005393447858777012,-0.002954528973813769,-0.21417229883856964,-0.0005282441096857419,-0.0754151066039782,-0.3981906353782592,-0.0008107476697332025,-9.600000000000001,0.0,0.055,0.205,0.02
0.28400000000000003,0.0,0.0,-0.03236878981546466,-0.43180237493664986,-0.001000240828691242,0.011146061455209431,-0.16790285004191952,-0.0004471054199076493,-0.0224038751859679,-0.16459423302647203,-0.00035659537570105075,-0.030940854555367263,-0.42329347419631463,-0.0009824634811724509,0.015084668149921163,-0.16261972946052117,-0.00044355422349497006,-0.037675207420973265,-0.22941335572250382,-0.0004812269852489809,-0.025318251796914437,-0.4182155655790068,-0.0009835478994847972,0.0017743230592107144,-0.2248926407249627,-0.000566622913852859,-0.03264938094362323,-0.22219478604984716,-0.0004755012624916949,0.014896714988805402,-0.2227097390554378,-0.0005932993374338191,-0.04219275969213264,-0.41406350391865343,-0.0009318328869895765,-0.06704809533290441,-0.4059041572833875,-0.000850523719412832,-0.0010900946209601466,-0.21832112247173632,-0.0005431473607777622,-0.0030361488304740288,-0.2157021009731308,-0.0005318689299982926,-0.07695779792978544,-0.4010348542023896,-0.0008140493689960285,-9.668571428571429,0.0,0.055,0.205,0.02
0.28600000000000003,0.0,0.0,-0.0330403059415912,-0.43486480312769005,-0.0010062400332805635,0.011354766979009034,-0.16909365039682678,-0.00045059927963009055,-0.02285720110543888,-0.16576156801247544,-0.00035839423206626887,-0.031581975386174084,-0.42629555557359355,-0.0009883867525455657,0.01537017638203715,-0.16377306087513485,-0.00044714432256264,-0.038437137227087644,-0.23104040079855,-0.00048341298344394185,-0.025847129607579785,-0.42118163341999276,-0.0009896584540576958,0.0017916907661710624,-0.2264876239925157,-0.000570654867629316,-0.03331266597161211,-0.22377063559630003,-0.0004778031366316921,0.01518655879349141,-0.2242892407508665,-0.0005979648893491798,-0.04306651993457212,-0.41700012451382135,-0.0009370184120542218,-0.06841871943743082,-0.40878291017192225,-0.0008543370370975447,-0.0011185898709093034,-0.2198694992268551,-0.0005469485115147374,-0.0031195424963303374,-0.21723190310769208,-0.0005354893856930451,-0.07851970486314364,-0.40387907302652015,-0.0008173031877418369,-9.73714285714286,0.0,0.055,0.205,0.02
0.28800000000000003,0.0,0.0,-0.033720635851630106,-0.43792723131873007,-0.0010122173134428471,0.011565422378655165,-0.170284450751734,-0.0004540980443268576,-0.023316077239461927,-0.16692890299847876,-0.00036017925473259973,-0.03223148547303395,-0.42929763695087236,-0.0009942891539117457,0.015658472051296793,-0.16492639228974845,-0.00045074142167946397,-0.03920837848318561,-0.23266744587459612,-0.00048557577161877124,-0.026383078190630384,-0.42414770126097856,-0.000995751429133497,0.0018086069613891698,-0.2280826072600686,-0.0005746857450655992,-0.033984163453594236,-0.22534648514275282,-0.0004800845479278518,0.01547952350196384,-0.22586874244629512,-0.0006026382530994664,-0.0439516845997052,-0.41993674510898904,-0.0009421755629360424,-0.06980660733745557,-0.4116616630604569,-0.0008581073590575651,-0.001147673141916033,-0.22141787598197374,-0.0005507482152776611,-0.003204738196430435,-0.21876170524225327,-0.0005391054068648074,-0.08010088942079129,-0.40672329185065054,-0.0008205089674687673,-9.805714285714288,0.0,0.055,0.205,0.02
0.29,0.0,0.0,-0.03440982321605126,-0.4409896595097701,-0.00101817255914535,0.011778015068319977,-0.17147525110664122,-0.00045760168371324094,-0.02378051991201063,-0.1680962379844821,-0.0003619504018625504,-0.03288942573454728,-0.4322997183281511,-0.001000170582137793,0.015949541989382154,-0.16607972370436205,-0.00045434548938914714,-0.03998895792452955,-0.23429449095064223,-0.00048771528116864154,-0.02692613631518855,-0.4271137691019644,-0.0010018267272783351,0.0018250503512899404,-0.22967759052762152,-0.0005787154937225268,-0.03466390013686413,-0.22692233468920564,-0.00048234542808902854,0.01577560478795272,-0.22744824414172374,-0.0006073194191092189,-0.044848307934222814,-0.42287336570415673,-0.0009473042027611288,-0.07121182346505361,-0.4145404159489915,-0.0008618345215288398,-0.0011773537731683801,-0.22296625273709242,-0.000554546448987941,-0.0032917644184002498,-0.22029150737681447,-0.0005427169229509601,-0.08170141223138881,-0.4095675106747809,-0.000823666553134974,-9.874285714285715,0.0,0.055,0.205,0.02
0.292,0.0,0.0,-0.0351079113615371,-0.4440520877008101,-0.0010241056612118973,0.011992531989494268,-0.17266605146154843,-0.000461110166324671,-0.02425054503521309,-0.16926357297048542,-0.00036370763264618696,-0.03355583675363539,-0.4353017997054299,-0.0010060309349272066,0.016243372441342437,-0.16723305511897568,-0.0004579564927708946,-0.040778901578103856,-0.23592153602668833,-0.0004898314452553969,-0.027476342545259606,-0.4300798369429502,-0.0010078842515694043,0.0018409993242012933,-0.2312725737951744,-0.0005827440603661609,-0.03535190219811206,-0.22849818423565843,-0.0004845857102469858,0.016074797827350606,-0.22902774583715235,-0.0006120083765627627,-0.04575644367961607,-0.4258099862993245,-0.0009524041959127541,-0.07263443117498034,-0.4174191688375261,-0.0008655183634311812,-0.0012076412123029298,-0.2245146294922111,-0.0005583431892976068,-0.003380649912010735,-0.22182130951137566,-0.0005463238627324385,-0.0833213325315537,-0.4124117294989113,-0.0008267757931688062,-9.942857142857143,0.0,0.055,0.205,0.02
0.294,0.0,0.0,-0.0358149432698458,-0.44711451589185014,-0.0010300165113257826,0.012208959610297318,-0.17385685181645566,-0.00046462345951487483,-0.024726168108567866,-0.17043090795648874,-0.00036545090730318914,-0.034230758776564826,-0.43830388108270874,-0.0010118701108226835,0.016539949064820876,-0.16838638653358928,-0.0004615743974373293,-0.041578234761067416,-0.23754858110273444,-0.0004919241988115765,-0.028033735239052608,-0.43304590478393606,-0.001013923905596691,0.0018564319501966616,-0.23286755706272733,-0.0005867713909673216,-0.036048195242031116,-0.23007403378211122,-0.0004868053289599979,0.016377097296493018,-0.23060724753258097,-0.000616705113399829,-0.04667614506987289,-0.4287466068944922,-0.0009574754080371902,-0.07407449274097015,-0.4202979217260608,-0.0008691587263777012,-0.001238545016100017,-0.22606300624732978,-0.0005621384125875671,-0.0034714236887043574,-0.22335111164593685,-0.0005499261543348153,-0.08496070816200385,-0.4152559483230417,-0.00082983653947872,-10.01142857142857,0.0,0.055,0.205,0.02
0.296,0.0,0.0,-0.0365309615766976,-0.4501769440828903,-0.0010359050020326112,0.012427283924834021,-0.1750476521713629,-0.0004681415294541505,-0.025207404218197768,-0.17159824294249212,-0.00036718018708481063,-0.034914231711996396,-0.4413059624599876,-0.001017688009208557,0.016839256929341573,-0.1695397179482029,-0.00046519916753255946,-0.04238698207926799,-0.23917562617878058,-0.0004939934785442828,-0.028598352548314693,-0.4360119726249219,-0.0010199455934646732,0.0018713259809747026,-0.23446254033028027,-0.0005907974307011924,-0.03675280429997167,-0.23164988332856407,-0.0004890042202163324,0.016682497370470888,-0.23218674922800964,-0.0006214096163112567,-0.047607464829198066,-0.43168322748966,-0.0009625177060494678,-0.07553206935210678,-0.42317667461459546,-0.0008727554546840632,-0.0012700748511764968,-0.2276113830024485,-0.0005659320949658712,-0.0035641150210812176,-0.22488091378049807,-0.0005535237252294843,-0.08661959556380945,-0.41810016714717213,-0.0008328486474629207,-10.08,0.0,0.055,0.205,0.02
0.298,0.0,0.0,-0.03725600857068428,-0.45323937227393035,-0.0010417710267430819,0.012647490452599401,-0.17623845252627013,-0.0004716643411277604,-0.025694268036141575,-0.17276557792849548,-0.0003688954342757443,-0.035606295130058974,-0.4443080438372664,-0.0010234845303131752,0.017141280515656353,-0.17069304936281657,-0.0004688307657303954,-0.04320516742581864,-0.2408026712548267,-0.0004960392229388968,-0.029170232417679135,-0.4389780404659078,-0.0010259492197939829,0.0018856588497762794,-0.23605752359783322,-0.0005948221239470198,-0.03746575382864349,-0.23322573287501688,-0.000491182321437613,0.016990991721475092,-0.23376625092343828,-0.0006261218707347729,-0.048550455169757055,-0.43461984808482773,-0.0009675309581390741,-0.07700722110926544,-0.42605542750313014,-0.0008763083953775584,-0.0013022404946760253,-0.2291597597575672,-0.0005697242122659768,-0.0036587534423447752,-0.22641071591505932,-0.0005571165022349452,-0.08829804977475371,-0.4209443859713026,-0.000835811976018733,-10.14857142857143,0.0,0.055,0.205,0.02
0.3,0.0,0.0,-0.03799012619220189,-0.45630180046497043,-0.0010476144797357154,0.012869564237930597,-0.17742925288117736,-0.00047519185833444196,-0.02618677381968372,-0.1739329129144988,-0.00037059661219589305,-0.0363069882614481,-0.4473101252145452,-0.0010292595752112157,0.01744600371515179,-0.17184638077743017,-0.00047246915323271633,-0.044032813979736365,-0.24242971633087282,-0.0004980613722626355,-0.02974941258402714,-0.4419441083068937,-0.0010319346897230365,0.0018994076713387744,-0.23765250686538614,-0.000598845414287906,-0.038187067708865485,-0.23480158242146967,-0.0004933395714820654,0.017302573517173122,-0.2353457526188669,-0.0006308418608508549,-0.04950516778944341,-0.4375564686799955,-0.0009725150337755961,-0.07850000702162713,-0.42893418039166475,-0.0008798173982059983,-0.0013350518349567982,-0.23070813651268587,-0.0005735147400450246,-0.003755368745707161,-0.2279405180496205,-0.0005607044115181893,-0.08999612442580256,-0.423788604795433,-0.0008387263875516983,-10.217142857142857,0.0,0.055,0.205,0.02
0.302,0.0,0.0,-0.03873335603240674,-0.4593642286560105,-0.0010534352561595217,0.013093489849506387,-0.1786200532360846,-0.000478724043685038,-0.026684935410722015,-0.17510024790050216,-0.00037228368520204614,-0.03701634999654939,-0.4503122065918241,-0.0010350130458259398,0.017753409829316447,-0.1729997121920438,-0.000476114289767989,-0.044869944204643,-0.24405676140691898,-0.0005000598685679566,-0.030335930575863337,-0.44491017614787953,-0.001037901908909631,0.0019125492418877931,-0.23924749013293906,-0.0006028672445106946,-0.03891676924436326,-0.23637743196792252,-0.0004954759106476426,0.017617235419117947,-0.23692525431429556,-0.0006355695695786718,-0.050471653869670084,-0.4404930892751633,-0.0009774698037142997,-0.08001048500326521,-0.4318129332801995,-0.0008832823156464309,-0.0013685188722766996,-0.2322565132678046,-0.0005773036535821196,-0.003853990983754061,-0.22947032018418173,-0.0005642873785961864,-0.09171387173768378,-0.42663282361956345,-0.0008415917479844022,-10.285714285714286,0.0,0.055,0.205,0.02
0.304,0.0,0.0,-0.039485739332194694,-0.46242665684705053,-0.0010592332520366096,0.013319251379894348,-0.1798108535909918,-0.00048226085860124553,-0.02718876623517349,-0.1762675828865055,-0.00037395661868945876,-0.03773441888458681,-0.4533142879691029,-0.0010407448449313837,0.018063481569268444,-0.17415304360665743,-0.0004797661335899347,-0.045716579847528534,-0.2456838064829651,-0.0005020346556958052,-0.03092982371270508,-0.4478762439888654,-0.0010438507835325052,0.0019250600391663081,-0.24084247340049197,-0.0006068875566059494,-0.03965488116061455,-0.2379532815143753,-0.0004975912806750301,0.01793496958118916,-0.23850475600972418,-0.0006403049785721054,-0.05144996407318464,-0.443429709870331,-0.0009823951400016523,-0.08153871186980455,-0.4346916861687341,-0.0008867030029136722,-0.0014026517194758055,-0.23380489002292326,-0.0005810909278766164,-0.003954650467769162,-0.23100012231874292,-0.0005678653283374722,-0.09345134251757567,-0.42947704244369383,-0.0008444079267650251,-10.354285714285714,0.0,0.055,0.205,0.02
0.306,0.0,0.0,-0.04024731698120383,-0.46548908503809067,-0.00106500836426474,0.013546832445145724,-0.18100165394589907,-0.0004858022633144835,-0.027698279302418367,-0.17743491787250887,-0.00037561537909333847,-0.03846123313279588,-0.45631636934638176,-0.0010464548761544873,0.018376201055343433,-0.17530637502127105,-0.0004834246414763488,-0.04657274193757693,-0.24731085155901122,-0.0005039856792787067,-0.031531129104485515,-0.4508423118298513,-0.0010497812202928656,0.001936916222501296,-0.24243745666804492,-0.0006109062917680281,-0.04040142560374255,-0.23952913106082815,-0.000499685624750534,0.018255767648066412,-0.24008425770515282,-0.0006450480682158549,-0.05244014854190854,-0.4463663304654988,-0.0009872909159807854,-0.08308474333515327,-0.4375704390572688,-0.0008900793179686606,-0.0014374606026561925,-0.235353266778042,-0.0005848765376464155,-0.004057377767018156,-0.23252992445330414,-0.0005714381849638375,-0.09520858615590548,-0.4323212612678243,-0.0008471747968756216,-10.422857142857143,0.0,0.055,0.205,0.02
0.308,0.0,0.0,-0.04101812951684049,-0.4685515132291307,-0.0010707604906198172,0.013776216184438063,-0.18219245430080627,-0.00048934821686488,-0.02821348720478226,-0.1786022528585122,-0.0003772599338902346,-0.0391968306056217,-0.4593184507236605,-0.0010521430439771617,0.018691549816743046,-0.17645970643588466,-0.00048708976872807025,-0.047438450785054535,-0.24893789663505733,-0.000505912886743701,-0.03213988365097046,-0.4538083796708371,-0.001055693126415879,0.001948093632907911,-0.24403243993559784,-0.0006149233903952479,-0.041156424139457345,-0.24110498060728094,-0.000501758887508846,0.01857962075373524,-0.24166375940058143,-0.0006497988176216196,-0.053442256894800526,-0.4493029510606665,-0.0009921570062968949,-0.08464863400830741,-0.4404491919458034,-0.0008934111215266253,-0.0014729558618589986,-0.23690164353316068,-0.0005886604573262612,-0.0041622037079923,-0.23405972658786534,-0.000575005872052118,-0.09698565062325795,-0.43516548009195466,-0.0008498922348401229,-10.491428571428571,0.0,0.055,0.205,0.02
0.31,0.0,0.0,-0.041798217123328756,-0.47161394142017077,-0.0010764895297583257,0.01400738525976569,-0.1833832546557135,-0.0004928986771003789,-0.028734402117056607,-0.17976958784451555,-0.0003788902515993332,-0.039941248823942004,-0.4623205321009394,-0.0010578092537382943,0.019009508791243898,-0.1776130378504983,-0.0004907614691681034,-0.048313725980261256,-0.2505649417111035,-0.0005078162273151224,-0.032756124041189126,-0.456774447511823,-0.0010615864096521312,0.00195856779323124,-0.24562742320315076,-0.0006189387920901467,-0.041919897752045444,-0.2426808301537338,-0.0005038110150356912,0.018906519520025294,-0.2432432610960101,-0.0006545572046243634,-0.05445633822574429,-0.4522395716558343,-0.0009969932869025844,-0.08623043739022868,-0.44332794483433813,-0.0008966982770650769,-0.001509147951738682,-0.23845002028827939,-0.000592442661066051,-0.004269159373611538,-0.23558952872242656,-0.0005785683125360857,-0.09878258246739409,-0.4380096989160851,-0.0008525601207320679,-10.56,0.0,0.055,0.205,0.02
0.312,0.0,0.0,-0.042587619630783426,-0.4746763696112109,-0.0010821953812197053,0.014240321855678091,-0.18457405501062077,-0.0004964536006759662,-0.02926103579605743,-0.18093692283051893,-0.0003805063017836558,-0.040694524964315144,-0.46532261347821824,-0.0010634534116356906,0.019330058324967207,-0.17876636926511194,-0.0004944396951408896,-0.04919858639254444,-0.2521919867871496,-0.0005096956520172208,-0.033379886752878674,-0.4597405153528089,-0.0010674609782790495,0.0019683139083256783,-0.2472224064707037,-0.0006229524356598374,-0.042691866843407485,-0.2442566797001866,-0.000505841954870353,0.019236454055181054,-0.24482276279143875,-0.0006593232057786601,-0.05548244110146046,-0.4551761922510021,-0.0010017996350631445,-0.0878302058707953,-0.4462066977228728,-0.0008999406508316103,-0.0015460474422344266,-0.2399983970433981,-0.0005962231227291486,-0.004378276102387189,-0.2371193308569878,-0.0005821254287084407,-0.10059942681038042,-0.4408539177402156,-0.0008551783381820538,-10.62857142857143,0.0,0.055,0.205,0.02
0.314,0.0,0.0,-0.04338637651430642,-0.4777387978022509,-0.0010878779454286686,0.014475007679066254,-0.18576485536552798,-0.0005000129430530151,-0.029793399580222407,-0.18210425781652226,-0.00038210805505116207,-0.041456695858253054,-0.46832469485549705,-0.001069075424727955,0.019653178172209088,-0.17991970067972557,-0.0004981243975117319,-0.050093050169375694,-0.2538190318631957,-0.0005115511136766282,-0.034011208051942646,-0.4627065831937947,-0.0010733167411022902,0.0019773068652719607,-0.24881738973825662,-0.0006269642591164558,-0.04347235123214421,-0.24583252924663943,-0.0005078516560080799,0.01956941395246504,-0.24640226448686736,-0.000664096796355121,-0.05652061355944301,-0.4581128128461698,-0.0010065759293617733,-0.08944799072582639,-0.4490854506114074,-0.0009031381118515303,-0.0015836650192386393,-0.24154677379851677,-0.0006000018158907059,-0.004489585487544215,-0.238649132991549,-0.0005856771422229045,-0.10243622734582891,-0.443698136564346,-0.0008577467743849139,-10.697142857142858,0.0,0.055,0.205,0.02
0.316,0.0,0.0,-0.0441945268931068,-0.480801225993291,-0.0010935371236974615,0.014711423958997029,-0.1869556557204352,-0.0005035766584987537,-0.030331504389246332,-0.1832715928025256,-0.000383695483055758,-0.04222779799151921,-0.4713267762327759,-0.001074675200936307,0.019978847495331596,-0.1810730320943392,-0.0005018155256663707,-0.050997134735490654,-0.2554460769392419,-0.0005133825669246655,-0.0346501239919233,-0.4656726510347806,-0.001079153607457095,0.0019855212336318817,-0.25041237300580954,-0.0006309741996777038,-0.044261370152690806,-0.24740837879309224,-0.00050984006890237,0.019905388288793593,-0.24798176618229603,-0.0006688779503369027,-0.05757090310592031,-0.4610494334413376,-0.0010113220497047365,-0.09108384211417973,-0.45196420349994215,-0.0009062905319352895,-0.0016220114852624854,-0.24309515055363548,-0.0006037787138359921,-0.00460311937610309,-0.24017893512611022,-0.000589223374096415,-0.10429302633624782,-0.4465423553884764,-0.0008602653201066188,-10.765714285714287,0.0,0.055,0.205,0.02
0.318,0.0,0.0,-0.0450121095296443,-0.483863654184331,-0.0010991728182280604,0.014949551446595545,-0.18814645607534242,-0.0005071447000858486,-0.030875360723754994,-0.18443892778852894,-0.00038526855849820653,-0.043007867503451626,-0.47432885761005467,-0.0010802526490463387,0.02030704486471453,-0.1822263635089528,-0.000505513027510711,-0.05191085679209175,-0.257073122015288,-0.0005151899681994933,-0.03529667041348782,-0.46863871887576647,-0.001084971487209608,0.0019929312657407357,-0.25200735627336246,-0.0006349821937674859,-0.04505894225449955,-0.24898422833954503,-0.0005118071454671356,0.020244365623405237,-0.24956126787772465,-0.0006736666404162956,-0.05863335671384068,-0.4639860540365053,-0.0010160378773264626,-0.09273780907492334,-0.45484295638847677,-0.0009093977856857425,-0.0016610977600984077,-0.24464352730875416,-0.0006075537895587292,-0.004718909867921288,-0.2417087372606714,-0.0005927640447114208,-0.10616986461050348,-0.4493865742126068,-0.0008627338696908975,-10.834285714285715,0.0,0.055,0.205,0.02
0.32,0.0,0.0,-0.04583916282879645,-0.48692608237537116,-0.001104784932114317,0.015189370414975752,-0.18933725643024968,-0.0005107170196921131,-0.03142497866501749,-0.1856062627745323,-0.00038682725512694324,-0.043796940186310834,-0.47733093898733353,-0.0010858076787097048,0.02063774825876807,-0.18337969492356646,-0.0005092168494707025,-0.0528342323161141,-0.25870016709133414,-0.000516973275748106,-0.03595088294392847,-0.4716047867167523,-0.0010907702907581613,0.0019995108970374993,-0.25360233954091543,-0.0006389881770166404,-0.04586508560127101,-0.2505600778859979,-0.0005137528390787459,0.020586333996561703,-0.2511407695731533,-0.0006784628379913963,-0.05970802082088285,-0.4669226746316731,-0.001020723294794581,-0.09440993952458084,-0.45772170927701145,-0.0009124597505052203,-0.001700934881479575,-0.24619190406387287,-0.0006113270157594362,-0.004836989314694419,-0.24323853939523263,-0.0005962990738182784,-0.10806678156139352,-0.45223079303673724,-0.0008651523210655844,-10.902857142857144,0.0,0.055,0.205,0.02
0.322,0.0,0.0,-0.04667572483704933,-0.4899885105664112,-0.001110373369344037,0.015430860659219106,-0.19052805678515689,-0.0005142935680003316,-0.03198036787469702,-0.18677359776053565,-0.00038837154773879544,-0.04459505148465295,-0.48033302036461234,-0.0010913402004457536,0.02097093506400629,-0.18453302633818006,-0.0005129269364923703,-0.05376727655955454,-0.2603272121673802,-0.0005187324496281653,-0.03661279699667664,-0.4745708545577382,-0.0010965499290345243,0.0020052337464327836,-0.2551973228084683,-0.0006429920842637645,-0.04667981767023367,-0.25213592743245067,-0.0005156771045779491,0.020931280928281594,-0.25272027126858193,-0.0006832665131628591,-0.06079494132749113,-0.4698592952268408,-0.0010253781860148949,-0.09610028025445085,-0.46060046216554607,-0.0009154763066024131,-0.0017415340057362041,-0.24774028081899155,-0.00061509836484378,-0.004957390318917037,-0.24476834152979382,-0.0005998283805377485,-0.10998381514333125,-0.45507501186086763,-0.0008675205757486854,-10.971428571428572,0.0,0.055,0.205,0.02
0.324,0.0,0.0,-0.047521833241711955,-0.49305093875745126,-0.0011159380348010049,0.015674001496401455,-0.19171885714006412,-0.0005178742944982081,-0.03254153759464015,-0.187940932746539,-0.00038990141217960496,-0.045402236494727785,-0.4833351017418912,-0.0010968501256430957,0.021306582075181556,-0.18568635775279368,-0.000516643232042,-0.054710004048863864,-0.26195425724342636,-0.0005204674517096796,-0.037282447770830916,-0.4775369223987241,-0.0011023103135051186,0.00201007311671457,-0.25679230607602127,-0.0006469938495561352,-0.047503155351472155,-0.2537117769789035,-0.0005175798982716746,0.021279193417106775,-0.2542997729640106,-0.0006880776347307305,-0.06189416359493562,-0.4727959158220086,-0.0010300024362362935,-0.09780887692800042,-0.4634792150540808,-0.0009184473369990749,-0.0017829064084487012,-0.24928865757411028,-0.0006188678089209352,-0.005080145732803166,-0.24629814366435507,-0.0006033518833635951,-0.11192100187014184,-0.4579192306849981,-0.0008698385388541672,-11.040000000000001,0.0,0.055,0.205,0.02
0.326,0.0,0.0,-0.04837752537015433,-0.4961133669484914,-0.0011214788342669487,0.015918771765668138,-0.19290965749497138,-0.0005214591474784321,-0.03310849664670463,-0.18910826773254236,-0.00039141682534475555,-0.04621852996390194,-0.48633718311917007,-0.0011023373665611058,0.021644665495479862,-0.18683968916740734,-0.0005203656781064722,-0.05566242858440238,-0.2635813023194725,-0.0005221782456765216,-0.037959870250699,-0.48050299023970994,-0.0011080513561721977,0.002014001994991751,-0.2583872893435742,-0.000650993406150722,-0.04833511494730401,-0.25528762652535636,-0.0005194611779347105,0.02163005793890149,-0.2558792746594392,-0.0006928961701913649,-0.06300573244339738,-0.4757325364171764,-0.0010345959320556019,-0.0995357740783328,-0.46635796794261547,-0.0009213727275365377,-0.0018250634850975652,-0.250837034329229,-0.0006226353198019507,-0.005205288657166572,-0.2478279457989163,-0.0006068695001652828,-0.11387837681297,-0.46076344950912856,-0.0008721061190974669,-11.10857142857143,0.0,0.055,0.205,0.02
0.328,0.0,0.0,-0.04924283818906916,-0.4991757951395314,-0.0011269956744234427,0.016165149828357366,-0.1941004578498786,-0.0005250480740388668,-0.03368125343262571,-0.19027560271854568,-0.0003929177651796027,-0.04704396629010703,-0.4893392644964488,-0.001107801836331367,0.0219851609367771,-0.18799302058202094,-0.000524094215193752,-0.056624563239958695,-0.26520834739551863,-0.0005238647970277906,-0.03864509920535371,-0.4834690580806958,-0.001113772969574992,0.0020169930531754813,-0.2599822726111271,-0.0006549906865152971,-0.04917571217170516,-0.25686347607180915,-0.0005213209028112628,0.021983860445684244,-0.25745877635486786,-0.0006977220857344234,-0.06412969215007888,-0.4786691570123441,-0.0010391585614223666,-0.10128101510572958,-0.4692367208311501,-0.0009242523668820433,-0.0018680167517099988,-0.25238541108434764,-0.0006264008689981251,-0.0053328524402608355,-0.24935774793347748,-0.0006103811481907773,-0.11585597359829967,-0.46360766833325895,-0.0008743232288007225,-11.177142857142858,0.0,0.055,0.205,0.02
0.33,0.0,0.0,-0.05011780830375729,-0.5022382233305716,-0.001132488462853756,0.01641311356817185,-0.19529125820478585,-0.0005286410200828581,-0.034259815933921,-0.19144293770454907,-0.0003944042106798084,-0.04787857952131295,-0.4923413458737277,-0.0011132434489590517,0.02232804341995631,-0.18914635199663457,-0.0005278287823335292,-0.05759642036233192,-0.26683539247156474,-0.0005255270730790152,-0.03933816918820285,-0.4864351259216817,-0.00111947506679082,0.002019018648498358,-0.2615772558786801,-0.000658985622329639,-0.05002496214978401,-0.258439325618262,-0.0005231590336163922,0.02234058636449247,-0.2590382780502965,-0.0007025553462399519,-0.0652660864473395,-0.4816057776075119,-0.0010436902136435825,-0.10304464227526725,-0.4721154737196848,-0.0009270861465348881,-0.0019117778455031702,-0.25393378783946635,-0.0006301644277193909,-0.005462870676579268,-0.2508875500680387,-0.0006138867440694447,-0.11785382440608562,-0.4664518871573894,-0.0008764897838977242,-11.245714285714287,0.0,0.055,0.205,0.02
0.332,0.0,0.0,-0.05100247195743683,-0.5053006515216115,-0.0011379571080446357,0.01666264039139876,-0.19648205855969306,-0.0005322379303196623,-0.03484419171183395,-0.1926102726905524,-0.0003958761418915785,-0.04872240335502615,-0.4953434272510065,-0.0011186621193242337,0.02267328737528591,-0.1902996834112482,-0.0005315693170780113,-0.05857801157097722,-0.26846243754761084,-0.0005271650429631974,-0.04003911453657317,-0.4894011937626675,-0.0011251575614361618,0.0020200508240714255,-0.26317223914623294,-0.0006629781444868283,-0.05088287941730429,-0.2600151751647148,-0.000524975532537327,0.022700220596280015,-0.2606177797457251,-0.0007073959152755439,-0.0664149585208565,-0.4845423982026796,-0.0010481907793883501,-0.10482669671450846,-0.47499422660821944,-0.0009298739608323806,-0.0019563585255240675,-0.25548216459458506,-0.0006339259668727048,-0.005595377205614722,-0.2524173522025999,-0.0006173862038150517,-0.11987195996799715,-0.4692961059815198,-0.0008786057039385854,-11.314285714285715,0.0,0.055,0.205,0.02
0.334,0.0,0.0,-0.051896865030576035,-0.5083630797126517,-0.0011434015193880372,0.016913707227178006,-0.1976728589146003,-0.0005358387482649977,-0.035434387907315776,-0.19377760767655575,-0.0003973335399118045,-0.04957547113781302,-0.49834550862828536,-0.0011240577631831481,0.023020866642858885,-0.19145301482586183,-0.0005353157555028693,-0.059569347757714816,-0.270089482623657,-0.0005287786776316995,-0.04074796937130825,-0.4923672616036534,-0.0011308203676677006,0.0020200613094790163,-0.2647672224137859,-0.0006669681830946434,-0.05174947792025659,-0.26159102471116763,-0.0005267703632346584,0.02306274751484746,-0.2621972814411538,-0.0007122437550935845,-0.06757635100781145,-0.4874790187978474,-0.0010526601506924773,-0.10662721841126802,-0.4778729794967541,-0.0009326157069556142,-0.002001770673285892,-0.25703054134970377,-0.0006376854570604493,-0.00573040611057936,-0.25394715433716114,-0.000620879442828866,-0.12191040956577404,-0.4721403248056502,-0.0008806709120941327,-11.382857142857144,0.0,0.055,0.205,0.02
0.336,0.0,0.0,-0.05280102304024989,-0.5114255079036917,-0.001148821607182789,0.017166290527818828,-0.1988636592695075,-0.0005394434162417137,-0.03603041124104606,-0.19494494266255907,-0.00039877638688810824,-0.05043781586484825,-0.5013475900055642,-0.001129430297169378,0.023370754473092996,-0.19260634624047543,-0.0005390680322083358,-0.06057043908650238,-0.2717165276997031,-0.0005303679498549707,-0.04146476759638044,-0.4953333294446392,-0.0011364634001833273,0.0020190215214114186,-0.26636220568133884,-0.0006709556674770447,-0.052624771014478725,-0.2631668742576204,-0.0005285434908434096,0.023428150965805285,-0.26377678313658237,-0.0007170988266285745,-0.06875030599510204,-0.4904156393930151,-0.0010570982209630092,-0.10844624621145357,-0.48075173238528873,-0.0009353112849350518,-0.002048026293400929,-0.2585789181048224,-0.0006414428685788413,-0.0058679917170844425,-0.2554769564717223,-0.0006243663759028573,-0.12396920102969478,-0.4749845436297806,-0.0008826853351600164,-11.451428571428572,0.0,0.055,0.205,0.02
0.338,0.0,0.0,-0.053714981139520494,-0.5144879360947318,-0.0011542172826362047,0.01742036626916477,-0.20005445962441476,-0.000543051875380584,-0.03663226801349187,-0.19611227764856246,-0.000400204666018791,-0.051309470179488316,-0.504349671382843,-0.001134779638794987,0.023722923527291936,-0.19375967765508909,-0.0005428260803204552,-0.06158129499327092,-0.2733435727757493,-0.0005319328342231173,-0.042189542898516744,-0.4982993972856251,-0.0011420865742231116,0.0020169025643353724,-0.26795718894889176,-0.000674940526175758,-0.053508771465324796,-0.2647427238040732,-0.0005302948819739863,0.023796414265569908,-0.265356284832011,-0.0007219610894945408,-0.06993686501757965,-0.4933522599881829,-0.0010615048849827021,-0.1102838178169814,-0.48363048527382346,-0.0009379605976559247,-0.0020951375142098444,-0.2601272948599412,-0.0006451981714163506,-0.006008168591780193,-0.2570067586062835,-0.0006278469172229977,-0.12604836073715725,-0.4778287624539111,-0.0008846489035605408,-11.520000000000001,0.0,0.055,0.205,0.02
0.34,0.0,0.0,-0.05463877411684116,-0.517550364285772,-0.0011595884578656287,0.017675909951006968,-0.201245259979322,-0.0005466640656212169,-0.03723996410500542,-0.1972796126345658,-0.00040161836155268483,-0.052190466372869886,-0.5073517527601219,-0.0011401057064515838,0.024077345878267476,-0.19491300906970271,-0.0005465898314924866,-0.06260192418582412,-0.2749706178517954,-0.0005334733071463112,-0.04292232874683879,-0.5012654651266111,-0.0011476898055702359,0.002013675231202385,-0.26955217221644473,-0.0006789226869519503,-0.05440149144738311,-0.26631857335052606,-0.0005320245047130031,0.024167520200392617,-0.2669357865274397,-0.000726830501982524,-0.07113606905631259,-0.4962888805833507,-0.0010658800389144276,-0.1121399697837671,-0.48650923816235814,-0.0009405635508634419,-0.0021431165884073415,-0.2616756716150599,-0.000648951335252125,-0.0061509715409558225,-0.2585365607408448,-0.0006313209803726615,-0.1281479136113719,-0.48067298127804153,-0.0008865615513522108,-11.58857142857143,0.0,0.055,0.205,0.02
0.342,0.0,0.0,-0.0555724363954843,-0.5206127924768119,-0.0011649350458999268,0.017932896597545822,-0.2024360603342292,-0.0005502799257130904,-0.03785350497596033,-0.19844694762056914,-0.00040301745878890935,-0.053080836383533316,-0.5103538341374007,-0.001145408419411327,0.024433993011022562,-0.19606634048431631,-0.0005503592159064595,-0.06363233464380119,-0.2765976629278415,-0.0005349893468550434,-0.04366315839251677,-0.5042315329675968,-0.001153273010551895,0.0020093100041948518,-0.2711471554839976,-0.000682902076788,-0.0553029425442429,-0.26789442289697885,-0.0005337323286239893,0.024541451025421383,-0.2685152882228683,-0.0007317070210581522,-0.07234795853687515,-0.4992255011785184,-0.0010702235803055145,-0.11401473751979141,-0.48938799105089276,-0.0009431200531678141,-0.0021919758936641276,-0.26322404837017854,-0.000652702329454428,-0.006296435609099784,-0.26006636287540597,-0.0006347884783361253,-0.13026788312016746,-0.4835172001021719,-0.000888423216227,-11.657142857142858,0.0,0.055,0.205,0.02
0.34400000000000003,0.0,0.0,-0.056516002032993076,-0.523675220667852,-0.0011702569606809193,0.018191300757900992,-0.20362686068913646,-0.0005538993932167057,-0.0384728956669264,-0.1996142826065725,-0.0004044019440765304,-0.0539806117970711,-0.5133559155146795,-0.0011506876978278654,0.02479283582349534,-0.19721967189892997,-0.0005541341622748813,-0.06467253361870312,-0.27822470800388766,-0.0005364809334002162,-0.04441206486843742,-0.5071976008085828,-0.001158836106040165,0.0020037770555099733,-0.27274213875155057,-0.0006868786218893636,-0.05621313574830983,-0.2694702724434317,-0.000535418324747972,0.024918188463795576,-0.27009478991829694,-0.0007365906023592958,-0.07357257332766257,-0.5021621217736861,-0.0010745354080920276,-0.11590815528324122,-0.49226674393942743,-0.00094563001604909,-0.0022417279332451285,-0.26477242512529725,-0.0006564511230790829,-0.006444596077420334,-0.2615961650099672,-0.0006382493235021685,-0.1324082912749094,-0.48636141892630236,-0.0008902338395153373,-11.725714285714288,0.0,0.055,0.205,0.02
0.34600000000000003,0.0,0.0,-0.05746950472065683,-0.5267376488588921,-0.0011755541170647475,0.01845109650666977,-0.20481766104404367,-0.0005575224045048616,-0.03909814079888292,-0.20078161759257582,-0.0004057718048141235,-0.05488982384580133,-0.5163579968919583,-0.0011559434627372179,0.02515384462736409,-0.19837300331354357,-0.0005579145978425973,-0.06572252763398248,-0.27985175307993376,-0.0005379480486530766,-0.04516908098888603,-0.5101636686495685,-0.0011643790094528277,0.001997046248181444,-0.2743371220191035,-0.0006908522476865337,-0.05713208146067035,-0.2710461219898845,-0.0005370824656039366,0.02529771370577362,-0.2716742916137256,-0.0007414812001938029,-0.07480995273823199,-0.5050987423688539,-0.0010788154226029783,-0.11782025618072584,-0.49514549682796205,-0.0009480933538618021,-0.0022923853366238925,-0.26632080188041596,-0.0006601976848679271,-0.006595488462326489,-0.2631259671445284,-0.0006417034276677702,-0.13456915862953098,-0.48920563775043274,-0.0008919933661888082,-11.794285714285715,0.0,0.055,0.205,0.02
0.34800000000000003,0.0,0.0,-0.058432977783010265,-0.5298000770499321,-0.0011808264308231884,0.01871225744453374,-0.2060084613989509,-0.0005611488947640517,-0.03972924457347048,-0.2019489525785792,-0.00040712702944924076,-0.055808503408466055,-0.5193600782692371,-0.0011611756360585897,0.02551698914891303,-0.1995263347281572,-0.0005617004483888032,-0.06678232248519665,-0.2814787981559799,-0.0005393906763049936,-0.045934239349242456,-0.5131297364905545,-0.0011699016387541712,0.0019890871369388973,-0.2759321052866564,-0.0006948228788370946,-0.05805978949100487,-0.2726219715363373,-0.0005387247251891675,0.025680007407893533,-0.2732537933091542,-0.0007463787675373196,-0.07606013551766956,-0.5080353629640216,-0.001083063525564474,-0.11975107216556857,-0.4980242497164968,-0.0009505099838394273,-0.0023439608600931256,-0.26786917863553467,-0.0006639419832472769,-0.006749148513869462,-0.2646557692790896,-0.0006451507020419078,-0.13675050427967705,-0.49204985657456324,-0.0008937017448625806,-11.862857142857145,0.0,0.055,0.205,0.02
0.35000000000000003,0.0,0.0,-0.05940645417735644,-0.5328625052409722,-0.0011860738186449048,0.01897475669891381,-0.20719926175385814,-0.0005647787979959797,-0.040366210773281314,-0.20311628756458253,-0.0004084676074777801,-0.05673668100995465,-0.5223621596465159,-0.0011663841405951246,0.02588223852995898,-0.20067966614277083,-0.0005654916382292097,-0.06785192324022454,-0.28310584323202603,-0.0005408088018670734,-0.046707572325691185,-0.5160958043315403,-0.0011754039124557446,0.0019798689691050827,-0.2775270885542093,-0.0006987904392278706,-0.05899626905754971,-0.2741978210827901,-0.0005403450789794631,0.026065049692166407,-0.27483329500458287,-0.0007512832560311911,-0.07732315985298363,-0.5109719835591894,-0.0010872796201037997,-0.12170063403617377,-0.5009030026050314,-0.000952879826098657,-0.0023964673873712993,-0.2694175553906533,-0.0006676839863264004,-0.006905612214144679,-0.2661855714136508,-0.0006485910572494532,-0.13895234586196079,-0.4948940753986936,-0.0008953589277975414,-11.931428571428572,0.0,0.055,0.205,0.02
0.352,0.0,0.0,-0.06038996649331349,-0.5359249334320122,-0.0011912961981366394,0.01923856692467351,-0.20839006210876532,-0.0005684120470191978,-0.04100904276218804,-0.20428362255058582,-0.0004097935294432613,-0.05767438682105204,-0.5253642410237946,-0.0011715689000346,0.02624956132883879,-0.2018329975573844,-0.0005692880902183585,-0.06893133423954668,-0.2847328883080721,-0.0005422024126696188,-0.0474891120749454,-0.5190618721725261,-0.0011808857496170874,0.0019693606855307397,-0.2791220718217622,-0.0007027548519771682,-0.05994152878710791,-0.2757736706292429,-0.000541943503929233,0.02645282014530281,-0.27641279670001145,-0.0007561946159804446,-0.07859906336752433,-0.513908604154357,-0.0010914636107534335,-0.1236689714344692,-0.503781755493566,-0.0009552028036434805,-0.0024499179302052716,-0.27096593214577197,-0.0006714236618960016,-0.007064915775654464,-0.26771537354821195,-0.0006520244033351683,-0.1411746995533331,-0.4977382942228239,-0.0008969648709021578,-11.999999999999998,0.0,0.055,0.205,0.02
0.354,0.0,0.0,-0.06138351120614133,-0.5359249334320122,-0.0011888374173467467,0.019503646278485356,-0.20839006210876534,-0.0005690715725835972,-0.04165771786642187,-0.20428362255058585,-0.00040818644947099455,-0.05862161642600988,-0.5253642410237948,-0.001169224635506857,0.02661890676805722,-0.20183299755738443,-0.000570206397215558,-0.07002051599083092,-0.2847328883080721,-0.0005395038851713135,-0.04827886284621053,-0.5190618721725261,-0.0011789319002439517,0.00195752747496768,-0.27912207182176224,-0.0007027285812682325,-0.060895539590397965,-0.2757736706292429,-0.0005395803546053375,0.026843279937489684,-0.27641279670001145,-0.0007571640421132857,-0.07988783644142096,-0.5139086041543571,-0.001088273851967082,-0.1256560372821593,-0.503781755493566,-0.0009502819601477419,-0.002504324852776425,-0.270965932145772,-0.0006712900355389169,-0.007227093862509675,-0.267715373548212,-0.0006516261444313938,-0.14341749246538377,-0.497738294222824,-0.0008914089866737274,-12.0,0.0,0.055,0.205,0.02
0.356,0.0,0.0,-0.062387048677112325,-0.5359249334320122,-0.0011863535555646772,0.01976993842109488,-0.20839006210876534,-0.0005697342709681268,-0.042312187376122724,-0.20428362255058585,-0.00040656476171040996,-0.059578330823076175,-0.5253642410237948,-0.0011668565614944622,0.02699020473722033,-0.20183299755738443,-0.0005711297608136041,-0.07111938517123283,-0.2847328883080721,-0.0005367809307931029,-0.04907680098140548,-0.5190618721725261,-0.0011769575233157889,0.0019443307759370969,-0.27912207182176224,-0.0007026989982418249,-0.061858234663516885,-0.2757736706292429,-0.0005371953275971124,0.02723637182387292,-0.27641279670001145,-0.0007581401915937529,-0.08118942221262093,-0.5139086041543571,-0.0010850519192823404,-0.12766170778149183,-0.503781755493566,-0.0009453142955285167,-0.002559699872101384,-0.270965932145772,-0.0006711540182324891,-0.007392179587936736,-0.267715373548212,-0.0006512206992142558,-0.14568056264715998,-0.497738294222824,-0.0008858020043936006,-12.0,0.0,0.055,0.205,0.02
0.358,0.0,0.0,-0.0634005389016877,-0.5359249334320122,-0.0011838447118872498,0.020037386548273788,-0.20839006210876534,-0.0005704000013246506,-0.04297240216817667,-0.20428362255058585,-0.00040492858793615786,-0.06054449065880816,-0.5253642410237948,-0.0011644647755017965,0.02736338455226005,-0.20183299755738443,-0.0005720580057365119,-0.07222785773884813,-0.2847328883080721,-0.0005340337578420982,-0.049882902604092116,-0.5190618721725261,-0.0011749626779778016,0.0019297317269030558,-0.27912207182176224,-0.0007026660064942483,-0.06282954661685712,-0.2757736706292429,-0.000534788589914315,0.02763203802843813,-0.27641279670001145,-0.0007591229213097109,-0.08250376325760032,-0.5139086041543571,-0.0010817979548543406,-0.12968585798321078,-0.503781755493566,-0.0009403001192801854,-0.002616054834237569,-0.270965932145772,-0.0006710155806841767,-0.007560206287310117,-0.267715373548212,-0.0006508079849006881,-0.14796374669972406,-0.497738294222824,-0.00088014432893916,-12.0,0.0,0.055,0.205,0.02
0.36,0.0,0.0,-0.06442394151225245,-0.5359249334320122,-0.0011813109863258113,0.0203059333964825,-0.20839006210876534,-0.0005710686216425978,-0.04363831271073698,-0.20428362255058585,-0.000403278050956023,-0.06152005623101309,-0.5253642410237948,-0.0011620493759124664,0.027738374962627148,-0.20183299755738443,-0.0005729909552741112,-0.07334584894006896,-0.2847328883080721,-0.0005312625764230599,-0.05069714362110198,-0.5190618721725261,-0.001172947423921085,0.0019136911707128377,-0.27912207182176224,-0.0007026295088716633,-0.06380940748070697,-0.2757736706292429,-0.0005323603100309644,0.028030220247926348,-0.27641279670001145,-0.0007601120868211239,-0.0838308015942228,-0.5139086041543571,-0.001078512102241892,-0.13172836179485786,-0.503781755493566,-0.000935239743775888,-0.0026734017141010445,-0.270965932145772,-0.0006708746932788363,-0.007731207513245256,-0.267715373548212,-0.0006503879181522547,-0.15026687978886547,-0.497738294222824,-0.0008744363688077499,-12.0,0.0,0.055,0.205,0.02
0.362,0.0,0.0,-0.06545721578087386,-0.5359249334320122,-0.0011787524797993994,0.020575521248581228,-0.20839006210876534,-0.0005717399887631197,-0.044309869067783406,-0.20428362255058585,-0.00040161327459962217,-0.06250498749171354,-0.5253642410237948,-0.0011596104619819541,0.02811510415854507,-0.20183299755738443,-0.000573928431300029,-0.07447327331700299,-0.2847328883080721,-0.0005284675984200078,-0.05151949972417681,-0.5190618721725261,-0.0011709118213785602,0.0018961696590741488,-0.27912207182176224,-0.0007025894074811877,-0.06479774871089888,-0.2757736706292429,-0.0005299106578713398,0.028430859655786914,-0.27641279670001145,-0.0007611075423698445,-0.08517047868462964,-0.5139086041543571,-0.001075194506400336,-0.13378909198914923,-0.503781755493566,-0.0009301334842467703,-0.002731752615280055,-0.270965932145772,-0.0006707313260791775,-0.00790521703065335,-0.267715373548212,-0.0006499604150874169,-0.15258979565792377,-0.497738294222824,-0.0008686785360848964,-12.0,0.0,0.055,0.205,0.02
0.364,0.0,0.0,-0.06650032062208358,-0.5359249334320122,-0.001176169294127846,0.020846091939589105,-0.20839006210876534,-0.0005724139583933664,-0.044987020903719095,-0.20428362255058585,-0.0003999343837070062,-0.06349924405013695,-0.5253642410237948,-0.0011571481338302032,0.028493499778324036,-0.20183299755738443,-0.0005748702542898238,-0.07561004471495478,-0.2847328883080721,-0.0005256490374776728,-0.05234994639162264,-0.5190618721725261,-0.0011688559311208732,0.001877127457068773,-0.27912207182176224,-0.000702545603702091,-0.06579450119450529,-0.2757736706292429,-0.00052743980479586,0.02883389690616741,-0.27641279670001145,-0.0007621091408894959,-0.08652273543816051,-0.5139086041543571,-0.0010718453136743188,-0.13586792021242616,-0.503781755493566,-0.0009249816587610419,-0.002791119769844173,-0.270965932145772,-0.0006705854488262299,-0.00808226881175859,-0.267715373548212,-0.0006495253912938967,-0.15493232664072218,-0.497738294222824,-0.0008628712464122507,-12.0,0.0,0.055,0.205,0.02
0.366,0.0,0.0,-0.06755321459568266,-0.5359249334320122,-0.0011735615320248216,0.02111758686249087,-0.20839006210876534,-0.0005730903851208862,-0.04566971748800485,-0.20428362255058585,-0.0003982415041171669,-0.06450278517572904,-0.5253642410237948,-0.0011546624924341446,0.02887348891573468,-0.20183299755738443,-0.0005758162433392712,-0.07675607628996882,-0.2847328883080721,-0.0005228071089827933,-0.05318845888997742,-0.5190618721725261,-0.0011667798144522586,0.0018565245477022284,-0.27912207182176224,-0.0007024979981970775,-0.06679959525558142,-0.2757736706292429,-0.000524947923586844,0.029239272137940392,-0.27641279670001145,-0.0007631167340154472,-0.08788751221430531,-0.5139086041543571,-0.0010684646717904916,-0.13796471699317941,-0.503781755493566,-0.0009197845882028495,-0.0028515155381490065,-0.270965932145772,-0.0006704370309398196,-0.008262397031078356,-0.267715373548212,-0.0006490827618411335,-0.15729430367461006,-0.497738294222824,-0.0008570149189552545,-12.0,0.0,0.055,0.205,0.02
0.368,0.0,0.0,-0.06861585590956976,-0.5359249334320122,-0.001170929297090824,0.02138994697409055,-0.20839006210876534,-0.0005737691224281406,-0.046357907699830225,-0.20428362255058585,-0.0003965347626564525,-0.06551556980119103,-0.5253642410237948,-0.0011521536396201643,0.029254998127440562,-0.20183299755738443,-0.0005767662161827978,-0.07791128051643338,-0.2847328883080721,-0.0005199420300452582,-0.05403501227569201,-0.5190618721725261,-0.0011646835332063718,0.0018343206364889993,-0.27912207182176224,-0.0007024464909236612,-0.06781296066095457,-0.2757736706292429,-0.0005224351884341537,0.029646924978766684,-0.27641279670001145,-0.0007641301720948796,-0.0892647488256866,-0.5139086041543571,-0.0010650527298501297,-0.14007935175064676,-0.503781755493566,-0.0009145425962509664,-0.002912952408636385,-0.270965932145772,-0.0006702860415190576,-0.008445636060366973,-0.267715373548212,-0.0006486324412928342,-0.1596755563136138,-0.497738294222824,-0.0008511099763705348,-12.0,0.0,0.055,0.205,0.02
0.37,0.0,0.0,-0.06968820242259192,-0.5359249334320122,-0.001168272693806106,0.021663112800911658,-0.20839006210876534,-0.0005744500227071398,-0.04705154003282107,-0.20428362255058585,-0.00039481428712688906,-0.0665375565255402,-0.5253642410237948,-0.0011496216780565094,0.0296379534404889,-0.20183299755738443,-0.0005777199892120625,-0.07907556919474464,-0.2847328883080721,-0.0005170540194790968,-0.05488958139682431,-0.5190618721725261,-0.0011625671497420853,0.001810475156072899,-0.27912207182176224,-0.0007023909811456281,-0.06883452662605936,-0.2757736706292429,-0.0005199017749207208,0.030056794549195038,-0.27641279670001145,-0.0007651493041969454,-0.0906543845410727,-0.5139086041543571,-0.0010616096383216764,-0.1422116928034828,-0.503781755493566,-0.0009092560093572979,-0.002975442997629972,-0.270965932145772,-0.0006701324493428391,-0.008632020463523547,-0.267715373548212,-0.0006481743437196126,-0.16207591274169475,-0.497738294222824,-0.0008451568447730255,-12.0,0.0,0.055,0.205,0.02
0.372,0.0,0.0,-0.07077021164741798,-0.5359249334320122,-0.0011655918275235507,0.021937024445143345,-0.20839006210876534,-0.0005751329372741925,-0.047750562599783025,-0.20428362255058585,-0.0003930802062944119,-0.06756870361719361,-0.5253642410237948,-0.0011470667112456364,0.030022280359858745,-0.20183299755738443,-0.0005786773774946833,-0.08024885345903031,-0.2847328883080721,-0.0005141432977833186,-0.05575214089474646,-0.5190618721725261,-0.0011604307269392545,0.0017849472708821247,-0.27912207182176224,-0.0007023313674445879,-0.0698642218208185,-0.2757736706292429,-0.0005173478600079589,0.030468819466797928,-0.27641279670001145,-0.0007661739781230162,-0.09205635808842148,-0.5139086041543571,-0.001058135549033211,-0.14436160737850082,-0.503781755493566,-0.000903925156725208,-0.0030390000491262266,-0.270965932145772,-0.0006699762228703552,-0.008821584991464473,-0.267715373548212,-0.0006477083827117211,-0.16449519978611316,-0.497738294222824,-0.0008391559537028232,-12.0,0.0,0.055,0.205,0.02
0.374,0.0,0.0,-0.07186184075343405,-0.5359249334320122,-0.0011628868044614856,0.022211621590632002,-0.20839006210876534,-0.0005758177163847718,-0.0484549231374806,-0.20428362255058585,-0.00039133264987700707,-0.06860896901707454,-0.5253642410237948,-0.0011444888435165029,0.03040790387606599,-0.20183299755738443,-0.0005796381947931079,-0.08143104378493224,-0.2847328883080721,-0.0005112100871226044,-0.05662266520586499,-0.5190618721725261,-0.0011582743281944492,0.0017576958818185562,-0.27912207182176224,-0.000702267547731611,-0.07090197437556842,-0.2757736706292429,-0.000514773622021061,0.030882937850343246,-0.27641279670001145,-0.0007672040404170234,-0.09347060765795437,-0.5139086041543571,-0.0010546306151648392,-0.14652896161948564,-0.503781755493566,-0.000898550370287663,-0.003103636434580654,-0.270965932145772,-0.0006698173302416145,-0.009014364576961184,-0.267715373548212,-0.0006472344713918689,-0.166933242930897,-0.497738294222824,-0.0008331077360917772,-12.0,0.0,0.055,0.205,0.02
0.376,3.0,0.26093117936310734,-0.07296304656966117,-0.5359249334320122,-0.0011601577316964454,0.022486843508917758,-0.20839006210876534,-0.0005765042092484934,-0.04916456901145132,-0.20428362255058585,-0.00038957174853276313,-0.06960880937327237,-0.5253642410237948,-0.0011418881800168005,0.03082580691026113,-0.20183299755738443,-0.000580602253583626,-0.08259275361705828,-0.2847328883080721,-0.0005082546113078496,-0.05750112856335358,-0.5190618721725261,-0.0011560980174166527,0.0017286796309808475,-0.27912207182176224,-0.000702199419258952,-0.07194771188702942,-0.2757736706292429,-0.0005121792406341863,0.031299087324001676,-0.27641279670001145,-0.0007682393363758868,-0.09489707090526087,-0.5139086041543571,-0.001051094991241007,-0.1487136205960774,-0.503781755493566,-0.0008931319846852008,-0.003169365152689276,-0.270965932145772,-0.0006696557392779784,-0.009210394329443695,-0.267715373548212,-0.000646752522428127,-0.1693898663304149,-0.497738294222824,-0.0008270126282298175,-12.0,0.0,0.05499999996287388,0.2049998257543286,0.0199997402920412
0.378,3.0,0.22977605175504545,-0.07407378558769472,-0.5359249334320122,-0.0011574047171558775,0.022762629065315343,-0.20839006210876534,-0.0005771922640442077,-0.0498794472208545,-0.20428362255058585,-0.0003877976338478363,-0.07048222964003699,-0.5253642410237948,-0.001139388579126306,0.03132980542320503,-0.20183299755738443,-0.0005816470111691139,-0.08368312149963768,-0.2847328883080721,-0.0005053503367275345,-0.058387504998898575,-0.5190618721725261,-0.0011539018590229313,0.0016978569064208624,-0.27912207182176224,-0.0007021268786318577,-0.0730013614243197,-0.2757736706292429,-0.0005095648968555337,0.03171720502158951,-0.27641279670001145,-0.0007692797100600328,-0.0963356849544332,-0.5139086041543571,-0.0010475288331227405,-0.15091544831272505,-0.503781755493566,-0.0008876703372437215,-0.003236199329165257,-0.270965932145772,-0.0006694914174827069,-0.00940970952977054,-0.267715373548212,-0.0006462624480469207,-0.17186489282305142,-0.497738294222824,-0.0008208710697310229,-12.0,0.0,0.05499999986888455,0.2049994832971717,0.01999922879046382
0.38,3.0,0.19593315857083315,-0.07519401396466525,-0.5359249334320122,-0.0011546278696107936,0.023038916725038768,-0.20839006210876534,-0.0005778817279352017,-0.050599504403354256,-0.20428362255058585,-0.0003860104383243284,-0.07124891240657057,-0.5253642410237948,-0.0011372050284593944,0.03190738522353446,-0.20183299755738443,-0.0005829070074514736,-0.08471389036050594,-0.2847328883080721,-0.000502624417021086,-0.05928176834445682,-0.5190618721725261,-0.0011516859179340688,0.0016651858469329932,-0.27912207182176224,-0.0007020498218204578,-0.07406284953501277,-0.2757736706292429,-0.000506930773012308,0.03213722759084672,-0.27641279670001145,-0.0007703250043040024,-0.09778638640123115,-0.5139086041543571,-0.0010439322979998097,-0.15313430771770953,-0.503781755493566,-0.0008821657679521023,-0.0033041522165106136,-0.270965932145772,-0.000669324332041517,-0.009612345624965676,-0.267715373548212,-0.0006457641600461037,-0.1743581439449845,-0.497738294222824,-0.0008146835034994316,-12.0,0.0,0.054999999676174444,0.20499881689792035,0.019998230794095146
0.382,3.0,0.16702032177996562,-0.07632368752622082,-0.5359249334320122,-0.0011518272986683674,0.023315644559369266,-0.20839006210876534,-0.0005785724470845103,-0.05132468684003619,-0.20428362255058585,-0.000384210295368079,-0.07192565952645158,-0.5253642410237948,-0.0011352883215430605,0.03254786288522202,-0.20183299755738443,-0.0005843509569522972,-0.08569502260416356,-0.2847328883080721,-0.0005000474948689154,-0.060183892234025836,-0.5190618721725261,-0.0011494502595701733,0.0016306243468759043,-0.27912207182176224,-0.0007019681441717381,-0.07513210225123769,-0.2757736706292429,-0.0005042770527355754,0.03255909119774999,-0.27641279670001145,-0.0007713750607271456,-0.09924911131627677,-0.5139086041543571,-0.001040305544382815,-0.15537006071223558,-0.503781755493566,-0.0008766186194396411,-0.003373237193782946,-0.270965932145772,-0.0006691544498231536,-0.009818338222922924,-0.267715373548212,-0.0006452575698081159,-0.17686943994406296,-0.497738294222824,-0.0008084503756945987,-12.0,0.0,0.054999999411338145,0.2049979343593212,0.019996904995001404
0.384,3.0,0.1423163115865428,-0.07746276176953015,-0.5359249334320122,-0.0011490031147644785,0.02359275025186594,-0.20839006210876534,-0.0005792642666703365,-0.05205494046035738,-0.20428362255058585,-0.00038239733927637417,-0.0725268793640712,-0.5253642410237948,-0.001133596453743358,0.033242073545598196,-0.20183299755738443,-0.0005859521511065161,-0.08663501475896894,-0.2847328883080721,-0.0004975946642597713,-0.061093850105426076,-0.5190618721725261,-0.0011471949498462507,0.0015941300610262381,-0.27912207182176224,-0.0007018817404215954,-0.07620904509582171,-0.2757736706292429,-0.0005016039209450131,0.032982731530860475,-0.27641279670001145,-0.0007724297197444035,-0.10072379524827912,-0.5139086041543571,-0.001036648732095201,-0.1576225681595918,-0.503781755493566,-0.0008710292369533259,-0.003443467766357124,-0.270965932145772,-0.0006689817373799726,-0.010027723087078569,-0.267715373548212,-0.0006447425883132227,-0.1793985997937837,-0.497738294222824,-0.0008021721356969027,-12.0,0.0,0.0549999990846091,0.2049968683169121,0.019995299278480875
0.386,3.0,0.12121285380350388,-0.07861119186630683,-0.5359249334320122,-0.0011461554291562052,0.023870171104618573,-0.20839006210876534,-0.0005799570309015783,-0.052790210847129156,-0.20428362255058585,-0.0003805717052255712,-0.0730649252546527,-0.5253642410237948,-0.0011320934041493089,0.03398215394133953,-0.20183299755738443,-0.0005876876777574565,-0.08754111471708412,-0.2847328883080721,-0.0004952446838727578,-0.06201161520209522,-0.5190618721725261,-0.0011449200551677502,0.001555660409463815,-0.27912207182176224,-0.0007017905047069712,-0.07729360308847465,-0.2757736706292429,-0.000498911563833553,0.03340808380570619,-0.27641279670001145,-0.0007734888205771798,-0.10221037322728864,-0.5139086041543571,-0.001032962022265195,-0.15989168989437816,-0.503781755493566,-0.0008653979683349354,-0.0035148575656818557,-0.270965932145772,-0.0006688061609485372,-0.010240536131052672,-0.267715373548212,-0.0006442191261528336,-0.18194544120736705,-0.497738294222824,-0.0007958492360726008,-12.0,0.0,0.05499999870503806,0.20499564641699483,0.01999345471831964
0.388,2.0,0.10232095464330818,-0.07976893266585386,-0.5359249334320122,-0.0011432843539142634,0.024147844044542014,-0.20839006210876534,-0.0005806505830334598,-0.05353044324153221,-0.20428362255058585,-0.00037873352925864176,-0.07355038377536792,-0.5253642410237948,-0.0011307482894228553,0.03476135804887708,-0.20183299755738443,-0.0005895378787468099,-0.08841950406422712,-0.2847328883080721,-0.0004929794339774699,-0.06293716057489424,-0.5190618721725261,-0.0011426256424260772,0.0015151725824878593,-0.27912207182176224,-0.0007016943305780651,-0.07838570075201444,-0.2757736706292429,-0.0004962001688519206,0.03383508276919856,-0.27641279670001145,-0.0007745522012642942,-0.1037087797679811,-0.5139086041543571,-0.0010292455773176711,-0.16217728473180054,-0.503781755493566,-0.0008597251639979695,-0.003587420349031079,-0.270965932145772,-0.0006686276864502254,-0.010456813413259729,-0.267715373548212,-0.0006436870935428984,-0.18450978065192933,-0.497738294222824,-0.0007894821325386424,-12.0,0.0,0.05499999828064601,0.20499429207662564,0.019991406534830353
0.39,2.0,0.08725611805893918,-0.08093593869812873,-0.5359249334320122,-0.001140390001915396,0.024425705629711598,-0.20839006210876534,-0.0005813447653832684,-0.05427558254816355,-0.20428362255058585,-0.00037688294827263407,-0.07399250992873348,-0.5253642410237948,-0.001129534643121067,0.03557377725213346,-0.20183299755738443,-0.0005914858890156538,-0.08927559262780219,-0.2847328883080721,-0.0004907834606096125,-0.06387045908392512,-0.5190618721725261,-0.0011403117789940797,0.0014726235455637773,-0.27912207182176224,-0.0007015931110106252,-0.07948526211863355,-0.2757736706292429,-0.0004934699246930711,0.03426366270408313,-0.27641279670001145,-0.000775619698673025,-0.1052189488729712,-0.5139086041543571,-0.0010254995609659402,-0.16447921047703148,-0.503781755493566,-0.0008540111769044135,-0.003661169999250102,-0.270965932145772,-0.0006684462794918524,-0.010676591131489234,-0.267715373548212,-0.0006431464003373808,-0.1870914333627513,-0.497738294222824,-0.0007830712839272366,-12.0,0.0,0.054999997708828054,0.20499282606477706,0.019989185455885055
0.392,2.0,0.07436519894011043,-0.08211216417682844,-0.5359249334320122,-0.0011374724868347087,0.024703692055739,-0.20839006210876534,-0.0005820394193461924,-0.055025573340114875,-0.20428362255058585,-0.00037502010000605573,-0.07439907629309016,-0.5253642410237948,-0.0011284293277376532,0.03641444074250939,-0.20183299755738443,-0.0005935169370237947,-0.09011388117811366,-0.2847328883080721,-0.0004886432392006748,-0.0648114834003601,-0.5190618721725261,-0.0011379785327215023,0.0014279700443000103,-0.27912207182176224,-0.0007014867384183151,-0.08059221073620539,-0.2757736706292429,-0.0004907210212765234,0.03469375743342402,-0.27641279670001145,-0.0007766911485102366,-0.10674081403615536,-0.5139086041543571,-0.0010217241382034648,-0.16679732393463662,-0.503781755493566,-0.0008482563625413362,-0.0037361205244964327,-0.270965932145772,-0.0006682619053663049,-0.010899905617456785,-0.267715373548212,-0.000642596956041807,-0.18969021335764155,-0.497738294222824,-0.0007766171521501817,-12.0,0.0,0.05499999695246123,0.20499126539677243,0.019986817452242976
0.394,2.0,0.06337637146951677,-0.08329756300249436,-0.5359249334320122,-0.0011345319231379593,0.024981739162187974,-0.20839006210876534,-0.0005827343854112609,-0.05578035986408178,-0.20428362255058585,-0.0003731451230261774,-0.07477662753936705,-0.5253642410237948,-0.0011274129118267614,0.037279152533446845,-0.20183299755738443,-0.0005956185957497345,-0.09093812670628326,-0.2847328883080721,-0.0004865475178248961,-0.06576020600828224,-0.5190618721725261,-0.001135625971930415,0.0013811686094544855,-0.27912207182176224,-0.0007013751046651556,-0.08170646967463038,-0.2757736706292429,-0.00048795364973259385,0.035125300325121955,-0.27641279670001145,-0.0007777663853335887,-0.10827430824608382,-0.5139086041543571,-0.0010179194752955045,-0.1691314809180661,-0.503781755493566,-0.0008424610788973233,-0.003812286057975222,-0.270965932145772,-0.0006680745290531889,-0.011126793331326329,-0.267715373548212,-0.000642038669826888,-0.1923059334513935,-0.497738294222824,-0.0007701202021629561,-12.0,0.0,0.05499999604034928,0.20498962378059798,0.019984324329101057
0.396,2.0,0.054028369440829324,-0.0844920887656367,-0.5359249334320122,-0.0011315684260737946,0.025259782439029373,-0.20839006210876534,-0.0005834295031773832,-0.05653988604550347,-0.20428362255058585,-0.0003712581567162602,-0.07513075154026307,-0.5253642410237948,-0.0011264690337110693,0.038164317644655985,-0.20183299755738443,-0.0005977803752270783,-0.09175152303548018,-0.2847328883080721,-0.0004844869040044721,-0.06671659920653715,-0.5190618721725261,-0.0011332541654106097,0.0013321755619701812,-0.27912207182176224,-0.0007012581010780418,-0.08282796153222109,-0.2757736706292429,-0.0004851680023865313,0.035558224296465726,-0.27641279670001145,-0.0007788452425628335,-0.10981936398936176,-0.5139086041543571,-0.0010140857397706834,-0.17148153625921048,-0.503781755493566,-0.0008366256864387497,-0.003889680857669261,-0.270965932145772,-0.000667884115219492,-0.011357290856204134,-0.267715373548212,-0.0006414714505422142,-0.19493840527033482,-0.497738294222824,-0.0007635809019285763,-12.0,0.0,0.05499999499545194,0.20498791289423585,0.01998172476190337
0.398,2.0,0.04609524001614827,-0.0856956947498783,-0.5359249334320122,-0.0011285821116659388,0.025537757033134875,-0.20839006210876534,-0.0005841246113694868,-0.05730409549373231,-0.20428362255058585,-0.00036935934126270596,-0.07546620810959502,-0.5253642410237948,-0.0011255837237088293,0.03906686055882887,-0.20183299755738443,-0.000599993288005101,-0.0925567781636634,-0.2847328883080721,-0.0004824534131814798,-0.0676806351105958,-0.5190618721725261,-0.0011308631824149724,0.0012809470180393202,-0.27912207182176224,-0.000701135618459331,-0.08395660844212577,-0.2757736706292429,-0.0004823642727425545,0.03599246181871662,-0.27641279670001145,-0.0007799275524911929,-0.11137591325407936,-0.5139086041543571,-0.0010102231004124884,-0.17384734381802014,-0.503781755493566,-0.0008307505480858887,-0.003968319306063463,-0.270965932145772,-0.0006676906282202569,-0.01159143489260514,-0.267715373548212,-0.0006408952067300198,-0.19758743926696834,-0.497738294222824,-0.000756999722381223,-12.0,0.0,0.05499999383774643,0.20498614261443127,0.019979034677904055
0.4,2.0,0.039381274171704374,-0.08690833393511746,-0.5359249334320122,-0.0011255730967053347,0.025815597754808833,-0.20839006210876534,-0.0005848195478547506,-0.05807293150723292,-0.20428362255058585,-0.0003674488176421339,-0.07578704075173782,-0.5253642410237948,-0.0011247450822854993,0.039984154538206695,-0.20183299755738443,-0.0006022496452905333,-0.09335618104221018,-0.2847328883080721,-0.00048044027536102175,-0.06865228565442805,-0.5190618721725261,-0.0011284530926548258,0.0012274388941957031,-0.27912207182176224,-0.000701007547099504,-0.0850923320787899,-0.2757736706292429,-0.00047954265546779285,0.036427944921725755,-0.27641279670001145,-0.0007810131462968203,-0.11294388753327064,-0.5139086041543571,-0.0010063317272506944,-0.17622875649218803,-0.503781755493566,-0.0008248360291888646,-0.0040482159098637616,-0.270965932145772,-0.0006674940320992714,-0.011829262252892261,-0.267715373548212,-0.0006403098466390173,-0.2002528447347029,-0.497738294222824,-0.0007503771373896393,-12.0,0.0,0.054999992584530935,0.20498432127864727,0.019976267626504163
0.402,2.0,0.033716798787180764,-0.0881299590007096,-0.5359249334320122,-0.0011225414987422369,0.02609323908435765,-0.20839006210876534,-0.0005855141496589354,-0.05884633707881009,-0.20428362255058585,-0.00036552672760838237,-0.07609667383527294,-0.5253642410237948,-0.0011239430006801424,0.04091396024658865,-0.20183299755738443,-0.0006045428802389779,-0.09415165935771132,-0.2847328883080721,-0.0004784417681646548,-0.06963152259238702,-0.5190618721725261,-0.001126023966295245,0.0011716069124346926,-0.27912207182176224,-0.0007008737767898949,-0.08623505366445502,-0.2757736706292429,-0.0004767033463761325,0.036864605198584074,-0.27641279670001145,-0.000782101854054343,-0.11452321782840093,-0.5139086041543571,-0.001002411791552716,-0.17862562622689465,-0.503781755493566,-0.0008188824975034447,-0.00412938529971036,-0.270965932145772,-0.0006672942905897707,-0.012070809855689299,-0.267715373548212,-0.0006397152782382994,-0.2029344298226732,-0.497738294222824,-0.0007437136237203028,-12.0,0.0,0.054999991250710124,0.20498245591010192,0.01997343510126235
0.404,3.0,0.02930294734884211,-0.08936052232866754,-0.5359249334320122,-0.0011194874360782564,0.026370615178696072,-0.20839006210876534,-0.0005862082529828075,-0.059624254900865266,-0.20428362255058585,-0.0003635932136794394,-0.07639799718101561,-0.5253642410237948,-0.0011231689179713046,0.041854372395269374,-0.20183299755738443,-0.0006068673945099327,-0.09494482959974167,-0.2847328883080721,-0.000476453072375902,-0.07061831750110388,-0.5190618721725261,-0.0011235758739503476,0.001113406605360351,-0.27912207182176224,-0.0007007341968354923,-0.08738469397569439,-0.2757736706292429,-0.0004738465424119697,0.0373023738103046,-0.27641279670001145,-0.0007831935047464889,-0.11611383465288276,-0.5139086041543571,-0.0009984634658148906,-0.18103780402461497,-0.503781755493566,-0.0008128903231666783,-0.004211842229885265,-0.270965932145772,-0.0006670913671151542,-0.012316114720268062,-0.267715373548212,-0.0006391114092313068,-0.2056320015506475,-0.497738294222824,-0.0007370096610003771,-12.0,0.0,0.05499998984906115,0.20498055241101634,0.019970546820237554
0.406,3.0,0.025238270629072853,-0.09059997600687994,-0.5359249334320122,-0.0011164110277583617,0.02664765987798982,-0.20839006210876534,-0.0005869016932186535,-0.06040662737068092,-0.20428362255058585,-0.0003616484191243015,-0.07669338602802683,-0.5253642410237948,-0.001122415609606948,0.042803808018357974,-0.20183299755738443,-0.0006092184248816346,-0.09573699851822924,-0.2847328883080721,-0.00047447014677082607,-0.07161264178139305,-0.5190618721725261,-0.0011211088866785557,0.0010527933213592354,-0.27912207182176224,-0.0007005886960678065,-0.08854117334998478,-0.2757736706292429,-0.00047097244163387135,0.03774118149053689,-0.27641279670001145,-0.0007842879262757902,-0.11771566803562016,-0.5139086041543571,-0.000994486923753686,-0.1834651399549864,-0.503781755493566,-0.0008068598786723774,-0.004295601578014038,-0.270965932145772,-0.000666885224789717,-0.01256521396091032,-0.267715373548212,-0.0006384981470698599,-0.20834536582402166,-0.497738294222824,-0.0007302657316804412,-12.0,0.0,0.054999988423065686,0.20497861542537144,0.019967610817972554
0.40800000000000003,3.0,0.021863169625879537,-0.09184827183234796,-0.5359249334320122,-0.0011133123935628305,0.026924306712333937,-0.20839006210876534,-0.0005875943049668879,-0.06119339659573238,-0.20428362255058585,-0.00035969248794976235,-0.0769848658272904,-0.5253642410237948,-0.0011216771374894198,0.04376090117260203,-0.20183299755738443,-0.0006115920139393561,-0.096529278674301,-0.2847328883080721,-0.0004724897244746071,-0.07261446666016759,-0.5190618721725261,-0.0011186230759778325,0.0009897222298003517,-0.27912207182176224,-0.0007004371628578037,-0.089704411692314,-0.2757736706292429,-0.0004680812431981453,0.0381809585503133,-0.27641279670001145,-0.0007853849454763709,-0.11932864752458093,-0.5139086041543571,-0.0009904823402968423,-0.18590748316473715,-0.503781755493566,-0.000800791538846449,-0.004380678344761698,-0.270965932145772,-0.0006666758264193949,-0.01281814478124524,-0.267715373548212,-0.0006378753989682543,-0.2110743274488985,-0.497738294222824,-0.0007234823209970059,-12.0,0.0,0.054999986993002965,0.2049766489994417,0.019964633923639112
0.41000000000000003,3.0,0.01906840514868684,-0.09310536131443961,-0.5359249334320122,-0.0011101916539991606,0.027200488908466245,-0.20839006210876534,-0.0005882859220527483,-0.06198450439902658,-0.20428362255058585,-0.00035772556488713374,-0.07727414855365948,-0.5253642410237948,-0.001120948437991261,0.04472448044216911,-0.20183299755738443,-0.0006139847468249662,-0.09732260660425836,-0.2847328883080721,-0.00047050902408442773,-0.07362376319236456,-0.5190618721725261,-0.0011161185137808962,0.0009241483262607617,-0.27912207182176224,-0.0007002794851289065,-0.0908743284818234,-0.2757736706292429,-0.0004651731473423223,0.03862163488282694,-0.27641279670001145,-0.0007864843881258118,-0.1209527021903971,-0.5139086041543571,-0.0009864498915744405,-0.1883646818876747,-0.503781755493566,-0.0007946856808220721,-0.004467087653522708,-0.270965932145772,-0.0006664631345025258,-0.013074944468562907,-0.267715373548212,-0.0006372430719174169,-0.21381869014725144,-0.497738294222824,-0.0007166599169348137,-12.0,0.0,0.054999985556525896,0.20497465670406464,0.01996162194687574
0.41200000000000003,3.0,0.016767643393815656,-0.09437119567816163,-0.5359249334320122,-0.0011070489302939315,0.02747613939651531,-0.20839006210876534,-0.000588976377543079,-0.06277989232446729,-0.20428362255058585,-0.00035574779537889817,-0.07756264863084147,-0.5253642410237948,-0.001120225231175338,0.04569355952469351,-0.20183299755738443,-0.0006163936949988839,-0.09811774590044708,-0.2847328883080721,-0.0004685257042595344,-0.07464050226288033,-0.5190618721725261,-0.0011135952724504038,0.0008560264377763417,-0.27912207182176224,-0.0007001155503700575,-0.0920508427784849,-0.2757736706292429,-0.0004622483553685487,0.039063139968240894,-0.27641279670001145,-0.000787586078957096,-0.12258776062999298,-0.5139086041543571,-0.0009823897549099,-0.190836583454733,-0.503781755493566,-0.0007885426840147283,-0.0045548447501049805,-0.270965932145772,-0.0006662471112306233,-0.013335650388104584,-0.267715373548212,-0.0006366010726991229,-0.21657825657217078,-0.497738294222824,-0.0007097990101889315,-12.0,0.0,0.05499998411288114,0.2049726414775055,0.019958579697690288
0.41400000000000003,3.0,0.014886281141264886,-0.09564572586744868,-0.5359249334320122,-0.0011038843443846264,0.027751190816782297,-0.20839006210876534,-0.0005896655037632017,-0.06357950164224625,-0.20428362255058585,-0.0003537593255652964,-0.07785152616761212,-0.5253642410237948,-0.0011195039809823832,0.04666731011011328,-0.20183299755738443,-0.0006188163927051949,-0.09891531253084895,-0.2847328883080721,-0.0004665378560190625,-0.07566465458851546,-0.5190618721725261,-0.0011110534247741144,0.0007853112281171801,-0.27912207182176224,-0.0006999452456488464,-0.09323387322981176,-0.2757736706292429,-0.000459307069626895,0.03950540287852867,-0.27641279670001145,-0.000788689841670631,-0.124233750970241,-0.5139086041543571,-0.0009783021088109103,-0.19332303430407854,-0.503781755493566,-0.0007823629300970825,-0.0046439650024078395,-0.270965932145772,-0.0006660277184891676,-0.013600299977330341,-0.267715373548212,-0.0006359493079002686,-0.21935282832319175,-0.497738294222824,-0.000702900094126633,-12.0,0.0,0.0549999826615211,0.20497060574016424,0.019955511141320235
0.41600000000000004,3.0,0.01335992621271835,-0.09692890254846952,-0.5359249334320122,-0.001100698018911409,0.028025575526556067,-0.20839006210876534,-0.0005903531323138691,-0.06438327335425967,-0.20428362255058585,-0.00035176030227084904,-0.078141724392236,-0.5253642410237948,-0.0011187817871404564,0.0476450384291166,-0.20183299755738443,-0.0006212507691687443,-0.09971579669436313,-0.2847328883080721,-0.00046454393944305784,-0.07669619071992928,-0.5190618721725261,-0.0011084930439600267,0.0007119572030871071,-0.27912207182176224,-0.0006997684576246986,-0.0944233380776029,-0.2757736706292429,-0.00045634949349857793,0.039948352282345424,-0.27641279670001145,-0.0007897954989463503,-0.12589060087164491,-0.5139086041543571,-0.0009741871329602903,-0.195823879991274,-0.503781755493566,-0.0007761468029737186,-0.004734463900093861,-0.270965932145772,-0.0006658049178584106,-0.013868930740164695,-0.267715373548212,-0.0006352876839272042,-0.22214220596170278,-0.497738294222824,-0.0006959636647490806,-12.0,0.0,0.05499998120203336,0.20496855147545612,0.01995241952240608
0.418,3.0,0.012133111950595573,-0.09822067611294992,-0.5359249334320122,-0.0010974900772088567,0.028299225606960954,-0.20839006210876534,-0.0005910390940883036,-0.06519114819954963,-0.20428362255058585,-0.00034975087299081545,-0.07843400202056425,-0.5253642410237948,-0.001118056291578897,0.04862616500068824,-0.20183299755738443,-0.0006236950899662526,-0.10051958166761889,-0.2847328883080721,-0.0004625427290342724,-0.07773508104360362,-0.5190618721725261,-0.001105914203631492,0.0006359187158468403,-0.27912207182176224,-0.0006995850725621234,-0.09561915516471967,-0.2757736706292429,-0.00045337583137910006,0.040391916449929864,-0.27641279670001145,-0.0007909028724558923,-0.1275582375320503,-0.5139086041543571,-0.0009700450082067805,-0.1983389651994992,-0.503781755493566,-0.0007698946887557298,-0.0048263570542545434,-0.270965932145772,-0.0006655786706141955,-0.01414158024122089,-0.267715373548212,-0.0006346161070201183,-0.22494618902643307,-0.497738294222824,-0.0006889902206528031,-12.0,0.0,0.05499997973408923,0.20496648029860834,0.019949307472429758
0.42,3.0,0.01115820421552612,-0.0995209966815121,-0.5359249334320122,-0.0010942606432976557,0.028572072869836516,-0.20839006210876532,-0.0005917232192893157,-0.06600306665976989,-0.20428362255058582,-0.0003477311858775905,-0.07872896120275866,-0.5253642410237946,-0.001117325597508076,0.0496102071671216,-0.2018329975573844,-0.0006261479063951816,-0.10132696003935299,-0.2847328883080721,-0.00046053326660113305,-0.07878129578381585,-0.5190618721725261,-0.0011033169778223062,0.000557149972260232,-0.2791220718217622,-0.0006993949763440225,-0.09682124194189481,-0.2757736706292429,-0.0004503862886613081,0.04083602325803646,-0.27641279670001145,-0.0007920117828748533,-0.12923658769038218,-0.513908604154357,-0.0009658759165557668,-0.20086813374982837,-0.503781755493566,-0.0007636069757351668,-0.004919660197069728,-0.27096593214577197,-0.0006653489377287936,-0.014418286100004486,-0.26771537354821195,-0.0006339344832674777,-0.22776457604901795,-0.4977382942228239,-0.0006819802629909772,-11.999999999999998,0.0,0.05499997825740689,0.20496439351514747,0.019946177102534365
0.422,3.0,0.010394456008062889,-0.10082981410703032,-0.5359249334320122,-0.0010910098418762503,0.0288440488646487,-0.20839006210876534,-0.0005924053374465046,-0.0668189689646755,-0.20428362255058585,-0.0003457013897270399,-0.07902707161521573,-0.5253642410237948,-0.0011165881995525903,0.050596764055707524,-0.20183299755738443,-0.0006286080118112651,-0.1021381476772488,-0.2847328883080721,-0.00045851482067179775,-0.07983480500462088,-0.5190618721725261,-0.0011007014409717755,0.000475605036263098,-0.27912207182176224,-0.0006991980544850563,-0.09802951547457305,-0.2757736706292429,-0.00044738107171837023,0.041280600194897786,-0.27641279670001145,-0.0007931220498951199,-0.13092557763040938,-0.5139086041543571,-0.0009616800411599375,-0.2034112286115634,-0.503781755493566,-0.000757284054359344,-0.005014389181460712,-0.270965932145772,-0.0006651156798717558,-0.014699085985096883,-0.267715373548212,-0.0006332427186205188,-0.23059716456964086,-0.497738294222824,-0.0006749342954345151,-12.0,0.0,0.054999976771725516,0.20496229217059242,0.019943030083586156
0.424,3.0,0.009807166510505443,-0.1021470779780025,-0.5359249334320122,-0.0010877377983124548,0.02911508488543174,-0.20839006210876534,-0.0005930852774335352,-0.0676387950976357,-0.20428362255058585,-0.0003436616339647759,-0.07932869119572718,-0.5253642410237948,-0.0011158429235214476,0.05158550365064396,-0.20183299755738443,-0.0006310744040327298,-0.10295329572800598,-0.2847328883080721,-0.00045648685157705825,-0.08089557861184202,-0.5190618721725261,-0.001098067667919763,0.0003912378352541086,-0.27912207182176224,-0.0006989941921450633,-0.09924389244978235,-0.2757736706292429,-0.00044436038788667464,0.04172557436521669,-0.27641279670001145,-0.0007942334922372731,-0.13262513318453578,-0.5139086041543571,-0.0009574575663098694,-0.2059680919126222,-0.503781755493566,-0.0007509263172050064,-0.005110559980736987,-0.270965932145772,-0.0006648788574107784,-0.014984017608319432,-0.267715373548212,-0.0006325407189077878,-0.23344375115275065,-0.497738294222824,-0.0006678528241329579,-12.0,0.0,0.054999975276787634,0.2049601770926481,0.019939867715116792
0.426,3.0,0.009366911259046224,-0.10347273762193746,-0.5359249334320122,-0.0010844446386350244,0.02938511197776019,-0.20839006210876532,-0.0005937628674854927,-0.0684624848011697,-0.20428362255058582,-0.0003416120686323753,-0.07963408395956582,-0.5253642410237946,-0.0011150888745701686,0.05257615169762396,-0.2018329975573844,-0.0006335462530200708,-0.10377250091306603,-0.2847328883080721,-0.00045444898145016526,-0.08196358635507048,-0.5190618721725261,-0.0010954157339017102,0.0003040021655072178,-0.2791220718217622,-0.0006987832741425408,-0.10046428918303574,-0.2757736706292429,-0.00044132444544865137,0.042170872495188076,-0.27641279670001145,-0.0007953459276630703,-0.13433517973761802,-0.513908604154357,-0.0009532086774245531,-0.20853856494998127,-0.503781755493566,-0.0007445341589523593,-0.005208188688236538,-0.27096593214577197,-0.0006646384304125875,-0.015273118718878794,-0.26771537354821195,-0.0006318283898497314,-0.236304131402853,-0.4977382942228239,-0.0006607363576751832,-11.999999999999998,0.0,0.054999973772327626,0.20495804892700528,0.019936690984587148
0.428,3.0,0.009048826304516316,-0.10480674210875758,-0.5359249334320122,-0.001081130489525187,0.029654060945750398,-0.20839006210876534,-0.0005944379352163139,-0.06928997758250456,-0.20428362255058585,-0.0003395528443735404,-0.07994343528082247,-0.5253642410237948,-0.0011143253926605722,0.053568482197862345,-0.20183299755738443,-0.000636022873137521,-0.10459581434894036,-0.2847328883080721,-0.00045240096848751517,-0.08303879782967336,-0.5190618721725261,-0.0010927457145436389,0.00021385169760510382,-0.27912207182176224,-0.0006985651849681738,-0.10169062162526261,-0.2757736706292429,-0.0004382734536155179,0.04261642093754996,-0.27641279670001145,-0.0007964591729879988,-0.13605564223080938,-0.5139086041543571,-0.0009489335610418479,-0.21112248820017243,-0.503781755493566,-0.0007381079763589618,-0.005307291516959636,-0.270965932145772,-0.0006643943586438388,-0.015566427097494201,-0.267715373548212,-0.000631105637073333,-0.23917809998037462,-0.497738294222824,-0.0006535854070499275,-12.0,0.0,0.05499997225806472,0.20495590816769194,0.019933500618239987
0.43,3.0,0.008831945417462461,-0.10614904025421673,-0.5359249334320122,-0.0010777954783081367,0.02992186235909083,-0.20839006210876534,-0.0005951103076362894,-0.07012121271915495,-0.20428362255058585,-0.0003374841124202033,-0.08025686497603209,-0.5253642410237948,-0.0011135520143574307,0.05456230927862601,-0.20183299755738443,-0.000638503699388117,-0.10542324909176946,-0.2847328883080721,-0.0004503426848978293,-0.08412118247880997,-0.5190618721725261,-0.0010900576858571317,0.0001207399818930949,-0.27912207182176224,-0.0006983398087984184,-0.10292280536976924,-0.2757736706292429,-0.00043520762250995077,0.043062145676663666,-0.27641279670001145,-0.0007975730440939035,-0.1377864451654299,-0.5139086041543571,-0.0009446324048088695,-0.2137197013298323,-0.503781755493566,-0.0007316481682334839,-0.005407884799196067,-0.270965932145772,-0.000664146601572031,-0.015863980550507258,-0.267715373548212,-0.0006303723661267946,-0.24206545061759893,-0.497738294222824,-0.0006464004856061234,-12.0,0.0,0.0549999707336992,0.2049537551827819,0.019930297124654137
0.432,3.0,0.008698599389341479,-0.10749958062333288,-0.5359249334320122,-0.0010744397329444887,0.03018844656010059,-0.20839006210876532,-0.0005957798111696404,-0.07095612926452398,-0.20428362255058582,-0.0003354060245785772,-0.08057443848520392,-0.5253642410237946,-0.0011127684401194065,0.05555748025412419,-0.2018329975573844,-0.0006409882670900261,-0.10625478658002657,-0.2847328883080721,-0.00044827409804075653,-0.0852107095954563,-0.5190618721725261,-0.0010873517242342905,2.46204539530484e-05,-0.2791220718217622,-0.0006981070295091382,-0.10416075565922771,-0.2757736706292429,-0.0004321271631486842,0.04350797233362276,-0.27641279670001145,-0.0007986873559416878,-0.13952751260686236,-0.513908604154357,-0.0009403053974723178,-0.21633004320630447,-0.503781755493566,-0.0007251551354093341,-0.005509984986145723,-0.27096593214577197,-0.0006638951183664398,-0.016165816903974967,-0.26771537354821195,-0.0006296284824942618,-0.24496597613467205,-0.4977382942228239,-0.0006391821090130624,-11.999999999999998,0.0,0.054999969198911015,0.20495159023615034,0.019927080831975773
0.434,3.0,0.008633887865222312,-0.10885831153383553,-0.5359249334320122,-0.0010710633820216983,0.030453743670815436,-0.20839006210876534,-0.0005964462716721648,-0.07179466605352472,-0.20428362255058585,-0.00033331873321515464,-0.08089617640822605,-0.5253642410237948,-0.001111974506346477,0.056553869714289266,-0.20183299755738443,-0.0006434761945287716,-0.10709038212671372,-0.2847328883080721,-0.0004461952543201138,-0.08630734832443744,-0.5190618721725261,-0.0010846279064426745,-7.455355990334884e-05,-0.27912207182176224,-0.0006978667306892883,-0.10540438739269278,-0.2757736706292429,-0.00042903228742503796,0.04395382617139058,-0.27641279670001145,-0.0007998019225840856,-0.14127876818847385,-0.5139086041543571,-0.0009359527288687369,-0.21895335190829307,-0.503781755493566,-0.0007186292807181538,-0.005613608647532502,-0.270965932145772,-0.0006636398678990657,-0.01647197399774662,-0.267715373548212,-0.0006288738916105927,-0.24787946845567754,-0.497738294222824,-0.0006319307952203798,-12.0,0.0,0.05499996765335989,0.2049494135058635,0.019923851919680432
0.436,3.0,0.008625229004889809,-0.11022518105962734,-0.5359249334320122,-0.0010676665547454417,0.030717683600100697,-0.20839006210876534,-0.0005971095144489519,-0.07263676170822182,-0.20428362255058585,-0.00033122239124265285,-0.08122206262175313,-0.5253642410237948,-0.0011111701615389219,0.05755137449987286,-0.20183299755738443,-0.0006459671681791842,-0.1079299695926035,-0.2847328883080721,-0.0004441062654533959,-0.08741106766446773,-0.5190618721725261,-0.0010818863096202216,-0.00017682883712239353,-0.27912207182176224,-0.0006976187956546473,-0.10665361513264592,-0.2757736706292429,-0.00042592320809137533,0.04439963209996599,-0.27641279670001145,-0.0008009165571785052,-0.1430401351155629,-0.5139086041543571,-0.0009315745899147082,-0.2215894647365677,-0.503781755493566,-0.0007120710089631823,-0.0057187724712114444,-0.270965932145772,-0.0006633808087455988,-0.016782489679525215,-0.267715373548212,-0.0006281084988761634,-0.25080571862477896,-0.497738294222824,-0.0006246470644178662,-12.0,0.0,0.05499996609668659,0.2049472250997042,0.01992061044561153
0.438,3.0,0.008661984878427747,-0.11160013703425986,-0.5359249334320122,-0.0010642493809309623,0.030980196050790415,-0.20839006210876532,-0.000597769364272165,-0.07348235464349265,-0.20428362255058582,-0.00032911715210591,-0.08155205117266813,-0.5253642410237946,-0.0011103554460051039,0.05854990944069214,-0.2018329975573844,-0.0006484609301431432,-0.1087734653547308,-0.2847328883080721,-0.0004420072967886715,-0.08852183647019864,-0.5190618721725261,-0.0010791270112701459,-0.00028225225337782966,-0.2791220718217622,-0.0006973631074615995,-0.10790835311206595,-0.2757736706292429,-0.00042280013874149245,0.04484531468157721,-0.27641279670001145,-0.0008020310719999437,-0.14481153616933184,-0.513908604154357,-0.0009271711725969853,-0.22423821822471848,-0.503781755493566,-0.0007054807268924956,-0.005825493262769045,-0.27096593214577197,-0.0006631178991864013,-0.017097401798914103,-0.26771537354821195,-0.0006273322096717168,-0.2537445168224286,-0.4977382942228239,-0.0006173314389951123,-11.999999999999998,0.0,0.05499996452851482,0.20494502506826176,0.019917356368945635
0.44,3.0,0.008735154482043355,-0.11298312705442316,-0.5359249334320122,-0.0010608119909943808,0.031241210526852036,-0.20839006210876534,-0.0005984256453988894,-0.07433138307270745,-0.20428362255058585,-0.000327003169767733,-0.08188607211864196,-0.5253642410237948,-0.0011095304746278167,0.059549403750048815,-0.20183299755738443,-0.0006509572674951914,-0.10962077166915292,-0.2847328883080721,-0.0004398985573833532,-0.089639623454274,-0.5190618721725261,-0.0010763500892558187,-0.00039087077702250155,-0.27912207182176224,-0.000697099548920961,-0.10916851524152582,-0.2757736706292429,-0.0004196632937929424,0.04529079813590335,-0.27641279670001145,-0.0008031452784539717,-0.14659289371088413,-0.5139086041543571,-0.0009227426699625632,-0.22689944814996085,-0.503781755493566,-0.0006988588431721188,-0.005933787945116689,-0.270965932145772,-0.0006628510972075075,-0.01741674820144946,-0.267715373548212,-0.0006265449293732447,-0.25669565238164116,-0.497738294222824,-0.0006099844435009885,-12.0,0.0,0.05499996294845354,0.2049428134159502,0.019914089569650472
0.442,4.0,0.008899750721684125,-0.11437409848344884,-0.5359249334320122,-0.0010573545159439726,0.031500656340576014,-0.20839006210876534,-0.0005990781815890435,-0.07518378501342803,-0.20428362255058585,-0.000324880598694696,-0.08222403646383963,-0.5253642410237948,-0.001108695422262882,0.06054979798254829,-0.20183299755738443,-0.0006534560032685831,-0.11047177951372225,-0.2847328883080721,-0.000437780291597298,-0.09076439718939248,-0.5190618721725261,-0.0010735556217956303,-0.0005027314635227377,-0.27912207182176224,-0.0006968280026118494,-0.11043401511631462,-0.2757736706292429,-0.0004165128884692927,0.045736006345323446,-0.27641279670001145,-0.000804258987089787,-0.14838412968524653,-0.5139086041543571,-0.0009182892761086826,-0.2295729895439893,-0.503781755493566,-0.0006922057683590127,-0.006043673558077125,-0.270965932145772,-0.0006625803605016384,-0.017740566722619328,-0.267715373548212,-0.0006257465633669065,-0.25965891380433137,-0.497738294222824,-0.0006026066046029571,-12.0,0.0,0.05499996135609943,0.2049405901102669,0.01991080986492746
0.444,4.0,0.009012167448265353,-0.11577299845482639,-0.5359249334320122,-0.0010538770873714084,0.03175846261978965,-0.20839006210876532,-0.0005997267961233534,-0.07603949829312422,-0.20428362255058582,-0.00032274959384289456,-0.08256583144916088,-0.5253642410237946,-0.0011078505113998876,0.06155104706370833,-0.2018329975573844,-0.0006559569888498318,-0.1113263629797193,-0.2847328883080721,-0.0004356527719858746,-0.09189612611037723,-0.5190618721725261,-0.001070743687457834,-0.0006178814498760084,-0.2791220718217622,-0.0006965483508955986,-0.11170476602358442,-0.2757736706292429,-0.00041334913878232073,0.046180862860192705,-0.27641279670001145,-0.0008053720076133372,-0.15018516562541578,-0.513908604154357,-0.0009138111861727764,-0.2322586767038793,-0.503781755493566,-0.0006855219148739417,-0.006155167257963936,-0.27096593214577197,-0.0006623056464692372,-0.018068895181869837,-0.26771537354821195,-0.0006249370170639815,-0.26263408877771366,-0.4977382942228239,-0.0005951984510462313,-11.999999999999998,0.0,0.054999959750325796,0.20493835502210309,0.019907516998654087
0.446,4.0,0.009145092472585825,-0.11717977387573249,-0.5359249334320122,-0.0010503798374429645,0.0320145583150945,-0.20839006210876534,-0.0006003713118213875,-0.07689846055490782,-0.20428362255058585,-0.00032061031064365406,-0.08291133913189631,-0.5253642410237948,-0.0011069960239365848,0.06255310862348147,-0.20183299755738443,-0.0006584601115527319,-0.11218439492870366,-0.2847328883080721,-0.00043351631332088194,-0.09303477851625229,-0.5190618721725261,-0.0010679143651553722,-0.0007363679490124019,-0.27912207182176224,-0.0006962604759297155,-0.11298068094952121,-0.2757736706292429,-0.0004101722615141462,0.0466252909041457,-0.27641279670001145,-0.0008064841489005104,-0.15199592265642972,-0.5139086041543571,-0.0009093085963223534,-0.23495634320303696,-0.503781755493566,-0.0006788076969742165,-0.006268286317153939,-0.270965932145772,-0.0006620269122195202,-0.01840177137659931,-0.267715373548212,-0.0006241161959158555,-0.26562096419076314,-0.497738294222824,-0.0005877605136127759,-12.0,0.0,0.05499995813033327,0.2049361080428978,0.01990421069289436
0.448,4.0,0.009291849620440414,-0.11859437143057305,-0.5359249334320122,-0.0010468628988906993,0.032268872207126646,-0.20839006210876534,-0.0006010115510596497,-0.07776060926328325,-0.20428362255058585,-0.0003184629049891951,-0.08326043763507107,-0.5253642410237948,-0.001106132254729746,0.06355594227498608,-0.20183299755738443,-0.0006609652654521647,-0.11304574714842698,-0.2847328883080721,-0.0004313712334484211,-0.09418032257232582,-0.5190618721725261,-0.0010650677341406845,-0.000858238244180466,-0.27912207182176224,-0.0006959642596818746,-0.11426167258653934,-0.2757736706292429,-0.00040698247419930424,0.04706921337942624,-0.27641279670001145,-0.0008075952190103929,-0.15381632149946234,-0.5139086041543571,-0.0009047817037448186,-0.2376658219021953,-0.503781755493566,-0.0006720635307263226,-0.006383048123652442,-0.270965932145772,-0.0006617441145715453,-0.01873923307614093,-0.267715373548212,-0.0006232840054290318,-0.26861932615073597,-0.497738294222824,-0.0005802933250801522,-12.0,0.0,0.05499995649565163,0.20493384908889412,0.019900890657192805
0.45,4.0,0.009448369045707155,-0.12001673758453767,-0.5359249334320122,-0.001043326405003598,0.03252133291383928,-0.20839006210876532,-0.00060164733578973,-0.0786258817099145,-0.20428362255058582,-0.0003163075332182565,-0.08361299870909433,-0.5253642410237946,-0.0011052595084718089,0.06455951120194423,-0.2018329975573844,-0.0006634723495809263,-0.11391028735044557,-0.2847328883080721,-0.0004292178528991128,-0.09533272631227983,-0.5190618721725261,-0.0010622038740005007,-0.0009835396833179648,-0.2791220718217622,-0.0006956595839439543,-0.11554765334049884,-0.2757736706292429,-0.0004037799951067589,0.04751255287224363,-0.27641279670001145,-0.0008087050251985941,-0.1556462824759428,-0.513908604154357,-0.0009002307066372367,-0.24038694496045693,-0.503781755493566,-0.0006652898339784266,-0.006499470180651313,-0.27096593214577197,-0.0006614572100552988,-0.0190813180157346,-0.26771537354821195,-0.0006224403511801776,-0.27162895999974834,-0.4977382942228239,-0.0005727974201802198,-11.999999999999998,0.0,0.05499995484581015,0.2049315780584568,0.019897556579940127
0.452,4.0,0.009611266087418299,-0.12144681858716619,-0.5359249334320122,-0.0010397704896186863,0.032771868897806734,-0.20839006210876534,-0.0006022784875565116,-0.07949421501940769,-0.20428362255058585,-0.0003141443521016784,-0.08396888981815051,-0.5253642410237948,-0.0011043781057867511,0.06556378088449942,-0.20183299755738443,-0.0006659812718983216,-0.11477788040015535,-0.2847328883080721,-0.00042705650239406633,-0.09649195764026627,-0.5190618721725261,-0.0010593228646506156,-0.0011123196734081,-0.27912207182176224,-0.0006953463303461106,-0.11683853533794492,-0.2757736706292429,-0.0004005650432218602,0.0479552316581551,-0.27641279670001145,-0.0008098133739306378,-0.1574857255116981,-0.5139086041543571,-0.0008956558041960358,-0.24311954384638207,-0.503781755493566,-0.0006584870263327726,-0.006617570106079785,-0.270965932145772,-0.0006611661549128017,-0.01942806389048874,-0.267715373548212,-0.0006215851388311935,-0.27464965033141236,-0.497738294222824,-0.0005652733355576892,-12.0,0.0,0.054999953180336535,0.20492929483866662,0.019894208136068986
0.454,4.0,0.00977774293448401,-0.12288456047592726,-0.5359249334320122,-0.001036195287112115,0.03302040847354946,-0.20839006210876534,-0.0006029048275164302,-0.08036554615510887,-0.20428362255058585,-0.0003119735188279454,-0.08432797586096201,-0.5253642410237948,-0.0011034883780141106,0.06656871805195863,-0.20183299755738443,-0.0006684919461047097,-0.11564838933344194,-0.2847328883080721,-0.00042488751976979186,-0.09765798433300925,-0.5190618721725261,-0.0010564247863306495,-0.0012446256748217498,-0.27912207182176224,-0.0006950243803708854,-0.1181342304333691,-0.2757736706292429,-0.000397337838228245,0.048397171707474054,-0.27641279670001145,-0.0008109200708954165,-0.1593345701411189,-0.5139086041543571,-0.0008910571966066476,-0.24586344934912133,-0.503781755493566,-0.0006516555291179597,-0.006737365632147955,-0.270965932145772,-0.0006608709050992306,-0.019779508349332633,-0.267715373548212,-0.0006207182741443082,-0.27768118100752776,-0.497738294222824,-0.0005577216097285291,-12.0,0.0,0.05499995149875885,0.20492699930882946,0.01989084499274404
0.456,4.0,0.009945503363071491,-0.12432990907980834,-0.5359249334320122,-0.0010326009323902124,0.03326687981487915,-0.20839006210876532,-0.0006035261764557869,-0.08123981192491624,-0.20428362255058582,-0.0003097951909886924,-0.08469012058115942,-0.5253642410237946,-0.0011025906629070815,0.06757428982797643,-0.2018329975573844,-0.0006710042890233575,-0.11652167619232141,-0.2847328883080721,-0.00042271124743657534,-0.09883077404191332,-0.5190618721725261,-0.001053509719598792,-0.001380505195646279,-0.2791220718217622,-0.0006946936153673511,-0.11943465021649127,-0.2757736706292429,-0.0003940986004896845,0.04883829469070392,-0.27641279670001145,-0.0008120249210187137,-0.16119273551134874,-0.513908604154357,-0.0008864350850330953,-0.2486184915895925,-0.503781755493566,-0.0006447957653611117,-0.0068588746048828895,-0.27096593214577197,-0.00066057141628406,-0.020135688988960055,-0.26771537354821195,-0.0006198396629971983,-0.2807233351748276,-0.4977382942228239,-0.0005501427830382404,-11.999999999999998,0.0,0.054999949800607205,0.20492469134335298,0.019887466814020822
0.458,4.0,0.010112678761855837,-0.12578281002291716,-0.5359249334320122,-0.0010289875608805097,0.0335112109622634,-0.20839006210876534,-0.0006041423548091112,-0.08211694898710642,-0.20428362255058585,-0.0003076095265641741,-0.0850551877146342,-0.5253642410237948,-0.0011016853011065883,0.06858046303863673,-0.20183299755738443,-0.0006735182184634021,-0.11739760270728973,-0.2847328883080721,-0.00042052803028937673,-0.1000102942951775,-0.5190618721725261,-0.0010505777453265319,-0.0015200057860014775,-0.27912207182176224,-0.00069435391656529,-0.12073970601956206,-0.2757736706292429,-0.0003908475510318791,0.04927852198399734,-0.27641279670001145,-0.0008131277284767885,-0.16306014038649586,-0.5139086041543571,-0.000881789671607521,-0.2513845000317009,-0.503781755493566,-0.0006379081597599338,-0.006982114983657304,-0.270965932145772,-0.0006602676438522229,-0.02049664334776482,-0.267715373548212,-0.0006189492113981298,-0.28377589528177727,-0.497738294222824,-0.000542537397619991,-12.0,0.0,0.054999948085415216,0.2049223708140917,0.01988407326463068
0.46,3.0,0.010234641164334897,-0.12724320872809416,-0.5359249334320122,-0.0010253553085227377,0.033753329830209185,-0.20839006210876534,-0.0006047531826775718,-0.08299689385617419,-0.20428362255058585,-0.0003054166839086986,-0.08542303706741339,-0.5253642410237948,-0.0011007726332729014,0.06958720661516604,-0.20183299755738443,-0.0006760336514900529,-0.11827602792728675,-0.2847328883080721,-0.00041833821400195595,-0.101196512499915,-0.5190618721725261,-0.0010476289446933716,-0.0016631750323431811,-0.27912207182176224,-0.0006940051650894019,-0.1220493089246849,-0.2757736706292429,-0.0003875849115242021,0.04971777467464034,-0.27641279670001145,-0.0008142282967100221,-0.1649367031518677,-0.5139086041543571,-0.0008771211594196532,-0.25416130349360183,-0.503781755493566,-0.0006309931386546628,-0.007107104840710744,-0.270965932145772,-0.0006599595429052868,-0.020862408899768946,-0.267715373548212,-0.000618046825501118,-0.2868386430954249,-0.497738294222824,-0.0005349059973526169,-12.0,0.0,0.05499994635294972,0.2049200375747053,0.01988066398776939
0.462,3.0,0.010405487453243718,-0.12871105042053574,-0.5359249334320122,-0.001021704311759795,0.03399316421466445,-0.20839006210876532,-0.0006053584798474363,-0.08387958290868498,-0.20428362255058582,-0.0003032168217360291,-0.08579353804485054,-0.5253642410237946,-0.001099853009890953,0.07059448329183653,-0.2018329975573844,-0.0006785505104313761,-0.1191568192868233,-0.2847328883080721,-0.0004161421509519633,-0.1023893959442783,-0.5190618721725261,-0.0010446633991815276,-0.0018100605517551386,-0.2791220718217622,-0.0006936472419735475,-0.12336336977115703,-0.2757736706292429,-0.000384310904261395,0.050155973566561304,-0.27641279670001145,-0.0008153264284366295,-0.16682234181822786,-0.513908604154357,-0.0008724297525062233,-0.25694873015900577,-0.503781755493566,-0.0006240511299999104,-0.007233862360663202,-0.27096593214577197,-0.0006596470682626531,-0.02123302304854416,-0.26771537354821195,-0.0006171324116211075,-0.2899113597183021,-0.4977382942228239,-0.0005272491278184975,-11.999999999999998,0.0,0.05499994459851348,0.20491769157411346,0.019877238691573543
0.464,3.0,0.010568140280764377,-0.13018628013142788,-0.5359249334320122,-0.0010180347075286911,0.03423064180043721,-0.20839006210876534,-0.0006059580658085745,-0.08476495238913974,-0.20428362255058585,-0.0003010100991047522,-0.08616656497979125,-0.5253642410237948,-0.0010989267574473605,0.07160225258153427,-0.20183299755738443,-0.0006810687021230525,-0.12003984483346312,-0.2847328883080721,-0.0004139401725531219,-0.10358891179958953,-0.5190618721725261,-0.0010416811905706194,-0.0019607099862296814,-0.27912207182176224,-0.0006932800281750178,-0.12468179916282898,-0.2757736706292429,-0.0003810257521452147,0.050593039185864386,-0.27641279670001145,-0.000816421925666432,-0.16871697402607494,-0.5139086041543571,-0.0008677156558403232,-0.259746607588524,-0.503781755493566,-0.0006170825633364006,-0.007362405840021132,-0.270965932145772,-0.0006593301744627721,-0.021608523121127335,-0.267715373548212,-0.0006162058762491697,-0.2929938256053736,-0.497738294222824,-0.0005195673362613047,-12.0,0.0,0.05499994282038882,0.20491533269887274,0.019873797048631466
0.466,3.0,0.010724966585188886,-0.13166884270159013,-0.5359249334320122,-0.0010143466332514608,0.0344656901686313,-0.20839006210876534,-0.0006065517597730063,-0.08565293841585146,-0.20428362255058585,-0.0002987966754036153,-0.08654198871397133,-0.5253642410237948,-0.0010979941901100088,0.07261047590254693,-0.20183299755738443,-0.0006835881253472967,-0.12092496870536266,-0.2847328883080721,-0.00041173260868652235,-0.1047950271224759,-0.5190618721725261,-0.0010386824009323416,-0.0021151709969377585,-0.27912207182176224,-0.0006929034045888314,-0.12600450747548173,-0.2757736706292429,-0.0003777296786660348,0.05102889178638718,-0.27641279670001145,-0.0008175145897146896,-0.17062051704994327,-0.5139086041543571,-0.0008629790753207054,-0.26255476273105527,-0.503781755493566,-0.0006100878697626049,-0.007492753686675779,-0.270965932145772,-0.0006590088157643773,-0.021988946361930647,-0.267715373548212,-0.0006152671260677118,-0.2960858205810342,-0.497738294222824,-0.0005118611715436259,-12.0,0.0,0.054999941019360496,0.20491296081841068,0.01987033876004606
0.468,3.0,0.010875599848906322,-0.13315868278512946,-0.5359249334320122,-0.0010106402268260553,0.0346982368040983,-0.20839006210876532,-0.0006071393806934915,-0.08654347698683286,-0.20428362255058582,-0.0002965767103368359,-0.08691968317693446,-0.5253642410237946,-0.0010970556307745582,0.07361911254248818,-0.2018329975573844,-0.0006861086836498284,-0.12181205671311875,-0.2847328883080721,-0.0004095197990067735,-0.10600770885701008,-0.5190618721725261,-0.0010356671126251255,-0.002273491258488902,-0.2791220718217622,-0.0006925172520620611,-0.12733140486422093,-0.2757736706292429,-0.000374422907884403,0.051463451355282235,-0.27641279670001145,-0.0008186042212159966,-0.17253288780272522,-0.513908604154357,-0.0008582202177610343,-0.2653730219352117,-0.503781755493566,-0.0006030674819062767,-0.007624924419393783,-0.27096593214577197,-0.0006586829461477405,-0.022374329926647063,-0.26771537354821195,-0.0006143160679657032,-0.2991871238561522,-0.4977382942228239,-0.0005041311841044742,-11.999999999999998,0.0,0.05499993919590243,0.20491057580348607,0.019866863528335763
0.47000000000000003,3.0,0.01101979387168386,-0.1346557448531037,-0.5359249334320122,-0.0010069156266172068,0.03492820910290477,-0.20839006210876534,-0.0006077207472821592,-0.08743650398569461,-0.20428362255058585,-0.00029435036390938247,-0.0872995256102116,-0.5253642410237948,-0.001096111394617151,0.07462811953744382,-0.20183299755738443,-0.0006886302752496814,-0.12270097646486867,-0.2847328883080721,-0.0004073020789873834,-0.10722692383685514,-0.5190618721725261,-0.00103263540828879,-0.002435718453181687,-0.27912207182176224,-0.0006921214514081834,-0.12866240127088757,-0.2757736706292429,-0.00037110566441255497,0.051896637618622295,-0.27641279670001145,-0.0008196906201382343,-0.17445400284001464,-0.5139086041543571,-0.0008534392908790797,-0.26820121096078436,-0.503781755493566,-0.0005960218338958858,-0.007758936667299991,-0.270965932145772,-0.0006583525193159457,-0.02276471087615189,-0.267715373548212,-0.0006133526090539124,-0.30229751404515715,-0.497738294222824,-0.0004963779259166795,-12.0,0.0,0.05499993735032161,0.20490817753096122,0.019863371067413524
0.47200000000000003,4.0,0.45647157736724675,-0.13615997319719442,-0.5359249334320122,-0.0010031729714472712,0.03515553437981414,-0.20839006210876534,-0.0006082956780291752,-0.08833195518755359,-0.20428362255058585,-0.0002921177964122281,-0.08768139671959999,-0.5253642410237948,-0.0010951617885339578,0.07563745159495663,-0.20183299755738443,-0.0006911527927370706,-0.1235915974528363,-0.2847328883080721,-0.00040507977960800855,-0.10845263878741418,-0.5190618721725261,-0.0010295873708391773,-0.0026019002652452484,-0.27912207182176224,-0.0006917158834214514,-0.12999740643148444,-0.2757736706292429,-0.00036777817339588833,0.05232837004702881,-0.27641279670001145,-0.0008207735857965843,-0.17638377836447142,-0.5139086041543571,-0.0008486365032858562,-0.27103915499024694,-0.503781755493566,-0.000588951361331954,-0.007894809169352427,-0.270965932145772,-0.0006580174886961801,-0.023160126170401047,-0.267715373548212,-0.0006123766566801503,-0.30541676918317134,-0.497738294222824,-0.0004886019504441671,-12.0,0.0,0.05499993548279258,0.20490576588388218,0.019859861103089346
0.47400000000000003,3.0,0.3835086763247529,-0.13767131193338886,-0.5359249334320122,-0.0009994124005870445,0.035380139875782604,-0.20839006210876532,-0.0006088639912214486,-0.08922976626495051,-0.20428362255058582,-0.0002898791684075806,-0.08806791005993901,-0.5253642410237946,-0.0010942071107604868,0.07664540363428972,-0.2018329975573844,-0.0006936761228808526,-0.12448540611391658,-0.2847328883080721,-0.0004028532271380895,-0.10955165177555758,-0.5190618721725261,-0.0010265230834627798,-0.0026857318458502226,-0.2791220718217622,-0.0006913004288912923,-0.13125587751683912,-0.2757736706292429,-0.00036444066049439616,0.052758567861323574,-0.27641279670001145,-0.0008218529168676006,-0.1783221302302066,-0.513908604154357,-0.0008438120644747141,-0.27388667864029687,-0.503781755493566,-0.0005818565012582975,-0.00803256077380936,-0.27096593214577197,-0.0006576778074410489,-0.023560612662326768,-0.26771537354821195,-0.0006113881184445272,-0.30854466674318304,-0.4977382942228239,-0.0004808038125991314,-11.999999999999998,0.0,0.05499971011287955,0.20490305368014067,0.019855922824577047
0.47600000000000003,3.0,0.3400906432036179,-0.13918970500567066,-0.5359249334320122,-0.0009956340537465582,0.035601952765468264,-0.20839006210876534,-0.00060942550496137,-0.09012987279377638,-0.20428362255058585,-0.0002876346407140884,-0.08846002545623992,-0.5253642410237948,-0.0010932408274096394,0.0776512756552395,-0.20183299755738443,-0.0006961960029791854,-0.12538287415425564,-0.2847328883080721,-0.0004006187054853888,-0.11048072144700395,-0.5190618721725261,-0.0010237755509924212,-0.0026592566960755527,-0.27912207182176224,-0.00069109084993978,-0.1324116758841929,-0.2757736706292429,-0.00036129448278100947,0.05318715003820314,-0.27641279670001145,-0.0008229284114033375,-0.18026897394718805,-0.5139086041543571,-0.0008389661848103763,-0.27674360597343345,-0.503781755493566,-0.0005747376921331728,-0.008172210437688399,-0.270965932145772,-0.0006573334284299066,-0.023966207091731414,-0.267715373548212,-0.0006103869022147132,-0.3116809836532604,-0.497738294222824,-0.0004729840686991024,-12.0,0.0,0.05499916885491027,0.20489993131820505,0.019851401231306253
0.47800000000000004,3.0,0.3091176743221388,-0.1407150961897191,-0.5359249334320122,-0.000991838071065854,0.03582090016475287,-0.20839006210876534,-0.000609980037185584,-0.09103221025920721,-0.20428362255058585,-0.0002853843743920237,-0.08885625495572913,-0.5253642410237948,-0.001092260538918887,0.07865585701717787,-0.20183299755738443,-0.0006987106830315599,-0.1262834574710014,-0.2847328883080721,-0.00039837503538454113,-0.11126552502479123,-0.5190618721725261,-0.0010214528768138053,-0.0025390543177205853,-0.27912207182176224,-0.0006911570378142168,-0.13347983786869466,-0.2757736706292429,-0.00035840498686262503,0.05361403531593572,-0.27641279670001145,-0.0008239998668455365,-0.18222422468566615,-0.5139086041543571,-0.0008340990755179227,-0.27960976050957237,-0.503781755493566,-0.0005675953738003313,-0.008313777226217593,-0.270965932145772,-0.0006569843042702091,-0.02437694607918009,-0.267715373548212,-0.0006093729161412015,-0.31482549631380474,-0.497738294222824,-0.000465143276423909,-12.0,0.0,0.05499834221191892,0.2048964597847404,0.019846384481187567
0.48,3.0,0.2795800240458282,-0.14224742909661667,-0.5359249334320122,-0.0009880245931057328,0.036036909138275355,-0.20839006210876532,-0.0006105274056837955,-0.09193671406164644,-0.20428362255058582,-0.00028312853072844655,-0.08925363271515775,-0.5253642410237946,-0.0010912699651701638,0.07966083477018389,-0.2018329975573844,-0.0007012221364364057,-0.1271858162551972,-0.2847328883080721,-0.0003961235770926767,-0.11192824721085236,-0.5190618721725261,-0.001019490867869337,-0.0023393970944648452,-0.2791220718217622,-0.0006914575437601039,-0.13447315498192855,-0.2757736706292429,-0.00035573458190137064,0.05403914220008033,-0.27641279670001145,-0.0008250670800398679,-0.18418779728061935,-0.513908604154357,-0.0008292109486717273,-0.2824849652376955,-0.503781755493566,-0.000560429987459984,-0.008457280312278447,-0.27096593214577197,-0.0006566303872988861,-0.024792866119892745,-0.26771537354821195,-0.0006083460686725797,-0.3179779806148412,-0.4977382942228239,-0.0004572819947725479,-11.999999999999998,0.0,0.05499725747050299,0.20489268402501237,0.019840937233875727
0.482,3.0,0.2524594900877622,-0.14378664717656442,-0.5359249334320122,-0.0009841937608384887,0.036249906706976635,-0.20839006210876534,-0.0006110674281176018,-0.09284331952267436,-0.20428362255058585,-0.00028086727122234853,-0.08964991781644617,-0.5253642410237948,-0.0010902765207715926,0.08066745449934506,-0.20183299755738443,-0.0007037345808189208,-0.12808881871548358,-0.2847328883080721,-0.0003938676801321872,-0.11248788653050767,-0.5190618721725261,-0.0010178340624041843,-0.0020725669322756456,-0.27912207182176224,-0.0006919566868182435,-0.1354027108811005,-0.2757736706292429,-0.0003532512891182859,0.05446238896922786,-0.27641279670001145,-0.0008261298472502295,-0.1861596062362193,-0.5139086041543571,-0.0008243020171843445,-0.2853690426275355,-0.503781755493566,-0.0005532419756396761,-0.008602738975840815,-0.270965932145772,-0.0006562716295837339,-0.025214003577636476,-0.267715373548212,-0.0006073062685707983,-0.3211382119533463,-0.497738294222824,-0.00044940078401995695,-12.0,0.0,0.0549959408161142,0.20488864099754425,0.019835112326299167
0.484,3.0,0.22534726932461058,-0.14533269372260513,-0.5359249334320123,-0.0009803457156386196,0.03645981985565474,-0.20839006210876537,-0.000611599922039355,-0.0937519618910041,-0.20428362255058588,-0.0002786007575697788,-0.09004363698246445,-0.5253642410237948,-0.0010892858080183716,0.08167649530399994,-0.20183299755738446,-0.0007062511301418238,-0.1289916983637219,-0.28473288830807214,-0.0003916101739814714,-0.1129607929557446,-0.5190618721725262,-0.0010164349641050463,-0.0017491571059111376,-0.27912207182176224,-0.0006926237622237165,-0.13627807491976623,-0.27577367062924296,-0.00035092739937035613,0.05488369368076373,-0.2764127967000115,-0.0008271879641730984,-0.18813956573031515,-0.5139086041543571,-0.0008193724947953446,-0.28826181464129425,-0.5037817554935661,-0.0005460317821650765,-0.008750172603389611,-0.270965932145772,-0.0006559079829248281,-0.025640394678618686,-0.267715373548212,-0.0006062534249264388,-0.3243059652506101,-0.49773829422282406,-0.00044150020567369444,-12.000000000000002,0.0,0.05499441709188519,0.20488436401460472,0.019828957877700483
0.486,4.0,0.9339993192876436,-0.14688551187435378,-0.5359249334320122,-0.0009764805992735176,0.03666657554052977,-0.20839006210876534,-0.0006121247049110502,-0.09466257634844356,-0.20428362255058585,-0.00027632915164895437,-0.09043410786498973,-0.5253642410237948,-0.0010883015101033258,0.08268825566846805,-0.20183299755738443,-0.000708773732153461,-0.12989406494569244,-0.2847328883080721,-0.0003893529748608755,-0.113361002643581,-0.5190618721725261,-0.0010152526980419538,-0.0013782986770554024,-0.27912207182176224,-0.0006934322867896279,-0.13710753527444958,-0.2757736706292429,-0.0003487389892736917,0.05530297417665198,-0.27641279670001145,-0.000828241225951938,-0.19012758961893697,-0.5139086041543571,-0.000814422596060105,-0.2911631027453949,-0.503781755493566,-0.0005387998521306793,-0.008899600687343292,-0.270965932145772,-0.0006555393988559561,-0.026072075505381834,-0.267715373548212,-0.0006051874471739834,-0.32748101496963233,-0.497738294222824,-0.00043358082243053473,-12.0,0.0,0.054992710290858844,0.20487988303792815,0.019822517072791517
0.488,2.0,0.9855081017734564,-0.1483195211186653,-0.5359249334320122,-0.000972598553894146,0.036948387693619696,-0.20839006210876534,-0.0006126415941232378,-0.09550178740895053,-0.20428362255058585,-0.0002740526155053557,-0.09082816503585012,-0.5253642410237948,-0.0010873253328970126,0.08369846706737706,-0.20183299755738443,-0.0007113031330646312,-0.1307991026408957,-0.2847328883080721,-0.0003870970584059491,-0.11370148373642525,-0.5190618721725261,-0.0010142521738223627,-0.0009689516674890632,-0.27912207182176224,-0.0006943594328617671,-0.1379002861070307,-0.2757736706292429,-0.0003466653383869833,0.055720148089240376,-0.27641279670001145,-0.0008292894271916585,-0.19212359144081753,-0.5139086041543571,-0.0008094525363385505,-0.2940727279222663,-0.503781755493566,-0.0005315466318704277,-0.00905104282546404,-0.270965932145772,-0.0006551658286460719,-0.02650908199070042,-0.267715373548212,-0.0006041082451070755,-0.3306631351325503,-0.497738294222824,-0.00042564319813297917,-12.0,0.0,0.05499108345055674,0.2048749721610453,0.019815462544924927
0.49,2.0,1.002983205339525,-0.1495940420606581,-0.5359249334320123,-0.0009690135307833675,0.03733061557401965,-0.20839006210876537,-0.0006133461245059627,-0.09624501071212206,-0.20428362255058588,-0.00027195458785408836,-0.09122926252921378,-0.5253642410237948,-0.0010863401899698615,0.08470491486175641,-0.20183299755738446,-0.0007138286615619038,-0.13170838751661465,-0.28473288830807214,-0.00038483446416794114,-0.11399042161588246,-0.5190618721725262,-0.0010134009710902523,-0.0005273732682137548,-0.27912207182176224,-0.000695382800385683,-0.13866382657872672,-0.27577367062924296,-0.00034468346130553065,0.05613513284708627,-0.2764127967000115,-0.0008303323619731297,-0.19412748442193273,-0.5139086041543571,-0.000804462531783849,-0.2969905106821591,-0.5037817554935661,-0.0005242725689282495,-0.00920451872025961,-0.270965932145772,-0.00065478722330077,-0.026951449911480956,-0.267715373548212,-0.0006030157288937789,-0.3338520993380981,-0.49773829422282406,-0.0004176878977256844,-12.000000000000002,0.0,0.054989656750769285,0.20486956358271805,0.019807685494359295
0.492,2.0,1.0016205012978143,-0.15073231705235443,-0.5359249334320122,-0.0009658272284283853,0.03779873674665223,-0.20839006210876534,-0.0006143016942069625,-0.09690505094260346,-0.20428362255058585,-0.00027009652959615946,-0.09163736274569745,-0.5253642410237948,-0.0010853374462364525,0.08570750569922046,-0.20183299755738443,-0.0007163447810478521,-0.13262183499876778,-0.2847328883080721,-0.0003825612519786436,-0.11423417486297244,-0.5190618721725261,-0.001012678626391609,-5.8366317963439124e-05,-0.27912207182176224,-0.0006964867463838711,-0.13940377711049065,-0.2757736706292429,-0.0003427746101262905,0.05654784568080297,-0.27641279670001145,-0.0008313698238677443,-0.19613918148005985,-0.5139086041543571,-0.0007994527993310611,-0.2999162710749933,-0.503781755493566,-0.0005169781120285172,-0.009360048178376788,-0.270965932145772,-0.0006544035335637811,-0.027399214882665546,-0.267715373548212,-0.0006019098090918276,-0.33704768077909486,-0.497738294222824,-0.00040971548721181473,-12.0,0.0,0.05498841451908204,0.20486374405294425,0.019799289295235275
0.494,2.0,0.9490356371782651,-0.15175349994543547,-0.5359249334320122,-0.0009629815409491443,0.038340674017718894,-0.20839006210876534,-0.000615471997138544,-0.09749303974761325,-0.20428362255058585,-0.000268446429019956,-0.09205242796089896,-0.5253642410237948,-0.0010843171956952432,0.08670614620508531,-0.20183299755738443,-0.0007188512581415122,-0.13353936030182803,-0.2847328883080721,-0.00038027763327326075,-0.11443836427420347,-0.5190618721725261,-0.001012069243273884,0.00043397682577630886,-0.27912207182176224,-0.000697659263759497,-0.1401246411058143,-0.2757736706292429,-0.00034092473379688067,0.05695820362892625,-0.27641279670001145,-0.000832401605952036,-0.1981585952293536,-0.5139086041543571,-0.0007944235566857433,-0.30284982870223587,-0.503781755493566,-0.0005096637110464316,-0.009517651109986385,-0.270965932145772,-0.0006540147099184881,-0.02785241235113985,-0.267715373548212,-0.0006007903966638662,-0.3402496522599608,-0.497738294222824,-0.0004017265336093229,-12.0,0.0,0.05498734144618684,0.2048575859173768,0.019790348779068653
0.496,2.0,0.8842717755309668,-0.15267289352082372,-0.5359249334320123,-0.0009604285837164421,0.03894660788717903,-0.20839006210876537,-0.0006168268403162107,-0.09801885811333873,-0.20428362255058588,-0.00026697645700743156,-0.09247442032881316,-0.5253642410237948,-0.0010832795326572394,0.08770074299099603,-0.20183299755738446,-0.0007213478594061744,-0.134460878436721,-0.28473288830807214,-0.0003779838200156103,-0.11460791370484048,-0.5190618721725262,-0.0010115587697458069,0.000946282082974983,-0.27912207182176224,-0.0006988901216188464,-0.14082971679229447,-0.27577367062924296,-0.00033912257380857165,0.05736612354380081,-0.2764127967000115,-0.0008334275008223444,-0.20018563798493966,-0.5139086041543571,-0.0007893750223125088,-0.30579100272880827,-0.5037817554935661,-0.0005023298169783255,-0.00967734752815974,-0.270965932145772,-0.0006536207025894642,-0.028311077589646034,-0.267715373548212,-0.0005996574029926804,-0.3434577862142604,-0.49773829422282406,-0.0003937216049071582,-12.000000000000002,0.0,0.05498642196898856,0.20485115431997925,0.019780928471750985
0.498,2.0,0.8070688511246484,-0.15350423976781982,-0.5359249334320122,-0.0009581300997779713,0.039607728278364084,-0.20839006210876534,-0.000618341674989861,-0.0984913177862737,-0.20428362255058585,-0.0002656619110931178,-0.09290330188524898,-0.5253642410237948,-0.001082224551737454,0.08869120266356138,-0.20183299755738443,-0.0007238343513709511,-0.13538630421873915,-0.2847328883080721,-0.0003756800246783777,-0.1147468721036079,-0.5190618721725261,-0.001011134896169214,0.0014758883795202259,-0.27912207182176224,-0.0007001708847618431,-0.14152134031695116,-0.2757736706292429,-0.0003373598845923711,0.05777152209748625,-0.27641279670001145,-0.0008344473006095307,-0.2022202217675251,-0.5139086041543571,-0.0007843074154235437,-0.3087396118950225,-0.503781755493566,-0.0004949768819118943,-0.009839157548236676,-0.270965932145772,-0.0006532214615440307,-0.02877524569070149,-0.267715373548212,-0.0005985107398964149,-0.34667185472227013,-0.497738294222824,-0.0003857012700214091,-12.0,0.0,0.0549856373474093,0.2048445051895833,0.01977108029151071
0.5,2.0,0.7047148207805544,-0.1542603379375793,-0.5359249334320122,-0.0009560517341604811,0.04031587758000817,-0.20839006210876534,-0.0006199944759678237,-0.09891831874252814,-0.20428362255058585,-0.0002644807619107804,-0.09333903455124755,-0.5253642410237948,-0.0010811523478463645,0.0896774318329949,-0.20183299755738443,-0.0007263105005523646,-0.13631555227547126,-0.2847328883080721,-0.00037336646022333235,-0.11485814178883988,-0.5190618721725261,-0.0010107875001722955,0.0020209887177106665,-0.27912207182176224,-0.0007014949005032062,-0.14220081855948705,-0.2757736706292429,-0.0003356308257807294,0.05817431578768238,-0.27641279670001145,-0.0008354607969937443,-0.20426225830802588,-0.5139086041543571,-0.0007792209559670802,-0.31169547452854585,-0.503781755493566,-0.00048760535899635863,-0.010003101387184844,-0.270965932145772,-0.0006528169364938384,-0.029244951560523962,-0.267715373548212,-0.0005973503196437763,-0.3498916295285704,-0.497738294222824,-0.0003776660987513847,-12.0,0.0,0.05498497110244534,0.2048376787904797,0.01976085475062903
0.502,2.0,0.6163417775155499,-0.15495293035407198,-0.5359249334320123,-0.0009541614887360824,0.04106360782404019,-0.20839006210876537,-0.0006217648492219339,-0.09930685469293257,-0.20428362255058588,-0.00026341325952014435,-0.09378158013650083,-0.5253642410237948,-0.0010800630161813681,0.09065933712176175,-0.20183299755738446,-0.0007287760734759484,-0.13724853705474652,-0.28473288830807214,-0.0003710433400815022,-0.11494480441625089,-0.5190618721725262,-0.0010105093259592157,0.002579691342029296,-0.27912207182176224,-0.0007028576513486823,-0.1428694724932231,-0.27577367062924296,-0.00033393213017438977,0.05857442094367355,-0.2764127967000115,-0.0008364677812192347,-0.2063116590522105,-0.5139086041543571,-0.0007741158646158281,-0.3146584085563924,-0.5037817554935661,-0.0004802157024125506,-0.01016919936295041,-0.270965932145772,-0.000652407076896468,-0.029720229912963768,-0.267715373548212,-0.0005961760549692202,-0.3531168820596594,-0.49773829422282406,-0.0003696166617356342,-12.000000000000002,0.0,0.05498440646181037,0.2048307051556949,0.019750298824431255
0.504,2.0,0.5270944746787085,-0.15559243290413025,-0.5359249334320122,-0.0009524300076948506,0.041844312653756606,-0.20839006210876534,-0.0006236341748320139,-0.09966308619116225,-0.20428362255058585,-0.00026244191964413323,-0.09423090034277057,-0.5253642410237948,-0.0010789566522182348,0.09163682517323046,-0.20183299755738443,-0.0007312308366978654,-0.13818517283259216,-0.2847328883080721,-0.0003687108781333139,-0.11501059743384802,-0.5190618721725261,-0.001010292669390688,0.0031497147886618906,-0.27912207182176224,-0.0007042544079094788,-0.1435289147531471,-0.2757736706292429,-0.00033226049534004954,0.058971753732291604,-0.27641279670001145,-0.0008374680441092126,-0.20836833516536005,-0.5139086041543571,-0.0007689923627553666,-0.3176282315169418,-0.503781755493566,-0.000472808367342934,-0.010337471893800047,-0.270965932145772,-0.000651991831957054,-0.030201115263443854,-0.267715373548212,-0.0005949878590881206,-0.356347383441588,-0.497738294222824,-0.0003615535304079115,-12.0,0.0,0.054983929978864074,0.2048236089321103,0.01973945832961957
0.506,2.0,0.43951793714714277,-0.15618819118745142,-0.5359249334320122,-0.0009508312513197048,0.04265207579001797,-0.20839006210876534,-0.0006255859369063049,-0.09999242018004682,-0.20428362255058585,-0.000261551340898559,-0.09468695676730741,-0.5253642410237948,-0.0010778333517025604,0.09260980266032881,-0.20183299755738443,-0.0007336745568265373,-0.13912537372120434,-0.2847328883080721,-0.0003663692886886998,-0.11505939167061784,-0.5190618721725261,-0.0010101281868466951,0.0037286977895522565,-0.27912207182176224,-0.0007056794665260604,-0.1441808187201423,-0.2757736706292429,-0.0003306118896902395,0.05936623016389728,-0.27641279670001145,-0.0008384613760807578,-0.21043219753694395,-0.5139086041543571,-0.0007638506724724928,-0.3206047605719839,-0.503781755493566,-0.0004653838099415604,-0.010507939497654167,-0.270965932145772,-0.0006515711506299301,-0.030687641922908345,-0.267715373548212,-0.0005937856457119205,-0.3595829045176142,-0.497738294222824,-0.00035347727695309,-12.0,0.0,0.05498352899386617,0.2048164116640377,0.019728376659472205
0.508,2.0,0.3548124162524834,-0.15674853960569218,-0.5359249334320123,-0.0009493418556114023,0.04348162716320332,-0.20839006210876537,-0.0006276053447469583,-0.10029958082471538,-0.20428362255058588,-0.00026072800592634763,-0.09514971090626961,-0.5253642410237948,-0.0010766932106412183,0.09357817629420287,-0.20183299755738446,-0.0007361070005442832,-0.14006905367693115,-0.28473288830807214,-0.0003640187864671695,-0.1150950554381337,-0.5190618721725262,-0.0010100062012547708,0.004314279898826954,-0.27912207182176224,-0.0007071269240282863,-0.1448268583963593,-0.27577367062924296,-0.0003289821297727517,0.0597577660983797,-0.2764127967000115,-0.0008394475671597721,-0.21250315678531115,-0.5139086041543571,-0.0007586910165435329,-0.3235878125187883,-0.5037817554935661,-0.00045794248730395546,-0.01068062279141134,-0.270965932145772,-0.0006511449816202947,-0.031179843991780268,-0.267715373548212,-0.0005925693290632592,-0.36282321586587535,-0.49773829422282406,-0.00034538847426302465,-12.000000000000002,0.0,0.054983192882910814,0.20480913041438742,0.01971709425935042
0.51,2.0,0.27613230224802043,-0.15728085678882325,-0.5359249334320122,-0.0009479409845658001,0.04432830245293978,-0.20839006210876534,-0.0006296792231799217,-0.10058867349062482,-0.20428362255058585,-0.0002599601043146762,-0.09561912415814135,-0.5253642410237948,-0.001075536325293813,0.0945418528328787,-0.20183299755738443,-0.0007385279346289683,-0.14101612650826714,-0.2847328883080721,-0.00036165958657785233,-0.11512134691881584,-0.5190618721725261,-0.001009917041835981,0.004904165398956203,-0.27912207182176224,-0.0007085908793014729,-0.14546866067146275,-0.2757736706292429,-0.000327367030582209,0.060146277251173635,-0.27641279670001145,-0.0008404264069959778,-0.2145811232623966,-0.5139086041543571,-0.0007535136184226149,-0.3265772038021986,-0.503781755493566,-0.0004504848574369441,-0.010855542490263869,-0.270965932145772,-0.0006507132733859017,-0.03167775535392919,-0.267715373548212,-0.0005913388238910794,-0.3660680878170773,-0.497738294222824,-0.00033728769589237164,-12.0,0.0,0.054982912512910265,0.20480177898757718,0.019705648271205838
0.512,2.0,0.20352565289047023,-0.15779161046406986,-0.5359249334320122,-0.0009466101916079724,0.04518800964702172,-0.20839006210876534,-0.0006317959114042629,-0.10086324264304221,-0.20428362255058585,-0.0002592373726499026,-0.09609515782715009,-0.5253642410237948,-0.0010743627921641335,0.09550073908992564,-0.20183299755738443,-0.0007409371259756579,-0.14196650588385865,-0.2847328883080721,-0.00035929190449951237,-0.11514182724281574,-0.5190618721725261,-0.0010098513131342756,0.005496175024653991,-0.27912207182176224,-0.0007100655930517961,-0.14610776650776586,-0.2757736706292429,-0.0003257625248944504,0.060531679199294273,-0.27641279670001145,-0.0008413976848779628,-0.21666600705844238,-0.5139086041543571,-0.0007483187022299014,-0.32957275052675045,-0.503781755493566,-0.00044301137922841835,-0.011032719407004456,-0.270965932145772,-0.0006502759741387704,-0.03218140967064942,-0.267715373548212,-0.0005900940454857071,-0.36931729047219836,-0.497738294222824,-0.00032917551601436683,-12.0,0.0,0.054982680196182895,0.20479436842934737,0.019694072477183973
0.514,2.0,0.13756993972681558,-0.1582864352583834,-0.5359249334320123,-0.0009453333074198561,0.046057178060751186,-0.20839006210876537,-0.0006339451793894678,-0.10112632928222258,-0.20428362255058588,-0.0002585509497688592,-0.09657777312668296,-0.5253642410237948,-0.0010731727079916118,0.09645474194312047,-0.20183299755738446,-0.0007433343416182753,-0.14292010534051902,-0.28473288830807214,-0.00035691595606053377,-0.11515981518894032,-0.5190618721725262,-0.0010098001123242761,0.006088272933639775,-0.27912207182176224,-0.0007115456171160406,-0.1467456107195062,-0.27577367062924296,-0.0003241647603036928,0.06091388738738915,-0.2764127967000115,-0.0008423611897482644,-0.2187577180067336,-0.5139086041543571,-0.0007431064927397868,-0.3325742684688122,-0.5037817554935661,-0.00043552251241703907,-0.011212174451323918,-0.270965932145772,-0.0006498330318469189,-0.032690840374649456,-0.267715373548212,-0.0005888349096939065,-0.37257059372020745,-0.49773829422282406,-0.00032105250937656426,-12.000000000000002,0.0,0.054982489420936365,0.20478690761521964,0.019682397150724167
0.516,2.0,0.07882255060738765,-0.15877020155272015,-0.5359249334320122,-0.0009440962454340721,0.04693271313841505,-0.20839006210876534,-0.0006361181004237913,-0.10138052358986618,-0.20428362255058585,-0.0002578932331709082,-0.09706693118270175,-0.5253642410237948,-0.0010719661697427794,0.09740376834311176,-0.20183299755738443,-0.0007457193487512623,-0.14387683829125317,-0.2847328883080721,-0.00035453195741888267,-0.11517835859525676,-0.5190618721725261,-0.0010097551424589645,0.006678583809011727,-0.27912207182176224,-0.0007130258618885051,-0.14738350900966954,-0.2757736706292429,-0.00032257014977434174,0.061292817133806965,-0.27641279670001145,-0.0008433167102185016,-0.22085616568834815,-0.5139086041543571,-0.0007378772153690588,-0.33558157308874853,-0.503781755493566,-0.0004280187175618844,-0.011393928629099897,-0.270965932145772,-0.0006493843942361202,-0.03320608066405344,-0.267715373548212,-0.0005875613329339064,-0.37582776725579425,-0.497738294222824,-0.0003129192512565414,-12.0,0.0,0.054982334817384265,0.20477940354515992,0.019670649236223244
0.518,2.0,0.02906970189250884,-0.15924708450348923,-0.5359249334320122,-0.0009428868296982301,0.04781195186525113,-0.20839006210876534,-0.000638306938117951,-0.10162801388942817,-0.20428362255058585,-0.0002572577474017992,-0.09756259303715613,-0.5253642410237948,-0.0010707432746027326,0.09834772532208341,-0.20183299755738443,-0.0007480919147512405,-0.14483661803329045,-0.2847328883080721,-0.0003521401250420473,-0.11520022143476974,-0.5190618721725261,-0.0010097087839431734,0.007265400674732721,-0.27912207182176224,-0.0007145016390769349,-0.14802265190560918,-0.2757736706292429,-0.0003209754040489334,0.06166838363668298,-0.27641279670001145,-0.0008442640345845461,-0.22296125943692047,-0.5139086041543571,-0.0007326310961650224,-0.33859447954310473,-0.503781755493566,-0.0004205004560120436,-0.011578003041676527,-0.270965932145772,-0.0006489300087916804,-0.033727163496415254,-0.267715373548212,-0.0005862732322103964,-0.37908858059711026,-0.497738294222824,-0.0003047763174175744,-12.0,0.0,0.054982212003231626,0.20477186168319286,0.019658852476584127
0.52,2.0,0.019325974002748693,-0.15972050529332096,-0.5359249334320123,-0.0009416946223213077,0.048692692819277336,-0.20839006210876537,-0.0006405050349350413,-0.10187060527560732,-0.20428362255058588,-0.0002566390216528943,-0.09806471965139504,-0.5253642410237948,-0.0010695041199665965,0.09928652000241672,-0.20183299755738446,-0.0007504518071986696,-0.14579935775612543,-0.28473288830807214,-0.0003497406756869542,-0.11522756883577151,-0.5190618721725262,-0.0010096541268443911,0.00784737299941446,-0.27912207182176224,-0.0007159686812412375,-0.14866396233935347,-0.27577367062924296,-0.0003193775468090845,0.06204050198004064,-0.2764127967000115,-0.0008452029508417363,-0.2250729083434188,-0.5139086041543571,-0.0007273683617935917,-0.3416128026968123,-0.5037817554935661,-0.00041296818987615337,-0.011764418885135002,-0.270965932145772,-0.0006484698227602387,-0.03425412158274589,-0.267715373548212,-0.000584970525129492,-0.38235280310351943,-0.49773829422282406,-0.0002966242840642845,-12.000000000000002,0.0,0.05498211585391656,0.2047642870933443,0.019647025068135725
0.522,2.0,0.01404367470484639,-0.16019277550888852,-0.5359249334320122,-0.0009405110703467282,0.049573399159135556,-0.20839006210876534,-0.0006427068873201067,-0.1021096744913709,-0.20428362255058585,-0.00025603254318744636,-0.09857327190957588,-0.5253642410237948,-0.0010682488034309992,0.1002200596053502,-0.20183299755738443,-0.0007527987938995029,-0.14676497054956536,-0.2847328883080721,-0.0003473338263798666,-0.11526092498474659,-0.5190618721725261,-0.0010095857583418864,0.008424128954853251,-0.27912207182176224,-0.0007174236120529418,-0.1493076246122088,-0.2757736706292429,-0.0003177742707247236,0.06240908713990919,-0.27641279670001145,-0.0008461332467001303,-0.22719102126093554,-0.5139086041543571,-0.0007220892395273459,-0.3446363571354145,-0.503781755493566,-0.0004054223819918841,-0.011953197449555,-0.270965932145772,-0.0006480037831515925,-0.03478698738155495,-0.267715373548212,-0.0005836531299136654,-0.3856202039933569,-0.497738294222824,-0.0002884637277982614,-12.0,0.0,0.054982039402475875,0.20475668537526806,0.019635177906329716
0.524,1.0,0.010385759298334896,-0.16066560163055815,-0.5359249334320122,-0.0009393303948078091,0.05045290382845594,-0.20839006210876534,-0.0006449086531697524,-0.10234630554910581,-0.20428362255058585,-0.0002554348701480374,-0.09908821062207114,-0.5253642410237948,-0.0010669774227855472,0.10114825145963617,-0.20183299755738443,-0.0007551326429068365,-0.14773336941178403,-0.2847328883080721,-0.0003449197943962668,-0.11530027569733066,-0.5190618721725261,-0.0010095023679694488,0.008995617990363077,-0.27912207182176224,-0.0007188655019415386,-0.14995358038561726,-0.2757736706292429,-0.00031616511504258525,0.06277405399045691,-0.27641279670001145,-0.0008470547095998015,-0.2293155068094904,-0.5139086041543571,-0.000716793957233554,-0.3476649571773109,-0.503781755493566,-0.0003978634958953786,-0.012144360118266915,-0.270965932145772,-0.0006475318367405426,-0.03532579309290681,-0.267715373548212,-0.0005823209654166427,-0.3888905523616942,-0.497738294222824,-0.0002802952255736678,-12.0,0.0,0.054981974169198936,0.20474906262309844,0.019623315510179245
0.526,1.0,0.0077994003498691785,-0.1611402789879976,-0.5359249334320123,-0.0009381483295036354,0.051330295882944556,-0.20839006210876537,-0.0006471074148430533,-0.10258134018024834,-0.20428362255058588,-0.0002548432925037002,-0.09960949652887235,-0.5253642410237948,-0.0010656900760043092,0.10207100301019362,-0.20183299755738446,-0.0007574531225425516,-0.1487044672573809,-0.28473288830807214,-0.00034249879724072027,-0.11534560673005202,-0.5190618721725262,-0.001009403991187989,0.009561789689383822,-0.27912207182176224,-0.0007202942245303133,-0.15060177127247068,-0.27577367062924296,-0.00031455022560906423,0.06313531731013966,-0.2764127967000115,-0.000847967126726171,-0.23144627338084597,-0.5139086041543571,-0.0007114827433621668,-0.35069841688602044,-0.5037817554935661,-0.00039029199579063796,-0.012337928367094861,-0.270965932145772,-0.0006470539300687628,-0.03587057065249216,-0.267715373548212,-0.000580973951138263,-0.3921636171981095,-0.49773829422282406,-0.0002721193546528247,-12.000000000000002,0.0,0.054981915726341146,0.20474142376015395,0.01961144158638364
0.528,1.0,0.005730227714683301,-0.16161776852775284,-0.5359249334320122,-0.0009369616361100365,0.05220487278617391,-0.20839006210876534,-0.0006493008949792747,-0.10281542099362723,-0.20428362255058585,-0.0002542557059258438,-0.10013709030299102,-0.5253642410237948,-0.001064386861237306,0.10298822182675624,-0.20183299755738443,-0.0007597600014189451,-0.149678176925445,-0.2847328883080721,-0.00034007105262672796,-0.11539690378190677,-0.5190618721725261,-0.0010092906636061851,0.01012259377419354,-0.27912207182176224,-0.0007217096537778651,-0.1512521388423269,-0.2757736706292429,-0.00031292974839193055,0.06349279178786447,-0.27641279670001145,-0.0008488702850253778,-0.23358322914333568,-0.5139086041543571,-0.0007061558269337778,-0.35373655008246285,-0.503781755493566,-0.00038270834651886384,-0.012533923763590379,-0.270965932145772,-0.000646570009446693,-0.036421351725715735,-0.267715373548212,-0.0005796120072392996,-0.3954391674044621,-0.497738294222824,-0.0002639366925617863,-12.0,0.0,0.05498186185764904,0.20473377276685562,0.019599559082499468
0.53,1.0,0.004091622492283005,-0.16209883146839682,-0.5359249334320122,-0.0009357679122606484,0.05307605816795545,-0.20839006210876534,-0.0006514873372373481,-0.10304905650085301,-0.20428362255058585,-0.00025367050389239656,-0.1006709525538562,-0.5253642410237948,-0.0010630678768020095,0.10389981561251509,-0.20183299755738443,-0.0007620530484603516,-0.15065441118762246,-0.2847328883080721,-0.00033763677845656775,-0.11545415249593195,-0.5190618721725261,-0.0010091624209765484,0.010677980110614523,-0.27912207182176224,-0.0007231116639898895,-0.1519046246266268,-0.2757736706292429,-0.00031130382946729,0.06384639202916782,-0.27641279670001145,-0.0008497639712196899,-0.23572628204670312,-0.5139086041543571,-0.0007008134375275537,-0.35677917035725626,-0.503781755493566,-0.0003751130135277578,-0.012732367966256828,-0.270965932145772,-0.0006460800209554542,-0.03697816770180071,-0.267715373548212,-0.0005782350545562407,-0.3987169718126687,-0.497738294222824,-0.00025574781704590474,-12.0,0.0,0.054981811629131176,0.2047261128639717,0.019587670232716046
0.532,1.0,0.0027232115369120453,-0.16258406248569215,-0.5359249334320123,-0.0009345652549090387,0.053943380723850735,-0.20839006210876537,-0.0006536653006918021,-0.10328264329869027,-0.20428362255058588,-0.0002530864151243322,-0.10121104383070867,-0.5253642410237948,-0.0010617332211748463,0.1048056922127549,-0.20183299755738446,-0.0007643320329247488,-0.1516330827561875,-0.28473288830807214,-0.0003351961928011242,-0.11551733846077641,-0.5190618721725262,-0.0010090192991914857,0.011227898712712608,-0.27912207182176224,-0.000724500129830942,-0.15255917012391151,-0.27577367062924296,-0.0003096726150065404,0.06419603256240829,-0.2764127967000115,-0.0008506479718229483,-0.23787533982695316,-0.5139086041543571,-0.0006954558052691351,-0.3598260910830315,-0.5037817554935661,-0.0003675064628407745,-0.012933282723764391,-0.270965932145772,-0.000645583910448788,-0.03754104968791064,-0.267715373548212,-0.0005768430146160283,-0.4019967992024806,-0.49773829422282406,-0.0002475533060253884,-12.000000000000002,0.0,0.05498176400097834,0.20471844659121619,0.019575776849614788
0.534,1.0,0.001896415652180045,-0.1630739375534959,-0.5359249334320122,-0.0009333521773658001,0.054806444054307624,-0.20839006210876534,-0.0006558336070815402,-0.10351649852434289,-0.20428362255058585,-0.0002525024481297389,-0.10175732462599109,-0.5253642410237948,-0.0010603829929827153,0.10570575962348347,-0.20183299755738443,-0.0007665967244253483,-0.15261410429211547,-0.2847328883080721,-0.0003327495138797115,-0.11558644721226906,-0.5190618721725261,-0.0010088613342793744,0.011772299747489293,-0.27912207182176224,-0.0007258749263361872,-0.1532157168050398,-0.2757736706292429,-0.0003080362512633285,0.0645416278449733,-0.27641279670001145,-0.0008515220731560494,-0.24003031001121397,-0.5139086041543571,-0.0006900831608185098,-0.362877125426762,-0.503781755493566,-0.0003598891610263362,-0.013136689874155671,-0.270965932145772,-0.0006450816235550192,-0.038110028503289525,-0.267715373548212,-0.0005754358096507535,-0.40527841831926087,-0.497738294222824,-0.0002393537375508585,-12.0,0.0,0.05498171811911861,0.20471077601756613,0.019563880403758924
0.536,1.0,0.001102627473833705,-0.1635687773961447,-0.5359249334320122,-0.0009321274896962908,0.05566494920992848,-0.20839006210876534,-0.0006579912654076825,-0.10375083428418529,-0.20428362255058585,-0.0002519178100656074,-0.10230975537873432,-0.5253642410237948,-0.0010590172909945093,0.10659992600005304,-0.20183299755738443,-0.0007688468929521697,-0.1535973884131575,-0.2847328883080721,-0.00033029696003989155,-0.11566146423498454,-0.5190618721725261,-0.0010086885624006425,0.012311133539566239,-0.27912207182176224,-0.0007272359289231289,-0.15387420611840458,-0.2757736706292429,-0.00030639488456050783,0.06488309226949959,-0.27641279670001145,-0.0008523860613624619,-0.24219109992260973,-0.5139086041543571,-0.0006846957353578579,-0.36593208636210806,-0.503781755493566,-0.00035226157516701,-0.013342611344041818,-0.270965932145772,-0.0006445731056790409,-0.03868513467342069,-0.267715373548212,-0.0005740133626123062,-0.40856159789175894,-0.497738294222824,-0.00023114968975890786,-12.0,0.0,0.0549816733851093,0.204703102608089,0.019551981938713315
0.538,1.0,0.000570987232914917,-0.16406882379904425,-0.5359249334320123,-0.000930890390089669,0.05651864693330598,-0.20839006210876537,-0.0006601375282967347,-0.10398580956922693,-0.20428362255058588,-0.0002513319706660015,-0.10286829647793931,-0.5253642410237948,-0.001057636214112651,0.10748809966577322,-0.20183299755738446,-0.0007710823088935938,-0.1545828477019162,-0.28473288830807214,-0.0003278387497372866,-0.1157423749638061,-0.5190618721725262,-0.0010085010198438542,0.012844350575861738,-0.27912207182176224,-0.0007285830134033213,-0.1545345794951486,-0.27577367062924296,-0.000304748661277096,0.06522034017010714,-0.2764127967000115,-0.0008532397224237778,-0.2443576166851439,-0.5139086041543571,-0.0006792937605793686,-0.3689907866817755,-0.5037817554935661,-0.00034462417282864503,-0.013551069147789144,-0.270965932145772,-0.0006440583020043256,-0.03926639842420519,-0.267715373548212,-0.0005725755971869783,-0.4118461066498821,-0.49773829422282406,-0.0002229417408276628,-12.000000000000002,0.0,0.054981629366928665,0.2046954274351335,0.019540082220405597
0.54,1.0,0.00021174039223488729,-0.16457424299856452,-0.5359249334320122,-0.0009296402740824199,0.05736733538437451,-0.20839006210876534,-0.0006622717726051783,-0.10422153243359565,-0.20428362255058585,-0.0002507445324533973,-0.10343290826595433,-0.5253642410237948,-0.0010562398613646385,0.1083701891205144,-0.20183299755738443,-0.0007733027430578941,-0.155570394713921,-0.2847328883080721,-0.00032537510151538977,-0.11582916478548559,-0.5190618721725261,-0.0010082987430217998,0.013371901510258717,-0.27912207182176224,-0.00072991605599406,-0.15519677835437828,-0.2757736706292429,-0.00030309772783523577,0.06555328582864615,-0.27641279670001145,-0.0008540828421752964,-0.24652976722859243,-0.5139086041543571,-0.0006738774686730331,-0.3720530390098872,-0.503781755493566,-0.0003369774220294762,-0.01376208538669619,-0.270965932145772,-0.0006435371574949572,-0.03985384967616044,-0.267715373548212,-0.000571122437810017,-0.415131713342462,-0.497738294222824,-0.0002147304689323548,-12.0,0.0,0.05498158570684125,0.20468775137455414,0.019528181870781734
0.542,1.0,0.0,-0.1650851349138516,-0.5359249334320122,-0.0009283767260836193,0.05821085426744424,-0.20839006210876534,-0.0006643934937328497,-0.10445806620196067,-0.20428362255058585,-0.0002501552252924755,-0.10400355104184758,-0.5253642410237948,-0.001054828331894601,0.10924610304930107,-0.20183299755738443,-0.0007755079666947471,-0.15655994198570322,-0.2847328883080721,-0.0003229062339853777,-0.11592181904020046,-0.5190618721725261,-0.0010080817684676013,0.01389373716826388,-0.27912207182176224,-0.0007312349333300524,-0.1558607441083759,-0.2757736706292429,-0.00030144223068716156,0.06588184348095694,-0.27641279670001145,-0.000854915206321644,-0.24870745829340654,-0.5139086041543571,-0.0006684470923144117,-0.37511865581436743,-0.503781755493566,-0.000329321791209197,-0.01397568224816119,-0.270965932145772,-0.0006430096168976896,-0.04044751803863962,-0.267715373548212,-0.000569653809680129,-0.41841818675501513,-0.497738294222824,-0.000206516452200905,-12.0,0.0,0.054981542185712086,0.20468007497019766,0.0195162812770537
0.544,1.0,0.0,-0.16560153497944813,-0.5359249334320123,-0.0009270994962954018,0.05904908356514162,-0.20839006210876537,-0.0006665022909405241,-0.10469543063828064,-0.20428362255058588,-0.000249563890871563,-0.1045801850647745,-0.5253642410237948,-0.001053401724954868,0.11011575033089412,-0.20183299755738446,-0.0007776977515167138,-0.1575514020428692,-0.28473288830807214,-0.0003204323658059223,-0.11602032302310757,-0.5190618721725262,-0.0010078501328308143,0.014409808551657528,-0.27912207182176224,-0.0007325395224750653,-0.156526418167809,-0.27577367062924296,-0.0002997823163021677,0.0662059273231421,-0.2764127967000115,-0.0008557366004524211,-0.25089059643562506,-0.5139086041543571,-0.0006630028646523764,-0.3781874494193378,-0.5037817554935661,-0.0003216577491979966,-0.014191882004839902,-0.270965932145772,-0.0006424756247440271,-0.04104743280407278,-0.267715373548212,-0.000568169638773931,-0.4217052957274953,-0.49773829422282406,-0.00019830026866952233,-12.000000000000002,0.0,0.05498149869254345,0.2046723984965839,0.01950438063422112
0.546,0.0,0.0,-0.1661234145483226,-0.5359249334320122,-0.0009258084961314102,0.05988194317260936,-0.20839006210876534,-0.0006685978641847674,-0.10493360215747996,-0.20428362255058585,-0.000248970479780763,-0.10516277055733994,-0.5253642410237948,-0.0010519601398975506,0.11097904004636137,-0.20183299755738443,-0.0007798718697206963,-0.15854468740817138,-0.2847328883080721,-0.00031795371566300726,-0.1161246619858937,-0.5190618721725261,-0.0010076038728735464,0.014920066843133685,-0.27912207182176224,-0.0007338297009335495,-0.15719374194693703,-0.2757736706292429,-0.0002981181311535848,0.06652545151785103,-0.27641279670001145,-0.0008565468100578839,-0.2530790880317955,-0.5139086041543571,-0.0006575450192968302,-0.3812592320175239,-0.503781755493566,-0.0003139857651855704,-0.014410707013793747,-0.270965932145772,-0.0006419351253523303,-0.04165362294223004,-0.267715373548212,-0.0005666698518603481,-0.42499280917203724,-0.497738294222824,-0.00019008249623832173,-12.0,0.0,0.05498145518102429,0.20466472206836547,0.019492480023624918
0.548,0.0,0.0,-0.1666507335358066,-0.5359249334320122,-0.0009245037972092241,0.06070936022792389,-0.20839006210876534,-0.0006706800132034367,-0.10517254951043248,-0.20428362255058585,-0.00024837505098276473,-0.10575126770895464,-0.5253642410237948,-0.0010505036761661371,0.11183588148763579,-0.20183299755738443,-0.0007820300940093646,-0.15953971060957642,-0.2847328883080721,-0.00031547050224975176,-0.11623482113832277,-0.5190618721725261,-0.0010073430254665808,0.015424463410930072,-0.27912207182176224,-0.0007351053466622398,-0.15786265686881445,-0.2757736706292429,-0.0002964498217057647,0.06684033020057609,-0.27641279670001145,-0.0008573456205446562,-0.25527283928390404,-0.5139086041543571,-0.0006520737903064041,-0.3843338156826724,-0.503781755493566,-0.0003063063086901052,-0.014632179715628227,-0.270965932145772,-0.0006413880628299457,-0.04226611709450774,-0.267715373548212,-0.000565154376514955,-0.4282804960906894,-0.497738294222824,-0.00018186371262696692,-12.0,0.0,0.05498141166950513,0.20465704564014706,0.019480579413028717
0.55,0.0,0.0,-0.167183451814464,-0.5359249334320123,-0.0009231854997405142,0.061531262056282864,-0.20839006210876537,-0.0006727485558417232,-0.1054122415134903,-0.20428362255058588,-0.0002477776826003835,-0.10634563667918594,-0.5253642410237948,-0.0010490324332871003,0.11268618416606019,-0.20183299755738446,-0.0007841721976125508,-0.16053638418832933,-0.28473288830807214,-0.0003129829442462393,-0.11635078564977942,-0.5190618721725262,-0.0010070676275855085,0.015922949813447544,-0.27912207182176224,-0.0007363663380817308,-0.15853310437048998,-0.27577367062924296,-0.0002947775344010713,0.06715047748596037,-0.2764127967000115,-0.000858132817251469,-0.25747175622431345,-0.5139086041543571,-0.0006465894121761328,-0.38741101238197784,-0.5037817554935661,-0.0002986198495272342,-0.01485632263362156,-0.270965932145772,-0.0006408343810753595,-0.0428849435682382,-0.267715373548212,-0.0005636231411342607,-0.43156812559313523,-0.49773829422282406,-0.00017364449533033662,-12.000000000000002,0.0,0.054981368157985974,0.20464936921192864,0.019468678802432516
0.552,0.0,0.0,-0.16772152921726577,-0.5359249334320122,-0.0009218537040438704,0.06234757617636698,-0.20839006210876534,-0.0006748033104126206,-0.10565264705202843,-0.20428362255058585,-0.0002471784525927389,-0.10694583760110245,-0.5253642410237948,-0.001047546510861522,0.11352985782091803,-0.20183299755738443,-0.0007862979543086116,-0.1615346207070132,-0.2847328883080721,-0.0003104912602993569,-0.11647254065080904,-0.5190618721725261,-0.0010067777163068666,0.016415477803858543,-0.27912207182176224,-0.0007376125540880245,-0.15920502590820138,-0.2757736706292429,-0.00029310141564688235,0.06745580747411656,-0.27641279670001145,-0.0008589081854649296,-0.25967574472070915,-0.5139086041543571,-0.0006410921198251092,-0.3904906339885174,-0.503781755493566,-0.0002909268577789703,-0.015083158372843518,-0.270965932145772,-0.0006402740237803761,-0.04351013033102367,-0.267715373548212,-0.0005620760749499346,-0.4348554669144006,-0.497738294222824,-0.00016542542157422195,-12.0,0.0,0.054981324646466816,0.20464169278371022,0.019456778191836315
0.554,0.0,0.0,-0.16826492554076045,-0.5359249334320122,-0.000920508510536866,0.0631582303066892,-0.20839006210876534,-0.0006768440957128308,-0.10589373508398088,-0.20428362255058585,-0.0002465774387463936,-0.10755183058461239,-0.5253642410237948,-0.0010460460085567308,0.1143668124279494,-0.20183299755738443,-0.0007884071384457561,-0.16253433275760337,-0.2847328883080721,-0.00030799566900264726,-0.11660007123465396,-0.5190618721725261,-0.0010064733288042927,0.01690199933470419,-0.27912207182176224,-0.000738843874064052,-0.15987836296256558,-0.2757736706292429,-0.00029142161180260385,0.06775623425695666,-0.27641279670001145,-0.0008596715104353201,-0.2618847104810527,-0.5139086041543571,-0.0006355821485841199,-0.39357249229369423,-0.503781755493566,-0.0002832278037626214,-0.015312709619264396,-0.270965932145772,-0.0006397069344323213,-0.04414170500509525,-0.267715373548212,-0.0005605131080429708,-0.43814228943254646,-0.497738294222824,-0.00015720706827105857,-12.0,0.0,0.05498128113494766,0.2046340163554918,0.019444877581240114
0.556,0.0,0.0,-0.16881360054824043,-0.5359249334320123,-0.0009191500197281297,0.06396315237193075,-0.20839006210876537,-0.0006788707310386365,-0.106135474643368,-0.20428362255058588,-0.0002459747186665125,-0.10816357571979546,-0.5253642410237948,-0.001044531026097956,0.11519695820785139,-0.20183299755738446,-0.0007904995249633347,-0.16353543296951578,-0.28473288830807214,-0.0003054963888761719,-0.1167333624587858,-0.5190618721725262,-0.0010061545023446806,0.017382466562479555,-0.27912207182176224,-0.0007400601778911662,-0.1605530570437633,-0.27577367062924296,-0.0002897382691666935,0.0680516719245322,-0.2764127967000115,-0.0008604225773924205,-0.26409855905854285,-0.5139086041543571,-0.000630059734183261,-0.3966563990196875,-0.5037817554935661,-0.0002755231579996796,-0.015544999138854093,-0.270965932145772,-0.0006391330563162691,-0.044779694861697354,-0.267715373548212,-0.000558934171357792,-0.4414283626863458,-0.49773829422282406,-0.000148990011975694,-12.000000000000002,0.0,0.0549812376234285,0.2046263399272734,0.019432976970643914
0.558,0.0,0.0,-0.16936751397290373,-0.5359249334320122,-0.0009177783322094294,0.06476227050926339,-0.20839006210876534,-0.0006808830362017402,-0.10637783484381445,-0.20428362255058585,-0.0002453703697680446,-0.10878103308022787,-0.5253642410237948,-0.0010430016632599984,0.1160202056347622,-0.20183299755738443,-0.0007925748894130896,-0.1645378340176482,-0.2847328883080721,-0.00030299363834639077,-0.11687239934643379,-0.5190618721725261,-0.0010058212742843507,0.017856831852206753,-0.27912207182176224,-0.0007412613459606045,-0.16122904969671797,-0.2757736706292429,-0.00028805153396369905,0.06834203457138462,-0.27641279670001145,-0.0008611611715613591,-0.26631719585658276,-0.5139086041543571,-0.0006245251127395357,-0.3997421658319092,-0.503781755493566,-0.0002678133911846961,-0.015780049776671242,-0.270965932145772,-0.0006385523325172949,-0.04542412681549849,-0.267715373548212,-0.0005573391967162866,-0.444713456392942,-0.497738294222824,-0.00014077482884119558,-12.0,0.0,0.05498119411190934,0.20461866349905497,0.019421076360047713
0.56,0.0,0.0,-0.1699266255210108,-0.5359249334320122,-0.0009163935486477711,0.06555551307465743,-0.20839006210876534,-0.0006828808315450718,-0.10662078488205765,-0.20428362255058585,-0.0002447644692669285,-0.10940416272630044,-0.5253642410237948,-0.0010414580198589173,0.11683646544472805,-0.20183299755738443,-0.0007946330079803666,-0.16554144863041398,-0.2847328883080721,-0.0003004876357260597,-0.11701716688810897,-0.5190618721725261,-0.0010054736820652307,0.018325047781995386,-0.27912207182176224,-0.0007424472591849226,-0.16190628250626846,-0.2757736706292429,-0.0002863615523313123,0.0686272363029055,-0.27641279670001145,-0.0008618870781784901,-0.26854052613375434,-0.5139086041543571,-0.0006189785207444359,-0.40282960435146603,-0.503781755493566,-0.00026009897415414196,-0.016017884455942363,-0.270965932145772,-0.000637964705922752,-0.04607502741902888,-0.267715373548212,-0.0005557281168317838,-0.4479973404654894,-0.497738294222824,-0.00013256209457470497,-12.0,0.0,0.05498115060039018,0.20461098707083655,0.019409175749451512
0.562,0.0,0.0,-0.17049089487503652,-0.5359249334320123,-0.0009149957697775038,0.0663428086491748,-0.20839006210876537,-0.0006848639379585569,-0.10686429404144615,-0.20428362255058588,-0.0002441570941713206,-0.11003292470852946,-0.5253642410237948,-0.0010399001957437357,0.11764564864415236,-0.20183299755738446,-0.0007966736575052814,-0.16654618959776726,-0.28473288830807214,-0.00029797859919414543,-0.11716765004312417,-0.5190618721725262,-0.0010051117632110431,0.018787067147589986,-0.27912207182176224,-0.0007436177990093941,-0.1625846971023349,-0.27577367062924296,-0.00028466847030743624,0.0689071912417063,-0.2764127967000115,-0.0008626000825072926,-0.2707684550087985,-0.5139086041543571,-0.000613420195051507,-0.40591852616762664,-0.5037817554935661,-0.0002523803778552501,-0.016258526177130996,-0.270965932145772,-0.0006373701192245742,-0.04673242285714573,-0.267715373548212,-0.0005541008653229578,-0.4512797850307719,-0.49773829422282406,-0.00012435238439333668,-12.000000000000002,0.0,0.05498110708887102,0.20460331064261814,0.01939727513885531
0.5640000000000001,0.0,0.0,-0.17106028169681697,-0.5359249334320122,-0.0009135850963924391,0.06712408604524688,-0.20839006210876534,-0.0006868321768948504,-0.1071083316954277,-0.20428362255058585,-0.00024354832127284926,-0.11066727907086009,-0.5253642410237948,-0.0010383282907881633,0.1184476665182263,-0.20183299755738443,-0.0007986966155038419,-0.16755196977921918,-0.2847328883080721,-0.0002954667467757621,-0.11732383374110958,-0.5190618721725261,-0.0010047355553235047,0.019242842966904,-0.27912207182176224,-0.0007447728474233806,-0.16326423516507751,-0.2757736706292429,-0.00028297243381727007,0.06918181353399722,-0.27641279670001145,-0.0008632999698542944,-0.273000887465601,-0.5139086041543571,-0.0006078503728638966,-0.4090087428502927,-0.503781755493566,-0.0002446580733148483,-0.016501998016996765,-0.270965932145772,-0.0006367685149216027,-0.04739633894152674,-0.267715373548212,-0.0005524573767276657,-0.4545605604468009,-0.497738294222824,-0.00011614627298013033,-12.0,0.0,0.054981063577351864,0.20459563421439972,0.01938537452825911
0.5660000000000001,0.0,0.0,-0.1716347456306906,-0.5359249334320122,-0.0009121616293379881,0.06789927431293621,-0.20839006210876534,-0.0006887853703850305,-0.10735286731102645,-0.20428362255058585,-0.00024293822713789538,-0.11130718585396206,-0.5253642410237948,-0.0010367424048823366,0.11924243063933998,-0.20183299755738443,-0.0008007016601890268,-0.16855870211184404,-0.2847328883080721,-0.0002929522963221323,-0.11748570288352382,-0.5190618721725261,-0.0010043450960785414,0.01969232848453995,-0.27912207182176224,-0.0007459122869716656,-0.16394483843004765,-0.2757736706292429,-0.0002812735886604135,0.0694510173559749,-0.27641279670001145,-0.0008639865255850216,-0.27523772835818433,-0.5139086041543571,-0.0006022692917218902,-0.41210006596247334,-0.503781755493566,-0.00023693253160818315,-0.016748323127644325,-0.270965932145772,-0.0006361598353219382,-0.0480668011051925,-0.267715373548212,-0.0005507975865167132,-0.45783943732038934,-0.497738294222824,-0.00010794433444005782,-12.0,0.0,0.054981020065832706,0.2045879577861813,0.01937347391766291
0.5680000000000001,0.0,0.0,-0.17221424630663396,-0.5359249334320123,-0.0009107254695033043,0.06866830274618196,-0.20839006210876537,-0.000690723341054254,-0.10759787045230898,-0.20428362255058588,-0.0002423268880988986,-0.11195260509851757,-0.5253642410237948,-0.0010351426379245818,0.12002985287547357,-0.20183299755738446,-0.0008026885704918111,-0.16956629961827474,-0.28473288830807214,-0.00029043546549057026,-0.11765324234516052,-0.5190618721725262,-0.001003940423222506,0.02013547717629531,-0.27912207182176224,-0.0007470360007657555,-0.16462644869333073,-0.27577367062924296,-0.0002795720804979883,0.06971471692021868,-0.2764127967000115,-0.0008646595351399661,-0.2774788824157037,-0.5139086041543571,-0.000596677189490432,-0.41519230707276195,-0.5037817554935661,-0.00022920422382773184,-0.01699752473556218,-0.270965932145772,-0.0006355440225453192,-0.04874383439705844,-0.267715373548212,-0.0005491214311075487,-0.46111618652470127,-0.49773829422282406,-9.97471422560868e-05,-12.000000000000002,0.0,0.05498097655431355,0.20458028135796288,0.01936157330706671
0.5700000000000001,0.0,0.0,-0.17279874334339146,-0.5359249334320122,-0.0009092767178134456,0.06943110088902812,-0.20839006210876534,-0.0006926459121373682,-0.10784331078383895,-0.20428362255058585,-0.0002417143802456922,-0.11260349684850093,-0.5253642410237948,-0.001033529089813193,0.12080984539856761,-0.20183299755738443,-0.000804657126082145,-0.1705746754146869,-0.2847328883080721,-0.0002879164717244934,-0.11782643697565005,-0.5190618721725261,-0.001003521574568414,0.020572242753653786,-0.27912207182176224,-0.0007481438724951439,-0.16530900781668068,-0.2757736706292429,-0.0002778680548397804,0.06997282648209487,-0.27641279670001145,-0.0008653187840505753,-0.2797242542474487,-0.5139086041543571,-0.0005910743043466336,-0.41828527776781493,-0.503781755493566,-0.00022147362105201006,-0.017249626140651304,-0.270965932145772,-0.0006349210185255247,-0.04942746347651706,-0.267715373548212,-0.000547428847877884,-0.464390579216775,-0.497738294222824,-9.155526924530685e-05,-12.0,0.0,0.05498093304279439,0.20457260492974447,0.019349672696470508
0.5720000000000001,0.0,0.0,-0.17338819635159913,-0.5359249334320122,-0.0009078154752215519,0.07018759854183436,-0.20839006210876534,-0.0006945529074944837,-0.10808915807411966,-0.20428362255058585,-0.00024110077941686726,-0.11325982115445,-0.5253642410237948,-0.0010319018604382345,0.12158232069287167,-0.20183299755738443,-0.0008066071073898801,-0.17158374271877072,-0.2847328883080721,-0.00028539553223346295,-0.11800527160095656,-0.5190618721725261,-0.0010030885879921902,0.02100257916826147,-0.27912207182176224,-0.0007492357864385401,-0.16599245773264512,-0.2757736706292429,-0.0002761616570314056,0.07022526034616898,-0.27641279670001145,-0.0008659640579552658,-0.2819737483478488,-0.5139086041543571,-0.0005854608747672711,-0.4213787896648314,-0.503781755493566,-0.0002137411943143776,-0.017504650715243517,-0.270965932145772,-0.0006342907650128018,-0.050117712608050966,-0.267715373548212,-0.0005457197751792374,-0.46766238685501904,-0.497738294222824,-8.336928751512249e-05,-12.0,0.0,0.05498088953127523,0.20456492850152605,0.019337772085874307
0.5740000000000001,0.0,0.0,-0.17398256493690195,-0.5359249334320123,-0.0009063418427010329,0.07093772576746864,-0.20839006210876537,-0.0006964441516264994,-0.10833538219902443,-0.20428362255058588,-0.00024048616119116555,-0.11392153807672899,-0.5253642410237948,-0.001030261049673362,0.12234719156327084,-0.20183299755738446,-0.0008085382956256404,-0.1725934148576897,-0.28473288830807214,-0.00028287286397325355,-0.11818973102486992,-0.5190618721725262,-0.0010026415014289243,0.021426440616387585,-0.27912207182176224,-0.0007503116274750594,-0.16667674044968128,-0.27577367062924296,-0.0002744530322414946,0.07047193287262529,-0.2764127967000115,-0.0008665951426154513,-0.28422726910148294,-0.5139086041543571,-0.0005798371395162709,-0.42447265442403304,-0.5037817554935661,-0.00020600741457183673,-0.017762621903109618,-0.270965932145772,-0.0006336532035763212,-0.0508146056558775,-0.267715373548212,-0.0005439941523504026,-0.470931381216679,-0.49773829422282406,-7.518976841951255e-05,-12.000000000000002,0.0,0.05498084601975607,0.20455725207330763,0.019325871475278106
0.5760000000000001,0.0,0.0,-0.1745818087030648,-0.5359249334320122,-0.0009048559212377756,0.07168141289748133,-0.20839006210876534,-0.0006983194696905849,-0.10858195314521425,-0.20428362255058585,-0.00023987060087890356,-0.1145886076887825,-0.5253642410237948,-0.0010286067573676643,0.12310437114358905,-0.20183299755738443,-0.0008104504728016382,-0.17360360527602595,-0.2847328883080721,-0.00028034868362595595,-0.11837980003049274,-0.5190618721725261,-0.0010021803528691405,0.021843781543369342,-0.27912207182176224,-0.0007513712810953747,-0.16736179805726165,-0.2757736706292429,-0.00027274232544890407,0.07071275848369364,-0.27641279670001145,-0.0008672118239315918,-0.28648472078809295,-0.5139086041543571,-0.0005742033376321855,-0.4275666837611433,-0.503781755493566,-0.00019827275267383232,-0.018023563218457175,-0.270965932145772,-0.000633008275606656,-0.05151816607862547,-0.267715373548212,-0.0005422519197308363,-0.4741973344152742,-0.497738294222824,-6.701728251536254e-05,-12.0,0.0,0.05498080250823691,0.20454957564508922,0.019313970864681906
0.578,0.0,0.0,-0.17518588725507672,-0.5359249334320122,-0.0009033578118223685,0.07241859053826002,-0.20839006210876534,-0.0007001786875156167,-0.10882884101354245,-0.20428362255058585,-0.00023925417351342902,-0.11526099008038064,-0.5253642410237948,-0.0010269390833375306,0.12385377290486871,-0.20183299755738443,-0.0008123434217524336,-0.17461422754371067,-0.2847328883080721,-0.00027782320758011533,-0.11857546338172217,-0.5190618721725261,-0.0010017051803550834,0.022254556648040557,-0.27912207182176224,-0.000752414633412829,-0.16804757273096943,-0.2757736706292429,-0.00027102968142995315,0.07094765167008288,-0.27641279670001145,-0.0008678138879592627,-0.2887460075876001,-0.5139086041543571,-0.0005685597084156605,-0.4306606894598655,-0.503781755493566,-0.0001905376793310566,-0.018287498244917995,-0.270965932145772,-0.0006323559223182872,-0.0522284169240448,-0.267715373548212,-0.0005404930186739663,-0.4774600189180025,-0.497738294222824,-5.8852399518874585e-05,-12.0,0.0,0.054980758996717755,0.2045418992168708,0.019302070254085705
0.58,0.0,0.0,-0.17579476020224813,-0.5359249334320122,-0.0009018476154423387,0.07314918957716483,-0.20839006210876534,-0.0007020216316175634,-0.10907601602244592,-0.20428362255058585,-0.0002386369538426085,-0.11593864536085494,-0.5253642410237948,-0.0010252581273585352,0.12459531066362582,-0.20183299755738443,-0.0008142169261556329,-0.17562519536393967,-0.2847328883080721,-0.00027529665191090353,-0.1187767058247264,-0.5190618721725261,-0.0010012160219770097,0.022658720887143595,-0.27912207182176224,-0.000753441571174507,-0.16873400673758293,-0.2757736706292429,-0.0002693152447456837,0.07117652699742084,-0.27641279670001145,-0.0008684011209252358,-0.2910110335851247,-0.5139086041543571,-0.0005629064914168926,-0.43375448338435857,-0.503781755493566,-0.0001828026650842511,-0.01855445063452517,-0.270965932145772,-0.0006316960847521351,-0.052945380823749555,-0.267715373548212,-0.0005387173915604181,-0.4807192075631122,-0.497738294222824,-5.069568826205378e-05,-12.0,0.0,0.054980715485198596,0.20453422278865238,0.019290169643489504
0.582,0.0,0.0,-0.17640838716130097,-0.5359249334320122,-0.0009003254330744101,0.07387314118864327,-0.20839006210876534,-0.0007038481292148254,-0.10932344851132252,-0.20428362255058585,-0.00023801901632034984,-0.11662153366232478,-0.5253642410237948,-0.0010235639891573495,0.12532889859007984,-0.20183299755738443,-0.0008160707705525257,-0.17663642258107276,-0.2847328883080721,-0.000272769232360331,-0.11898351208941577,-0.5190618721725261,-0.0010007129158694993,0.023056229479724268,-0.27912207182176224,-0.0007544519817722647,-0.1694210424401486,-0.2757736706292429,-0.0002675991597291499,0.07139929911270036,-0.27641279670001145,-0.0008689733092435807,-0.2932797027760083,-0.5139086041543571,-0.0005572439264230811,-0.4368478774917099,-0.503781755493566,-0.0001750681802730185,-0.018824444106679706,-0.270965932145772,-0.0006310287037781172,-0.05366907998799516,-0.267715373548212,-0.0005369249818111562,-0.48397467357723917,-0.497738294222824,-4.25477166492795e-05,-12.0,0.0,0.05498067197367944,0.20452654636043396,0.019278269032893303
0.584,0.0,0.0,-0.17702672775945164,-0.5359249334320122,-0.000898791365676778,0.07459037684032459,-0.20839006210876534,-0.0007056580082435216,-0.10957110894389437,-0.20428362255058585,-0.00023740043509815835,-0.1173096151429144,-0.5253642410237948,-0.0010218567684036751,0.1260544512163577,-0.20183299755738443,-0.0008179047403686607,-0.17764782318851635,-0.2847328883080721,-0.0002702411643174983,-0.11919586689090843,-0.5190618721725261,-0.0010001959002077759,0.02344703791150929,-0.27912207182176224,-0.0007554457532537162,-0.17010862230304233,-0.2757736706292429,-0.00026588157047273577,0.07161588275073098,-0.27641279670001145,-0.0008695302395317796,-0.295551919070838,-0.5139086041543571,-0.0005515722534458721,-0.43994068384440466,-0.503781755493566,-0.00016733469500464018,-0.019097502447106687,-0.270965932145772,-0.0006303537200977307,-0.05439953620049031,-0.267715373548212,-0.0005351157339005421,-0.48722619059270844,-0.497738294222824,-3.44090516139621e-05,-12.0,0.0,0.05498062846216028,0.20451886993221555,0.019266368422297103
0.586,0.0,0.0,-0.1776497416374861,-0.5359249334320122,-0.0008972455141814015,0.0753008282990927,-0.20839006210876534,-0.0007074510973727248,-0.10981896791155665,-0.20428362255058585,-0.0002367812840167287,-0.11800284998995991,-0.5253642410237948,-0.0010201365647022008,0.12677188344467102,-0.20183299755738443,-0.0008197186219343552,-0.1786593113365887,-0.2847328883080721,-0.0002677126627988893,-0.11941375493099032,-0.5190618721725261,-0.000999665013204044,0.02383110193926588,-0.27912207182176224,-0.0007564227743331789,-0.17079668889701832,-0.2757736706292429,-0.00026416262081550146,0.07182619274059612,-0.27641279670001145,-0.0008700716986268562,-0.297827586300473,-0.5139086041543571,-0.0005458917127087979,-0.4430327146227906,-0.503781755493566,-0.00015960267912290327,-0.0193736495068009,-0.270965932145772,-0.0006296710742466634,-0.05513677081324433,-0.267715373548212,-0.0005332895933693043,-0.49047353266479826,-0.497738294222824,-2.6280259075288914e-05,-12.0,0.0,0.05498058495064112,0.20451119350399713,0.019254467811700902
0.588,0.0,0.0,-0.17827738845282753,-0.5359249334320122,-0.0008956879794863152,0.0760044276371374,-0.20839006210876534,-0.0007092272260196452,-0.11006699613671142,-0.20428362255058585,-0.000236161636597573,-0.11870119842320648,-0.5253642410237948,-0.001018403477584587,0.12748111055546618,-0.20183299755738443,-0.0008215122025051386,-0.17967080134036675,-0.2847328883080721,-0.0002651839424287085,-0.1196371608995695,-0.5190618721725261,-0.0009991202931038394,0.024208377595143167,-0.27912207182176224,-0.0007573829344025704,-0.17148518490424536,-0.2757736706292429,-0.00026244245433056145,0.07203014401211517,-0.27641279670001145,-0.000870597473601519,-0.30010660822107255,-0.5139086041543571,-0.0005402025446347103,-0.4461237821375375,-0.503781755493566,-0.00015187260217693844,-0.01965290920096192,-0.270965932145772,-0.0006289807065974279,-0.0558808047414505,-0.267715373548212,-0.0005314465068374192,-0.49371647428896576,-0.497738294222824,-1.8161903895064362e-05,-12.0,0.0,0.05498054143912196,0.2045035170757787,0.0192425672011047
0.59,0.0,0.0,-0.1789096278825959,-0.5359249334320122,-0.0008941188624479616,0.07670110723798325,-0.20839006210876534,-0.000710986224364757,-0.11031516447608622,-0.20428362255058585,-0.00023554156603468608,-0.11940462069799514,-0.5253642410237948,-0.0010166576065014708,0.12818204821554605,-0.20183299755738443,-0.0008232852702821265,-0.18068220768751422,-0.2847328883080721,-0.00026265521741926335,-0.11986606947612452,-0.5190618721725261,-0.0009985617781823916,0.024578821190994915,-0.27912207182176224,-0.0007583261235422635,-0.17217405312332973,-0.2757736706292429,-0.00026072121431249386,0.07222765160231032,-0.27641279670001145,-0.0008711073517803166,-0.3023888885191248,-0.5139086041543571,-0.0005345049898332115,-0.44921369884209067,-0.503781755493566,-0.00014414493339007115,-0.019935305507918603,-0.270965932145772,-0.0006282825573620253,-0.0566316584584061,-0.267715373548212,-0.0005295864220169038,-0.4969547904180323,-0.497738294222824,-1.0054549834645626e-05,-12.0,0.0,0.0549804979276028,0.2044958406475603,0.0192306665905085
0.592,0.0,0.0,-0.17954641962665926,-0.5359249334320122,-0.0008925382638735408,0.07739079980249568,-0.20839006210876534,-0.0007127279233668715,-0.11056344392403705,-0.20428362255058585,-0.0002349211451862491,-0.12011307710843938,-0.5253642410237948,-0.0010148990508144992,0.12887461248616314,-0.20183299755738443,-0.0008250376144323262,-0.18169344504608964,-0.2847328883080721,-0.0002601267015513947,-0.12010046533114707,-0.5190618721725261,-0.0009979895067410039,0.024942389322683303,-0.27912207182176224,-0.0007592522325318929,-0.17286323647432464,-0.2757736706292429,-0.00025899904376478297,0.07241863066187763,-0.27641279670001145,-0.0008716011207558044,-0.3046743308164773,-0.5139086041543571,-0.0005287992890880808,-0.4523022773451175,-0.503781755493566,-0.00013642014162868824,-0.02022086246804294,-0.270965932145772,-0.0006275765665946335,-0.057389351990469704,-0.267715373548212,-0.0005277092877245148,-0.5001882564793279,-0.497738294222824,-1.958759511979241e-06,-12.0,0.0,0.054980454416083645,0.20448816421934188,0.0192187659799123
0.594,3.0,0.1337165078439999,-0.180187723410677,-0.5359249334320122,-0.0008909462845133822,0.07807343835486368,-0.20839006210876534,-0.0007144521547781525,-0.11081180561583541,-0.20428362255058585,-0.000234300446566372,-0.12080594006525024,-0.5253642410237948,-0.0010131279097883885,0.12957041688510426,-0.20183299755738443,-0.0008267690251088689,-0.18268945906476286,-0.2847328883080721,-0.00025759860815495613,-0.12034033312757836,-0.5190618721725261,-0.0009974035171034475,0.025299038874363262,-0.27912207182176224,-0.0007601611528611138,-0.17355267800372537,-0.2757736706292429,-0.00025727608538729567,0.07260299646166218,-0.27641279670001145,-0.0008720785684047228,-0.3069628386753672,-0.5139086041543571,-0.0005230856833446996,-0.4553893304229468,-0.503781755493566,-0.0001286986953711211,-0.020509604182653227,-0.270965932145772,-0.0006268626741943227,-0.05815390491205643,-0.267715373548212,-0.0005258150538943558,-0.5034166483917922,-0.497738294222824,6.124905641259615e-06,-12.0,0.0,0.05498041090453462,0.20448036153850854,0.01920676562512606
0.596,3.0,0.11662708998562207,-0.18083349898913417,-0.5359249334320122,-0.000889343025053338,0.07874895624855874,-0.20839006210876534,-0.0007161587511590725,-0.11106022083093886,-0.20428362255058585,-0.0002336795423368761,-0.1214477327040925,-0.5253642410237948,-0.0010113957523963614,0.13028949739825668,-0.20183299755738443,-0.0008285085361062216,-0.18364439255528178,-0.2847328883080721,-0.00025510857310827306,-0.12058565752223947,-0.5190618721725261,-0.0009968038476123693,0.02564872702274706,-0.27912207182176224,-0.0007610527767403137,-0.17424232088945,-0.2757736706292429,-0.00025555248156379387,0.07278066439913668,-0.27641279670001145,-0.0008725394829041841,-0.30925431560345207,-0.5139086041543571,-0.0005173644136974748,-0.4584746710319992,-0.503781755493566,-0.00012098106267654784,-0.02080155481290653,-0.270965932145772,-0.000626140819907797,-0.05892533634067169,-0.267715373548212,-0.0005239036715903889,-0.5066397425830326,-0.497738294222824,1.4195885422420562e-05,-12.0,0.0,0.05498036739294017,0.20447243755050498,0.019194669521883905
0.598,3.0,0.09870304206572068,-0.18148370614836742,-0.5359249334320122,-0.0008877285861071952,0.07941728717226937,-0.20839006210876534,-0.0007178475458933102,-0.111308660996245,-0.20428362255058585,-0.00023305850429911748,-0.12204712100590565,-0.5253642410237948,-0.0010097912707992557,0.13102680142915668,-0.20183299755738443,-0.0008303062373891028,-0.18456447991274152,-0.2847328883080721,-0.00025272123938197574,-0.12083642316725547,-0.5190618721725261,-0.0009961905366257166,0.025991411241348714,-0.27912207182176224,-0.0007619269971112733,-0.174932108445805,-0.2757736706292429,-0.0002538283743494823,0.07295155000488335,-0.27641279670001145,-0.0008729836527478703,-0.31154866505884066,-0.5139086041543571,-0.0005116357213772627,-0.4615581123212087,-0.503781755493566,-0.00011326771115391696,-0.021096738578680396,-0.270965932145772,-0.0006254109433321638,-0.059703664931984146,-0.267715373548212,-0.0005219750930188508,-0.509857316006335,-0.497738294222824,2.225362090052141e-05,-12.0,0.0,0.05498032388126747,0.2044642796927132,0.01918238883472313
0.6,3.0,0.08367359408845143,-0.18213830470958167,-0.5359249334320122,-0.000886103068209112,0.08007836515581081,-0.20839006210876534,-0.0007195183732025867,-0.11155709768932837,-0.20428362255058585,-0.00023243740388585211,-0.12261133743142098,-0.5253642410237948,-0.0010082928000447228,0.1317780998732549,-0.20183299755738443,-0.0008321494974663527,-0.18545491654154897,-0.2847328883080721,-0.0002504210209883264,-0.12109261471147309,-0.5190618721725261,-0.0009955636225131765,0.026327049304707854,-0.27912207182176224,-0.0007627837076577775,-0.17562198412843555,-0.2757736706292429,-0.00025210390545859476,0.07311556894907875,-0.27641279670001145,-0.000873410866762237,-0.3138457904551229,-0.5139086041543571,-0.0005058998477387911,-0.46463946764443426,-0.503781755493566,-0.00010555910793089318,-0.02139517975744375,-0.270965932145772,-0.0006246729839177291,-0.06048890887493845,-0.267715373548212,-0.0005200292715405696,-0.5130691461576298,-0.497738294222824,3.0297554458777466e-05,-12.0,0.0,0.05498028036952112,0.20445596644248812,0.019169985653517775
0.602,3.0,0.07108245634907329,-0.18279725453185786,-0.5359249334320122,-0.0008844665718060762,0.08073212457600934,-0.20839006210876534,-0.0007211710681614404,-0.1118055026416598,-0.20428362255058585,-0.00023181631215314372,-0.12314644159717761,-0.5253642410237948,-0.0010068822589809343,0.1325398369954864,-0.20183299755738443,-0.0008340277435765983,-0.1863200485987666,-0.2847328883080721,-0.0002481949294163078,-0.12135421680187199,-0.5190618721725261,-0.0009949231436526325,0.026655599292592678,-0.27912207182176224,-0.0007636228028161752,-0.1763118915392597,-0.2757736706292429,-0.0002503792162520184,0.07327263704798101,-0.27641279670001145,-0.0008738209141227254,-0.3161455951663993,-0.5139086041543571,-0.0005001570342480856,-0.4677185505728606,-0.503781755493566,-9.785571962282927e-05,-0.02169690268311698,-0.270965932145772,-0.0006239268809708207,-0.06128108588690836,-0.267715373548212,-0.0005180661616831838,-0.5162750110924081,-0.497738294222824,3.832712983701442e-05,-12.0,0.0,0.05498023685769735,0.20444752142585465,0.01915747868128614
0.604,3.0,0.0605451050037869,-0.18346051551515116,-0.5359249334320122,-0.0008828191972503859,0.08137850016256075,-0.20839006210876534,-0.0007228054667119368,-0.11205384774180818,-0.20428362255058585,-0.00023119529977231514,-0.12365750510315002,-0.5253642410237948,-0.001005544498566543,0.13330902385078156,-0.20183299755738443,-0.0008359320863821771,-0.18716350718863592,-0.2847328883080721,-0.0002460320992732637,-0.12162121408496943,-0.5190618721725261,-0.0009942691384266353,0.026977019594181577,-0.27912207182176224,-0.0007644441777858873,-0.17700177443138632,-0.2757736706292429,-0.00024865444772495803,0.07342267027041927,-0.27641279670001145,-0.0008742135843699811,-0.3184479825323091,-0.5139086041543571,-0.0004944075224698946,-0.4707951749073873,-0.503781755493566,-9.015801230176341e-05,-0.02200193174492112,-0.270965932145772,-0.0006231725736566377,-0.06208021320889089,-0.267715373548212,-0.0005160857191532591,-0.5194746894425896,-0.497738294222824,4.634179217396034e-05,-12.0,0.0,0.054980193345793016,0.20443896444415202,0.01914488357703842
0.606,3.0,0.05173735360888085,-0.1841280476032799,-0.5359249334320122,-0.0008811610447921525,0.08201742700386247,-0.20839006210876534,-0.0007244214056783152,-0.11230210503862394,-0.20428362255058585,-0.00023057443702194418,-0.12414876730466216,-0.5253642410237948,-0.001004266839801612,0.13408314853089154,-0.20183299755738443,-0.0008378550535204149,-0.18798832125606554,-0.2847328883080721,-0.00024392345279859043,-0.12189359120821829,-0.5190618721725261,-0.0009936016452188918,0.02729126891222312,-0.27912207182176224,-0.0007652477285398596,-0.17769157671401628,-0.2757736706292429,-0.00024692974049464147,0.07356558474428487,-0.27641279670001145,-0.0008745886674260768,-0.32075285586305696,-0.5139086041543571,-0.00048865155405512,-0.47386915469100577,-0.503781755493566,-8.246645146544662e-05,-0.022310291386216135,-0.270965932145772,-0.0006224100010021273,-0.06288630760074211,-0.267715373548212,-0.0005140879008483027,-0.5226679604333384,-0.497738294222824,5.43409880494139e-05,-12.0,0.0,0.054980149833805426,0.20443031207508822,0.019132213438428462
0.608,3.0,0.04438582408003464,-0.1847998107869044,-0.5359249334320122,-0.0008794922145718307,0.0826488405528188,-0.20839006210876534,-0.0007260187227815696,-0.11255024674440411,-0.20428362255058585,-0.0002299537937799048,-0.12462376665250026,-0.5253642410237948,-0.0010030386842978314,0.1348601005540537,-0.20183299755738443,-0.0008397903652206899,-0.1887970126478218,-0.2847328883080721,-0.00024186141763001635,-0.1221713328213983,-0.5190618721725261,-0.0009929207024107695,0.027598306267173956,-0.27912207182176224,-0.0007660333518349633,-0.17838124245732634,-0.2757736706292429,-0.00024520523478806656,0.07370129676302398,-0.27641279670001145,-0.0008749459536107408,-0.32306011844443777,-0.5139086041543571,-0.0004828893707282504,-0.4769403042211629,-0.503781755493566,-7.47815020064005e-05,-0.02262200610332824,-0.270965932145772,-0.0006216391018988897,-0.06369938533645515,-0.267715373548212,-0.0005120726648686748,-0.5258546038998281,-0.497738294222824,6.2324165526286e-05,-12.0,0.0,0.05498010632173234,0.20442157818001827,0.01911947920799686
0.61,3.0,0.03825996575257311,-0.18547576510649638,-0.5359249334320122,-0.0008778128066127694,0.08327267663261886,-0.20839006210876534,-0.0007275972566539604,-0.11279824523803862,-0.20428362255058585,-0.00022933343951545435,-0.12508545145721975,-0.5253642410237948,-0.0010018511859282363,0.13563810715892066,-0.20183299755738443,-0.0008417327452785953,-0.18959167620887446,-0.2847328883080721,-0.0002398396891506257,-0.12245442357800049,-0.5190618721725261,-0.0009922263483778196,0.027898091001314303,-0.27912207182176224,-0.0007668009452223405,-0.1790707158973353,-0.2757736706292429,-0.00024348107042979143,0.07382972279213117,-0.27641279670001145,-0.0008752852336575887,-0.3253696735428594,-0.5139086041543571,-0.0004771212142747984,-0.480008438062111,-0.503781755493566,-6.710362818100766e-05,-0.022937100444366216,-0.270965932145772,-0.0006208598151061095,-0.06451946219948104,-0.267715373548212,-0.0005100399705293922,-0.529034400303952,-0.497738294222824,7.029077419251018e-05,-12.0,0.0,0.05498006280957185,0.20441277433211302,0.01910669001525299
0.612,3.0,0.03316535035156511,-0.18615587065529765,-0.5359249334320122,-0.0008761229208137896,0.0838888714424866,-0.20839006210876534,-0.0007291568468534605,-0.11304607306813728,-0.20428362255058585,-0.0002287134432813681,-0.1255362733077498,-0.5253642410237948,-0.0010006969739164377,0.13641567962740775,-0.20183299755738443,-0.0008436777617907628,-0.1903740472981634,-0.2847328883080721,-0.00023785303024799408,-0.12274284813660442,-0.5190618721725261,-0.0009915186214863138,0.02819058278284065,-0.27912207182176224,-0.0007675504070576914,-0.17975994144075214,-0.2757736706292429,-0.000241757386829769,0.07395077947564382,-0.27641279670001145,-0.0008756062987303566,-0.327681424410363,-0.5139086041543571,-0.00047134732652874436,-0.48307337105724285,-0.503781755493566,-5.943329357863736e-05,-0.023255599008026706,-0.270965932145772,-0.0006200720792535145,-0.06534655347809305,-0.267715373548212,-0.0005079897783718274,-0.5322071307509791,-0.497738294222824,7.824026520281996e-05,-12.0,0.0,0.05498001929732236,0.20440391017774032,0.019093853464805254
0.614,3.0,0.028938027170420204,-0.18684008758226903,-0.5359249334320122,-0.0008744226569417864,0.08449736156340264,-0.20839006210876534,-0.0007306973338781299,-0.11329370295613737,-0.20428362255058585,-0.00022809387370612143,-0.12597826585847907,-0.5253642410237948,-0.0009995699192901124,0.1371915680608948,-0.20183299755738443,-0.0008456216929619805,-0.19114555871491207,-0.2847328883080721,-0.0002358971025247717,-0.12303659116224867,-0.5190618721725261,-0.0009907975600898043,0.028475741609935275,-0.27912207182176224,-0.0007682816365115072,-0.18044886366980548,-0.2757736706292429,-0.00024003432297122694,0.07406438364263669,-0.27641279670001145,-0.0008759089404391382,-0.32999527428964054,-0.5139086041543571,-0.0004655679493599853,-0.4861349183414112,-0.503781755493566,-5.177096109080778e-05,-0.023577526442388405,-0.270965932145772,-0.0006192758328443633,-0.066180673960795,-0.267715373548212,-0.0005059220501752974,-0.5353725770061541,-0.497738294222824,8.617209132038783e-05,-12.0,0.0,0.05497997578498251,0.2043949937414391,0.01908097587908122
0.616,3.0,0.02543976437991001,-0.18752837609502848,-0.5359249334320122,-0.0008727121146243581,0.08509808396379714,-0.20839006210876534,-0.0007322185591804199,-0.11354110779939132,-0.20428362255058585,-0.0002274747989861212,-0.12641311127021668,-0.5253642410237948,-0.0009984649379132893,0.13796472328358167,-0.20183299755738443,-0.000847561414045698,-0.19190738870361965,-0.2847328883080721,-0.00023396832398290006,-0.1233356373277939,-0.5190618721725261,-0.0009900632025256935,0.02875352781481226,-0.27912207182176224,-0.0007689945335792438,-0.18113742734705413,-0.2757736706292429,-0.00023831201739859357,0.0741704523137164,-0.27641279670001145,-0.0008761929508566204,-0.33231112641904886,-0.5139086041543571,-0.0004597833246617915,-0.48919289535323224,-0.503781755493566,-4.41170928803869e-05,-0.023902907443695144,-0.270965932145772,-0.000618471014258459,-0.06702183793177424,-0.267715373548212,-0.0005038367489685426,-0.5385305215112395,-0.497738294222824,9.408570695832535e-05,-12.0,0.0,0.05497993227255115,0.2043860316832459,0.019068062502802897
0.618,3.0,0.022554033991992857,-0.18822069646277864,-0.5359249334320122,-0.0008709913933424593,0.08569097600521357,-0.20839006210876534,-0.0007337203651814062,-0.11378826067423418,-0.20428362255058585,-0.00022685628687798634,-0.12684219623194903,-0.5253642410237948,-0.000997377824383945,0.13873426475536726,-0.20183299755738443,-0.0008494943021024152,-0.19266050143852234,-0.2847328883080721,-0.0002320637490111311,-0.12363997131527871,-0.5190618721725261,-0.0009893155871118304,0.02902390206773959,-0.27912207182176224,-0.0007696889990914364,-0.1818255774201782,-0.2757736706292429,-0.00023659060820547197,0.07426890270751554,-0.27641279670001145,-0.0008764581225343196,-0.3346288840376209,-0.5139086041543571,-0.00045399369433827066,-0.49224711784737146,-0.503781755493566,-3.6472150350834314e-05,-0.024231766755127816,-0.270965932145772,-0.0006176575617551922,-0.06787005916639993,-0.267715373548212,-0.0005017338390410944,-0.5416807474009989,-0.497738294222824,0.00010198056822103869,-12.0,0.0,0.0549798887600273,0.20437702951577263,0.019055117675238886
0.62,3.0,0.020182622636635776,-0.18891700901922343,-0.5359249334320122,-0.000869260592423084,0.0862759754479425,-0.20839006210876534,-0.0007352025952849472,-0.11403513483903059,-0.20428362255058585,-0.00022623840469087917,-0.1272666591894027,-0.5253642410237948,-0.0009963051119796142,0.13949945355173138,-0.20183299755738443,-0.0008514181557818792,-0.19340568116579157,-0.2847328883080721,-0.00023018096717387438,-0.12394957781726818,-0.5190618721725261,-0.0009885547521431184,0.029286825381036993,-0.27912207182176224,-0.0007703649347237546,-0.18251325902675036,-0.2757736706292429,-0.00023487023302266175,0.07435965224718592,-0.27641279670001145,-0.0008767042485188176,-0.3369484503900729,-0.5139086041543571,-0.00044819930029184053,-0.4952974019068122,-0.503781755493566,-2.8836594115486252e-05,-0.024564129165565104,-0.270965932145772,-0.0006168354134766105,-0.06872535092676697,-0.267715373548212,-0.0004996132859545302,-0.5448230385196208,-0.497738294222824,0.00010985613294543728,-12.0,0.0,0.05497984524741013,0.20436799178729032,0.019042144975300657
0.622,3.0,0.018242769940732307,-0.1896172741654737,-0.5359249334320122,-0.0008675198110319719,0.08685302045662535,-0.20839006210876534,-0.0007366650938917696,-0.11428170373720084,-0.20428362255058585,-0.00022562121927888817,-0.12768743015313738,-0.5253642410237948,-0.0009952439545859802,0.14025966961548295,-0.20183299755738443,-0.0008533311277727896,-0.19414356099574445,-0.2847328883080721,-0.0002283180178557013,-0.12426444153819488,-0.5190618721725261,-0.0009877807358881449,0.02954225911304918,-0.27912207182176224,-0.0007710222430069981,-0.18320041749898663,-0.2757736706292429,-0.00023315102900623135,0.07444261856689055,-0.27641279670001145,-0.0008769311223679935,-0.33926972873180705,-0.5139086041543571,-0.00044240038441071064,-0.498343563955105,-0.503781755493566,-2.1210883966884393e-05,-0.02490001950833294,-0.270965932145772,-0.0006160045074505173,-0.0695877259572865,-0.267715373548212,-0.0004974750565536126,-0.54795717943708,-0.497738294222824,0.00011771186074199192,-12.0,0.0,0.05497980173469889,0.20435892223610483,0.019029147343750514
0.624,3.0,0.016628295266295622,-0.1903214523729416,-0.5359249334320122,-0.0008657691481663462,0.08742204960582732,-0.20839006210876534,-0.0007381077064134767,-0.11452794100022574,-0.20428362255058585,-0.00022500479703346253,-0.12810526189979446,-0.5253642410237948,-0.0009941920271766434,0.14101439483165396,-0.20183299755738443,-0.0008552316679321684,-0.19487464757845108,-0.2847328883080721,-0.00022647331828081908,-0.12458454719569236,-0.5190618721725261,-0.000986993576585828,0.029790164972094087,-0.27912207182176224,-0.0007716608273370286,-0.18388699836847677,-0.2757736706292429,-0.0002314331328256407,0.0745177195182941,-0.27641279670001145,-0.0008771385381672551,-0.34159262233391086,-0.5139086041543571,-0.0004365971885563752,-0.5013854207685976,-0.503781755493566,-1.3595478846152448e-05,-0.025239462659942716,-0.270965932145772,-0.0006151647815935978,-0.07045719648032331,-0.267715373548212,-0.0004953191189773137,-0.5510829554654374,-0.497738294222824,0.00012554721303564,-12.0,0.0,0.0549797581761655,0.20434982394658696,0.019016127169135245
0.626,3.0,0.01531193172704106,-0.19102950418622347,-0.5359249334320122,-0.0008640087026476765,0.08798300188557917,-0.20839006210876534,-0.0007395302792864816,-0.11477382045062998,-0.20428362255058585,-0.0002243892038759003,-0.12852073917664567,-0.5253642410237948,-0.0009931474478100009,0.1417632089383442,-0.20183299755738443,-0.000857118480972596,-0.195599341328287,-0.2847328883080721,-0.00022464560182405252,-0.12490987952192091,-0.5190618721725261,-0.0009861933124420844,0.030030505020385796,-0.27912207182176224,-0.0007722805919846409,-0.18457294737089325,-0.2757736706292429,-0.00022971668065191534,0.07458487317705136,-0.27641279670001145,-0.000877326290545764,-0.3439170344881507,-0.5139086041543571,-0.00043078995455111567,-0.5044227894886447,-0.503781755493566,-5.990836812420908e-06,-0.025582483538818146,-0.270965932145772,-0.0006143161737145733,-0.07133377419188079,-0.267715373548212,-0.0004931454426697218,-0.5542001526750748,-0.497738294222824,0.00013336165310653348,-12.0,0.0,0.0549797142942304,0.20434069956920708,0.0190030863093484
0.628,3.0,0.03981763453440465,-0.19174139022597117,-0.5359249334320122,-0.0008622385731144719,0.08853581670688737,-0.20839006210876534,-0.0007409326599858612,-0.11501931610494352,-0.20428362255058585,-0.00022377450524988969,-0.12893431418620135,-0.5253642410237948,-0.0009921087546178728,0.14250576799184608,-0.20183299755738443,-0.0008589905162393216,-0.19631795385876882,-0.2847328883080721,-0.00022283386744946274,-0.12524042326488566,-0.5190618721725261,-0.000985379981626513,0.03026324167793175,-0.27912207182176224,-0.0007728814421053701,-0.18525821045067872,-0.2757736706292429,-0.00022800180814587414,0.07464399784929328,-0.27641279670001145,-0.0008774941746926571,-0.3462428685119611,-0.5139086041543571,-0.0004249789241655161,-0.5074554876337968,-0.503781755493566,1.6025849876968868e-06,-0.025929107104010772,-0.270965932145772,-0.0006134586215173848,-0.07221747025733412,-0.267715373548212,-0.000490953998390828,-0.5573085579108653,-0.497738294222824,0.00014115464613062705,-12.0,0.0,0.05497966971703573,0.20433155133289604,0.018990026213894586
0.63,0.0,0.0,-0.19245707119175168,-0.5359249334320122,-0.0008604588580151027,0.08908043390721211,-0.20839006210876534,-0.0007423146970391317,-0.115264402176641,-0.20428362255058585,-0.00022316076611410583,-0.12934822934821366,-0.5253642410237948,-0.0009910748170939834,0.1432405889689503,-0.20183299755738443,-0.0008608469138730762,-0.1970313248910607,-0.2847328883080721,-0.00022103733612325815,-0.1255761631897467,-0.5190618721725261,-0.000984553622269101,0.030488337726403938,-0.27912207182176224,-0.000773463283749235,-0.18594273376571158,-0.2757736706292429,-0.00022628865044641046,0.07469501207811038,-0.27641279670001145,-0.0008776419863732618,-0.3485700277534285,-0.5139086041543571,-0.00041916433910599,-0.5104833331119661,-0.503781755493566,9.18433035057703e-06,-0.026279358353904058,-0.270965932145772,-0.0006125920626044031,-0.07310829530721205,-0.267715373548212,-0.0004887447582271947,-0.5604079588082763,-0.497738294222824,0.00014892565922010326,-12.0,0.0,0.054979621347356275,0.2043223880626163,0.01897695907472446
0.632,0.0,0.0,-0.19317650786489457,-0.5359249334320122,-0.0008586696556006513,0.08961679375591276,-0.20839006210876534,-0.0007436762400399437,-0.11550905307905834,-0.20428362255058585,-0.00022254805093486216,-0.12976541948938622,-0.5253642410237948,-0.0009900400291889527,0.14396607461869915,-0.20183299755738443,-0.0008626839663158369,-0.19774230106367865,-0.2847328883080721,-0.00021925390854252847,-0.1259170840801214,-0.5190618721725261,-0.0009837142724569484,0.03070575631298369,-0.27912207182176224,-0.0007740260238704154,-0.18662646369194896,-0.2757736706292429,-0.00022457734215882832,0.07473783465003297,-0.27641279670001145,-0.0008777695219453047,-0.3508984155962693,-0.5139086041543571,-0.0004133464410023216,-0.5135061442325717,-0.503781755493566,1.6753944046000448e-05,-0.02663326232490604,-0.270965932145772,-0.00061171643447967,-0.07400625943302808,-0.267715373548212,-0.0004865176956024999,-0.5634981438094053,-0.497738294222824,0.00015667416146363078,-12.0,0.0,0.05497956543835753,0.20431319893139732,0.01896388064597874
0.634,0.0,0.0,-0.19389966111132748,-0.5359249334320122,-0.0008568710639177941,0.09014483695966036,-0.20839006210876534,-0.0007450171396616953,-0.11575324342828681,-0.20428362255058585,-0.00022193642367881878,-0.1301869144705821,-0.5253642410237948,-0.0009889970538360213,0.14468155817871986,-0.20183299755738443,-0.0008644976804402089,-0.19845158290112905,-0.2847328883080721,-0.00021747646811098357,-0.12626317073937846,-0.5190618721725261,-0.0009828619702310119,0.030915460954179703,-0.27912207182176224,-0.0007745695703368648,-0.18730934682804706,-0.2757736706292429,-0.00022286801734323488,0.0747723846015078,-0.27641279670001145,-0.0008778765783751111,-0.3532279354648022,-0.5139086041543571,-0.0004075254713952196,-0.5165237397186585,-0.503781755493566,2.4310971847514295e-05,-0.026990844090130483,-0.270965932145772,-0.0006108316745521649,-0.07491137218316134,-0.267715373548212,-0.0004842727852879598,-0.5665789021789466,-0.497738294222824,0.00016439962396645332,-12.0,0.0,0.05497951316479046,0.20430402086559055,0.018950806294555096
0.636,0.0,0.0,-0.19462649188439923,-0.5359249334320122,-0.0008550631808017118,0.0906645046678165,-0.20839006210876534,-0.0007463372476710642,-0.11599694804604371,-0.20428362255058585,-0.0002213259478057476,-0.13061268304415802,-0.5253642410237948,-0.0009879433163830318,0.14538696822538633,-0.20183299755738443,-0.0008662863893402607,-0.19915910593235764,-0.2847328883080721,-0.0002157032635173576,-0.1266144079919241,-0.5190618721725261,-0.0009819967535828692,0.031117415539619008,-0.27912207182176224,-0.0007750938319398548,-0.18799132999995807,-0.2757736706292429,-0.0002211608095029896,0.07479858122537085,-0.27641279670001145,-0.0008779629532537982,-0.3555584908289144,-0.5139086041543571,-0.00040170167172388736,-0.5195359387189947,-0.503781755493566,3.185496056273135e-05,-0.027352128758066505,-0.270965932145772,-0.0006099377201391039,-0.07582364255878801,-0.267715373548212,-0.0004820100034126267,-0.5696500240200871,-0.497738294222824,0.00017210151989030642,-12.0,0.0,0.05497946089122339,0.20429484279978377,0.01893773194313145
0.638,0.0,0.0,-0.19535696122769033,-0.5359249334320122,-0.0008532461038690324,0.09117573847777846,-0.20839006210876534,-0.0007476364169414545,-0.11624014196251967,-0.20428362255058585,-0.00022071668626135537,-0.1310426940709477,-0.5253642410237948,-0.0009868788949490919,0.1460822338989915,-0.20183299755738443,-0.0008680499144569269,-0.19986480602194193,-0.2847328883080721,-0.00021393445593928612,-0.12697078068447987,-0.5190618721725261,-0.000981118660451505,0.03131158433581048,-0.27912207182176224,-0.0007755987184034531,-0.18867236026550357,-0.2757736706292429,-0.00021945585157321208,0.07481634407731586,-0.27641279670001145,-0.0008780284448134558,-0.357889985209021,-0.5139086041543571,-0.00039587528331360686,-0.5225425608201418,-0.503781755493566,3.938545806357191e-05,-0.02771714147123663,-0.270965932145772,-0.0006090345084692638,-0.07674307900986367,-0.267715373548212,-0.00047972932747356,-0.5727113002903313,-0.497738294222824,0.00017977932449315782,-12.0,0.0,0.054979408617656315,0.204285664733977,0.018924657591707805
0.64,1.0,0.08113700387205838,-0.19609103027781094,-0.5359249334320122,-0.0008514199305108048,0.09167848044028977,-0.20839006210876534,-0.0007489145014663596,-0.1164828004192022,-0.20428362255058585,-0.00022010870147016548,-0.1314769165228111,-0.5253642410237948,-0.0009858038673821177,0.1467672849102739,-0.20183299755738443,-0.0008697880786409398,-0.20056861937609866,-0.2847328883080721,-0.0002121702057153254,-0.12733227368735203,-0.5190618721725261,-0.0009802277287201155,0.03149793198988057,-0.27912207182176224,-0.0007760841403939319,-0.1893523849189237,-0.2757736706292429,-0.00021775327590934832,0.07482559298235807,-0.27641279670001145,-0.0008780728519433183,-0.360222322181018,-0.5139086041543571,-0.0003900465473633404,-0.5255434260585001,-0.503781755493566,4.690201331643967e-05,-0.028085907404843232,-0.270965932145772,-0.0006081219766863385,-0.07766968943115707,-0.267715373548212,-0.0004774307363458709,-0.5757625228172527,-0.497738294222824,0.00018743251516876837,-12.0,0.0,0.05497935634408924,0.20427648666817022,0.01891158324028416
0.642,1.0,0.06910067644590569,-0.19680278145859564,-0.5359249334320122,-0.0008495847578855032,0.09218819818624684,-0.20839006210876534,-0.0007501713563726379,-0.11671014645583423,-0.20428362255058585,-0.00021950205532845915,-0.1319153194851673,-0.5253642410237948,-0.000984718311252459,0.14744205154689893,-0.20183299755738443,-0.0008715007061691458,-0.20127048254865584,-0.2847328883080721,-0.00021041067232993357,-0.12769887189569276,-0.5190618721725261,-0.0009793239962129353,0.031676423533280956,-0.27912207182176224,-0.000776550009529107,-0.190031351495402,-0.2757736706292429,-0.00021605321427579802,0.07482624804129295,-0.27641279670001145,-0.0008780959742059239,-0.3625554053812281,-0.5139086041543571,-0.0003842157049333478,-0.5285383549323266,-0.503781755493566,5.440417641233541e-05,-0.028458451765403306,-0.270965932145772,-0.000607200061852322,-0.0786034811583361,-0.267715373548212,-0.00047511421029263737,-0.5788034843141714,-0.497738294222824,0.00019506057148607176,-12.0,0.0,0.05497933600318131,0.20426725652524477,0.018898429082326505
0.644,1.0,0.060955784311577256,-0.19748332344952174,-0.5359249334320122,-0.0008478053799335414,0.09271013691449351,-0.20839006210876534,-0.0007514456507375305,-0.11691708628401877,-0.20428362255058585,-0.00021893369023687906,-0.13235787215951128,-0.5253642410237948,-0.0009836223038465685,0.14810646467989425,-0.20183299755738443,-0.0008731876227607084,-0.2019703324469884,-0.2847328883080721,-0.00020865601439854062,-0.1280705602307526,-0.5190618721725261,-0.0009784075006920834,0.031847024385467666,-0.27912207182176224,-0.0007769962383876081,-0.19070920777556533,-0.2757736706292429,-0.00021435579783460223,0.0748182296371494,-0.27641279670001145,-0.0008780976118532611,-0.36488913851133886,-0.5139086041543571,-0.00037838299693282256,-0.5315271684137259,-0.503781755493566,6.189149859690158e-05,-0.028834799789371555,-0.270965932145772,-0.0006062687009509218,-0.07954446096410625,-0.267715373548212,-0.0004727797309746898,-0.5818339783957565,-0.497738294222824,0.00020266297522836846,-12.0,0.0,0.0549793617001867,0.2042579536271069,0.018885164040228823
0.646,1.0,0.053847075749984756,-0.1981370403028323,-0.5359249334320122,-0.0008461040249562262,0.09324157814350428,-0.20839006210876534,-0.0007527504975581472,-0.11710609439016582,-0.20428362255058585,-0.00021841634066641771,-0.132804543865914,-0.5253642410237948,-0.0009825159221607087,0.14876045577003894,-0.20183299755738443,-0.0008748486555931967,-0.2026681063379169,-0.2847328883080721,-0.00020690638965270924,-0.12844732364112452,-0.5190618721725261,-0.0009774782798544338,0.03200970035755148,-0.27912207182176224,-0.0007774227405180748,-0.19138590178995826,-0.2757736706292429,-0.00021266115713419395,0.07480145844163709,-0.27641279670001145,-0.0008780775658429022,-0.3672234253433339,-0.5139086041543571,-0.0003725486641075457,-0.5345096879606125,-0.503781755493566,6.936353230039993e-05,-0.029214976741751726,-0.270965932145772,-0.0006053278308910012,-0.08049263505440234,-0.267715373548212,-0.0004704272814602644,-0.5848537995935518,-0.497738294222824,0.00021023921043233112,-12.0,0.0,0.05497943076610272,0.20424858756757264,0.018871803969816685
0.648,1.0,0.04764068236846683,-0.19876769887489776,-0.5359249334320122,-0.0008444697328229497,0.09378017683655017,-0.20839006210876534,-0.0007540791006306741,-0.11727929935143959,-0.20428362255058585,-0.00021794382040105008,-0.13325530404550598,-0.5253642410237948,-0.000981399242894702,0.1494039568742058,-0.20183299755738443,-0.0008764836333185585,-0.2033637418535691,-0.2847328883080721,-0.00020516195492538796,-0.12882914710397905,-0.5190618721725261,-0.0009765363713285038,0.032164417655919146,-0.27912207182176224,-0.0007778294304482843,-0.19206138182349222,-0.2757736706292429,-0.0002109694220982116,0.07477585542158745,-0.27641279670001145,-0.0008780356378541214,-0.3695581697244157,-0.5139086041543571,-0.00036671294702755804,-0.5374857355286436,-0.503781755493566,7.681983116761631e-05,-0.02959900791469617,-0.270965932145772,-0.0006043773885100508,-0.08144800906463377,-0.267715373548212,-0.00046805684623452414,-0.5878627433714241,-0.497738294222824,0.0002177887634268194,-12.0,0.0,0.05497954022486486,0.204239165732543,0.01885836092283563
0.65,1.0,0.04222341297599762,-0.19937853379667977,-0.5359249334320122,-0.0008428930863927861,0.0943239099161861,-0.20839006210876534,-0.0007554255973632888,-0.1174385313437624,-0.20428362255058585,-0.00021751080799786566,-0.13371012226294418,-0.5253642410237948,-0.0009802723424457219,0.15003690065165634,-0.20183299755738443,-0.0008780923860789756,-0.2040571769972033,-0.2847328883080721,-0.0002034228661362575,-0.12921601562629093,-0.5190618721725261,-0.0009755818126713675,0.032311142885825206,-0.27912207182176224,-0.0007782162236942035,-0.19273559641986812,-0.2757736706292429,-0.00020928072201437673,0.07474134184538808,-0.27641279670001145,-0.0008779716303039972,-0.3718932755819202,-0.5139086041543571,-0.0003608760860748536,-0.5404551335831229,-0.503781755493566,8.425995008769421e-05,-0.029986918626093567,-0.270965932145772,-0.0006034173105776896,-0.08241058805598418,-0.267715373548212,-0.00046566841120894556,-0.5908606061409317,-0.497738294222824,0.00022531112287150018,-12.0,0.0,0.054979686959604014,0.204229694525613,0.018844845250473082
0.652,1.0,0.0374985134754224,-0.19997232046918634,-0.5359249334320122,-0.000841365999088331,0.09487103205226197,-0.20839006210876534,-0.0007567849300623786,-0.11758536292593667,-0.20428362255058585,-0.00021711272801705863,-0.13416896820886204,-0.5253642410237948,-0.0009791352969021265,0.15065922037028806,-0.20183299755738443,-0.000879674745522602,-0.20474835014899342,-0.2847328883080721,-0.00020168927827717196,-0.12960791424605653,-0.5190618721725261,-0.0009746146413655879,0.03244984305495395,-0.27912207182176224,-0.0007785830367689686,-0.1934084943859727,-0.2757736706292429,-0.00020759518552343698,0.07469783928941,-0.27641279670001145,-0.0008778853463634989,-0.3742286469282234,-0.5139086041543571,-0.0003550383214310923,-0.5434177051108721,-0.503781755493566,9.168344522389238e-05,-0.030378734218144805,-0.270965932145772,-0.0006024475337991961,-0.0833803765117657,-0.267715373548212,-0.0004632619637305696,-0.5938471852766135,-0.497738294222824,0.00023280577979526928,-12.0,0.0,0.05497986783987973,0.2042201794946399,0.018831265838561973
0.654,4.0,0.0712432467698356,-0.20055146014751132,-0.5359249334320122,-0.0008398815324070646,0.0954200554600434,-0.20839006210876534,-0.0007581527354025683,-0.11772140774771987,-0.20428362255058585,-0.00021674564906162296,-0.13462844416483669,-0.5253642410237948,-0.0009779881820373318,0.15127270841419474,-0.20183299755738443,-0.0008812305448191813,-0.20543471067648653,-0.2847328883080721,-0.00019996134539769666,-0.13000482803350266,-0.5190618721725261,-0.0009736348948161739,0.03258048557695131,-0.27912207182176224,-0.0007789297871917905,-0.194080024796248,-0.2757736706292429,-0.00020591294060817548,0.07464526964442741,-0.27641279670001145,-0.0008777765899735537,-0.3765641878656387,-0.5139086041543571,-0.0003491998930653344,-0.5463732736320721,-0.503781755493566,9.908987404326525e-05,-0.030774480055926912,-0.270965932145772,-0.0006014679948190681,-0.08435737833382857,-0.267715373548212,-0.00046083749259111576,-0.5968222791311963,-0.497738294222824,0.00024027222763447375,-12.0,0.0,0.05498007981259602,0.20421062544175025,0.01881763030966857
0.656,4.0,0.24764186469039018,-0.2011180888394461,-0.5359249334320122,-0.0008384336832112521,0.09596973516167207,-0.20839006210876534,-0.0007595252939220217,-0.11784877453570147,-0.20428362255058585,-0.00021640553700716494,-0.13507664431226354,-0.5253642410237948,-0.0009768394921473953,0.15188384928578627,-0.20183299755738443,-0.000882764264928948,-0.20610741658275444,-0.2847328883080721,-0.0001982454440789639,-0.13040674209228603,-0.5190618721725261,-0.0009726426103475585,0.0327030382749263,-0.27912207182176224,-0.0007792563934967839,-0.19475013699703336,-0.2757736706292429,-0.00020423411458248727,0.0745835551220296,-0.27641279670001145,-0.0008776451658610972,-0.37889980259130596,-0.5139086041543571,-0.00034336104072179603,-0.5493216632120712,-0.503781755493566,0.00010647879534626536,-0.03117418152594507,-0.270965932145772,-0.0006004786302246127,-0.0853415968390265,-0.267715373548212,-0.00045839498803595865,-0.5997856870507198,-0.497738294222824,0.00024770996227093083,-12.0,0.0,0.05498031410849387,0.2042009831199462,0.018803873791435975
0.658,4.0,0.05980062105511615,-0.20167343313629998,-0.5359249334320122,-0.0008370171114814153,0.09651937825681843,-0.20839006210876534,-0.0007608994931760935,-0.11796906472902048,-0.20428362255058585,-0.00021608712003721094,-0.13551289852571835,-0.5253642410237948,-0.0009757189917788281,0.15249263566196683,-0.20183299755738443,-0.0008842921171079268,-0.20676448958266247,-0.2847328883080721,-0.00019656367931329411,-0.13081364156068367,-0.5190618721725261,-0.0009716378252006001,0.03281746938492168,-0.27912207182176224,-0.0007795627752417214,-0.19541878061088006,-0.2757736706292429,-0.00020255883408052387,0.07451261826102447,-0.27641279670001145,-0.0008774908795551026,-0.38123539540207046,-0.5139086041543571,-0.00033752200390762795,-0.55226269847316,-0.503781755493566,0.00011384976929626311,-0.03157786403467262,-0.270965932145772,-0.0005994793765495674,-0.08633303475573836,-0.267715373548212,-0.00045593444177296377,-0.6027372093895773,-0.497738294222824,0.0002551184820697394,-12.0,0.0,0.05498056880435146,0.20419127311854632,0.01879002901708494
0.66,4.0,0.05326428279592803,-0.20221961082211767,-0.5359249334320122,-0.0008356287507392806,0.09706752802719623,-0.20839006210876534,-0.0007622736009139594,-0.11808257962768191,-0.20428362255058585,-0.00021578639455391342,-0.13593830060929682,-0.5253642410237948,-0.0009746283562451911,0.15309866698484148,-0.20183299755738443,-0.0008858140830483782,-0.20740813822539117,-0.2847328883080721,-0.00019492099681352404,-0.13122551161277426,-0.5190618721725261,-0.0009706205765296061,0.03292374755935354,-0.27912207182176224,-0.0007798488530167099,-0.1960859055408376,-0.2757736706292429,-0.00020088722504590714,0.0744323819338334,-0.27641279670001145,-0.0008773135374025898,-0.38357087069935325,-0.5139086041543571,-0.0003316830218807167,-0.5551962046063124,-0.503781755493566,0.00012120235744898511,-0.03198555300707903,-0.270965932145772,-0.0005984701702777485,-0.08733169422044669,-0.267715373548212,-0.00045345584698118415,-0.6056766475254723,-0.497738294222824,0.00026249728791688325,-12.0,0.0,0.05498084227876315,0.20418149966163848,0.018776096880223265
0.662,4.0,0.047698971511509605,-0.2027578780752781,-0.5359249334320122,-0.0008342633065247363,0.09761334491567758,-0.20839006210876534,-0.0007636439753399039,-0.11818991746357987,-0.20428362255058585,-0.00021550260730725986,-0.13635448259834604,-0.5253642410237948,-0.000973564851036245,0.15370095933239514,-0.20183299755738443,-0.0008873291613555648,-0.2080395297406182,-0.2847328883080721,-0.0001933118752067023,-0.13164233745960988,-0.5190618721725261,-0.0009695909013993795,0.03302184187041949,-0.27912207182176224,-0.0007801145484527894,-0.19675146197471177,-0.2757736706292429,-0.00019921941272101325,0.07434276935287704,-0.27641279670001145,-0.0008771129465846121,-0.38590613299401105,-0.5139086041543571,-0.0003258443336375097,-0.5581220073828916,-0.503781755493566,0.000128536122781866,-0.032397273885145766,-0.270965932145772,-0.0005974509478467325,-0.08833757677437351,-0.267715373548212,-0.0004509591983194133,-0.6086038038742884,-0.497738294222824,0.00026984588325662084,-12.0,0.0,0.05498113257200869,0.20417166958097044,0.018762086906925966
0.664,4.0,0.042971597285106494,-0.203289299357825,-0.5359249334320122,-0.0008329176383918352,0.09815610688717674,-0.20839006210876534,-0.0007650085175611074,-0.118291585360928,-0.20428362255058585,-0.00021523426271751494,-0.13676282228437422,-0.5253642410237948,-0.0009725243960636218,0.15429867108267792,-0.20183299755738443,-0.000888834892224449,-0.20865964462154876,-0.2847328883080721,-0.0001917333964186347,-0.13206410435037846,-0.5190618721725261,-0.0009685488367822907,0.03311172181347511,-0.27912207182176224,-0.0007803597842304544,-0.19741540038929375,-0.2757736706292429,-0.00019755552163632783,0.07424370407695136,-0.27641279670001145,-0.0008768889151322212,-0.38824108691118675,-0.5139086041543571,-0.0003200061779008652,-0.5610399331663211,-0.503781755493566,0.00013585062972331418,-0.032813052126370076,-0.270965932145772,-0.0005964216456515657,-0.089350683360174,-0.267715373548212,-0.00044844449193459624,-0.6115184819048713,-0.497738294222824,0.0002771637741286609,-12.0,0.0,0.05498143791114046,0.20416178867060855,0.018748007185980072
0.666,4.0,0.038966864834257466,-0.20381477424883904,-0.5359249334320122,-0.0008315890851854679,0.09869519309281943,-0.20839006210876534,-0.0007663654224898554,-0.1183880122148688,-0.20428362255058585,-0.00021498009297414464,-0.13716447974979487,-0.5253642410237948,-0.0009715035468485514,0.15489108246305153,-0.20183299755738443,-0.0008903291716001559,-0.2092693035006011,-0.2847328883080721,-0.00019018310921630832,-0.13249079757355686,-0.5190618721725261,-0.000967494419555369,0.03319335731037839,-0.27912207182176224,-0.0007805844840880934,-0.19807767155456013,-0.2757736706292429,-0.0001958956755998729,0.07413511001759403,-0.27641279670001145,-0.0008766412519424071,-0.3905756371951492,-0.5139086041543571,-0.00031416879310792594,-0.5639498089237174,-0.503781755493566,0.00014314544418188774,-0.033232913202256596,-0.270965932145772,-0.0005953822000485049,-0.09037101431868849,-0.267715373548212,-0.0004459117254700951,-0.6144204861537246,-0.497738294222824,0.00028445046920511834,-12.0,0.0,0.05498175670512292,0.20415186182873127,0.018733864568639833
0.668,1.0,0.01607879889038565,-0.2043350370975879,-0.5359249334320122,-0.0008302753979579329,0.09923005127360009,-0.20839006210876534,-0.000767713138003962,-0.11847932205402381,-0.20428362255058585,-0.00021473902583929262,-0.13756344599807233,-0.5253642410237948,-0.0009704994031849998,0.1554759222684197,-0.20183299755738443,-0.00089181020005109,-0.20987142736804337,-0.2847328883080721,-0.00018865896201867744,-0.13292240245805412,-0.5190618721725261,-0.0009664276864974231,0.033266718712801784,-0.27912207182176224,-0.0007807885728303515,-0.1987382265378432,-0.2757736706292429,-0.00019423999768670695,0.0740169114454402,-0.27641279670001145,-0.0008763697667940138,-0.3929096887141229,-0.5139086041543571,-0.0003083324173980198,-0.566851462237488,-0.503781755493566,0.00015042013357537853,-0.03365688259679671,-0.270965932145772,-0.0005943325473587885,-0.09139856938575323,-0.267715373548212,-0.0004433608980738088,-0.6173096222396129,-0.497738294222824,0.0002917054798272514,-12.0,0.0,0.05498208872349913,0.20414190432982326,0.018719679647701264
0.67,1.0,0.01488947143335398,-0.20485067094836157,-0.5359249334320122,-0.0008289747408360607,0.09976019189864045,-0.20839006210876534,-0.0007690502834559137,-0.11856536503952278,-0.20428362255058585,-0.0002145107512414051,-0.13796617908424924,-0.5253642410237948,-0.000969501987564306,0.1560495690289931,-0.20183299755738443,-0.0008932722995645104,-0.21047076895181815,-0.2847328883080721,-0.0001871536523500718,-0.13335890437434522,-0.5190618721725261,-0.00096534867428618,0.03333177680551166,-0.27912207182176224,-0.0007809719763364101,-0.19939701670797152,-0.2757736706292429,-0.00019258861022849926,0.07388903299656767,-0.27641279670001145,-0.0008760742703636292,-0.3952431464651067,-0.5139086041543571,-0.0003024972886005856,-0.5697447213168886,-0.503781755493566,0.00015767426685980496,-0.034084985804935714,-0.270965932145772,-0.0005932726238724382,-0.09243334768907058,-0.267715373548212,-0.00044079201040614694,-0.6201856968780772,-0.497738294222824,0.00029892832004197237,-12.0,0.0,0.05498243308931197,0.20413192211437836,0.018705460813233297
0.672,1.0,0.013887470609743482,-0.20536219936486758,-0.5359249334320122,-0.0008276856562091266,0.10028523051036325,-0.20839006210876534,-0.0007703756350185146,-0.11864643857083679,-0.20428362255058585,-0.00021429564377765768,-0.13837265175219937,-0.5253642410237948,-0.0009684951548488638,0.1566119630359604,-0.20183299755738443,-0.0008947064164659438,-0.21106727447978751,-0.2847328883080721,-0.00018565529839063483,-0.13380028873559502,-0.5190618721725261,-0.0009642574194954522,0.03338850280961473,-0.27912207182176224,-0.0007811346215681847,-0.20005399373938,-0.2757736706292429,-0.00019094163480317845,0.07375139967883067,-0.27641279670001145,-0.0008757545742414479,-0.3975759155786817,-0.5139086041543571,-0.00029666364422312603,-0.5726294150095437,-0.503781755493566,0.00016490741455830655,-0.03451724833102767,-0.270965932145772,-0.0005922023658520908,-0.09347534774513881,-0.267715373548212,-0.0004382050646478536,-0.6230485178958561,-0.497738294222824,0.00030611850663813306,-12.0,0.0,0.05498278977197713,0.20412192778183122,0.0186912250681755
0.674,1.0,0.013042406774871883,-0.2058700586185698,-0.5359249334320122,-0.0008264068351678616,0.10080483592471128,-0.20839006210876534,-0.0007716882315478216,-0.11872279264807634,-0.20428362255058585,-0.00021409295994937266,-0.13878283689793183,-0.5253642410237948,-0.0009674789731789885,0.1571630452540267,-0.20183299755738443,-0.0008961124014833622,-0.2116608906160772,-0.2847328883080721,-0.00018416403457071143,-0.13424654099877228,-0.5190618721725261,-0.0009631539585923277,0.033436868385771285,-0.27912207182176224,-0.0007812764365784425,-0.20070910961618932,-0.2757736706292429,-0.0001892991922246573,0.0736039368781822,-0.27641279670001145,-0.0008754104909471053,-0.399907901323808,-0.5139086041543571,-0.0002908317214391885,-0.5755053728129256,-0.503781755493566,0.00017211914878994427,-0.0349536956872779,-0.270965932145772,-0.0005911217095368609,-0.09452456745624238,-0.267715373548212,-0.00043560006450768296,-0.6258978942452155,-0.497738294222824,0.00031327555918258035,-12.0,0.0,0.05498315732105884,0.2041119182950394,0.01867696870892349
0.676,1.0,0.012333852619929217,-0.206374609928941,-0.5359249334320122,-0.000825137187033606,0.10131872270881417,-0.20839006210876534,-0.0007729872450836916,-0.1187946356279523,-0.20428362255058585,-0.0002139020747562738,-0.1391967075719257,-0.5253642410237948,-0.0009664535103146574,0.15770275732707467,-0.20183299755738443,-0.0008974901070285278,-0.21225156446608706,-0.2847328883080721,-0.0001826799942299872,-0.1346976466657539,-0.5190618721725261,-0.0009620383279343844,0.03347684563737478,-0.27912207182176224,-0.0007813973505188338,-0.20136231663625442,-0.2757736706292429,-0.00018766140253263398,0.07344657036498427,-0.27641279670001145,-0.0008750418339454841,-0.40223900911260985,-0.5139086041543571,-0.00028500175707637284,-0.5783724248857939,-0.503781755493566,0.00017930904329839902,-0.035394353392173124,-0.270965932145772,-0.0005900305911462353,-0.0955810041075028,-0.267715373548212,-0.00043297701522992406,-0.6287336360181834,-0.497738294222824,0.0003203990000559787,-12.0,0.0,0.05498353483115552,0.2041018944260282,0.018662692977938145
0.678,1.0,0.011743631320300301,-0.2068761500205246,-0.5359249334320122,-0.0008238758087576781,0.10182664481540855,-0.20839006210876534,-0.0007742719620439488,-0.11886214001425674,-0.20428362255058585,-0.0002137224673065839,-0.1396142369812672,-0.5253642410237948,-0.0009654188336296727,0.15823104158356951,-0.20183299755738443,-0.0008988393872111478,-0.21283924358144446,-0.2847328883080721,-0.00018120330960496255,-0.13515359128441892,-0.5190618721725261,-0.0009609105637669305,0.03350840711369762,-0.27912207182176224,-0.0007814972936478426,-0.20201356741518142,-0.2757736706292429,-0.00018602838498247122,0.07327922630030557,-0.27641279670001145,-0.0008746484176624892,-0.40456914450514947,-0.5139086041543571,-0.0002791739876043682,-0.5812304020595932,-0.503781755493566,0.0001864766734805698,-0.03583924696889919,-0.270965932145772,-0.0005889289468839973,-0.09664465436399079,-0.267715373548212,-0.00043033592360177303,-0.6315555544606903,-0.497738294222824,0.00032748835448839856,-12.0,0.0,0.054983921528918636,0.2040918568211051,0.01864839891313111
0.68,4.0,0.04600726033573106,-0.20737496436600195,-0.5359249334320122,-0.000822621958528719,0.10232842663498153,-0.20839006210876534,-0.0007755417673104348,-0.11892586053351739,-0.20428362255058585,-0.00021355370634082278,-0.14003013649872278,-0.5253642410237948,-0.000964375010106319,0.1587507157544063,-0.20183299755738443,-0.0009001600978523849,-0.21341996534768845,-0.2847328883080721,-0.00017973411181656908,-0.1356143604497326,-0.5190618721725261,-0.0009597707022202678,0.0335315258130027,-0.27912207182176224,-0.0007815761973386497,-0.20266281489031293,-0.2757736706292429,-0.00018440025803515372,0.07310183124220646,-0.27641279670001145,-0.0008742300575007926,-0.40689821321418873,-0.5139086041543571,-0.00027334864912301914,-0.5840791358498088,-0.503781755493566,0.0001936216164150681,-0.0362884019437463,-0.270965932145772,-0.0005878167129421822,-0.09771551426790014,-0.267715373548212,-0.0004276767979605531,-0.6343634619866125,-0.497738294222824,0.00033454315059466583,-12.0,0.0,0.05498431458617805,0.2040817854577399,0.01863406018956534
0.682,4.0,0.04252375067211887,-0.20787134083981718,-0.5359249334320122,-0.0008213749226650257,0.10282394399930055,-0.20839006210876534,-0.0007767962218593672,-0.11898666607283774,-0.20428362255058585,-0.00021339440504267117,-0.1404349748891119,-0.5253642410237948,-0.00096333526131268,0.1592668589232699,-0.20183299755738443,-0.0009014592832794769,-0.21398668717751998,-0.2847328883080721,-0.00017828230740095908,-0.13607993980482028,-0.5190618721725261,-0.0009586187793069837,0.033546175185620586,-0.27912207182176224,-0.0007816339940869124,-0.20331001232468113,-0.2757736706292429,-0.00018277713934732495,0.0729143121520104,-0.27641279670001145,-0.0008737865698555447,-0.40922612110993895,-0.5139086041543571,-0.000267525977350421,-0.5869184584672791,-0.503781755493566,0.00020074345089060697,-0.03674184384450179,-0.270965932145772,-0.0005866938255050644,-0.0987935792357836,-0.267715373548212,-0.00042499964820077963,-0.6371571721917184,-0.497738294222824,0.0003415629194094713,-12.0,0.0,0.05498471327902688,0.20407168087256514,0.01861967722614707
0.684,4.0,0.038580248888630445,-0.2083654415330163,-0.5359249334320122,-0.0008201339814804876,0.10331301854692668,-0.20839006210876534,-0.0007780350152701647,-0.11904454520853615,-0.20428362255058585,-0.0002132423911943703,-0.14083033951711912,-0.5253642410237948,-0.0009623231653367071,0.15977852950812596,-0.20183299755738443,-0.0009027496412016358,-0.21454055459052015,-0.2847328883080721,-0.00017686550282638026,-0.13655031504203077,-0.5190618721725261,-0.0009574548309192647,0.033552329136991854,-0.27912207182176224,-0.0007816706175184571,-0.20395511331092847,-0.2757736706292429,-0.00018115914576140446,0.07271659640056187,-0.27641279670001145,-0.0008733177721300546,-0.4115527742247983,-0.5139086041543571,-0.0002617062076110455,-0.5897482028294645,-0.503781755493566,0.0002078417574342828,-0.03719959819883031,-0.270965932145772,-0.0005855602207531756,-0.09987884405585146,-0.267715373548212,-0.0004223044857810711,-0.6399364998675164,-0.497738294222824,0.000348547194922236,-12.0,0.0,0.05498511506239458,0.20406152404619973,0.01860522488019527
0.686,4.0,0.035286690245962295,-0.20885738937207282,-0.5359249334320122,-0.0008188987297474898,0.10379549806912504,-0.20839006210876534,-0.0007792577016392301,-0.11909948047035045,-0.20428362255058585,-0.00021309769335512427,-0.14121756262494062,-0.5253642410237948,-0.0009613347537666891,0.1602849273939539,-0.20183299755738443,-0.000904028817663776,-0.21508252474062606,-0.2847328883080721,-0.00017548083429387982,-0.1370254719039897,-0.5190618721725261,-0.0009562788928262384,0.03354996203067443,-0.27912207182176224,-0.0007816860023968853,-0.20459807177519546,-0.2757736706292429,-0.0001795463932957861,0.07250861177446995,-0.27641279670001145,-0.0008728234827514333,-0.4138780787580768,-0.5139086041543571,-0.00025588957482389706,-0.5925682025716714,-0.503781755493566,0.00021491611833974634,-0.03766169053264143,-0.270965932145772,-0.0005844158348673543,-0.10097130288533317,-0.267715373548212,-0.0004195913237309014,-0.6427012610150032,-0.497738294222824,0.0003554955141117311,-12.0,0.0,0.05498552067118232,0.20405132686732677,0.018590718672856124
0.6880000000000001,4.0,0.03254630968325428,-0.2093472746784038,-0.5359249334320122,-0.0008176688601498485,0.10427125229627214,-0.20839006210876534,-0.0007804639004447261,-0.11915144951790838,-0.20428362255058585,-0.00021296035520058853,-0.14159776641242805,-0.5253642410237948,-0.0009603666959971354,0.16078536902283888,-0.20183299755738443,-0.0009052948123783459,-0.21561339979712513,-0.2847328883080721,-0.00017412590891861506,-0.13750539618464205,-0.5190618721725261,-0.000955091000671341,0.033539048691315576,-0.27912207182176224,-0.0007816800846310917,-0.2052388419809754,-0.2757736706292429,-0.00017793899713511863,0.07229028648233739,-0.27641279670001145,-0.0008723035211862035,-0.4162019410807087,-0.5139086041543571,-0.0002500763134907008,-0.5953782920582309,-0.503781755493566,0.00022196611769526365,-0.03812814636844466,-0.270965932145772,-0.0005832606040328265,-0.10207094924790239,-0.267715373548212,-0.0004168601766571971,-0.6454512728583116,-0.497738294222824,0.0003624074169804481,-12.0,0.0,0.05498593006694469,0.20404109252837901,0.018576162751418802
0.6900000000000001,1.0,0.009634328070825985,-0.20983513380819913,-0.5359249334320122,-0.0008164441468840209,0.10474014614896597,-0.20839006210876534,-0.0007816532860125937,-0.11920018750488588,-0.20428362255058585,-0.0002128304325816937,-0.14197494161201776,-0.5253642410237948,-0.0009594161865284168,0.16127761097332896,-0.20183299755738443,-0.0009065459164505583,-0.21613611893593054,-0.2847328883080721,-0.0001727987212773674,-0.1379900737302845,-0.5190618721725261,-0.00095389118996971,0.03351956440758826,-0.27912207182176224,-0.0007816528012826946,-0.2058773785329355,-0.2757736706292429,-0.0001763370716206688,0.07206154916097463,-0.27641279670001145,-0.0008717577079558721,-0.41852426773995155,-0.5139086041543571,-0.0002442666576841211,-0.598178306393631,-0.503781755493566,0.00022899134141166235,-0.03859899122369173,-0.270965932145772,-0.0005820944644433185,-0.10317777603116603,-0.267715373548212,-0.0004141110607507741,-0.6481863538582563,-0.497738294222824,0.000369282446588719,-12.0,0.0,0.05498634443649844,0.2040308349819182,0.018561575494765926
0.6920000000000001,2.0,0.17260518808612954,-0.21032105018382005,-0.5359249334320122,-0.0008152244990595327,0.10520206877612293,-0.20839006210876534,-0.0007828255206443282,-0.11924574953090741,-0.20428362255058585,-0.00021270858761424994,-0.14235559555188879,-0.5253642410237948,-0.0009584732485294425,0.1617580428145152,-0.20183299755738443,-0.0009077765213267836,-0.21665549728300224,-0.2847328883080721,-0.00017149192343035385,-0.1384591449881891,-0.5190618721725261,-0.000952679496105604,0.03350483173421814,-0.27912207182176224,-0.0007816040905733763,-0.20649937215490669,-0.2757736706292429,-0.0001747407302407685,0.07182232888159833,-0.27641279670001145,-0.0008711858646524652,-0.4208449654640728,-0.5139086041543571,-0.00023846084103601396,-0.6009680814336018,-0.503781755493566,0.00023599137725016262,-0.03907425060910621,-0.270965932145772,-0.0005809173523052008,-0.10429177548421756,-0.267715373548212,-0.000411343993792615,-0.6509063237257773,-0.497738294222824,0.0003761201490885807,-12.0,0.0,0.05498669658280174,0.20402047140545665,0.018546863650156672
0.6940000000000001,2.0,0.17659277966691822,-0.21080487607116283,-0.5359249334320122,-0.0008140097081204803,0.10565719850042582,-0.20839006210876534,-0.0007839803272122206,-0.11928891120672241,-0.20428362255058585,-0.0002125946825491961,-0.14273970390451415,-0.5253642410237948,-0.0009575216136797649,0.16222661294470767,-0.20183299755738443,-0.000908977600929749,-0.21717148863571228,-0.2847328883080721,-0.00017019347756267462,-0.1388770675902085,-0.5190618721725261,-0.0009515068179608425,0.033518144780387754,-0.27912207182176224,-0.000781567258889951,-0.20707982351017862,-0.2757736706292429,-0.00017318574618584056,0.07157255515601407,-0.27641279670001145,-0.0008705878139540245,-0.42316394116702266,-0.5139086041543571,-0.00023265909672571085,-0.6037474537961531,-0.503781755493566,0.00024296581485008963,-0.039553950027000344,-0.270965932145772,-0.0005797292038416645,-0.10541293921525523,-0.267715373548212,-0.00040855899515998616,-0.6536110034352799,-0.497738294222824,0.0003829200737573832,-12.0,0.0,0.05498698647158624,0.20401001345951747,0.018532043442680186
0.6960000000000001,2.0,0.17603967354847413,-0.21128597340551125,-0.5359249334320122,-0.0008128001434021234,0.10610582036507477,-0.20839006210876534,-0.000785118151522978,-0.11932912244189686,-0.20428362255058585,-0.0002124867783596586,-0.1431272425174771,-0.5253642410237948,-0.0009565613427982015,0.16268327049254663,-0.20183299755738443,-0.0009101490262552304,-0.21768404727928609,-0.2847328883080721,-0.0001689034991808995,-0.13925159602710874,-0.5190618721725261,-0.0009504620114557941,0.03355438866222567,-0.27912207182176224,-0.0007816005415053751,-0.2076241173051809,-0.2757736706292429,-0.00017173461779766073,0.07131215794278266,-0.27641279670001145,-0.0008699633796400638,-0.4254811019530935,-0.5139086041543571,-0.00022686165746833617,-0.6065162608725628,-0.503781755493566,0.0002499142457564679,-0.04003811496957914,-0.270965932145772,-0.0005785299552969292,-0.10654125818926538,-0.267715373548212,-0.00040575608583239193,-0.6563002152378691,-0.497738294222824,0.0003896817730311397,-12.0,0.0,0.0549871518225209,0.20399937663166856,0.018517017724038746
0.6980000000000001,5.0,0.19413331556756408,-0.21176369727609334,-0.5359249334320122,-0.0008115974000662524,0.10654824733264483,-0.20839006210876534,-0.0007862397061846003,-0.1193659609832597,-0.20428362255058585,-0.0002123862502717225,-0.14351482467906168,-0.5253642410237948,-0.0009555924962657941,0.1631297915965264,-0.20183299755738443,-0.0009112906701248277,-0.21819062105556525,-0.2847328883080721,-0.000167622102571965,-0.1395892971697688,-0.5190618721725261,-0.0009495256903635434,0.033609151820569935,-0.27912207182176224,-0.0007816911512099697,-0.20813713057108926,-0.2757736706292429,-0.000170373883310155,0.07104106765336964,-0.27641279670001145,-0.0008693123866069854,-0.4277963551215659,-0.5139086041543571,-0.00022106875550315902,-0.6092743408383159,-0.503781755493566,0.00025683626344749215,-0.04052677091723156,-0.270965932145772,-0.0005773195429404821,-0.10767672272577145,-0.267715373548212,-0.0004029352883973666,-0.6589737826744788,-0.497738294222824,0.0003964048025376127,-12.0,0.0,0.05498723288189422,0.20398859943215328,0.018501826333650554
0.7000000000000001,5.0,0.1911495507185386,-0.2122376825493863,-0.5359249334320122,-0.0008104030903897971,0.10698462588826053,-0.20839006210876534,-0.0007873457736035254,-0.11939916300874956,-0.20428362255058585,-0.00021229415391831537,-0.14389610464506045,-0.5253642410237948,-0.0009546235408618327,0.16356964908072785,-0.20183299755738443,-0.0009124069728847771,-0.21868685377721508,-0.2847328883080721,-0.00016635566813126708,-0.13989586133267917,-0.5190618721725261,-0.0009486814375068932,0.03367859073855968,-0.27912207182176224,-0.0007818280591058305,-0.20862315999757405,-0.2757736706292429,-0.0001690913501453841,0.0707592151582777,-0.27641279670001145,-0.0008686346608834527,-0.43010960817134025,-0.5139086041543571,-0.00021528062258197812,-0.6120215326639934,-0.503781755493566,0.0002637314633618748,-0.04101994333680889,-0.270965932145772,-0.0005760979030713512,-0.10881932249664898,-0.267715373548212,-0.00040009662705610145,-0.6616315305888946,-0.497738294222824,0.00040308872112913705,-12.0,0.0,0.05498724019001003,0.2039776971285806,0.018486486326349326
0.7020000000000001,5.0,0.18469965616152,-0.21270835638433197,-0.5359249334320122,-0.0008092181272065647,0.10741458103927166,-0.20839006210876534,-0.0007884367199925647,-0.11942864271622917,-0.20428362255058585,-0.00021221114885459073,-0.14427156164399396,-0.5253642410237948,-0.0009536703409468359,0.16400265756480362,-0.20183299755738443,-0.0009135066165952807,-0.2191736914108476,-0.2847328883080721,-0.0001651150863271425,-0.14017612594686824,-0.5190618721725261,-0.0009479150270996173,0.03375958904186917,-0.27912207182176224,-0.0007820016564008047,-0.20908519789106542,-0.2757736706292429,-0.00016787627657917213,0.07046653179316137,-0.27641279670001145,-0.0008679300296457229,-0.43242076880555524,-0.5139086041543571,-0.0002094974899575422,-0.6147576761261098,-0.503781755493566,0.0002705994429260686,-0.04151765767989018,-0.270965932145772,-0.0005748649720224079,-0.10996904652400713,-0.267715373548212,-0.00039724012762890754,-0.6642732851406674,-0.497738294222824,0.0004097330909151764,-12.0,0.0,0.05498718389761877,0.20396667114387537,0.01847099471094509
0.704,5.0,0.1752504901587576,-0.21317588708940186,-0.5359249334320122,-0.0008080414426192006,0.10783793160547071,-0.20839006210876534,-0.0007895116078700926,-0.11945438061086543,-0.20428362255058585,-0.0002121374495858917,-0.14464164887690253,-0.5253642410237948,-0.000952731698449502,0.16442855242003107,-0.20183299755738443,-0.0009145891378054702,-0.21965163706633822,-0.2847328883080721,-0.00016389799224306119,-0.14043407191848786,-0.5190618721725261,-0.0009472143655641446,0.033849535561831796,-0.27912207182176224,-0.0007822041521590785,-0.209525881220631,-0.2757736706292429,-0.00016672118184544372,0.07016294936492364,-0.27641279670001145,-0.0008671983212329321,-0.4347297449361911,-0.5139086041543571,-0.00020371958837200473,-0.6174826118178987,-0.503781755493566,0.0002774398015813595,-0.042019939381034724,-0.270965932145772,-0.0005736206861647046,-0.11112588317813693,-0.267715373548212,-0.0003943658175605122,-0.6668988738179202,-0.497738294222824,0.00041633747729460854,-12.0,0.0,0.05498707136319726,0.20395554045228015,0.018455373345701076
0.706,5.0,0.1690550731789281,-0.2136402414284044,-0.5359249334320122,-0.000806872615856526,0.10825463996397978,-0.20839006210876534,-0.0007905699842855902,-0.11947636560760923,-0.20428362255058585,-0.00021207310484930108,-0.14500678403606526,-0.5253642410237948,-0.0009518064803672305,0.16484701584954448,-0.20183299755738443,-0.0009156538749435387,-0.22012084112811042,-0.2847328883080721,-0.00016270312810433467,-0.14067299603867148,-0.5190618721725261,-0.0009465695006350955,0.033946205826873486,-0.27912207182176224,-0.0007824290184589851,-0.20994763575269407,-0.2757736706292429,-0.00016561947352152975,0.06984840015779402,-0.27641279670001145,-0.0008664393651623377,-0.4370364446886592,-0.5139086041543571,-0.0001979471480454151,-0.6201961811600456,-0.503781755493566,0.0002842521408108317,-0.042526813856021584,-0.270965932145772,-0.0005723649819118433,-0.11228982017552684,-0.267715373548212,-0.00039147372592518773,-0.6695081254500433,-0.497738294222824,0.0004229014489877406,-12.0,0.0,0.05498691002250195,0.20394431698769275,0.01843963389636064
0.708,5.0,0.15938637842025793,-0.21410139292689406,-0.5359249334320122,-0.0008057117300090195,0.10866466511503377,-0.20839006210876534,-0.0007916117551818629,-0.11949459011486886,-0.20428362255058585,-0.00021201814235744158,-0.14536731198536346,-0.5253642410237948,-0.0009508936424693238,0.1652577833589369,-0.20183299755738443,-0.0009167000335173223,-0.22058145648338764,-0.2847328883080721,-0.00016153011794990416,-0.14089577462273054,-0.5190618721725261,-0.0009459721903346366,0.03404767282023669,-0.27912207182176224,-0.0007826706941215893,-0.21035250539150382,-0.2757736706292429,-0.0001645650871913721,0.06952281693938772,-0.27641279670001145,-0.0008656529921445137,-0.4393407764063768,-0.5139086041543571,-0.0001921803986642448,-0.6228982264113673,-0.503781755493566,0.0002910360641661991,-0.04303830650007603,-0.270965932145772,-0.0005710977957243762,-0.11346084457694597,-0.267715373548212,-0.0003885638834317129,-0.6721008702202799,-0.497738294222824,0.00042942457806804837,-12.0,0.0,0.05498670626585856,0.20393301102209746,0.018423785921614002
0.71,5.0,0.14974440861880453,-0.2145594174036584,-0.5359249334320122,-0.0008045588512627953,0.10906790434163163,-0.20839006210876534,-0.0007926368180594978,-0.11950909584944892,-0.20428362255058585,-0.00021197258108929248,-0.14572355829151967,-0.5253642410237948,-0.0009499923225960783,0.16566059580359607,-0.20183299755738443,-0.0009177269522908033,-0.2210335952612919,-0.2847328883080721,-0.0001603785795617111,-0.14110488812450028,-0.5190618721725261,-0.000945415243874489,0.03415226664062919,-0.27912207182176224,-0.0007829243616049973,-0.21074227198776782,-0.2757736706292429,-0.0001635529130943477,0.0691861329667453,-0.27641279670001145,-0.000864839034098498,-0.4416426486553271,-0.5139086041543571,-0.0001864195693699508,-0.6255885906794363,-0.503781755493566,0.0002977911772945033,-0.04355444268608298,-0.270965932145772,-0.00056981906411424,-0.11463894278559521,-0.267715373548212,-0.00038563632242816513,-0.6746769396781993,-0.497738294222824,0.0004359064399936397,-12.0,0.0,0.05498646577550991,0.2039216312468491,0.018407838420283384
0.712,5.0,0.14018948669123543,-0.2150144807597063,-0.5359249334320122,-0.0008034137900708846,0.10946420066340265,-0.20839006210876534,-0.0007936449161259925,-0.1195199680007201,-0.20428362255058585,-0.00021193631675284232,-0.14607582969131347,-0.5253642410237948,-0.0009491017068306878,0.16605520014853054,-0.20183299755738443,-0.0009187339834024513,-0.22147733372993314,-0.2847328883080721,-0.00015924823261695046,-0.141302472354997,-0.5190618721725261,-0.0009448924601200646,0.03425854031244442,-0.27912207182176224,-0.0007831858461559787,-0.21111849353793774,-0.2757736706292429,-0.00016257849660368772,0.06883828199235259,-0.27641279670001145,-0.0008639973241668919,-0.44394197022860443,-0.5139086041543571,-0.00018066488874757508,-0.6282671179311509,-0.503781755493566,0.0003045170879646758,-0.0440752477627873,-0.270965932145772,-0.0005685287236492226,-0.1158241005453268,-0.267715373548212,-0.000382691076906542,-0.6772361667520584,-0.497738294222824,0.0004423466136384383,-12.0,0.0,0.05498619370017283,0.20391018509806133,0.018391799598832418
0.714,5.0,0.13080589674618937,-0.2154667949391884,-0.5359249334320122,-0.0008022761316807647,0.109853369729958,-0.20839006210876534,-0.00079463565693042,-0.11952731412829604,-0.20428362255058585,-0.0002119091363746644,-0.1464243987552717,-0.5253642410237948,-0.0009482210283312031,0.16644136773787221,-0.20183299755738443,-0.0009197204942647875,-0.2219127446017233,-0.2847328883080721,-0.00015813888644534738,-0.14149038264203548,-0.5190618721725261,-0.0009443984995438228,0.034365239140295815,-0.27912207182176224,-0.0007834515303355166,-0.2114825002883316,-0.2757736706292429,-0.00016163794272826292,0.06847919827014017,-0.27641279670001145,-0.0008631276967309102,-0.44623865015094455,-0.5139086041543571,-0.00017491658481438174,-0.6309336530032484,-0.503781755493566,0.00031121340609396224,-0.04460074705298097,-0.270965932145772,-0.0005672267109574618,-0.1170163029389327,-0.267715373548212,-0.00037972818250721303,-0.6797783857610488,-0.497738294222824,0.0004487446813230861,-12.0,0.0,0.054985894479588765,0.20389867892202784,0.01837567689500099
0.716,2.0,0.10573942895067134,-0.21591660571700527,-0.5359249334320122,-0.0008011453462320595,0.11023520727954432,-0.20839006210876534,-0.0007956085795968083,-0.1195312583138541,-0.20428362255058585,-0.00021189077105572454,-0.14676950632801847,-0.5253642410237948,-0.0009473496056713077,0.16681889266487868,-0.20183299755738443,-0.0009206859132381417,-0.22233989739744653,-0.2847328883080721,-0.00015705035926587196,-0.14167022799897774,-0.5190618721725261,-0.0009439287238262265,0.03447127674904492,-0.27912207182176224,-0.0007837182774051452,-0.2118354250073309,-0.2757736706292429,-0.00016072792585227827,0.0681088165614622,-0.27641279670001145,-0.000862229987425379,-0.44853259768323933,-0.5139086041543571,-0.00016917488500853146,-0.6335880416127625,-0.503781755493566,0.0003178797437742062,-0.04513096585167709,-0.270965932145772,-0.0005659129627319776,-0.118215534386502,-0.267715373548212,-0.0003767476765231983,-0.682303432427429,-0.497738294222824,0.0004551002288455619,-12.0,0.0,0.05498557192840669,0.20388711814258173,0.018359477032712648
0.718,2.0,0.09660246401935083,-0.2163641522988429,-0.5359249334320122,-0.0008000208192875173,0.11060951381637825,-0.20839006210876534,-0.0007965631734707741,-0.11953192178020679,-0.20428362255058585,-0.00021188091059182938,-0.1471156159947039,-0.5253642410237948,-0.0009464868367394408,0.1671852172409345,-0.20183299755738443,-0.0009216297255556577,-0.2227617099222362,-0.2847328883080721,-0.0001559824772765639,-0.14184323111973104,-0.5190618721725261,-0.0009434791104338708,0.034575846366638255,-0.27912207182176224,-0.000783983371427018,-0.21217802111287676,-0.2757736706292429,-0.00015984561405478,0.06772707214105401,-0.27641279670001145,-0.0008613040331536842,-0.45082372232703666,-0.5139086041543571,-0.0001634400161777945,-0.6362301303674218,-0.503781755493566,0.00032451571529799135,-0.04566592942427069,-0.270965932145772,-0.0005645874157352373,-0.11942177864384781,-0.267715373548212,-0.000373749597904275,-0.6848111438885428,-0.497738294222824,0.0004614128455115124,-12.0,0.0,0.054985229049527094,0.20387551796174241,0.018343218878022118
0.72,2.0,0.0879570524875003,-0.21680974348642296,-0.5359249334320122,-0.0007989019528329233,0.11097604808848689,-0.20839006210876534,-0.000797498939812859,-0.11952945944882001,-0.20428362255058585,-0.00021187925192594765,-0.14746488843374045,-0.5253642410237948,-0.0009456215625727271,0.16753907991604158,-0.20183299755738443,-0.0009225455369957973,-0.22317959649066646,-0.2847328883080721,-0.0001549279459645897,-0.1420104997164315,-0.5190618721725261,-0.0009430466026319875,0.034678211624520346,-0.27912207182176224,-0.0007842447954710013,-0.21251098647943797,-0.2757736706292429,-0.00015898912379091538,0.06733390080296807,-0.27641279670001145,-0.0008603496721026636,-0.45311193382902437,-0.5139086041543571,-0.0001577122045683012,-0.638859766775991,-0.503781755493566,0.00033112093718463964,-0.04620566300468624,-0.270965932145772,-0.0005632500068037534,-0.1206350188010041,-0.267715373548212,-0.0003707339872609105,-0.6873013587087194,-0.497738294222824,0.000467682124164297,-12.0,0.0,0.05498486846893248,0.2038638875005041,0.018326914034365226
0.722,1.0,0.020470136976973165,-0.21725496387789836,-0.5359249334320122,-0.0007977879748639731,0.11133379025444344,-0.20839006210876534,-0.0007984152754931306,-0.11952463912206181,-0.20428362255058585,-0.0002118854077544146,-0.14781730336367857,-0.5253642410237948,-0.0009447483814751358,0.16788043999602942,-0.20183299755738443,-0.0009234301936835651,-0.22359352065578017,-0.2847328883080721,-0.00015388322954351406,-0.14217343074628064,-0.5190618721725261,-0.0009426284311402364,0.03477748986119281,-0.27912207182176224,-0.0007845007086157065,-0.21283504038617285,-0.2757736706292429,-0.00015815671037451234,0.06692923886648776,-0.27641279670001145,-0.0008593667437574488,-0.45539714218549887,-0.5139086041543571,-0.0001519916758133319,-0.6414767992585523,-0.503781755493566,0.0003376950282060626,-0.04675019179351196,-0.270965932145772,-0.0005619006728527145,-0.12185523728079256,-0.267715373548212,-0.00036770088686801977,-0.6897739168910577,-0.497738294222824,0.0004739076612147386,-12.0,0.0,0.05498448719292056,0.20385222852213603,0.01831057579492435
0.724,4.0,0.05856702447435447,-0.2177024672236266,-0.5359249334320122,-0.0007966749238852847,0.11168106804943843,-0.20839006210876534,-0.0007993096309080219,-0.11951874241852548,-0.20428362255058585,-0.0002118974585713101,-0.14817284070305395,-0.5253642410237948,-0.0009438673441502904,0.16820925757734517,-0.20183299755738443,-0.0009242835938835346,-0.22400344651244763,-0.2847328883080721,-0.0001528484191307298,-0.14233352826342316,-0.5190618721725261,-0.0009422211035656137,0.034872762754502275,-0.27912207182176224,-0.0007847489042073877,-0.21315083305399976,-0.2757736706292429,-0.00015734657560767515,0.06651302318201872,-0.27641279670001145,-0.000858355088916248,-0.45767925764681766,-0.5139086041543571,-0.00014627865492214566,-0.6440810771567268,-0.503781755493566,0.0003442376094124658,-0.04729954095612081,-0.270965932145772,-0.0005605393508806501,-0.12308241583746005,-0.267715373548212,-0.00036465034066854866,-0.6922286598890913,-0.497738294222824,0.0004800890566705843,-12.0,0.0,0.05498408722412493,0.20384054432788243,0.01829420930512891
0.726,4.0,0.051796948702657636,-0.21815222808777243,-0.5359249334320122,-0.0007955561655209639,0.11201784653860591,-0.20839006210876534,-0.0008001778253955094,-0.11951176492360285,-0.20428362255058585,-0.00021191220033015096,-0.14852383409675973,-0.5253642410237948,-0.000942978500801852,0.16852995052523995,-0.20183299755738443,-0.000925105637836824,-0.22440504435591696,-0.2847328883080721,-0.00015182360448906114,-0.14249102504334038,-0.5190618721725261,-0.0009418208597727573,0.03496382355690086,-0.27912207182176224,-0.0007849870864406614,-0.2134586469166317,-0.2757736706292429,-0.00015655709393810787,0.06608519113695716,-0.27641279670001145,-0.0008573145497050755,-0.45995819072183636,-0.5139086041543571,-0.00014057336626884868,-0.6466724507438355,-0.503781755493566,0.0003507483041579021,-0.04785373562077806,-0.270965932145772,-0.000559165977974128,-0.12431653555538692,-0.267715373548212,-0.0003615823942768799,-0.6946654306183355,-0.497738294222824,0.0004862259141656683,-12.0,0.0,0.05498366567084912,0.20382882481723882,0.018277799621581627
0.728,4.0,0.047022714577447146,-0.218604221229405,-0.5359249334320122,-0.0007944317633605994,0.11234409142260202,-0.20839006210876534,-0.000801019771618428,-0.11950370251040614,-0.20428362255058585,-0.0002119296440674575,-0.14886728807976735,-0.5253642410237948,-0.0009421010173175876,0.16884421000175365,-0.20183299755738443,-0.000925907370206561,-0.22479658873036573,-0.2847328883080721,-0.00015081960988038782,-0.14264635756421523,-0.5190618721725261,-0.0009414271178229643,0.03505035680527226,-0.27912207182176224,-0.0007852147384466578,-0.21375880465774555,-0.2757736706292429,-0.00015578755928152805,0.06564568066153459,-0.27641279670001145,-0.0008562449695924216,-0.4622338521823292,-0.5139086041543571,-0.00013487603358130194,-0.6492507712349981,-0.503781755493566,0.00035722673812567385,-0.048412800876735634,-0.270965932145772,-0.000557780491312485,-0.1255575768478665,-0.267715373548212,-0.00035849709498206274,-0.6970840734677138,-0.497738294222824,0.0004923178409887788,-12.0,0.0,0.054983227080098084,0.20381706795543755,0.018261334072411074
0.73,4.0,0.042924916415652305,-0.21905842160430553,-0.5359249334320122,-0.0007933017805065179,0.1126597690406212,-0.20839006210876534,-0.0008018353838284185,-0.11949455134063909,-0.20428362255058585,-0.00021194980010044929,-0.14920406425734165,-0.5253642410237948,-0.0009412423823600685,0.16915147765942365,-0.20183299755738443,-0.0009266930188978452,-0.22517851129823727,-0.2847328883080721,-0.0001498407489442659,-0.14280007846814002,-0.5190618721725261,-0.0009410387865207772,0.03513198265253128,-0.27912207182176224,-0.0007854310715675862,-0.2140516635529085,-0.2757736706292429,-0.0001550371649287434,0.06519443023463886,-0.27641279670001145,-0.0008551461934038652,-0.46450615306739373,-0.5139086041543571,-0.0001291868799300698,-0.6518158907971697,-0.503781755493566,0.0003636725393535803,-0.04897676177231291,-0.270965932145772,-0.000556382828172591,-0.12680551945595603,-0.267715373548212,-0.00035539449175086375,-0.6994844343108635,-0.497738294222824,0.0004983644481122246,-12.0,0.0,0.05498277332261398,0.20380527630787,0.018244817791743542
0.732,4.0,0.03943545554555619,-0.21951480436671605,-0.5359249334320122,-0.0007921662795692666,0.1129648463733234,-0.20839006210876534,-0.0008026245778734665,-0.11948430786543511,-0.20428362255058585,-0.0002119726780248669,-0.14953489828699407,-0.5253642410237948,-0.0009404004419161327,0.16945127013613542,-0.20183299755738443,-0.0009274611880420203,-0.225551175403394,-0.2847328883080721,-0.00014888594252458705,-0.14295265616383138,-0.5190618721725261,-0.0009406544842609652,0.035208377016553535,-0.27912207182176224,-0.0007856351361857337,-0.2143375227094511,-0.2757736706292429,-0.00015430501769083603,0.0647313788896106,-0.27641279670001145,-0.0008540180673366258,-0.46677500468783895,-0.5139086041543571,-0.0001235061277174085,-0.6543676625591146,-0.503781755493566,0.00037008533825900943,-0.049545643312964203,-0.270965932145772,-0.0005549729259336478,-0.12806034244739944,-0.267715373548212,-0.00035227463523064,-0.7018663605173201,-0.497738294222824,0.0005043653502200987,-12.0,0.0,0.05498230608547175,0.2037934519507985,0.018228254791205274
0.734,4.0,0.036490325002990126,-0.21997334487106823,-0.5359249334320122,-0.0007910253226632404,0.11325929104571097,-0.20839006210876534,-0.0008033872712052219,-0.11947296882616223,-0.20428362255058585,-0.00021199828671287685,-0.14986041514769002,-0.5253642410237948,-0.0009395733568420018,0.16974317028802166,-0.20183299755738443,-0.0009282106692337996,-0.22591488533429804,-0.2847328883080721,-0.0001479542822616952,-0.14310448421307567,-0.5190618721725261,-0.0009402730400217368,0.03527926536466611,-0.27912207182176224,-0.0007858261220957895,-0.21461662985928173,-0.2757736706292429,-0.0001535903697994795,0.06425646622001502,-0.27641279670001145,-0.0008528604389740552,-0.4690403186305571,-0.5139086041543571,-0.00011783399866629546,-0.6569059406213154,-0.503781755493566,0.0003764647676638716,-0.05011947045933274,-0.270965932145772,-0.0005535507220820196,-0.1293220242156223,-0.267715373548212,-0.0003491375777520314,-0.7042297009635788,-0.497738294222824,0.0005103201657362402,-12.0,0.0,0.05498182680705542,0.20378159660822448,0.018211648481228106
0.736,4.0,0.0340295757932295,-0.2204340186736918,-0.5359249334320122,-0.00078987897140236,0.11354307132995521,-0.20839006210876534,-0.0008041233828861908,-0.11946053125519478,-0.20428362255058585,-0.00021202663431105906,-0.15018114272111804,-0.5253642410237948,-0.000938759564690262,0.17002681935548491,-0.20183299755738443,-0.0009289404196135152,-0.2262698943895371,-0.2847328883080721,-0.00014704500743443512,-0.14325588984871002,-0.5190618721725261,-0.0009398934698986261,0.035344417088150136,-0.27912207182176224,-0.000786003342966071,-0.21488918746754904,-0.2757736706292429,-0.00015289260192490295,0.0637696323853883,-0.27641279670001145,-0.0008516731573000661,-0.471302006762879,-0.5139086041543571,-0.00011217071380950003,-0.6594305800658176,-0.503781755493566,0.00038281046281937346,-0.05069826812529116,-0.270965932145772,-0.0005521161542160982,-0.1305905424787991,-0.267715373548212,-0.00034598337333147425,-0.7065743060440334,-0.497738294222824,0.0005162285168518871,-12.0,0.0,0.05498133669965732,0.2037697117054089,0.01819500174097767
0.738,4.0,0.031997350482165225,-0.220896801534503,-0.5359249334320122,-0.0007887272868958009,0.11381615614817213,-0.20839006210876534,-0.0008048328335968014,-0.11944699247665172,-0.20428362255058585,-0.0002120577282384777,-0.15049752387671853,-0.5253642410237948,-0.0009379577457566918,0.17030190996149586,-0.20183299755738443,-0.0009296495422821734,-0.22661641190780416,-0.2847328883080721,-0.00014615748479633746,-0.1434071417020565,-0.5190618721725261,-0.0009395149558095401,0.035403640411154354,-0.27912207182176224,-0.0007861662222747809,-0.2151553582292794,-0.2757736706292429,-0.00015221120790423468,0.06327081811695832,-0.27641279670001145,-0.0008504560727134994,-0.47355998123691234,-0.5139086041543571,-0.00010651649347869537,-0.6619414369660093,-0.503781755493566,0.000389122061430629,-0.05128206117596853,-0.270965932145772,-0.0005506691600512022,-0.13186587427899316,-0.267715373548212,-0.00034281207767353233,-0.7089000276817897,-0.497738294222824,0.0005220900295530235,-12.0,0.0,0.05498083677120409,0.2037577984144865,0.018178316981349068
0.74,1.0,0.01083575998161828,-0.22136166941867239,-0.5359249334320122,-0.0007875703297437731,0.11407851507514746,-0.20839006210876534,-0.0008055155456423436,-0.11943235010710157,-0.20428362255058585,-0.00021209157518483533,-0.15081218657248116,-0.5253642410237948,-0.0009371667928676905,0.17056687699996506,-0.20183299755738443,-0.0009303372687972007,-0.22695593283322507,-0.2847328883080721,-0.00014529119100066982,-0.1435585842489768,-0.5190618721725261,-0.000939136826176174,0.03545671148281407,-0.27912207182176224,-0.0007863142805822915,-0.21541528554790298,-0.2757736706292429,-0.0001515457809999088,0.06275996472333922,-0.27641279670001145,-0.0008492090370424245,-0.47581415449386383,-0.5139086041543571,-0.00010087155729361196,-0.6644383683963335,-0.503781755493566,0.0003953992036811083,-0.05187087442576381,-0.270965932145772,-0.0005492096774245088,-0.1331479959813699,-0.267715373548212,-0.00033962374817304717,-0.7112067193393558,-0.497738294222824,0.0005279043336474143,-12.0,0.0,0.054980327634536856,0.20374586285226173,0.018161608070167333
0.742,1.0,0.010431030633328172,-0.2218285984982724,-0.5359249334320122,-0.0007864081600333495,0.11433011834101053,-0.20839006210876534,-0.0008061714429597821,-0.11941660205623364,-0.20428362255058585,-0.00021212818110871072,-0.1511298053346033,-0.5253642410237948,-0.0009363801361282839,0.17081897971669335,-0.20183299755738443,-0.0009309996863933736,-0.22729116523434187,-0.2847328883080721,-0.00014444238868711754,-0.14371062495664993,-0.5190618721725261,-0.0009387582198088732,0.03550338191113013,-0.27912207182176224,-0.0007864469582614409,-0.21566908829025466,-0.2757736706292429,-0.0001508959627033498,0.062237014096199146,-0.27641279670001145,-0.0008479319035583767,-0.4780644392683436,-0.5139086041543571,-9.523612415123326e-05,-0.6669212324419339,-0.503781755493566,0.00040164153225691893,-0.05246473263634579,-0.270965932145772,-0.0005477376443000205,-0.1344368832734829,-0.267715373548212,-0.0003364184439171053,-0.7134942360292048,-0.497738294222824,0.0005336710627913294,-12.0,0.0,0.054979810121999664,0.2037339073343584,0.018144879994912398
0.744,5.0,0.08835053773432874,-0.22229414098978786,-0.5359249334320122,-0.0007852408373343495,0.11457295514622974,-0.20839006210876534,-0.0008068004511244398,-0.11939778451349391,-0.20428362255058585,-0.00021216755123588054,-0.15144758675757233,-0.5253642410237948,-0.0009355860892229787,0.1710597224026958,-0.20183299755738443,-0.0009316299431851945,-0.2276201813621812,-0.2847328883080721,-0.00014360430768432556,-0.14386320885999834,-0.5190618721725261,-0.0009383781180396903,0.035543598286066826,-0.27912207182176224,-0.0007865636343322309,-0.21591702824206496,-0.2757736706292429,-0.00015026145584747061,0.061701908715901074,-0.27641279670001145,-0.0008466245269905266,-0.48031074859265327,-0.5139086041543571,-8.961041221503388e-05,-0.6693898882082324,-0.503781755493566,0.00040784869237091986,-0.053063660514639406,-0.270965932145772,-0.0005462529987735656,-0.1357325111646339,-0.267715373548212,-0.00033319622568682276,-0.7157624343242127,-0.497738294222824,0.0005393898545159521,-12.0,0.0,0.054979296643714134,0.20372191710025297,0.0181281133727066
0.746,5.0,0.08645696451082241,-0.22275193122956258,-0.5359249334320122,-0.0007840769811055609,0.11481074220493277,-0.20839006210876534,-0.0008074075431374878,-0.11937229303570981,-0.20428362255058585,-0.00021221459509272988,-0.1517603393716554,-0.5253642410237948,-0.0009347916356655561,0.1712919259453655,-0.20183299755738443,-0.0009322317999002006,-0.22793936868524522,-0.2847328883080721,-0.0001427817673647272,-0.14401617194276475,-0.5190618721725261,-0.0009379966582813193,0.0355773203573102,-0.27912207182176224,-0.0007866641752695727,-0.21615954445718166,-0.2757736706292429,-0.00014964160596794488,0.06115459165711595,-0.27641279670001145,-0.0008452867635397814,-0.4825529958010566,-0.5139086041543571,-8.399463890425965e-05,-0.6718441958304386,-0.503781755493566,0.00041402033178666614,-0.05366768271079853,-0.270965932145772,-0.0005447556790778316,-0.13703485398530632,-0.267715373548212,-0.00032995715595894533,-0.7180111723679675,-0.497738294222824,0.0005450603502534718,-12.0,0.0,0.0549787882299594,0.2037098897274944,0.018111301888485597
0.748,5.0,0.08335117701749262,-0.22320261456866874,-0.5359249334320122,-0.000782932505506124,0.11504306939633129,-0.20839006210876534,-0.0008080020107842454,-0.11934056259367953,-0.20428362255058585,-0.0002122783237871901,-0.15206850858850923,-0.5253642410237948,-0.0009340097541303484,0.17151528918272269,-0.20183299755738443,-0.0009328123087568749,-0.22824895208972132,-0.2847328883080721,-0.00014198379905706716,-0.14416956639520945,-0.5190618721725261,-0.0009376142505744034,0.035604503885859416,-0.27912207182176224,-0.0007867484804476811,-0.2163966388882534,-0.2757736706292429,-0.0001490353154301531,0.06059500659440782,-0.27641279670001145,-0.0008439184708928186,-0.48479109453403285,-0.5139086041543571,-7.838902088325134e-05,-0.6742840164829891,-0.503781755493566,0.0004201561008421817,-0.054276823816165116,-0.270965932145772,-0.0005432456235874338,-0.13834388538667317,-0.267715373548212,-0.0003267012989072642,-0.7202403098849512,-0.497738294222824,0.0005506821953628588,-12.0,0.0,0.05497829669335699,0.2036978050171643,0.01809441385345403
0.75,5.0,0.080357358249534,-0.223646747339643,-0.5359249334320122,-0.0007818057971583586,0.11526957649841843,-0.20839006210876534,-0.0008085828287627416,-0.11930296154733964,-0.20428362255058585,-0.0002123576498922658,-0.1523724564598495,-0.5253642410237948,-0.0009332393310882138,0.17172956453973853,-0.20183299755738443,-0.0009333707168502678,-0.22854912662977087,-0.2847328883080721,-0.00014120984054587693,-0.1443234234734321,-0.5190618721725261,-0.0009372307644432916,0.03562511965502401,-0.27912207182176224,-0.0007868164392690542,-0.21662829624201943,-0.2757736706292429,-0.0001484425793524738,0.06002309780779045,-0.27641279670001145,-0.0008425195082360482,-0.487024958742513,-0.5139086041543571,-7.279377405081069e-05,-0.6767092123889165,-0.503781755493566,0.00042625565247355777,-0.0548911083612147,-0.270965932145772,-0.0005417227708240173,-0.13965957834017892,-0.267715373548212,-0.0003234287204038471,-0.7224497081905925,-0.497738294222824,0.0005562550391553181,-12.0,0.0,0.054977815846770695,0.20368567329555542,0.01807746421615273
0.752,5.0,0.07747297811192519,-0.22408481209587647,-0.5359249334320122,-0.0007806954652309231,0.11548994480759618,-0.20839006210876534,-0.0008091490965179594,-0.11925980338861046,-0.20428362255058585,-0.00021245165250811552,-0.15267247876704176,-0.5253642410237948,-0.0009324794614098631,0.1719345473331726,-0.20183299755738443,-0.0009339064052428074,-0.22884006400925572,-0.2847328883080721,-0.00014045940419575304,-0.14447775656413564,-0.5190618721725261,-0.000936846121747735,0.03563915123548817,-0.27912207182176224,-0.0007868679786919657,-0.21685448711611524,-0.2757736706292429,-0.0001478634359680587,0.059438810188255,-0.27641279670001145,-0.0008410897362695048,-0.48925450269209836,-0.5139086041543571,-6.720911352961031e-05,-0.6791196468291483,-0.503781755493566,0.00043231864223837625,-0.055510560813488284,-0.270965932145772,-0.0005401870594613933,-0.14098190513719622,-0.267715373548212,-0.0003201394880200827,-0.72463923020119,-0.497738294222824,0.0005617785349194212,-12.0,0.0,0.05497734429943048,0.20367349663376186,0.018060455538026255
0.754,5.0,0.07470297232067676,-0.22451722669260166,-0.5359249334320122,-0.0007796003033403393,0.11570389224797396,-0.20839006210876534,-0.0008097000172909038,-0.11921135424234247,-0.20428362255058585,-0.00021255954790493848,-0.15296881539392812,-0.5253642410237948,-0.0009317294056418825,0.17213006913716922,-0.20183299755738443,-0.0009344188622263926,-0.2291219159195065,-0.2847328883080721,-0.0001397320607470409,-0.14463256407582886,-0.5190618721725261,-0.0009364602890209762,0.03564659294349414,-0.27912207182176224,-0.000786903057643126,-0.21707517067608803,-0.2757736706292429,-0.00014729795878281918,0.058842089243268274,-0.27641279670001145,-0.0008396290172206661,-0.4914796409672617,-0.5139086041543571,-6.163525365564693e-05,-0.6815151841517333,-0.503781755493566,0.0004383447283389558,-0.056135205575510584,-0.270965932145772,-0.0005386384283307094,-0.14231083738875733,-0.267715373548212,-0.0003168336710275395,-0.7268087404437055,-0.497738294222824,0.000567252339945915,-12.0,0.0,0.054976880810091756,0.20366127675768383,0.018043389973631956
0.756,5.0,0.0720561762482122,-0.22494435227100518,-0.5359249334320122,-0.0007785192668485263,0.11591116906648366,-0.20839006210876534,-0.0008102348858918483,-0.11915783939487071,-0.20428362255058585,-0.00021268067077060847,-0.1532616591887916,-0.5253642410237948,-0.0009309885640746665,0.17231599210289644,-0.20183299755738443,-0.0009349076667363841,-0.22939481684471225,-0.2847328883080721,-0.00013902743097141395,-0.14478783200177947,-0.5190618721725261,-0.0009360732702417431,0.035647448039722196,-0.27912207182176224,-0.0007869216619131409,-0.21729029699412347,-0.2757736706292429,-0.0001467462498828872,0.0582328811022411,-0.27641279670001145,-0.0008381372148581993,-0.4937002884755309,-0.5139086041543571,-5.6072407967738545e-05,-0.6838956897809954,-0.503781755493566,0.00044433357164541833,-0.05676506698269454,-0.270965932145772,-0.0005370768164256536,-0.14364634602536056,-0.267715373548212,-0.00031351134039863673,-0.7289581050654254,-0.497738294222824,0.0005726761155522037,-12.0,0.0,0.05497642426811197,0.20364901510025765,0.018026269327641658
0.758,5.0,0.06954273551350051,-0.22536650028010888,-0.5359249334320122,-0.0007774514529025175,0.11611155404206124,-0.20839006210876534,-0.0008107530779381225,-0.11909944897651478,-0.20428362255058585,-0.00021281445788928787,-0.15355116353097184,-0.5253642410237948,-0.0009302564545875079,0.17249220409946053,-0.20183299755738443,-0.0009353724741507022,-0.22965888642422394,-0.2847328883080721,-0.0001383451786583996,-0.1449435361854479,-0.5190618721725261,-0.0009356851004268666,0.035641727145205734,-0.27912207182176224,-0.0007869237996537111,-0.21749980908531688,-0.2757736706292429,-0.00014620843408779858,0.0576111325219663,-0.27641279670001145,-0.0008366141945056315,-0.4959163604516545,-0.5139086041543571,-5.0520789197065626e-05,-0.6862610302266143,-0.503781755493566,0.00045028483571857346,-0.057400169301232234,-0.270965932145772,-0.0005355021629076937,-0.14498840129685192,-0.267715373548212,-0.0003101725688071286,-0.731087191843491,-0.497738294222824,0.0005780495271065034,-12.0,0.0,0.054975973677425446,0.20363671284607557,0.018009095104458406
0.76,5.0,0.06717229902823586,-0.2257839386537146,-0.5359249334320122,-0.0007763960828797583,0.11630485114636054,-0.20839006210876534,-0.0008112540403770665,-0.11903634290716529,-0.20428362255058585,-0.0002129604339351777,-0.15383744878644173,-0.5253642410237948,-0.0009295326937320572,0.17265861456205853,-0.20183299755738443,-0.0009358130041421124,-0.2299142314460618,-0.2847328883080721,-0.00013768500470962036,-0.14509964431620623,-0.5190618721725261,-0.0009352958399676956,0.035629446852974554,-0.27912207182176224,-0.00078690949741742,-0.21770364467356756,-0.2757736706292429,-0.00014568465385981507,0.05697679089202595,-0.27641279670001145,-0.0008350598230549445,-0.49812777246175,-0.5139086041543571,-4.49806092567566e-05,-0.6886110730926327,-0.503781755493566,0.00045619818683262093,-0.05804053672597205,-0.270965932145772,-0.0005339144071113495,-0.1463369727723824,-0.267715373548212,-0.0003068174306284002,-0.7331958701942967,-0.497738294222824,0.0005833722440516675,-12.0,0.0,0.054975528142923585,0.20362437096951339,0.017991868551382455
0.762,2.0,0.05198840912666962,-0.22619689724478245,-0.5359249334320122,-0.000775352486945744,0.11649088660140704,-0.20839006210876534,-0.0008117372831378147,-0.11896865519944932,-0.20428362255058585,-0.0002131181991085514,-0.15412060781014372,-0.5253642410237948,-0.0009288169805933826,0.17281515094929084,-0.20183299755738443,-0.0009362290302986074,-0.23016094753338673,-0.2847328883080721,-0.00013704664215502573,-0.1452561176806412,-0.5190618721725261,-0.0009349055696407996,0.0356106285161416,-0.27912207182176224,-0.0007868787966868419,-0.21790173771593271,-0.2757736706292429,-0.00014517506488918836,0.05632980424016727,-0.27641279670001145,-0.0008334739689800936,-0.5003344404074337,-0.5139086041543571,-3.945207923151783e-05,-0.6909456870863874,-0.503781755493566,0.00046207329399766683,-0.058686193378282195,-0.270965932145772,-0.0005323134885495,-0.14769202934044076,-0.267715373548212,-0.00030344600193957407,-0.7352840111827534,-0.497738294222824,0.0005886439399286817,-12.0,0.0,0.05497508685883363,0.2036119902673121,0.01797459069613859
0.764,5.0,0.06300350470908148,-0.2266055071583286,-0.5359249334320122,-0.0007743200904680744,0.11666952631237532,-0.20839006210876534,-0.0008122023717754309,-0.11889638643642726,-0.20428362255058585,-0.00021328741837784132,-0.15440349086515504,-0.5253642410237948,-0.0009281090830341276,0.17296021748111684,-0.20183299755738443,-0.0009366203712666882,-0.23040101346017378,-0.2847328883080721,-0.0001364298519367134,-0.14541283528237234,-0.5190618721725261,-0.0009345143862297123,0.0355853576200068,-0.27912207182176224,-0.0007868317508447596,-0.21809392375975828,-0.2757736706292429,-0.0001446798322832755,0.05567012123764682,-0.27641279670001145,-0.0008318565023504468,-0.5025362805299329,-0.5139086041543571,-3.39354093673086e-05,-0.6932647420273662,-0.503781755493566,0.00046790982898205354,-0.059337163303900486,-0.270965932145772,-0.0005306993469187246,-0.1490535392089623,-0.267715373548212,-0.00030005836051942813,-0.7373514875314204,-0.497738294222824,0.0005938642923998236,-12.0,0.0,0.0549746494694833,0.2035995796622724,0.01795727434018108
0.766,5.0,0.06231656087549557,-0.22700999053613352,-0.5359249334320122,-0.000773298565684209,0.1168406159688847,-0.20839006210876534,-0.0008126489710528518,-0.11881971919841214,-0.20428362255058585,-0.00021346809028539648,-0.15468382798942365,-0.5253642410237948,-0.0009274018753965993,0.17309505425545224,-0.20183299755738443,-0.0009369830375962532,-0.23063293057107243,-0.2847328883080721,-0.00013582968711974578,-0.14556981332284918,-0.5190618721725261,-0.0009341225922253843,0.035553612646869064,-0.27912207182176224,-0.0007867685736044226,-0.21828021120888194,-0.2757736706292429,-0.00014419936717371157,0.0549976912045425,-0.27641279670001145,-0.0008302072948441456,-0.5047332094141802,-0.5139086041543571,-2.843080906106049e-05,-0.6955681088559876,-0.503781755493566,0.0004737074663345006,-0.059993470470770464,-0.270965932145772,-0.0005290719221046788,-0.15042146990551358,-0.267715373548212,-0.0002966545858481243,-0.7393981736295008,-0.497738294222824,0.0005990329832714911,-12.0,0.0,0.054974214822726256,0.20358712771982299,0.01793990288700428
0.768,5.0,0.06033933256894399,-0.22741051653705832,-0.5359249334320122,-0.0007722873572396967,0.11700402462960682,-0.20839006210876534,-0.0008130766951941252,-0.1187387712431188,-0.20428362255058585,-0.0002136597583804343,-0.15496054630543935,-0.5253642410237948,-0.0009267010325859278,0.17322024145065973,-0.20183299755738443,-0.0009373201295320917,-0.23085602123384127,-0.2847328883080721,-0.00013524989434249917,-0.14572703093172268,-0.5190618721725261,-0.0009337301471241923,0.0355154008879749,-0.27912207182176224,-0.0007866892111715783,-0.218460566261748,-0.2757736706292429,-0.0001437336485509024,0.05431246411503285,-0.27641279670001145,-0.0008285262197613849,-0.5069251439928889,-0.5139086041543571,-2.2938486850442308e-05,-0.6978556596423039,-0.503781755493566,0.0004794658834060542,-0.06065513876686379,-0.270965932145772,-0.0005274311541875039,-0.1517957882775535,-0.267715373548212,-0.00029323475910674607,-0.7414239455417028,-0.497738294222824,0.000604149698516692,-12.0,0.0,0.05497378252539918,0.2035746394367923,0.01792248355175848
0.77,5.0,0.058552606404096874,-0.22780720299967658,-0.5359249334320122,-0.0007712860422373846,0.11715964505244807,-0.20839006210876534,-0.0008134852168459304,-0.11865360193470062,-0.20428362255058585,-0.00021386212826866765,-0.15523376868062916,-0.5253642410237948,-0.0009260092367958887,0.17333569760814105,-0.20183299755738443,-0.0009376330975201104,-0.23107041739813103,-0.2847328883080721,-0.00013469216768557704,-0.1458844346752213,-0.5190618721725261,-0.0009333371031020085,0.035470755540770255,-0.27912207182176224,-0.0007865936817743429,-0.21863491588635625,-0.2757736706292429,-0.00014328276091873725,0.05361439060264324,-0.27641279670001145,-0.0008268131520376107,-0.5091120015506112,-0.5139086041543571,-1.7458650403670562e-05,-0.7001272675946262,-0.503781755493566,0.00048518476037184486,-0.06132219199798898,-0.270965932145772,-0.0005257769834472706,-0.15317646049277078,-0.267715373548212,-0.0002897989631766463,-0.743428681016965,-0.497738294222824,0.0006092141282971969,-12.0,0.0,0.0549733519400875,0.2035621130632944,0.0179050137312916
0.772,5.0,0.056946300499970764,-0.22820014866528726,-0.5359249334320122,-0.000770294326080839,0.11730738204547972,-0.20839006210876534,-0.0008138742679030335,-0.11856425981622805,-0.20428362255058585,-0.00021407505153971308,-0.15550359367352323,-0.5253642410237948,-0.000925326180857914,0.1734413558349368,-0.20183299755738443,-0.0009379217379138137,-0.23127623503585046,-0.2847328883080721,-0.00013415617727485264,-0.14604197103749902,-0.5190618721725261,-0.000932943593743262,0.035419710233960455,-0.27912207182176224,-0.0007864820684063312,-0.2188031886062401,-0.2757736706292429,-0.00014284688685721665,0.05290342196545847,-0.27641279670001145,-0.0008250679682566367,-0.5112936997277773,-0.5139086041543571,-1.1991506509364813e-05,-0.7023828070680712,-0.503781755493566,0.0004908637802526506,-0.061994653885586386,-0.270965932145772,-0.0005241093503694575,-0.154563452039498,-0.267715373548212,-0.00028634728263860306,-0.7454122594970451,-0.497738294222824,0.0006142259669853525,-12.0,0.0,0.054972922582806234,0.2035495490435421,0.01788749403018299
0.774,5.0,0.05503244325848765,-0.22858943582008515,-0.5359249334320122,-0.0007693119619168123,0.11744715063518477,-0.20839006210876534,-0.0008142436103856127,-0.11847078304986743,-0.20428362255058585,-0.0002142984068358945,-0.1557700983879886,-0.5253642410237948,-0.0009246516183756789,0.17353716280425627,-0.20183299755738443,-0.0009381858834808031,-0.2314735785350828,-0.2847328883080721,-0.00013364163318055407,-0.14619958710785724,-0.5190618721725261,-0.0009325497528375676,0.035362298801404575,-0.27912207182176224,-0.0007863544551393067,-0.21896531403821948,-0.2757736706292429,-0.00014242620505750702,0.052179510171301284,-0.27641279670001145,-0.0008232905466636748,-0.5134701565247164,-0.5139086041543571,-6.53726106644964e-06,-0.7046221535730286,-0.503781755493566,0.0004965026289362631,-0.06267254806450955,-0.270965932145772,-0.0005224281956504641,-0.15595672772720234,-0.267715373548212,-0.000282879803771785,-0.7473745621249717,-0.497738294222824,0.0006191849131855528,-12.0,0.0,0.054972494029798515,0.20353694773065337,0.017869924934822028
0.776,5.0,0.05299403642549266,-0.22897513464617555,-0.5359249334320122,-0.0007683387440298176,0.11757886846434049,-0.20839006210876534,-0.0008145930318598753,-0.11837318241008334,-0.20428362255058585,-0.00021453209875179607,-0.15603332778673473,-0.5253642410237948,-0.0009239853565895154,0.17362309482969682,-0.20183299755738443,-0.0009384254009041018,-0.23166257588433492,-0.2847328883080721,-0.00013314827443247323,-0.14635723030145625,-0.5190618721725261,-0.0009321557126616721,0.03529855842052873,-0.27912207182176224,-0.0007862109265579171,-0.21912121009868823,-0.2757736706292429,-0.00014202089147755857,0.05144260786287639,-0.27641279670001145,-0.0008214807671782819,-0.5156412903056596,-0.5139086041543571,-1.0961190741018423e-06,-0.7068451837835484,-0.503781755493566,0.0005021009951986566,-0.06335589808079285,-0.270965932145772,-0.0005207334602031562,-0.15735625168705333,-0.267715373548212,-0.00027939661455252416,-0.7493154717533581,-0.497738294222824,0.0006240906697553691,-12.0,0.0,0.054972066019605116,0.20352430939944208,0.017852306824615385
0.778,5.0,0.05121833650750758,-0.22935730543210045,-0.5359249334320122,-0.0007673744969645916,0.11770245498726989,-0.20839006210876534,-0.0008149223264327645,-0.11827144469272605,-0.20428362255058585,-0.0002147761003512563,-0.156293303663014,-0.5253642410237948,-0.0009233272830926501,0.17369915137846514,-0.20183299755738443,-0.0009386402309677031,-0.2318433784713896,-0.2847328883080721,-0.00013267578105934292,-0.14651484780126284,-0.5190618721725261,-0.0009317616046776746,0.035228529388190405,-0.27912207182176224,-0.0007860515756057274,-0.21927078517247123,-0.2757736706292429,-0.00014163115132638667,0.050692668362879445,-0.27641279670001145,-0.0008196385114072197,-0.5178070198027237,-0.5139086041543571,4.331715378256273e-06,-0.7090517755456478,-0.503781755493566,0.0005076585707249561,-0.06404472738940552,-0.270965932145772,-0.000519025085162448,-0.15876198737256755,-0.267715373548212,-0.0002758978046528967,-0.7512348729525784,-0.497738294222824,0.0006289429438263353,-12.0,0.0,0.05497163840817766,0.20351163425615337,0.017834640005559774
0.78,5.0,0.049686370795357634,-0.22973599757343297,-0.5359249334320122,-0.0007664190699997795,0.11781783774396073,-0.20839006210876534,-0.0008152312927400882,-0.11816555420860193,-0.20428362255058585,-0.00021503044464464953,-0.15655004143272866,-0.5253642410237948,-0.000922677343401952,0.17376533445556935,-0.20183299755738443,-0.000938830372339624,-0.23201612526432996,-0.2847328883080721,-0.00013222377459170618,-0.14667238998385201,-0.5190618721725261,-0.0009313675609281581,0.03515225004916929,-0.27912207182176224,-0.0007858765030248815,-0.2194139526112317,-0.2757736706292429,-0.0001412572136419292,0.049929645679070656,-0.27641279670001145,-0.0008177636626572273,-0.5199672641198767,-0.5139086041543571,9.746039120916428e-06,-0.711241807885536,-0.503781755493566,0.0005131750501302046,-0.06473905935199191,-0.270965932145772,-0.0005173030118909162,-0.16017389756033062,-0.267715373548212,-0.00027238346543911115,-0.7531326520188043,-0.497738294222824,0.000633741446824386,-12.0,0.0,0.05497121112959495,0.20349892245388618,0.01781692472714707
0.782,5.0,0.04833580738493204,-0.2301112507014843,-0.5359249334320122,-0.000765472339646448,0.11792495224623797,-0.20839006210876534,-0.0008155197496318152,-0.11805549546447848,-0.20428362255058585,-0.0002152951708549598,-0.15680355190736017,-0.5253642410237948,-0.0009220354989776653,0.17382164673938938,-0.20183299755738443,-0.0009389958300323845,-0.2321809403665118,-0.2847328883080721,-0.0001317919076093553,-0.14682981156381367,-0.5190618721725261,-0.0009309737054716852,0.035069755947304805,-0.27912207182176224,-0.0007856858046773288,-0.2195506319654898,-0.2757736706292429,-0.000140899295045028,0.049153494509312376,-0.27641279670001145,-0.0008158561059477053,-0.5221219427368845,-0.5139086041543571,1.5146649913798938e-05,-0.7134151610177583,-0.503781755493566,0.0005186501309799252,-0.06543891723459828,-0.270965932145772,-0.0005155671819844503,-0.16159194435079635,-0.267715373548212,-0.0002688536899697035,-0.7550086969819024,-0.497738294222824,0.0006384858944899508,-12.0,0.0,0.0549707841307324,0.20348617409480124,0.017799161203035038
0.784,5.0,0.04708793789773372,-0.23048308649755456,-0.5359249334320122,-0.0007645342068263197,0.11802375125494641,-0.20839006210876534,-0.0008157875358875083,-0.11794126535866155,-0.20428362255058585,-0.00021557031771526843,-0.1570538462469694,-0.5253642410237948,-0.0009214017227910865,0.17386808297970718,-0.20183299755738443,-0.0009391366107419346,-0.23233791190001002,-0.2847328883080721,-0.00013137986985390073,-0.1469870741781012,-0.5190618721725261,-0.000930580151521781,0.03498107768048767,-0.27912207182176224,-0.0007854795694226677,-0.2196807527169435,-0.2757736706292429,-0.0001405575966593828,0.0483641702465704,-0.27641279670001145,-0.0008139157280233096,-0.5242709755132395,-0.5139086041543571,2.0533346456318436e-05,-0.7155717163532552,-0.503781755493566,0.0005240835138104808,-0.06614432420538585,-0.270965932145772,-0.0005138175372779343,-0.1630160891691634,-0.267715373548212,-0.00026530857299353913,-0.756862897613192,-0.497738294222824,0.000643176006897696,-12.0,0.0,0.05497035731001919,0.20347338927650926,0.01778134956510892
0.786,5.0,0.04594909691520032,-0.23085151073707966,-0.5359249334320122,-0.0007636046173361441,0.11811420356644022,-0.20839006210876534,-0.0008160345334092795,-0.1178228740649299,-0.20428362255058585,-0.00021585589297981077,-0.15730093662366132,-0.5253642410237948,-0.0009207759869420634,0.17390462973712242,-0.20183299755738443,-0.000939252701342729,-0.23248709288502625,-0.2847328883080721,-0.00013098744102015518,-0.1471441461234837,-0.5190618721725261,-0.0009301869949860622,0.034886241019301635,-0.27912207182176224,-0.0007852578737556249,-0.21980425431693884,-0.2757736706292429,-0.00014023229478074848,0.04756162898387836,-0.27641279670001145,-0.0008119424173664547,-0.5264142826920694,-0.5139086041543571,2.5905928397206013e-05,-0.7177113565073402,-0.503781755493566,0.0005294749021492232,-0.06685530333233027,-0.270965932145772,-0.0005120540198509654,-0.16444629276632947,-0.267715373548212,-0.00026174821094762153,-0.7586951454330615,-0.497738294222824,0.0006478115084759201,-12.0,0.0,0.054969930550617344,0.20346056807928464,0.017763489904048625
0.788,5.0,0.04723017765162674,-0.2312165180187659,-0.5359249334320122,-0.0007626835567373314,0.11819628451434645,-0.20839006210876534,-0.0008162606641880139,-0.11770032208711599,-0.20428362255058585,-0.00021615187121413988,-0.157544815571628,-0.5253642410237948,-0.0009201582610003337,0.1739312739159322,-0.20183299755738443,-0.0009393440682362673,-0.23262847501271539,-0.2847328883080721,-0.0001306144885576146,-0.1473017755886772,-0.5190618721725261,-0.000929794315122606,0.03478475600411607,-0.27912207182176224,-0.0007850207821026598,-0.21992164475095688,-0.2757736706292429,-0.00013992354078076017,0.046745827519264864,-0.27641279670001145,-0.0008099360642097245,-0.5285517849040278,-0.5139086041543571,3.1264196344280574e-05,-0.7198339653075916,-0.503781755493566,0.0005348240025344356,-0.06757187758090757,-0.270965932145772,-0.0005102765720336044,-0.16588251521992306,-0.267715373548212,-0.00025817270195470636,-0.7605053337184444,-0.497738294222824,0.0006523921280255937,-12.0,0.0,0.05496950371760959,0.20344771057351282,0.017745582272367468
0.79,5.0,0.04477951126500969,-0.2315781105443739,-0.5359249334320122,-0.0007617710385331159,0.11826996696336939,-0.20839006210876534,-0.0008164658665577796,-0.1175736186208246,-0.20428362255058585,-0.00021645825115867466,-0.15778549269663508,-0.5253642410237948,-0.0009195485636304168,0.17394801038846003,-0.20183299755738443,-0.0009394106786832915,-0.23276213062676415,-0.2847328883080721,-0.00013026103323839175,-0.1474596640509535,-0.5190618721725261,-0.0009294002414596223,0.034676828474533246,-0.27912207182176224,-0.0007847670695646958,-0.22003266145047323,-0.2757736706292429,-0.00013963006469571508,0.04591672336064279,-0.27641279670001145,-0.0008078965605481909,-0.5306834031711659,-0.5139086041543571,3.660795187417659e-05,-0.7219394278016604,-0.503781755493566,0.000540130524535064,-0.06829406981176658,-0.270965932145772,-0.0005084851364121611,-0.1673247159354131,-0.267715373548212,-0.00025458214582072236,-0.7622933575101538,-0.497738294222824,0.0006569175987390511,-12.0,0.0,0.05496908190138607,0.20343482187361206,0.017727632896890527
0.792,5.0,0.043915635243724924,-0.23193629609942407,-0.5359249334320122,-0.0007608670572190957,0.11833522280734632,-0.20839006210876534,-0.0008166500726803369,-0.11744278156161073,-0.20428362255058585,-0.00021677500982440312,-0.1580229884375949,-0.5253642410237948,-0.0009189468708178991,0.1739548304479412,-0.20183299755738443,-0.0009394525198646111,-0.23288814565047705,-0.2847328883080721,-0.00012992689420326982,-0.14761705087148,-0.5190618721725261,-0.0009290055203039314,0.034562965367448156,-0.27912207182176224,-0.0007844972507407387,-0.22013672930398137,-0.2757736706292429,-0.00013935252294692418,0.04507427473066045,-0.27641279670001145,-0.0008058238001516356,-0.5328090589107852,-0.5139086041543571,4.193699754202196e-05,-0.7240276302649923,-0.503781755493566,0.0005453941807702362,-0.06902190277838773,-0.270965932145772,-0.0005066796558350136,-0.16877285364729616,-0.267715373548212,-0.0002509766440319973,-0.7640591136200736,-0.497738294222824,0.0006613876582183245,-12.0,0.0,0.05496865728865136,0.20342189439611502,0.017709632617307774
0.794,5.0,0.043102766042286945,-0.2322910731074483,-0.5359249334320122,-0.0007599715933314703,0.11839202915907528,-0.20839006210876534,-0.0008168132122902791,-0.11730781917783654,-0.20428362255058585,-0.0002171021024724378,-0.15825730484525835,-0.5253642410237948,-0.0009183531314654997,0.1739517261020796,-0.20183299755738443,-0.0009394695700133141,-0.23300654998409503,-0.2847328883080721,-0.0001296118566439876,-0.14777394621582474,-0.5190618721725261,-0.0009286120532526152,0.03444316448453676,-0.27912207182176224,-0.000784212592973026,-0.22023383264742566,-0.2757736706292429,-0.00013909235331315383,0.044218440571513966,-0.27641279670001145,-0.0008037176785766798,-0.5349286739392709,-0.5139086041543571,4.725113689107025e-05,-0.7260984602084627,-0.503781755493566,0.0005506146869285658,-0.06975539912472847,-0.270965932145772,-0.0005048600734184608,-0.17022688642036185,-0.267715373548212,-0.0002473562997522896,-0.7658025006382084,-0.497738294222824,0.0006658020484931241,-12.0,0.0,0.05496823180580897,0.20340893017837175,0.017691583911288968
0.796,5.0,0.042339222285501105,-0.2326424390953748,-0.5359249334320122,-0.0007590846508114098,0.11844036456381639,-0.20839006210876534,-0.0008169552281696016,-0.11716873941650023,-0.20428362255058585,-0.00021743950843187328,-0.15848844238702992,-0.5253642410237948,-0.000917767340446341,0.17393869109627888,-0.20183299755738443,-0.0009394618091486601,-0.23311737216401107,-0.2847328883080721,-0.00012931584580994264,-0.14793035837848456,-0.5190618721725261,-0.0009282198148917533,0.03431742543733397,-0.27912207182176224,-0.0007839130907657476,-0.22032395535799484,-0.2757736706292429,-0.00013884959495454312,0.04334918054972054,-0.27641279670001145,-0.0008015780931788136,-0.5370421704759062,-0.5139086041543571,5.255017446228444e-05,-0.7281518063859258,-0.503781755493566,0.0005557917617872418,-0.0704945813828553,-0.270965932145772,-0.0005030263325526089,-0.17168677165103582,-0.267715373548212,-0.0002437212178196254,-0.7675234189395894,-0.497738294222824,0.000670160516038461,-12.0,0.0,0.05496780543037812,0.20339592929703879,0.017673486903734967
0.798,5.0,0.041623664575818085,-0.23299039087404888,-0.5359249334320122,-0.0007582062358415935,0.11848020890356975,-0.20839006210876534,-0.0008170760666814543,-0.11702555003466202,-0.20428362255058585,-0.00021778720783521407,-0.15871640027633208,-0.5253642410237948,-0.0009171894965919121,0.17391572074804582,-0.20183299755738443,-0.0009394292216341583,-0.23322063966131326,-0.2847328883080721,-0.00012903879036015254,-0.14808629413050367,-0.5190618721725261,-0.0009278287844851038,0.034185749416187496,-0.27912207182176224,-0.0007835987431477405,-0.2204070811151453,-0.2757736706292429,-0.00013862428817812015,0.042466455060852136,-0.27641279670001145,-0.00079940494312433,-0.539149471146668,-0.5139086041543571,5.783391580387265e-05,-0.7301875588016755,-0.503781755493566,0.0005609251272308996,-0.07123947197056223,-0.270965932145772,-0.0005011783769072919,-0.1731524660688011,-0.267715373548212,-0.00024007150474294046,-0.7692217706910368,-0.497738294222824,0.0006744628117919136,-12.0,0.0,0.054967378141854574,0.2033828918094759,0.017655341707338044
0.8,5.0,0.040955015837739535,-0.2333349246857256,-0.5359249334320122,-0.0007573363563949083,0.11851154331990295,-0.20839006210876534,-0.0008171756775308378,-0.11687825870848974,-0.20428362255058585,-0.0002181451812898096,-0.15894117674542563,-0.5253642410237948,-0.0009166196018686568,0.17388281180895362,-0.20183299755738443,-0.0009393717957635755,-0.23331637912630668,-0.2847328883080721,-0.00012878062161689706,-0.14824175901277467,-0.5190618721725261,-0.000927438945105056,0.03404813899616338,-0.27912207182176224,-0.0007832695530948744,-0.2204831936171862,-0.2757736706292429,-0.00013841647378524404,0.04157022523422903,-0.27641279670001145,-0.000797198129402159,-0.5412504989880028,-0.5139086041543571,6.310216748077718e-05,-0.7322056087178176,-0.503781755493566,0.000566014508270274,-0.07199009318897599,-0.270965932145772,-0.0004993161504380244,-0.17462392573769728,-0.267715373548212,-0.00023640726869852727,-0.7708974598577784,-0.497738294222824,0.000678708691170532,-12.0,0.0,0.054966949921228685,0.2033698177572062,0.01763714842452394
0.802,5.0,0.04033239424913279,-0.2336760363245946,-0.5359249334320122,-0.0007564750218657165,0.11853435015185954,-0.20839006210876534,-0.0008172540135716708,-0.11672687312386015,-0.20428362255058585,-0.00021851340960524028,-0.15916276927150996,-0.5253642410237948,-0.0009160576606959228,0.17383996234951082,-0.20183299755738443,-0.0009392895234158452,-0.23340461658899003,-0.2847328883080721,-0.00012854127295441352,-0.1483967575838839,-0.5190618721725261,-0.0009270502828993785,0.03390459797384022,-0.27912207182176224,-0.0007829255270448141,-0.22055227676076464,-0.2757736706292429,-0.00013822619253014173,0.04066045293757285,-0.27641279670001145,-0.0007949575548356013,-0.5433451774505837,-0.5139086041543571,6.835473708411422e-05,-0.7342058486615534,-0.503781755493566,0.000571059633060629,-0.07274646722014798,-0.270965932145772,-0.0004974395973919902,-0.17610110605789783,-0.267715373548212,-0.00023272861952628682,-0.7725503922099228,-0.497738294222824,0.0006828979140873859,-12.0,0.0,0.05496652075064217,0.2033567071687591,0.01761890714907338
0.804,5.0,0.03975505628447041,-0.23401372123531594,-0.5359249334320122,-0.000755622242768544,0.11854861288610051,-0.20839006210876534,-0.0008173110306515622,-0.11657140105175738,-0.20428362255058585,-0.00021889187356681427,-0.159381174764193,-0.5253642410237948,-0.000915503679380712,0.17378717166308247,-0.20183299755738443,-0.0009391823997672382,-0.23348537762361443,-0.2847328883080721,-0.00012832067929770513,-0.14855129362981725,-0.5190618721725261,-0.0009266627864716054,0.03375513122998087,-0.27912207182176224,-0.0007825666744890062,-0.22061431478933471,-0.2757736706292429,-0.0001380534846711957,0.039737100781618684,-0.27641279670001145,-0.0007926831240939608,-0.545433430403048,-0.5139086041543571,7.359143324056656e-05,-0.7361881724323738,-0.503781755493566,0.0005760602329199686,-0.07350861612463283,-0.270965932145772,-0.0004955486623140601,-0.17758396176736574,-0.267715373548212,-0.00022903566872578546,-0.774180475328789,-0.497738294222824,0.0006870302449677471,-12.0,0.0,0.05496609061315353,0.20334356006200674,0.01760061796747747
0.806,5.0,0.03912623085400351,-0.23434797482461933,-0.5359249334320122,-0.0007547780304917406,0.11855431598151496,-0.20839006210876534,-0.0008173466874871646,-0.11641185054387611,-0.20428362255058585,-0.00021928055374707117,-0.15959638999324627,-0.5253642410237948,-0.0009149576656490044,0.1737244396596328,-0.20183299755738443,-0.0009390504230511673,-0.23355868607870228,-0.2847328883080721,-0.00012811877671114414,-0.14870536862871456,-0.5190618721725261,-0.0009262764463567721,0.033599745189110304,-0.27912207182176224,-0.0007821930076293578,-0.22066929350612613,-0.2757736706292429,-0.00013789838959977048,0.03880013212468563,-0.27641279670001145,-0.0007903747437040754,-0.5475151821357152,-0.5139086041543571,7.881206562172727e-05,-0.7381524751091625,-0.503781755493566,0.0005810160423470195,-0.07427656183905386,-0.270965932145772,-0.000493643290052848,-0.17907244694358695,-0.267715373548212,-0.00022532852945211568,-0.7757876186130888,-0.497738294222824,0.0006911054527649124,-12.0,0.0,0.05496565950517167,0.20333037644648658,0.01758228095263163
0.808,5.0,0.03864112846811842,-0.2346787924978938,-0.5359249334320122,-0.0007539423965184822,0.11855144485950699,-0.20839006210876534,-0.0008173609452257008,-0.11624822998642041,-0.20428362255058585,-0.00021967943001677435,-0.15980841168623106,-0.5253642410237948,-0.0009144196275763713,0.17365176683580932,-0.20183299755738443,-0.0009388935930425431,-0.23362456424638905,-0.2847328883080721,-0.00012793550557342452,-0.14885898220455557,-0.5190618721725261,-0.000925891258859529,0.03343844756405066,-0.27912207182176224,-0.0007818045425271814,-0.22071720041148654,-0.2757736706292429,-0.00013776094280779194,0.03784951107720557,-0.27641279670001145,-0.0007880323220617428,-0.5495903573642857,-0.5139086041543571,8.401644495339506e-05,-0.7400986530572086,-0.503781755493566,0.0005859267990389913,-0.07505032617365533,-0.270965932145772,-0.0004917234257667954,-0.18056651500538237,-0.267715373548212,-0.00022160731651156264,-0.7773717332849645,-0.497738294222824,0.0006951233109756619,-12.0,0.0,0.054965227415745846,0.20331715632493896,0.017563896178647623
0.81,5.0,0.03819879514579365,-0.235006169019275,-0.5359249334320122,-0.000753115352335296,0.11853998628346894,-0.20839006210876534,-0.0008173537674206809,-0.11608054773769762,-0.20428362255058585,-0.0002200884814104136,-0.16001723582550312,-0.5253642410237948,-0.0009138895733439092,0.17356915579726265,-0.20183299755738443,-0.0009387119109829845,-0.23368303719084862,-0.2847328883080721,-0.0001277708101542076,-0.14901213730623555,-0.5190618721725261,-0.0009255072249199263,0.03327124560487869,-0.27912207182176224,-0.0007814012984645323,-0.22075802145664586,-0.2757736706292429,-0.0001376411755443909,0.036885202506209504,-0.27641279670001145,-0.0007856557694430426,-0.5516588812335207,-0.5139086041543571,8.920438302482153e-05,-0.7420266039351276,-0.503781755493566,0.0005907922439091065,-0.07582993080984161,-0.270965932145772,-0.0004897890149302918,-0.18206611871479766,-0.267715373548212,-0.0002178721463570741,-0.7789327323958799,-0.497738294222824,0.0006990835976553511,-12.0,0.0,0.05496479434214644,0.20330389969398038,0.017545463709626948
0.812,5.0,0.037799072554249635,-0.23533009904057814,-0.5359249334320122,-0.000752296911031843,0.11851992805045658,-0.20839006210876534,-0.0008173251209805857,-0.11590881242874937,-0.20428362255058585,-0.0002205076870322206,-0.16022285830997635,-0.5253642410237948,-0.0009133675129957292,0.17347661012377225,-0.20183299755738443,-0.0009385053833866178,-0.2337341299511213,-0.2847328883080721,-0.00012762462779305865,-0.14916483664427807,-0.5190618721725261,-0.0009251243371657264,0.03309814730320852,-0.27912207182176224,-0.0007809832935666024,-0.2207917432860882,-0.2757736706292429,-0.00013753912293149262,0.035907172039771104,-0.27641279670001145,-0.0007832449980155525,-0.5537206793209012,-0.5139086041543571,9.437569269790891e-05,-0.7439362267016901,-0.503781755493566,0.0005956121211039043,-0.07661539729770335,-0.270965932145772,-0.000487840003339826,-0.1835712101790715,-0.267715373548212,-0.00021412313708353586,-0.7804705308323647,-0.497738294222824,0.0007029860954326397,-12.0,0.0,0.05496436026584478,0.2032906065452269,0.017526983616552323
0.8140000000000001,5.0,0.037441358273409185,-0.23565057714128299,-0.5359249334320122,-0.0007514870859785853,0.11849125897316867,-0.20839006210876534,-0.0008172749753980549,-0.11573303299641594,-0.20428362255058585,-0.0002209370253045912,-0.16042527502822898,-0.5253642410237948,-0.000912853456784546,0.17337413432996635,-0.20183299755738443,-0.0009382740192028917,-0.23377786760135658,-0.2847328883080721,-0.00012749689589237694,-0.1493170827842728,-0.5190618721725261,-0.0009247425888206201,0.032919161332853386,-0.27912207182176224,-0.000780550547812427,-0.2208183532947135,-0.2757736706292429,-0.0001374548183578868,0.03491538607140702,-0.27641279670001145,-0.0007807999218494565,-0.5557756776402686,-0.5139086041543571,9.953018791636014e-05,-0.7458274216225572,-0.503781755493566,0.0006003861780203105,-0.07740674705353065,-0.270965932145772,-0.0004858763371201717,-0.18508174085268186,-0.267715373548212,-0.0002103604084228513,-0.7819850453216116,-0.497738294222824,0.0007068305915238518,-12.0,0.0,0.05496392517319326,0.20327727686635802,0.017508455964416924
0.8160000000000001,5.0,0.037124979005486926,-0.2359675978618117,-0.5359249334320122,-0.000750685890726823,0.11845396886543247,-0.20839006210876534,-0.000817203302704835,-0.11555321871120845,-0.20428362255058585,-0.0002213764738854248,-0.16062448191927534,-0.5253642410237948,-0.0009123474149889144,0.17326173383246696,-0.20183299755738443,-0.000938017829718377,-0.23381427530110221,-0.2847328883080721,-0.00012738755176678877,-0.14946887822546046,-0.5190618721725261,-0.0009243619734706333,0.03273429700042779,-0.27912207182176224,-0.0007801030828865391,-0.22083783967331738,-0.2757736706292429,-0.00013738829333632353,0.033909811764433445,-0.27641279670001145,-0.0007783204569285462,-0.5578238026454452,-0.5139086041543571,0.00010466768371477863,-0.7477000902769232,-0.503781755493566,0.0006051141653224782,-0.07820400135731337,-0.270965932145772,-0.00048389796273060347,-0.18659766153947044,-0.267715373548212,-0.00020658408173882537,-0.7834761944369257,-0.497738294222824,0.000710616877746969,-12.0,0.0,0.05496348905129413,0.2032639106418158,0.01748988081542322
0.8180000000000001,5.0,0.03684917458634498,-0.2362811557316322,-0.5359249334320122,-0.0007498933389255012,0.11840804853033197,-0.20839006210876534,-0.0008171100774354944,-0.11536937920103492,-0.20428362255058585,-0.00022182600959844351,-0.16082047502302593,-0.5253642410237948,-0.0009118493977612985,0.1731394149223709,-0.20183299755738443,-0.0009377368284746285,-0.2338433783371408,-0.2847328883080721,-0.00012729653251742468,-0.14962022546709064,-0.5190618721725261,-0.0009239824848676641,0.03254356420403642,-0.27912207182176224,-0.0007796409220554751,-0.22085019144480145,-0.2757736706292429,-0.00013733957738981382,0.032890417056278556,-0.27641279670001145,-0.0007758065211611123,-0.5598649812338348,-0.5139086041543571,0.00010978799622772012,-0.7495541355640635,-0.503781755493566,0.0006097958369583931,-0.07900718135022862,-0.270965932145772,-0.00048190482697114663,-0.18811892239484512,-0.267715373548212,-0.00020279428002185394,-0.784943898603027,-0.497738294222824,0.0007143447505352543,-12.0,0.0,0.054963051888032875,0.20325050785340287,0.017471258229387984
0.8200000000000001,5.0,0.03661308677817963,-0.23659124529322056,-0.5359249334320122,-0.0007491094442509499,0.11835348975039522,-0.20839006210876534,-0.0008169952765977432,-0.11518152447148357,-0.20428362255058585,-0.00022228560837387733,-0.1610132505221717,-0.5253642410237948,-0.0009113594150019221,0.17300718474218915,-0.20183299755738443,-0.0009374310311993883,-0.23386520215840514,-0.2847328883080721,-0.0001272237749273282,-0.1497711270642719,-0.5190618721725261,-0.0009236041167635887,0.032346973398863645,-0.27912207182176224,-0.0007791640900644967,-0.2208553984925825,-0.2757736706292429,-0.00013730869796110365,0.031857170662750324,-0.27641279670001145,-0.000773258034390725,-0.5618991407500042,-0.5139086041543571,0.0001148909426986941,-0.751389461709788,-0.503781755493566,0.0006144309501762438,-0.07981630803211553,-0.270965932145772,-0.00047989687698885854,-0.18964547292806064,-0.267715373548212,-0.00019899112788341721,-0.7863880801012035,-0.497738294222824,0.0007180140109505076,-12.0,0.0,0.054962613672120686,0.20323706848077513,0.017452588264083597
0.8220000000000001,5.0,0.03644029222720811,-0.23689786090591258,-0.5359249334320122,-0.0007483342203469791,0.11829028545905844,-0.20839006210876534,-0.0008168588796479016,-0.11498966498935928,-0.20428362255058585,-0.00022275524519775573,-0.1612028048349413,-0.5253642410237948,-0.0009108774762540577,0.17286505115416623,-0.20183299755738443,-0.000937100455748934,-0.23387977209870509,-0.2847328883080721,-0.00012716921537416734,-0.14992158568760222,-0.5190618721725261,-0.0009232268627706355,0.03214453553574055,-0.27912207182176224,-0.0007786726130515648,-0.22085345169178458,-0.2757736706292429,-0.000137295680341651,0.030810042082259258,-0.27641279670001145,-0.0007706749184069045,-0.5639262089892444,-0.5139086041543571,0.00011997634148911779,-0.7532059742727993,-0.503781755493566,0.0006190192655405552,-0.08063140225893738,-0.270965932145772,-0.0004778740602841412,-0.19117726200457713,-0.267715373548212,-0.00019517475155037843,-0.7878086630743165,-0.497738294222824,0.0007216244646959488,-12.0,0.0,0.05496217439564064,0.2032235925020658,0.017433870974183602
0.8240000000000001,5.0,0.03630835439764138,-0.23720099183006513,-0.5359249334320122,-0.0007475676813152491,0.11821843384314111,-0.20839006210876534,-0.0008167008689195594,-0.11479381327261536,-0.20428362255058585,-0.00022323489390306645,-0.16138913598405746,-0.5253642410237948,-0.0009104035904721336,0.17271302012466472,-0.20183299755738443,-0.0009367451217788767,-0.23388710628375303,-0.2847328883080721,-0.0001271327905234175,-0.15007160445142562,-0.5190618721725261,-0.0009228507162123096,0.03193626127374446,-0.27912207182176224,-0.000778166518393757,-0.2208443454747126,-0.2757736706292429,-0.0001373005473436458,0.029749001599995682,-0.27641279670001145,-0.0007680570969556767,-0.5659461142011115,-0.5139086041543571,0.00012504401208721815,-0.7550035801509548,-0.503781755493566,0.0006235605469480835,-0.08145248474023108,-0.270965932145772,-0.0004758363247170866,-0.1927142378484966,-0.267715373548212,-0.0001913452788590872,-0.7892055735316568,-0.497738294222824,0.0007251759221287313,-12.0,0.0,0.054961734091678635,0.20321007989817608,0.017415106391204374
0.8260000000000001,5.0,0.036191556679963606,-0.23750062365560876,-0.5359249334320122,-0.0007468098540048677,0.11813793734516856,-0.20839006210876534,-0.0008165212398797661,-0.11459398411429318,-0.20428362255058585,-0.00022372452319492625,-0.16157224340649604,-0.5253642410237948,-0.0009099377625993433,0.17255109604811575,-0.20183299755738443,-0.0009363650442051228,-0.23388721639813842,-0.2847328883080721,-0.00012711445506079764,-0.15022118684243457,-0.5190618721725261,-0.0009224756693027511,0.03172216105070923,-0.27912207182176224,-0.0007776458327387667,-0.22082807766684917,-0.2757736706292429,-0.00013732331288632578,0.02867402029206105,-0.27641279670001145,-0.0007654044957500178,-0.5679587850929492,-0.5139086041543571,0.00013009377511688598,-0.7567821875874321,-0.503781755493566,0.0006280545616434721,-0.08227957603654433,-0.270965932145772,-0.00047378361851385236,-0.19425634804507735,-0.267715373548212,-0.00018750283924928856,-0.7905787393536515,-0.497738294222824,0.0007286681982720819,-12.0,0.0,0.054961292809047435,0.20319653065249502,0.017396294536873722
0.8280000000000001,5.0,0.036088720969269766,-0.23779674317356606,-0.5359249334320122,-0.0007460607744410086,0.1180487986884275,-0.20839006210876534,-0.0008163199986348348,-0.11439019331666132,-0.20428362255058585,-0.00022422409609073167,-0.16175212673438089,-0.5253642410237948,-0.0009094799940432468,0.17237928412143516,-0.20183299755738443,-0.0009359602340137504,-0.23388011416792268,-0.2847328883080721,-0.00012711417977483416,-0.1503703363966289,-0.5190618721725261,-0.0009221017133252288,0.0315022457961517,-0.27912207182176224,-0.0007771105821811787,-0.22080464719868653,-0.2757736706292429,-0.00013736398240598435,0.027585070029552863,-0.27641279670001145,-0.0007627170424801813,-0.5699641508333896,-0.5139086041543571,0.00013512545234648012,-0.7585417061767977,-0.503781755493566,0.0006325010802346653,-0.0831126965568603,-0.270965932145772,-0.00047171589027306923,-0.19580353954332624,-0.267715373548212,-0.00018364756375783664,-0.7919280902964222,-0.497738294222824,0.0007321011128270688,-12.0,0.0,0.054960850607076304,0.2031829447504103,0.017377435425977895
0.8300000000000001,5.0,0.03599850909944055,-0.2380893383113382,-0.5359249334320122,-0.0007453204756461154,0.11795102091360589,-0.20839006210876534,-0.0008160971519929822,-0.11418245764643441,-0.20428362255058585,-0.00022473357308481134,-0.1619287858232573,-0.5253642410237948,-0.0009090302857235347,0.17219759033541582,-0.20183299755738443,-0.000935530704197049,-0.2338658114091652,-0.2847328883080721,-0.00012713193535037352,-0.15051905666031043,-0.5190618721725261,-0.000921728839439743,0.03127652695816524,-0.27912207182176224,-0.0007765607940447848,-0.2207740540669567,-0.2757736706292429,-0.00013742255857639095,0.026482123482602784,-0.27641279670001145,-0.0007599946668239108,-0.5719621410558353,-0.5139086041543571,0.00014013886669758113,-0.760282046870978,-0.503781755493566,0.0006368998767080794,-0.08395186655601006,-0.270965932145772,-0.00046963308897227937,-0.1973557586586684,-0.267715373548212,-0.00017977958501221443,-0.7932535579961917,-0.497738294222824,0.0007354744901839955,-12.0,0.0,0.05496040753401175,0.2031693221779148,0.017358529077838383
0.8320000000000001,5.0,0.035919626930330836,-0.23837839807202255,-0.5359249334320122,-0.0007445889878016851,0.1178446074130427,-0.20839006210876534,-0.0008158527075559282,-0.11397079479265892,-0.20428362255058585,-0.00022525291226037862,-0.16210222077528988,-0.5253642410237948,-0.0009085886380013436,0.17200602146801452,-0.20183299755738443,-0.0009350764697320007,-0.23384432006934097,-0.2847328883080721,-0.00012716769224726718,-0.15066735115999333,-0.5190618721725261,-0.0009213570387805393,0.031045016524258933,-0.27912207182176224,-0.0007759964969498187,-0.2207362993025799,-0.2757736706292429,-0.00013749904140571555,0.02536515412436748,-0.27641279670001145,-0.0007572373004565355,-0.5739526858619206,-0.5139086041543571,0.00014513384225369548,-0.7620031219851314,-0.503781755493566,0.0006412507284435301,-0.08479710613207286,-0.270965932145772,-0.00046753516397440495,-0.19891295107569482,-0.267715373548212,-0.00017589903722385906,-0.7945550759735422,-0.497738294222824,0.0007387881594334193,-12.0,0.0,0.054959963633264726,0.20315566292186465,0.01733957551296216
0.834,5.0,0.0358508352526059,-0.23866391247719712,-0.5359249334320122,-0.0007438663383999741,0.11772956196290993,-0.20839006210876534,-0.0008155866738045201,-0.11375522332688959,-0.20428362255058585,-0.0002257820693948173,-0.16227243195835067,-0.5253642410237948,-0.0009081550506212622,0.1718045850791912,-0.20183299755738443,-0.0009345975475634974,-0.23381565226311643,-0.2847328883080721,-0.00012722142059682777,-0.15081522337940992,-0.5190618721725261,-0.000920986302531332,0.030807727037384828,-0.27912207182176224,-0.000775417720865053,-0.22069138494385204,-0.2757736706292429,-0.00013759342831665751,0.024234136234971754,-0.27641279670001145,-0.0007544448770609473,-0.5759357158249531,-0.5139086041543571,0.0001501102042689087,-0.7637048452034227,-0.503781755493566,0.0006455534162289136,-0.08564843522376436,-0.270965932145772,-0.0004654220650342479,-0.20047506185098732,-0.267715373548212,-0.00017200605618129298,-0.7958325796375229,-0.497738294222824,0.0007420419543767956,-12.0,0.0,0.05495951894372074,0.2031419669699263,0.01732057475285477
0.836,5.0,0.0358152917886161,-0.2389458705899134,-0.5359249334320122,-0.0007431525523870378,0.11760588988446834,-0.20839006210876534,-0.0008152990601791883,-0.1135357615796313,-0.20428362255058585,-0.00022632099805924066,-0.16243942007935386,-0.5253642410237948,-0.0009077295226636102,0.17159328946943253,-0.20183299755738443,-0.0009340939565914392,-0.233779820318097,-0.2847328883080721,-0.00012729309011238915,-0.1509626767853236,-0.5190618721725261,-0.0009206166219827905,0.030564671584556474,-0.27912207182176224,-0.0007748244971478677,-0.22063931402446826,-0.2757736706292429,-0.00013770571421347716,0.023089044905403564,-0.27641279670001145,-0.0007516173323374581,-0.5779111619933347,-0.5139086041543571,0.00015506777917648985,-0.765387131584697,-0.503781755493566,0.000649807724274642,-0.08650587360781287,-0.270965932145772,-0.00046329374230501914,-0.2020420354160209,-0.267715373548212,-0.00016810077924306173,-0.7970860062896055,-0.497738294222824,0.0007452357135367472,-12.0,0.0,0.05495907350001848,0.20312823431051807,0.01730152681985455
0.838,4.0,0.023891248754000623,-0.23922588359867863,-0.5359249334320122,-0.000742447657105247,0.11747268302372495,-0.20839006210876534,-0.0008149898799830841,-0.11331349273025937,-0.20428362255058585,-0.00022686965242738638,-0.16260316957677115,-0.5253642410237948,-0.0009073120523611023,0.17137211002270367,-0.20183299755738443,-0.0009335657175670424,-0.23373663563818767,-0.2847328883080721,-0.00012738266997493775,-0.15110970367354626,-0.5190618721725261,-0.0009202479884680062,0.030315866832849734,-0.27912207182176224,-0.0007742168585157969,-0.22058010005678608,-0.2757736706292429,-0.00013783589151193662,0.021929856041360458,-0.27641279670001145,-0.0007487546040135377,-0.5798789558939629,-0.5139086041543571,0.00016000639459744394,-0.7670498975680541,-0.503781755493566,0.0006540134402278274,-0.08736944089632376,-0.270965932145772,-0.0004611501463448979,-0.2036138155801433,-0.267715373548212,-0.0001641833453304778,-0.7983152951274912,-0.497738294222824,0.0007483692801669537,-12.0,0.0,0.05495862245762199,0.20311447102270108,0.017282438545041225
0.84,5.0,0.04047639457745141,-0.23950719592983047,-0.5359249334320122,-0.0007417476245833339,0.11732811313450227,-0.20839006210876534,-0.0008146568628312258,-0.11309057139266672,-0.20428362255058585,-0.00022742532455081622,-0.16276364758279224,-0.5253642410237948,-0.0009069026786175591,0.17114098872533157,-0.20183299755738443,-0.0009330127689502202,-0.2336857022101527,-0.2847328883080721,-0.00012749063167471103,-0.151256282535579,-0.5190618721725261,-0.0009198804212474496,0.030061333409381073,-0.27912207182176224,-0.00077359484663653,-0.22051377054335045,-0.2757736706292429,-0.00013798392643114208,0.02075654636704701,-0.27641279670001145,-0.0007458566318534297,-0.5818390295356111,-0.5139086041543571,0.00016492587934901438,-0.7686930609783234,-0.503781755493566,0.0006581703551862203,-0.08823915653413231,-0.270965932145772,-0.0004589912281236207,-0.20519034553363166,-0.267715373548212,-0.00016025389492017178,-0.7995203872487647,-0.497738294222824,0.0007514425022616681,-12.0,0.0,0.054958164155841614,0.2031006791135375,0.017263312223651933
0.842,5.0,0.03922860445080239,-0.23978552774223635,-0.5359249334320122,-0.0007410443437554543,0.1171745950363944,-0.20839006210876534,-0.0008142954381081691,-0.11286421549855682,-0.20428362255058585,-0.00022798262789479784,-0.16292089812311053,-0.5253642410237948,-0.0009065014836025062,0.17090002367961002,-0.20183299755738443,-0.00093243496570679,-0.233627554571817,-0.2847328883080721,-0.00012761796524479849,-0.15140244111754506,-0.5190618721725261,-0.0009195139740923678,0.029801079311956826,-0.27912207182176224,-0.0007729585130778582,-0.2204403111741857,-0.2757736706292429,-0.00013814975021473117,0.01956909342892286,-0.27641279670001145,-0.0007429233576676461,-0.5837913154122893,-0.5139086041543571,0.00016982606345313485,-0.7703165410314361,-0.503781755493566,0.0006622782637118934,-0.08911503979614475,-0.270965932145772,-0.0004568169390290993,-0.2067715678508263,-0.267715373548212,-0.00015631257003645088,-0.8007012256543978,-0.497738294222824,0.0007544552325648518,-12.0,0.0,0.05495770223140541,0.20308685403374135,0.017244142799649937
0.844,5.0,0.038670197420738836,-0.2400589612503113,-0.5359249334320122,-0.0007403485142244396,0.11701321282237884,-0.20839006210876534,-0.0008139116428628994,-0.11263319242267644,-0.20428362255058585,-0.00022854851763007256,-0.1630749432960108,-0.5253642410237948,-0.0009061083572517106,0.1706492658030462,-0.20183299755738443,-0.0009318325530924863,-0.23356244565741643,-0.2847328883080721,-0.00012776333434063773,-0.1515481933800746,-0.5190618721725261,-0.0009191485776374525,0.029535118011071358,-0.27912207182176224,-0.0007723078778342976,-0.22035971560515857,-0.2757736706292429,-0.00013833339863764303,0.018367475599400867,-0.27641279670001145,-0.0007399547253223359,-0.585735746506584,-0.5139086041543571,0.00017470677814483056,-0.7719202583396972,-0.503781755493566,0.0006663369638446753,-0.08999710978466807,-0.270965932145772,-0.00045462723087406816,-0.208357424493341,-0.267715373548212,-0.00015235951424346432,-0.8018577552521012,-0.497738294222824,0.0007574073285789345,-12.0,0.0,0.054957242270697475,0.20307298878559119,0.01722492247726292
0.846,5.0,0.03824293279670528,-0.24032768758530665,-0.5359249334320122,-0.0007396649304542523,0.11684386260701798,-0.20839006210876534,-0.0008135081873278605,-0.11239765376080824,-0.20428362255058585,-0.00022912607531977352,-0.16322578439124316,-0.5253642410237948,-0.0009057232443194599,0.1703887230723398,-0.20183299755738443,-0.0009312056584010767,-0.23349036777330626,-0.2847328883080721,-0.00012792610662663913,-0.15169353745476033,-0.5190618721725261,-0.0009187841969811286,0.029263468527470936,-0.27912207182176224,-0.000771642974582084,-0.22027198903004883,-0.2757736706292429,-0.00013853488756021085,0.017151672080495,-0.27641279670001145,-0.0007369506807485309,-0.5876722562929774,-0.5139086041543571,0.00017956785588056718,-0.773504134916955,-0.503781755493566,0.0006703462571153282,-0.0908853854267284,-0.270965932145772,-0.0004524220559027599,-0.20994785681335024,-0.267715373548212,-0.00014839487263717754,-0.8029899228595244,-0.497738294222824,0.000760298652573193,-12.0,0.0,0.05495678382631924,0.20305908394813169,0.01720565192884552
0.848,5.0,0.03784394485957825,-0.24059187035936255,-0.5359249334320122,-0.0007389931146167639,0.11666645702085315,-0.20839006210876534,-0.0008130848117894583,-0.1121577334393064,-0.20428362255058585,-0.00022971492197444406,-0.16337342362301044,-0.5253642410237948,-0.000905346141581379,0.17011840404023634,-0.20183299755738443,-0.0009305543015743107,-0.2334113144145569,-0.2847328883080721,-0.00012810630133691458,-0.15183846357406744,-0.5190618721725261,-0.0009184208367944144,0.0289861547754684,-0.27912207182176224,-0.0007709638508730829,-0.22017713542474937,-0.2757736706292429,-0.0001387542039979852,0.015921662907417557,-0.27641279670001145,-0.0007339111719512661,-0.5896007787411465,-0.5139086041543571,0.0001844091303465506,-0.7750680941836683,-0.503781755493566,0.0006743059485584727,-0.09177988547137826,-0.270965932145772,-0.00045020136679760906,-0.21154280555695262,-0.267715373548212,-0.00014441879183715444,-0.8040976772073042,-0.497738294222824,0.0007631290715917511,-12.0,0.0,0.05495632656920206,0.20304513991923687,0.017186331617663017
0.85,5.0,0.040345157775863304,-0.24085165435109898,-0.5359249334320122,-0.0007383326576816241,0.1164809202522123,-0.20839006210876534,-0.0008126412978240464,-0.11191355319157263,-0.20428362255058585,-0.0002303147227781986,-0.16351784547958853,-0.5253642410237948,-0.0009049770435019608,0.16983828533798154,-0.20183299755738443,-0.0009298785039940519,-0.23332507305091912,-0.2847328883080721,-0.00012830393473378798,-0.1519845837135012,-0.5190618721725261,-0.0009180585214961466,0.02870208902306771,-0.27912207182176224,-0.0007702705664930766,-0.22007646216316162,-0.2757736706292429,-0.00013899133801123384,0.01467742895212524,-0.27641279670001145,-0.0007308361490185724,-0.5915212483192416,-0.5139086041543571,0.00018923043646697335,-0.7766120609718701,-0.503781755493566,0.0006782158467252558,-0.09268062848699282,-0.270965932145772,-0.00044796511668598437,-0.21314221086761076,-0.267715373548212,-0.00014043141997814847,-0.8051809689419606,-0.497738294222824,0.0007658984574612004,-12.0,0.0,0.054955875289054164,0.20303116353284315,0.01716696921956347
0.852,5.0,0.038732741373309384,-0.2411071617103897,-0.5359249334320122,-0.000737683197702283,0.1162871901912887,-0.20839006210876534,-0.0008121774559024441,-0.11166522008169015,-0.20428362255058585,-0.00023092517339753306,-0.16365905680468446,-0.5253642410237948,-0.0009046159888605156,0.169548386404285,-0.20183299755738443,-0.000929178207238415,-0.2332316927919807,-0.2847328883080721,-0.0001285195381428824,-0.15213145548877305,-0.5190618721725261,-0.0009176932211475622,0.028411591805885494,-0.27912207182176224,-0.0007695604021120748,-0.21996963234847974,-0.2757736706292429,-0.0001392430211652032,0.01341895192681372,-0.27641279670001145,-0.0007277255641303418,-0.5934335999971437,-0.5139086041543571,0.00019403161041221112,-0.7781359615300285,-0.503781755493566,0.0006820757636957603,-0.09358763285855526,-0.270965932145772,-0.000445713259146948,-0.21474601228966705,-0.267715373548212,-0.00013643290670150313,-0.8062397506286407,-0.497738294222824,0.0007686066867978414,-12.0,0.0,0.05495542369103453,0.20301714743966492,0.017147556535140798
0.854,4.0,0.024870083254457664,-0.2413584880320996,-0.5359249334320122,-0.0007370444293040562,0.1160852207512033,-0.20839006210876534,-0.0008116931307501352,-0.1114128243246811,-0.20428362255058585,-0.00023154600617223927,-0.16379707944110378,-0.5253642410237948,-0.0009042629605477757,0.1692487541771868,-0.20183299755738443,-0.0009284534599041735,-0.23313139127731758,-0.2847328883080721,-0.00012875298879022848,-0.15227739974037488,-0.5190618721725261,-0.0009173260417093826,0.028115834249190272,-0.27912207182176224,-0.0007688341590691193,-0.21985530938110553,-0.2757736706292429,-0.0001395100957019079,0.012146214387360249,-0.27641279670001145,-0.0007245793715670629,-0.5953377692497017,-0.5139086041543571,0.00019881248960696652,-0.7796397235278031,-0.503781755493566,0.0006858855150911564,-0.09450091678493143,-0.270965932145772,-0.00044344574821804193,-0.21635414877193546,-0.267715373548212,-0.0001324234031463624,-0.8072739767537103,-0.497738294222824,0.0007712536410145419,-12.0,0.0,0.054954973073099524,0.2030030938397726,0.01712809603787362
0.856,5.0,0.03796662559837283,-0.24160826795781523,-0.5359249334320122,-0.0007364161134997816,0.11587353290801247,-0.20839006210876534,-0.0008111882071499216,-0.11115811858116494,-0.20428362255058585,-0.0002321769955647619,-0.16393189083501497,-0.5253642410237948,-0.0009039179039567275,0.16893934975959443,-0.20183299755738443,-0.0009277043793364282,-0.23302384632042342,-0.2847328883080721,-0.00012900374257688628,-0.1524224845362928,-0.5190618721725261,-0.000916961181080378,0.027814782619234,-0.27912207182176224,-0.0007680947651773813,-0.21973358867891393,-0.2757736706292429,-0.00013979590312034344,0.010859199736713928,-0.27641279670001145,-0.0007213975277184292,-0.5972336920599485,-0.5139086041543571,0.0002035729127383615,-0.7811232760606972,-0.503781755493566,0.0006896449200855928,-0.09542049827613402,-0.270965932145772,-0.0004411625384021015,-0.21796655867136885,-0.267715373548212,-0.0001284030619406914,-0.8082836037271923,-0.497738294222824,0.0007738392063272156,-12.0,0.0,0.05495451462571997,0.20298900993725444,0.017108595777836275
0.858,5.0,0.038703120054661345,-0.24185634190112734,-0.5359249334320122,-0.0007357916636854925,0.11565222608526095,-0.20839006210876534,-0.0008106589875419446,-0.11090102562119143,-0.20428362255058585,-0.0002328137599235523,-0.16406349586152105,-0.5253642410237948,-0.0009035808754719495,0.1686201910622482,-0.20183299755738443,-0.0009269308682924471,-0.23290907989908222,-0.2847328883080721,-0.00012927260496912166,-0.15256678030829973,-0.5190618721725261,-0.0009165984690905832,0.027508408920853347,-0.27912207182176224,-0.0007673421361024906,-0.21960454153913603,-0.2757736706292429,-0.00014010020487582243,0.009557892228233212,-0.27641279670001145,-0.0007181799910918135,-0.5991213049222961,-0.5139086041543571,0.00020831271976397837,-0.782586549654605,-0.503781755493566,0.0006933538014178281,-0.09634639515057626,-0.270965932145772,-0.000438863584674095,-0.2195831797568018,-0.267715373548212,-0.00012437203719210788,-0.8092685898850537,-0.497738294222824,0.0007763632737609208,-12.0,0.0,0.05495405263685982,0.20297489068050448,0.017089050151791952
0.86,5.0,0.039657470856804246,-0.24210054730769498,-0.5359249334320122,-0.0007351714788272121,0.1154225324546175,-0.20839006210876534,-0.0008101057204850658,-0.11064015809660736,-0.20428362255058585,-0.00023345649232348607,-0.16419191993876195,-0.5253642410237948,-0.0009032518629056843,0.16829133645385674,-0.20183299755738443,-0.0009261329715490815,-0.23278736432689015,-0.2847328883080721,-0.0001295595210224747,-0.1527103569740776,-0.5190618721725261,-0.0009162377296605659,0.027196691886216914,-0.27912207182176224,-0.0007665762018565389,-0.21946821687866166,-0.2757736706292429,-0.0001404228227252672,0.00824227696897025,-0.27641279670001145,-0.0007149267223206117,-0.6010005448457103,-0.5139086041543571,0.0002130317519198474,-0.784029476270253,-0.503781755493566,0.0006970119854025975,-0.09727862503231548,-0.270965932145772,-0.00043654884248798946,-0.2212039492127685,-0.267715373548212,-0.00012033048447852552,-0.8102288954913383,-0.497738294222824,0.0007788257391555742,-12.0,0.0,0.05495359190991332,0.2029607303214021,0.017069452783767446
0.862,5.0,0.039001959679515655,-0.24233992876596977,-0.5359249334320122,-0.0007345609653107931,0.11518500340599813,-0.20839006210876534,-0.0008095314864084572,-0.11037491884866575,-0.20428362255058585,-0.00023410866113494623,-0.1643171774935228,-0.5253642410237948,-0.0009029308027125821,0.1679528217705657,-0.20183299755738443,-0.0009253108350281029,-0.23265882845697716,-0.2847328883080721,-0.00012986380995295483,-0.15285327055029946,-0.5190618721725261,-0.0009158787879961212,0.026879617959296633,-0.27912207182176224,-0.000765796909269948,-0.2193246624937408,-0.2757736706292429,-0.0001407636343764531,0.0069123399229016474,-0.27641279670001145,-0.0007116376841724542,-0.602871349356864,-0.5139086041543571,0.00021772985172838295,-0.7854519893075366,-0.503781755493566,0.0007006193019417176,-0.09821720534828665,-0.270965932145772,-0.00043421826778364134,-0.22282880364339566,-0.267715373548212,-0.00011627856083860876,-0.8111644827401475,-0.497738294222824,0.0007812265031712857,-12.0,0.0,0.054953130129109885,0.20294653198601276,0.01704980718338721
0.864,4.0,0.02420361629603847,-0.24257467436611369,-0.5359249334320122,-0.0007339625116651061,0.11493954522431864,-0.20839006210876534,-0.0008089376637869086,-0.11010545906572486,-0.20428362255058585,-0.00023477175925480027,-0.1644392721636249,-0.5253642410237948,-0.0009026176588256799,0.16760466153071024,-0.20183299755738443,-0.0009244645483198753,-0.23252346286734346,-0.2847328883080721,-0.0001301851496277373,-0.15299556413022794,-0.5190618721725261,-0.0009155215040555666,0.026557180241096958,-0.27912207182176224,-0.0007650042244526471,-0.21917392730921315,-0.2757736706292429,-0.00014112252033875527,0.005568067914105287,-0.27641279670001145,-0.0007083128415572827,-0.6047336565032695,-0.5139086041543571,0.00022240686300626728,-0.7868540236097494,-0.503781755493566,0.0007041755845349266,-0.09916215332552605,-0.270965932145772,-0.00043187181699371347,-0.22445767907637,-0.267715373548212,-0.00011221642476204087,-0.8120753157574683,-0.497738294222824,0.0007835654712933088,-12.0,0.0,0.054952669099411135,0.2029322936460382,0.017030111114889678
0.866,5.0,0.03812464079671013,-0.24280766408823257,-0.5359249334320122,-0.0007333756476647462,0.11468454261721726,-0.20839006210876534,-0.0008083240183327099,-0.10983368961488417,-0.20428362255058585,-0.00023544540871215248,-0.16455818155212737,-0.5253642410237948,-0.0009023124221504247,0.16724681905812852,-0.20183299755738443,-0.0009235941477202367,-0.23238092592790952,-0.2847328883080721,-0.00013052356360182155,-0.15313725686030474,-0.5190618721725261,-0.0009151657701057454,0.02622938070932156,-0.27912207182176224,-0.000764198130157148,-0.21901607305495338,-0.2757736706292429,-0.0001414993583000744,0.004209448629882761,-0.27641279670001145,-0.0007049521615352919,-0.6065874048563895,-0.5139086041543571,0.00022706263087228092,-0.7882355154677066,-0.503781755493566,0.0007076806702904587,-0.10011348598838528,-0.270965932145772,-0.00042950944705061496,-0.2260905109669802,-0.267715373548212,-0.00010814423617960506,-0.8129613606028471,-0.497738294222824,0.0007858425538366107,-12.0,0.0,0.05495220102313906,0.2029180252580641,0.017010375692378225
0.868,4.0,0.02409999955345954,-0.2430377487452048,-0.5359249334320122,-0.0007327931733594491,0.11442065962966544,-0.20839006210876534,-0.0008076865118149565,-0.10955888713106517,-0.20428362255058585,-0.0002361248323392542,-0.1646739218228157,-0.5253642410237948,-0.0009020151486791685,0.16687933670338181,-0.20183299755738443,-0.0009226995415387824,-0.23223137120133977,-0.2847328883080721,-0.00013087990595040644,-0.153278385320391,-0.5190618721725261,-0.0009148115382805533,0.02589622054842965,-0.27912207182176224,-0.0007633786313277095,-0.21885113517916524,-0.2757736706292429,-0.00014189399393572382,0.0028364706238270697,-0.27641279670001145,-0.0007015556133247356,-0.6084325335147274,-0.5139086041543571,0.00023169700175508097,-0.7895964026237606,-0.503781755493566,0.0007111343999353517,-0.10107122015573584,-0.270965932145772,-0.0004271311153934669,-0.22772723420223304,-0.267715373548212,-0.00010406215645307949,-0.8138225852709116,-0.497738294222824,0.0007880576659500577,-12.0,0.0,0.05495173701371956,0.20290371297845072,0.016990585552288974
0.87,5.0,0.03944834941612428,-0.2432637735165377,-0.5359249334320122,-0.0007322179617170186,0.11414856441416418,-0.20839006210876534,-0.000807026804346077,-0.10928032419021898,-0.20428362255058585,-0.00023681183854880173,-0.16478650971766134,-0.5253642410237948,-0.0009017257980024477,0.16650225828131435,-0.20183299755738443,-0.0009217808356519156,-0.2320749571656274,-0.2847328883080721,-0.0001312537927668308,-0.15341898365684398,-0.5190618721725261,-0.0009144587171303377,0.025557703831159295,-0.27912207182176224,-0.0007625457309254798,-0.2186791453526637,-0.2757736706292429,-0.00014230633862519416,0.0014491233188351636,-0.27641279670001145,-0.0006981231683095963,-0.6102689821068954,-0.5139086041543571,0.0002363098234009256,-0.7909366242757093,-0.503781755493566,0.0007145366178254867,-0.10203537243816448,-0.270965932145772,-0.0004247367799750905,-0.2293677831050431,-0.267715373548212,-9.997034836494744e-05,-0.8146589596927387,-0.497738294222824,0.0007902107276202189,-12.0,0.0,0.054951265702869206,0.20288937123656692,0.016970756771431693
0.872,5.0,0.038754586434238694,-0.24348487870224092,-0.5359249334320122,-0.0007316528997886862,0.11386875971467394,-0.20839006210876534,-0.0008063465663073238,-0.10899746730309154,-0.20428362255058585,-0.00023750824590091719,-0.16489596013721208,-0.5253642410237948,-0.0009014443282653336,0.1661156222464648,-0.20183299755738443,-0.0009208381395967469,-0.23191180793459704,-0.2847328883080721,-0.00013164482785611172,-0.15355907948094996,-0.5190618721725261,-0.0009141072212892053,0.025213839077343425,-0.27912207182176224,-0.0007616994391323039,-0.21850013308122787,-0.2757736706292429,-0.00014273631319144803,4.739701006496299e-05,-0.27641279670001145,-0.0006946548000471166,-0.6120966907946624,-0.5139086041543571,0.00024090094488134567,-0.7922561210805971,-0.503781755493566,0.0007178871719553584,-0.10300595923515936,-0.270965932145772,-0.00042232639926901894,-0.23101209143849633,-0.267715373548212,-9.586897610792227e-05,-0.81547045573707,-0.497738294222824,0.0007923016636747868,-12.0,0.0,0.05495079842369192,0.2028749858527917,0.016950873620109663
0.874,5.0,0.041356206615170796,-0.24370321922287874,-0.5359249334320122,-0.0007311001368244282,0.11358004279409657,-0.20839006210876534,-0.0008056470545585982,-0.10871175409534811,-0.20428362255058585,-0.00023821538811873578,-0.16500226044050212,-0.5253642410237948,-0.0009011707022164567,0.16571941006529525,-0.20183299755738443,-0.0009198715495096231,-0.23174167590566117,-0.2847328883080721,-0.00013205270093368763,-0.15369868032870446,-0.5190618721725261,-0.0009137569817289404,0.024864640942450278,-0.27912207182176224,-0.0007608397772477642,-0.2183141437732898,-0.2757736706292429,-0.00014318384387003758,-0.001368717132163538,-0.27641279670001145,-0.000691150484275191,-0.6139156002759796,-0.5139086041543571,0.0002454702166007633,-0.7935548351584066,-0.503781755493566,0.0007211859139675778,-0.10398299673228757,-0.270965932145772,-0.00041989993227653163,-0.23266009241018656,-0.267715373548212,-9.175820527428921e-05,-0.8162570472113729,-0.497738294222824,0.000794330403785615,-12.0,0.0,0.05495032645215294,0.20286056789878973,0.01693094841727367
0.876,4.0,0.02370784448587889,-0.243919432748445,-0.5359249334320122,-0.0007305542855228337,0.11328207056528902,-0.20839006210876534,-0.0008049252622571549,-0.1084236298183909,-0.20428362255058585,-0.00023892967113809435,-0.16510539320413076,-0.5253642410237948,-0.0009009049514582315,0.1653136054958212,-0.20183299755738443,-0.0009188810190566993,-0.23156430263945113,-0.2847328883080721,-0.0001324780310060273,-0.1538393654912327,-0.5190618721725261,-0.000913407979609554,0.024509046364987973,-0.27912207182176224,-0.0007599667819105313,-0.21812246401511565,-0.2757736706292429,-0.00014364881713988274,-0.0027992270595234552,-0.27641279670001145,-0.0006876101989196199,-0.6157256517879841,-0.5139086041543571,0.00025001749030405615,-0.7948327100956427,-0.503781755493566,0.0007244326991621017,-0.10496650089836383,-0.270965932145772,-0.0004174573385337112,-0.23431171867662515,-0.267715373548212,-8.763820284506361e-05,-0.8170187098627494,-0.497738294222824,0.0007962968824713723,-12.0,0.0,0.054949862091356216,0.20284611500868094,0.016910978637492215
0.878,5.0,0.04081442212522582,-0.24413142453734107,-0.5359249334320122,-0.000730013751708918,0.11297604834287142,-0.20839006210876534,-0.0008041803316851359,-0.10813175518510545,-0.20428362255058585,-0.00023964998183048736,-0.16520539684238542,-0.5253642410237948,-0.00090064711954916,0.1648982896597834,-0.20183299755738443,-0.0009178665076330141,-0.2313800862995633,-0.2847328883080721,-0.0001329214641715524,-0.1539801395324978,-0.5190618721725261,-0.0009130562667032336,0.02414777051030974,-0.27912207182176224,-0.0007590777954668756,-0.21792430598063697,-0.2757736706292429,-0.00014412801653531816,-0.004244139842892869,-0.27641279670001145,-0.00068403392410122,-0.6175267871099824,-0.5139086041543571,0.00025454261908406745,-0.7960896909488063,-0.503781755493566,0.0007276273865051919,-0.10595648748261093,-0.270965932145772,-0.0004149985781185205,-0.2359669023477229,-0.267715373548212,-8.350913717896716e-05,-0.8177554213786912,-0.497738294222824,0.0007982010390998135,-12.0,0.0,0.05494938835657983,0.2028316290565364,0.016890966345462204
0.88,5.0,0.03995693333020175,-0.24433833430528346,-0.5359249334320122,-0.0007294837722366779,0.11266248382901707,-0.20839006210876534,-0.000803415276129092,-0.10783559796236494,-0.20428362255058585,-0.000240379668413701,-0.16530229675052147,-0.5253642410237948,-0.0009003971104535233,0.16447352172420443,-0.20183299755738443,-0.0009168282180429196,-0.23118927244681722,-0.2847328883080721,-0.00013338200502127195,-0.15412010796122777,-0.5190618721725261,-0.0009127043316000707,0.02378146074420375,-0.27912207182176224,-0.00075817460583018,-0.21771895961627635,-0.2757736706292429,-0.00014462341162151484,-0.005703461669623712,-0.27641279670001145,-0.0006804216421427966,-0.6193189485664109,-0.5139086041543571,0.00025904545738906327,-0.7973257242477598,-0.503781755493566,0.000730769838638101,-0.10695297201181188,-0.270965932145772,-0.00041252361165790275,-0.23762557499134462,-0.267715373548212,-7.937117800122275e-05,-0.8184671613876817,-0.497738294222824,0.0008000428178896679,-12.0,0.0,0.05494892014918249,0.20281710041400336,0.016870900873044253
0.882,4.0,0.024656958415142097,-0.24454139408827974,-0.5359249334320122,-0.0007289664978168219,0.11234069953357714,-0.20839006210876534,-0.0008026313648444561,-0.10753599228896943,-0.20428362255058585,-0.00024112006147055228,-0.1653960900982742,-0.5253642410237948,-0.0009001548606831833,0.16403930391843857,-0.20183299755738443,-0.0009157662982039722,-0.23099172572323942,-0.2847328883080721,-0.00013385903965313714,-0.15425934048514234,-0.5190618721725261,-0.0009123544105282458,0.02341009439018946,-0.27912207182176224,-0.0007572588314149149,-0.21750651036713872,-0.2757736706292429,-0.00014513677753241638,-0.0071771978408680685,-0.27641279670001145,-0.0006767733375759693,-0.6211020790297747,-0.5139086041543571,0.0002635258610301344,-0.7985407579989824,-0.503781755493566,0.0007338599218854846,-0.10795596978745423,-0.270965932145772,-0.00041003240033490044,-0.23928766763793508,-0.267715373548212,-7.522449639216847e-05,-0.8191539114596447,-0.497738294222824,0.0008018221679121443,-12.0,0.0,0.054948452767783845,0.20280253076257776,0.016850784112560423
0.884,5.0,0.039562760782674664,-0.24474353192779297,-0.5359249334320122,-0.0007284588483593311,0.11200905625158035,-0.20839006210876534,-0.0008018269041058562,-0.10723487877559881,-0.20428362255058585,-0.00024186907565404105,-0.16548675781170963,-0.5253642410237948,-0.0008999203773138015,0.16359560813327492,-0.20183299755738443,-0.0009146807536895576,-0.23078709738603193,-0.2847328883080721,-0.00013435290646208166,-0.1543978833890457,-0.5190618721725261,-0.0009120063292184594,0.023033658889567453,-0.27912207182176224,-0.0007563304155298793,-0.2172870499899084,-0.2757736706292429,-0.00014566790065526045,-0.00866535276896224,-0.27641279670001145,-0.0006730889971478585,-0.6228761219235651,-0.5139086041543571,0.0002679836871885438,-0.7997347416887148,-0.503781755493566,0.0007368975062635411,-0.10896549588286655,-0.270965932145772,-0.0004075249058957945,-0.24095311078521692,-0.267715373548212,-7.106926477569234e-05,-0.8198156551062394,-0.497738294222824,0.0008035390430920517,-12.0,0.0,0.05494797220277101,0.2027879379725174,0.016830635910637767
0.886,5.0,0.04049290331323304,-0.24494141156209476,-0.5359249334320122,-0.0007279535037605481,0.11166946963676622,-0.20839006210876534,-0.0008009977959008642,-0.10693011030507792,-0.20428362255058585,-0.0002426218594374676,-0.16557433788507633,-0.5253642410237948,-0.0008996937080302128,0.16314252298922824,-0.20183299755738443,-0.0009135715142266484,-0.23057581418381462,-0.2847328883080721,-0.0001348644773051004,-0.1545358114554459,-0.5190618721725261,-0.000911659971958701,0.022652141098900846,-0.27912207182176224,-0.0007553893267783242,-0.21706062456863912,-0.2757736706292429,-0.0001462165515983363,-0.010167929974868949,-0.27641279670001145,-0.000669368609827623,-0.6246410212251549,-0.5139086041543571,0.00027241879442301995,-0.8009076262859944,-0.503781755493566,0.0007398824654878722,-0.10998156514034758,-0.270965932145772,-0.0004050010906572637,-0.2426218344029594,-0.267715373548212,-6.690565690748773e-05,-0.8204523777810032,-0.497738294222824,0.0008051934022085386,-12.0,0.0,0.05494749801607421,0.20277329771997146,0.016810429347305623
0.888,5.0,0.039639335157906554,-0.2451340725945817,-0.5359249334320122,-0.0007274588046747936,0.11132250861883576,-0.20839006210876534,-0.000800148829363829,-0.10662109026652321,-0.20428362255058585,-0.00024338378061376984,-0.1656588479298167,-0.5253642410237948,-0.000899474757846796,0.16268009449398113,-0.20183299755738443,-0.0009124388013665316,-0.2303580158514321,-0.2847328883080721,-0.00013539268531064368,-0.1546731787296869,-0.5190618721725261,-0.0009113151517927004,0.022265536896593982,-0.27912207182176224,-0.0007544355323016577,-0.2168272859351976,-0.2757736706292429,-0.0001467826151515095,-0.011684932085678017,-0.27641279670001145,-0.0006656121668128563,-0.6263967214686708,-0.5139086041543571,0.0002768310426769943,-0.8020593642455789,-0.503781755493566,0.0007428146769810712,-0.11100419216828811,-0.270965932145772,-0.00040246091751356116,-0.2442937679378181,-0.267715373548212,-6.273384786313153e-05,-0.8210640668793404,-0.497738294222824,0.000806785208895448,-12.0,0.0,0.054947023479055564,0.20275861866666667,0.016790174056540652
0.89,4.0,0.024257907891139248,-0.24532279083403932,-0.5359249334320122,-0.0007269771520935763,0.11096747338248221,-0.20839006210876534,-0.0007992814268190028,-0.10630868116248574,-0.20428362255058585,-0.0002441563307101566,-0.16574028657962486,-0.5253642410237948,-0.0008992634827349452,0.16220832875085509,-0.20183299755738443,-0.0009112827301284139,-0.23013356876031532,-0.2847328883080721,-0.0001359371811416,-0.15481001700538735,-0.5190618721725261,-0.000910971733607098,0.021873851695389954,-0.27912207182176224,-0.0007534690217958906,-0.21658709228225917,-0.2757736706292429,-0.00014736596173511328,-0.013216360832165902,-0.27641279670001145,-0.0006618196615358336,-0.6281431677478446,-0.5139086041543571,0.00028122029328578405,-0.8031899095107592,-0.503781755493566,0.0007456940218800324,-0.11203339133828583,-0.270965932145772,-0.00039990434994370983,-0.2459688403182449,-0.267715373548212,-5.855401402598479e-05,-0.8216507117383582,-0.497738294222824,0.000808314431641291,-12.0,0.0,0.05494655037777717,0.2027438987506818,0.0167698677785232
0.892,5.0,0.03939535338393099,-0.245510557905468,-0.5359249334320122,-0.0007265053564949322,0.11060268932050757,-0.20839006210876534,-0.000798393838728119,-0.1059948636934201,-0.20428362255058585,-0.0002449373534702503,-0.16581863662367088,-0.5253642410237948,-0.0008990598861104247,0.16172720186671205,-0.20183299755738443,-0.0009101033157705987,-0.2299021228667911,-0.2847328883080721,-0.00013649829886939192,-0.15494633769834731,-0.5190618721725261,-0.000910629637917847,0.02147709853029034,-0.27912207182176224,-0.0007524898087928805,-0.21634011174816636,-0.2757736706292429,-0.00014796644586745935,-0.014762217046414405,-0.27641279670001145,-0.000657991089669614,-0.6298803057188419,-0.5139086041543571,0.00028558640898371874,-0.804299217516061,-0.503781755493566,0.0007485203850429831,-0.11306917678225367,-0.270965932145772,-0.0003973313520187155,-0.24764697995946797,-0.267715373548212,-5.4366333074917786e-05,-0.82221230363655,-0.497738294222824,0.0008097810437888356,-12.0,0.0,0.05494606440984891,0.20272915610712255,0.01674953062679329
0.894,5.0,0.04030384544550562,-0.2456940012834085,-0.5359249334320122,-0.0007260359388163605,0.11023009981497929,-0.20839006210876534,-0.0007974818785731823,-0.10567746974909702,-0.20428362255058585,-0.0002457218971429144,-0.16589393668234598,-0.5253642410237948,-0.0008988640110003096,0.16123680530377235,-0.20183299755738443,-0.0009089004985602412,-0.22966411462142225,-0.2847328883080721,-0.00013707691360320248,-0.15508219377874338,-0.5190618721725261,-0.0009102888361854469,0.021075281944133852,-0.27912207182176224,-0.0007514979258801315,-0.21608637404765688,-0.2757736706292429,-0.00014858389720269136,-0.016322500659488922,-0.27641279670001145,-0.0006541264491339927,-0.6316080816030677,-0.5139086041543571,0.00028992925391121196,-0.8053872451898343,-0.503781755493566,0.0007512936550562377,-0.11411156238952155,-0.270965932145772,-0.0003947418884087959,-0.2493281147685413,-0.267715373548212,-5.017098397186011e-05,-0.822748835793325,-0.497738294222824,0.0008111850235343149,-12.0,0.0,0.05494558531300418,0.20271436596971243,0.016729135232586557
0.896,4.0,0.02392555723044458,-0.24587216478125484,-0.5359249334320122,-0.0007255773303715094,0.10985027627383279,-0.20839006210876534,-0.0007965504048093616,-0.10535590719727993,-0.20428362255058585,-0.0002465153820037221,-0.1659662057472669,-0.5253642410237948,-0.000898675760853622,0.16073718769659384,-0.20183299755738443,-0.0009076745071528919,-0.2294196868332761,-0.2847328883080721,-0.0001376719342166246,-0.1552176167044836,-0.5190618721725261,-0.0009099491959844568,0.020668415283969184,-0.27912207182176224,-0.0007504933844147401,-0.21582591654946165,-0.2757736706292429,-0.0001492182414539651,-0.017897210699176568,-0.27641279670001145,-0.0006502257401013063,-0.6333264421899503,-0.5139086041543571,0.00029424869362177644,-0.8064539509567314,-0.503781755493566,0.0007540137242406708,-0.11516056180393205,-0.270965932145772,-0.00039213592439062616,-0.2510121721494634,-0.267715373548212,-4.596814694917677e-05,-0.8232603033683861,-0.497738294222824,0.0008125263539262526,-12.0,0.0,0.054945106221538254,0.2026995371227324,0.016708691356409473
0.898,4.0,0.025166903593852263,-0.2460482894092785,-0.5359249334320122,-0.0007251319216268934,0.1094614025895547,-0.20839006210876534,-0.0007956008459564953,-0.10503231842225429,-0.20428362255058585,-0.0002473192883832648,-0.16603542711885,-0.5253642410237948,-0.0008984950881913197,0.16022832488695662,-0.20183299755738443,-0.0009064254631349457,-0.2291684669135927,-0.2847328883080721,-0.00013828300368698998,-0.1553526090231745,-0.5190618721725261,-0.0009096106386701061,0.020256519802607256,-0.27912207182176224,-0.0007494762177643286,-0.21555880000289496,-0.2757736706292429,-0.00014986938519945316,-0.019486345287784493,-0.27641279670001145,-0.0006462889650020873,-0.6350353348397021,-0.5139086041543571,0.00029854459508898284,-0.8074992947400725,-0.503781755493566,0.0007566804886579137,-0.11621618842093018,-0.270965932145772,-0.0003895134258545999,-0.2526990790083647,-0.267715373548212,-4.1758003496871476e-05,-0.8237467034609539,-0.497738294222824,0.0008138050228639051,-12.0,0.0,0.05494462066869611,0.20268467775138696,0.016688208057815696
0.9,5.0,0.03972929006406839,-0.24622228911655053,-0.5359249334320122,-0.0007246916100568343,0.10906355647148942,-0.20839006210876534,-0.0007946286617458001,-0.10470667785222683,-0.20428362255058585,-0.00024812826032082893,-0.16610158601260097,-0.5253642410237948,-0.0008983220347623619,0.15971021628276777,-0.20183299755738443,-0.0009051533061108527,-0.2289102035300668,-0.2847328883080721,-0.0001389110534861985,-0.1554895516597728,-0.5190618721725261,-0.000909273157873379,0.019837983645939524,-0.27912207182176224,-0.0007484464790609237,-0.21528693391631465,-0.2757736706292429,-0.00015053717656586987,-0.021089901639998767,-0.27641279670001145,-0.0006423161285305675,-0.6367347074860579,-0.5139086041543571,0.0003028168267133624,-0.8085232379640989,-0.503781755493566,0.0007592938481162664,-0.1172784553846476,-0.270965932145772,-0.00038687435931210464,-0.2543887617587631,-0.267715373548212,-3.75407363496183e-05,-0.824208035108839,-0.497738294222824,0.0008150210230953248,-12.0,0.0,0.05494414041780588,0.20266979087288914,0.016667688866628835
0.902,5.0,0.04202925091947988,-0.24639182628793715,-0.5359249334320122,-0.0007242566107886542,0.10865809957393431,-0.20839006210876534,-0.0007936340464506369,-0.10437749435496295,-0.20428362255058585,-0.00024894236174589755,-0.16616473249811292,-0.5253642410237948,-0.0008981566375279845,0.15918296723115005,-0.20183299755738443,-0.0009038580346003805,-0.228645443126832,-0.2847328883080721,-0.00013955671194501321,-0.15562654786979122,-0.5190618721725261,-0.0009089308012818833,0.019414158050535448,-0.27912207182176224,-0.0007474001386692544,-0.21500881626851856,-0.2757736706292429,-0.00015121684178232066,-0.022707876060804096,-0.27641279670001145,-0.0006383072376500318,-0.6384245086389899,-0.5139086041543571,0.00030706525832925184,-0.8095257435561128,-0.503781755493566,0.0007618537061763323,-0.11834737558498151,-0.270965932145772,-0.00038421869190281106,-0.25608114632688767,-0.267715373548212,-3.331652947362221e-05,-0.8246442992873614,-0.497738294222824,0.0008161743522150375,-12.0,0.0,0.05494366021958259,0.202654857672355,0.016647112831616934
0.904,5.0,0.04093415691440644,-0.24655593892012956,-0.5359249334320122,-0.0007238327678601876,0.10824561132504769,-0.20839006210876534,-0.0007926204042067492,-0.10404417272468773,-0.20428362255058585,-0.00024976532048905727,-0.16622489706941904,-0.5253642410237948,-0.0008979987713142046,0.1586466426520775,-0.20183299755738443,-0.0009025399119713362,-0.22837444266199952,-0.2847328883080721,-0.00014021861295310023,-0.1557626964894699,-0.5190618721725261,-0.0009085883107568371,0.018985702015764168,-0.27912207182176224,-0.0007463405746807441,-0.2147237525550648,-0.2757736706292429,-0.00015191213590181086,-0.02434026394346476,-0.27641279670001145,-0.0006342623015980184,-0.6401046873874006,-0.5139086041543571,0.00031128976121158196,-0.8105067759485057,-0.503781755493566,0.0007643599701563672,-0.11942296165466859,-0.270965932145772,-0.0003815463914019763,-0.25777615815706917,-0.267715373548212,-2.9085568053310862e-05,-0.8250554989081178,-0.497738294222824,0.0008172650126613435,-12.0,0.0,0.0549431813080617,0.20263988661601723,0.016626489441632326
0.906,5.0,0.04333103622455855,-0.24671701109571587,-0.5359249334320122,-0.0007234224862797066,0.10782476392866253,-0.20839006210876534,-0.0007915891835845327,-0.10370829574796576,-0.20428362255058585,-0.0002505986245647453,-0.16628207242529228,-0.5253642410237948,-0.0008978483598859393,0.1581012367530068,-0.20183299755738443,-0.0009011991005236548,-0.2280969313340589,-0.2847328883080721,-0.00014089611411518142,-0.15589807681703904,-0.5190618721725261,-0.0009082479392076405,0.018552588554136794,-0.27912207182176224,-0.000745269434593816,-0.2144318569024696,-0.2757736706292429,-0.0001526247951854453,-0.025987059767567013,-0.27641279670001145,-0.0006301813318913667,-0.6417751934017911,-0.5139086041543571,0.0003154902080826086,-0.8114663010806716,-0.503781755493566,0.0007668125511373495,-0.12050522596635414,-0.270965932145772,-0.0003788574262277586,-0.259473722217198,-0.267715373548212,-2.4848038477857104e-05,-0.8254416388175966,-0.497738294222824,0.0008182930117132345,-12.0,0.0,0.05494269736196494,0.20262488120305414,0.016605822517850286
0.908,4.0,0.02488313959006503,-0.24687586216028454,-0.5359249334320122,-0.0007230198058407408,0.10739512296177771,-0.20839006210876534,-0.0007905370650935698,-0.1033704287224458,-0.20428362255058585,-0.00025143831700655023,-0.16633626348408156,-0.5253642410237948,-0.0008977054214962562,0.15754677077917564,-0.20183299755738443,-0.000899835585775978,-0.22781282577870504,-0.2847328883080721,-0.00014158989243503298,-0.1560327607503448,-0.5190618721725261,-0.0009079094883887176,0.01811479949765047,-0.27912207182176224,-0.0007441866509397475,-0.21413322663030976,-0.2757736706292429,-0.00015335453431693325,-0.02764825709712336,-0.27641279670001145,-0.0006260643423311112,-0.6434359769369079,-0.5139086041543571,0.00031966647311858497,-0.8124042864008086,-0.503781755493566,0.0007692113639677642,-0.12159418062965698,-0.270965932145772,-0.0003761517654485447,-0.26117376300424827,-0.267715373548212,-2.0604128327535028e-05,-0.8258027257956411,-0.497738294222824,0.0008192583614869314,-12.0,0.0,0.05494221527012552,0.20260983303440072,0.01658510284459456
0.91,5.0,0.04150473043830376,-0.24703134611432356,-0.5359249334320122,-0.000722622678179319,0.1069573760055823,-0.20839006210876534,-0.0007894629626763576,-0.10302985750496775,-0.20428362255058585,-0.00025228298457035016,-0.16638749108724582,-0.5253642410237948,-0.0008975699438492829,0.1569833006115562,-0.20183299755738443,-0.0008984494208414001,-0.22752228670445507,-0.2847328883080721,-0.0001423001563234176,-0.156166823897507,-0.5190618721725261,-0.0009075727785554533,0.017672320914734287,-0.27912207182176224,-0.0007430921782985319,-0.2138279400464147,-0.2757736706292429,-0.00015410110999733288,-0.029323848578738897,-0.27641279670001145,-0.0006219113490072202,-0.645086988834365,-0.5139086041543571,0.00032381843195637694,-0.8133207008676053,-0.503781755493566,0.0007715563272681067,-0.1226898374882301,-0.270965932145772,-0.0003734293787902876,-0.26287620454986765,-0.267715373548212,-1.6354026359909345e-05,-0.8261387685537606,-0.497738294222824,0.0008201610789320427,-12.0,0.0,0.05494172460768517,0.20259475559814713,0.01656434532352377
0.912,4.0,0.024397642108613782,-0.24718131857681314,-0.5359249334320122,-0.0007222339682942217,0.10651278257394182,-0.20839006210876534,-0.0007883685952858691,-0.10268521892879245,-0.20428362255058585,-0.00025313441261404527,-0.166435785097717,-0.5253642410237948,-0.0008974418748413723,0.15641089972306685,-0.20183299755738443,-0.0008970407454223515,-0.22722560470240374,-0.2847328883080721,-0.00014302650400904255,-0.15630034219282057,-0.5190618721725261,-0.0009072376206875477,0.017225143953413576,-0.27912207182176224,-0.0007419859818412414,-0.2135160593371183,-0.2757736706292429,-0.00015486432645707052,-0.031013825939840128,-0.27641279670001145,-0.0006177223703031814,-0.6467281805252433,-0.5139086041543571,0.00032794596170001965,-0.8142155149518149,-0.503781755493566,0.0007738473634350985,-0.12379220811681779,-0.270965932145772,-0.00037069023664385487,-0.2645809704260329,-0.267715373548212,-1.2097922495860892e-05,-0.8264497777332903,-0.497738294222824,0.0008210011858273414,-12.0,0.0,0.054941238570861174,0.20257963251237837,0.01654353193840991
0.914,5.0,0.03973479597222426,-0.24732916929400345,-0.5359249334320122,-0.0007218590371379977,0.10605944058917043,-0.20839006210876534,-0.0007872571117067679,-0.10233874895213911,-0.20428362255058585,-0.0002539960090544835,-0.1664811318701755,-0.5253642410237948,-0.0008973211398151944,0.1558295517679876,-0.20183299755738443,-0.0008956097432011281,-0.2269223934820203,-0.2847328883080721,-0.00014376820901417086,-0.15643334676748288,-0.5190618721725261,-0.0009069038249492638,0.01677327408183454,-0.27912207182176224,-0.0007408680394379396,-0.21319767234078568,-0.2757736706292429,-0.00015564402823031148,-0.03271817998696648,-0.27641279670001145,-0.0006134974269004284,-0.6483595040326657,-0.5139086041543571,0.00033204894092721536,-0.8150887006377138,-0.503781755493566,0.0007760843986456223,-0.12490130381830908,-0.270965932145772,-0.0003679343100723856,-0.2662879837507702,-0.267715373548212,-7.83600780544777e-06,-0.8267357659033997,-0.497738294222824,0.0008217787087761658,-12.0,0.0,0.05494074591691758,0.20256447821992868,0.016522678631140375
0.916,5.0,0.04026963603615096,-0.24747483058513395,-0.5359249334320122,-0.0007214894103450219,0.10559742468008555,-0.20839006210876534,-0.0007861237567448394,-0.10199043520125775,-0.20428362255058585,-0.00025486218399611686,-0.1665235443297167,-0.5253642410237948,-0.0008972077728840481,0.15523929799931865,-0.20183299755738443,-0.00089415637331343,-0.22661268791861364,-0.2847328883080721,-0.00014452623706512943,-0.1565658849105862,-0.5190618721725261,-0.000906571313512608,0.01631671593178381,-0.27912207182176224,-0.000739738364758992,-0.21287284553972546,-0.2757736706292429,-0.00015643999572114307,-0.034436900604124854,-0.27641279670001145,-0.0006092365417826125,-0.6499809119743494,-0.5139086041543571,0.0003361272496957715,-0.8159402314244473,-0.503781755493566,0.0007782673628603695,-0.12601713562078826,-0.270965932145772,-0.0003651615708186574,-0.2679971671939397,-0.267715373548212,-3.56847449360459e-06,-0.8269967475589494,-0.497738294222824,0.0008224936792014392,-12.0,0.0,0.05494025141395008,0.20254928689246252,0.01650177902778213
0.918,5.0,0.0410648640764677,-0.2476159270677501,-0.5359249334320122,-0.0007211252571171956,0.10512813146209854,-0.20839006210876534,-0.0007849687169721273,-0.10163876580786065,-0.20428362255058585,-0.0002557329683733203,-0.16656305372451,-0.5253642410237948,-0.000897101741735195,0.15464021742292405,-0.20183299755738443,-0.0008926807388917576,-0.226296808319311,-0.2847328883080721,-0.00014530050097364612,-0.15669801481760026,-0.5190618721725261,-0.0009062399681548497,0.01585547494545353,-0.27912207182176224,-0.0007385969693838651,-0.21254162716723268,-0.2757736706292429,-0.0001572520627237936,-0.03616997675120747,-0.27641279670001145,-0.0006049397402397165,-0.6515923575651328,-0.5139086041543571,0.00034018076954998064,-0.8167700823272601,-0.503781755493566,0.0007803961898272033,-0.12713971427458265,-0.270965932145772,-0.0003623719913124594,-0.26970844298308416,-0.267715373548212,7.044841143191704e-07,-0.8272327391181972,-0.497738294222824,0.0008231461333403134,-12.0,0.0,0.0549397601955738,0.20253405221882267,0.016480826238310736
0.92,4.0,0.023936430901565407,-0.24775150128704398,-0.5359249334320122,-0.0007207725159106553,0.10465214775893603,-0.20839006210876534,-0.0007837954839271596,-0.10128315148052017,-0.20428362255058585,-0.000256612141856813,-0.1665996813684414,-0.5253642410237948,-0.000897002968248212,0.15403236691926053,-0.20183299755738443,-0.0008911830374507713,-0.22597490555115257,-0.2847328883080721,-0.0001460901999719027,-0.1568297820051086,-0.5190618721725261,-0.0009059096433873146,0.015389562537787034,-0.27912207182176224,-0.0007374438669180395,-0.21220406759696797,-0.2757736706292429,-0.00015808010865502557,-0.03791739646247332,-0.27641279670001145,-0.0006006070498720099,-0.6531937946194801,-0.5139086041543571,0.00034420938352693915,-0.817578229878613,-0.503781755493566,0.0007824708170842354,-0.12826905024930782,-0.270965932145772,-0.00035956554467797346,-0.2714217329093407,-0.267715373548212,4.9826735871803805e-06,-0.8274437589203538,-0.497738294222824,0.0008237361122384329,-12.0,0.0,0.05493926939454668,0.20251877797873513,0.016459824460516765
0.922,4.0,0.024001392202632976,-0.2478861526678294,-0.5359249334320122,-0.0007204335803624206,0.10416687651499182,-0.20839006210876534,-0.0007826055246692535,-0.10092661178126561,-0.20428362255058585,-0.0002575011776751642,-0.16663340679663544,-0.5253642410237948,-0.0008969113991383834,0.15341571780748903,-0.20183299755738443,-0.0008896634111916124,-0.22564645378858672,-0.2847328883080721,-0.00014689495689229878,-0.156961189671976,-0.5190618721725261,-0.0009055802254185437,0.014919002314612335,-0.27912207182176224,-0.0007362790858988732,-0.21186024532735373,-0.2757736706292429,-0.00015892400758068734,-0.03967914684509347,-0.27641279670001145,-0.0005962385005938454,-0.6547851775539605,-0.5139086041543571,0.0003482129761628075,-0.8183646521291841,-0.503781755493566,0.0007844911859626175,-0.12940515373091088,-0.270965932145772,-0.0003567422047411605,-0.27313695833341534,-0.267715373548212,9.265898402821687e-06,-0.8276298272229876,-0.497738294222824,0.0008242636617438246,-12.0,0.0,0.05493877232416635,0.20250347277696135,0.0164387831906985
0.924,5.0,0.04185102835189515,-0.2480195312309369,-0.5359249334320122,-0.000720096951910457,0.10367255799040755,-0.20839006210876534,-0.000781392346559393,-0.10056895134141058,-0.20428362255058585,-0.0002583925269233006,-0.16666424520435533,-0.5253642410237948,-0.0008968270855678984,0.15279031921612543,-0.20183299755738443,-0.0008881217884121837,-0.22531152396688175,-0.2847328883080721,-0.00014771608629871342,-0.15709226747872798,-0.5190618721725261,-0.0009052517062513751,0.014443813330049337,-0.27912207182176224,-0.0007351026853409365,-0.21151021432540668,-0.2757736706292429,-0.00015978356325472293,-0.041455214077760524,-0.27641279670001145,-0.000591834124637295,-0.6563664613897031,-0.5139086041543571,0.0003521914334990084,-0.8191293286487562,-0.503781755493566,0.0007864572415890453,-0.130548034618712,-0.270965932145772,-0.00035390194603715286,-0.27485404019161985,-0.267715373548212,1.3553961963008315e-05,-0.8277909661992795,-0.497738294222824,0.000824728832500409,-12.0,0.0,0.05493827254483133,0.20248813214129444,0.01641769757640359
0.926,5.0,0.04109730157367866,-0.24814685813605106,-0.5359249334320122,-0.0007197635055026882,0.10317197443986824,-0.20839006210876534,-0.0007801565502479322,-0.10020710030249651,-0.20428362255058585,-0.00025928667802293815,-0.16669224713147526,-0.5253642410237948,-0.0008967499895485986,0.15215628809092796,-0.20183299755738443,-0.0008865582919337748,-0.22497073232156686,-0.2847328883080721,-0.00014855341085297583,-0.15722306493381286,-0.5190618721725261,-0.0009049240117344953,0.013964016223988284,-0.27912207182176224,-0.000733914712879529,-0.21115399376325256,-0.2757736706292429,-0.0001606586407595906,-0.04324558340936246,-0.27641279670001145,-0.0005873939565556273,-0.6579376017548283,-0.5139086041543571,0.000356144643088365,-0.8198722405269887,-0.503781755493566,0.0007883689328879756,-0.13169770252244456,-0.270965932145772,-0.00035104474381765006,-0.27657289900196996,-0.267715373548212,1.7846666608519606e-05,-0.8279271999351273,-0.497738294222824,0.0008251316799411388,-12.0,0.0,0.054937770823185336,0.20247275519145166,0.01639656667125259
0.928,5.0,0.04007949899481471,-0.2482685712040257,-0.5359249334320122,-0.0007194451882399028,0.1026649171187691,-0.20839006210876534,-0.0007789050913715839,-0.09984137617447686,-0.20428362255058585,-0.00026019130562022336,-0.16671742525278574,-0.5253642410237948,-0.0008966799847307988,0.15151366241258316,-0.20183299755738443,-0.000884973214120781,-0.22462406517225592,-0.2847328883080721,-0.00014940538996626305,-0.15735360266550477,-0.5190618721725261,-0.000904597018096783,0.013479637490745383,-0.27912207182176224,-0.0007327152201143764,-0.2107916310057813,-0.2757736706292429,-0.0001615491921649759,-0.045050239157721175,-0.27641279670001145,-0.0005829180332266225,-0.6594985548868532,-0.5139086041543571,0.0003600724940011779,-0.8205933703740745,-0.503781755493566,0.0007902262125835569,-0.13285416675929443,-0.270965932145772,-0.0003481705740583187,-0.2782934548703448,-0.267715373548212,2.2143813634394882e-05,-0.8280385544261013,-0.497738294222824,0.0008254722642807582,-12.0,0.0,0.054937275351481,0.20245733158342688,0.016375379167959603
0.93,5.0,0.04556129901995272,-0.24838716623314444,-0.5359249334320122,-0.0007191409055699663,0.10214999432325277,-0.20839006210876534,-0.0007776374480688361,-0.09947343061948852,-0.20428362255058585,-0.0002611056159402725,-0.16673976079797942,-0.5253642410237948,-0.0008966170394275225,0.1508624319639254,-0.20183299755738443,-0.000883366649924919,-0.22427106942627104,-0.2847328883080721,-0.00015027205783954044,-0.15748551383232565,-0.5190618721725261,-0.0009042706737675532,0.012989576406018163,-0.27912207182176224,-0.000731504273281269,-0.2104244614655226,-0.2757736706292429,-0.000162455099058654,-0.04686916470839596,-0.27641279670001145,-0.0005784063938557258,-0.6610492776350732,-0.5139086041543571,0.0003639748768312401,-0.8212927023212825,-0.503781755493566,0.0007920290372012714,-0.13401743635093846,-0.270965932145772,-0.000345279413466194,-0.2800156274967068,-0.267715373548212,2.6445203305331956e-05,-0.8281250575742498,-0.497738294222824,0.0008257506505081933,-12.0,0.0,0.05493678134948414,0.20244188077569403,0.0163541565617129
0.932,5.0,0.045476990018496005,-0.24850583421953645,-0.5359249334320122,-0.0007188444179971694,0.10162541426773887,-0.20839006210876534,-0.0007763501410800453,-0.0991053665529922,-0.20428362255058585,-0.00026202547982774333,-0.16675924937750242,-0.5253642410237948,-0.0008965612005645383,0.15020260195593424,-0.20183299755738443,-0.0008817385738032746,-0.22391143922279835,-0.2847328883080721,-0.00015115454720450263,-0.15761835091387782,-0.5190618721725261,-0.0009039408958505011,0.012494174200768605,-0.27912207182176224,-0.000730279120569451,-0.2100522060294425,-0.2757736706292429,-0.00016337302290930078,-0.04870234251355208,-0.27641279670001145,-0.0005738590799790387,-0.662589727462918,-0.5139086041543571,0.00036785168370179005,-0.8219702220213839,-0.503781755493566,0.0007937773670692914,-0.13518752002058293,-0.270965932145772,-0.0003423712394870839,-0.2817393361813813,-0.267715373548212,3.075063487123692e-05,-0.8281867391847557,-0.497738294222824,0.0008259669083785646,-12.0,0.0,0.05493628260143723,0.2024263949225119,0.01633289019017349
0.934,5.0,0.04319222173582635,-0.2486207250784782,-0.5359249334320122,-0.0007185477480311894,0.10109343604806316,-0.20839006210876534,-0.0007750386909412606,-0.09873471965084746,-0.20428362255058585,-0.00026294563999398413,-0.16677595021856254,-0.5253642410237948,-0.0008965124791157308,0.14953429529851722,-0.20183299755738443,-0.0008800889987832966,-0.22354587101009163,-0.2847328883080721,-0.00015205362271318432,-0.15775046634839196,-0.5190618721725261,-0.0009036088031466207,0.011994629101996872,-0.27912207182176224,-0.0007290406150563271,-0.2096735699036471,-0.2757736706292429,-0.00016430366149950104,-0.05054975409089486,-0.27641279670001145,-0.0005692761354661485,-0.6641198624502831,-0.5139086041543571,0.0003717028082714022,-0.8226259166489646,-0.503781755493566,0.0007954711663195449,-0.13636442619000197,-0.270965932145772,-0.00033944603031297276,-0.28346449983139566,-0.267715373548212,3.505990658292324e-05,-0.8282236309624447,-0.497738294222824,0.0008261211124048293,-12.0,0.0,0.05493578185892048,0.2024108745783924,0.01631158072249195
0.936,5.0,0.041830779564983996,-0.24872971153638254,-0.5359249334320122,-0.000718260520883835,0.1005553294268156,-0.20839006210876534,-0.0007737087453920713,-0.09836014287037882,-0.20428362255058585,-0.00026387225724934597,-0.1667898949542533,-0.5253642410237948,-0.0008964707270130806,0.14885758909264543,-0.20183299755738443,-0.0008784182321397541,-0.22317465544085946,-0.2847328883080721,-0.00015296754324495114,-0.1578819693439297,-0.5190618721725261,-0.0009032785145603353,0.011490915051626159,-0.27912207182176224,-0.0007277917523093978,-0.2092886484976851,-0.2757736706292429,-0.0001652502518139895,-0.05241138002266939,-0.27641279670001145,-0.0005646576065227915,-0.6656396412958352,-0.5139086041543571,0.00037552814573981494,-0.8232597749006207,-0.503781755493566,0.0007971104028884965,-0.1375481629765767,-0.270965932145772,-0.00033650376488942517,-0.2851910369668766,-0.267715373548212,3.9372815707959114e-05,-0.8282357665081442,-0.497738294222824,0.0008262133418490517,-12.0,0.0,0.05493528420851959,0.2023953093509742,0.016290216764689266
0.9380000000000001,4.0,0.024753048156277813,-0.24883432490941373,-0.5359249334320122,-0.0007179880547390741,0.10001025851176198,-0.20839006210876534,-0.0007723634788389523,-0.0979826625219068,-0.20428362255058585,-0.0002648086992005176,-0.1668010905611203,-0.5253642410237948,-0.0008964358651738536,0.14817250893473694,-0.20183299755738443,-0.0008767264666250746,-0.22279764152941753,-0.2847328883080721,-0.00015389558216803156,-0.15801292921478716,-0.5190618721725261,-0.0009029497570714909,0.010983022771603278,-0.27912207182176224,-0.000726532467183471,-0.2088975445607145,-0.2757736706292429,-0.0001662125553288945,-0.0542871999547261,-0.27641279670001145,-0.0005600035416933552,-0.6671490233192927,-0.5139086041543571,0.00037932759285369517,-0.8238717869950405,-0.503781755493566,0.0007986950485176369,-0.13873873819033516,-0.270965932145772,-0.0003335444229229883,-0.28691886572750586,-0.267715373548212,4.3689158546661444e-05,-0.8282231813148958,-0.497738294222824,0.0008262436807133006,-12.0,0.0,0.05493478887653721,0.20237970061946875,0.016268799853627277
0.9400000000000001,5.0,0.0408520386876377,-0.24893792626621386,-0.5359249334320122,-0.0007177265213064963,0.09945633194333983,-0.20839006210876534,-0.0007710008015513184,-0.09760449077615282,-0.20428362255058585,-0.0002657524000716977,-0.1668095305558431,-0.5253642410237948,-0.0008964078761566862,0.14747905642812487,-0.20183299755738443,-0.0008750137662303034,-0.22241445127805495,-0.2847328883080721,-0.0001548381169466364,-0.15814339147914552,-0.5190618721725261,-0.0009026223573943474,0.010470952276862197,-0.27912207182176224,-0.0007252627364834138,-0.20850036810826406,-0.2757736706292429,-0.00016719031517132104,-0.05617719259565252,-0.27641279670001145,-0.0005553139918632134,-0.6686479684636808,-0.5139086041543571,0.000383101047912339,-0.8244619446729693,-0.503781755493566,0.0008002250787536863,-0.1399361593309936,-0.270965932145772,-0.00033056798488859216,-0.2886479038790331,-0.267715373548212,4.800873044823462e-05,-0.8281859127640179,-0.497738294222824,0.0008262122177301795,-12.0,0.0,0.05493428014059333,0.20236406861080142,0.01624735218140406
0.9420000000000001,5.0,0.04127328644902814,-0.24903922842663043,-0.5359249334320122,-0.0007174675179144959,0.09889433918281422,-0.20839006210876534,-0.0007696159851302629,-0.09722482653813677,-0.20428362255058585,-0.00026669782943608257,-0.16681524016759083,-0.5253642410237948,-0.0008963867761698791,0.14677729910707052,-0.20183299755738443,-0.0008732801349637733,-0.22202527284340265,-0.2847328883080721,-0.00015579609257504283,-0.1582734248428271,-0.5190618721725261,-0.0009022962017334515,0.00995470323301077,-0.27912207182176224,-0.000723982560246561,-0.20809719685219374,-0.2757736706292429,-0.00016818325630244712,-0.058081335715971315,-0.27641279670001145,-0.0005505890102608974,-0.6701364372975597,-0.5139086041543571,0.00038684841077330916,-0.8250302411970603,-0.503781755493566,0.0008017004729485083,-0.14114043358499961,-0.270965932145772,-0.00032757443203694606,-0.29037806881984557,-0.267715373548212,5.233132582705275e-05,-0.8281240001210225,-0.497738294222824,0.0008261190463529847,-12.0,0.0,0.05493377219578402,0.20234839554807157,0.016225854322832148
0.9440000000000001,5.0,0.04195356086434879,-0.24913576848529226,-0.5359249334320122,-0.0007172142625134545,0.09832575112504242,-0.20839006210876534,-0.000768211003228949,-0.09684210730733267,-0.20428362255058585,-0.0002676469900311227,-0.16681825257146188,-0.5253642410237948,-0.0008963725021405097,0.1460673207777406,-0.20183299755738443,-0.0008715257416611375,-0.2216304406870939,-0.2847328883080721,-0.0001567690386616736,-0.15840309979625186,-0.5190618721725261,-0.0009019711183242474,0.009434279236746439,-0.27912207182176224,-0.0007226919376369325,-0.2076880949364103,-0.2757736706292429,-0.00016919118444262292,-0.05999960614740491,-0.27641279670001145,-0.0005458286524601003,-0.6716143910172278,-0.5139086041543571,0.0003905695828580064,-0.8255766713516091,-0.503781755493566,0.0008031212142587357,-0.1423515678225773,-0.270965932145772,-0.00032456374640193103,-0.29210927758759375,-0.267715373548212,5.66567381790839e-05,-0.8280374845313847,-0.497738294222824,0.0008259642647454962,-12.0,0.0,0.05493326810408818,0.20233267777910252,0.0162043023397189
0.9460000000000001,4.0,0.02429676835779325,-0.24922773922645095,-0.5359249334320122,-0.0007169729123667998,0.09775050564140657,-0.20839006210876534,-0.0007667895330845194,-0.09645649160300732,-0.20428362255058585,-0.00026860378810813297,-0.16681858462599905,-0.5253642410237948,-0.0008963649711308322,0.1453491704011484,-0.20183299755738443,-0.0008697507958378126,-0.22122997309782808,-0.2847328883080721,-0.00015775611905244547,-0.15853246442217842,-0.5190618721725261,-0.0009016469309406855,0.008909692642244196,-0.27912207182176224,-0.0007213908776462718,-0.2072731333961726,-0.2757736706292429,-0.00017021393923208152,-0.06193197978220688,-0.27641279670001145,-0.0005410329763815164,-0.6730817914488983,-0.5139086041543571,0.00039426446715717657,-0.8261012314421736,-0.503781755493566,0.0008044872896451078,-0.143569568594775,-0.270965932145772,-0.00032153591080798683,-0.2938414468658725,-0.267715373548212,6.0984760098454356e-05,-0.8279264090161651,-0.497738294222824,0.0008257479757714018,-12.0,0.0,0.05493276479206678,0.2023169194017951,0.016182700750482948
0.9480000000000001,5.0,0.04093668794941225,-0.2493186542021002,-0.5359249334320122,-0.0007167429855139033,0.09716662048316879,-0.20839006210876534,-0.0007653514193754297,-0.09607028804176322,-0.20428362255058585,-0.0002695678273689464,-0.1668162309598071,-0.5253642410237948,-0.0008963641409944892,0.14462285443330672,-0.20183299755738443,-0.0008679554198963321,-0.22082348341797278,-0.2847328883080721,-0.00015875728802561002,-0.1586615369548927,-0.5190618721725261,-0.0009013235193758692,0.008380964581859883,-0.27912207182176224,-0.0007200794111600161,-0.2068524010096189,-0.2757736706292429,-0.0001712513430826758,-0.06387843157256032,-0.27641279670001145,-0.0005362020422945115,-0.67453860105085,-0.5139086041543571,0.00039793296823635306,-0.8266039192950779,-0.503781755493566,0.0008057986898715192,-0.14479444213051607,-0.270965932145772,-0.0003184909088774926,-0.29557449299095684,-0.267715373548212,6.53151832941512e-05,-0.8277908184674866,-0.497738294222824,0.0008254702869833528,-12.0,0.0,0.05493224837458546,0.20230113822469173,0.016161069070413765
0.9500000000000001,5.0,0.04163251444124259,-0.24940483049291676,-0.5359249334320122,-0.00071651569807478,0.09657627840692767,-0.20839006210876534,-0.0007638917064798354,-0.09568114596060616,-0.20428362255058585,-0.0002705333362720566,-0.16681123255415298,-0.5253642410237948,-0.0008963700251599691,0.14388847350497358,-0.20183299755738443,-0.0008661396299767279,-0.22041145599116382,-0.2847328883080721,-0.00015977351222524826,-0.15879038074953944,-0.5190618721725261,-0.0009010008380440835,0.00784810942505107,-0.27912207182176224,-0.0007187575910090554,-0.2064259434711727,-0.2757736706292429,-0.00017230317404906,-0.06583893553004333,-0.27641279670001145,-0.0005313359128186278,-0.67598478291555,-0.5139086041543571,0.0004015749922412321,-0.8270847342568011,-0.503781755493566,0.0008070554095037799,-0.14602619433365316,-0.270965932145772,-0.0003154287250381399,-0.2973083319585919,-0.267715373548212,6.964779860686207e-05,-0.8276307596438648,-0.497738294222824,0.0008251313106116565,-12.0,0.0,0.05493174083066076,0.20228530646834048,0.01613937698937345
0.9520000000000001,5.0,0.044150085885066234,-0.2494876123141265,-0.5359249334320122,-0.0007163002573477387,0.09597875186249563,-0.20839006210876534,-0.0007624158512892326,-0.09528996906699692,-0.20428362255058585,-0.00027150619147494926,-0.16680359990037044,-0.5253642410237948,-0.0008963825211741045,0.14314606493606372,-0.20183299755738443,-0.000864303677655895,-0.21999377393829103,-0.2847328883080721,-0.00016080358079227067,-0.1589190222521208,-0.5190618721725261,-0.0009006787285574667,0.007311152304954195,-0.27912207182176224,-0.0007174254531170332,-0.20599382799476085,-0.2757736706292429,-0.00017336931789517547,-0.06781346472516195,-0.27641279670001145,-0.0005264346529249203,-0.6774203007717515,-0.5139086041543571,0.0004051904469029821,-0.8275436771932505,-0.503781755493566,0.0008082574469080877,-0.14726483078002603,-0.270965932145772,-0.00031234934453029716,-0.2990428794308361,-0.267715373548212,7.398239602594976e-05,-0.8274462811653935,-0.497738294222824,0.000824731163552602,-12.0,0.0,0.05493122740794191,0.20226944302036154,0.01611764517827518
0.9540000000000001,5.0,0.04117104754107295,-0.24956914843986333,-0.5359249334320122,-0.0007160933027947142,0.09537284768635812,-0.20839006210876534,-0.0007609220349281524,-0.09489818121402961,-0.20428362255058585,-0.0002724841337089723,-0.16679333741096444,-0.5253642410237948,-0.0008964016028085609,0.14239565686988015,-0.20183299755738443,-0.0008624476562336203,-0.2195702191202015,-0.2847328883080721,-0.00016184778592445264,-0.15904747586482718,-0.5190618721725261,-0.0009003571248010132,0.006770122748698429,-0.27912207182176224,-0.0007160830603167911,-0.20555612717547458,-0.2757736706292429,-0.00017444960658620514,-0.06980199128695055,-0.27641279670001145,-0.0005214983299371238,-0.6788451189865637,-0.5139086041543571,0.000408779241543486,-0.8279807504889202,-0.503781755493566,0.0008094048042492114,-0.14851035671452398,-0.270965932145772,-0.000309252753414365,-0.300778050742957,-0.267715373548212,7.831876470656016e-05,-0.827237433508785,-0.497738294222824,0.0008242699673564239,-12.0,0.0,0.054930710602939165,0.20225354471044074,0.016095870239657143
0.9560000000000001,5.0,0.041897847152957114,-0.24964584174139348,-0.5359249334320122,-0.0007158894624803722,0.0947607062539987,-0.20839006210876534,-0.0007594072744878086,-0.09450348858384822,-0.20428362255058585,-0.0002734636033413906,-0.1667804854842673,-0.5253642410237948,-0.0008964272590320757,0.1416373490363002,-0.20183299755738443,-0.0008605716360681614,-0.21914126878367504,-0.2847328883080721,-0.00016290667296967647,-0.15917579019000744,-0.5190618721725261,-0.0009000359907692473,0.006225046722812419,-0.27912207182176224,-0.0007147304864261516,-0.20511287705110562,-0.2757736706292429,-0.00017554385863442082,-0.07180448640264003,-0.27641279670001145,-0.0005165270135326522,-0.6802592025674945,-0.5139086041543571,0.0004123412870805166,-0.8283959580459334,-0.503781755493566,0.0008104974874883856,-0.14976277704815283,-0.270965932145772,-0.00030613893857812013,-0.30251376091037935,-0.267715373548212,8.265669298686246e-05,-0.8270042690022656,-0.497738294222824,0.0008237478482149025,-12.0,0.0,0.05493019865024454,0.2022376012383668,0.016074040974480633
0.9580000000000001,4.0,0.023938125145960887,-0.2497179067414423,-0.5359249334320122,-0.0007156977292265468,0.09414225721501772,-0.20839006210876534,-0.0007578769209069102,-0.0941060640202492,-0.20428362255058585,-0.00027445033491684407,-0.16676506321840404,-0.5253642410237948,-0.0008964593888488188,0.1408711945786632,-0.20183299755738443,-0.0008586758664842116,-0.218706944422927,-0.2847328883080721,-0.00016397904881099262,-0.15930398337192161,-0.5190618721725261,-0.0008997152049562967,0.005675959472154643,-0.27912207182176224,-0.0007133677963614367,-0.20466413010495016,-0.2757736706292429,-0.00017665198394534323,-0.07382092031739379,-0.27641279670001145,-0.0005115207757434286,-0.6816625171644659,-0.5139086041543571,0.00041587649603284346,-0.8287893052829708,-0.503781755493566,0.0008115355063809185,-0.15102209635510708,-0.270965932145772,-0.000303007887744048,-0.304249924635684,-0.267715373548212,8.699596840541835e-05,-0.8267468418203279,-0.497738294222824,0.0008231649369486041,-12.0,0.0,0.0549296880200246,0.20222161704201827,0.01605216226198483
0.96,4.0,0.027260684391731155,-0.24978894150758013,-0.5359249334320122,-0.0007155175667264246,0.09351546414139056,-0.20839006210876534,-0.0007563307983094576,-0.09370826848245117,-0.20428362255058585,-0.00027544389632584167,-0.1667470690790196,-0.5253642410237948,-0.0008964979445134769,0.1400972075746557,-0.20183299755738443,-0.0008567604803401191,-0.21826685620414746,-0.2847328883080721,-0.00016506485971286267,-0.15943204853762327,-0.5190618721725261,-0.0008993947220015111,0.005122901178822651,-0.27912207182176224,-0.0007119950782347922,-0.20420996085317927,-0.2757736706292429,-0.00017777385131073186,-0.07585126233411188,-0.27641279670001145,-0.0005064796909565442,-0.6830550290718024,-0.5139086041543571,0.000419384782525272,-0.8291607991340828,-0.503781755493566,0.0008125188744735121,-0.1522883188698477,-0.270965932145772,-0.0002998595894766624,-0.30598645631565763,-0.267715373548212,9.133637771868e-05,-0.8264652079783381,-0.497738294222824,0.0008225213689937597,-12.0,0.0,0.05492916450348149,0.20220561026201583,0.016030253920105902
0.962,4.0,0.0240231691120601,-0.24985646271067566,-0.5359249334320122,-0.0007153399798110802,0.0928818267680134,-0.20839006210876534,-0.0007547638156253897,-0.09330852993072891,-0.20428362255058585,-0.0002764383851703367,-0.1667265215990124,-0.5253642410237948,-0.000896542929861938,0.13931544853971795,-0.20183299755738443,-0.0008548255128301004,-0.2178210606467581,-0.2847328883080721,-0.00016616508025981157,-0.15956232028930079,-0.5190618721725261,-0.0008990745590872571,0.004564280600005669,-0.27912207182176224,-0.0007106124325014622,-0.20375223856610636,-0.2757736706292429,-0.0001789092744401591,-0.07789548081330334,-0.27641279670001145,-0.000501403835914749,-0.6844367052301907,-0.5139086041543571,0.0004228660622936131,-0.8295104480473875,-0.503781755493566,0.0008134476091012921,-0.153561448484186,-0.270965932145772,-0.00029669403318981083,-0.3077232700483921,-0.267715373548212,9.567770691861405e-05,-0.8261594253270018,-0.497738294222824,0.0008218172843887853,-12.0,0.0,0.05492865714969262,0.20218956125779552,0.016008294668403318
0.964,5.0,0.04357367278438071,-0.2499203810916013,-0.5359249334320122,-0.0007151711768033414,0.09224145391375274,-0.20839006210876534,-0.0007531797221919468,-0.09290682449970236,-0.20428362255058585,-0.0002774377315496424,-0.16670345341571782,-0.5253642410237948,-0.0008965942985619559,0.13852599731661983,-0.20183299755738443,-0.0008528711152427559,-0.21736984297587175,-0.2847328883080721,-0.00016727956915328496,-0.1596929318240022,-0.5190618721725261,-0.0008987488797080632,0.004001463178486595,-0.27912207182176224,-0.0007092158810544199,-0.20328952461640185,-0.2757736706292429,-0.00018005358015784137,-0.07995354317302689,-0.27641279670001145,-0.0004962932897167703,-0.6858075132286123,-0.5139086041543571,0.00042632025268958404,-0.8298382619836535,-0.503781755493566,0.0008143217313845538,-0.154841488744374,-0.270965932145772,-0.00029351120915396513,-0.30946027964043304,-0.267715373548212,0.00010001974125045027,-0.8258295535466856,-0.497738294222824,0.0008210528277604446,-12.0,0.0,0.05492813894069231,0.20217347960681,0.015986294862638292
0.966,4.0,0.024873449729388715,-0.2499796164470669,-0.5359249334320122,-0.0007150113808510272,0.09159503212179697,-0.20839006210876534,-0.0007515787900562953,-0.09250248797308165,-0.20428362255058585,-0.00027844199512720876,-0.16667789775823605,-0.5253642410237948,-0.0008966519690201924,0.13772893486827326,-0.20183299755738443,-0.0008508974871850106,-0.21691349582517888,-0.2847328883080721,-0.00016840761333050084,-0.15982300770296445,-0.5190618721725261,-0.0008984223508713096,0.003435122020131213,-0.27912207182176224,-0.0007078088375006221,-0.2028211475926586,-0.2757736706292429,-0.00018121036503210264,-0.08202541588890008,-0.27641279670001145,-0.0004911481338174614,-0.6871674213062473,-0.5139086041543571,0.00042974727268563803,-0.8301442524147679,-0.503781755493566,0.0008151412662252189,-0.156128442848202,-0.270965932145772,-0.00029031110850349505,-0.3111973986139764,-0.267715373548212,0.00010436226523055258,-0.8254756541415974,-0.497738294222824,0.000820228148309654,-12.0,0.0,0.054927628289213284,0.20215735153974837,0.015964239609243935
0.968,5.0,0.046443464535223605,-0.2500379148596267,-0.5359249334320122,-0.0007148632924623633,0.09094043419594569,-0.20839006210876534,-0.0007499627355764057,-0.09209797519513947,-0.20428362255058585,-0.0002794528364437605,-0.1666498563847921,-0.5253642410237948,-0.0008967158581638968,0.13692427730434073,-0.20183299755738443,-0.0008489048310641442,-0.21645160357553156,-0.2847328883080721,-0.00016954848120723302,-0.1599526071583103,-0.5190618721725261,-0.0008980971611739041,0.002865249350618601,-0.27912207182176224,-0.0007063929846047336,-0.20234724514648048,-0.2757736706292429,-0.00018238130759146078,-0.0841110644941773,-0.27641279670001145,-0.0004859684520277784,-0.68851639835435,-0.5139086041543571,0.0004331470428797254,-0.8304284323220897,-0.503781755493566,0.0008159062423030047,-0.1574223136421031,-0.270965932145772,-0.00028709372324392513,-0.31293454021411293,-0.267715373548212,0.00010870506266441094,-0.8250977904338246,-0.497738294222824,0.0008193433997969336,-12.0,0.0,0.05492710390106391,0.20214119983718318,0.015942153688234532
0.97,5.0,0.04325758626683666,-0.2500924113020791,-0.5359249334320122,-0.0007147175464309639,0.09027939191902747,-0.20839006210876534,-0.0007483262407617776,-0.09169146898398317,-0.20428362255058585,-0.00028046411838861593,-0.1666193640142106,-0.5253642410237948,-0.0008967859615975066,0.13611211492919534,-0.20183299755738443,-0.0008468931871543128,-0.21598454804510336,-0.2847328883080721,-0.0001707032118313513,-0.16008182891153228,-0.5190618721725261,-0.0008977731625355395,0.002291835891096744,-0.27912207182176224,-0.0007049683029309522,-0.20186790612791172,-0.2757736706292429,-0.0001835660637069061,-0.08621045357989632,-0.27641279670001145,-0.0004807543305145854,-0.6898544139180961,-0.5139086041543571,0.0004365194854999821,-0.8306908161946893,-0.503781755493566,0.0008166166920713095,-0.15872310361826633,-0.270965932145772,-0.0002838590462591723,-0.3146716174161194,-0.267715373548212,0.00011304791666475231,-0.8246960275572317,-0.497738294222824,0.0008183987405275014,-12.0,0.0,0.05492658612534613,0.20212499879398443,0.015920009197719204
0.972,4.0,0.02444278984356912,-0.250140982959564,-0.5359249334320122,-0.0007145813053248327,0.08961320544313597,-0.20839006210876534,-0.000746673635069482,-0.09128163226458051,-0.20428362255058585,-0.00028148038391650673,-0.16658645333130093,-0.5253642410237948,-0.0008968621925239603,0.1352925301429447,-0.20183299755738443,-0.0008448627812164494,-0.2155126295611254,-0.2847328883080721,-0.0001718708506574218,-0.16021075799178502,-0.5190618721725261,-0.0008974501081524845,0.0017148814266059861,-0.27912207182176224,-0.0007035347692821475,-0.20138321200950585,-0.2757736706292429,-0.00018476441125332796,-0.08832354679509394,-0.27641279670001145,-0.00047550585780028787,-0.6911814381984008,-0.5139086041543571,0.0004398645244093474,-0.8309314200274724,-0.503781755493566,0.0008172726517528084,-0.16003081491175772,-0.270965932145772,-0.00028060707131876425,-0.31640854293279536,-0.267715373548212,0.00011739060966976842,-0.8242704324512167,-0.497738294222824,0.0008173943333360193,-12.0,0.0,0.05492606970513395,0.202108755450084,0.015897813833245653
0.974,4.0,0.024511887992373138,-0.2501887077346744,-0.5359249334320122,-0.0007144598761811205,0.08893896482944043,-0.20839006210876534,-0.0007450081688797533,-0.0908717789655106,-0.20428362255058585,-0.00028250497571501333,-0.16655112073454736,-0.5253642410237948,-0.0008969444692312345,0.13446553223571261,-0.20183299755738443,-0.0008428138192508228,-0.21503528918734097,-0.2847328883080721,-0.0001730506468673667,-0.1603394213160104,-0.5190618721725261,-0.0008971277854518527,0.0011344017479835923,-0.27912207182176224,-0.0007020923831209206,-0.20089327648518354,-0.2757736706292429,-0.00018597614654934264,-0.09045030684709059,-0.27641279670001145,-0.0004702231247622938,-0.6924974420537078,-0.5139086041543571,0.00044318208511010925,-0.8311502613191915,-0.503781755493566,0.0008178741613347662,-0.16134544929765038,-0.270965932145772,-0.0002773377930850358,-0.3181452292218459,-0.267715373548212,0.00012173292346145836,-0.8238210738543275,-0.497738294222824,0.0008163303455709816,-12.0,0.0,0.054925547102828896,0.20209247968813532,0.015875578370349763
0.976,4.0,0.02430882434158399,-0.25023527512512944,-0.5359249334320122,-0.0007143405642433446,0.08825691302057072,-0.20839006210876534,-0.0007433225673455145,-0.09046174287576399,-0.20428362255058585,-0.00028352960896268814,-0.16651338811165073,-0.5253642410237948,-0.0008970328007231185,0.13363118611405952,-0.20183299755738443,-0.0008407463244827426,-0.21455260299785275,-0.2847328883080721,-0.0001742439978018278,-0.16046787259211956,-0.5190618721725261,-0.0008968061271412891,0.0005504099814487607,-0.27912207182176224,-0.0007006411839243646,-0.20039818624699288,-0.2757736706292429,-0.00018720098536014843,-0.09259069550184411,-0.27641279670001145,-0.00046490622463230214,-0.6938023970017488,-0.5139086041543571,0.00044647209474837663,-0.8313473590703412,-0.503781755493566,0.0008184212645640637,-0.1626670081881641,-0.270965932145772,-0.0002740512071203041,-0.3198815884933082,-0.267715373548212,0.00012607463918408473,-0.8233480222977386,-0.497738294222824,0.0008152069490787587,-12.0,0.0,0.054925022008592186,0.20207616694374178,0.01585329790866589
0.978,5.0,0.04272767078278415,-0.2502767838972251,-0.5359249334320122,-0.0007142241457672069,0.08756939687091618,-0.20839006210876534,-0.0007416174378233402,-0.09004903933995347,-0.20428362255058585,-0.0002845546991870547,-0.16647329639731348,-0.5253642410237948,-0.0008971271322803601,0.1327895927310381,-0.20183299755738443,-0.0008386604591786098,-0.2140650829363384,-0.2847328883080721,-0.00017545071327554833,-0.16059618605952647,-0.5190618721725261,-0.0008964849989510162,-3.7080278898836416e-05,-0.27912207182176224,-0.0006991812045080276,-0.19989800022871954,-0.2757736706292429,-0.00018843871095562507,-0.09474467358437277,-0.27641279670001145,-0.00045955525299541834,-0.6950962752212745,-0.5139086041543571,0.0004497344821184793,-0.8315227337809422,-0.503781755493566,0.000818914008941938,-0.16399549262981464,-0.270965932145772,-0.00027074730989401984,-0.32161753271702215,-0.267715373548212,0.00013041553736274053,-0.8228513500985898,-0.497738294222824,0.0008140243201872865,-12.0,0.0,0.054924492935155264,0.20205981936428954,0.01583097481716745
0.98,5.0,0.04522775680112998,-0.25031482998235854,-0.5359249334320122,-0.0007141203738369678,0.08687554288956724,-0.20839006210876534,-0.0007398986474492037,-0.08963473250908996,-0.20428362255058585,-0.00028558645802658096,-0.16643086075267724,-0.5253642410237948,-0.0008972273615662033,0.13194080041618625,-0.20183299755738443,-0.0008365564757210564,-0.21357259215945262,-0.2847328883080721,-0.0001766695134293342,-0.16072439470124844,-0.5190618721725261,-0.000896164215282499,-0.0006280436608688317,-0.27912207182176224,-0.0006977124788571585,-0.19939279898308268,-0.2757736706292429,-0.00018968917600130844,-0.09691220097924766,-0.27641279670001145,-0.0004541703077890967,-0.6963790495537543,-0.5139086041543571,0.00045296917766729337,-0.8316764074482098,-0.503781755493566,0.0008193524457184406,-0.16533090330057354,-0.270965932145772,-0.0002674260987898935,-0.3233529736301435,-0.267715373548212,0.00013475539792202535,-0.8223311313531846,-0.497738294222824,0.0008127826396894145,-12.0,0.0,0.05492396403684734,0.2020434317669289,0.01580860351004984
0.982,4.0,0.024008922616176657,-0.25035051936628266,-0.5359249334320122,-0.0007140252586241341,0.08617476605512742,-0.20839006210876534,-0.0007381640124958315,-0.08921957077157078,-0.20428362255058585,-0.00028662222510373973,-0.16638609792287723,-0.5253642410237948,-0.0008973334506777939,0.13108486269607603,-0.20183299755738443,-0.0008344344949339266,-0.21307504753885623,-0.2847328883080721,-0.00017790074037154867,-0.1608525291207487,-0.5190618721725261,-0.0008958436936781941,-0.001222452486540692,-0.27912207182176224,-0.0006962350704022335,-0.19888266082736009,-0.2757736706292429,-0.00019095217911540056,-0.09909323663115449,-0.27641279670001145,-0.0004487514893019095,-0.6976506935050472,-0.5139086041543571,0.0004561761134984929,-0.8318084035641099,-0.503781755493566,0.0008197366298866096,-0.1666732405070387,-0.270965932145772,-0.0002640875721129962,-0.32508782274469944,-0.267715373548212,0.00013909400020482867,-0.8217874419300525,-0.497738294222824,0.0008114820928259015,-12.0,0.0,0.054923439635490144,0.2020269987398111,0.015786178185251402
0.984,5.0,0.04254105500390556,-0.2503826427825735,-0.5359249334320122,-0.0007139360351643238,0.08546784093019098,-0.20839006210876534,-0.0007364120704097318,-0.08880280851545329,-0.20428362255058585,-0.00028766012944753767,-0.1663390365652117,-0.5253642410237948,-0.0008974453577522938,0.13022185433916614,-0.20183299755738443,-0.0008322946506336513,-0.21257263764150489,-0.2847328883080721,-0.00017914460192303966,-0.1609806276039667,-0.5190618721725261,-0.0008955233576294435,-0.0018202782806973003,-0.27912207182176224,-0.0006947490483380539,-0.19836765285155253,-0.2757736706292429,-0.00019222752450470706,-0.10128773854552497,-0.27641279670001145,-0.0004432989001721424,-0.6989111812470418,-0.5139086041543571,0.0004593552233767251,-0.8319187471128014,-0.503781755493566,0.0008200666201763599,-0.16802250418161627,-0.270965932145772,-0.00026073172909683336,-0.32682199135518525,-0.267715373548212,0.00014343112299121857,-0.8212203594628731,-0.497738294222824,0.0008101228692680712,-12.0,0.0,0.05492290747962715,0.20201053610012656,0.01576371601911813
0.986,5.0,0.04505287141511376,-0.25041132559834733,-0.5359249334320122,-0.0007138557266235968,0.0847547576883893,-0.20839006210876534,-0.0007346447575973908,-0.08838456071387428,-0.20428362255058585,-0.0002887020350878314,-0.16628969864995796,-0.5253642410237948,-0.0008975630111464577,0.12935184114778006,-0.20183299755738443,-0.0008301371297413765,-0.21206540676291008,-0.2847328883080721,-0.000180400626666418,-0.16110872632046275,-0.5190618721725261,-0.0008952031114213985,-0.0024214894837671953,-0.27912207182176224,-0.0006932544838526624,-0.19784783720269325,-0.2757736706292429,-0.00019351504444422595,-0.1034956637892378,-0.27641279670001145,-0.0004378126453862162,-0.7001604876192663,-0.5139086041543571,0.0004625064427317116,-0.8320074645679665,-0.503781755493566,0.0008203424790480887,-0.16937869387971466,-0.270965932145772,-0.0002573585699103894,-0.3285553905462012,-0.267715373548212,0.0001477665445174331,-0.8206299633432637,-0.497738294222824,0.0008087051631001227,-12.0,0.0,0.05492237503260975,0.20199403440872446,0.01574120682980338
0.988,5.0,0.041721913712363695,-0.2504388776607833,-0.5359249334320122,-0.0007137840195841622,0.08403422248892818,-0.20839006210876534,-0.0007328620494928867,-0.08796635138161059,-0.20428362255058585,-0.0002897476545917789,-0.16623809707421736,-0.5253642410237948,-0.000897686355934592,0.12847486896916435,-0.20183299755738443,-0.0008279620967629112,-0.21155312912630947,-0.2847328883080721,-0.000181668703862905,-0.16123683406848244,-0.5190618721725261,-0.0008948828646301583,-0.0030260480337232602,-0.27912207182176224,-0.0006917514558449876,-0.1973232941615408,-0.2757736706292429,-0.00019481458356637415,-0.10571696849138923,-0.27641279670001145,-0.00043229283227693414,-0.7013985881304676,-0.5139086041543571,0.0004656297086622729,-0.8320745838900272,-0.503781755493566,0.0008205642726860014,-0.17074180877695064,-0.270965932145772,-0.00025396809566514343,-0.3302879312001292,-0.267715373548212,0.00015210004249497296,-0.8200163347134306,-0.497738294222824,0.0008072291728010992,-12.0,0.0,0.054921839686630086,0.2019774970376058,0.015718654312719547
0.99,5.0,0.04243454597037591,-0.25046157420875925,-0.5359249334320122,-0.0007137151394280722,0.08330849653833527,-0.20839006210876534,-0.0007310607114942338,-0.08754581267580115,-0.20428362255058585,-0.00029079317792243814,-0.16618427088250598,-0.5253642410237948,-0.0008978153598739436,0.12759103536737,-0.20183299755738443,-0.0008257696663163719,-0.2110362992676879,-0.2847328883080721,-0.00018294939795440656,-0.161364998585659,-0.5190618721725261,-0.0008945625952601091,-0.0036339195842646065,-0.27912207182176224,-0.0006902400594700975,-0.19679406567070798,-0.2757736706292429,-0.00019612594116925528,-0.10795160784413353,-0.27641279670001145,-0.00042673957052155554,-0.702625458960159,-0.5139086041543571,0.00046872495994027626,-0.8321201345232505,-0.503781755493566,0.0008207320709911531,-0.17211184766636847,-0.270965932145772,-0.00025056030842205345,-0.3320195240048484,-0.267715373548212,0.00015643139412979305,-0.8193795564586858,-0.497738294222824,0.0008056951012265165,-12.0,0.0,0.0549213098069842,0.20196091329690968,0.015696046987911955
0.992,5.0,0.04494213455523329,-0.2504808803146942,-0.5359249334320122,-0.0007136583980581324,0.08257678209603006,-0.20839006210876534,-0.0007292463966177515,-0.08712392386412733,-0.20428362255058585,-0.00029184452468696177,-0.16612823826256945,-0.5253642410237948,-0.000897949925353222,0.12670039638747063,-0.20183299755738443,-0.000823560082311886,-0.21051480321288907,-0.2847328883080721,-0.00018424147260096045,-0.16149323074693567,-0.5190618721725261,-0.0008942421839671677,-0.004245059856267605,-0.27912207182176224,-0.0006887203805937441,-0.19626021367474397,-0.2757736706292429,-0.00019744901239633733,-0.11019953610359315,-0.27641279670001145,-0.0004211529721396948,-0.7038410769601374,-0.5139086041543571,0.0004717921370145048,-0.8321441473927406,-0.503781755493566,0.0008208459475742114,-0.17348880895567242,-0.270965932145772,-0.0002471352111985089,-0.33375007946148827,-0.267715373548212,0.000160760376141591,-0.8187197131998273,-0.497738294222824,0.0008041031555896545,-12.0,0.0,0.054920774513808786,0.20194429722041787,0.01567340004005028
0.994,5.0,0.0416248048694887,-0.2504991079546133,-0.5359249334320122,-0.0007136101327932951,0.0818377822128931,-0.20839006210876534,-0.0007274171105119885,-0.08670220985441666,-0.20428362255058585,-0.0002928992467161463,-0.1660700144177413,-0.5253642410237948,-0.0008980900069030632,0.12580300077223028,-0.20183299755738443,-0.0008213334848621376,-0.20998841512357963,-0.2847328883080721,-0.00018554521273795755,-0.1616215303631546,-0.5190618721725261,-0.000893921603563976,-0.004859424984691747,-0.27912207182176224,-0.0006871925299137366,-0.1957218168842018,-0.2757736706292429,-0.00019878364238624734,-0.11246070659083873,-0.27641279670001145,-0.0004155331514910458,-0.7050454196559685,-0.5139086041543571,0.00047483118201445076,-0.8321466549013198,-0.503781755493566,0.0008209059797479366,-0.1748726906644732,-0.270965932145772,-0.00024369280797524901,-0.33547950789221903,-0.267715373548212,0.00016508676478319066,-0.818036891285387,-0.497738294222824,0.0008024535474425082,-12.0,0.0,0.054920236388493596,0.20192764545735759,0.01565070986480525
0.996,3.0,0.01112246739250331,-0.25051383476073985,-0.5359249334320122,-0.0007135645636934973,0.08109299619524811,-0.20839006210876534,-0.0007255696108041461,-0.08627914339174252,-0.20428362255058585,-0.00029395353174042297,-0.16600963314844086,-0.5253642410237948,-0.0008982355665151337,0.12489893559399311,-0.20183299755738443,-0.0008190899958240368,-0.20945747685041202,-0.2847328883080721,-0.00018686118296123115,-0.16174993253113712,-0.5190618721725261,-0.0008936008545234286,-0.005476975167350112,-0.27912207182176224,-0.0006856566170926762,-0.1951789220480577,-0.2757736706292429,-0.0002001296343626028,-0.11473507169293908,-0.27641279670001145,-0.0004098802252729318,-0.7062384652484404,-0.5139086041543571,0.00047784203875402833,-0.8321276909262978,-0.503781755493566,0.0008209122485193846,-0.17626349042154882,-0.270965932145772,-0.00024023310370324707,-0.3372077194480784,-0.267715373548212,0.00016941033586001755,-0.8173311787837438,-0.497738294222824,0.0008007464926564076,-12.0,0.0,0.05491970378063488,0.20191094732893006,0.015627965046807635
0.998,5.0,0.042862008332739815,-0.2505250144682564,-0.5359249334320122,-0.0007135277466781809,0.0803425211821234,-0.20839006210876534,-0.0007237076457600336,-0.08585472926191967,-0.20428362255058585,-0.00029501119789710834,-0.1659471043882895,-0.5253642410237948,-0.0008983865196883847,0.12398825799278591,-0.20183299755738443,-0.0008168298328784439,-0.20892178233358105,-0.2847328883080721,-0.00018818852864415015,-0.1618807438036817,-0.5190618721725261,-0.0008932798491034724,-0.006099294572097841,-0.27912207182176224,-0.0006841127416360303,-0.19463337516530424,-0.2757736706292429,-0.00020148687145296303,-0.11702258286408096,-0.27641279670001145,-0.000404194312517681,-0.7074201926149856,-0.5139086041543571,0.0004808246527352081,-0.8320872908161296,-0.503781755493566,0.0008208648385818296,-0.17766120546212047,-0.270965932145772,-0.00023675610431055802,-0.3389346241168335,-0.267715373548212,0.00017373086474966603,-0.816602665475104,-0.497738294222824,0.0007989822114022996,-12.0,0.0,0.05491917022388159,0.20189422850661315,0.0156051934290788
1.0,5.0,0.046683652312474004,-0.2505327839770788,-0.5359249334320122,-0.0007134997974093894,0.07958634493085129,-0.20839006210876534,-0.0007218314582272218,-0.08542908983495477,-0.20428362255058585,-0.0002960722332216655,-0.1658824678941922,-0.5253642410237948,-0.0008985428415887631,0.12307104370636178,-0.20183299755738443,-0.0008145531388754259,-0.20838157712886793,-0.2847328883080721,-0.00018952776493622758,-0.1620120872194792,-0.5190618721725261,-0.000892952820922111,-0.006725000472992376,-0.27912207182176224,-0.000682556943124161,-0.19408378151955993,-0.2757736706292429,-0.00020285073865984666,-0.11932319062675896,-0.27641279670001145,-0.00039847553458982626,-0.7085905813110702,-0.5139086041543571,0.0004837789711515711,-0.8320254913869627,-0.503781755493566,0.0008207638383064092,-0.1790658326251438,-0.270965932145772,-0.0002332618167091289,-0.34066013173087717,-0.267715373548212,0.00017804812642155374,-0.8158514428433499,-0.497738294222824,0.0007971609281306999,-12.0,0.0,0.05491863380759077,0.20187746660778252,0.015582370675046557
1.002,4.0,0.024665545029627926,-0.25053822626987654,-0.5359249334320122,-0.0007134803736373335,0.07882389724889141,-0.20839006210876534,-0.0007199410175990416,-0.08500295725720418,-0.20428362255058585,-0.0002971363317890777,-0.1658157510766698,-0.5253642410237948,-0.0008987044328240064,0.12214735840805542,-0.20183299755738443,-0.0008122601031593656,-0.20783688682910803,-0.2847328883080721,-0.0001908782779480104,-0.1621430677267537,-0.5190618721725261,-0.0008926244623826172,-0.007353407343158204,-0.27912207182176224,-0.0006809926783719248,-0.193529512210624,-0.2757736706292429,-0.00020422472277420743,-0.12163684457303525,-0.27641279670001145,-0.0003927240151831313,-0.7097496115715509,-0.5139086041543571,0.00048670494289178274,-0.831942330919073,-0.503781755493566,0.0008206093397334918,-0.18047736835061626,-0.270965932145772,-0.00022975024880157055,-0.34238415197515815,-0.267715373548212,0.0001823618954566629,-0.8150776040677565,-0.497738294222824,0.0007952828715513146,-12.0,0.0,0.054918104054889005,0.20186065900744113,0.015559494092089187
1.004,5.0,0.0426610462827196,-0.25054138954504646,-0.5359249334320122,-0.0007134667679053392,0.0780552189742959,-0.20839006210876534,-0.000718034898394142,-0.08457639665605912,-0.20428362255058585,-0.0002982016632334542,-0.1657469788321251,-0.5253642410237948,-0.0008988712248678124,0.12121727308128719,-0.20183299755738443,-0.0008099508899135997,-0.2072877564793733,-0.2847328883080721,-0.00019224000369741015,-0.1622737797541913,-0.5190618721725261,-0.000892297011114431,-0.007984524498478461,-0.27912207182176224,-0.0006794216611965101,-0.1929706855741819,-0.2757736706292429,-0.00020561039604654726,-0.12396349336586933,-0.27641279670001145,-0.0003869398803174405,-0.7108972643119992,-0.5139086041543571,0.0004896025185429845,-0.8318378491531919,-0.503781755493566,0.0008204014385637676,-0.18189580867690097,-0.270965932145772,-0.00022622140948788943,-0.34410659439514396,-0.267715373548212,0.00018667194606736533,-0.8142812440145776,-0.497738294222824,0.0007933482746123313,-12.0,0.0,0.05491755973829708,0.20184382878465162,0.015536588436301063
1.006,4.0,0.024282875876320886,-0.25054114549812206,-0.5359249334320122,-0.0007134588597174144,0.07728105256148336,-0.20839006210876534,-0.0007161132027076531,-0.08414871555079355,-0.20428362255058585,-0.00029926806473631683,-0.16567617917965516,-0.5253642410237948,-0.0008990431554791742,0.12028086646891378,-0.20183299755738443,-0.0008076256765966791,-0.20673437456136973,-0.2847328883080721,-0.00019361282957174695,-0.16240431423217067,-0.5190618721725261,-0.0008919702310458369,-0.008618352204073344,-0.27912207182176224,-0.0006778438683082094,-0.19240740004820509,-0.2757736706292429,-0.00020700746263765252,-0.12630308474051782,-0.27641279670001145,-0.00038112325833535536,-0.7120335211299926,-0.5139086041543571,0.0004924716503941051,-0.8317120872867222,-0.503781755493566,0.000820140234149065,-0.18332114923806772,-0.270965932145772,-0.00022267530867217764,-0.3458273684048154,-0.267715373548212,0.0001909780521173299,-0.8134624592285011,-0.497738294222824,0.0007913573744793839,-12.0,0.0,0.054917025725863156,0.2018269439740586,0.015513619526085161
1.008,4.0,0.024178501926773968,-0.2505387712122537,-0.5359249334320122,-0.0007134594698347253,0.07650071078382639,-0.20839006210876534,-0.0007141777866756218,-0.08372077086747183,-0.20428362255058585,-0.00030033726749948076,-0.16560337569686268,-0.5253642410237948,-0.000899220154610349,0.11933820077595722,-0.20183299755738443,-0.0008052846600657455,-0.20617663512030504,-0.2847328883080721,-0.0001949962843667559,-0.16253472201122354,-0.5190618721725261,-0.0008916438948508886,-0.009254878595652823,-0.27912207182176224,-0.0006762592990442222,-0.19183976991962762,-0.2757736706292429,-0.00020841567645259456,-0.12865556550600418,-0.27641279670001145,-0.00037527427989873406,-0.7131583643063726,-0.5139086041543571,0.0004953122924390887,-0.8315650879698449,-0.503781755493566,0.0008198258294828906,-0.18475338526125148,-0.270965932145772,-0.00021911195726926076,-0.34754638329469245,-0.267715373548212,0.00019527998714150853,-0.812621347923976,-0.497738294222824,0.0007893104125141928,-12.0,0.0,0.05491648339686366,0.20181002900003905,0.015490613544597843
1.01,5.0,0.04362109534939894,-0.25053287080447645,-0.5359249334320122,-0.0007134654055493962,0.0757150981702538,-0.20839006210876534,-0.0007122269322314793,-0.0832916976791195,-0.20428362255058585,-0.00030140712920778505,-0.1655285970274588,-0.5253642410237948,-0.0008994021633173302,0.11838935693666174,-0.20183299755738443,-0.0008029279958333541,-0.20561475705068968,-0.2847328883080721,-0.0001963906329694176,-0.16266507680347653,-0.5190618721725261,-0.0008913178754032564,-0.009894091643815542,-0.27912207182176224,-0.0006746679830652735,-0.19126788232976735,-0.2757736706292429,-0.00020983475177403823,-0.1310208815466585,-0.27641279670001145,-0.00036939307798501816,-0.7142717768064688,-0.5139086041543571,0.0004981244003800387,-0.831396895301517,-0.503781755493566,0.0008194583311906973,-0.18619251156402922,-0.270965932145772,-0.00021553136721130136,-0.34926354823988975,-0.267715373548212,0.0001995775243662011,-0.8117580099764091,-0.497738294222824,0.00078720763425288,-12.0,0.0,0.05491593817788838,0.20179307706969457,0.01546756326188824
1.012,4.0,0.024053659398420912,-0.25052234928393885,-0.5359249334320122,-0.0007134801565688393,0.07492494105908476,-0.20839006210876534,-0.0007102629006975479,-0.08286082533990125,-0.20428362255058585,-0.0003024798121786659,-0.16545186950149152,-0.5253642410237948,-0.0008995891099908399,0.1174344166685939,-0.20183299755738443,-0.0008005558862351155,-0.20504894074664357,-0.2847328883080721,-0.000197795328143456,-0.16279545712086843,-0.5190618721725261,-0.000890991988422624,-0.0105359751448207,-0.27912207182176224,-0.0006730699504448668,-0.19069180819010906,-0.2757736706292429,-0.00021126447074868888,-0.13339897782372714,-0.27641279670001145,-0.0003634797878833824,-0.7153737422812897,-0.5139086041543571,0.0005009079316302792,-0.8312075548253607,-0.503781755493566,0.0008190378495198775,-0.18763852255181515,-0.270965932145772,-0.00021193355145435704,-0.35097877230820174,-0.267715373548212,0.00020387043672919435,-0.8108725469132353,-0.497738294222824,0.0007850492893839628,-12.0,0.0,0.05491540018274334,0.20177607530652125,0.015444454934485055
1.014,5.0,0.04646021280583068,-0.2505124919278459,-0.5359249334320122,-0.0007135064603701834,0.07412715960687111,-0.20839006210876534,-0.0007082875079196252,-0.08243159058272283,-0.20428362255058585,-0.00030355699302671155,-0.16537321159424967,-0.5253642410237948,-0.0008997809288057582,0.11647342084138933,-0.20183299755738443,-0.0007981685355649458,-0.20447860044730734,-0.2847328883080721,-0.0001992098689035713,-0.16292584514789182,-0.5190618721725261,-0.0008906660376291442,-0.011180492638143249,-0.27912207182176224,-0.000671465241692354,-0.1901116784846649,-0.2757736706292429,-0.00021270465609783462,-0.1357897983770524,-0.27641279670001145,-0.0003575345471907108,-0.716464245068679,-0.5139086041543571,0.0005036628453173314,-0.8309971135254438,-0.503781755493566,0.0008185644983294869,-0.18909141221527553,-0.270965932145772,-0.00020831852398489218,-0.3526919644682157,-0.267715373548212,0.00020815849689997433,-0.8099650619048594,-0.497738294222824,0.0007828356317260282,-12.0,0.0,0.05491484898689742,0.20175905029772417,0.015421317105361923
1.016,5.0,0.043737941611734735,-0.2504989218152176,-0.5359249334320122,-0.0007135311037604157,0.0733244437223467,-0.20839006210876534,-0.0007062930542890911,-0.08200121009527336,-0.20428362255058585,-0.00030463007991965755,-0.16529265643478172,-0.5253642410237948,-0.0008999775735738627,0.11550646805896073,-0.20183299755738443,-0.0007957660459969344,-0.20390431205502876,-0.2847328883080721,-0.00020063571965191185,-0.16305632887866597,-0.5190618721725261,-0.0008903400675615857,-0.01182762498934313,-0.27912207182176224,-0.0006698539479590475,-0.18952754725772958,-0.2757736706292429,-0.00021415498036144503,-0.1381932863268221,-0.27641279670001145,-0.00035155749580739764,-0.7175432701944375,-0.5139086041543571,0.0005063891022858047,-0.8307656198219524,-0.503781755493566,0.0008180383950796946,-0.19055117412776296,-0.270965932145772,-0.00020468629982624124,-0.3544030335974525,-0.267715373548212,0.00021244147730000926,-0.809035659755472,-0.497738294222824,0.0007805669192050885,-12.0,0.0,0.05491430055720076,0.2017419815341688,0.015398127852209693
1.018,4.0,0.023740458361346424,-0.25048065773364253,-0.5359249334320122,-0.0007135650290419865,0.07251745539818795,-0.20839006210876534,-0.0007042862645777801,-0.08156908643267886,-0.20428362255058585,-0.00030570603113828123,-0.1652102312905715,-0.5253642410237948,-0.0009001789614725325,0.11453363969414544,-0.20183299755738443,-0.000793348664040863,-0.20332626339974558,-0.2847328883080721,-0.00020207144063260832,-0.16318696671767213,-0.5190618721725261,-0.0008900138582346504,-0.01247734279473876,-0.27912207182176224,-0.0006682361170810478,-0.1889394764528928,-0.2757736706292429,-0.00021561530842878333,-0.14060938387538896,-0.27641279670001145,-0.0003455487759329734,-0.718610803373411,-0.5139086041543571,0.000509086665100201,-0.8305131235667562,-0.503781755493566,0.0008174596608209661,-0.19201780144277109,-0.270965932145772,-0.00020103689504502267,-0.3561118884905334,-0.267715373548212,0.00021671915012310124,-0.8080844468937393,-0.497738294222824,0.00077824341383162,-12.0,0.0,0.054913757382816474,0.20172486592756758,0.015374883911403665
1.02,5.0,0.04208782810826624,-0.25046167384981477,-0.5359249334320122,-0.0007136106892459242,0.07170389220993645,-0.20839006210876534,-0.0007022687937673832,-0.08113781135062462,-0.20428362255058585,-0.0003067863402947675,-0.16512595948768685,-0.5253642410237948,-0.0009003850243330582,0.1135549887048897,-0.20183299755738443,-0.0007909165931288247,-0.20274402851322404,-0.2847328883080721,-0.00020351656227081627,-0.16331773993896145,-0.5190618721725261,-0.0008896872636371349,-0.01312960186149381,-0.27912207182176224,-0.0006666118225675587,-0.188347579032401,-0.2757736706292429,-0.00021708548544087527,-0.1430380323091599,-0.27641279670001145,-0.00033950853206155625,-0.7196668310105422,-0.5139086041543571,0.0005117554980476346,-0.8302396760388666,-0.503781755493566,0.0008168284201829757,-0.19349128689141015,-0.270965932145772,-0.00019737032675750237,-0.3578184378673728,-0.267715373548212,0.00022099128735580343,-0.8071115313633679,-0.497738294222824,0.0007758653816772881,-12.0,0.0,0.054913201187426056,0.201707727281335,0.01535161077898969
1.022,4.0,0.023506846919856828,-0.2504393505887488,-0.5359249334320122,-0.0007136581489554936,0.07088540044126852,-0.20839006210876534,-0.0007002348857967544,-0.08070573330162092,-0.20428362255058585,-0.0003078645279999031,-0.16503987064778408,-0.5253642410237948,-0.0009005957038402698,0.11257060442627248,-0.20183299755738443,-0.0007884699656556854,-0.2021579847583741,-0.2847328883080721,-0.00020497214948712013,-0.16344871335151395,-0.5190618721725261,-0.0008893603305839115,-0.013784370644122608,-0.27912207182176224,-0.0006649811749006711,-0.18775190599231206,-0.2757736706292429,-0.00021856522899210473,-0.14547917200055502,-0.27641279670001145,-0.0003334369109771289,-0.7207113402018883,-0.5139086041543571,0.0005143955671404627,-0.8299453299397881,-0.503781755493566,0.0008161448013632517,-0.19497162277990399,-0.270965932145772,-0.0001936866131359047,-0.3595225903813954,-0.267715373548212,0.0002252576607979019,-0.8061170228135459,-0.497738294222824,0.0007734330928513598,-12.0,0.0,0.054912655638022015,0.20169053499057757,0.015328275826460932
1.024,4.0,0.02361414054885358,-0.2504136586914135,-0.5359249334320122,-0.0007137139571081586,0.07006207604861917,-0.20839006210876534,-0.0006981886563750847,-0.08027286795412439,-0.20428362255058585,-0.00030894472312241233,-0.1649519927925078,-0.5253642410237948,-0.0009008109259400267,0.11158056211879946,-0.20183299755738443,-0.0007860090049591423,-0.20156819099259277,-0.2847328883080721,-0.00020643725887424497,-0.16357991196570182,-0.5190618721725261,-0.0008890328970525303,-0.014441609205050197,-0.27912207182176224,-0.000663344252944099,-0.18715253279284141,-0.2757736706292429,-0.0002200544115923271,-0.14793274241003637,-0.27641279670001145,-0.0003273340617486411,-0.7217443187356032,-0.5139086041543571,0.000517006840118828,-0.8296301393887636,-0.503781755493566,0.0008154089361155553,-0.19645880098710886,-0.270965932145772,-0.0001899857734146701,-0.36122425462777713,-0.267715373548212,0.00022951804208295846,-0.8051010324892598,-0.497738294222824,0.0007709468214768048,-12.0,0.0,0.054912102382425006,0.2016733129712302,0.015304904602879511
1.026,5.0,0.041632354545132554,-0.2503859202733006,-0.5359249334320122,-0.0007137781868514967,0.06923320210926269,-0.20839006210876534,-0.0006961303453934613,-0.07984009965988144,-0.20428362255058585,-0.0003100268864911537,-0.16486235196180696,-0.5253642410237948,-0.0009010306205782173,0.11058493372043227,-0.20183299755738443,-0.0007835338991904597,-0.20097455530247205,-0.2847328883080721,-0.0002079117432886983,-0.1637113509803047,-0.5190618721725261,-0.0008887049005170607,-0.015101273656125005,-0.27912207182176224,-0.0006617011565417801,-0.18654953628916904,-0.2757736706292429,-0.00022155284459100374,-0.15039868208820636,-0.27641279670001145,-0.0003212001357249377,-0.7227657550928829,-0.5139086041543571,0.0005195892864531151,-0.8292941599179142,-0.503781755493566,0.0008146209597379942,-0.19795281296205486,-0.270965932145772,-0.00018626782789665794,-0.36292333915170877,-0.267715373548212,0.00023377220269891281,-0.8040636732214889,-0.497738294222824,0.0007684068456660895,-12.0,0.0,0.054911546789345955,0.20165605433730346,0.01528148979274345
1.028,5.0,0.041894773495164225,-0.25035619223060745,-0.5359249334320122,-0.000713847532896779,0.06839882307007113,-0.20839006210876534,-0.0006940581605450701,-0.07940749891730144,-0.20428362255058585,-0.00031110880722676107,-0.16477097741638988,-0.5253642410237948,-0.0009012547226549695,0.1095837950639363,-0.20183299755738443,-0.0007810448281945418,-0.20037712622989193,-0.2847328883080721,-0.0002093958325140001,-0.16384304677830752,-0.5190618721725261,-0.0008883763029805535,-0.01576331947653222,-0.27912207182176224,-0.0006600519954140931,-0.18594299128779468,-0.2757736706292429,-0.00022306033585018468,-0.1528769286779757,-0.27641279670001145,-0.0003150352865295127,-0.7237756384488759,-0.5139086041543571,0.0005221428773463144,-0.8289374484672735,-0.503781755493566,0.0008137810110608706,-0.1994536497215103,-0.270965932145772,-0.00018253279795929291,-0.36461975245668143,-0.267715373548212,0.0002380199140087419,-0.8030050594172782,-0.497738294222824,0.0007658134474966622,-12.0,0.0,0.05491099148814137,0.2016387557209417,0.01525802787233632
1.03,4.0,0.02313903786861491,-0.25032319189713076,-0.5359249334320122,-0.0007139218530035119,0.06755979036154817,-0.20839006210876534,-0.0006919722129470912,-0.07897427488763441,-0.20428362255058585,-0.00031219030908321107,-0.16467789693861443,-0.5253642410237948,-0.0009014831590185121,0.10857722952611627,-0.20183299755738443,-0.0007785419815533019,-0.19977612453023375,-0.2847328883080721,-0.0002108894051954504,-0.1639750422323942,-0.5190618721725261,-0.0008880470634855465,-0.01642770518983449,-0.27912207182176224,-0.0006583968808630751,-0.1853329517203626,-0.2757736706292429,-0.00022457669835362058,-0.15536741891680073,-0.27641279670001145,-0.0003088396700550894,-0.7247739586735573,-0.5139086041543571,0.0005246675857362971,-0.8285600633797171,-0.503781755493566,0.0008128892324342688,-0.2009613018475697,-0.270965932145772,-0.0001787807060606543,-0.3663134030127931,-0.267715373548212,0.00024226094727117356,-0.8019253070496899,-0.497738294222824,0.0007631669129861355,-12.0,0.0,0.054910441846539634,0.20162141015037183,0.015234511492986973
1.032,4.0,0.023240480159907453,-0.25028816960274763,-0.5359249334320122,-0.0007140043538372036,0.06671543077722794,-0.20839006210876534,-0.0006898746311757838,-0.07854126532603206,-0.20428362255058585,-0.0003132733691573786,-0.16458314010530053,-0.5253642410237948,-0.0009017158602129508,0.10756530919012687,-0.20183299755738443,-0.0007760255677087517,-0.19917145420905222,-0.2847328883080721,-0.00021239190944459586,-0.16410733369136057,-0.5190618721725261,-0.0008877170748503296,-0.01709438094548021,-0.27912207182176224,-0.0006567359165798194,-0.1847195024662066,-0.2757736706292429,-0.00022610179727220077,-0.15787008863899044,-0.27641279670001145,-0.00030261344445802683,-0.7257607063325651,-0.5139086041543571,0.0005271633862980005,-0.8281620643957883,-0.503781755493566,0.0008119457697153779,-0.20247575948526586,-0.270965932145772,-0.00017501157574550583,-0.36800419926507477,-0.267715373548212,0.0002464950736614527,-0.8008245336476351,-0.497738294222824,0.0007604675320671648,-12.0,0.0,0.05490988547815258,0.2016040338351084,0.015210957900254618
1.034,4.0,0.023130572247299207,-0.2502497836842082,-0.5359249334320122,-0.0007140919095731614,0.06586663338011575,-0.20839006210876534,-0.0006877637322149832,-0.07810764137465032,-0.20428362255058585,-0.0003143558930613845,-0.16448673352111662,-0.5253642410237948,-0.0009019527522962356,0.10654811928467235,-0.20183299755738443,-0.0007734957668687782,-0.1985633513581283,-0.2847328883080721,-0.00021390358524754968,-0.16423996478353967,-0.5190618721725261,-0.0008873863462029139,-0.01776330076479903,-0.27912207182176224,-0.000655069227190705,-0.18410268672972585,-0.2757736706292429,-0.00022763542040759075,-0.16038487277808242,-0.27641279670001145,-0.0002963567701525526,-0.7267358726880011,-0.5139086041543571,0.0005296302554455199,-0.8277435126484196,-0.503781755493566,0.0008109507722555559,-0.2039970123402067,-0.270965932145772,-0.0001712254316512654,-0.369692049641836,-0.267715373548212,0.00025072206429215693,-0.7997028582855853,-0.497738294222824,0.0007577155985620277,-12.0,0.0,0.05490932834526323,0.2015866190193936,0.015187358897701238
1.036,4.0,0.02322355789280231,-0.25020943363238984,-0.5359249334320122,-0.00071418787436951,0.06501263480132081,-0.20839006210876534,-0.0006856417387222027,-0.07767433643880894,-0.20428362255058585,-0.00031543995293983884,-0.16438870923746388,-0.5253642410237948,-0.0009021937687566953,0.1055257317099636,-0.20183299755738443,-0.000770952792105142,-0.1979516989982255,-0.2847328883080721,-0.00021542384237485947,-0.16437291357480613,-0.5190618721725261,-0.0008870547684724662,-0.018434405992751805,-0.27912207182176224,-0.000653396927642408,-0.18348258809127554,-0.2757736706292429,-0.00022917745974879264,-0.16291170536928828,-0.27641279670001145,-0.0002900698098048226,-0.727699449699194,-0.5139086041543571,0.00053206817133411,-0.8273044706575512,-0.503781755493566,0.0008099043928871341,-0.20552504967623722,-0.270965932145772,-0.00016742229951391332,-0.37137686256302826,-0.267715373548212,0.00025494169023405997,-0.7985604015731662,-0.497738294222824,0.0007549114101569033,-12.0,0.0,0.05490877048890621,0.20156916559728888,0.015163714421419113
1.038,5.0,0.04191317660804285,-0.25016701570835,-0.5359249334320122,-0.0007142887494990559,0.06415357796910026,-0.20839006210876534,-0.0006835067422752154,-0.07724131718647789,-0.20428362255058585,-0.00031652321527944225,-0.1642890957732718,-0.5253642410237948,-0.0009024388294658273,0.10449822737241714,-0.20183299755738443,-0.0007683968231683701,-0.19733657658526746,-0.2847328883080721,-0.00021695297327461644,-0.16450620408346917,-0.5190618721725261,-0.0008867223964943,-0.01910764994319327,-0.27912207182176224,-0.0006517191645725261,-0.1828592712787275,-0.2757736706292429,-0.00023072770634491842,-0.165450519552008,-0.27641279670001145,-0.00028375272832680795,-0.7286514300234247,-0.5139086041543571,0.0005344771138620922,-0.8268450023246471,-0.503781755493566,0.0008088067879099631,-0.20705986031312723,-0.270965932145772,-0.000163602206173837,-0.37305854644862546,-0.267715373548212,0.00025915372253704065,-0.7973972856446332,-0.497738294222824,0.0007520552683758556,-12.0,0.0,0.054908204122922945,0.20155168383691888,0.0151400353516774
1.04,4.0,0.022904124728584746,-0.25012139569170705,-0.5359249334320122,-0.0007143947943091556,0.06329023231194883,-0.20839006210876534,-0.000681359100194664,-0.07680788803638998,-0.20428362255058585,-0.0003176057634102699,-0.16418792097040147,-0.5253642410237948,-0.0009026878631263075,0.10346568939485784,-0.20183299755738443,-0.0007658280623245039,-0.19671818931975463,-0.2847328883080721,-0.00021849077930701156,-0.1646398735749276,-0.5190618721725261,-0.0008863891702226423,-0.019782986701766567,-0.27912207182176224,-0.0006500360546964225,-0.18223278975880347,-0.2757736706292429,-0.0002322859983762885,-0.16800124757241328,-0.27641279670001145,-0.0002774056928700086,-0.7295918070166143,-0.5139086041543571,0.000536857064672669,-0.8263651729271083,-0.503781755493566,0.0008076581170777028,-0.20860143262428543,-0.270965932145772,-0.000159765179581612,-0.3747370097270207,-0.267715373548212,0.0002633579322510336,-0.7962136341482304,-0.497738294222824,0.000749147478554523,-12.0,0.0,0.054907649600180186,0.2015341470461354,0.015116293532532377
1.042,4.0,0.024870860808864997,-0.25007391015308555,-0.5359249334320122,-0.0007145088443507629,0.06242187029342189,-0.20839006210876534,-0.0006792007360517854,-0.07637494191505,-0.20428362255058585,-0.0003186893362854897,-0.16408520828969075,-0.5253642410237948,-0.0009029408001334832,0.1024281970916204,-0.20183299755738443,-0.0007632467173806057,-0.19609626843690808,-0.2847328883080721,-0.00022003674747079365,-0.16477549801449654,-0.5190618721725261,-0.0008860549964939962,-0.02046149894380645,-0.27912207182176224,-0.0006483477127999891,-0.1816044328756204,-0.2757736706292429,-0.00023385220217609859,-0.1705638207860997,-0.27641279670001145,-0.00027102887281899544,-0.7305205747339742,-0.5139086041543571,0.0005392080071556429,-0.8258650491125856,-0.503781755493566,0.0008064585435838559,-0.21014975453450038,-0.270965932145772,-0.00015591124880371649,-0.37641216084343815,-0.267715373548212,0.00026755409044702165,-0.7950095722354336,-0.497738294222824,0.0007461883498135161,-12.0,0.0,0.05490709265731842,0.20151658691215169,0.015092522619358234
1.044,5.0,0.044578298428307635,-0.2500231555040585,-0.5359249334320122,-0.0007146275581973166,0.06154942755619038,-0.20839006210876534,-0.0006770298310054682,-0.07594161016667747,-0.20428362255058585,-0.0003197717015888396,-0.1639809896207045,-0.5253642410237948,-0.00090319758183526,0.10138583200096159,-0.20183299755738443,-0.000760652986622512,-0.19547108181492376,-0.2847328883080721,-0.00022159154967791,-0.16491267083319539,-0.5190618721725261,-0.0008857159353950739,-0.021142828323524737,-0.27912207182176224,-0.0006466514321948895,-0.18097393353292468,-0.2757736706292429,-0.0002354230943840563,-0.17313816966080758,-0.27641279670001145,-0.0002646224397847794,-0.7314377279306175,-0.5139086041543571,0.0005415299264490428,-0.8253446988931902,-0.503781755493566,0.0008052082340475492,-0.21170481351770876,-0.270965932145772,-0.00015204044402817912,-0.3780839082683593,-0.267715373548212,0.00027174196823806534,-0.7937852265500777,-0.497738294222824,0.0007431781950315239,-12.0,0.0,0.054906533047616175,0.20149898870404104,0.015068707077103427
1.046,5.0,0.04688189670885993,-0.24996929826589914,-0.5359249334320122,-0.0007147544448198842,0.06067288573314636,-0.20839006210876534,-0.0006748487241623894,-0.07550803302714035,-0.20428362255058585,-0.000320855030959771,-0.1638753020834765,-0.5253642410237948,-0.0009034581285077256,0.10033867342799258,-0.20183299755738443,-0.000758047073895865,-0.19484286098710119,-0.2847328883080721,-0.00022315451623287083,-0.1650497696924398,-0.5190618721725261,-0.0008853730033483268,-0.021825742601257667,-0.27912207182176224,-0.0006449481087455938,-0.18034009512090518,-0.2757736706292429,-0.00023699934274079557,-0.1757242237792114,-0.27641279670001145,-0.0002581865675980097,-0.7323432620621315,-0.5139086041543571,0.0005438228094406508,-0.8248041916396044,-0.503781755493566,0.0008039073584990606,-0.21326659659479164,-0.270965932145772,-0.00014815279657015817,-0.3797521605059623,-0.267715373548212,0.00027592133680036824,-0.7925407252173704,-0.497738294222824,0.0007401173308181342,-12.0,0.0,0.05490597463481349,0.2014813508977646,0.015044845125824775
1.048,5.0,0.04316176845692109,-0.24991481121390688,-0.5359249334320122,-0.0007148890879152826,0.05979082576825937,-0.20839006210876534,-0.0006726573696047793,-0.07507583273071104,-0.20428362255058585,-0.0003219389738086138,-0.16376818506395588,-0.5253642410237948,-0.0009037223473507956,0.09928679469840646,-0.20183299755738443,-0.0007554291774634425,-0.19421134262431228,-0.2847328883080721,-0.00022472506830242725,-0.16518682034269583,-0.5190618721725261,-0.0008850302562002157,-0.022510233517013013,-0.27912207182176224,-0.0006432408230512614,-0.1797030823204496,-0.2757736706292429,-0.00023858393877084432,-0.17832191184177762,-0.27641279670001145,-0.00025172143230200013,-0.7332371732851128,-0.5139086041543571,0.000546086644769436,-0.8242435980750931,-0.503781755493566,0.0008025560903650961,-0.2148350903313992,-0.270965932145772,-0.00014424833887745098,-0.3814168261025736,-0.267715373548212,0.00028009196739437565,-0.7912761978327929,-0.497738294222824,0.000737006077486366,-12.0,0.0,0.05490541321594859,0.2014636752875417,0.015020938661287949
1.05,4.0,0.02389375763505643,-0.24985713827710623,-0.5359249334320122,-0.0007150253055452632,0.05890488899467288,-0.20839006210876534,-0.0006704522196925618,-0.0746434001224592,-0.20428362255058585,-0.000323019474549687,-0.1636596603198849,-0.5253642410237948,-0.0009039901398995972,0.09823028387540385,-0.20183299755738443,-0.0007527994806394772,-0.19357690879327455,-0.2847328883080721,-0.00022630386420939954,-0.16532395594054525,-0.5190618721725261,-0.0008846876295745756,-0.02319630313726535,-0.27912207182176224,-0.000641529595761873,-0.17906297345445493,-0.2757736706292429,-0.00024017647077198329,-0.18093116166969067,-0.27641279670001145,-0.0002452272121455846,-0.7341194584576614,-0.5139086041543571,0.0005483214228268893,-0.8236629902694145,-0.503781755493566,0.0008011546064538178,-0.21641028083580446,-0.270965932145772,-0.0001403271045359321,-0.38307781365513144,-0.267715373548212,0.000284253631385904,-0.7899917754508868,-0.497738294222824,0.0007338447590249222,-12.0,0.0,0.054904857959423625,0.2014459499427651,0.014996975273558148
1.052,5.0,0.04273760209173754,-0.24979756363914846,-0.5359249334320122,-0.000715169487887265,0.058014376681418164,-0.20839006210876534,-0.0006682373777585955,-0.07421159316391009,-0.20428362255058585,-0.0003241005560703167,-0.16354976129229323,-0.5253642410237948,-0.0009042614517597747,0.09716922214842844,-0.20183299755738443,-0.0007501582035819706,-0.19293946532110845,-0.2847328883080721,-0.00022788994878699385,-0.1654612233266337,-0.5190618721725261,-0.000884344790579952,-0.02388393417714553,-0.27912207182176224,-0.0006398144217112423,-0.1784198886912298,-0.2757736706292429,-0.00024177674293696994,-0.1835519002078471,-0.27641279670001145,-0.00023870408757580195,-0.734990115139836,-0.5139086041543571,0.0005505271357582606,-0.8230624416326336,-0.503781755493566,0.0007997030869396213,-0.21799215375678674,-0.270965932145772,-0.0001363891282749189,-0.384735031819659,-0.267715373548212,0.0002884061002672986,-0.7886875905739312,-0.497738294222824,0.0007306337030701571,-12.0,0.0,0.05490428832206607,0.2014282023826425,0.014972983869115095
1.054,4.0,0.02356067030573622,-0.24973495988872008,-0.5359249334320122,-0.0007153184244821593,0.05712006356512875,-0.20839006210876534,-0.0006660110969754588,-0.07377972045948118,-0.20428362255058585,-0.00032518007346668944,-0.1634385144908156,-0.5253642410237948,-0.0009045361993287538,0.09610369382680319,-0.20183299755738443,-0.0007475055492645322,-0.19229921791544854,-0.2847328883080721,-0.0002294835574674091,-0.16559870720009953,-0.5190618721725261,-0.000884001622114731,-0.024573110249196655,-0.27912207182176224,-0.0006380953441115419,-0.17777391216059682,-0.2757736706292429,-0.00024338445484503279,-0.18618405352791756,-0.27641279670001145,-0.0002321522412304109,-0.7358491415940704,-0.5139086041543571,0.0005527037774636972,-0.8224420269088374,-0.503781755493566,0.0007982017153476692,-0.21958069428154486,-0.270965932145772,-0.0001324344459724632,-0.3863883893197475,-0.267715373548212,0.0002925491456786175,-0.7873637771405079,-0.497738294222824,0.000727373240877768,-12.0,0.0,0.054903729882387405,0.20141039895131052,0.014948929185454056
1.056,5.0,0.0430374447390073,-0.2496719334906463,-0.5359249334320122,-0.0007154749338582303,0.05622044215509923,-0.20839006210876534,-0.0006637753141847352,-0.07334948930983692,-0.20428362255058585,-0.0003262597552277617,-0.163325960957176,-0.5253642410237948,-0.000904814316332448,0.0950337786961484,-0.20183299755738443,-0.000744841728460469,-0.19165589741133202,-0.2847328883080721,-0.00023108417598155886,-0.1657364012118614,-0.5190618721725261,-0.0008836579124310665,-0.02526379850566085,-0.27912207182176224,-0.0006363724039314139,-0.17712518066810534,-0.2757736706292429,-0.00024499939617161524,-0.1888275468314766,-0.27641279670001145,-0.00022557185793023473,-0.7366965367855486,-0.5139086041543571,0.0005548513435992833,-0.8218018221697514,-0.503781755493566,0.0007966506785381785,-0.22117588713364136,-0.270965932145772,-0.0001284630946605679,-0.3880377949550474,-0.267715373548212,0.0002966825394288387,-0.7860204705139575,-0.497738294222824,0.0007240637072942097,-12.0,0.0,0.05490315569066348,0.20139257553594883,0.014924848899635178
1.058,5.0,0.04347261545214274,-0.2496044248426954,-0.5359249334320122,-0.0007156324998534147,0.05531808455165605,-0.20839006210876534,-0.0006615262606596615,-0.07291832440584499,-0.20428362255058585,-0.0003273353331018723,-0.1632121159288997,-0.5253642410237948,-0.0009050957001665469,0.09395956387205714,-0.20183299755738443,-0.0007421669406338322,-0.19101007647828785,-0.2847328883080721,-0.00023269247724185018,-0.16587443916236708,-0.5190618721725261,-0.0008833136774016617,-0.0259559829815721,-0.27912207182176224,-0.0006346456832902535,-0.17647373088852025,-0.2757736706292429,-0.0002466212249028439,-0.19148230445319986,-0.27641279670001145,-0.00021896312467133716,-0.73753230038254,-0.5139086041543571,0.0005569698315779786,-0.8211419048082613,-0.503781755493566,0.0007950501666904636,-0.2227777165709776,-0.270965932145772,-0.00012447511253032667,-0.38968315760976746,-0.267715373548212,0.0003008060535170885,-0.7846578074707269,-0.497738294222824,0.0007207054407278338,-12.0,0.0,0.05490259271088658,0.2013746966250654,0.014900705835046732
1.06,4.0,0.023361033831973535,-0.24953401266378028,-0.5359249334320122,-0.0007158012714732919,0.0544121101446771,-0.20839006210876534,-0.0006592703666510536,-0.07248727291843161,-0.20428362255058585,-0.00032841324536185215,-0.16309701427461978,-0.5253642410237948,-0.0009053803127372376,0.09288113393626159,-0.20183299755738443,-0.0007394814035736038,-0.19036163778328496,-0.2847328883080721,-0.0002343070295744606,-0.1660128434365196,-0.5190618721725261,-0.0008829685825253974,-0.02664962628643354,-0.27912207182176224,-0.0006329152221004754,-0.17581965997006063,-0.2757736706292429,-0.00024824984935180663,-0.19414824986412868,-0.27641279670001145,-0.00021232623061702899,-0.7383564327566945,-0.5139086041543571,0.0005590592405704573,-0.8204623535318372,-0.503781755493566,0.0007934003732867384,-0.22438616638380074,-0.270965932145772,-0.00012047053893698604,-0.3913243862611799,-0.267715373548212,0.00030491946015388864,-0.7832759261886085,-0.497738294222824,0.0007172987831197572,-12.0,0.0,0.05490202455065145,0.20135678403468968,0.014876522930214955
1.062,5.0,0.042890224232470006,-0.2494645673028542,-0.5359249334320122,-0.0007159773019205798,0.05350023250159523,-0.20839006210876534,-0.0006570054306336061,-0.07205885325726134,-0.20428362255058585,-0.00032949087408038564,-0.1629807034936976,-0.5253642410237948,-0.0009056680668729375,0.09179857193246398,-0.20183299755738443,-0.000736785328734115,-0.18971015814549347,-0.2847328883080721,-0.0002359281263119678,-0.1661515660727849,-0.5190618721725261,-0.0008826225718400163,-0.02734468065926669,-0.27912207182176224,-0.0006311811138383218,-0.17516311051847197,-0.2757736706292429,-0.0002498850266479557,-0.19682530567500184,-0.27641279670001145,-0.00020566136708970693,-0.7391689349832959,-0.5139086041543571,0.0005611195715058434,-0.8197632483558626,-0.503781755493566,0.000791701495095678,-0.22600121989274277,-0.270965932145772,-0.00011644941440492822,-0.39296138998813124,-0.267715373548212,0.0003090225317824197,-0.7818749662348734,-0.497738294222824,0.0007138440799144613,-12.0,0.0,0.05490145110138067,0.2013388381359851,0.014852300535978743
1.064,4.0,0.023104051420310454,-0.24939204131844528,-0.5359249334320122,-0.000716150915322895,0.05258502482005337,-0.20839006210876534,-0.0006547257365259015,-0.07163049834281988,-0.20428362255058585,-0.00033056192323331125,-0.16286319897880888,-0.5253642410237948,-0.000905958843825243,0.09071196231545939,-0.20183299755738443,-0.0007340789237246211,-0.1890562043406051,-0.2847328883080721,-0.00023755682540644655,-0.16629072304714876,-0.5190618721725261,-0.0008822757652493529,-0.02804111961820161,-0.27912207182176224,-0.0006294434779062388,-0.17450411403802824,-0.2757736706292429,-0.00025152640027692734,-0.19951339363965423,-0.27641279670001145,-0.00019896872756252403,-0.7399698088414748,-0.5139086041543571,0.000563150827072347,-0.819044670596869,-0.503781755493566,0.0007899537321557416,-0.2276228599468925,-0.270965932145772,-0.00011241178063257314,-0.3945940779795579,-0.267715373548212,0.0003131150410997981,-0.7804550685542974,-0.497738294222824,0.0007103416800301235,-12.0,0.0,0.0549008840980013,0.20132084339156145,0.014828022526855065
1.066,5.0,0.043507210458129886,-0.24931644434459058,-0.5359249334320122,-0.0007163322302839173,0.051666571078437126,-0.20839006210876534,-0.0006524377173220468,-0.07120224656211756,-0.20428362255058585,-0.000331632810519415,-0.16274453240360107,-0.5253642410237948,-0.0009062526051124648,0.08962138950852917,-0.20183299755738443,-0.0007313623996821095,-0.1883998400892559,-0.2847328883080721,-0.00023919170991866745,-0.16643034346339458,-0.5190618721725261,-0.0008819278728134433,-0.02873890181745459,-0.27912207182176224,-0.0006277023805089016,-0.17384275284860257,-0.2757736706292429,-0.00025317389147803666,-0.20221243465848218,-0.27641279670001145,-0.00019224850765089306,-0.7407590568143793,-0.5139086041543571,0.0005651530117177941,-0.818306702865676,-0.503781755493566,0.0007881572877582577,-0.22925106892190059,-0.270965932145772,-0.00010835768049719884,-0.3962223595430051,-0.267715373548212,0.0003171967610783648,-0.7790163754570837,-0.497738294222824,0.0007067919358286834,-12.0,0.0,0.054900309656866896,0.20130281836570502,0.014803708324558218
1.068,5.0,0.04592181816830334,-0.249237955024668,-0.5359249334320122,-0.0007165212227185541,0.05074484941797148,-0.20839006210876534,-0.0006501415829680061,-0.07077424501807984,-0.20428362255058585,-0.00033270343997117077,-0.16262473425279692,-0.5253642410237948,-0.0009065492715504841,0.08852694044860664,-0.20183299755738443,-0.000728635967664784,-0.1877411247022307,-0.2847328883080721,-0.0002408326205470405,-0.16657046352784619,-0.5190618721725261,-0.0008815788217728288,-0.029437983328427526,-0.27912207182176224,-0.0006259579250107692,-0.17317909632566122,-0.2757736706292429,-0.00025482729445160086,-0.20492234878197532,-0.27641279670001145,-0.00018550090510382317,-0.7415366820893047,-0.5139086041543571,0.0005671261316500554,-0.8175494290604375,-0.503781755493566,0.0007863123684302751,-0.23088582871811858,-0.270965932145772,-0.0001042871580596786,-0.3978461441131482,-0.267715373548212,0.00032126746498698275,-0.7775590306066806,-0.497738294222824,0.0007031952030856492,-12.0,0.0,0.05489973588630541,0.20128475235704435,0.014779346805102286
1.07,5.0,0.04225467395906563,-0.24915908526870967,-0.5359249334320122,-0.0007167174460183606,0.04981840167600589,-0.20839006210876534,-0.0006478372788168421,-0.07034813895315713,-0.20428362255058585,-0.0003337734438312651,-0.1625038488404543,-0.5253642410237948,-0.0009068487669274946,0.08742870291127769,-0.20183299755738443,-0.0007258998450149777,-0.1870798088899451,-0.2847328883080721,-0.00024247940901460347,-0.16671105182253665,-0.5190618721725261,-0.0008812285216116996,-0.03013831158420159,-0.27912207182176224,-0.0006242102212333368,-0.17251325949635787,-0.2757736706292429,-0.0002564864357589542,-0.20764305521431464,-0.27641279670001145,-0.00017872611979509033,-0.7423026885577806,-0.5139086041543571,0.0005690701948373689,-0.8167729343595963,-0.503781755493566,0.0007844191839171789,-0.23252712075877208,-0.270965932145772,-0.00010020025856913362,-0.3994653412603162,-0.267715373548212,0.0003253269264123405,-0.7760831790074969,-0.497738294222824,0.0006995518409596416,-12.0,0.0,0.054899160023821815,0.20126664918877626,0.01475494194044697
1.072,4.0,0.02278015581110019,-0.24907733438345928,-0.5359249334320122,-0.0007169146204082564,0.04888886080860075,-0.20839006210876534,-0.0006455211594619282,-0.0699223546511035,-0.20428362255058585,-0.00033483870899357187,-0.16238189593881555,-0.5253642410237948,-0.0009071509804583511,0.0863267597446955,-0.20183299755738443,-0.0007231542511716554,-0.1864162736292045,-0.2847328883080721,-0.00024413269854531747,-0.16685218690798342,-0.5190618721725261,-0.0008808770508749736,-0.030839847061369344,-0.27912207182176224,-0.0006224594005939016,-0.17184528251482584,-0.2757736706292429,-0.0002581510278322126,-0.21037447231703663,-0.27641279670001145,-0.00017192435371424204,-0.7430570808156158,-0.5139086041543571,0.0005709852110085587,-0.8159773052147457,-0.503781755493566,0.0007824779471650758,-0.23417492598816878,-0.270965932145772,-9.609702846749988e-05,-0.40107986069901524,-0.267715373548212,0.00032937491928026043,-0.7745889669925144,-0.497738294222824,0.0006958622119616823,-12.0,0.0,0.05489859041489061,0.20124849772897846,0.014730482249859456
1.074,4.0,0.02285155180376123,-0.24899400312804232,-0.5359249334320122,-0.0007171189976213824,0.047955513845459326,-0.20839006210876534,-0.0006431973072934153,-0.06949775914556316,-0.20428362255058585,-0.0003359031697487059,-0.16225891543398,-0.5253642410237948,-0.000907455862712448,0.08522119887793916,-0.20183299755738443,-0.0007203993932551998,-0.18575042123107474,-0.2847328883080721,-0.000245791536697169,-0.16699385786674287,-0.5190618721725261,-0.0008805242131613567,-0.03154253757716614,-0.27912207182176224,-0.0006207055619009823,-0.17117526183284043,-0.2757736706292429,-0.00025982097028604266,-0.2131165176127631,-0.27641279670001145,-0.00016509581095743708,-0.743799864162901,-0.5139086041543571,0.0005728711916531468,-0.8151626293433994,-0.503781755493566,0.0007804888743029492,-0.23582922486994196,-0.270965932145772,-9.197751539400813e-05,-0.40268961229645234,-0.267715373548212,0.0003334112178770081,-0.7730765422108012,-0.497738294222824,0.0006921266819242261,-12.0,0.0,0.054898014320175006,0.2012303150318712,0.014705985509737831
1.076,5.0,0.04673870577164957,-0.24890907347755026,-0.5359249334320122,-0.0007173273257599247,0.04701846071554113,-0.20839006210876534,-0.0006408639398855617,-0.0690743724876664,-0.20428362255058585,-0.00033696465851255675,-0.16213493877463103,-0.5253642410237948,-0.000907763313974537,0.08411210831679121,-0.20183299755738443,-0.000717635491088309,-0.18508233067405327,-0.2847328883080721,-0.00024745616769249337,-0.1671360915090536,-0.5190618721725261,-0.000880170035764458,-0.03224633391933438,-0.27912207182176224,-0.0006189488356114903,-0.17050326498691756,-0.2757736706292429,-0.0002614960219910062,-0.21586910778899662,-0.27641279670001145,-0.0001582406977181209,-0.7445310446039678,-0.5139086041543571,0.0005747281500213597,-0.8143289957216723,-0.503781755493566,0.0007784521846245837,-0.2374899973853296,-0.270965932145772,-8.784176818957517e-05,-0.40429450608105744,-0.267715373548212,0.0003374355968706008,-0.7715460536149231,-0.497738294222824,0.0006883456199699432,-12.0,0.0,0.0548974299186333,0.20121210358911376,0.014681454382448757
1.078,5.0,0.04316385965620112,-0.24882106310947016,-0.5359249334320122,-0.0007175396498861549,0.04607871378333904,-0.20839006210876534,-0.0006385213070607662,-0.06865127417490413,-0.20428362255058585,-0.00033802312515729865,-0.16200998944315764,-0.5253642410237948,-0.0009080732556229094,0.08299957062541498,-0.20183299755738443,-0.0007148627646854391,-0.1844122526681765,-0.2847328883080721,-0.00024912639408504705,-0.16727893921755166,-0.5190618721725261,-0.0008798144516586812,-0.03295119097659503,-0.27912207182176224,-0.0006171893447560697,-0.1698293471574688,-0.2757736706292429,-0.00026317601410581336,-0.2186321587019811,-0.27641279670001145,-0.0001513592222775371,-0.7452506288473051,-0.5139086041543571,0.0005765561011240267,-0.8134764945768694,-0.503781755493566,0.0007763681005702658,-0.23915722303149006,-0.270965932145772,-8.368983690110604e-05,-0.4058944522510031,-0.267715373548212,0.0003414478313321136,-0.7699976514482576,-0.497738294222824,0.0006845193984802478,-12.0,0.0,0.054896855370212855,0.20119383925891915,0.014656863714042657
1.08,5.0,0.045574386560625624,-0.24873032487218427,-0.5359249334320122,-0.0007177596758063551,0.045136144258222675,-0.20839006210876534,-0.000636171939730261,-0.06822872267075138,-0.20428362255058585,-0.0003390808709392043,-0.1618841014082385,-0.5253642410237948,-0.0009083856289515928,0.08188367478292487,-0.20183299755738443,-0.0007120814204569985,-0.1837402242534849,-0.2847328883080721,-0.0002508015890997389,-0.16742241829063412,-0.5190618721725261,-0.0008794573323874361,-0.03365705531529473,-0.27912207182176224,-0.000615427202112918,-0.16915357583872542,-0.2757736706292429,-0.0002648608086794353,-0.22140558538062738,-0.27641279670001145,-0.00014445159499507586,-0.745958624305432,-0.5139086041543571,0.0005783550617323699,-0.8126052173799874,-0.503781755493566,0.0007742368477082587,-0.2408308808198543,-0.270965932145772,-7.952177278570491e-05,-0.4074893611827213,-0.267715373548212,0.00034544769675697777,-0.7684314872322097,-0.497738294222824,0.000680648393063584,-12.0,0.0,0.0548962764384888,0.2011755409979749,0.014632233341878706
1.082,5.0,0.04653270853793351,-0.2486408298142939,-0.5359249334320122,-0.0007179865213995698,0.04418837693447283,-0.20839006210876534,-0.0006338155159174701,-0.06780929887726148,-0.20428362255058585,-0.0003401372496995862,-0.16175733516851587,-0.5253642410237948,-0.0009087003490388907,0.08076451895622763,-0.20183299755738443,-0.0007092916808507732,-0.18306581091145516,-0.2847328883080721,-0.00025248166013646793,-0.1675664422578198,-0.5190618721725261,-0.00087909863470473,-0.03436386174585534,-0.27912207182176224,-0.0006136625412661688,-0.16847608779460962,-0.2757736706292429,-0.00026655023697629373,-0.22418930203050355,-0.27641279670001145,-0.0001375180282984602,-0.7466550390947271,-0.5139086041543571,0.0005801250503776873,-0.811715256838126,-0.503781755493566,0.0007720586547160536,-0.24251094927451572,-0.270965932145772,-7.533762831479433e-05,-0.4090791434394154,-0.267715373548212,0.00034943496908627317,-0.7668477137533303,-0.497738294222824,0.0006767329825234642,-12.0,0.0,0.054895695635805916,0.20115720558889247,0.014607559873326664
1.084,5.0,0.043659932553545985,-0.24854822151754968,-0.5359249334320122,-0.0007182102590442957,0.04323821479547276,-0.20839006210876534,-0.0006314460976080955,-0.06739023672483359,-0.20428362255058585,-0.00034118580918331094,-0.16162969471271113,-0.5253642410237948,-0.0009090172646381972,0.07964217711554353,-0.20183299755738443,-0.0007064937912840303,-0.18238962119992774,-0.2847328883080721,-0.0002541676934915423,-0.16771113034549823,-0.5190618721725261,-0.0008787385747867657,-0.03507157356505275,-0.27912207182176224,-0.0006118955251897672,-0.1677968964899544,-0.2757736706292429,-0.0002682439570865832,-0.22698322203788981,-0.27641279670001145,-0.00013055873667376975,-0.7473398820352131,-0.5139086041543571,0.0005818660873509249,-0.8108067068868131,-0.503781755493566,0.0007698337533614,-0.2441974064306577,-0.270965932145772,-7.113745717814077e-05,-0.4106637097795677,-0.267715373548212,0.00035340942472800857,-0.7652464850503398,-0.497738294222824,0.0006727735488262657,-12.0,0.0,0.054895113710901715,0.20113883197814023,0.01458284233292309
1.086,4.0,0.022329861149384893,-0.24845151745099434,-0.5359249334320122,-0.0007184417797861563,0.04228636235146891,-0.20839006210876534,-0.0006290706922605953,-0.06697093596823692,-0.20428362255058585,-0.0003422334645643807,-0.16150120328547277,-0.5253642410237948,-0.000909336365777709,0.07851673475178875,-0.20183299755738443,-0.0007036879366823199,-0.18171186751857038,-0.2847328883080721,-0.00025585816777036084,-0.16785653587470148,-0.5190618721725261,-0.0008783768545675696,-0.03578013956627329,-0.27912207182176224,-0.0006101262456417737,-0.1671160428724919,-0.2757736706292429,-0.00026994193534822124,-0.22978725797389724,-0.27641279670001145,-0.0001235739366553041,-0.7480131626502978,-0.5139086041543571,0.0005835781947021399,-0.8098796626822423,-0.503781755493566,0.0007675623784831178,-0.24589022983301945,-0.270965932145772,-6.69213142877858e-05,-0.4122429711654396,-0.267715373548212,0.00035737084057838915,-0.7636279564010559,-0.497738294222824,0.0006687704770687894,-12.0,0.0,0.05489453812495335,0.20112041021295762,0.014558070414704898
1.088,5.0,0.04181635817380461,-0.24835485289208067,-0.5359249334320122,-0.0007186835399525446,0.04133033419542876,-0.20839006210876534,-0.0006266910611505856,-0.06655408307172198,-0.20428362255058585,-0.00034328171645587235,-0.16137192692642532,-0.5253642410237948,-0.0009096575943458049,0.07738829457023699,-0.20183299755738443,-0.0007008743307729329,-0.18103209332772816,-0.2847328883080721,-0.0002575525519737543,-0.1680025600945716,-0.5190618721725261,-0.0008780133407445614,-0.03648949158493269,-0.27912207182176224,-0.0006083548306387224,-0.1664336672535693,-0.2757736706292429,-0.00027164406939187753,-0.23260132159865052,-0.27641279670001145,-0.00011656384681528555,-0.7486748911664706,-0.5139086041543571,0.0005852613962398517,-0.8089342205934239,-0.503781755493566,0.0007652447679716909,-0.24758939653440054,-0.270965932145772,-6.268925578188144e-05,-0.41381683877156594,-0.267715373548212,0.000361318994043069,-0.7619922843092286,-0.497738294222824,0.0006647241554455796,-12.0,0.0,0.05489395034873857,0.20110196520883075,0.01453326993745331
1.09,4.0,0.022206289534587587,-0.24825557505347126,-0.5359249334320122,-0.0007189252013498288,0.040371880037073635,-0.20839006210876534,-0.0006243009907604852,-0.0661380057384691,-0.20428362255058585,-0.0003443238486971597,-0.16124187721783823,-0.5253642410237948,-0.0009099807852434236,0.07625693499579814,-0.20183299755738443,-0.0006980532303190536,-0.18035071036768624,-0.2847328883080721,-0.00025925198745085985,-0.16814929317356675,-0.5190618721725261,-0.0008776482801948863,-0.03719958490796055,-0.27912207182176224,-0.0006065814505920739,-0.16574979330505676,-0.2757736706292429,-0.000273350008439184,-0.2354253238655343,-0.27641279670001145,-0.00010952868775340234,-0.7493250785129534,-0.5139086041543571,0.0005869157175302836,-0.8079704781942512,-0.503781755493566,0.0007628811627496449,-0.24929488309420486,-0.270965932145772,-5.8441339028428715e-05,-0.41538522399323985,-0.267715373548212,0.00036525366305838484,-0.7603396264912827,-0.497738294222824,0.0006606349752160115,-12.0,0.0,0.05489337402802907,0.2010834651667165,0.014508408090305243
1.092,5.0,0.04221068432518411,-0.24815632794291514,-0.5359249334320122,-0.0007191733959463522,0.039409439984228516,-0.20839006210876534,-0.0006219048553645975,-0.06572443207983632,-0.20428362255058585,-0.00034536404203029187,-0.16111111186242846,-0.5253642410237948,-0.0009103059095148914,0.07512275578790101,-0.20183299755738443,-0.0006952248313829565,-0.1796674453681417,-0.2847328883080721,-0.0002609554448509646,-0.1682966668657089,-0.5190618721725261,-0.0008772814474973983,-0.037910355590157194,-0.27912207182176224,-0.0006048062172845042,-0.16506454273306465,-0.2757736706292429,-0.0002750596933104654,-0.23825917492550266,-0.27641279670001145,-0.00010246868208619287,-0.7499637363213075,-0.5139086041543571,0.0005885411858964906,-0.8069885342554817,-0.503781755493566,0.000760471806751713,-0.2510066655770242,-0.270965932145772,-5.417762262891791e-05,-0.41694803845498957,-0.267715373548212,0.0003691746261125696,-0.7586701418629678,-0.497738294222824,0.0006565033306711468,-12.0,0.0,0.05489278285282618,0.20106494554824678,0.014483521475359194
1.094,4.0,0.022257826505924054,-0.24805303955851424,-0.5359249334320122,-0.0007194215137227427,0.038445658607356305,-0.20839006210876534,-0.0006194987552324846,-0.06531077790218683,-0.20428362255058585,-0.0003463979761768739,-0.16097962812638464,-0.5253642410237948,-0.0009106328229034159,0.07398582722269366,-0.20183299755738443,-0.0006923893833632136,-0.17898289336056827,-0.2847328883080721,-0.000262663607349826,-0.16844481196352848,-0.5190618721725261,-0.0008769130132670431,-0.038621761796130506,-0.27912207182176224,-0.0006030292905790126,-0.1643779112983391,-0.2757736706292429,-0.00027677281974044566,-0.24110278413145153,-0.27641279670001145,-9.538405443627197e-05,-0.7505908769249944,-0.5139086041543571,0.000590137830417376,-0.8059884887366349,-0.503781755493566,0.0007580169469047893,-0.2527247195512621,-0.270965932145772,-4.9898166421869506e-05,-0.4185051940190444,-0.267715373548212,0.0003730816622669439,-0.7569839905259189,-0.497738294222824,0.0006523296191003594,-12.0,0.0,0.05489220362971875,0.201046370228625,0.014458572916810322
1.096,5.0,0.041318694885792484,-0.24794850393700085,-0.5359249334320122,-0.000719679734683745,0.037478878327419675,-0.20839006210876534,-0.0006170893017903041,-0.06489886760289532,-0.20428362255058585,-0.0003474321116209976,-0.1608474838543015,-0.5253642410237948,-0.0009109615322435252,0.07284625247199823,-0.20183299755738443,-0.0006895470619501952,-0.1782967778131824,-0.2847328883080721,-0.00026437498736875956,-0.1685936661926691,-0.5190618721725261,-0.0008765426505224941,-0.03933373740819656,-0.27912207182176224,-0.0006012507750640793,-0.16369001016004528,-0.2757736706292429,-0.00027848939832725956,-0.2439560600426537,-0.27641279670001145,-8.827503142139982e-05,-0.7512065133588907,-0.5139086041543571,0.0005917056819265931,-0.8049704427778066,-0.503781755493566,0.0007555168331076723,-0.25444902008779813,-0.270965932145772,-4.560303148627487e-05,-0.4200566027937899,-0.267715373548212,0.000376974551177081,-0.7552813337541273,-0.497738294222824,0.0006481142407577373,-12.0,0.0,0.05489161744894047,0.2010277646883801,0.014433588669268221
1.098,4.0,0.03291898137619513,-0.24784425302044483,-0.5359249334320122,-0.0007199410737375283,0.03650823118433231,-0.20839006210876534,-0.0006146723510904625,-0.06448971500073551,-0.20428362255058585,-0.0003484618873692263,-0.16071472853541324,-0.5253642410237948,-0.0009112918929237332,0.07170412910929332,-0.20183299755738443,-0.0006866981250734566,-0.17760897296222386,-0.2847328883080721,-0.0002660902762372242,-0.16874319257083303,-0.5190618721725261,-0.0008761705149496424,-0.04004622035827834,-0.27912207182176224,-0.0005994708360339142,-0.16300093717938363,-0.2757736706292429,-0.00028020915117299406,-0.24681891042925608,-0.27641279670001145,-8.114184164339441e-05,-0.7518106593587582,-0.5139086041543571,0.0005932447730113338,-0.8039344986914011,-0.503781755493566,0.0007529717182106016,-0.25617954175869373,-0.270965932145772,-4.129228014493475e-05,-0.42160217714221104,-0.267715373548212,0.0003808530731139448,-0.7535623339803234,-0.497738294222824,0.0006438575988282583,-12.0,0.0,0.05489103221507071,0.20100911826567702,0.01440855781586709
1.1,5.0,0.04363615519009133,-0.24773717960846514,-0.5359249334320122,-0.0007202017010289185,0.0355357669397292,-0.20839006210876534,-0.0006122457332327441,-0.06408135501156184,-0.20428362255058585,-0.0003494847688746258,-0.16058137076985796,-0.5253642410237948,-0.0009116237812209538,0.07055954125670441,-0.20183299755738443,-0.0006838428166666944,-0.1769197768148139,-0.2847328883080721,-0.0002678097883646206,-0.16889491023195766,-0.5190618721725261,-0.0008757966990042326,-0.04076021920903457,-0.27912207182176224,-0.0005976896286587097,-0.1623118115502489,-0.2757736706292429,-0.0002819318336246482,-0.24969124227683906,-0.27641279670001145,-7.398471567688844e-05,-0.752403329360667,-0.5139086041543571,0.0005947551380110028,-0.802880759953782,-0.503781755493566,0.0007503818579945879,-0.25791625863593903,-0.270965932145772,-3.696597596769574e-05,-0.4231418296903221,-0.267715373548212,0.0003847170089849976,-0.7518271547822718,-0.497738294222824,0.0006395600993937484,-12.0,0.0,0.05489044668801818,0.200990435224731,0.014383484829146575
