t,ncon,contact_force_total,q_joint_0,qref_joint_0,tau_joint_0,q_joint_6,qref_joint_6,tau_joint_6,q_joint_7,qref_joint_7,tau_joint_7,q_joint_1,qref_joint_1,tau_joint_1,q_joint_8,qref_joint_8,tau_joint_8,q_joint_9,qref_joint_9,tau_joint_9,q_joint_2,qref_joint_2,tau_joint_2,q_joint_10,qref_joint_10,tau_joint_10,q_joint_11,qref_joint_11,tau_joint_11,q_joint_3,qref_joint_3,tau_joint_3,q_joint_12,qref_joint_12,tau_joint_12,q_joint_13,qref_joint_13,tau_joint_13,q_joint_4,qref_joint_4,tau_joint_4,q_joint_5,qref_joint_5,tau_joint_5,q_joint_14,qref_joint_14,tau_joint_14,input_sigma_close,input_sigma_diff,object_free_horizontal_y_axis_cylinder_radius2p5_x,object_free_horizontal_y_axis_cylinder_radius2p5_y,object_free_horizontal_y_axis_cylinder_radius2p5_z
0.0,35.0,10528.819950496014,0.0,0.0,0.0,0.0,0.0,0.0,0.0,0.0,0.0,0.0,0.0,0.0,0.0,0.0,0.0,0.0,0.0,0.0,0.0,0.0,0.0,0.0,0.0,0.0,0.0,0.0,0.0,0.0,0.0,0.0,0.0,0.0,0.0,0.0,0.0,0.0,0.0,0.0,0.0,0.0,0.0,0.0,0.0,0.0,0.0,0.0,0.0,0.055,0.23,0.105
0.002,32.0,3752.2850226892333,-0.0016668551296682653,0.0,0.0,0.0010401563113694476,0.0,0.0,0.0003291016652632515,0.0,0.0,-0.0007159668468134188,0.0,0.0,-0.002245164349405865,0.0,0.0,0.0020035553016452233,0.0,0.0,-0.0030405754411105,0.0,0.0,0.0023423145041747803,0.0,0.0,0.0005082648639363822,0.0,0.0,0.0,0.0,0.0,0.0,0.0,0.0,0.0,0.0,0.0,0.0,0.0,0.0,0.0,0.0,0.0,0.0,0.0,0.0,0.0,0.0,0.055023285351669886,0.23007003638295787,0.10503721202860511
0.004,31.0,3085.2644034928635,-0.004539541619900235,0.0061248563820801415,1.947927877937102e-05,0.0014730488090101727,0.0023816007098144618,3.3536109961125356e-06,0.0007900524000390436,0.002334669972006696,5.013920766858612e-06,-0.004009323951137355,0.0060041627545576555,1.6800324003427686e-05,-0.004715603579605288,0.0023066628292272512,1.1379567946582792e-05,0.005006535788636706,0.0032540901520922536,3.1263371261175756e-06,-0.007617266337116495,0.005932135681971728,2.243177780770557e-05,0.004233696368447562,0.003189966535105855,2.1191300773276865e-06,0.0013319252348045533,0.003151699092905634,6.6085855724231305e-06,-3.57759467914495e-08,0.0031590033908572746,7.897508477143187e-06,9.33808645406011e-08,0.005873241190335512,1.468310297583878e-05,1.5111959665884063e-07,0.005757505777069328,1.4393764442673319e-05,1.552371092749348e-09,0.003096753510237395,7.741883775593489e-06,3.554249580711969e-09,0.0030596042691224236,7.649010672806059e-06,1.7521036617142088e-07,0.005688437648260847,1.4221094120652119e-05,0.13714285714285718,0.0,0.05505835772236548,0.23019104906429502,0.10510503193189837
0.006,36.0,3868.176805714898,-0.007265122655125274,0.012249712764160283,4.197313596015129e-05,0.00012990296899972496,0.0047632014196289235,8.225381526546879e-06,0.0012169335870133079,0.004669339944013392,9.698218859935872e-06,-0.010062326680646338,0.012008325509115311,4.004412365063166e-05,-0.005772831971188583,0.0046133256584545024,2.3322323095149476e-05,0.00797225139368717,0.006508180304184507,3.7541112888695035e-06,-0.01166929620914764,0.011864271363943456,4.870384425264988e-05,0.003180883337528096,0.00637993307021171,5.36559175441037e-06,0.002241579286065204,0.006303398185811268,1.2428682377516788e-05,-1.7887751477036276e-07,0.006318006781714549,1.5795106394153352e-05,4.6690222911776724e-07,0.011746482380671023,2.9365972499516206e-05,7.555931980059844e-07,0.011515011554138655,2.8787151086354992e-05,7.762239415153155e-09,0.00619350702047479,1.5483763670259243e-05,1.7772804939343157e-08,0.006119208538244847,1.529801245998817e-05,8.760453850395666e-07,0.011376875296521694,2.8441750215388806e-05,0.27428571428571435,0.0,0.05508017804327467,0.23035329876822272,0.10520027453156403
0.008,29.0,2330.080847140313,-0.009272210314950003,0.018374569146240423,6.409922950341424e-05,-0.0031570773257424186,0.007144802129443384,1.753724790110915e-05,0.0015513622632420856,0.007004009916020087,1.4467690822516949e-05,-0.018003850695742986,0.018012488263672966,7.018703736079826e-05,-0.006204671478602232,0.006919988487681753,3.173205114717584e-05,0.010758992252165214,0.00976227045627676,4.4750476564739755e-06,-0.01580036990977489,0.01779640704591518,7.366425813765705e-05,0.0002849042981811615,0.009569899605317563,1.597254066947367e-05,0.003214821279174812,0.009455097278716901,1.8033794981629244e-05,-5.00845501663015e-07,0.009477010172571822,2.3692972625216484e-05,1.3073153549395511e-06,0.01761972357100653,4.404814167194353e-05,2.1156360710799377e-06,0.01727251733120798,4.317940434502493e-05,2.1736266910755387e-08,0.009290260530712184,2.322563192118192e-05,4.977195031017212e-08,0.00917881280736727,2.2946987586405826e-05,2.452893560113546e-06,0.01706531294478254,4.266109224849375e-05,0.4114285714285715,0.0,0.055152691372915695,0.2305489075576105,0.1053163133479897
0.01,29.0,1912.8389289253387,-0.010377759989049684,0.024499425528320566,8.442908960817643e-05,-0.008253227079647063,0.009526402839257847,3.1708700412500665e-05,0.0015579330851214932,0.009338679888026785,1.946829406196175e-05,-0.027586036459969432,0.024016651018230622,0.00010505125428493402,-0.006050175415656899,0.009226651316909005,3.8578306988778096e-05,0.01343755078517983,0.013016360608369014,5.6434208905095e-06,-0.020669084214337864,0.023728542727886912,9.88222815941545e-05,-0.003427722335616286,0.01275986614042342,3.118740460560564e-05,0.003859187001327872,0.012606796371622537,2.3479937731119314e-05,-1.073202952245183e-06,0.012636013563429098,3.15912860223269e-05,2.8013547549033682e-06,0.023492964761342047,5.872914361496777e-05,4.533425201746888e-06,0.02303002310827731,5.7569768680515585e-05,4.6584187141442246e-08,0.01238701404094958,3.096748076170667e-05,1.0668042547131778e-07,0.012238417076489694,3.0595918261348464e-05,5.256091830139848e-06,0.02275375059304339,5.6878244248708186e-05,0.5485714285714287,0.0,0.055251984831019736,0.2307674130728682,0.10544926585044405
0.012,26.0,1275.4639569693886,-0.01060115564666455,0.0306242819104007,0.00010250510474862596,-0.015069443675870074,0.011908003549072305,5.040307657179843e-05,0.0013115499300935275,0.011673349860033478,2.528854193727996e-05,-0.0389044789293381,0.03002081377278827,0.00014401712558189425,-0.00487803167712302,0.011533314146136254,4.395872390448289e-05,0.016168362734213848,0.016270450760461262,7.0822499382035795e-06,-0.026007872721014375,0.029660678409858636,0.00012582440656049124,-0.008135671887443203,0.01594983267552927,4.844388752786389e-05,0.004055812914883681,0.015758495464528167,2.9748271158000737e-05,-1.9674462829948546e-06,0.01579501695428637,3.9490225393096544e-05,5.135729820209608e-06,0.02936620595167755,7.340851149230661e-05,8.311080156462352e-06,0.02878752888534663,7.195748865036221e-05,8.542034111129518e-08,0.015483767551186972,3.8709302417499576e-05,1.9564565197881506e-07,0.015298021345612114,3.824478666296661e-05,9.63589979040331e-06,0.028442188241304227,7.109233037368523e-05,0.6857142857142857,0.0,0.055366457835948873,0.23101835750163954,0.10559764071037896
0.014,24.0,1303.7158201801315,-0.009677735495674303,0.036749138292480846,0.00011837573484786349,-0.023892105737815757,0.014289604258886769,7.33976198368921e-05,0.000935632889559316,0.014008019832040175,3.174117475486662e-05,-0.05149381592209713,0.03602497652734593,0.00018732363864171008,-0.002797613946442579,0.013839976975363506,4.679502163121631e-05,0.01901054709677174,0.01952454091255352,8.390445445849177e-06,-0.03137930954240086,0.03559281409183036,0.00015400171703211185,-0.013632039281431134,0.019139799210635126,6.818867774519583e-05,0.003925378986918744,0.018910194557433802,3.71359541063753e-05,-3.2550364083004906e-06,0.018954020345143645,4.73899694785666e-05,8.497116448035525e-06,0.03523944714201306,8.808577853048214e-05,1.3750643947271093e-05,0.03454503466241596,8.634180895564874e-05,1.413652131106757e-07,0.018580521061424368,4.645108910270814e-05,3.23839957279644e-07,0.01835762561473454,4.589357492270641e-05,1.5942473919106864e-05,0.03413062588956508,8.53024749744367e-05,0.822857142857143,0.0,0.05551544198166731,0.23128928859878636,0.10576003525738391
0.016,23.0,1398.1738332879356,-0.007850432749740774,0.042873994674560975,0.0001313793254255882,-0.034342879919351046,0.016671204968701225,0.00010140827676629246,0.0008234804820837447,0.016342689804046868,3.8517642286218884e-05,-0.06480545710651467,0.04202913928190358,0.00023380738801000178,-0.0002288624512937873,0.016146639804590752,4.736063437758333e-05,0.021907385851587323,0.02277863106464577,9.420209919685074e-06,-0.03727244861862494,0.04152494977380209,0.00018226064829050738,-0.019101196008041603,0.022329765745740977,8.990451256793028e-05,0.0036157287461088075,0.022061893650339434,4.5341286658551725e-05,-5.007389868846611e-06,0.022113023736000915,5.529069693102304e-05,1.3072148670692988e-05,0.04111268833234857,0.00010276047803975134,2.1154063901340478e-05,0.04030254043948528,0.00010072197448884502,2.1754696658859472e-07,0.02167727457166176,5.419283301612162e-05,4.98466795855547e-07,0.02141722988385696,5.35422651097492e-05,2.4525841810861158e-05,0.03981906353782592,9.950780265976702e-05,0.96,0.0,0.0556831971603677,0.23157702815607403,0.10592853249738043
0.018000000000000002,25.0,1186.8600593316205,-0.0053760031923746655,0.04899885105664113,0.00014212320951595476,-0.04596625106210131,0.019052805678515694,0.00013348921399466686,0.001237810298333091,0.01867735977605357,4.4634698234924563e-05,-0.07828531733434808,0.048033302036461244,0.0002820968978574398,0.0023910336467667147,0.01845330263381801,4.6705412712779494e-05,0.024788713861854862,0.02603272121673803,1.0313338412876765e-05,-0.04579090297869963,0.047457085455773824,0.0002118238351859969,-0.024107437679283562,0.02551973228084684,0.00011155232072222111,0.003645204588325772,0.025213592743245073,5.3994659992840665e-05,-7.2958699627980405e-06,0.025272027126858197,6.319258629181761e-05,1.9047410286693125e-05,0.04698592952268409,0.00011743214343503351,3.0823172536322157e-05,0.04606004621655462,0.00011509723038163322,3.171029800613738e-07,0.02477402808189916,6.193452633733143e-05,7.267669665497475e-07,0.02447683415297939,6.119083921545883e-05,3.5735876419314586e-05,0.04550750118608678,0.00011370743836068979,1.0971428571428574,0.0,0.055884388777636185,0.23187342156895466,0.10610877427893983
0.02,24.0,992.6118126682791,-0.003366516758768093,0.05512370743872126,0.00015124927657773982,-0.05717007911593109,0.021434406388330152,0.00016850164362607864,0.0018311253252501832,0.02101202974806026,4.943554862431793e-05,-0.09180665257449208,0.05403746479101889,0.0003308069553134174,0.005043390234649589,0.020759965463045257,4.592232954069636e-05,0.027674818615643762,0.029286811368830278,1.124524376743854e-05,-0.06113335147050926,0.05338922113774555,0.00024795031029111294,-0.02719327793812817,0.02870969881595269,0.00013204284123809063,0.004111966909246481,0.028365291836150705,6.180021811956233e-05,-1.0191777880403636e-05,0.028431030517715467,7.109581596919566e-05,2.6609426494140364e-05,0.05285917071301959,0.00013210030825683224,4.305966844283677e-05,0.051817551993623936,0.00012946682205271904,4.431813830655465e-07,0.027870781592136552,6.967616122289123e-05,1.0160248252290615e-06,0.027536438422101808,6.883927913783815e-05,4.992227031095364e-05,0.051195938834347615,0.00012790050739482076,1.2342857142857144,0.0,0.05611491021698259,0.2322015876768166,0.10631200626546675
0.022,23.0,534.0732716458898,-0.001964726918513215,0.0612485638208014,0.00016153770144892375,-0.06785887368945101,0.02381600709814461,0.00020246521553518926,0.0024495652844792656,0.023346699720066956,5.378893598704193e-05,-0.10534195244638556,0.06004162754557654,0.0003796207003001716,0.007681496026934598,0.023066628292272507,4.505809514405729e-05,0.03055116265437804,0.032540901520922524,1.2165207263196907e-05,-0.08518861563966063,0.05932135681971727,0.00030113677072556635,-0.026158219571768268,0.03189966535105854,0.00014773235822296678,0.006125184138816282,0.031516990929056334,6.851256004952463e-05,-1.3766343842639653e-05,0.03159003390857274,7.900056421613286e-05,3.594465552687756e-05,0.0587324119033551,0.0001467645061921524,5.816509717537593e-05,0.05757505777069326,0.00014382999525562606,5.989425921628731e-07,0.030967535102373944,7.74177298024772e-05,1.3735744919343571e-06,0.030596042691224228,7.64875666659975e-05,6.743450993210268e-05,0.056884376482608454,0.00014208613553074375,1.3714285714285714,0.0,0.05636485461671389,0.23258004283670472,0.10655303110893231
0.024,20.0,194.86661133533218,-0.0008667586471829069,0.06737342020288155,0.0001733453678034869,-0.07823867255605138,0.026197607807959072,0.00023514120374352522,0.0030622369670927387,0.02568136969207365,5.807951101898596e-05,-0.11899655891562919,0.0660457903001342,0.0004284693568662994,0.010232536663963374,0.025373291121499757,4.4229487736412896e-05,0.033340700678578535,0.03579499167301478,1.310957254659185e-05,-0.11679275991393548,0.065253492501689,0.0003761052703533741,-0.02111338670628056,0.035089631886164395,0.00015311962864483165,0.009788415846471964,0.03466869002196197,7.135876470786421e-05,-1.8090718244512176e-05,0.03474903729943001,8.690700910818163e-05,4.7239480293803114e-05,0.06460565309369061,0.00016142427109540932,7.644083215291533e-05,0.0633325635477626,0.00015818599612646805,7.875608470052528e-07,0.03406428861261134,8.515922417504795e-05,1.8068060516728792e-06,0.033655646960346654,8.413568346463681e-05,8.862184989115117e-05,0.0625728141308693,0.00015626344905234302,1.5085714285714287,0.0,0.056627847325424904,0.23299781591127425,0.1068248465836076
0.026000000000000002,20.0,67.13152935606199,-0.00038086780986941563,0.07349827658496169,0.00018591258808036153,-0.08813238940014426,0.028579208517773538,0.0002670447026845623,0.003739412155682891,0.02801603966408035,6.238450674246902e-05,-0.1330464447670601,0.07204995305469186,0.00047761627992580263,0.012511359836370885,0.02767995395072701,4.361854321690909e-05,0.035852438297545086,0.03904908182510704,1.4270952866321258e-05,-0.15225813945135042,0.07118562818366073,0.0004699459702439905,-0.014262141183090798,0.03827959842127025,0.00014848246281887705,0.014431429306140376,0.037820389114867604,7.007993317098911e-05,-2.3235962803637195e-05,0.03790804069028729,9.48153285213295e-05,6.068020002178002e-05,0.07047889428402612,0.0001760791370093308,9.818805557053239e-05,0.06909006932483192,0.0001725340712316975,1.0122257464672118e-06,0.037161042122848736,9.290063640500433e-05,2.323171748006612e-06,0.03671525122946908,9.178361105854353e-05,0.00011383328725803526,0.06826125177913016,0.0001704315748230975,1.645714285714286,0.0,0.05690067624790069,0.23344002738014666,0.1071189020974446
0.028,22.0,9.718818881690096,-0.00033483944766921807,0.07962313296704183,0.00020001000194227813,-0.09768472859761838,0.030960809227588003,0.0002977329965693307,0.004467441167900856,0.03035070963608705,6.65282437010104e-05,-0.14739237295312752,0.07805411580924952,0.000527751401440774,0.014589267797135364,0.029986616779954265,4.368814235895845e-05,0.03817486627495257,0.042303171977199294,1.612683419913552e-05,-0.18901523883661586,0.07711776386563247,0.0005734397582924572,-0.006966913495430735,0.04146956495637611,0.00013932926534866727,0.019483484983955076,0.04097208820777325,6.635164725408217e-05,-2.9273041714715906e-05,0.041067044081144574,0.00010272570010987054,7.645302190255562e-05,0.07635213547436165,0.00019072863818584966,0.000123707739323321,0.07484757510190126,0.00018687346761582684,1.2761437848535288e-06,0.04025779563308614,0.00010064195851834918,2.9301921685916024e-06,0.039774855498591506,9.943133081710876e-05,0.00014341753588299942,0.07394968942739101,0.00018458964035033244,1.7828571428571434,0.0,0.057179382183351675,0.23388928328092562,0.107420571076594
0.03,17.0,0.1016791860834373,-0.00038962288366177765,0.08574798934912195,0.00021520707199197795,-0.10715494164947395,0.03334240993740245,0.00032756784633755214,0.005206526420028444,0.032685379608093736,7.05448461004822e-05,-0.16179738395460083,0.08405827856380715,0.0005786266287923367,0.016620965728135817,0.032293279609181505,4.426002953011535e-05,0.040463610701167316,0.04555726212929154,1.845598963584742e-05,-0.22588136882932583,0.08304989954760418,0.0006801628459605501,0.00038054546237025703,0.044659531491481955,0.00012906611246728172,0.024564896705301164,0.04412378730067887,6.160075579180949e-05,-3.6272812810521804e-05,0.04422604747200183,0.00011063830128429137,9.47440527441099e-05,0.08222537666469713,0.00020537230910698645,0.00015330062594389566,0.08060508087897056,0.0002012034328491181,1.5825398881894226e-06,0.04335454914332352,0.00010838318249884666,3.635462421824002e-06,0.04283445976771392,0.00010707882393886332,0.00017772300073666203,0.07963812707565184,0.0001987367738494221,1.92,0.0,0.05746133217417553,0.23434207956715117,0.10772626342455313
0.032,13.0,0.0,-0.0004484071012351768,0.09187284573120208,0.00023065617153715965,-0.11661669658465602,0.03572401064721691,0.00035719738074172717,0.005945196487784712,0.03502004958010043,7.453380790017997e-05,-0.17619416563195286,0.0900624413183648,0.0006296495631824141,0.01864655862649701,0.034599942438408755,4.494744177568235e-05,0.04275178454843588,0.04881135228138379,2.086935395054118e-05,-0.2627385050012744,0.0889820352295759,0.0007871585101472543,0.00772271047447313,0.047849498026587806,0.00011867238141054387,0.02964593820449076,0.0472754863935845,5.6776474220708336e-05,-4.43060187300149e-05,0.0473850508628591,0.00011855330918917406,0.0001157392906268485,0.08809861785503263,0.00022000968450572132,0.00018726720955477622,0.08636258665603988,0.00021552321507523997,1.9346589506005796e-06,0.046451302653560914,0.00011612430028418181,4.446658303749524e-06,0.04589406403683634,0.00011472607143603628,0.00021709775227340747,0.08532656472391267,0.00021287210430794002,2.057142857142857,0.0,0.05774397799647636,0.23479447641953022,0.10803141271749415
0.034,14.0,0.0,-0.0005091813295440824,0.09799770211328226,0.0002461152730362936,-0.12607104685741582,0.03810561135703139,0.0003868057698542185,0.006683072449892112,0.03735471955210714,7.852380766080608e-05,-0.19058198466425916,0.09606660407292249,0.0006806519242621884,0.02066542601416087,0.03690660526763602,4.565011660284752e-05,0.045039391747263534,0.05206544243347606,2.328414471260044e-05,-0.29958461677555265,0.09491417091154765,0.0008941316897820551,0.015056698605843386,0.05103946456169368,0.00010829188521805138,0.034726915065116847,0.050427185486490146,5.1953118204998465e-05,-5.344327809419716e-05,0.05054405425371639,0.000126470900681116,0.0001396246165650555,0.09397185904536819,0.00023464029938685335,0.00022590771683694374,0.09212009243310924,0.00022983206305888615,2.3357673707901337e-06,0.04954805616379832,0.00012386530376211932,5.371542454394043e-06,0.04895366830595878,0.00012237305411913756,0.00026188950082012535,0.09101500237217355,0.00022699476154975037,2.194285714285715,0.0,0.058026252025281645,0.23524664391698086,0.10833635325622336
0.036000000000000004,13.0,0.0,-0.0005719424107035754,0.1041225584953624,0.0002615793495622662,-0.13551750875378737,0.04048721206684584,0.0004163956473106542,0.007420010645235011,0.03968938952411383,8.251579268555429e-05,-0.2049601082716101,0.10207076682748013,0.0007316318787293482,0.02267694844094669,0.03921326809686327,4.6369605206756e-05,0.047326436020262624,0.05531953258556831,2.5700352095761934e-05,-0.33641767447307286,0.10084630659351938,0.0010010773084226801,0.022379631036271663,0.05422943109679953,9.793183122739035e-05,0.03980813127585977,0.053578884579395775,4.712992378569732e-05,-6.375507669032182e-05,0.053703057644573664,0.00013439125230666965,0.0001665857861740195,0.09984510023570368,0.00024926368904784656,0.000269522088015857,0.09787759821017857,0.00024412922623335404,2.7891545886195334e-06,0.05264480967403572,0.00013160618476666232,6.417970502674174e-06,0.0520132725750812,0.00013001975258156701,0.00031244557099231534,0.09670344002043439,0.00024110387629903567,2.331428571428572,0.0,0.05830849405785474,0.2356988093170391,0.1086412921181652
0.038,13.0,0.0,-0.0006368780703610792,0.11024741487744252,0.00027704839322036524,-0.1449554528144358,0.042868812776660305,0.0004459658038261192,0.008155890035900507,0.04202405949612052,8.651012212721379e-05,-0.21932780426288748,0.10807492958203778,0.0007825875946341198,0.02468050758493767,0.04151993092609051,4.710745621285956e-05,0.049612920855608485,0.058573622737660556,2.811796679349483e-05,-0.37323564944355647,0.1067784422754911,0.00110799029187141,0.02968863415407676,0.05741939763190538,8.75994164890843e-05,0.04488988873008071,0.05673058367230141,4.2306130991104104e-05,-7.531175866506778e-05,0.056862061035430934,0.00014231454028030313,0.00019680842134324467,0.10571834142603918,0.0002638793890996629,0.0003184099578662182,0.10363510398724787,0.00025841395474808005,3.298134621800038e-06,0.055741563184273105,0.00013934693507421122,7.593897199047892e-06,0.055072876844203617,0.00013766614718425235,0.00036911287613957414,0.10239187766869523,0.0002551985802442573,2.468571428571429,0.0,0.05859073609042783,0.23615097471709734,0.10894623098010704
0.04,12.0,0.0,-0.0007041750933886163,0.11637227125952267,0.0002925228733247094,-0.15438425076169504,0.045250413486474766,0.00047551466575227646,0.008890589766815267,0.04435872946812722,9.050709858056678e-05,-0.23368434108346162,0.11407909233659544,0.0008335172414987073,0.026675486346692624,0.043826593755317764,4.786521542595024e-05,0.051898849483556705,0.061827712889752806,3.0536980085360804e-05,-0.4100365142164242,0.11271057795746282,0.0012148655685025483,0.03698084075293776,0.06060936416701123,7.730182503233617e-05,0.0499724866839167,0.05988228276520704,3.748098508781583e-05,-8.818351772728873e-05,0.060021064426288205,0.00015024094046238318,0.0002304780019161568,0.1115915826163747,0.0002784869354875786,0.00037287063673677607,0.1093926097643172,0.00027268549951612746,3.866047602701374e-06,0.0588383166945105,0.00014708754639972176,8.907382535066557e-06,0.058132481113326036,0.00014531221804031747,0.00043223789282247874,0.10808031531695607,0.00026927800610204126,2.605714285714286,0.0,0.05887297812300092,0.23660314011715558,0.10925116984204888
0.042,8.0,0.0,-0.0007740192573635669,0.1224971276416028,0.00030800325683747853,-0.16380327558590718,0.04763201419628922,0.0005050406623949606,0.009623989183214745,0.04669339944013391,9.450702418329661e-05,-0.2480289878628653,0.12008325509115308,0.0008844189904365368,0.028661268943033138,0.046133256584545014,4.864442559463097e-05,0.0541842248531767,0.06508180304184505,3.295738389572086e-05,-0.4468182426527603,0.11864271363943454,0.001321698069639647,0.04425339122224001,0.06379933070211707,6.704622487294829e-05,0.05505622121830409,0.06303398185811267,3.265373793548992e-05,-0.00010244038836094471,0.06318006781714548,0.0001581706283371819,0.000267779857376713,0.1174648238067102,0.0002930858645119851,0.0004332030915964513,0.11515011554138652,0.0002869431122616244,4.496261315283869e-06,0.06193507020474789,0.00015482801039286295,1.0366597848991096e-05,0.061192085382448455,0.00015295794499978348,0.0005021666353228777,0.11376875296521691,0.00028334128768098607,2.742857142857143,0.0,0.05915522015557401,0.23705530551721382,0.10955610870399073
0.044,5.0,0.0,-0.0008465952665763756,0.12862198402368294,0.0003234900082026163,-0.1732119016311319,0.05001361490610369,0.0005345422262300272,0.010355967848048885,0.049028069412140614,9.851020057231469e-05,-0.26236101446244325,0.12608741784571076,0.0009352910142714402,0.030637241000375258,0.04843991941377227,4.9446626176847835e-05,0.05646904960931736,0.06833589319393732,3.537917085190155e-05,-0.4835788100985927,0.12457484932140628,0.0014284827299354164,0.05150343472979537,0.06698929723722294,5.683976503745733e-05,0.0601413847056539,0.0661856809510183,2.7823649331785526e-05,-0.00011815223704882233,0.06633907120800275,0.00016610377899090926,0.0003088991585433206,0.12333806499704572,0.0003076757128491725,0.0004997059271030713,0.12090762131845587,0.0003011860455671486,5.192172732160122e-06,0.0650318237149853,0.00016256831863417504,1.1979831916636609e-05,0.06425168965157088,0.00016060330763430474,0.000579244630189599,0.11945719061347777,0.00029738755994538723,2.8800000000000003,0.0,0.059437462188147105,0.23750747091727206,0.10986104756593257
0.046,4.0,0.0,-0.0009220866865980564,0.1347468404057631,0.0003389835891808487,-0.18260950468018655,0.052395215615918145,0.0005640177931176252,0.011086405559320084,0.0513627393841473,0.00010251692884024603,-0.27667969152297467,0.1320915806002684,0.0009861314876567792,0.03260278964757532,0.050746582242999515,5.0273353106560645e-05,0.0587533260698207,0.07158998334602956,3.780233434178051e-05,-0.5203161935397228,0.130506985003378,0.0015352144877549267,0.058728130395812914,0.07017926377232879,4.668957260633355e-05,0.06522826528189243,0.06933738004392394,2.298998834567509e-05,-0.00013538875350764762,0.06949807459886002,0.00017404056708977212,0.0003540209092704703,0.12921130618738122,0.00032225601757209475,0.0005726773666959967,0.1266651270955252,0.0003154135529210553,5.9572095517920545e-06,0.06812857722522268,0.0001703084626312263,1.3755497026611223e-05,0.06731129392069331,0.00016824828522194168,0.0006638168908215811,0.1251456282617386,0.0003114159590788725,3.0171428571428573,0.0,0.0597197042207202,0.2379596363173303,0.11016598642787441
0.048,1.0,0.0,-0.001000675879439811,0.1408716967878432,0.0003544844586861031,-0.19199546203897905,0.0547768163257326,0.0005934658025147979,0.01181518236734939,0.05369740935615399,0.00010652750949208477,-0.29098429051226726,0.13809574335482602,0.0010369385871945016,0.03455730360825975,0.05305324507222676,5.11261385616286e-05,0.061037056202998846,0.0748440734981218,4.022686857075277e-05,-0.5570283717583384,0.13643912068534972,0.0016418882855626813,0.06592464845701401,0.07336923030743464,3.660274977905432e-05,0.07031714632456922,0.07248907913682956,1.8152034637342814e-05,-0.00015421944193519383,0.0726570779897173,0.00018198116685806237,0.000403329938158485,0.13508454737771672,0.00033682631617111563,0.0006524152337139225,0.13242263287259448,0.0003296248887647462,6.794831735828868e-06,0.07122533073546006,0.00017804843381477066,1.5702135039116716e-05,0.07037089818981572,0.0001758928567319728,0.0007562278920904305,0.13083406590999944,0.00032542562254794463,3.154285714285714,0.0,0.06000194625329329,0.23841180171738854,0.11047092528981625
0.05,0.0,0.0,-0.0010825439393365068,0.14699655316992338,0.000369993072623408,-0.20136915262009594,0.057158417035547075,0.0006228846976863154,0.012542178591967048,0.0560320793281607,0.00011054224240202829,-0.3052740837727207,0.14409990610938372,0.0010877104915541275,0.036500173292609184,0.05535990790145402,5.200651073298568e-05,0.06332024160538978,0.07809816365021408,4.2652768618038076e-05,-0.5937133254916358,0.14237125636732145,0.0017484990703141496,0.07309017141980632,0.0765591968425405,2.6586370963816234e-05,0.07540830593772127,0.07564077822973521,1.3309079762914983e-05,-0.0001747136122699838,0.07581608138057458,0.00018992575205627443,0.0004570108902717844,0.14095778856805224,0.0003513861465747344,0.0007392169325391357,0.13818013864966383,0.0003438193085398748,7.70853304659121e-06,0.07432208424569747,0.00018578822353490412,1.782842342748017e-05,0.07343050245893816,0.00018353700080974762,0.0008568215450044053,0.13652250355826032,0.00033941568916542474,3.291428571428572,0.0,0.06028418828586638,0.23886396711744678,0.1107758641517581
0.052000000000000005,0.0,0.0,-0.0011678706291851709,0.1531214095520035,0.00038550988372835007,-0.2107299570256094,0.05954001774536153,0.0006522729259136437,0.01326727483962362,0.05836674930016739,0.00011456142677050087,-0.3195483445688571,0.15010406886394137,0.001138445381591655,0.038430790888567455,0.05766657073068127,5.291599359518022e-05,0.06560288347980665,0.08135225380230632,4.5080030492291345e-05,-0.6303690375926719,0.1483033920492932,0.0018550417938523226,0.08022189520145326,0.07974916337764636,1.664747989460008e-05,0.08050201644416824,0.07879247732264084,8.460428462298934e-06,-0.00019694037146418495,0.07897508477143185,0.00019787449595925458,0.0005152482188660629,0.14683102975838774,0.00036593504717028993,0.0008333794297695067,0.14393764442673315,0.00035799606873548504,8.701842584706507e-06,0.07741883775593486,0.0001935278230572207,2.0143181301587828e-05,0.07649010672806057,0.00019118069576158273,0.0009659411714158217,0.14221094120652114,0.00035338529915379186,3.428571428571429,0.0,0.060566430318439474,0.23931613251750503,0.11108080301369994
0.054,0.0,0.0,-0.0012568343176690335,0.15924626593408367,0.0004010353414081721,-0.22007725762906716,0.061921618455176006,0.0006816289387019635,0.013990352020418094,0.0607014192721741,0.0001185853610813762,-0.3338063471348167,0.15610823161849904,0.0011891414404683904,0.040348550452446785,0.05997323355990853,5.385610667835269e-05,0.0678849826136956,0.08460634395439859,4.750865118647984e-05,-0.6669934931936632,0.15423552773126495,0.001961511413309842,0.08731703025820024,0.08293912991275222,6.793086778247408e-06,0.08559854388589763,0.0819441764155465,3.605399928445635e-06,-0.00022096861477029206,0.08213408816228915,0.00020582757133438335,0.0005782261771247757,0.1527042709487233,0.0003804725568246431,0.0009351992354194958,0.14969515020380253,0.0003721544269350826,9.778326326900149e-06,0.08051559126617228,0.00020126722355896893,2.265537541239419e-05,0.07954971099718301,0.00019882391953970357,0.0010839294787738773,0.14789937885478202,0.0003673335942084155,3.5657142857142867,0.0,0.060848672351012566,0.23976829791756327,0.11138574187564178
0.056,0.0,0.0,-0.0013496119170970096,0.1653711223161638,0.0004165698915845821,-0.22941043865663122,0.06430321916499046,0.0007109511919851442,0.01471129136503954,0.06303608924418079,0.00012261434305940673,-0.34804736672181624,0.1621123943730567,0.0012397968537696835,0.04225284799890051,0.062279896389135773,5.482836484172247e-05,0.07016653935781629,0.08786043410649083,4.9938628731988065e-05,-0.7035846798719382,0.16016766341323666,0.0020679028915172497,0.0943728026993457,0.08612909644785807,-2.9698345258554263e-06,0.09069814753318194,0.08509587550845212,-1.2566709436137926e-06,-0.0002468670170421908,0.0852930915531464,0.00021378515041979175,0.0006461288099053257,0.15857751213905877,0.000394998214904835,0.001044972384151446,0.15545265598087182,0.00038629364186363083,1.0941588663946848e-05,0.08361234477640966,0.0002090064161252069,2.5374126136681552e-05,0.08260931526630542,0.00020646664972723259,0.0012111285349248792,0.15358781650304285,0.00038125971756067245,3.7028571428571433,0.0,0.06113091438358566,0.2402204633176215,0.11169068073758362
0.058,0.0,0.0,-0.0014463788219878327,0.1714959786982439,0.00043211397653835227,-0.23872888626733135,0.0666848198748049,0.0007402381463285904,0.015429974441619039,0.06537075921618747,0.00012664866962786982,-0.36227067964556736,0.1681165571276143,0.0012904098096235765,0.044143081590235535,0.06458655921836301,5.583427804865626e-05,0.07244755360525942,0.09111452425858307,5.236996225191696e-05,-0.7401405878187469,0.16609979909520836,0.0021742111974178665,0.10138645538627271,0.08931906298296391,-1.2634349290954472e-05,0.09580107940305142,0.08824757460135774,-6.126432329560498e-06,-0.00027470402405119215,0.08845209494400366,0.00022174740490261461,0.0007191399454953403,0.16445075332939427,0.00040951156129872233,0.0011629944165384416,0.16121016175794112,0.0004004129734344742,1.2195273938786203e-05,0.08670909828664704,0.00021674539174495772,2.830871344124717e-05,0.08566891953542784,0.0002141088635232279,0.001347879742961866,0.15927625415130367,0.00039516281404094696,3.84,0.0,0.06141315641615875,0.24067262871767975,0.11199561959952546
0.06,0.0,0.0,-0.0015473088484273655,0.17762083508032409,0.0004476680347557798,-0.24803198863240095,0.06906642058461938,0.0007694882671298768,0.01614628317248879,0.06770542918819418,0.00013068863686643785,-0.3764755633336534,0.17412071988217198,0.0013409784988193485,0.04601865142503703,0.06689322204759028,5.687535114338687e-05,0.07472802477081508,0.09436861441067534,5.48026520135398e-05,-0.7766592100111214,0.1720319347771801,0.0022804313064898173,0.10835524901548799,0.09250902951806977,-2.2193564670507336e-05,0.10090758378772709,0.09139927369426339,-1.1004514271970092e-05,-0.000304547843817626,0.09161109833486096,0.0002297145058972804,0.0007974431873794265,0.17032399451972982,0.0004240121364355862,0.0012895603603600007,0.16696766753501047,0.00041451168279618006,1.3543067984806114e-05,0.08980585179688445,0.0002244841413073642,3.146858282569762e-05,0.08872852380455028,0.0002217505377277726,0.001494523816125601,0.16496469179956455,0.0004090420301415067,3.9771428571428578,0.0,0.06169539844873184,0.241124794117738,0.1123005584614673
0.062,0.0,0.0,-0.0016525741742268848,0.18374569146240416,0.00046323250077707877,-0.25731913601366346,0.07144802129443382,0.000798700024817087,0.016860099850845453,0.07004009916020086,0.0001347345399692802,-0.39066129637286084,0.1801248826367296,0.0013915011149259577,0.04787895992607827,0.06919988487681751,5.795308362945121e-05,0.07700795177070524,0.09762270456276757,5.723669947988123e-05,-0.8131385423869724,0.1779640704591518,0.0023865582011756833,0.11527646318474652,0.09569899605317561,-3.1640632405780936e-05,0.10601789679359727,0.094550972787169,-1.5891527501395233e-05,-0.00033646643795857804,0.0947701017257182,0.0002376866239238396,0.000881221906016788,0.17619723571006526,0.0004384994813067146,0.0014249647119318747,0.17272517331207976,0.00042858903237929944,1.4988699664297312e-05,0.09290260530712183,0.00023222265559784256,3.486335124303208e-05,0.09178812807367268,0.00022939164872711745,0.0016514007527589176,0.17065312944782535,0.00042289651407924936,4.114285714285714,0.0,0.061977640481304934,0.24157695951779623,0.11260549732340915
0.064,0.0,0.0,-0.001762345279909409,0.18987054784448434,0.00047880780504677803,-0.26658972084093935,0.0738296220042483,0.0008278718950447795,0.01757130715731495,0.07237476913220757,0.0001387866732034053,-0.40482715855646384,0.1861290453912873,0.0014419758544103702,0.049723411827489385,0.07150654770604478,5.906896944991628e-05,0.07928733300269374,0.10087679471485984,5.967210736038651e-05,-0.8495765840236021,0.18389620614112356,0.0024925868713202397,0.12214739744137358,0.09888896258828148,-4.096875149116261e-05,0.11113224589130025,0.09770267188007464,-2.0788062283806572e-05,-0.00037052751305235223,0.0979291051165755,0.0002456639288863352,0.000970659230630084,0.18207047690040082,0.00045297313748596013,0.001569501417471222,0.1784826790891491,0.0004426442859430431,1.653594240708195e-05,0.09599935881735923,0.00023996092529423733,3.850281299719882e-05,0.09484773234279512,0.00023703217247888022,0.001818849811316391,0.17634156709608623,0.0004367254158583183,4.251428571428572,0.0,0.062259882513878026,0.24202912491785447,0.11291043618535099
0.066,0.0,0.0,-0.0018767908905503658,0.19599540422656453,0.0004943943737661849,-0.27584313778844355,0.07621122271406278,0.0008570023588875054,0.01827978817641622,0.07470943910421428,0.00014284532986724832,-0.4189724309314582,0.19213320814584497,0.001492400916755772,0.05155141426115892,0.07381321053527204,6.022449676945664e-05,0.08156616632658646,0.10413088486695211,6.210887966064594e-05,-0.8859713373198,0.1898283418230953,0.002598512314616744,0.12896537231193114,0.10207892912338735,-5.017117079496557e-05,0.11625084947745228,0.10085437097298029,-2.5694687295799885e-05,-0.00040679851202023837,0.10108810850743279,0.0002536465900512128,0.0010659380410059111,0.18794371809073637,0.0004674326471502657,0.001723463854498421,0.1842401848662185,0.00045667670862186815,1.8188615749318733e-05,0.09909611232759664,0.0002476989409629739,4.239694561681156e-05,0.09790733661191756,0.0002446720844973009,0.0019972094854313017,0.1820300047443471,0.0004505278873325768,4.38857142857143,0.0,0.06254212454645112,0.2424812903179127,0.11321537504729283
0.068,0.0,0.0,-0.0019960779184981263,0.2021202606086446,0.0005099926287479874,-0.28507878385014596,0.07859282342387722,0.000886089903030802,0.01898542641292144,0.07704410907622095,0.00014691080224951182,-0.43309639584574233,0.1981373709004026,0.0015427745045796522,0.05336237684234301,0.07611987336449927,6.142114775835088e-05,0.08384444904513422,0.10738497501904434,6.45470217311447e-05,-0.9223208081816822,0.195760477505067,0.002704329537062168,0.13572773031241153,0.10526889565849318,-5.9241191633594915e-05,0.12137391644853719,0.1040060700658859,-3.0611948528915936e-05,-0.00044534660552616014,0.10424711189829004,0.0002616347760257757,0.0011672409593072813,0.19381695928107182,0.00048187755310016476,0.0018871448132767891,0.18999769064328775,0.0004706855669719733,1.9950586872486708e-05,0.10219286583783402,0.00025543669305521174,4.655591570421499e-05,0.10096694088103995,0.0002523113598385579,0.0021868174790418576,0.1877184423926079,0.0004643030822679415,4.525714285714286,0.0,0.06282436657902422,0.24293345571797095,0.11352031390923467
0.07,0.0,0.0,-0.002120371406999128,0.2082451169907248,0.0005256029872730573,-0.294296058414067,0.08097442413369169,0.0009151330199595941,0.019688105808110576,0.07937877904822765,0.00015098338158826553,-0.4471983369952422,0.20414153365496027,0.0015930948237517565,0.055155711754457326,0.07842653619372654,6.266039837845883e-05,0.08612217788535029,0.11063906517113661,6.698654031500599e-05,-0.9586230062124241,0.20169261318703877,0.0028100335534218023,0.1424318369381792,0.10845886219359906,-6.81721702970312e-05,0.126501645787449,0.10715776915879155,-3.554036822436411e-05,-0.00048623868339477637,0.10740611528914733,0.0002696286547366837,0.001274750341898469,0.19969020047140737,0.0004963073987802502,0.0020608364782914667,0.19575519642035713,0.00048467012901770085,2.1825772142549377e-05,0.10528961934807143,0.0002631741719029974,5.099008475909146e-05,0.1040265451501624,0.00025994997308614545,0.0023880106815786363,0.19340688004086878,0.0004780501564045673,4.662857142857144,0.0,0.06310660861159732,0.2433856211180292,0.11382525277117651
0.07200000000000001,0.0,0.0,-0.0022498344747515,0.21436997337280492,0.0005412258619495101,-0.30349436333548313,0.08335602484350615,0.0009441302081439329,0.020387710755918192,0.08171344902023435,0.00015506335803030944,-0.46127753947097655,0.2101456964095179,0.0016433600835119003,0.05693083383302763,0.08073319902295378,6.394371817124114e-05,0.08839934898025449,0.11389315532322886,6.942744359469643e-05,-0.9948759449060269,0.20762474886901047,0.002915619387703586,0.1490750816329195,0.11164882872870491,-7.695752052368575e-05,0.13163422616315412,0.11030946825169718,-4.0480443839379514e-05,-0.0005295413460486053,0.1105651186800046,0.0002776283934084984,0.0013886482711825952,0.20556344166174287,0.0005107217282996109,0.0022448304097687256,0.20151270219742642,0.0004986296642978374,2.38181386493004e-05,0.10838637285830882,0.0002709113677154157,5.571001497580346e-05,0.10708614941928482,0.0002675878983363143,0.002601125143215196,0.1990953176891296,0.0004917682675188775,4.800000000000001,0.0,0.06338885064417042,0.24383778651808743,0.11413019163311836
0.074,0.0,0.0,-0.0023846282614102625,0.22049482975488505,0.0005568616605740914,-0.3126731030090172,0.08573762555332061,0.0009730799722220093,0.02108412611897071,0.08404811899224104,0.00015915102059080714,-0.47533328980606016,0.21614985916407556,0.0016935684965876303,0.05868716064877544,0.08303986185218103,6.527257004788348e-05,0.09067595785105498,0.11714724547532111,7.186974123766656e-05,-1.0310776418452445,0.2135568845509822,0.0030210820736425227,0.1556548787358931,0.11483879526381076,-8.559071592277184e-05,0.13677183554391392,0.11346116734460282,-4.543264704637826e-05,-0.0005753208959647379,0.11372412207086187,0.0002856341585422762,0.0015091165474523153,0.21143668285207837,0.0005251200864522395,0.0024394175252369604,0.20727020797449575,0.0005125634439118175,2.593170574589164e-05,0.11148312636854621,0.0002786482705747423,6.0726475013669696e-05,0.11014575368840723,0.0002752251091835786,0.0028264960501838124,0.20478375533739046,0.0005054565754854382,4.937142857142858,0.0,0.06367109267674352,0.24428995191814568,0.1144351304950602
0.076,0.0,0.0,-0.0025249118740663496,0.22661968613696518,0.0005725107859959386,-0.32183168443958976,0.08811922626313506,0.0010019808231803806,0.021777237244512443,0.08638278896424774,0.00016324665711319256,-0.4893648760226407,0.2221540219186332,0.0017437182793117335,0.06042411258981571,0.08534652468140828,6.664841008158211e-05,0.09295199938977868,0.12040133562741336,7.431344444089594e-05,-1.067226118903792,0.2194890202329539,0.0031264166551954963,0.16216866840683547,0.11802876179891661,-9.406529234244122e-05,0.14191464082448157,0.11661286643750844,-5.0397422766013704e-05,-0.0006236433291517024,0.11688312546171914,0.0002936461158942097,0.0016363366807539722,0.21730992404241387,0.0005395020187374039,0.002644888081130613,0.21302771375156507,0.0005264707405658203,2.8170546588543947e-05,0.1145798798787836,0.00028638487043259426,6.605044573937504e-05,0.11320535795752966,0.00028286157870629,0.00306445770015828,0.2104721929856513,0.0005191142423386688,5.074285714285715,0.0,0.06395333470931662,0.24474211731820392,0.11474006935700204
0.078,0.0,0.0,-0.002670842334720815,0.23274454251904533,0.0005881736359827792,-0.3309695173122099,0.09050082697294953,0.0010308312785313482,0.02246692998021895,0.08871745893625443,0.00016735055422935498,-0.5033715876787664,0.22815818467319088,0.001793807651739579,0.06214111294294441,0.08765318751063553,6.807268730204954e-05,0.09522746784236095,0.12365542577950561,7.675856597431734e-05,-1.1033194024529402,0.22542115591492565,0.003231618187046794,0.16861391752788077,0.12121872833402246,-0.00010237485018203253,0.14706279746766068,0.11976456553041408,-5.537518823516875e-05,-0.0006745743266470394,0.12004212885257641,0.0003016644304543203,0.0017704898827655738,0.2231831652327494,0.0005538670713799886,0.0028615316544382866,0.2187852195286344,0.0005403508286187594,3.0538789676440433e-05,0.117676633389021,0.0002941211571060811,7.169312594071809e-05,0.11626496222665207,0.00029049727945228176,0.0033153434777057197,0.21616063063391214,0.0005327404323343846,5.211428571428572,0.0,0.06423557674188972,0.24519428271826216,0.11504500821894388
0.08,0.0,0.0,-0.0028225745287747406,0.23886939890112546,0.0006038506030896158,-0.34008601406058386,0.09288242768276399,0.0010596298624874349,0.023153090689896457,0.09105212890826113,0.00017146299732010545,-0.5173527159151807,0.23416234742774852,0.0018438348377662875,0.06383758797399412,0.08995985033986278,6.954684349229594e-05,0.09750235679220448,0.12690951593159785,7.920512022309225e-05,-1.1393555235725938,0.23135329159689735,0.003336681735124594,0.17498812058193217,0.12440869486912831,-0.00011051305664688115,0.15221644916058513,0.12291626462331971,-6.036633211085243e-05,-0.0007281792460361423,0.12320113224343368,0.0003096892664252018,0.0019117570586889483,0.2290564064230849,0.0005682147913507983,0.0030896371243962933,0.2245427253057037,0.0005542029841281636,3.3040620391801735e-05,0.12077338689925839,0.00030185712027395485,7.766593801090298e-05,0.1193245664957745,0.0002981321834245845,0.0035794858298093257,0.221849068282173,0.0005463343120111682,5.348571428571429,0.0,0.06451781877446282,0.2456464481183204,0.11534994708088572
0.082,0.0,0.0,-0.0029802611545544674,0.2449942552832056,0.0006195420745299508,-0.3491805899345216,0.09526402839257844,0.0010883751061329058,0.023835606269066195,0.09338679888026782,0.00017558427047592842,-0.5313075535020398,0.24016651018230617,0.0018937980652437173,0.06551296700723684,0.09226651316909003,7.107231298773977e-05,0.09977665914421707,0.1301636060836901,8.165312322871404e-05,-1.175332518266934,0.2372854272788691,0.0034416023771286575,0.18128880050694185,0.12759866140423415,-0.00011847364794424505,0.1573757274860522,0.12606796371622533,-6.53712136108995e-05,-0.000784523112992915,0.12636013563429097,0.00031772078720081773,0.0020603187991564314,0.2349296476134204,0.0005825447263868286,0.003329492654228882,0.23030023108277303,0.0005680264848959419,3.568028254014196e-05,0.12387014040949577,0.0003095927494727599,8.398053360258525e-05,0.12238417076489691,0.000305766262067215,0.0038572162414639774,0.22753750593043381,0.0005598950502515612,5.485714285714286,0.0,0.06480006080703592,0.24609861351837864,0.11565488594282756
0.084,0.0,0.0,-0.003144052673890883,0.2511191116652858,0.0006352484320496006,-0.3582526630661231,0.09764562910239293,0.0011170655475922864,0.02451436416043282,0.09572146885227453,0.00017971465645802084,-0.5452353948855501,0.24617067293686384,0.0019436955660972594,0.06716668250381348,0.09457317599831729,7.265052247770111e-05,0.10205036710933771,0.13341769623578237,8.410259272891324e-05,-1.2112484276846989,0.24321756296084085,0.003546375203069437,0.18751350952560664,0.13078862793934004,-0.00012625043141900453,0.16254075160921272,0.129219662809131,-7.039016169230299e-05,-0.000843670612842794,0.12951913902514825,0.0003257591553453529,0.0022163553721524314,0.24080288880375594,0.0005968564250114988,0.00358138567293639,0.2360577368598424,0.0005818206105140338,3.84620798907038e-05,0.12696689391973318,0.0003173280340929826,9.064879925088508e-05,0.12544377503401935,0.0003133994862510419,0.004148865211346642,0.2332259435786947,0.0005734218183430767,5.622857142857144,0.0,0.06508230283960902,0.24655077891843688,0.1159598248047694
0.08600000000000001,0.0,0.0,-0.003314097263770607,0.2572439680473659,0.0006509700518031419,-0.3673016545347267,0.10002722981220738,0.0011456997321958263,0.02518925236923613,0.09805613882428123,0.00018385443665962104,-0.55913553623452,0.2521748356914215,0.001993525576442429,0.06879817013917057,0.09687983882754454,7.428289080932765e-05,0.10432347218955951,0.13667178638787464,8.655354819634232e-05,-1.2471012983441594,0.24914969864281256,0.0036509953158187784,0.19365982995002726,0.13397859447444588,-0.0001338372876279019,0.16771162797989367,0.1323713619020366,-7.542347426794028e-05,-0.0009056860821486785,0.1326781424160055,0.0003338045325721208,0.0023800467149502173,0.24667612999409144,0.0006111494365548476,0.0038456028571325577,0.24181524263691173,0.0005955846424099383,4.139037771707052e-05,0.1300636474299706,0.00032506296337519975,9.768286196458444e-05,0.12850337930314176,0.0003210318262597272,0.004454762227563481,0.23891438122695555,0.0005869137900390223,5.760000000000001,0.0,0.06536454487218211,0.24700294431849512,0.11626476366671125
0.088,0.0,0.0,-0.003490540769076003,0.26336882442944604,0.0006667073042330416,-0.3763269884306037,0.10240883052202183,0.0011742762126418713,0.02586015947848558,0.10039080879628791,0.00018800389106762947,-0.5730072754868238,0.25817899844597914,0.0020432863367012477,0.07040686887948497,0.09918650165677179,7.597082879400304e-05,0.10659596516345804,0.13992587653996688,8.900601087601844e-05,-1.2828891823628377,0.25508183432478426,0.0037554578316723593,0.19972537496092188,0.13716856100955174,-0.0001412281723511888,0.17288845005079984,0.13552306099494224,-8.047141746237857e-05,-0.0009706335003203077,0.1358371458068628,0.00034185707972252864,0.002551572426064269,0.25254937118442694,0.0006254233111736918,0.004122430112932241,0.24757274841398103,0.0006093178638921212,4.446960433795218e-05,0.13316040094020798,0.0003327975264062273,0.00010509509478472806,0.1315629835722642,0.0003286632517757491,0.004775235743475568,0.24460281887521637,0.0006003701416191322,5.897142857142858,0.0,0.06564678690475521,0.24745510971855336,0.11656970252865309
0.09,0.0,0.0,-0.0036735266564300304,0.2694936808115262,0.0006824605539515055,-0.38532809191738415,0.10479043123183629,0.0012027935491561,0.026526974664077222,0.1027254787682946,0.00019216329822452257,-0.5868499123957721,0.2641831612005368,0.0020929760917184014,0.0719922210570586,0.10149316448599903,7.771573901628515e-05,0.10886783607223287,0.14317996669205912,9.146000382150271e-05,-1.318610137692,0.261013970006756,0.003859757880923984,0.20570778936102704,0.14035852754465758,-0.00014841711854066077,0.17807129801181318,0.13867476008784788,-8.55342249073799e-05,-0.0010385764812476204,0.13899614919772005,0.0003499169567451009,0.0027311117572185275,0.25842261237476244,0.0006396775998717455,0.004412152557890754,0.2533302541910504,0.0006230195601952954,4.7704252658142695e-05,0.13625715445044537,0.00034053171211526854,0.000112898122309852,0.13462258784138662,0.0003362937318665047,0.005110613153605123,0.2502912565234772,0.0006137900519500041,6.034285714285715,0.0,0.06592902893732831,0.2479072751186116,0.11687464139059493
0.092,0.0,0.0,-0.0038631959691610533,0.27561853719360635,0.0006982301596250909,-0.3943043952932002,0.10717203194165077,0.0012312503096475872,0.02718958770979284,0.10506014874030131,0.00019633293519056024,-0.600662748576384,0.2701873239550945,0.0021425930908771664,0.0735536724446654,0.1037998273152263,7.951901564541924e-05,0.11113907420626985,0.1464340568441514,9.391555192979632e-05,-1.3542622283559462,0.2669461056887278,0.00396389060845182,0.21160475030236084,0.14354849407976344,-0.000155398238203159,0.18326023854057932,0.14182645918075354,-9.06120970776491e-05,-0.0011095782649586277,0.14215515258857736,0.0003579843226745624,0.0029188436053308765,0.264295853565098,0.0006539118545196987,0.004715054502996081,0.2590877599681197,0.0006366890185255725,5.109888170964393e-05,0.13935390796068278,0.00034826550927006156,0.00012110482618706688,0.13768219211050906,0.000343923234970498,0.00546122076962417,0.2559796941717381,0.0006271727025453325,6.171428571428573,0.0,0.06621127096990141,0.24835944051866984,0.11717958025253677
0.094,0.0,0.0,-0.004059687283401773,0.2817433935756864,0.0007140164738621186,-0.40325533205053493,0.1095536326514652,0.0012596450698616635,0.027847889022181355,0.10739481871230798,0.00020051307750628786,-0.6144450875515584,0.27619148670965205,0.00219213558821509,0.07509067232883375,0.10610649014445352,8.138204424947029e-05,0.11340966809223109,0.1496881469962436,9.637268197493439e-05,-1.3898435246961012,0.27287824137069944,0.004067851174316614,0.21741396798706542,0.14673846061486928,-0.0001621657242187289,0.18845532456954264,0.14497815827365912,-9.570520066730052e-05,-0.0011837017093023262,0.1453141559794346,0.0003660593356109831,0.003114946504514185,0.27016909475543344,0.0006681256278752563,0.005031419434715162,0.26484526574518896,0.0006503255281054822,5.4658118192952466e-05,0.14245066147092011,0.00035599890647302615,0.0001297283505682269,0.14074179637963144,0.00035155172888361093,0.0058273837964274815,0.2616681318199989,0.0006405172776259367,6.308571428571428,0.0,0.06649351300247451,0.24881160591872808,0.11748451911447862
0.096,0.0,0.0,-0.004263136665335558,0.28786824995776655,0.0007298198431029209,-0.4121803389347654,0.11193523336127967,0.0012879764135295365,0.028501769645322545,0.10972948868431469,0.00020470399915533335,-0.6281962347981371,0.2821956494642097,0.0022416018425394204,0.0766026735820482,0.10841315297368077,8.330620161211756e-05,0.11567960548067915,0.15294223714833588,9.883142264026198e-05,-1.4253521036199033,0.27881037705267114,0.004171634754371931,0.223133186341587,0.14992842714997515,-0.00016871385209272567,0.1936565950695626,0.14812985736656478,-0.00010081366800744466,-0.0012610092816571707,0.14847315937029187,0.0003741421526989855,0.0033195986180942364,0.27604233594576894,0.000682318473603137,0.0053615299970954985,0.2706027715222583,0.0006639283802188579,5.83866580185038e-05,0.14554741498115753,0.0003637318921574115,0.00013878210753041928,0.14380140064875388,0.0003591791807454641,0.006209426308291724,0.26735656946825975,0.0006538229641795807,6.445714285714286,0.0,0.06677575503504761,0.24926377131878633,0.11778945797642046
0.098,0.0,0.0,-0.004473677629602509,0.29399310633984677,0.0007456406075129558,-0.42107885600139017,0.11431683407109415,0.0013162429325146489,0.029151121275473493,0.1120641586563214,0.00020890597252749715,-0.6419154977928575,0.28819981221876745,0.0022909901175422616,0.07808913273385525,0.11071981580290804,8.529285555214962e-05,0.1179488733342416,0.15619632730042815,0.0001012918045493725,-1.4607860488544697,0.2847425127346429,0.004275236540886366,0.22876018366399262,0.153118393685081,-0.00017503698164126496,0.19886407485021604,0.15128155645947042,-0.00010593759652523044,-0.0013415630506656271,0.15163216276114916,0.00038223293010701586,0.00353297773064486,0.2819155771361045,0.0006964899462950256,0.005705667973923285,0.27636027729932766,0.0006774968682555805,6.228926784826856e-05,0.14864416849139495,0.00037146445458344115,0.00014827978246001293,0.14686100491787632,0.0003668055570258647,0.006607671225122662,0.27304500711652063,0.0006670889520205722,6.582857142857144,0.0,0.06705799706762071,0.24971593671884457,0.1180943968383623
0.1,0.0,0.0,-0.004691441098876663,0.30011796272192687,0.0007614791008788234,-0.4299503266719324,0.1166984347809086,0.0013444432269557468,0.029795836275598165,0.11439882862832809,0.0002131192683821365,-0.6556021860581874,0.29420397497332507,0.0023402986819154566,0.07954951004085829,0.11302647863213529,8.734336474570011e-05,0.12021745781632139,0.1594504174525204,0.00010375386029569698,-1.4961434512050065,0.29067464841661467,0.004378651743177711,0.23429277324426273,0.15630836022018685,-0.00018112955860951442,0.2040777743768627,0.15443325555237605,-0.00011107704824459996,-0.0014254246779953157,0.15479116615200644,0.00039033182300668017,0.003755261240040587,0.28778881832644,0.0007106396014894878,0.006064114270939283,0.282117783076397,0.0006910302877561843,6.637078663749432e-05,0.15174092200163233,0.00037919658183446016,0.0001582353393995088,0.14992060918699873,0.0003744308235113468,0.007022440288792289,0.27873344476478146,0.0006803144338491469,6.720000000000001,0.0,0.06734023910019381,0.25016810211890284,0.11839933570030414
0.10200000000000001,0.0,0.0,-0.004916555364624849,0.306242819104007,0.0007773356505072092,-0.43879419778851164,0.11908003549072306,0.0013725759054066386,0.030435807689780783,0.11673349860033479,0.00021734415581184158,-0.6692556112080391,0.30020813772788274,0.0023895258094651754,0.08098326955558795,0.11533314146136255,8.945907855126063e-05,0.12248534428035834,0.16270450760461264,0.00010621762447072813,-1.531422408817915,0.2966067840985864,0.004481875588258982,0.23972880395743837,0.1594983267552927,-0.00018698611622242504,0.20929768960452277,0.1575849546452817,-0.00011623204932895252,-0.0015126554101272526,0.1579501695428637,0.0003984389855521475,0.003986626149527143,0.2936620595167755,0.0007247669956918372,0.006437148898113647,0.2878752888534663,0.0007045279364563176,7.063612717658619e-05,0.15483767551186972,0.0003869282618130806,0.00016866302635643886,0.15298021345612114,0.0003820549452918041,0.007454054039567764,0.2844218824130423,0.000693498605310625,6.857142857142858,0.0,0.0676224811327669,0.2506202675189611,0.11870427456224598
0.10400000000000001,0.0,0.0,-0.005149146049056753,0.3123676754860872,0.0007932105771267802,-0.44760991966707747,0.12146163620053754,0.001400639584972623,0.031070929257523784,0.1190681685723415,0.0002215809022064018,-0.6828750869933558,0.3062123004824404,0.002438669779226199,0.08238987919423457,0.1176398042905898,9.164133683750464e-05,0.1247525172596463,0.1659585977567049,0.0001086831336908664,-1.5666210274485373,0.30253891978055814,0.0045849033214961825,0.24506616082954027,0.16268829329039858,-0.00019260127666759948,0.2145238018285893,0.16073665373818732,-0.00012140258966583863,-0.0016033160701716936,0.161109172933721,0.00040655457085962064,0.004227249059810081,0.29953530070711104,0.0007388716863939597,0.006825050951980914,0.29363279463053565,0.0007179891143310551,7.509027763311863e-05,0.15793442902210714,0.00039465948223732636,0.00017957738057356446,0.15603981772524358,0.0003896778867472179,0.007902831792633982,0.29011032006130316,0.0007066406650543384,6.9942857142857155,0.0,0.06790472316534,0.2510724329190194,0.11900921342418783
0.106,0.0,0.0,-0.00538933606827486,0.31849253186816734,0.0008091041947930602,-0.4563969461493005,0.12384323691035201,0.0014286328914435737,0.03170109542793126,0.1214028385443482,0.00022582977321706103,-0.6964599293475655,0.3122164632369981,0.0024877288755758846,0.08376881080323054,0.11994646711981706,9.389146981395622e-05,0.12701896045771008,0.16921268790879718,0.0001111504266228772,-1.5994933212003553,0.3084710554625299,0.0046877302072776674,0.24859191377931303,0.16587825982550444,-0.00019796975251008958,0.21948945368426623,0.163888352831093,-0.00012658862249374076,-0.001697467049712076,0.1642681763245783,0.000414678730986875,0.004477306161161859,0.3054085418974466,0.0007529532320940912,0.007228098598036359,0.29939030040760506,0.0007314131236390603,7.973830309397032e-05,0.16103118253234455,0.00040239023063677864,0.00019099323375962917,0.15909942199436602,0.0003972996115344812,0.008369091614711655,0.29579875770956404,0.0007197398147923252,7.1314285714285734,0.0,0.0681869651979131,0.25152459831907764,0.11931415228612967
0.108,0.0,0.0,-0.0056372455966320215,0.3246173882502474,0.0008250168107963056,-0.4651547346531164,0.12622483762016645,0.0014565544594236674,0.03232620137377895,0.12373750851635486,0.000230091032721059,-0.710009456431898,0.31822062599155565,0.002536701388347803,0.08511954022467051,0.12225312994904429,9.621079786453438e-05,0.12928465673924605,0.1724667780608894,0.00011361954400794829,-1.6261327301498083,0.31440319114450155,0.004784741280862142,0.2473343581188844,0.16906822636061025,-0.00019880921854675696,0.2237270960422752,0.16704005192399857,-0.00013112350440066915,-0.001795168300677553,0.16742717971543553,0.00042281161691286903,0.004736973225547671,0.31128178308778204,0.0007670111923165504,0.007646569053194904,0.3051478061846743,0.0007447992689665949,8.458534710757317e-05,0.1641279360425819,0.0004101204943487199,0.00020292571727992555,0.1621590262634884,0.00040492008257432197,0.008853150300772713,0.3014871953578248,0.0007327952593577829,7.268571428571429,0.0,0.0684692072304862,0.2519767637191359,0.11961909114807151
0.11,0.0,0.0,-0.005892992032303473,0.3307422446323276,0.0008409487255723991,-0.4738827462219211,0.12860643832998092,0.0014844029324577435,0.032946143005472016,0.12607217848836158,0.00023436494278645658,-0.7235229886805562,0.3242247887461134,0.0025855856129450286,0.08644154736055891,0.12455979277827155,9.860063138400259e-05,0.1315495881216294,0.17572086821298166,0.00011609052868433903,-1.6474307219203552,0.3203353268264733,0.004866170142440704,0.2419827925132549,0.17225819289571614,-0.00018769041305792067,0.22733772276009442,0.17019175101690423,-0.00013383836256342742,-0.0018964793272446053,0.1705861831062928,0.00043095337851742593,0.005006425598770314,0.31715502427811754,0.0007810451276314247,0.008080738568313796,0.31090531196174365,0.000758146857271372,8.963663322626603e-05,0.16722468955281933,0.0004178502605142794,0.00021539026730593968,0.16521863053261085,0.0004125392620383273,0.00935532335085488,0.3071756330060857,0.0007458062067632825,7.405714285714287,0.0,0.0687514492630593,0.2524289291191942,0.11992403001001335
0.112,0.0,0.0,-0.006156689964079266,0.33686710101440775,0.0008569002326167781,-0.48258044557241436,0.1309880390397954,0.0015121769631542914,0.03356081698489182,0.1284068484603683,0.00023865176363724067,-0.7369998488457405,0.33022895150067105,0.002634379850453068,0.08773431623587429,0.12686645560749882,0.00010106227061734978,0.13381373576699093,0.17897495836507393,0.00011856342560861134,-1.6641627031214405,0.32626746250844507,0.004934245461072001,0.23313481591302265,0.175448159430822,-0.00016633658270608225,0.2304101893899319,0.17334345010980987,-0.0001349856816257114,-0.0020014591777682165,0.1737451864971501,0.00043910416456098675,0.005285838192634392,0.3230282654684531,0.000795054599674207,0.00853088241078022,0.316662817738813,0.000771455197926248,9.489746654874272e-05,0.17032144306305674,0.00042557951607457623,0.0002284026299233417,0.1682782348017333,0.0004201571113360684,0.009875924946977237,0.31286407065434657,0.0007587718682587292,7.5428571428571445,0.0,0.0690336912956324,0.25288109451925245,0.1202289688719552
0.114,0.0,0.0,-0.0064284511393821395,0.3429919573964878,0.0008728716184014176,-0.4912473011410925,0.1333696397496098,0.0015398752133050603,0.0341701207391333,0.13074151843237494,0.0002429517536187078,-0.7504393620425155,0.3362331142552286,0.002683082407752423,0.08899733506044125,0.12917311843672602,0.00010359700550212934,0.13607707997486557,0.18222904851716615,0.00012103828187543805,-1.6770048953923038,0.3321995981904167,0.004990905753279643,0.22131023382234555,0.17863812596592782,-0.0001362417248677371,0.23302269213385463,0.17649514920271547,-0.00013478760046804108,-0.0021101664367430832,0.17690418988800732,0.0004472641226644389,0.005575385477130141,0.32890150665878853,0.0008090391711653854,0.00899727484716505,0.32242032351588223,0.000784723602762755,0.00010037323526258372,0.17341819657329408,0.0004333082477668633,0.00024197886619759524,0.17133783907085567,0.0004277735911023308,0.010415267930158583,0.31855250830260734,0.0007716914583890752,7.68,0.0,0.0693159333282055,0.2533332599193107,0.12053390773389704
0.116,0.0,0.0,-0.0067083844335150055,0.34911681377856796,0.0008888631622948752,-0.4998827851293901,0.1357512404594243,0.001567496354001292,0.03477395247413431,0.13307618840438165,0.0002472651691631209,-0.7638408557935165,0.3422372770097863,0.0027316915976307544,0.09023009628960121,0.1314797812659533,0.00010620611551378015,0.13833960017541436,0.18548313866925842,0.00012351514673598213,-1.6865461808621598,0.3381317338723885,0.005037841573161731,0.20696084075303375,0.18182809250103368,-9.870535330327967e-05,0.2352437941264653,0.1796468482956211,-0.0001334396095955838,-0.0022226592167953352,0.18006319327886464,0.0004554333992890193,0.005875241472637157,0.3347747478491241,0.0008229984059299849,0.009480189125943903,0.3281778292929516,0.0007979513861144663,0.00010606941218685949,0.1765149500835315,0.0004410364421206723,0.00025613535719646316,0.17439744333997811,0.0004353886611844513,0.010973663777540416,0.3242409459508682,0.0007845641950517742,7.817142857142858,0.0,0.0695981753607786,0.253785425319369,0.12083884659583888
0.11800000000000001,0.0,0.0,-0.006996595820141335,0.35524167016064817,0.000904875136485408,-0.5084863735474732,0.13813284116923877,0.0015950390657465722,0.03537221118819876,0.13541085837638836,0.00025159226475563514,-0.7772036600734881,0.34824143976434396,0.002780205738894651,0.09143209668367412,0.13378644409518056,0.00010889086951394837,0.14060127492322136,0.1887372288213507,0.00012599407161484083,-1.6932985944275543,0.3440638695543602,0.0050765251260413,0.19047898753203218,0.18501805903613955,-5.4856954292235516e-05,0.2371333833336095,0.18279854738852677,-0.0001311131168448463,-0.00233899515070523,0.18322219666972192,0.0004636121397162932,0.006185579742148301,0.34064798903945964,0.0008369318689170562,0.009979897460286697,0.33393533507002093,0.0008111378648601927,0.0001119915563147935,0.1796117035937689,0.00044876408545395515,0.000270888808968692,0.17745704760910055,0.00044300228062976027,0.01155142257961631,0.3299293835991291,0.0007973892995539717,7.9542857142857155,0.0,0.0698804173933517,0.25423759071942725,0.12114378545778072
0.12,0.0,0.0,-0.0072931883430008585,0.3613665265427283,0.000920907805907174,-0.5170575462566855,0.14051444187905324,0.0016225020385663162,0.03596479668541517,0.13774552834839504,0.0002559332929004907,-0.7905271073536484,0.35424560251890164,0.0028286231564809746,0.09260283736620388,0.13609310692440782,0.00011165252560183425,0.14286208189166605,0.19199131897344293,0.00012847511012555393,-1.6977066124711755,0.34999600523633195,0.005108236499159715,0.17220506454021106,0.1882080255712454,-5.677404901966929e-06,0.2387435712782897,0.1859502464814324,-0.00012795784213044274,-0.0024592313834612806,0.18638120006057918,0.000471800488028211,0.00650657338351407,0.34652123022979514,0.0008508391262191171,0.010496671010916846,0.3396928408470903,0.000824282358467009,0.00011814531435647156,0.1827084571040063,0.00045649116386922874,0.00028625625747816214,0.18051665187822297,0.0004506144076731357,0.012148853017569504,0.3356178212473899,0.000810165996669434,8.091428571428573,0.0,0.0701626594259248,0.2546897561194855,0.12144872431972256
0.122,0.0,0.0,-0.007598262088862165,0.3674913829248083,0.000936961428169523,-0.5255957870106535,0.14289604258886765,0.001649883972113883,0.03655160958897255,0.14008019832040172,0.0002602885040874664,-0.8038105326458729,0.3602497652734592,0.0028769421815677686,0.09374182388098122,0.13839976975363502,0.00011449233096857785,0.14512199786787167,0.19524540912553515,0.00013095831808467275,-1.7001553714467774,0.3559281409183036,0.005134086883473697,0.15243403246720835,0.19139799210635122,4.79823189153504e-05,0.2401195334557212,0.189101945574338,-0.0001241040642598793,-0.002583424564346272,0.1895402034514364,0.0004799985870872442,0.006838395021707684,0.35239447142013053,0.0008647197450915412,0.011030779869041296,0.3454503466241595,0.0008373841890331067,0.00012453642228158369,0.18580521061424365,0.00046421766324971796,0.00030225507349279515,0.18357625614734535,0.000458224999724668,0.012766262340720457,0.3413062588956507,0.000822893514695203,8.228571428571428,0.0,0.0704449014584979,0.2551419215195438,0.1217536631816644
0.124,0.0,0.0,-0.007911914161712899,0.37361623930688853,0.0009530362534893767,-0.534100583495052,0.14527764329868215,0.001677183575773339,0.03713255135437555,0.14241486829240843,0.0002646581467585897,-0.8170532735466912,0.36625392802801693,0.002925161151684724,0.09484856624783815,0.1407064325828623,0.00011741152175470272,0.1473809987482295,0.19849949927762744,0.00013344375352438944,-1.7009779353466523,0.36186027660027537,0.005155039120117631,0.13142112337304773,0.19458795864145711,0.0001053848154356219,0.2413002894960402,0.19225364466724365,-0.0001196647219711939,-0.0027116308390556123,0.19269920684229372,0.00048820657851659995,0.007181216801111168,0.35826771261046614,0.0008785732939718961,0.011582493039352531,0.3512078524012289,0.0008504426813304691,0.00013117070686218403,0.18890196412448107,0.00047194356925549875,0.0003189029674275159,0.18663586041646782,0.0004658340133574376,0.013403956344086162,0.34699469654391163,0.0008355710855079779,8.365714285714287,0.0,0.070727143491071,0.25559408691960206,0.12205860204360625
0.126,0.0,0.0,-0.008234238658187476,0.3797410956889687,0.000969132524626704,-0.5425714273660404,0.1476592440084966,0.0017043995687588715,0.037707524282560814,0.14474953826441514,0.000269042467275099,-0.8302546702810897,0.3722580907825746,0.0029732784108231648,0.09592257901720924,0.14301309541208956,0.00012041132291062854,0.1496390595344982,0.2017535894297197,0.00013593147670372548,-1.7004617182137727,0.3677924122822471,0.005171925869072249,0.10938682210759072,0.19777792517656295,0.00016589200450878804,0.2423194210795513,0.19540534376014929,-0.00011473736433972732,-0.002843905841848465,0.195858210233151,0.0004964246026805166,0.007535210377822687,0.36414095380080164,0.0008923993424992262,0.012152078423103726,0.3569653581782982,0.0008634571628473642,0.00013805408721545331,0.19199871763471846,0.0004796688673196407,0.0003362179941405707,0.18969546468559023,0.00047344140429540684,0.014062239346052968,0.35268313419217245,0.0008481979446202158,8.502857142857144,0.0,0.0710093855236441,0.25604625231966033,0.12236354090554809
0.128,0.0,0.0,-0.008565326644231373,0.38586595207104885,0.0009852504768230908,-0.5510078142873717,0.15004084471831106,0.0017315306802108785,0.0382764315329167,0.14708420823642182,0.0002734417098846525,-0.8434140657461137,0.3782622535371322,0.0030212923095455546,0.09696338132345544,0.1453197582413168,0.00012349294806026888,0.15189615433047735,0.20500767958181193,0.00013842155011828435,-1.698854156372416,0.37372454796421883,0.00518546566544498,0.08652122441480525,0.20096789171166882,0.00022895267401019524,0.24320572673111426,0.19855704285305492,-0.00010940594556624092,-0.0029803046877320922,0.19901721362400826,0.0005046527986646418,0.00790054691198539,0.37001419499113714,0.0009061974615332862,0.012739802801258191,0.36272286395536757,0.0008764269638306596,0.00014519257634644785,0.19509547114495587,0.00048739354264435103,0.00035421855768250874,0.19275506895471264,0.0004810471274014302,0.014741414166164672,0.3583715718404333,0.0008607733312359509,8.64,0.0,0.0712916275562172,0.2564984177197186,0.12266847976748993
0.13,0.0,0.0,-0.008905266133000269,0.39199080845312906,0.0010013903377434012,-0.5594092439661853,0.15242244542812555,0.001758575649288743,0.038839177136208394,0.14941887820842856,0.00027785611668877967,-0.8565308055542615,0.38426641629168995,0.003069201205094509,0.09797049693694704,0.14762642107054408,0.0001266575993677216,0.15415225633925358,0.20826176973390423,0.0001409140385085672,-1.6963677147747775,0.3796566836461906,0.005196277100046517,0.06298785487901441,0.2041578582467747,0.00029409158457992365,0.24398381407094485,0.20170874194596058,-0.0001037424619628842,-0.0031208819646798454,0.20217621701486557,0.0005128913042564942,0.00827739706013801,0.37588743618147274,0.0009199672231737184,0.013345931817714244,0.368480369732437,0.000889351417327947,0.000152592282690818,0.1981922246551933,0.0004951175801971171,0.00037292341599713924,0.1958146732238351,0.0004886511366653816,0.01544178210302762,0.3640600094886942,0.000873296488306324,8.77714285714286,0.0,0.07157386958879029,0.25695058311977687,0.12297341862943177
0.132,0.0,0.0,-0.00925414206399153,0.3981156648352091,0.0010175523274205233,-0.5677752201874904,0.15480404613793997,0.0017855332252603132,0.03939566600741077,0.1517535481804352,0.00028228592761056704,-0.869604238076664,0.3902705790462475,0.0031170034615012727,0.09894345431490294,0.1499330838997713,0.00012990646740706067,0.15640733786101718,0.21151585988599644,0.00014340900886685714,-1.69318430266658,0.38558881932816225,0.005204891335257349,0.03892701596685064,0.20734782478188052,0.00036089992475716524,0.24467463145750062,0.20486044103886616,-9.780843258019673e-05,-0.003265691725883221,0.2053352204057228,0.0005211402559260066,0.008665930967587481,0.38176067737180813,0.0009337082007791753,0.01397072996260665,0.3742378755095062,0.0009022298592294799,0.00016025941165747867,0.20128897816543065,0.0005028409647068496,0.00039235168557378127,0.1988742774929575,0.0004962533851924009,0.016163642912334557,0.369748447136955,0.0008857666625848185,8.914285714285715,0.0,0.07185611162136339,0.25740274851983513,0.12327835749137361
0.134,0.0,0.0,-0.009612036283404731,0.4042405212172892,0.001033736658203202,-0.5761052508473499,0.15718564684775443,0.0018124021675881119,0.03994580395845098,0.1540882181524419,0.00028673138036257784,-0.8826337144860417,0.3962747418008052,0.003164697449693673,0.09988178665098447,0.15223974672899854,0.000133240731035239,0.15866137029144695,0.21476995003808869,0.00014590653044267878,-1.6894591655492754,0.391520955010134,0.005211763144191786,0.014458729028456904,0.21053779131698636,0.0004290269383753393,0.24529594204435667,0.2080121401317718,-9.165622831432206e-05,-0.003414787482038405,0.20849422379658009,0.0005293997888061583,0.009066318260803802,0.38763391856214363,0.0009474199689863904,0.014614460555685778,0.3799953812865755,0.0009150616283099221,0.00016820026717121296,0.20438573167566804,0.0005105636806600264,0.0004125228460501295,0.2019338817620799,0.0005038538251912653,0.016907294785008943,0.3754368847852158,0.0008981831046822031,9.051428571428572,0.0,0.07213835365393649,0.2578549139198934,0.12358329635331546
0.136,0.0,0.0,-0.009979027525727165,0.41036537759936936,0.0010499435347069352,-0.5843988479847749,0.1595672475575689,0.001839181246012297,0.04048949771086332,0.1564228881244486,0.00029119271041499404,-0.8956185887994327,0.4022789045553628,0.003212281547603511,0.10078503192364223,0.1545464095582258,0.0001366615572681033,0.16091432412066012,0.21802404019018093,0.00014840667474683497,-1.6853243130607705,0.3974530906921057,0.0052172806406034535,-0.010314680757755254,0.21372775785209222,0.0004981725720590883,0.24586274403845473,0.21116383922467744,-8.53302570491981e-05,-0.0035682221936677106,0.21165322718743734,0.0005376700366736894,0.009478728039837398,0.39350715975247913,0.0009611021037291884,0.015277385729775576,0.38575288706364486,0.0009278460662698977,0.00017642125321518993,0.20748248518590542,0.0005182857122968355,0.00043345674476506383,0.20499348603120232,0.0005114524079628805,0.017673034325471456,0.38112532243347663,0.0009105450691211692,9.188571428571429,0.0,0.07242059568650959,0.25830707931995167,0.1238882352152573
0.138,0.0,0.0,-0.010355191396539561,0.4164902339814496,0.0010661731537679419,-0.5926555278123411,0.16194884826738337,0.0018658692406303956,0.04102665490835845,0.1587575580964553,0.00029567015096397997,-0.9085582179206836,0.40828306730992053,0.0032597541402733833,0.1016527329432155,0.15685307238745308,0.00014017010115952713,0.16316616893272426,0.22127813034227323,0.00015090951555403278,-1.6808915358221574,0.40338522637407753,0.005221773848587121,-0.03530631100528082,0.2169177243871981,0.0005680810128623834,0.2463876414097635,0.2143155383175831,-7.886801430217909e-05,-0.0037260482634763185,0.21481223057829466,0.0005459511319299059,0.009903328870759202,0.39938040094281474,0.0009747541822574434,0.015959766414311512,0.39151039284071426,0.0009405825177773469,0.00018492887537337622,0.21057923869614287,0.0005260070436073192,0.00045517360126073696,0.2080530903003248,0.0005190490838888994,0.018461156530030394,0.38681376008173757,0.0009228518143906653,9.325714285714287,0.0,0.07270283771908269,0.25875924472000994,0.12419317407719914
0.14,0.0,0.0,-0.010740600356536473,0.42261509036352973,0.0010824257044001733,-0.6008748107455378,0.16433044897719784,0.0018924649419738474,0.04155718412930941,0.16109222806846202,0.00030016393290025893,-0.9214519616826963,0.4142872300644782,0.0033071136199629048,0.10248443739778443,0.1591597352166803,0.000143767505683662,0.16541687340572717,0.22453222049436547,0.00015341512890410303,-1.6762550584251619,0.40931736205604924,0.005225522244695516,-0.06044268209351253,0.22010769092230395,0.0006385350048189619,0.24688116950943034,0.21746723741048873,-7.23010099981869e-05,-0.0038883175287447156,0.21797123396915194,0.0005542432055815706,0.010340288778123706,0.40525364213315024,0.0009883757831559777,0.01666186231895957,0.39726789861778355,0.0009532703305086801,0.00019372974237282049,0.21367599220638026,0.0005337276583275172,0.0004776940117332787,0.2111126945694472,0.0005266438024204662,0.01927195476539765,0.3925021977299984,0.00093510260299992,9.462857142857144,0.0,0.07298507975165579,0.2592114101200682,0.12449811293914098
0.14200000000000002,0.0,0.0,-0.01113532370675511,0.42873994674560983,0.0010987013677553658,-0.6090562214308637,0.1667120496870123,0.0019189671510813756,0.04208099489915675,0.1634268980404687,0.00030467428477789826,-0.9342991828894218,0.4202913928190358,0.00335435838625433,0.10327969789777569,0.16146639804590757,0.00014745490162030786,0.16766640531240043,0.2277863106464577,0.00015592359310182636,-1.6714938704922448,0.41524949773802095,0.005228761390407957,-0.08566197753594171,0.22329765745740981,0.000709350848877306,0.2473520800608288,0.22061893650339437,-6.565558251508994e-05,-0.004055081253757224,0.2211302373600092,0.0005625463872218848,0.010789775237455184,0.41112688332348574,0.001001966486363405,0.017383931917317425,0.40302540439485285,0.0009659088551897333,0.00020283056762578904,0.21677274571661764,0.0005414475399356121,0.0005010389534314623,0.21417229883856964,0.0005342365120670909,0.02010572074733197,0.3981906353782592,0.0009472967015321539,9.600000000000001,0.0,0.07326732178422889,0.2596635755201265,0.12480305180108282
0.14400000000000002,0.0,0.0,-0.011539427575005692,0.43486480312769005,0.001115000317086113,-0.6171992887726805,0.16909365039682678,0.0019453746795692261,0.042597997702735084,0.16576156801247544,0.0003092014327832967,-0.9470992473575957,0.42629555557359355,0.0034014868461575386,0.10403807201932327,0.16377306087513485,0.00015123340744339792,0.16991473152129236,0.23104040079855,0.00015843498871537394,-1.6666612591881662,0.42118163341999276,0.005231688759780594,-0.11092208094794995,0.2264876239925157,0.0007803740038211435,0.247806125296515,0.22377063559630003,-5.895361116132189e-05,-0.004226390122267001,0.2242892407508665,0.0005708608050115593,0.011251955167757339,0.41700012451382135,0.0010155258731909154,0.018126232430698906,0.40878291017192225,0.0009784974456365121,0.00021223817077172983,0.2198694992268551,0.0005491666716480732,0.0005252297890026836,0.21723190310769208,0.0005418271603856516,0.020962744519411165,0.40387907302652015,0.0009594333806979705,9.73714285714286,0.0,0.07354956381680199,0.26011574092018475,0.12510799066302467
0.146,0.0,0.0,-0.011952974903495743,0.4409896595097701,0.0011313227177119395,-0.6253035459588406,0.17147525110664122,0.0019716863496983044,0.0431081039965234,0.1680962379844821,0.0003137456007043675,-0.959851523958204,0.4322997183281511,0.0034484974142143673,0.10475912234638657,0.16607972370436205,0.00015510412921259696,0.17216181799848476,0.23429449095064223,0.00016094939857337468,-1.6617674490809677,0.4271137691019644,0.005234437570725327,-0.13621387027805879,0.22967759052762152,0.0008514991786889287,0.2482440245510956,0.22692233468920564,-5.220947651827339e-05,-0.004402294229997899,0.22744824414172374,0.0005791865856599769,0.011726994924046557,0.42287336570415673,0.0010290535263409984,0.018889019812002816,0.4145404159489915,0.0009910354587957316,0.00022195947921904122,0.22296625273709242,0.0005568850364158017,0.0005502882707856086,0.22029150737681447,0.0005494156939695294,0.021843314431934904,0.4095675106747809,0.0009715119153884244,9.874285714285715,0.0,0.07383180584937508,0.260567906320243,0.1254129295249665
0.148,0.0,0.0,-0.012376025437640045,0.44711451589185014,0.0011476687269883646,-0.6333685304851011,0.17385685181645566,0.001997900994438241,0.04361122622082155,0.17043090795648874,0.00031830700989991334,-0.972555384657675,0.43830388108270874,0.0034953885126022817,0.10544241651162853,0.16838638653358928,0.00015906816046800678,0.1744076298098484,0.23754858110273444,0.0001634669077606242,-1.656814146228484,0.43304590478393606,0.00523703338466226,-0.16153474247406013,0.23286755706272733,0.0009227035683519652,0.24866549843531177,0.23007403378211122,-4.5424976922460934e-05,-0.004582843077183539,0.23060724753258097,0.0005875238544064472,0.012215060289909024,0.4287466068944922,0.0010425490299261141,0.019672548729667234,0.4202979217260608,0.001003522254785145,0.00023200152968662143,0.22606300624732978,0.0005646026169202769,0.0005762365450488529,0.22335111164593685,0.0005570020584378781,0.0227477171209598,0.4152559483230417,0.000983531584727767,10.01142857142857,0.0,0.07411404788194818,0.2610200717203013,0.12571786838690832
0.15,1.0,1.8871645926370946,-0.012808635716047382,0.45323937227393035,0.001164038494278926,-0.6413937841783403,0.17623845252627013,0.0020240174575284283,0.04410727781185516,0.17276557792849548,0.00032288587926918483,-0.9852102045587867,0.4443080438372664,0.003542158571237354,0.10608752723605772,0.17069304936281657,0.0001631265821279701,0.1766521311238309,0.2408026712548267,0.00016598760361244582,-1.6518030473458436,0.4389780404659078,0.00523948046673598,-0.18688209435961067,0.23605752359783322,0.0009939806651797333,0.24907026384433897,0.23322573287501688,-3.859941390073722e-05,-0.004768085561143972,0.23376625092343828,0.0005958727350015545,0.012716316470081871,0.43461984808482773,0.0010560119694872968,0.020477072551710343,0.42605542750313014,0.0010159571969336574,0.00024237146974517317,0.2291597597575672,0.0005723193955697015,0.0006030971561750604,0.22641071591505932,0.0005645861984250261,0.023676237487468398,0.4209443859713026,0.0009954916721258572,10.14857142857143,0.0,0.07439628991452128,0.26147223712035955,0.12602280724885015
0.152,1.0,1.6300508993453617,-0.013250859061674567,0.4593642286560105,0.0011804321609301448,-0.6493788532185922,0.1786200532360846,0.002050034593536062,0.044596173213811235,0.17510024790050216,0.0003274824252216175,-0.9978153619412822,0.4503122065918241,0.0035888060278765274,0.10669403236743813,0.1729997121920438,0.0001672804623899652,0.17889528521477122,0.24405676140691898,0.0001685115757077202,-1.6467358386200204,0.44491017614787953,0.005241783058734308,-0.21225332420658288,0.23924749013293906,0.0010653239612313744,0.24945803416881565,0.23637743196792252,-3.173207969104114e-05,-0.004780025738491679,0.23692525431429556,0.0006042333496885989,0.013350303109466076,0.4404930892751633,0.0010694419320127035,0.021405228784553768,0.4318129332801995,0.001028339651821223,0.0002530765593582374,0.2322565132678046,0.0005800353544951486,0.0006308930507897557,0.22947032018418173,0.0005721680575700166,0.024629158676673698,0.42663282361956345,0.0010073914653302377,10.285714285714286,0.0,0.0746771375086586,0.2619262009280486,0.12632715809009457
0.154,1.0,1.4285328731538176,-0.01370274557413763,0.46548908503809067,0.001196849860249413,-0.6573232881599156,0.18100165394589907,0.0020759512679112283,0.04507782789080684,0.17743491787250887,0.00033209686164674407,-1.0103702383021855,0.45631636934638176,0.0036353293282191603,0.10726151491747188,0.17530637502127105,0.0001715308566345823,0.18113705446673334,0.24731085155901122,0.00017103891586060002,-1.641614194535321,0.4508423118298513,0.005243945376124679,-0.23764583330554204,0.24243745666804492,0.0011367269521865694,0.2498285195106295,0.23952913106082815,-2.482225776996874e-05,-0.004589795775703748,0.24008425770515282,0.0006121607086091112,0.014138825361873997,0.4463663304654988,0.001082540068390082,0.022476334348152476,0.4375704390572688,0.0010404130256817877,0.00026412417242292915,0.235353266778042,0.0005877504755467094,0.0006596475818343502,0.23252992445330414,0.000579747578506286,0.025606762057460836,0.4323212612678243,0.0010192302564778764,10.422857142857143,0.0,0.07495599813558959,0.2623826716062082,0.1266307524178238
0.156,1.0,1.234526271095641,-0.014164342123169494,0.47161394142017077,0.0012132917174857711,-0.665226643950113,0.1833832546557135,0.002101766357039073,0.04555215833879296,0.17976958784451555,0.0003367293998842718,-1.0228742183958086,0.4623205321009394,0.0036817269260078123,0.10778956309776004,0.1776130378504983,0.0001758788073325661,0.18337740037785283,0.2505649417111035,0.0001735697181109254,-1.636439776712075,0.456774447511823,0.005245971605117861,-0.26305702753013815,0.24562742320315076,0.001208183141271732,0.25018142690247397,0.2426808301537338,-1.7869223392239302e-05,-0.004255606242479306,0.2432432610960101,0.0006195826421792847,0.015045137026659801,0.4522395716558343,0.0010952518657349006,0.02365961094923987,0.44332794483433813,0.0010521290262154642,0.00027552179831034777,0.23845002028827939,0.0005954647402896411,0.0006893845125826889,0.23558952872242656,0.0005873247028514805,0.026609327201967545,0.4380096989160851,0.0010310073421465607,10.56,0.0,0.07523305996039419,0.2628413028219973,0.12693383155154772
0.158,4.0,1.5933760644789305,-0.014635692343212879,0.4777387978022509,0.001229757849813551,-0.6730884799493179,0.18576485536552798,0.0021274787482891025,0.046019082097395844,0.18210425781652226,0.00034138024869432323,-1.0353266902734426,0.46832469485549705,0.003727997283128264,0.10827777035454796,0.17991970067972557,0.00018032534395491382,0.18561628356518817,0.2538190318631957,0.0001761040787133572,-1.6312142327607737,0.4627065831937947,0.005247865899764674,-0.2884843188912209,0.24881738973825662,0.001279686043170987,0.2505164605301899,0.24583252924663943,-1.087224413958636e-05,-0.0038191204023952188,0.24640226448686736,0.0006266446768233667,0.01604229902911278,0.4581128128461698,0.0011076691895487748,0.024931437993328774,0.4490854506114074,0.001063564599155419,0.00028727704340563234,0.24154677379851677,0.0006031781300005161,0.0007201280206005301,0.238649132991549,0.0005948993711974158,0.027637131865304976,0.443698136564346,0.001042722023405946,10.697142857142858,0.0,0.07550851127519713,0.26330181668273506,0.1272365457118744
0.16,1.0,0.8616700643545945,-0.015116836629136652,0.483863654184331,0.0012462483663188597,-0.6809083599474677,0.18814645607534242,0.002153087340061651,0.04647851776169788,0.18443892778852894,0.00034604961422783273,-1.0477270453227225,0.47432885761005467,0.003774138869708743,0.10872573540226144,0.1822263635089528,0.0001848714828860121,0.18785366377006926,0.257073122015288,0.00017864209612524954,-1.625939195153882,0.46863871887576647,0.00524963237909135,-0.3139251270765289,0.25200735627336246,0.0013512291879114585,0.25083332195691566,0.24898422833954503,-3.830580476612139e-06,-0.0033065154478030163,0.24956126787772465,0.0006334509707002997,0.01710416283391248,0.4639860540365053,0.0011198593875184812,0.026249286157101644,0.45484295638847677,0.00107477879598787,0.000299397632647633,0.24464352730875416,0.0006108906256633713,0.0007519027016473567,0.2417087372606714,0.0006024715231001771,0.028690451965420482,0.4493865742126068,0.0010543736058682546,10.834285714285715,0.0,0.07578270339828419,0.2637639589796995,0.12753895604161042
0.162,1.0,0.7303426926717014,-0.015607812133063313,0.4899885105664112,0.0012627633679888695,-0.6886858521806795,0.19052805678515689,0.0021785910418315613,0.04693038499396017,0.18677359776053565,0.00035073769999709447,-1.0600746783066606,0.48033302036461234,0.0038201501642183373,0.10913306225584143,0.18453302633818006,0.00018951822733979655,0.190089499863935,0.2603272121673802,0.00018118387099327733,-1.620616280117511,0.4745708545577382,0.00525127512427905,-0.33937688097186763,0.2551973228084683,0.001422806124712493,0.25113171034808224,0.25213592743245067,3.256513688837531e-06,-0.0027283175235179574,0.25272027126858193,0.0006400669667909624,0.018219823031389522,0.4698592952268408,0.0011318878309823208,0.027596151135175512,0.46060046216554607,0.0010858779400211111,0.00031189141106816715,0.24774028081899155,0.0006186022079658598,0.0007847335735199245,0.24476834152979382,0.0006100410970703661,0.02976956156310394,0.45507501186086763,0.001065961399738618,10.971428571428572,0.0,0.07605580876261574,0.26422753143252836,0.12784114245228198
0.164,1.0,0.6119577911308806,-0.016108652762294787,0.4961133669484914,0.0012793029477038867,-0.696420529346548,0.19290965749497138,0.002203988774189127,0.047374604535288765,0.18910826773254236,0.00035544470684645545,-1.0723689874023346,0.48633718311917007,0.0038660296535645766,0.10949936026188493,0.18683968916740734,0.00019426656727891477,0.1923237498546512,0.2635813023194725,0.0001837295061388438,-1.6152470865450916,0.48050299023970994,0.005252798175893052,-0.3648370201597757,0.2583872893435742,0.0014944104257886045,0.25141132269631095,0.25528762652535636,1.0389790443185305e-05,-0.002099716183591152,0.2558792746594392,0.0006465189804573929,0.019381266583770748,0.4757325364171764,0.001143781783464467,0.02896985817103785,0.46635796794261547,0.0010969045420186,0.0003247663453308297,0.250837034329229,0.0006263128572954021,0.0008186460798369595,0.2478279457989163,0.0006176080305634909,0.03087473284213914,0.46076344950912856,0.0010774847198650615,11.10857142857143,0.0,0.07632811614415555,0.2646922724646404,0.12814311768749215
0.166,1.0,0.5071595359514266,-0.016619389178323264,0.5022382233305716,0.0012958671902321658,-0.7041119686183837,0.19529125820478585,0.002229279468878335,0.04781109821724657,0.19144293770454907,0.00036017083292315074,-1.0846093742392287,0.4923413458737277,0.003911775833190155,0.10982424412860052,0.18914635199663457,0.0001991174793368741,0.19455637089329994,0.26683539247156474,0.00018627910654228384,-1.6098331949351399,0.4864351259216817,0.005254205531166934,-0.3903029963917856,0.2615772558786801,0.0015660356900961394,0.25167185404529624,0.258439325618262,1.7570007304877622e-05,-0.0014310873465287312,0.2590382780502965,0.0006528449855847192,0.020583201559167753,0.4816057776075119,0.001155561277559353,0.03036984743106159,0.4721154737196848,0.0011078640388716174,0.00033803052526932377,0.25393378783946635,0.0006340225537353388,0.0008536660937644217,0.2508875500680387,0.0006251722599705044,0.03200623608960188,0.4664518871573894,0.0010889428857881257,11.245714285714287,0.0,0.07659971543124686,0.2651580013642444,0.12844493297021956
0.168,1.0,0.41430493191810125,-0.017140048796913294,0.5083630797126517,0.0013124561722274374,-0.7117597516584102,0.1976728589146003,0.0022544620688324597,0.04823978897341277,0.19377760767655575,0.00036491627364827295,-1.0967952439372128,0.49834550862828536,0.003957387207168785,0.11010733395458777,0.19145301482586183,0.00020407192674315328,0.19678731928143117,0.270089482623657,0.00018883277932589266,-1.6043761663551377,0.4923672616036534,0.005255501141346984,-0.41577227503050823,0.2647672224137859,0.0016376755470139288,0.2519129977117873,0.26159102471116763,2.4797926664678476e-05,-0.0007288800526312002,0.2621972814411538,0.0006590709219692064,0.021822537425922592,0.4874790187978474,0.0011672395430966992,0.03179687667209985,0.4778729794967541,0.0011187578301642314,0.00035169216542527994,0.25703054134970377,0.0006417312770610862,0.0008898199216807592,0.25394715433716114,0.0006327337206084918,0.03316433967630618,0.4721403248056502,0.0011003352217901208,11.382857142857144,0.0,0.07687072858580271,0.26562454900688715,0.12874661206008722
0.17,1.0,0.33248403362415724,-0.01767065578924096,0.5144879360947318,0.0013290699622291128,-0.7193634646299412,0.20005445962441476,0.0022795355282070624,0.048660600850891654,0.19611227764856246,0.00036968122168787423,-1.108926005144155,0.504349671382843,0.00400286228830014,0.1103482552564499,0.19375967765508909,0.0002091308592512533,0.1990165504787672,0.2733435727757493,0.00019139063373579525,-1.5988775414334837,0.4982993972856251,0.005256688909101907,-0.44124233645791544,0.26795718894889176,0.0017093236599485002,0.2521344455048185,0.2647427238040732,3.207431523071472e-05,3.374872113453176e-06,0.265356284832011,0.0006652129122116056,0.023097788923069205,0.4933522599881829,0.0011788243064056508,0.03325256157397258,0.48363048527382346,0.001129584021504309,0.0003657596065855283,0.2601272948599412,0.0006494390067362897,0.0009271343067815868,0.2570067586062835,0.0006402923467115069,0.034349310037400264,0.4778287624539111,0.0011116610569440123,11.520000000000001,0.0,0.07714126971142901,0.2660917683730993,0.12904816790599724
0.17200000000000001,1.0,0.2615886945907716,-0.01821123108407553,0.5206127924768119,0.0013457086206651323,-0.7269226982085537,0.2024360603342292,0.002304498812410426,0.04907345902177243,0.19844694762056914,0.0003744658669241937,-1.1210010700731563,0.5103538341374007,0.004048199598203889,0.11054663899524989,0.19606634048431631,0.00021429521306966606,0.20124401911134973,0.2765976629278415,0.00019395278112268571,-1.5933388393813883,0.5042315329675968,0.005257772686002702,-0.4667106774463547,0.2711471554839976,0.0017809737298547827,0.2523358879413789,0.26789442289697885,3.9399943480400855e-05,0.0007643527319008749,0.2685152882228683,0.0006712797833768871,0.02440865947245433,0.4992255011785184,0.001190319280638623,0.0347390528155031,0.48938799105089276,0.0011403385736923006,0.00038024131731878916,0.26322404837017854,0.0006571457219089826,0.000965636432623223,0.26006636287540597,0.000647848071421561,0.035561411653113766,0.4835172001021719,0.0011229197251619292,11.657142857142858,0.0,0.07741144245186929,0.266559530871523,0.12934960578487886
0.17400000000000002,1.0,0.2011473652942844,-0.0187617923709885,0.5267376488588921,0.001362372199857419,-0.7344370475922813,0.20481766104404367,0.0023293508981314932,0.049478289794541885,0.20078161759257582,0.0003792703964270085,-1.1330198545394023,0.5163579968919583,0.004093397667412787,0.11070212160182073,0.19837300331354357,0.00021956591079573423,0.2034696789801197,0.27985175307993376,0.0001965193349214601,-1.5877615570465016,0.5101636686495685,0.005258756270077392,-0.4921748124890068,0.2743371220191035,0.0018526194986636455,0.2525170144577576,0.2710461219898845,4.677558512126395e-05,0.001554158186570921,0.2716742916137256,0.0006772748472045618,0.025755602791522256,0.5050987423688539,0.001201725207240999,0.03625878847645697,0.49514549682796205,0.0011510161100311473,0.0003951458955117458,0.26632080188041596,0.0006648514014077429,0.0010053539266045325,0.2631259671445284,0.000655400826779763,0.036800907029657645,0.48920563775043274,0.0011341105652432975,11.794285714285715,0.0,0.07768134126389317,0.2670277250748247,0.12965092548505583
0.176,1.0,0.15129269112451094,-0.019322354104574738,0.5328625052409722,0.0013790607440299018,-0.7419061125108443,0.20719926175385814,0.002354090773365349,0.04987502062545122,0.20311628756458253,0.0003840949944251016,-1.1449817779966183,0.5223621596465159,0.004138455035464795,0.11081434500094091,0.20067966614277083,0.00022494386135237524,0.20569348306991928,0.28310584323202603,0.00019909041062976586,-1.5821471679999703,0.5160958043315403,0.005259643403445104,-0.5176322750866879,0.2775270885542093,0.0019242547526080404,0.2526775136158495,0.2741978210827901,5.420201656258131e-05,0.0023738406330596107,0.27483329500458287,0.0006831978420450299,0.027139547715032512,0.5109719835591894,0.0012130409519191677,0.037814311822430356,0.5009030026050314,0.001161610535321436,0.0004104820699044621,0.2694175553906533,0.000672556023737854,0.0010463148633865248,0.2661855714136508,0.0006629505437176156,0.03806805668027838,0.4948940753986936,0.0011452329209225899,11.931428571428572,0.0,0.07795104817408952,0.2674962528820592,0.12995212341796417
0.178,1.0,0.11384235022074622,-0.019892927509669856,0.5389873616230524,0.0013957742893190679,-0.7493294972339369,0.20958086246367258,0.0023787174374362923,0.05026358012983866,0.2054509575365892,0.000388939842277845,-1.1568862635731223,0.5283663224010736,0.004183370250994229,0.11088295663438667,0.20298632897199806,0.0002304299599276429,0.2079153835589053,0.28635993338411825,0.00020166612578549745,-1.5764971216585213,0.522027940013512,0.005260437770033706,-0.5430806189881012,0.28071705508931516,0.0019958733254400074,0.2528170733037607,0.27734952017569575,6.168001639961563e-05,0.0032250497073674006,0.2779922983954401,0.0006890461444059512,0.02856170591396626,0.5168452247495249,0.001224264192586231,0.03940815025882708,0.5066605083821007,0.001172115491399176,0.000426258701625107,0.27251430890089073,0.0006802595670774657,0.0010885477682491674,0.26924517568277323,0.0006704971520484667,0.03936311910646781,0.5005825130469544,0.0011562861409166903,12.06857142857143,0.0,0.07822063512782637,0.2679650289099556,0.13025319376776803
0.18,1.0,0.09205269431007289,-0.020473520587547783,0.5451122180051324,0.0014125128637870058,-0.7567068105785948,0.21196246317348705,0.00240322990101856,0.05064389809340919,0.20778562750859592,0.00039380511844689314,-1.1687327381074675,0.5343704851556312,0.004228141871821884,0.11090760948287351,0.20529299180122532,0.00023602508791709662,0.21013533182836297,0.2896140235362105,0.00020424659994326306,-1.5708128424430643,0.5279600756954838,0.005261142993385013,-0.5685174193808593,0.283907021624421,0.0020674691015313057,0.2529353809301067,0.2805012192686014,6.921036491210175e-05,0.004108004173683167,0.2811513017862974,0.0006948156301973249,0.030022371814368537,0.5227184659398604,0.0012353919000647352,0.04104180609277281,0.51241801415917,0.0011825246597508571,0.0004424847857239474,0.2756110624111281,0.0006879620092737575,0.0011320816203848779,0.27230477995189567,0.0006780405804591162,0.040686350779330215,0.5062709506952153,0.0011672695789718688,12.205714285714286,0.0,0.07849015023073666,0.26843398670420865,0.1305541380173528
0.182,1.0,0.07416889513373942,-0.021064138123082075,0.5512370743872127,0.0014292764874369013,-0.7640376659156591,0.21434406388330154,0.002427627186154741,0.05101590548347254,0.21012029748060262,0.0003986909984679836,-1.1805206321836628,0.540374647910189,0.004272768465044141,0.11088796208689909,0.2075996546304526,0.00024173011286894773,0.2123532784729088,0.2928681136883028,0.00020683195464984955,-1.5650957289752019,0.5338922113774556,0.005261762634551299,-0.5939402740308211,0.2870969881595269,0.0021390360188509655,0.2530321236114579,0.2836529183615071,7.679384357850094e-05,0.005018297924833103,0.2843103051771547,0.0007005057525086789,0.031519036832566925,0.528591707130196,0.0012464233382895686,0.04271413762619461,0.5181755199362394,0.0011928342846086665,0.0004591694527065684,0.27870781592136556,0.0006956633278391041,0.0011769458561281673,0.2753643842210181,0.0006855807565015831,0.042038006121107974,0.5119593883434762,0.001178182593910365,12.342857142857145,0.0,0.07875961759902923,0.26890307773441374,0.13085496587563425
0.184,1.0,0.05970894633660688,-0.02166478169285425,0.5573619307692927,0.001446065172230937,-0.7713216811753606,0.21672566459311596,0.002451908326271938,0.05137953446014079,0.2124549674526093,0.00040359765492284193,-1.1922493801659655,0.5463788106647466,0.004317248607121024,0.110823678566501,0.2099063174596798,0.00024754588843195176,0.21456917331107106,0.296122203840395,0.0002094223134187155,-1.5593471533129193,0.5398243470594272,0.005262300190086573,-0.6193468043675213,0.2902869546946327,0.0022105680718136345,0.2531069883524456,0.28680461745441266,8.443123460738694e-05,0.005951296103858859,0.28746930856801195,0.0007061275266079471,0.033049035826625744,0.5344649483205314,0.001257364778719911,0.04442370154453277,0.5239330257133087,0.0012030472202177853,0.0004763219700662812,0.2818045694316029,0.0007033634999472409,0.0012231703721209146,0.2784239884901405,0.0006931176065850308,0.04341833748686729,0.517647825991737,0.0011890245496765726,12.48,0.0,0.07902903763421809,0.2693722705179638,0.1311556960712091
0.186,1.0,0.04856411684131122,-0.022275449674192146,0.5634867871513728,0.0014628789221105675,-0.7785584788520427,0.2191072653029304,0.0024760723661957276,0.05173471838748642,0.21478963742461596,0.00040852525741118793,-1.2039184202332351,0.5523829734193041,0.004361580883963175,0.11071442863994256,0.21221298028890703,0.0002534732543060151,0.21678296539623595,0.2993762939924872,0.0002120178017035404,-1.5535684602266173,0.5457564827413989,0.005262759090135796,-0.6447346565137092,0.29347692122973856,0.00228205931399315,0.2531596622181061,0.28995631654731824,9.212332048718158e-05,0.006903191337406435,0.2906283119588692,0.0007116925396375258,0.03461018254792671,0.5403381895108669,0.0012682228842106028,0.04616934114535356,0.5296905314903779,0.0012131670748646128,0.000493951743815676,0.28490132294184023,0.0007110625024294348,0.0012707855284127567,0.2814835927592629,0.0007006510559678549,0.04482759514634546,0.5233362636399977,0.001199794815382826,12.617142857142856,0.0,0.07929841443950467,0.26984153566293556,0.1314563414694796
0.188,1.0,0.04017944246862292,-0.022896137255120987,0.569611643533453,0.0014797177330191128,-0.785747686008045,0.2214888660127449,0.0025001183621619688,0.05208139184466182,0.21712430739662267,0.0004134739725228406,-1.2155271944128407,0.5583871361738618,0.004405763891017742,0.11055988764134092,0.21451964311813432,0.0002595130361954794,0.2189946030279476,0.3026303841445795,0.00021461854687085884,-1.547760966516531,0.5516886184233706,0.00526314269662497,-0.6701015022572536,0.2966668877648444,0.0023535038606963842,0.2531898324981033,0.29310801564022393,9.987088355529458e-05,0.007870720867560362,0.29378731534972646,0.0007172103100308001,0.036200613405941245,0.5462114307012024,0.0012790031203831892,0.04795004555882145,0.5354480372674473,0.0012231967403052344,0.0005120683200172776,0.2879980764520777,0.0007187603117706551,0.001319822151496088,0.2845431970283853,0.0007081810287499315,0.046266027265961004,0.5290247012882586,0.0012104927653547829,12.754285714285714,0.0,0.07956775215100124,0.2703108511164016,0.13175691336859113
0.19,1.0,0.03364178910957121,-0.0235268364452097,0.5757364999155331,0.0014965815929266352,-0.7928889342767671,0.22387046672255934,0.002524045381826511,0.05241949063698115,0.21945897736862938,0.0004184439638099189,-1.227075148614113,0.5643912989284194,0.004449796233353151,0.11035973653725135,0.21682630594736155,0.0002656660457650516,0.22120403376354955,0.30588447429667176,0.0002172246781718104,-1.5419259603724633,0.5576207541053423,0.005263454301554683,-0.6954450399639224,0.2998568542999503,0.0024248958913930096,0.2531971868625362,0.29625971473312956,0.0001076747055875657,0.008850702423064839,0.29694631874058375,0.0007226889946825585,0.03781853916999708,0.5520846718915379,0.0012897101462139916,0.04976469706657054,0.5412055430445166,0.001233138743714238,0.0005306813863132595,0.29109482996231506,0.0007264569041057445,0.0013703115372751715,0.28760280129750776,0.0007157074478650292,0.04773387989098812,0.5347131389365195,0.0012211177791763962,12.891428571428571,0.0,0.07983705577073189,0.2707802037334711,0.13205742241127552
0.192,1.0,0.02819265727853054,-0.024167536087294682,0.5818613562976134,0.0015134704818570578,-0.7999818598649329,0.22625206743237383,0.0025478525042728524,0.052748951806965094,0.22179364734063609,0.00042343539175913734,-1.2385617326613318,0.5703954616829772,0.004493676525742726,0.11011366194222301,0.21913296877658883,0.00027193308059834373,0.22341120443015533,0.30913856444876403,0.0002198363267130362,-1.536064700776643,0.5635528897873141,0.005263697125399444,-0.720762995429785,0.3030468208350562,0.0024962296519974465,0.2531814135091022,0.2994114138260352,0.00011553556740874743,0.009840146022632727,0.3001053221314411,0.0007281365492709406,0.03946230994085765,0.5579579130818735,0.001300348434779691,0.05161217345651998,0.5469630488215861,0.001242995879387539,0.000549800773454172,0.29419158347255253,0.0007341522552155983,0.001422285453968865,0.2906624055666302,0.0007232302350733876,0.04923139692789686,0.5404015765847804,0.0012316692417344806,13.02857142857143,0.0,0.08010633045598778,0.27124958605470756,0.1323578784833739
0.194,1.0,0.023653831366315884,-0.024818221870063082,0.5879862126796935,0.0015303843719174706,-0.8070261035540774,0.2286336681421883,0.002571538820017803,0.05306971364534919,0.2241283173126428,0.00042844841376419424,-1.2499864003262422,0.5763996244375349,0.004537403392747167,0.10982135613334076,0.2214396316058161,0.00027831492415898273,0.22561606113693553,0.3123926546008563,0.00022245362542675244,-1.5301784169504002,0.5694850254692858,0.0052638743156148225,-0.7460531226722386,0.306236787370162,0.0025674994569998676,0.2531422013014516,0.30256311291894084,0.00012345424852459652,0.010836550184663375,0.3032643255222983,0.000733560448749164,0.041130568624892776,0.563831154272209,0.0013109221108283783,0.05349156777414251,0.5527205545986553,0.0012527709528553383,0.0005694364568266397,0.2972883369827899,0.0007418463405233393,0.0014757761449464817,0.29372200983575264,0.0007307493109544594,0.050758820126860324,0.5460900142330413,0.001242146543262861,13.165714285714287,0.0,0.08037558122511172,0.27171899411239336,0.13265829032543167
0.196,1.0,0.019906071371615545,-0.02547887634147748,0.5941110690617737,0.001547323227329592,-0.8140213107012753,0.23101526885200277,0.0025951034310152006,0.053381715702056166,0.2264629872846495,0.00043348318409825083,-1.2613486093600867,0.5824037871920926,0.004580975468795837,0.10948251706376899,0.22374629443504337,0.0002848123457542565,0.22781854928770834,0.31564674475294857,0.00022507670904003263,-1.5242683078452346,0.5754171611512576,0.005263988945254145,-0.7713132046588995,0.3094267539052679,0.002638699691443766,0.25307923989863446,0.3057148120118465,0.00013143152677598733,0.011837823566477088,0.30642332891315566,0.0007389669468212307,0.04282220482266933,0.5697043954625446,0.0013214345670941297,0.05540215148210631,0.5584780603757248,0.0012624662315039556,0.0005895985579799787,0.3003850904930273,0.0007495391350905016,0.001530816331496305,0.2967816141048751,0.0007382645948998215,0.05231638906443036,0.5517784518813021,0.0012525490793861046,13.302857142857146,0.0,0.08064481193856719,0.2721884237219093,0.13295866498829512
0.198,1.0,0.016775426647430654,-0.026149478923023602,0.6002359254438537,0.001564287004463328,-0.8209671312391307,0.2333968695618172,0.002618545450657731,0.05368489879713262,0.22879765725665618,0.0004385398538865001,-1.2726478215251495,0.5884079499466501,0.0046243913982668425,0.10909684837531294,0.22605295726427058,0.000291426100501254,0.230018613593821,0.3189008349050408,0.0002277057140433311,-1.5183355416787392,0.5813492968332293,0.0052640440116961595,-0.7965410539738428,0.3126167204403737,0.002709824812748183,0.25299221987560355,0.3088665111047521,0.00013946817801529412,0.01284221678811402,0.3095823323040129,0.0007443612718438395,0.04453631407853778,0.57557763665288,0.0013318885795755267,0.05734334492664939,0.564235566152794,0.0012720835366767191,0.0006102973461516907,0.30348184400326467,0.0007572306136132118,0.0015874392155262864,0.29984121837399746,0.0007457760051062528,0.053904341126382996,0.5574668895295629,0.0012628762511628314,13.440000000000001,0.0,0.08091402573870385,0.27265787127810337,0.13325900836785118
0.2,1.0,0.014251536965155541,-0.026830005924762663,0.6063607818259338,0.0015812756518723933,-0.8278632196750513,0.23577847027163162,0.002641864003776906,0.05397920503165024,0.23113232722866284,0.00044361857107882557,-1.2838835026258013,0.5944121127012078,0.004667649835565894,0.10866405941001393,0.2283596200934978,0.00029815692929546214,0.23221619808730837,0.322154925057133,0.00023034077865828,-1.512381255515727,0.5872814325152009,0.0052640424354848505,-0.8217345134209098,0.31580668697547953,0.002780869352373306,0.25288083283479884,0.3120182101976577,0.00014756497580513533,0.013848261944523623,0.3127413356948701,0.0007497477972668902,0.04627216145881678,0.5814508778432155,0.0013422864094116943,0.059314691956790074,0.5699930719298633,0.0012816243175080347,0.0006315432397917805,0.306578597513502,0.0007649207504183759,0.0016456784821964666,0.30290082264311985,0.0007532834585689839,0.05552291149073498,0.5631553271778237,0.0012731274651286018,13.577142857142857,0.0,0.08118322531256345,0.2731273339767413,0.13355932533339432
0.202,1.0,0.012025989397100128,-0.02752043056116967,0.612485638208014,0.0015982891103319418,-0.8347092350898241,0.23816007098144612,0.0026650582266412436,0.05426457779857169,0.23346699720066957,0.00044871948042254835,-1.2950551225390368,0.6004162754557655,0.0047107494452039165,0.10818386522079493,0.2306662829227251,0.0003050055587817779,0.2344112461343159,0.32540901520922527,0.00023298204280479228,-1.5064065548947987,0.5932135681971727,0.00526398705928225,-0.8468914565640314,0.3189966535105854,0.002851827917328738,0.2527447715089002,0.3151699092905634,0.00015572269113941134,0.014854738809132243,0.3159003390857274,0.0007551301928530095,0.048029162957060625,0.587324119033551,0.0013526298939368355,0.06131584342371688,0.5757505777069326,0.0012910897143753564,0.0006533468080858515,0.30967535102373944,0.0007726095194598693,0.0017055683024826604,0.3059604269122423,0.0007607868710751145,0.05717233311093281,0.5688437648260846,0.001283302133338374,13.714285714285715,0.0,0.08145241288931267,0.27359680944499937,0.13385961996248633
0.20400000000000001,1.0,0.010147630958014561,-0.028220722967739018,0.6186104945900941,0.0016153273128781595,-0.8415048411355139,0.2405416716912606,0.002688127266952712,0.054540961793581054,0.23580166717267625,0.00045384272343526144,-1.3061621552444973,0.6064204382103231,0.0047536889018734,0.10765598658117324,0.23297294575195232,0.0003119727013278935,0.2366037004487732,0.32866310536131754,0.0002356296480675041,-1.5004125135004829,0.5991457038791445,0.0052638806469348575,-0.8720097882047384,0.32218662004569126,0.0029226951915243067,0.2525837298548921,0.318321608383469,0.00016394209218642208,0.015860604133189737,0.3190593424765847,0.0007605115091686312,0.04980683968031966,0.5931973602238865,0.0013629204931670646,0.06334652921300882,0.581508083484002,0.0013004806001507127,0.0006757187724769258,0.31277210453397686,0.0007802968943147275,0.0017671433356709605,0.30902003118136473,0.0007682861571972052,0.05885283669921541,0.5745322024743454,0.0012933996734085316,13.851428571428572,0.0,0.08172159035448526,0.2740662957887299,0.13415989563404135
0.20600000000000002,1.0,0.008551733025404244,-0.028930850218338536,0.6247353509721744,0.0016323901848497835,-0.8482497060327051,0.24292327240107509,0.0027110702838414723,0.054808303025878816,0.238136337144683,0.00045898843837775485,-1.317204078853969,0.6124246009648808,0.004796466890523445,0.10708014999405756,0.2352796085811796,0.00031905905500001594,0.2387935031063047,0.3319171955134098,0.0002382837376615915,-1.4944001728809773,0.6050778395611163,0.005263725882653998,-0.8970874447972422,0.32537658658079716,0.002993465936963839,0.2523974031396405,0.32147330747637465,0.00017222394405370643,0.016864962020794228,0.322218345867442,0.0007658943543356308,0.0516048017490639,0.5990706014142221,0.001373159404334756,0.06540654250014656,0.5872655892610713,0.0013097976501201564,0.0006986700081859404,0.3158688580442143,0.0007879828481793434,0.0018304387317826184,0.31207963545048717,0.0007757812302870405,0.060564650710151956,0.5802206401226063,0.0013034195085584773,13.988571428571431,0.0,0.08199075922133187,0.27453579116630444,0.13446015530442834
0.20800000000000002,1.0,0.007188796784258411,-0.02965077634329306,0.6308602073542545,0.0016494776439314827,-0.8549435025671048,0.24530487311088953,0.0027338864478589865,0.0550665488289409,0.24047100711668967,0.0004641567602270272,-1.328180375640349,0.6184287637194384,0.004839082106433519,0.10645608769964661,0.23758627141040686,0.0003262653035408733,0.24098059555836374,0.3351712856655021,0.00024094445639799344,-1.488370542211417,0.611009975243088,0.0052635253703101625,-0.9221223948016757,0.328566553115903,0.0030641349947828633,0.2521854880172343,0.3246250065692803,0.0001805690085740995,0.017867035710948144,0.32537734925829925,0.0007712809680937625,0.05342273061701097,0.6049438426045576,0.0013833476021387343,0.06749572793506932,0.5930230950381407,0.0013190413813449853,0.0007222115457308642,0.3189656115544517,0.0007956673538656643,0.0018954901339288698,0.3151392397196096,0.0007832720024695675,0.06230800132435588,0.5859090777708672,0.0013133610676517881,14.125714285714288,0.0,0.08225992086356516,0.27500529416912334,0.13476040147105608
0.21,1.0,0.006026799502654748,-0.030380462348178594,0.6369850637363347,0.0016665896001990693,-0.8615859080855287,0.24768647382070402,0.0027565749409695223,0.05531564787124156,0.2428056770886964,0.0004693478206493888,-1.3390905320660713,0.6244329264739962,0.004881533255285862,0.10578353768244723,0.23989293423963412,0.00033359211634996874,0.24316491864657627,0.33842537581759435,0.00024361195064807656,-1.4823245981025057,0.6169421109250598,0.0052632816328411925,-0.9471126389762755,0.3317565196510089,0.0031346972861317113,0.25194768259839423,0.327776705662186,0.00018897804411237924,0.018866158088590986,0.3285363526491566,0.0007766732923455211,0.055260374087249445,0.6108170837948932,0.0013934858829447055,0.06961397773439292,0.5987806008152101,0.001328212182200352,0.0007463545724443847,0.3220623650646891,0.0008033503837973955,0.0019623336805952795,0.31819884398873205,0.0007907583846370079,0.06408311243237653,0.5915975154191281,0.0013232237852369305,14.262857142857147,0.0,0.08252907644770661,0.2754748036013661,0.13506063625644602
0.212,1.0,0.00514330190844301,-0.03111986623330797,0.6431099201184146,0.001683725956166483,-0.8681766044912876,0.2500680745305184,0.002779134956540118,0.055555550166939444,0.245140347060703,0.0004745617479736536,-1.3499340388109846,0.6304370892285536,0.004923819053236562,0.10506224367742967,0.2421995970688613,0.0003410401484660351,0.2453464126172803,0.3416794659696865,0.00024628636830777563,-1.4762632844542474,0.6228742466070313,0.005262997111773843,-0.9720562106094721,0.33494648618611467,0.0032051478129059754,0.2516836865122979,0.3309284047550915,0.00019745180539174317,0.01986175242747412,0.3316953560400137,0.0007820729948785568,0.05711753328026196,0.6166903249852285,0.0014035748772449476,0.07176122354903408,0.6045381065922791,0.0013373103221447156,0.0007711104339901103,0.3251591185749264,0.0008110319100062051,0.002031006007855188,0.3212584482578544,0.0007982402864431477,0.06589020561876964,0.5972859530673887,0.0013330071015875305,14.399999999999999,0.0,0.08279822694441269,0.2759443183795748,0.1353608615062981
0.214,1.0,0.004464448096868464,-0.031868943013889026,0.6492347765004948,0.0017008866068345069,-0.8747152782389943,0.2524496752403329,0.0028015656993290515,0.05578620708652623,0.24747501703270972,0.0004797986671644257,-1.3607103907996723,0.6364412519831113,0.00496593822698524,0.10429195517533828,0.24450625989808858,0.0003486100405516473,0.2475250171362468,0.3449335561217788,0.0002489678587612462,-1.4701875123544392,0.6288063822890031,0.005262674166858126,-0.9969511756930239,0.3381364527212205,0.0032754816583267315,0.25139320096121337,0.33408010384799713,0.0002059910433392481,0.020853351660562562,0.33485435943087105,0.0007874815175084924,0.05899407653674665,0.6225635661755641,0.0014136150822382555,0.0739374464381741,0.6102956123693486,0.0013463359720507862,0.0007964906358772316,0.3282558720851638,0.0008187119041279344,0.002101544251511851,0.3243180525269768,0.0008057176162978042,0.06772950014634779,0.6029743907156496,0.0013427104627421998,14.537142857142857,0.0,0.08306737309847954,0.27641383767562683,0.13566107863480456
0.216,1.0,0.003981670709741466,-0.03262764474083612,0.6553596328825749,0.0017180714397411598,-0.8812016203288091,0.2548312759501473,0.002823866385472854,0.0560075713674371,0.24980968700471642,0.0004850586997954755,-1.3714190872282097,0.642445414737669,0.005007889513843353,0.10347242742717615,0.2468129227273158,0.0003563024188799438,0.24970067130356863,0.34818764627387105,0.0002516565728440606,-1.4640981600214957,0.6347385179709748,0.005262315075813535,-1.0217956330374927,0.3413264192563264,0.003345693987373376,0.2510759287683732,0.33723180294090277,0.0002145965049492235,0.021840600704367025,0.33801336282172834,0.0007929000279029144,0.06088994122204864,0.6284368073658996,0.0014236068270728824,0.076142678949658,0.6160531181464178,0.0013552891792706094,0.0008225068449735868,0.3313526255954012,0.0008263903373988099,0.0021739860491688696,0.32737765679609926,0.0008131902813614685,0.06960121294061222,0.6086628283639105,0.0013523333205439068,14.674285714285714,0.0,0.08333651551722092,0.27688336090619703,0.1359612887187716
0.218,1.0,0.0036168188582853308,-0.03339592052221596,0.6614844892646552,0.0017352803350137284,-0.8876353263001439,0.25721287665996184,0.0028460362424719277,0.056219597124622066,0.25214435697672316,0.0004903419640232151,-1.3820596315903482,0.6484495774922268,0.005049671661801092,0.10260342144788193,0.2491195855565431,0.0003641178953234174,0.2518733136687026,0.3514417364259633,0.00025435266280598675,-1.457996072791104,0.6406706536529466,0.005261922034186107,-1.0465877143315025,0.3445163857914323,0.003415780047072312,0.25073157441955596,0.34038350203380846,0.00022326893316358814,0.022823232293303734,0.3411723662125856,0.0007983294137705465,0.0628051183324558,0.6343100485562351,0.0014335502683354663,0.07837699394513177,0.6218106239234873,0.0013641698624345733,0.000849170891017075,0.33444937910563866,0.0008340671806516627,0.002248369542228516,0.3304372610652217,0.0008206581875401321,0.07150555857436706,0.6143512660121714,0.001361875132678898,14.811428571428573,0.0,0.08360565460431306,0.277352887606882,0.13626149253916203
0.22,1.0,0.003347079492260465,-0.034173716545308604,0.6676093456467354,0.0017525131654223783,-0.8940160962248415,0.2595944773697763,0.002868074509174801,0.05642223986107719,0.2544790269487298,0.0004956485745602694,-1.392631531703119,0.6544537402467844,0.005091283429592831,0.101684704019218,0.2514262483857703,0.000372057067344721,0.2540428822456512,0.3546958265780556,0.00025705628227338254,-1.4518820631461358,0.6466027893349183,0.0052614971553150555,-1.0713255841463631,0.3477063523265381,0.003485735166645102,0.2503598440988749,0.3435352011267141,0.00023200906676789534,0.023801040733855573,0.3443313696034429,0.0008037703432753479,0.06473963614664963,0.6401832897465707,0.0014434454285352871,0.08064049199012191,0.6275681297005566,0.0013729778393885622,0.0008764947681253575,0.337546132615876,0.0008417424043121475,0.00232473337781757,0.33349686533434414,0.0008281212394802891,0.07344274925251723,0.6200397036604323,0.001371335362715163,14.94857142857143,0.0,0.08387479064955498,0.27782241746109,0.1365616906405852
0.222,0.0,0.0,-0.03496097609926462,0.6737342020288155,0.0017697697964353105,-0.90034363469985,0.2619760780795908,0.0028899804357610803,0.05661545647833456,0.2568136969207366,0.0005009786426491484,-1.4031342997318512,0.6604579030013421,0.005132723586761153,0.10071604769188867,0.25373291121499764,0.0003801205179894491,0.25620931452826917,0.35794991673014787,0.0002597675862112417,-1.4457569107891743,0.6525349250168901,0.005261042470407564,-1.0960074398877535,0.350896318861644,0.003555554757520018,0.24996044571930048,0.34668690021961973,0.00024081764030186206,0.024773865521386596,0.3474903729943002,0.0008092233306511115,0.06669355020382085,0.6460565309369062,0.0014532922369756413,0.08293329348749545,0.633325635477626,0.0013817128587187602,0.0009044906363037907,0.3406428861261135,0.0008494159783949704,0.002403116710640288,0.3365564696034666,0.0008355793405641225,0.07541299479705119,0.6257281413086931,0.0013807134801404398,15.085714285714289,0.0,0.08414392387089552,0.2782919502234503,0.13686188343854133
0.224,0.0,0.0,-0.035757639598339316,0.6798590584108956,0.0017870500862754005,-0.9066176508394084,0.2643576787894052,0.002911753283723138,0.056799205286909765,0.25914836689274323,0.0005063322760360217,-1.4135674522145925,0.6664620657558996,0.005173990913719378,0.09969723078690765,0.25603957404422484,0.0003883088158808404,0.25837254750568117,0.3612040068822401,0.00026248673088492727,-1.4396213627569554,0.6584670606988617,0.00526055992872009,-1.1206315116962786,0.3540862853967498,0.0036252343132112588,0.2495330889484683,0.3498385993125253,0.00024969538398306206,0.025740609800016228,0.3506493763851574,0.000814688777159427,0.068666310923526,0.6519297721272417,0.0014630905548085522,0.08525503577854071,0.6390831412546952,0.0013903746194179995,0.0009331708229515294,0.3437396396363508,0.0008570878725001176,0.0024835592047581334,0.33961607387258896,0.0008430323929048717,0.07741650263220967,0.6314165789569539,0.0013900089603997568,15.222857142857144,0.0,0.08441305617575756,0.2787614839255285,0.13716207451807894
0.226,0.0,0.0,-0.0365636446056851,0.6859839147929756,0.0018043538859782873,-0.9128378582667621,0.2667392794992196,0.00293339232584657,0.05697344601670546,0.2614830368647499,0.0005117095789446003,-1.423930510085929,0.6724662285104572,0.005215084201812624,0.09862803739623408,0.25834623687345204,0.000396622515216361,0.26053251767779595,0.3644580970343323,0.00026521387382162783,-1.4334761335759605,0.6643991963808334,0.005260051397844472,-1.1451960622988029,0.35727625193185564,0.0036947694090703354,0.24907748523034304,0.35299029840543095,0.00025864302364240663,0.02670072790222885,0.35380837977601465,0.000820169424939996,0.07065772071584957,0.6578030133175771,0.0014728417559851277,0.08760563335457966,0.6448406470317645,0.0013989640281330596,0.000962547824365741,0.34683639314658815,0.0008647580558090916,0.002566101035295906,0.34267567814171135,0.0008504802973423831,0.07945347776984162,0.6371050166052147,0.0013992212849325125,15.36,0.0,0.08468218849215962,0.27923101762092906,0.13746226561339367
0.228,0.0,0.0,-0.03737892585768303,0.6921087711750559,0.0018216810394518523,-0.9190039751054259,0.26912088020903413,0.002954896846189491,0.057138139827369636,0.2638177068367566,0.0005171106520501279,-1.434222998700196,0.678470391265015,0.00525600225337736,0.09750825738269644,0.26065289970267935,0.0004050621557661132,0.26268916107090295,0.36771218718642457,0.00026794917377157153,-1.4273219054583501,0.6703313320628052,0.005259518664096914,-1.16969938681255,0.36046621846696153,0.003764155701914411,0.24859334780332543,0.3561419974983366,0.0002676612806699839,0.02765417996940063,0.356967383166872,0.0008256666381616079,0.07266790595671489,0.6636762545079127,0.001482546334480158,0.08998525679045276,0.6505981528088339,0.0014074812986356355,0.0009926343072438686,0.34993314665682557,0.0008724264970811496,0.002650782890073916,0.3457352824108338,0.0008579229534388447,0.08152412279494825,0.6427934542534756,0.001408349941209085,15.497142857142858,0.0,0.08495132080856169,0.2797005513163296,0.1377624567087084
0.23,0.0,0.0,-0.03820341528879472,0.6982336275571359,0.0018390313835370473,-0.9251157239700094,0.2715024809188486,0.002976266140060686,0.057293249318606895,0.2661523768087633,0.0005225355924534841,-1.4444444478540712,0.6844745540195726,0.005296743881799422,0.09633768637922402,0.2629595625319066,0.0004136282628730254,0.26484241325333696,0.37096627733851684,0.0002706927906690347,-1.4211593285373765,0.676263467744777,0.005258963433007817,-1.1941398125040303,0.36365618500206737,0.0038333889295365437,0.24808039171540075,0.3592936965912422,0.000276750871969792,0.028600927064775267,0.36012638655772927,0.0008311805164708217,0.07469699212721122,0.6695494956982482,0.0014922039743538332,0.09239407483869798,0.6563556585859032,0.001415926004488626,0.0010234431101838809,0.353029900167063,0.0008800931646495478,0.0027376459711658608,0.34879488667995623,0.0008653602594747057,0.08362863785141668,0.6484818919017364,0.0014173944227669705,15.634285714285715,0.0,0.08522045312496375,0.28017008501173013,0.13806264780402314
0.232,0.0,0.0,-0.03903704205691585,0.7043584839392162,0.0018564047480700272,-0.9311728319566248,0.27388408162866307,0.002997499513996681,0.05743873854044114,0.26848704678077,0.0005279844936554078,-1.4545943918085449,0.6904787167741303,0.0053373079115705034,0.09511612578740533,0.26526622536113387,0.0004223213474547746,0.26699220935119655,0.3742203674906091,0.00027344488559318035,-1.4149890211413685,0.6821956034267487,0.005258387329910312,-1.2185156985049168,0.36684615153717326,0.003902464910103009,0.24753833383693555,0.3624453956841479,0.0002859125099218679,0.029540931180239392,0.36328538994858656,0.0008367111572095281,0.07674510380650107,0.6754227368885837,0.001501814361903431,0.09483225441910544,0.6621131643629726,0.0014242977238106867,0.001054987245182447,0.3561266536773004,0.0008877580264177913,0.0028267319963820557,0.35185449094907867,0.000872792112444782,0.08576722062794387,0.6541703295499973,0.0014263542292464516,15.771428571428574,0.0,0.08548958544136581,0.28063961870713067,0.13836283889933787
0.234,0.0,0.0,-0.03987973256921254,0.7104833403212963,0.0018738009559455305,-0.9371750306328898,0.27626568233847754,0.0030185962857377556,0.057574573003427804,0.2708217167527767,0.000533457445530839,-1.46467236931026,0.6964828795286879,0.005377693178343082,0.09384338277539359,0.2675728881903611,0.0004311419060073895,0.2691384840641024,0.3774744576427014,0.0002762056207287621,-1.4088115701053454,0.6881277391087204,0.0052577919006252215,-1.2428254354870376,0.3700361180722791,0.00397137954144299,0.2469668928717334,0.36559709477705354,0.000295146902350295,0.03047415524305485,0.36644439333944384,0.0008422586553980112,0.07881236466475797,0.6812959780789193,0.0015113771856810454,0.09729996060839262,0.6678706701400419,0.001432596039302341,0.0010872798991309698,0.3592234071875378,0.0008954210498558885,0.0029180832006777007,0.3549140952182011,0.0008802184080545476,0.08794006634415226,0.6598587671982582,0.001435228866425786,15.908571428571431,0.0,0.08575871775776787,0.2811091524025312,0.1386630299946526
0.23600000000000002,0.0,0.0,-0.04073141050842219,0.7166081967033765,0.0018912198231814726,-0.9431220560275445,0.278647283048292,0.003039555784202954,0.05770071968881375,0.27315638672478343,0.0005389545343033891,-1.4746779236122152,0.7024870422832457,0.005417898528983765,0.09251927027517859,0.2698795510195884,0.000440090420610487,0.27128117168098065,0.38072854779479365,0.0002789751593267281,-1.4026275311192755,0.6940598747906922,0.005257178612240094,-1.2670674452986925,0.373226084607385,0.004040128800236057,0.24636578936696046,0.3687487938699592,0.00030445475249556446,0.03140056312254765,0.3696033967303011,0.0008478231037181157,0.08089889745613471,0.6871692192692548,0.0015208921365112422,0.09979735663000087,0.6736281759171113,0.0014408205382717967,0.0011203344353094165,0.36232016069777523,0.0009030822019966107,0.0030117423374858535,0.35797369948732355,0.0008876390407166146,0.09014736773689795,0.6655472048465191,0.001444017846255917,16.04571428571429,0.0,0.08602785007416994,0.28157868609793174,0.13896322108996734
0.23800000000000002,0.0,0.0,-0.041591996859600196,0.7227330530854565,0.001908661158984697,-0.9490136486196965,0.2810288837581065,0.0030603773494641273,0.05781714705864281,0.2754910566967901,0.0005444758425199409,-1.4846106024938253,0.7084912050378033,0.005457922821625046,0.09114360697924537,0.27218621384881564,0.0004491673589340926,0.2734202060958579,0.38398263794688586,0.00028175366566476304,-1.3964374291119637,0.6999920104726639,0.005256548853979849,-1.2912401805645244,0.3764160511424908,0.0041087087411029585,0.24573474572254866,0.3719004929628648,0.00031383675898976086,0.03232011963675343,0.37276240012115835,0.0008534045924965269,0.08300482401176262,0.6930424604595903,0.0015303589075086389,0.1023246038440137,0.6793856816941806,0.0014489708126604493,0.0011541643948778768,0.3654169142080126,0.0009107414494317579,0.0031077526799747988,0.36103330375644593,0.0008950539035474002,0.09238931504677263,0.6712356424947798,0.001452720686894705,16.182857142857145,0.0,0.086296982390572,0.2820482197933323,0.13926341218528207
0.24,0.0,0.0,-0.042461409937294366,0.7288579094675366,0.001926124765817842,-0.9548495533277099,0.2834104844679209,0.0030810603327190433,0.05792382506580496,0.2778257266687968,0.000550021449025385,-1.494469958280332,0.7144953677923609,0.005497764925715465,0.08971621733663909,0.27449287667804284,0.0004583731742469937,0.2755555208236533,0.3872367280989781,0.0002845413050078005,-1.3902417586695246,0.7059241461546355,0.005255903938166498,-1.3153421242511931,0.3796060176775966,0.004177115495605303,0.24507348620067698,0.3750521920557704,0.0003232936158330543,0.03323279055901919,0.3759214035120156,0.0008590032096881554,0.08513026523278205,0.6989157016499257,0.0015397771940954075,0.10488186173719741,0.6851431874712498,0.0014570464590680904,0.0011887834983657863,0.36851366771824995,0.0009183987583084302,0.0032061580222295053,0.3640929080255683,0.0009024628883639838,0.09466609600480014,0.6769240801430406,0.00146133691274067,16.32,0.0,0.08656611470697406,0.2825177534887328,0.1395636032805968
0.242,0.0,0.0,-0.04333956541312877,0.7349827658496166,0.0019436104394672776,-0.9606295194977532,0.2857920851777353,0.0031016040962636134,0.05802072516402673,0.28016039664080344,0.0005555914289374962,-1.5042555478615587,0.7204995305469184,0.005537423722068126,0.08823693154845653,0.27679953950727004,0.00046770830542657737,0.27768704901595404,0.3904908182510703,0.00028733824356854244,-1.3840409844873656,0.7118562818366072,0.005255245101265329,-1.3393717892011092,0.38279598421270244,0.004245345271159739,0.24438173693592155,0.378203891148676,0.0003328260123699975,0.0341385426245612,0.3790804069028728,0.0008646190408596341,0.08727534108340444,0.7047889428402611,0.0015491466940186977,0.10746928791316457,0.690900693248319,0.0014650470787778043,0.0012242056471587453,0.3716104212284873,0.0009260540943253039,0.003307002680356876,0.3671525122946907,0.000909865885681153,0.09697789581932888,0.6826125177913014,0.0014698660544662531,16.457142857142856,0.0,0.08683524702337612,0.28298728718413335,0.13986379437591154
0.244,0.0,0.0,-0.044226376343779135,0.741107622231697,0.0019611179691120645,-0.9663533008920213,0.2881736858875499,0.0031220080134632578,0.058107820317800866,0.2824950666128102,0.0005611858536219587,-1.5139669327100038,0.7265036933014762,0.005576898102907587,0.08670558556278392,0.2791062023364974,0.00047717317697010226,0.27981472347675956,0.3937449084031627,0.0002901446484680216,-1.3778355418545842,0.7177884175185791,0.005254573505014861,-1.3633277176364766,0.3859859507478084,0.004313394349872294,0.2436592259466511,0.3813555902415817,0.00034243463326415045,0.0350373435369788,0.3822394102937302,0.0008702521691729226,0.08944017058400636,0.7106621840305968,0.001558467107367981,0.11008703808266115,0.6966581990253886,0.0014729722777805602,0.0012604449249828662,0.3747071747387248,0.0009337074227289151,0.0034103314935145014,0.37021211656381325,0.0009172627847086409,0.09932489716312087,0.6883009554395625,0.001478307649050584,16.594285714285718,0.0,0.08710437933977819,0.2834568208795339,0.14016398547122627
0.246,0.0,0.0,-0.04512175319932184,0.7472324786137771,0.0019786471373938906,-0.9720206556766451,0.2905552865973643,0.0031422714687234644,0.05818508501225259,0.28482973658481686,0.00056680479066754,-1.5236036788982685,0.7325078560560339,0.005616186971915094,0.08512202106910113,0.2814128651657246,0.0004867681990073518,0.28193847667818195,0.3969989985552549,0.0002929606876962383,-1.3716258371696601,0.7237205532005507,0.005253890237637837,-1.3872084806358882,0.38917591728291423,0.004381259087298477,0.24290568314822794,0.3845072893344873,0.0003521201584695905,0.03592916197472399,0.38539841368458744,0.0008759026753690216,0.0916248718042558,0.7165354252209323,0.0015677381365923149,0.11273526605397743,0.7024157048024579,0.0014808216667994917,0.001297515599386581,0.37780392824896214,0.0009413587083099482,0.003516189824862633,0.37327172083293564,0.0009246534733485528,0.1017072801606386,0.6939893930878233,0.001486661239811756,16.731428571428573,0.0,0.08737351165618025,0.2839263545749344,0.140464176566541
0.248,0.0,0.0,-0.046025603891938875,0.7533573349958572,0.001996197720487948,-0.977631346409303,0.2929368873071787,0.0031623938574595594,0.058252495262940206,0.2871644065568235,0.0005724483038614274,-1.5331653571158095,0.7385120188105915,0.00565528924427215,0.08348608549217246,0.2837195279949518,0.0004964937673146267,0.28405824077608754,0.4002530887073471,0.0002957865300729129,-1.3654122484863005,0.7296526888825224,0.005253196315130456,-1.4110126775856946,0.39236588381802007,0.00444893591113477,0.24212084036855527,0.3876589884273929,0.0003618832631979124,0.03681396759752662,0.38855741707544467,0.0008815706377518017,0.09382956185627109,0.7224086664112677,0.0015769594865175296,0.11541412372348349,0.7081732105795271,0.0014885948613138742,0.0013354321232198377,0.3809006817591995,0.0009490079153995323,0.0036246235624391105,0.376331325102058,0.0009320378381929885,0.10412522237553051,0.699677830736084,0.0014949263764386137,16.86857142857143,0.0,0.08764264397258231,0.28439588827033496,0.14076436766185574
0.25,0.0,0.0,-0.04693783380496134,0.7594821913779374,0.0020137694881746907,-0.983185140026549,0.2953184880169932,0.0031823745860657406,0.05831002862558739,0.2894990765288303,0.0005781164531647252,-1.5426515426850151,0.7445161815651492,0.005694203846702397,0.08179763198544365,0.2860261908241791,0.0005063502633300167,0.2861739476256666,0.4035071788594394,0.0002986223452083796,-1.3591951260882815,0.7355848245644943,0.005252492682626987,-1.4347389356083453,0.3955558503531259,0.004516421319847051,0.2413044313664886,0.39081068752029857,0.0003717246178793583,0.03769173105277498,0.391716420466302,0.0008872561321719384,0.09605435688781284,0.7282819076016033,0.0015861308643633305,0.11812376106628966,0.7139307163565964,0.0014962914815827824,0.0013742091361106192,0.3839974352694369,0.0009566550078655427,0.0037356791199569706,0.37939092937118046,0.0009394157645218535,0.10657889879831622,0.7053662683843449,0.0015031026150220362,17.005714285714287,0.0,0.08791177628898438,0.2848654219657355,0.14106455875717047
0.252,0.0,0.0,-0.047858345822233986,0.7656070477600174,0.002031362203912447,-0.9886818078308687,0.29770008872680764,0.003202213071883392,0.058357664205744654,0.29183374650083693,0.0005838092946881239,-1.5520618155765986,0.7505203443197067,0.005732929717511805,0.08005651942396537,0.28833285365340633,0.0005163380541699067,0.2882855287969177,0.4067612690115316,0.00030146830346466246,-1.3529747930921114,0.7415169602464659,0.0052517802158368685,-1.4583859089698634,0.39874581688823174,0.0045837118812414425,0.24045619185360492,0.39396238661320415,0.00038164488811678887,0.03856242398185163,0.39487542385715924,0.0008929592320109607,0.09829937207550916,0.7341551487919387,0.0015952519797603145,0.12086432612703253,0.7196882221336657,0.00150391115266844,0.0014138614659387095,0.3870941887796743,0.0009642999491089091,0.003849403437524486,0.38245053364030285,0.0009467871363008647,0.1090684818342723,0.7110547060326057,0.0015111895180857239,17.142857142857142,0.0,0.08818090860538644,0.28533495566113604,0.1413647498524852
0.254,0.0,0.0,-0.04878704035778392,0.7717319041420977,0.0020489756249108294,-0.9941211254774779,0.3000816894366221,0.003221908743168727,0.058395382668377266,0.29416841647284364,0.0005895268806677475,-1.5613957604243023,0.7565245070742644,0.005771465806627157,0.07826261239686297,0.2906395164826336,0.0005264574926466706,0.29039291559003316,0.41001535916362386,0.00030432457591676536,-1.3467515460763224,0.7474490959284377,0.005251059722551373,-1.4819522784685806,0.40193578342333763,0.004650804230983003,0.23957585951979557,0.39711408570610984,0.0003916447346312623,0.03942601902642441,0.3980344272480165,0.0008986800081654123,0.10056472161811461,0.7400283899822743,0.0016043225447669126,0.12363596501078687,0.7254457279107351,0.0015114535044592565,0.001454404130306638,0.39019094228991175,0.0009719427020599327,0.0039658439822873905,0.3855101379094253,0.000954151836179752,0.11159414129151954,0.7167431436808666,0.0015191866546164856,17.28,0.0,0.0884500409217885,0.2858044893565366,0.14166494094779994
0.256,0.0,0.0,-0.049723815385776374,0.7778567605241777,0.002066609502204904,-0.9995028729608757,0.3024632901464365,0.003241461039059786,0.05842316624737685,0.2965030864448503,0.0005952692594411826,-1.570652966538909,0.7625286698288221,0.0058098110756328114,0.07641578119937231,0.29294617931186084,0.0005367089172874947,0.29249603905067223,0.4132694493157161,0.0003071913343142073,-1.3405256557361873,0.7533812316104093,0.005250331944216829,-1.505436750807214,0.40512574995844347,0.004717695071067561,0.23866317406311924,0.4002657847990154,0.00040172481319804965,0.04028248983469223,0.40119343063887375,0.0009044185290311234,0.10285051872980328,0.7459016311726097,0.0016133422738862377,0.126438821874104,0.7312032336878044,0.0015189181716925438,0.0014958523380077299,0.39328769580014905,0.0009795832291746062,0.0040850487489930394,0.3885697421785477,0.0009615097454906507,0.1141560443693127,0.7224315813291273,0.0015270936000940194,17.417142857142856,0.0,0.08871917323819056,0.2862740230519371,0.14196513204311467
0.258,0.0,0.0,-0.05066856647074094,0.7839816169062581,0.0020842635807300862,-1.0048268346011646,0.3048448908562511,0.003260869409542817,0.058440998754993874,0.2988377564168571,0.0006010364754237007,-1.5787282209473084,0.7685328325833799,0.005847964497805723,0.0736694891087866,0.29525284214108816,0.0005470926523542896,0.294465632855822,0.41652353946780846,0.0003100687510428406,-1.3342973675626433,0.7593133672923812,0.005249597557571421,-1.5288380579503167,0.4083157164935494,0.004784381168251909,0.2377178772243203,0.40341748389192117,0.00041188577457200486,0.04113181106758576,0.40435243402973114,0.0009101748604875973,0.1051568756334963,0.7517748723629455,0.0016223108840828554,0.12927303891617695,0.736960739464874,0.0015263047939769248,0.001538221490491189,0.3963844493103866,0.000987221492430947,0.004207066260476292,0.3916293464476702,0.000968860744246693,0.11675435564653357,0.7281200189773884,0.0015349099365201894,17.55428571428572,0.0,0.08898830555459263,0.28674355674733765,0.1422653231384294
0.26,0.0,0.0,-0.05162118679805173,0.7901064732883382,0.0021019375993976976,-1.0100927990301494,0.3072264915660655,0.0032801333154180755,0.05844886559118822,0.30117242638886377,0.0006068285690846748,-1.585257113356429,0.7745369953379375,0.0058831630407131155,0.06974491579510886,0.29755950497031536,0.000559725039653822,0.29625897813216545,0.41977762961990067,0.0003132799919101967,-1.328066902544189,0.7652455029743529,0.005248857176342491,-1.5521549564690815,0.4115056830286552,0.00485085935244743,0.2367397128263844,0.40656918298482675,0.0004221282644012661,0.04197395840492266,0.4075114374205884,0.0009159490658825065,0.10748390355422423,0.7576481135532809,0.0016312280947994614,0.13213875637013314,0.7427182452419432,0.0015336130158144156,0.0015815271833241394,0.39948120282062394,0.0009948574533253317,0.004331945568066877,0.3946889507167926,0.0009762047111407908,0.11938923707038812,0.7338084566256492,0.0015426352524477891,17.691428571428574,0.0,0.08925743787099469,0.2872130904427382,0.14256551423374414
0.262,0.0,0.0,-0.052581567204645234,0.7962313296704182,0.0021196312911711747,-1.0153005591772255,0.30960809227587993,0.0032992522282650734,0.058446753752894744,0.3035070963608704,0.0006126455769242056,-1.5904608258692579,0.780541158092495,0.00591449567862231,0.06481188659626425,0.2998661677995426,0.0005753031300110844,0.29790183905102147,0.4230317197719929,0.0003169318540995686,-1.321834457890513,0.7711776386563245,0.005248111353001283,-1.5753862268754193,0.41469564956376104,0.004917126515082106,0.23572842681946832,0.40972088207773233,0.00043245292312836986,0.0428089085515173,0.4106704408114456,0.0009217412060163074,0.10983171271252472,0.7635213547436163,0.00164009362797348,0.13503611249445466,0.7484757510190124,0.0015408424866221982,0.0016257852076505517,0.4025779563308613,0.0010024910728688428,0.004459736251918035,0.397748554985915,0.0009835415235446203,0.12206084794530886,0.73949689427391,0.0015502691430088044,17.82857142857143,0.0,0.08952657018739675,0.2876826241381387,0.14286570532905887
0.264,0.0,0.0,-0.05354959620995979,0.8023561860524984,0.0021373443831428592,-1.0204499122550708,0.31198969298569446,0.0033182256304073,0.058434651843201,0.30584176633287713,0.000618487531449956,-1.5945324425309473,0.7865453208470528,0.005942515366790777,0.05901868682318252,0.3021728306287699,0.0005934023600812641,0.2994167109786925,0.42628580992408516,0.0003209599271826592,-1.316768893061747,0.7771097743382963,0.005247360580572024,-1.5956567743834993,0.41788561609886693,0.004983179607435715,0.23383116069224086,0.412872581170638,0.0004428603858779243,0.04363663924324476,0.41382944420230294,0.0009275513391269641,0.11220041231787577,0.7693945959339519,0.001648907208053568,0.1379652435645267,0.7542332567960818,0.0015479928607540678,0.0016710115516469807,0.4056747098410987,0.0010101223115836205,0.004590488421256235,0.40080815925503743,0.0009908710575077986,0.12476934492206296,0.7451853319221708,0.001557811209942155,17.965714285714288,0.0,0.08979570250379881,0.28815215783353926,0.1431658964243736
0.266,0.0,0.0,-0.054525160047080926,0.8084810424345784,0.0021550765966113455,-1.0255406597451477,0.31437129369550887,0.003337053014876449,0.05841255008043401,0.3081764363048838,0.000624354461154207,-1.5976403024381096,0.7925494836016104,0.005967704815331394,0.05249464532440224,0.3044794934579971,0.0006136520165870364,0.3008232037406982,0.42953990007617737,0.00032530797274371223,-1.3132457391427468,0.783041910020268,0.0052495270077050375,-1.6120319256757432,0.4210755826339727,0.005041830892543679,0.2307686312017883,0.4160242802635436,0.0004554827989282569,0.04445712925305906,0.41698844759316017,0.0009333795208747886,0.11459011056216513,0.7752678371242873,0.0016576685620160287,0.14092628386431458,0.759990762573151,0.001555063797521561,0.0017172224019750368,0.4087714633513361,0.0010177511294992227,0.004724252714551762,0.4038677635241598,0.0009981931877572588,0.12751488198706712,0.7508737695704316,0.0015652610616209218,18.102857142857143,0.0,0.09006483482020088,0.2886216915289398,0.14346608751968834
0.268,0.0,0.0,-0.05550814269407692,0.8146058988166587,0.002172827647159349,-1.0305726073830306,0.31675289440532334,0.003355733885376178,0.058380440307152975,0.31051110627689055,0.0006302463904911414,-1.5999309601917224,0.7985536463561681,0.0059904848719856945,0.04535241208768369,0.3067861562872244,0.0006357287774070554,0.3021383817316354,0.43279399022826964,0.00032992696621892857,-1.3110344295904988,0.7889740457022397,0.005255549462112466,-1.62506769921374,0.4242655491690786,0.005090743687112055,0.22670391628220476,0.4191759793564493,0.00047101837038665247,0.045270358396965256,0.42014745098401746,0.000939225804327396,0.1170009146131962,0.7811410783146229,0.0016663774193811443,0.14391936567816987,0.7657482683502205,0.0015620549612147647,0.001764434145230517,0.4118682168615735,0.0010253774861489961,0.004861080299609991,0.40692736779328226,0.0010055077876968263,0.13029761045190996,0.7565622072186925,0.0015726183130790633,18.240000000000002,0.0,0.09033396713660294,0.28909122522434033,0.14376627861500307
0.27,0.0,0.0,-0.05649842590550936,0.8207307551987387,0.002190597244732039,-1.0355455651435643,0.3191344951151378,0.003374267756245421,0.05833831599904491,0.3128457762488972,0.0006361633398543606,-1.6015318071103903,0.8045578091107256,0.006011221923256121,0.03768997172684686,0.3090928191164516,0.0006593510175719197,0.3033770666323198,0.43604808038036186,0.0003347742466218162,-1.3099342102765004,0.7949061813842114,0.005264851527436776,-1.6352496860698769,0.42745551570418444,0.0051313080372948116,0.2217798541130136,0.42232767844935487,0.0004890594054178753,0.04607630753994558,0.4233064543748747,0.0009450902399447736,0.11943293060823076,0.7870143195049583,0.0016750335122294052,0.1469446192827656,0.7715057741272897,0.0015689660211227997,0.0018126633693891178,0.41496497037181085,0.0010330013405664509,0.005001022873583163,0.40998697206240464,0.0010128147294069868,0.13311767894308274,0.7622506448669533,0.001579882586037608,18.377142857142857,0.0,0.090603099453005,0.28956075891974087,0.1440664697103178
0.272,0.0,0.0,-0.05749588924410352,0.8268556115808191,0.0022083850937158213,-1.0404593472258672,0.32151609582495233,0.003392654152421292,0.0582861722737199,0.31518044622090396,0.0006421053255546476,-1.6025533909338587,0.8105619718652836,0.006030234447439184,0.02959242279019197,0.3113994819456789,0.0006842737755470801,0.30455210661089305,0.43930217053245424,0.00033981275975033615,-1.3097704311913207,0.8008383170661834,0.005276931318356709,-1.6430014371129897,0.4306454822392904,0.005164737920772918,0.21612137300439466,0.4254793775422606,0.0005092488085731175,0.046874958601839184,0.4264654577657321,0.0009509728755644663,0.1218862636475692,0.7928875606952941,0.0016836365752176583,0.15000217293916118,0.7772632799043592,0.001575796651553984,0.0018619268652486556,0.4180617238820484,0.0010406226512816481,0.005144132662902502,0.4130465763315272,0.00102011388364486,0.13597523339191905,0.7679390825152144,0.001587053508930329,18.51428571428572,0.0,0.09087223176940706,0.2900302926151414,0.14436666080563254
0.274,0.0,0.0,-0.05850041011256378,0.8329804679628992,0.0022261908930175066,-1.0453137720381862,0.32389769653476674,0.0034108926094015848,0.05822400589940284,0.3175151161929106,0.0006480723597979768,-1.6030914676425592,0.8165661346198411,0.00604779881388425,0.021133549609682074,0.31370614477490616,0.0007102843049617855,0.30567461544332153,0.44255626068454645,0.00034501038518413354,-1.3103913037372843,0.8067704527481551,0.00529135220984869,-1.6486918809515556,0.4338354487743962,0.005192092214718465,0.2098375706474195,0.4286310766351662,0.0005312742590769288,0.04766629456317552,0.4296244611565893,0.0009568737563868755,0.12436101778816841,0.7987608018856295,0.0016921863455951508,0.15309215288499764,0.7830207856814285,0.0015825465318556684,0.0019122416278677138,0.42115847739228573,0.0010482413763175926,0.0052904624231304926,0.4161061806006496,0.0010274051198443678,0.13887041702474454,0.7736275201634751,0.0015941307169288902,18.651428571428575,0.0,0.09114136408580913,0.29049982631054194,0.14466685190094727
0.276,0.0,0.0,-0.05951186378551955,0.8391053243449792,0.0022440143361438574,-1.0501086621826135,0.3262792972445812,0.0034289826732069183,0.05815181530351849,0.3198497861649173,0.0006540644506637862,-1.6032288153540506,0.8225702973743987,0.006064154412542396,0.012377210445406989,0.31601280760413336,0.0007371981449861282,0.30675418464057397,0.44581035083663867,0.00035033933848329285,-1.311665062365254,0.8127025884301267,0.0053077347304185275,-1.6526418844628579,0.437025415309502,0.0052142932406526446,0.20302356788371276,0.43178277572807183,0.0005548630127016308,0.04845029947096112,0.43278346454744654,0.0009627929249606776,0.12685729603729798,0.8046340430759649,0.001700682563219491,0.1562146833268229,0.7887782914584978,0.0015892153464337503,0.0019636248580006416,0.4242552309025231,0.0010558574731866384,0.00544006543873318,0.41916578486977196,0.0010346883061166038,0.14180337035323692,0.7793159578117359,0.0016011138519674785,18.78857142857143,0.0,0.09141049640221119,0.2909693600059425,0.144967042996262
0.278,0.0,0.0,-0.060530123441587265,0.8452301807270595,0.0022618551112814477,-1.0548438444396748,0.3286608979543957,0.003446923900342523,0.05806960058116646,0.32218445613692404,0.0006600816020835139,-1.6030368369847467,0.8285744601289564,0.0060795081887075175,0.0033785629948501258,0.3183194704333606,0.0007648556499698842,0.3077990713778116,0.44906444098873094,0.0003557756408703924,-1.31347747772299,0.8186347241120985,0.005325749466193381,-1.6551300543891119,0.4402153818446079,0.005232143165768664,0.19576215969586572,0.43493447482097747,0.0005797772673431618,0.04922695844441976,0.4359424679383039,0.0009687304211683569,0.12937520034623518,0.8105072842663005,0.0017091249705725063,0.1593698864325479,0.7945357972355671,0.0015958027847718607,0.0020160939635288236,0.4273519844127605,0.0010634708988868995,0.0055929955227723375,0.4222253891388944,0.0010419633092504032,0.14477423116499763,0.7850043954599968,0.0016080025627668998,18.92571428571429,0.0,0.09167962871861325,0.291438893701343,0.14526723409157674
0.28,0.0,0.0,-0.061555060195534535,0.8513550371091395,0.002279712901376817,-1.059519149752796,0.3310424986642101,0.003464715857759713,0.05797736350348294,0.3245191261089307,0.0006661238138194106,-1.602576975443687,0.8345786228835139,0.006094038649670653,-0.005814854068722839,0.3206261332625879,0.0007931189256693444,0.30881636476430774,0.45231853114082315,0.0003612986494075289,-1.3157296758372328,0.8245668597940701,0.005345110843792651,-1.6563978668470605,0.44340534837971374,0.005246338506922064,0.1881252839934054,0.43808617391388305,0.0006058100355450434,0.04999625768068571,0.4391014713291611,0.0009746862822118534,0.13191483160399897,0.8163805254566359,0.0017175133127760017,0.16255788232403373,0.8002933030126363,0.0016023085414502212,0.0020696665608881466,0.43044873792299787,0.0010710816098986728,0.005749307016517367,0.4252849934080168,0.0010492299947131112,0.14778313451433514,0.7906928331082576,0.0016147965048581498,19.062857142857144,0.0,0.09194876103501531,0.29190842739674355,0.14556742518689147
0.28200000000000003,0.0,0.0,-0.06258654313053258,0.8574798934912197,0.0022975873842168855,-1.0641344132126576,0.3334240993740246,0.003482358122817052,0.057875107525885795,0.3268537960809374,0.0006721910814436362,-1.601901962517189,0.8405827856380717,0.006107899402704397,-0.015162167004326703,0.32293279609181513,0.0008218691254013449,0.3098121327602344,0.4555726212929154,0.00036689064132151925,-1.3183362241869818,0.8304989954760419,0.005365571678283186,-1.6566542014390855,0.44659531491481963,0.0052574829544047,0.18017532686958737,0.44123787300678874,0.0006327814725334583,0.05075818446045009,0.4422604747200184,0.0009806605425983317,0.13447628963112385,0.8222537666469715,0.0017258473376074313,0.16577878906980997,0.8060508087897057,0.0016087323161641798,0.0021243604764925768,0.4335454914332353,0.001078689562180868,0.005909054788976799,0.4283445976771393,0.0010564882266515547,0.1508302127132612,0.7963812707565184,0.0016214953406054583,19.200000000000003,0.0,0.09221789335141738,0.2923779610921441,0.1458676162822062
0.28400000000000003,0.0,0.0,-0.0636244393304834,0.8636047498732997,0.0023154782325095808,-1.0686894740414448,0.33580570008383903,0.0034998502832412418,0.057762837796199805,0.32918846605294405,0.0006782833963176456,-1.6010569202758413,0.8465869483926293,0.006121222277274546,-0.02462832572945125,0.32523945892104233,0.0008510040648134227,0.31079155183209695,0.45882671144500764,0.00037253644671193315,-1.321223450938277,0.8364311311580136,0.005386918388362488,-1.656079347765081,0.4497852814499254,0.005266098707222527,0.17196628127709782,0.4443895720996943,0.0006605356130752674,0.0515127271535601,0.4454194781108756,0.000986653234126064,0.13705967317347373,0.8281270078373069,0.0017341267955154577,0.16903272267792474,0.811808314566775,0.0016150738137424125,0.0021801937481537768,0.43664224494347265,0.0010862947111674503,0.006072294236349279,0.4314042019462616,0.001063737867893212,0.15391559532270027,0.8020697084047792,0.0016280987392287948,19.337142857142858,0.0,0.09248702566781944,0.2928474947875446,0.14616780737752094
0.28600000000000003,0.0,0.0,-0.06466861391240848,0.8697296062553801,0.0023333851139646588,-1.073184175577,0.33818730079365356,0.0035171919370877457,0.057640561162658595,0.33152313602495087,0.0006844007455718777,-1.6000803317587668,0.8525911111471871,0.006134120078557571,-0.03418336241245877,0.3275461217502697,0.0008804361186993023,0.31175902123967664,0.4620808015971,0.0003782231244125077,-1.3243279682177882,0.8423632668399855,0.005408966794445656,-1.6548285443387072,0.4529752479850314,0.0052726364893752806,0.16354477448612992,0.44754127119260007,0.0006889374747887555,0.052259875224571005,0.448578481501733,0.0009926643858704323,0.1396650798960965,0.8340002490276427,0.0017423514396354223,0.17231979708892645,0.8175658203438445,0.0016213327441647995,0.0022371846264966746,0.4397389984537102,0.001093897011763891,0.006239081281393919,0.43446380621538416,0.0010709787799475874,0.1570394091439131,0.8077581460530403,0.00163460637682585,19.47428571428572,0.0,0.0927561579842215,0.29331702848294516,0.14646799847283568
0.28800000000000003,0.0,0.0,-0.06571893005888603,0.8758544626374601,0.002351307691374672,-1.0776183652568865,0.340568901503468,0.0035343826927011703,0.05750828618177999,0.3338578059969575,0.0006905431120857473,-1.5990048958378544,0.8585952739017447,0.0061466890141512786,-0.04380173845998321,0.3298527845794969,0.0009100903674798892,0.31271826366260436,0.46533489174919224,0.000383939676273789,-1.3275953742199105,0.8482954025219571,0.0054315584268493635,-1.65303510305952,0.4561652145201372,0.005277484397147111,0.15495097822961448,0.45069297028550565,0.0007178704894984393,0.052999619238250806,0.45173748489259025,0.0009986940241700482,0.14229260637711974,0.8398734902179781,0.0017505210258047038,0.17564012416897778,0.8233233261209137,0.0016275088225799683,0.0022953515763709117,0.4428357519639475,0.001101496418343627,0.006409472372719917,0.43752341048450655,0.0010782108230077815,0.16020177821013482,0.8134465837013011,0.00164101793639347,19.611428571428576,0.0,0.09302529030062356,0.2937865621783457,0.1467681895681504
0.29,0.0,0.0,-0.06677524905052394,0.8819793190195402,0.0023692456226960656,-1.0819918946023688,0.34295050221328244,0.0035514221686754224,0.057366023126111436,0.3361924759689642,0.0006967104744679605,-1.5978505592912895,0.8645994366563022,0.0061590108312353925,-0.05346768637035001,0.3321594474087241,0.0009399029646717683,0.31367151191002546,0.46858898190128445,0.00038967679559670027,-1.3309791122761465,0.8542275382039288,0.005454557281059598,-1.6508131663572556,0.45935518105524303,0.0052809757102869085,0.14621941409758446,0.4538446693784113,0.000747234227871992,0.05373195086503738,0.4548964882834475,0.0010047421726129917,0.14494234810168813,0.8457467314083135,0.0017586353125779845,0.17899381370310194,0.829080831897983,0.001633601769322513,0.0023547132782580863,0.44593250547418484,0.001109092884744535,0.006583524483995348,0.44058301475362893,0.0010854338559522726,0.16340282377842838,0.8191350213495618,0.0016473331078485677,19.74857142857143,0.0,0.09329442261702563,0.29425609587374624,0.14706838066346514
0.292,0.0,0.0,-0.06783743029845614,0.8881041754016202,0.0023871985611303606,-1.0863046192023176,0.34533210292309685,0.003568309993813664,0.057213783991842064,0.33852714594097083,0.0007029028070371485,-1.5966200665701924,0.8706035994108599,0.006171135396755374,-0.06317862013803316,0.33446611023795136,0.0009698344915207534,0.314618988820038,0.47184307205337667,0.00039542890035837805,-1.3344394678592761,0.8601596738859004,0.005477846965405118,-1.648260138799036,0.4625451475903488,0.0052833957848690116,0.13737966550869624,0.45699636847131686,0.0007769423859343311,0.05445686288644803,0.4580554916743047,0.0010108088520231684,0.14761439945594299,0.851619972598649,0.001766694061242402,0.18238097338856146,0.8348383376750522,0.0016396113099298756,0.00241528862967471,0.4490292589844222,0.0011166863642654104,0.006761295113075038,0.4436426190227513,0.00109264773634689,0.16664266432175381,0.8248234589978226,0.0016535515880484856,19.885714285714286,0.0,0.09356355493342769,0.2947256295691468,0.14736857175877988
0.294,0.0,0.0,-0.06890533137685004,0.8942290317837003,0.002405166155205391,-1.0905563986970446,0.3477137036329113,0.003585045807088072,0.05705158250627814,0.3408618159129775,0.0007091200798028385,-1.595313643406572,0.8766077621654175,0.006183069571839025,-0.07293388093688206,0.33677277306717857,0.0009998784830130294,0.31556062182854466,0.4750971622054689,0.0004011954334635771,-1.3379426869273139,0.8660918095678721,0.005501328193567871,-1.6454588302434232,0.46573511412545465,0.005284988132311227,0.1284570064559538,0.46014806756422244,0.0008069210051388155,0.05517434920044126,0.46121449506516193,0.0010168940804467848,0.1503088537210446,0.8574932137889844,0.0017746970358326034,0.18580170882836994,0.8405958434521216,0.0016455371751589005,0.0024770967465708037,0.45212601249465956,0.001124276809662462,0.006942842281047443,0.4467022232918737,0.0010998523204469967,0.1699214155212539,0.8305118966460834,0.001659673080810824,20.02285714285714,0.0,0.09383268724982975,0.2951951632645473,0.1476687628540946
0.296,0.0,0.0,-0.06997880805541322,0.9003538881657805,0.0024231480488565767,-1.0947470967620747,0.3500953043427258,0.003601629257599426,0.056879434135178486,0.34319648588498425,0.0007153622584467654,-1.593931518099646,0.8826119249199752,0.006194813920816368,-0.08273280475367381,0.3390794358964058,0.0010300332920832197,0.3164963374244923,0.47835125235756115,0.0004069765763225412,-1.3414602010998866,0.8720239452498438,0.005524916580442895,-1.6424793434594476,0.46892508066056054,0.00528595977725996,0.11947295619011797,0.46329976665712813,0.0008371069005029358,0.055884404826730696,0.4643734984560193,0.001022997873138945,0.15302580306723784,0.86336645497932,0.0017826440031456885,0.1892561235249365,0.8463533492291909,0.0016513791010020523,0.0025401569647240433,0.455222766004897,0.0011318641731458154,0.007128224531200465,0.44976182756099614,0.0011070474631998718,0.1732391902587569,0.8362003342943443,0.001665697296932726,20.16,0.0,0.09410181956623181,0.29566469695994785,0.14796895394940934
0.298,0.0,0.0,-0.07105771433188773,0.9064787445478607,0.002441143881508185,-1.09887658109186,0.35247690505254026,0.0036180600045365376,0.056697356089946506,0.34553115585699096,0.0007216293043045312,-1.592473921433993,0.8886160876745328,0.0062063690144354465,-0.09257472244028465,0.34138609872563314,0.0010602972586982674,0.3174260611395988,0.4816053425096534,0.00041277251271290284,-1.3449679469575886,0.8779560809318157,0.005548540705079256,-1.6393807354374734,0.47211504719566644,0.005286485976637785,0.11044576806252758,0.46645146575003377,0.0008674462738997896,0.056587025912050996,0.46753250184687656,0.0010291202425503647,0.1557653385479615,0.8692396961696555,0.0017905347327560439,0.19274431887384375,0.8521108550062603,0.0016571368287033096,0.0026044888411293826,0.4583195195151344,0.0011394484063760259,0.007317500927906137,0.45282143183011864,0.0011142330182472954,0.1765960986094968,0.8418887719426053,0.001671623954209621,20.29714285714286,0.0,0.09437095188263388,0.2961342306553484,0.14826914504472408
0.3,0.0,0.0,-0.07214190246452057,0.9126036009299409,0.0024591532881545713,-1.1029447233834426,0.3548585057623547,0.003634337717135537,0.056505367334675545,0.3478658258289976,0.0007279211743476277,-1.5909410865976088,0.8946202504290904,0.006217735429657708,-0.10245895976715039,0.34369276155486034,0.0010906687099878625,0.31834971753873625,0.48485943266174564,0.00041858342880536707,-1.3484483811231567,0.8838882166137874,0.00557214040892844,-1.6362060460098289,0.4753050137307723,0.005286714372920615,0.10138895013310821,0.46960316484293935,0.0008978934919510294,0.0572822097353756,0.4706915052377338,0.001035261198314207,0.1585275500940022,0.875112937359991,0.0017983689970300738,0.1962663941577588,0.8578683607833295,0.0016628101047737143,0.0026701121553840673,0.46141627302537175,0.001147029460460606,0.007510731055424134,0.455881036099241,0.0011214088379283373,0.17999224783505163,0.847577209590866,0.001677452777453423,20.434285714285714,0.0,0.09464008419903594,0.2966037643507489,0.1485693361400388
0.302,0.0,0.0,-0.07323122300449918,0.918728457312021,0.002477175899441354,-1.1069513993200708,0.3572401064721692,0.0036504620746390295,0.05630348859304418,0.3502004958010043,0.000734237821165822,-1.5893332490999128,0.9006244131836482,0.006228913749453142,-0.11238483747801283,0.3459994243840876,0.001121145960378095,0.319267230210991,0.48811352281383796,0.0004244095131877543,-1.3518975824559443,0.8898203522957591,0.005595671833547289,-1.632964801694793,0.4784949802658781,0.005286752565689268,0.09230606719705858,0.47275486393584504,0.0009284147845068421,0.05796995471308625,0.4738505086285911,0.0010414207472330388,0.16131252650769307,0.8809861785503266,0.0018061465711408109,0.19982244654047798,0.863625866560399,0.0016683986810066005,0.002737046911067962,0.4645130265356092,0.001154607285950563,0.00770797501662406,0.45894064036836346,0.0011285747732823483,0.18342774237650045,0.8532656472391269,0.0016831834985101882,20.571428571428573,0.0,0.094909216515438,0.29707329804614946,0.14886952723535354
0.304,0.0,0.0,-0.07432552482834133,0.9248533136941011,0.0024952113417465007,-1.1108964885547734,0.3596217071819836,0.003666432766255136,0.0560917423550582,0.352535165773011,0.0007405791929499171,-1.587650646689743,0.9066285759382058,0.006239904562595297,-0.12235167134594771,0.34830608721331485,0.0011517273117283191,0.3201785217614211,0.4913676129659302,0.0004302509568873479,-1.3553153181705886,0.8957524879777308,0.005619125176084188,-1.6296574589029462,0.48168494680098395,0.005286624371239442,0.08319799491383292,0.4759065630287506,0.0009590012395792301,0.05865026040409407,0.47700951201944836,0.0010475988932659053,0.1641203554571581,0.886859419740662,0.0018138672330824223,0.20341257106110522,0.8693833723374682,0.0016739023144924756,0.002805313337119107,0.4676097800458465,0.0011621818328369465,0.007909293431626475,0.46200024463748585,0.0011357306740521545,0.18690268384779923,0.8589540848873877,0.0016888158562772182,20.708571428571428,0.0,0.09517834883184007,0.29754283174155,0.14916971833066828
0.306,0.0,0.0,-0.07542465517022857,0.9309781700761813,0.002513259237261307,-1.1147798746938977,0.36200330789179813,0.003682249491116429,0.05587015288363589,0.35486983574501774,0.0007469452334748989,-1.5858935192733887,0.9126327386927635,0.006250708463456267,-0.13235877223066786,0.3506127500425421,0.0011824110534712246,0.32108351380352995,0.49462170311802245,0.0004361079533915034,-1.3587013578170166,0.9016846236597026,0.0056424998545757275,-1.626284476438868,0.48487491333608984,0.00528633093059759,0.0740656129092284,0.4790582621216563,0.0009896506680195586,0.05932312751491221,0.48016851541030564,0.0010537956375155288,0.16695112347060276,0.8927326609309976,0.0018215307636845987,0.2070368606283641,0.8751408781145376,0.0016793207676335808,0.002874931889204429,0.470706533556084,0.0011697530505474123,0.00811474743636263,0.4650598489066083,0.0011428763886874545,0.19041717102937653,0.8646425225356485,0.001694349596719623,20.845714285714287,0.0,0.09544748114824213,0.29801236543695053,0.149469909425983
0.308,0.0,0.0,-0.0765284596542731,0.9371030264582614,0.0025313192040712254,-1.1186014452806154,0.36438490860161254,0.0036979119582387756,0.055638746221033465,0.3572045057170244,0.0007533358820834713,-1.5840621088327016,0.918636901447321,0.006261326051801775,-0.14240544613709347,0.3529194128717693,0.0012131954627560928,0.3219821269524759,0.49787579327011466,0.0004419806986664618,-1.3620554732670738,0.9076167593416742,0.005665795292896727,-1.6228463154647335,0.4880648798711957,0.005285873390775159,0.06490980469564514,0.4822099612145619,0.0010203608707633337,0.05998855790467972,0.48332751880116287,0.0010600109782156267,0.16980491593065103,0.898605902121333,0.0018291369466268254,0.21069540601504388,0.8808983838916068,0.0016846538081581068,0.0029459232510855157,0.47380328706632135,0.0011773208879427924,0.008324398681052895,0.46811945317573067,0.00115001176434842,0.19397129986194897,0.8703309601839093,0.001699784472886332,20.982857142857142,0.0,0.09571661346464419,0.29848189913235107,0.14977010052129774
0.31,0.0,0.0,-0.07763678232670788,0.9432278828403415,0.0025493908562365364,-1.1223610917784015,0.366766509311427,0.0037134198864801063,0.055397550195107254,0.3595391756890311,0.0007597510736699941,-1.5821566593433345,0.9246410642018787,0.00627175793258645,-0.15249099427517968,0.3552260757009966,0.0012440788045952253,0.3228742808190351,0.501129883422207,0.00044786939117432773,-1.365377438699754,0.913548895023646,0.005689010920726799,-1.61934343946423,0.4912548464063015,0.005285252904677588,0.055731457591561305,0.4853616603074676,0.001051129639029556,0.060646554590136695,0.4864865221920202,0.0010662449107183513,0.17268181706873015,0.9044791433116686,0.0018366855684525437,0.21438829585257962,0.8866558896686763,0.0016899012091340809,0.0030183083359793853,0.47690004057655877,0.0011848852933136831,0.008538309328603878,0.4711790574448531,0.0011571366469095006,0.1975651634405573,0.8760193978321702,0.0017051202449255532,21.12,0.0,0.09598574578104625,0.2989514328277516,0.15007029161661248
0.312,0.0,0.0,-0.07874946568799038,0.9493527392224218,0.002567473803872824,-1.1260587095544885,0.36914811002124154,0.0037287730044991076,0.05514659442540952,0.36187384566103786,0.0007661907386648265,-1.5801774166931508,0.9306452269564365,0.0062820047157494275,-0.16261471312099,0.3575327385302239,0.001275059332013509,0.3237598940043363,0.5043839735742992,0.0004537742318881603,-1.3686670305857456,0.9194810307056178,0.00571214617351343,-1.6157763142065467,0.4944448129414074,0.005284470631014094,0.046531462640462595,0.4885133594003732,0.00108195475452203,0.06129712175055055,0.4896455255828775,0.0010724974274818522,0.17558190995950326,0.9103523845020042,0.001844176418583185,0.21811561662576642,0.8924133954457456,0.0016950627489829152,0.0030921082879141622,0.4799967940867962,0.001192446214377042,0.008756542052924206,0.4742386617139756,0.0011642508809634293,0.20119885200882331,0.8817078354804312,0.0017103566800996848,21.25714285714286,0.0,0.09625487809744832,0.29942096652315214,0.1503704827119272
0.314,0.0,0.0,-0.0798663507248102,0.9554775956045019,0.0025855676532312304,-1.1296941978633017,0.37152971073105595,0.0037439710507138615,0.05488591032911468,0.3642085156330445,0.0007726548030190874,-1.5781246286008537,0.9366493897109941,0.0062920670160103625,-0.172775894479002,0.35983940135945114,0.0013061352862011027,0.3246388840953841,0.5076380637263914,0.00045969542430513783,-1.371924027671299,0.9254131663875894,0.005735200492433338,-1.6121454077104398,0.49763477947651324,0.005283527734207649,0.037310714529235026,0.49166505849327885,0.0011128339896320407,0.06194026473259315,0.4928045289737347,0.0010787685180579604,0.17850527651535059,0.9162256256923396,0.0018516092893320908,0.22187745266760767,0.8981709012228148,0.001700138211492621,0.003167344483079582,0.48309354759703355,0.0012000035982727985,0.008979160037159007,0.477298265983098,0.0011713543098254345,0.204872452953428,0.887396273128692,0.0017154935527996717,21.394285714285715,0.0,0.09652401041385038,0.2998905002185527,0.15067067380724194
0.316,0.0,0.0,-0.08098727694199151,0.961602451986582,0.002603672006778481,-1.133267459829879,0.3739113114408704,0.0037590137732604304,0.0546155311267727,0.3665431856050512,0.0007791431881898415,-1.5759985445348819,0.9426535524655518,0.006301945452666014,-0.18297382554563044,0.3621460641886784,0.0013373048966692008,0.3255111676613873,0.5108921538784837,0.0004656331744577491,-1.3751482109614137,0.9313453020695612,0.00575817332435215,-1.6084511902083847,0.5008247460116191,0.005282425384305147,0.02807011150602989,0.4948167575861845,0.0011437651076423737,0.0625759900551688,0.49596353236459206,0.0010850581690799975,0.18145199748090002,0.9220988668826752,0.0018589839759183113,0.22567388615429787,0.9039284069998843,0.0017051273858306915,0.003244038531172243,0.48619030110727096,0.0012075573915604784,0.009206226971843076,0.48035787025222043,0.0011784467755376537,0.20858605079881146,0.8930847107769528,0.001720530644558812,21.531428571428574,0.0,0.09679314273025244,0.3003600339139532,0.15097086490255668
0.318,0.0,0.0,-0.08211208239428112,0.967727308368662,0.002621786463276634,-1.136778402433277,0.37629291215068483,0.00377390092995141,0.05433549184788657,0.3688778555770579,0.0007856558111257129,-1.5737994156326194,0.9486577152201093,0.006311640649387478,-0.1932077889739505,0.3644527270179056,0.00136856638140884,0.3263766602509083,0.514146244030576,0.0004715876909229716,-1.378339363702352,0.9372774377515329,0.005781064121782367,-1.6046941341108125,0.5040147125467249,0.005281164756887774,0.018810555297610165,0.49796845667909007,0.0011747458629326505,0.06320430541419293,0.4991225357554493,0.0010913663642507013,0.18442215242760762,0.9279721080730106,0.0018663002764802764,0.22950499710033959,0.9096859127769535,0.0017100300665566393,0.003322212276735533,0.4892870546175083,0.0012151075402158404,0.00943780705297277,0.4834174745213428,0.0011855281188737493,0.21233972720209457,0.8987731484252136,0.0017254677440660055,21.66857142857143,0.0,0.0970622750466545,0.30082956760935375,0.1512710559978714
0.32,0.0,0.0,-0.0832406037180135,0.9738521647507423,0.0026399106178625585,-1.1402269364899684,0.37867451286049936,0.0037886322882344408,0.0540458293363108,0.3712125255490646,0.0007921925842529451,-1.5715274946199684,0.9546618779746671,0.006321153234018217,-0.20347706293960297,0.3667593898471329,0.0013999179470527085,0.32723527638984806,0.5174003341826683,0.0004775591848294,-1.3814972713634788,0.9432095734335046,0.005803872342839642,-1.6008747139704433,0.5072046790818309,0.005279747032981609,0.009532951026187663,0.5011201557719958,0.001205774001185964,0.06382521968732129,0.5022815391463066,0.0010976930843302841,0.18741581974838875,0.9338453492633462,0.0018735579920893463,0.2333708633537948,0.9154434185540229,0.0017148460536342083,0.0034018878004941373,0.49238380812774574,0.0012226539896275255,0.009673964979996643,0.48647707879046526,0.0011925981793437313,0.2161335609482235,0.9044615860734745,0.0017303046471784497,21.805714285714288,0.0,0.09733140736305657,0.3012991013047543,0.15157124709318615
0.322,0.0,0.0,-0.0843726761626442,0.9799770211328224,0.0026580440621270895,-1.143612976637234,0.38105611357031377,0.0038032076251507054,0.05374658225546773,0.3735471955210713,0.0007987534154619012,-1.5691830357313346,0.9606660407292247,0.006330483838372983,-0.21378092120786063,0.3690660526763601,0.0014313577890399077,0.3280869295802827,0.5206544243347604,0.0004835478698622808,-1.384621721618435,0.9491417091154764,0.005826597451197389,-1.5969934064467155,0.5103946456169366,0.00527817339896845,0.0002382071257604427,0.5042718548649013,0.001236847259596784,0.0644387429386295,0.5054405425371639,0.0011040383071246065,0.1904330766523005,0.9397185904536816,0.001880756926763232,0.2372715605916708,0.9212009243310921,0.0017195751524432435,0.003483087420683064,0.4954805616379831,0.0012301966845937224,0.009914765953724883,0.48953668305958764,0.0011996567951989775,0.21996762794533647,0.9101500237217353,0.0017350411569337792,21.942857142857143,0.0,0.09760053967945863,0.30176863500015483,0.15187143818850088
0.324,0.0,0.0,-0.08550813362214334,0.9861018775149025,0.0026761863841938665,-1.1469364413165504,0.38343771428012824,0.003817626727293406,0.05343779109337872,0.375881865493078,0.0008053382080940257,-1.5667662946300738,0.9666702034837824,0.006339633098037792,-0.2241186332018339,0.37137271550558737,0.00146288409178362,0.32893153230016325,0.5239085144868527,0.0004895539622664251,-1.387712504325645,0.9550738447974482,0.005849238916039709,-1.5930506902703212,0.5135846121520425,0.005276445046496895,-0.009072764742039751,0.507423553957807,0.0012679633670801165,0.06504488642324298,0.5085995459280211,0.0011104020074734792,0.19347399915927604,0.9455918316440172,0.0018878968874792917,0.24120716231544015,0.9269584301081616,0.0017242171737912272,0.0035658336943711014,0.49857731514822057,0.0012377355693188438,0.010160275674157566,0.49259628732871014,0.0012067038034374632,0.2238420012203539,0.9158384613699962,0.0017396770835616494,22.080000000000002,0.0,0.09786967199586069,0.30223816869555536,0.1521716292838156
0.326,0.0,0.0,-0.08664680866624122,0.9922267338969828,0.0026943371687978153,-1.1501972527569773,0.38581931498994276,0.003831889390766233,0.05311949816750718,0.3782165354650847,0.0008119468609292651,-1.564277528329451,0.9726743662383401,0.006348601652171036,-0.23448946407179186,0.3736793783348147,0.0014944950288416216,0.32976899600389403,0.527162604638945,0.0004955776808469545,-1.3907694115081635,0.9610059804794199,0.005871796212012662,-1.589047046207849,0.5167745786871484,0.0052745631723936735,-0.018399049772580185,0.5105752530507127,0.0012991200444818812,0.06564366259191684,0.5117585493188784,0.0011167841572390887,0.1965386620949119,0.9514650728343528,0.001894977684187692,0.24517773984669564,0.9327159358852309,0.001728771933924477,0.003650149418778627,0.501674068658458,0.0012452705874102172,0.010410560338231817,0.4956558915978326,0.0012137390398091876,0.22775675091479147,0.9215268990182571,0.001744212244494758,22.21714285714286,0.0,0.09813880431226275,0.3027077023909559,0.15247182037913035
0.328,0.0,0.0,-0.08778853257151818,0.9983515902790628,0.0027124959973632602,-1.1533953369585472,0.3882009156997572,0.0038459954211418363,0.05279174762941055,0.38055120543709137,0.0008185792681739605,-1.5617169951141605,0.9786785289928976,0.0063573901433058725,-0.24489267476557325,0.3759860411640419,0.0015261887630895843,0.3305992311238004,0.5304166947910373,0.0005016192469678581,-1.3937922373328682,0.9669381161613916,0.005894268819173888,-1.5849829570265404,0.5199645452222542,0.0052725289785752584,-0.02773973010332982,0.5137269521436183,0.0013303150047904962,0.06623508509556585,0.5149175527097357,0.0011231847252945472,0.19962713908530827,0.9573383140246882,0.0019019991298244408,0.24918336232293906,0.9384734416623002,0.0017332392545390113,0.003736057632589695,0.5047708221686953,0.0012528016818747917,0.010665686637487905,0.49871549586695496,0.0012207623388218079,0.23171194428079728,0.9272153366665179,0.001748646464379316,22.354285714285716,0.0,0.09840793662866482,0.30317723608635644,0.15277201147444508
0.33,0.0,0.0,-0.08893313535233112,1.004476446661143,0.0027306624480816534,-1.1565306236756592,0.3905825164095717,0.0038599446334202977,0.052454585469198144,0.38288587540909813,0.000825235319449219,-1.5590849544624596,0.9846826917474554,0.006365999217154039,-0.2553275221000603,0.37829270399326914,0.001557963446897106,0.33142214707249834,0.5336707849431295,0.0005076788845483226,-1.3967807780890014,0.9728702518433634,0.005916656222940579,-1.580858907459165,0.5231545117573602,0.005270343671959752,-0.0370938848994218,0.516878651236524,0.0013615459533496347,0.06681916878974413,0.518076556100593,0.0011296036775125678,0.2027395025519639,0.9632115552150238,0.0019089610403242889,0.2532240966935048,0.9442309474393696,0.0017376189627910765,0.003823581617258327,0.5078675756789327,0.0012603287951158577,0.010925721755654379,0.5017751001360774,0.0012277735337464738,0.23570764567741243,0.9329037743147788,0.0017529795750849536,22.491428571428575,0.0,0.09867706894506688,0.303646769781757,0.1530722025697598
0.332,0.0,0.0,-0.09008044579156935,1.010601303043223,0.0027488360959888854,-1.159603046400478,0.3929641171193861,0.0038737368519876133,0.052108059519792194,0.3852205453811048,0.0008319148997797666,-1.5563816669689658,0.990686854502013,0.006374429522411181,-0.26579325883368665,0.3805993668224964,0.0015898172223063917,0.3322376522461771,0.5369248750952217,0.0005137568200568084,-1.399734832166067,0.978802387525335,0.005938957914035841,-1.5766753841690189,0.5263444782924659,0.005268008464379077,-0.04646059043966523,0.5200303503294296,0.0013928105880721285,0.06739592973907461,0.5212355594914502,0.0011360409767542652,0.20587582370672552,0.9690847964053592,0.001915863234633488,0.25730000771561773,0.9499884532164389,0.001741910891307335,0.003912744898308921,0.5109643291891701,0.0012678518689297794,0.011190733366152289,0.5048347044051998,0.0012347724566238638,0.23974391656705585,0.9385922119630395,0.0017572114157140678,22.62857142857143,0.0,0.09894620126146894,0.3041163034771575,0.15337239366507455
0.334,0.0,0.0,-0.09123029147123266,1.0167261594253034,0.002767016513042182,-1.1626125423463436,0.3953457178292006,0.003887371910574197,0.051752219460989145,0.3875552153531115,0.0008386178895832982,-1.5536073942681699,0.9966910172565707,0.0063826817105638416,-0.276289133739949,0.38290602965172366,0.001621748221213526,0.33304565402880465,0.540178965247314,0.0005198532825028423,-1.4026542000310893,0.9847345232073068,0.005961173388433434,-1.5724328757150488,0.5295344448275718,0.005265524572491477,-0.05583892020299565,0.5231820494223353,0.0014241065996550013,0.06796538522162787,0.5243945628823076,0.0011424965828580826,0.209036172546793,0.9749580375956948,0.001922705534722423,0.2614111579505851,0.9557459589935082,0.0017461148781947261,0.004003571246630717,0.5140610826994075,0.0012753708445027464,0.01146078962951861,0.5078943086743223,0.001241758938270425,0.24382081551223353,0.9442806496113004,0.0017613418326106116,22.76571428571429,0.0,0.099215333577871,0.30458583717255805,0.15367258476038928
0.336,0.0,0.0,-0.09238249880282469,1.0228510158073834,0.00278520326819654,-1.165559052431189,0.397727318539015,0.003900849652213396,0.05138711682331842,0.38988988532511815,0.0008453441646603225,-1.5507623989587143,1.0026951800111283,0.006390756435698246,-0.286814391681891,0.38521269248095086,0.0016537545655522495,0.33384605879726637,0.5434330553994062,0.000525968503426504,-1.4055386842052398,0.9906666588892784,0.00598330214730092,-1.5681318725171096,0.5327244113626777,0.005262893217694316,-0.06522794495535338,0.5263337485152408,0.0014554316717955912,0.06852755373325041,0.5275535662731647,0.0011489704526288422,0.21222061784978094,0.9808312787860302,0.001929487765598093,0.26555760776012316,0.9615034647705775,0.001750230767049981,0.004096084679766226,0.5171578362096448,0.0012828856624075352,0.011735959190748936,0.5109539129434446,0.001248732808284815,0.2479383981724721,0.9499690872595612,0.001765370679368319,22.902857142857144,0.0,0.09948446589427307,0.3050553708679586,0.153972775855704
0.338,0.0,0.0,-0.0935368930575549,1.0289758721894635,0.002803395927480721,-1.1684425212609715,0.4001089192488295,0.003914169929200046,0.05101280499169592,0.3922245552971249,0.0008520935961845162,-1.5478469445284915,1.008699342765686,0.006398654354311001,-0.29736827368752555,0.38751935531017817,0.001685834367480173,0.33463877192744473,0.5466871455514986,0.0005321027168855805,-1.4083880892398388,0.9965987945712502,0.006005343696941226,-1.5637728668213564,0.5359143778977835,0.005260115626037233,-0.07462673283697878,0.5294854476081464,0.0014867834814087494,0.06908245499184204,0.530712569664022,0.001155462539826929,0.21542922716883742,0.9867045199763658,0.001936209755316462,0.26973941530281764,0.9672609705476469,0.0017542584069688094,0.004190309463193572,0.5202545897198824,0.0012903962626002905,0.01201631117655957,0.514013517212567,0.0012556938950545452,0.25209671730147715,0.9556575249078222,0.0017692978168383753,23.040000000000003,0.0,0.09975359821067513,0.3055249045633591,0.15427296695101875
0.34,0.0,0.0,-0.09469329839634262,1.035100728571544,0.002821594054072747,-1.1712628971131172,0.402490519958644,0.003927332603049038,0.0506293392088697,0.3945592252691316,0.0008588660506935893,-1.544861295280612,1.0147035055202438,0.0064063761251218375,-0.30795001702616154,0.38982601813940543,0.0017179857295673273,0.33542369780124953,0.5499412357035908,0.0005382561594403651,-1.411202221691741,1.0025309302532222,0.006027297548732653,-1.5593563526657757,0.5391043444328895,0.005257193028135615,-0.08403434945011327,0.5326371467010521,0.0015181596988450771,0.06963010994158235,0.5338715730548794,0.0011619727951575935,0.21866206682782055,0.9925777611667014,0.00194287133499466,0.2739566365307185,0.9730184763247163,0.0017581976525547465,0.004286270111602647,0.5233513432301198,0.0012979025844173156,0.012301915192569105,0.5170731214816896,0.0012626420257628253,0.25629582274451657,0.9613459625560831,0.001773123113136515,23.17714285714286,0.0,0.10002273052707719,0.30599443825875966,0.15457315804633348
0.342,0.0,0.0,-0.09585153789961703,1.0412255849536238,0.002839797208374916,-1.1740201319199797,0.4048721206684584,0.003940337544453939,0.050236776578654926,0.3968938952411383,0.0008656613900806714,-1.5418057162602943,1.0207076682748013,0.006413922408888533,-0.3185588552855981,0.39213268096863263,0.0017502067449869855,0.33620073981460513,0.553195325855683,0.0005444290701360836,-1.41398089009811,1.0084630659351936,0.006049163219067337,-1.5548828258458602,0.5422943109679952,0.005254126659084427,-0.09344985794709468,0.5357888457939577,0.0015495579881101772,0.07017054075710596,0.5370305764457366,0.0011685011662603856,0.22191920191653383,0.9984510023570368,0.0019494723388230406,0.27820932518606867,0.9787759821017855,0.0017620483639276675,0.004383991390165033,0.5264480967403571,0.001305404566571886,0.012592841320399619,0.5201327257508119,0.001269577026395607,0.2605357614360287,0.9670344002043438,0.0017768464436495681,23.314285714285717,0.0,0.10029186284347925,0.3064639719541602,0.15487334914164821
0.34400000000000003,0.0,0.0,-0.09701143359690681,1.047350441335704,0.0028580049480883027,-1.1767141812523163,0.4072537213782729,0.0039531846332456315,0.049835176068955794,0.399228565213145,0.0008724794715862252,-1.5386804731827284,1.026711831029359,0.006421293868224134,-0.32919401845014984,0.39443934379785994,0.001782495497708645,0.33696980038640206,0.5564494160077753,0.0005506216904829254,-1.4167239049505935,1.0143952016171656,0.006070940229288189,-1.5503527838804314,0.5454842775031011,0.005250917758372403,-0.10287231911883553,0.5389405448868634,0.0015809760070848952,0.07070377084762648,0.5401895798365939,0.00117504759769872,0.2252006962860211,1.0043242435473723,0.001956012604077096,0.28249753279816664,0.9845334878788549,0.0017658104067319654,0.004483498315797598,0.5295448502505945,0.0013129021471510738,0.012889160114697616,0.5231923300199344,0.001276498721748837,0.2648165773974556,0.9727228378526047,0.0017804676910414402,23.451428571428576,0.0,0.10056099515988132,0.30693350564956073,0.15517354023696295
0.34600000000000003,0.0,0.0,-0.09817280649621371,1.0534752977177841,0.0028762168282867274,-1.1793450043027816,0.40963532208808734,0.003965873758351009,0.04942459851457171,0.40156323518515163,0.0008793201477904896,-1.5354858323619667,1.0327159937839165,0.006428491167416612,-0.33985473297946406,0.39674600662708714,0.0018148500626930925,0.3377307809684187,0.5597035061598675,0.0005568342644336636,-1.4194310786689073,1.020327337299137,0.006092628105624327,-1.5457667259776093,0.548674244038207,0.005247567569796596,-0.11230079148367259,0.542092243979769,0.0016124114077465113,0.07122982486100894,0.5433485832274512,0.0011816120309495618,0.22850661254392168,1.0101974847377078,0.0019624919711292168,0.28682130868036293,0.9902909936559241,0.0017694836521443935,0.004584816158419707,0.5326416037608319,0.0013203952636125858,0.013190942600074843,0.5262519342890568,0.001283406935435898,0.2691383117353019,0.9784112755008655,0.0017839867452585246,23.58857142857143,0.0,0.10083012747628338,0.30740303934496127,0.15547373133227768
0.34800000000000003,0.0,0.0,-0.09933547661316433,1.0596001540998643,0.002894432401490195,-1.1819125638694385,0.4120169227979018,0.003978404817751709,0.0490051066197853,0.4038979051571584,0.0008861832666064667,-1.5322220606408905,1.0387201565384743,0.006435514972251102,-0.3505402218880898,0.3990526694563144,0.0018472685060894462,0.33848358205621876,0.5629575963119599,0.0005630670383588529,-1.4221022255738356,1.026259472981109,0.006114226379125041,-1.541125153000937,0.5518642105733128,0.0052440773413773055,-0.12173433137657566,0.5452439430726747,0.001643861836390868,0.0717487286877905,0.5465075866183084,0.0011881944043932488,0.2318370120498868,1.0160707259280433,0.0019689102834603038,0.29118069992719026,0.9960484994329936,0.0017730679768815766,0.004687970442203984,0.5357383572710693,0.0013278838527816242,0.013498260267969114,0.5293115385581793,0.001290301489895261,0.2735010026394185,0.9840997131491265,0.0017874035035345614,23.72571428571429,0.0,0.10109925979268544,0.3078725730403618,0.15577392242759242
0.35000000000000003,0.0,0.0,-0.10049926299993453,1.0657250104819445,0.002912651217737772,-1.1844168263392907,0.4143985235077163,0.003990777718442888,0.04857676496072981,0.40623257512916505,0.0008930686712734494,-1.528889425322307,1.0447243192930318,0.006442365949834806,-0.3612497048257585,0.40135933228554166,0.0018797488854340788,0.3392281032010289,0.5662116864640521,0.0005693202610195833,-1.4247371618596614,1.0321916086630807,0.006135734585592291,-1.536428567435661,0.5550541771084186,0.005240448325273389,-0.13117199303870392,0.5483956421655802,0.0016753249338553897,0.07226050946514935,0.5496665900091657,0.0011947946533034381,0.23519195491105796,1.0219439671183788,0.00197526738767123,0.295575751411627,1.0018060052100628,0.0017765632632071816,0.004792986946820535,0.5388351107813066,0.0013353678508477565,0.013811185073425308,0.5323711428273016,0.0012971822063983314,0.27790468538151214,0.9897881507973872,0.0017907178703949218,23.862857142857145,0.0,0.1013683921090875,0.30834210673576234,0.15607411352290715
0.352,0.0,0.0,-0.10166398377394124,1.0718498668640244,0.0029308728246598974,-1.186857761671834,0.41678012421753063,0.004002992376392053,0.04813963998753352,0.40856724510117165,0.0008999762003511046,-1.5254881941012264,1.0507284820475893,0.0064490447684247415,-0.37198239815833395,0.4036659951147688,0.0019122892498513184,0.33996424302260086,0.5694657766161442,0.0005755941835377882,-1.4273357055660343,1.0381237443450522,0.006157152265511784,-1.5316774733551677,0.5582441436435244,0.005236681777697963,-0.14061282870729727,0.5515473412584858,0.0017067983357429745,0.0727651955808214,0.5528255934000229,0.001201412709837184,0.2385714999776081,1.027817208308714,0.00198156313349414,0.3000065057824945,1.007563510987132,0.0017799693989387622,0.0048998917086745955,0.5419318642915439,0.0013428471933618086,0.01412978943179669,0.5354307470964239,0.0013040489050574965,0.2823493923138801,0.9954765884456478,0.001793929757660339,23.999999999999996,0.0,0.10163752442548957,0.3088116404311629,0.15637430461822188
0.354,0.0,0.0,-0.10282953170826009,1.0718498668640244,0.002933784626594914,-1.1892353178300359,0.4167801242175307,0.004009094714723412,0.047693752072486634,0.4085672451011717,0.0009010690127840955,-1.522018703786486,1.0507284820475895,0.006440541690372039,-0.3827374778687715,0.40366599511476886,0.0019391209831827571,0.340691813336493,0.5694657766161442,0.0005737538339838583,-1.429897738493235,1.0381237443450522,0.0061636486247777155,-1.526872371514865,0.5582441436435245,0.0052248040424967305,-0.1500559586608731,0.5515473412584858,0.0017304004249144578,0.07326285231456749,0.5528255934000229,0.0012001509945480037,0.24197561168438955,1.0278172083087143,0.0019731142708277654,0.30447285229810866,1.007563510987132,0.0017688925130115935,0.00500870946971128,0.541931864291544,0.0013425799314571738,0.01445414266114088,0.535430747096424,0.0013032523941615684,0.28683497765802024,0.995476588445648,0.0017828179903294197,24.0,0.0,0.10190665674189163,0.3092811741265634,0.15667449571353662
0.356,0.0,0.0,-0.10399587433137457,1.0718498668640244,0.0029366984964307114,-1.1915494207354713,0.4167801242175307,0.004015038605118916,0.04723907553477132,0.4085672451011717,0.0009021837325717128,-1.51848136030535,1.0507284820475895,0.0064318679645851895,-0.3935140796941368,0.40366599511476886,0.0019660086824588507,0.3414105392339285,0.5694657766161442,0.000571934908199128,-1.4324232060318032,1.0381237443450522,0.006170053707095717,-1.5220137592798624,0.5582441436435245,0.005212791287895974,-0.15950057139768134,0.5515473412584858,0.0017540082497983973,0.07375358181640125,0.5528255934000229,0.0011989068527136386,0.24540416007325613,1.0278172083087143,0.001964603991560812,0.30897452682813314,1.007563510987132,0.0017577266467225584,0.005119463678241685,0.541931864291544,0.0013423078870545817,0.014784310977214938,0.535430747096424,0.0013024415110882079,0.2913611175102648,0.995476588445648,0.0017716040269690695,24.0,0.0,0.10217578905829369,0.30975070782196396,0.15697468680885135
0.358,0.0,0.0,-0.10516297842914062,1.0718498668640244,0.002939614352988497,-1.1937999998006807,0.4167801242175307,0.004020823862382505,0.046775586616224954,0.4085672451011717,0.000903320423916001,-1.5148765698964641,1.0507284820475895,0.006423024605882348,-0.404311336438068,0.40366599511476886,0.0019929501870222643,0.34212014503929267,0.5694657766161442,0.0005701380934555392,-1.43491205509171,1.0381237443450522,0.006176367375942138,-1.517102135448264,0.5582441436435245,0.005200644757308467,-0.168945853821725,0.5515473412584858,0.001777619781640418,0.07423748745106036,0.5528255934000229,0.0011976800289590541,0.24885701396586984,1.0278172083087143,0.0019560326205886455,0.31351126302871035,1.007563510987132,0.0017464724603974968,0.0052321780414246385,0.541931864291544,0.001342031001533256,0.015120361039500159,0.535430747096424,0.0013016160902980228,0.29592748507088135,0.995476588445648,0.001760288677338458,24.0,0.0,0.10244492137469575,0.3102202415173645,0.15727487790416608
0.36,0.0,0.0,-0.1063308100607205,1.0718498668640244,0.0029425321132329125,-1.1959869879221554,0.4167801242175307,0.004026450310045528,0.04630326348734463,0.4085672451011717,0.0009044791462123669,-1.5112047390478907,1.0507284820475895,0.006414012629860134,-0.4151283780730817,0.40366599511476886,0.0020199433288820923,0.3428203543475093,0.5694657766161442,0.0005683640789421288,-1.4373642340613926,1.0381237443450522,0.006182589498591906,-1.5121380002304172,0.5582441436435245,0.005188365697729471,-0.17839099132438843,0.5515473412584858,0.001801232987700527,0.07471467379083085,0.5528255934000229,0.0011964702648724064,0.2523340409698278,1.0278172083087143,0.001947400485857111,0.31808279235956344,1.007563510987132,0.001735130619896054,0.005346876524938915,0.541931864291544,0.0013417492156252986,0.015462359941360785,0.535430747096424,0.0013007759651423095,0.30053375066949173,0.995476588445648,0.0017488727584369168,24.0,0.0,0.10271405369109782,0.31068977521276503,0.15757506899948082
0.362,0.0,0.0,-0.10749933457420653,1.0718498668640244,0.0029454516923118623,-1.1981103214733861,0.4167801242175307,0.004031917780349215,0.04582208625304854,0.4085672451011717,0.0009056599540345677,-1.5074662744366294,1.0507284820475895,0.006404833052738701,-0.4259643318435262,0.40366599511476886,0.0020469859329696268,0.34351089006253,0.5694657766161442,0.0005666135556715872,-1.4397796927664517,1.0381237443450522,0.006188719946016112,-1.5071218552283203,0.5582441436435245,0.005175955359684854,-0.18783516786624907,0.5515473412584858,0.0018248458314571855,0.07518524660827124,0.5528255934000229,0.0011952772990229802,0.2558351074848954,1.0278172083087143,0.0019387079183472162,0.32268884410123255,1.007563510987132,0.001723701796568921,0.005463583352648329,0.541931864291544,0.001341462469416513,0.015810375200125352,0.535430747096424,0.001299920967887658,0.30517958179071353,0.995476588445648,0.0017373570944403908,24.0,0.0,0.10298318600749988,0.31115930890816557,0.15787526009479555
0.364,0.0,0.0,-0.10866851662193319,1.0718498668640244,0.0029483730035955776,-1.2001699402979784,0.4167801242175307,0.004037226114227292,0.04533203695819294,0.4085672451011717,0.000906862897120308,-1.50366158286967,1.0507284820475895,0.006395486891210547,-0.43681832236912216,0.40366599511476886,0.0020740758173957378,0.3441914744369281,0.5694657766161442,0.0005648872163840355,-1.4421583824280313,1.0381237443450522,0.00619475859277876,-1.5020542034151945,0.5582441436435245,0.005163414997179612,-0.19727756605906052,0.5515473412584858,0.0018484562728118374,0.07564931286883651,0.5528255934000229,0.0011941008669793792,0.259360078709345,1.0278172083087143,0.001929955252059547,0.3273291453724455,1.007563510987132,0.0017121866672147484,0.005582323006259622,0.541931864291544,0.0013411707023472394,0.016164474747091765,0.535430747096424,0.0012990509297407466,0.30986464310002193,0.995476588445648,0.0017257425166373364,24.0,0.0,0.10325231832390194,0.3116288426035661,0.15817545119011028
0.366,0.0,0.0,-0.10983832017547644,1.0718498668640244,0.002951295958714894,-1.2021657877028296,0.4167801242175307,0.004042375161288773,0.044833099592843546,0.4085672451011717,0.000908088020357447,-1.499791071226621,1.0507284820475895,0.00638597516229315,-0.44768947174903373,0.40366599511476886,0.0021012107937097273,0.34486182911258706,0.5694657766161442,0.0005631857554480402,-1.444500255620894,1.0381237443450522,0.006200705316932709,-1.4969355491152116,0.5582441436435245,0.005150745867646798,-0.2067173672478952,0.5515473412584858,0.001872062268293866,0.07610698072340223,0.5528255934000229,0.001192940701327966,0.2629088186464013,1.0278172083087143,0.001921142823998423,0.33200342114762055,1.007563510987132,0.001700585914036716,0.005703120224973068,0.541931864291544,0.001340873853213211,0.016524726917457117,0.535430747096424,0.0012981656808733306,0.3145885964698298,0.995476588445648,0.0017140298633640653,24.0,0.0,0.103521450640304,0.31209837629896664,0.15847564228542502
0.368,0.0,0.0,-0.11100870854033908,1.0718498668640244,0.0029542204675987523,-1.2040978104513702,0.4167801242175307,0.0040473647798009,0.04432526009730026,0.4085672451011717,0.0009093353637708205,-1.4958551464039573,1.0507284820475895,0.006376298883185526,-0.45857689966641,0.40366599511476886,0.0021283886671595066,0.34552167516247373,0.5694657766161442,0.0005615098687588928,-1.4468052662312085,1.0381237443450522,0.006206559999914865,-1.4917663979833788,0.5582441436435245,0.0051379492318968404,-0.2161537515934343,0.5515473412584858,0.0018956617712659525,0.07655835950068854,0.5528255934000229,0.0011917965316915519,0.2664811901107928,1.0278172083087143,0.0019122709741557825,0.33671139427450064,1.007563510987132,0.0016889002245987783,0.005826000005125712,0.541931864291544,0.0013405718601664275,0.016891200440173372,0.535430747096424,0.0012972650504474174,0.3193511010057839,0.995476588445648,0.0017022199799395456,24.0,0.0,0.10379058295670607,0.3125679099943672,0.15877583338073975
0.37,0.0,0.0,-0.11217964437032125,1.0718498668640244,0.002957146438510909,-1.2059659587568687,0.4167801242175307,0.004052194836672253,0.043808506366874125,0.4085672451011717,0.0009106049625096786,-1.4918542152609324,1.0507284820475895,0.006366459071128867,-0.46947972349333683,0.40366599511476886,0.002155607236952947,0.3461707331334849,0.5694657766161442,0.0005598602536341761,-1.449073369414071,1.0381237443450522,0.0062123225264406525,-1.4865472569855738,0.5582441436435245,0.0051250263540672586,-0.22558589815439323,0.5515473412584858,0.0019192527321298003,0.07700355969958449,0.5528255934000229,0.001190668084748336,0.2700770547354096,1.0278172083087143,0.0019033400454948036,0.341452785491918,1.007563510987132,0.0016771302917815785,0.005950987599827179,0.541931864291544,0.001340264660716046,0.017263964427729966,0.535430747096424,0.0012963488666406268,0.3241518130732752,0.995476588445648,0.0016903137185996604,24.0,0.0,0.10405971527310813,0.3130374436897677,0.15907602447605448
0.372,0.0,0.0,-0.11335108968157519,1.0718498668640244,0.0029600737780858645,-1.2077701862757968,0.4167801242175307,0.004056865207435999,0.04328282825641547,0.4085672451011717,0.000911896846835744,-1.4877886845671922,1.0507284820475895,0.006356456743271305,-0.48039705839613916,0.40366599511476886,0.0021828642965202646,0.3468087230903555,0.5694657766161442,0.0005582376087066482,-1.451304521550772,1.0381237443450522,0.006217992784397808,-1.481278634378728,0.5582441436435245,0.005111978501572746,-0.23501298497006984,0.5515473412584858,0.0019428330985321977,0.07744269298137259,0.5528255934000229,0.001189555084251096,0.2736962729780679,1.0278172083087143,0.0018943503839332616,0.34622731344768753,1.007563510987132,0.0016652768137380347,0.00607810851858796,0.541931864291544,0.0013399521917292923,0.01764308836586444,0.535430747096424,0.0012954169566717353,0.3289903863241607,0.995476588445648,0.001678311938430932,24.0,0.0,0.10432884758951019,0.31350697738516825,0.15937621557136922
0.374,0.0,0.0,-0.11452300586634334,1.0718498668640244,0.002963002391363999,-1.209510450101258,0.4167801242175307,0.004061375776233319,0.042748217584592275,0.4085672451011717,0.0009132110421118905,-1.483658960952135,1.0507284820475895,0.006346292916536954,-0.49132801744097415,0.40366599511476886,0.00221015763377727,0.34743536466061536,0.5694657766161442,0.0005566426338144717,-1.453498680205833,1.0381237443450522,0.006223570664739561,-1.475961039691155,0.5582441436435245,0.005098806945055632,-0.2444341891430039,0.5515473412584858,0.001966400815571389,0.07787587216185377,0.5528255934000229,0.001188457251046626,0.27733870412838074,1.0278172083087143,0.001885302338326616,0.3510346947166281,1.007563510987132,0.001653340493848611,0.0062073885269401125,0.541931864291544,0.0013396343894323903,0.01802864210320217,0.535430747096424,0.0012944691468263988,0.33386647172369566,0.995476588445648,0.0016662155053037181,24.0,0.0,0.10459797990591226,0.3139765110805688,0.15967640666668395
0.376,0.0,0.0,-0.1156953537063794,1.0718498668640244,0.0029659321818259195,-1.211186710756476,0.4167801242175307,0.004065726435796972,0.04220466813791781,0.4085672451011717,0.0009145475687914485,-1.4794654508560534,1.0507284820475895,0.006335968607499312,-0.5022717116996532,0.40366599511476886,0.0022374850313893573,0.3480503770805815,0.5694657766161442,0.000555076029888822,-1.4556558040838257,1.0381237443450522,0.0062290560613772125,-1.470594983703017,0.5582441436435245,0.0050855129583366986,-0.253848686921735,0.5515473412584858,0.0019899538260037242,0.07830321120337282,0.5528255934000229,0.0011873743030954228,0.28100420631473527,1.0278172083087143,0.0018761962604508338,0.3558746438187105,1.007563510987132,0.0016413220406762596,0.006338853646050288,0.541931864291544,0.0013393111894115098,0.018420695840826316,0.535430747096424,0.0012935052624830545,0.3387797175776722,0.995476588445648,0.001654025291804881,24.0,0.0,0.10486711222231432,0.3144460447759693,0.15997659776199868
0.378,0.0,0.0,-0.11686809338605152,1.0718498668640244,0.0029688630514260097,-1.2127989321883443,0.4167801242175307,0.004069917087435017,0.041652175674526566,0.4085672451011717,0.0009159064424081348,-1.4752085604830993,1.0507284820475895,0.006325484832259107,-0.5132272503556343,0.40366599511476886,0.0022648442670360554,0.34865347924237144,0.5694657766161442,0.0005535384988389067,-1.4577758529859994,1.0381237443450522,0.0062344488710721945,-1.465180978426925,0.5582441436435245,0.005072097818366353,-0.2632556537836468,0.5515473412584858,0.0020134900704505522,0.07872482520674448,0.5528255934000229,0.0011863059554916252,0.28469263651137655,1.0278172083087143,0.0018670325049849473,0.3607468732373306,1.007563510987132,0.0016292221679210536,0.006472530152325035,0.541931864291544,0.0013389825266137345,0.018819320121779122,0.535430747096424,0.0012925251281389943,0.34372976955976436,0.995476588445648,0.0016417421771699396,24.0,0.0,0.10513624453871638,0.31491557847136986,0.16027678885731342
0.38,0.0,0.0,-0.1180411845051273,1.0718498668640244,0.0029717949006251897,-1.2143470817610345,0.4167801242175307,0.004073947641014687,0.041090737927697706,0.4085672451011717,0.0009172876735666129,-1.4708886957561047,1.0507284820475895,0.0063148426063267225,-0.5241937408101223,0.40366599511476886,0.002292233113676008,0.34924438974192284,0.5694657766161442,0.0005520307434344319,-1.4598587877667306,1.0381237443450522,0.00623974899332763,-1.4597195370886706,0.5582441436435245,0.005058562805176124,-0.27265426451788527,0.5515473412584858,0.0020370074876053315,0.07914083040308029,0.5528255934000229,0.001185251920483196,0.2884038505455977,1.0278172083087143,0.0018578114294933443,0.36565109343770746,1.007563510987132,0.0016170415943745032,0.006608444577008281,0.541931864291544,0.0013386483353480475,0.01922458582049562,0.535430747096424,0.0012915285674366124,0.34871627073907524,0.995476588445648,0.0016293670472147092,24.0,0.0,0.10540537685511844,0.3153851121667704,0.16057697995262815
0.382,0.0,0.0,-0.11921458609124017,1.0718498668640244,0.002974727628422879,-1.2158311302496627,0.4167801242175307,0.004077818014946413,0.04052035460912519,0.4085672451011717,0.000918691267933685,-1.4665062622732947,1.0507284820475895,0.006304042944509237,-0.5351702887882187,0.40366599511476886,0.002319649339812228,0.34982282692800365,0.5694657766161442,0.0005505534671855533,-1.4619045702898172,1.0381237443450522,0.006244956330279457,-1.4542111741080797,0.5582441436435245,0.005044909201830487,-0.28204369330833884,0.5515473412584858,0.0020605040144409275,0.07955134414551622,0.5528255934000229,0.0011842119074923566,0.2921377031050364,1.0278172083087143,0.0018485333944077914,0.3705870128854036,1.007563510987132,0.001604781043873561,0.006746623705770938,0.541931864291544,0.0013383085492863396,0.01963656413217095,0.535430747096424,0.001290515403189821,0.3537388616078855,0.995476588445648,0.001616900794266432,24.0,0.0,0.1056745091715205,0.31585464586217094,0.16087717104794289
0.384,0.0,0.0,-0.12038825661203685,1.0718498668640244,0.0029776611323881616,-1.2172510518340152,0.4167801242175307,0.004081528136167983,0.03994102741193374,0.4085672451011717,0.0009201172262301164,-1.462061665266928,1.0507284820475895,0.006293086860802211,-0.5461559984450608,0.40366599511476886,0.002347090709757469,0.3503885089521966,0.5694657766161442,0.0005491073742203513,-1.463913163384638,1.0381237443450522,0.006250070786587174,-1.4486564050799833,0.5582441436435245,0.005031138294379011,-0.29142311381666736,0.5515473412584858,0.002083977586417062,0.07995648490084149,0.5528255934000229,0.0011831856231362668,0.2958940477450775,1.0278172083087143,0.0018391987630091947,0.3755543380649679,1.007563510987132,0.0015924412452543208,0.0068870945782925595,0.541931864291544,0.0013379631014644327,0.020055326562062326,0.535430747096424,0.0012894854574106327,0.3587971801096002,0.995476588445648,0.0016043443170944065,24.0,0.0,0.10594364148792257,0.31632417955757147,0.16117736214325762
0.386,0.0,0.0,-0.12156215398700569,1.0718498668640244,0.0029805953086901532,-1.2186068240923296,0.4167801242175307,0.004085077940128865,0.039352760013439986,0.4085672451011717,0.0009215655442230949,-1.4575553095638931,1.0507284820475895,0.006281975368286294,-0.5571499724718899,0.40366599511476886,0.0023745549838995743,0.3509411538198411,0.5694657766161442,0.000547693169159869,-1.4658845308021973,1.0381237443450522,0.0062550922693242255,-1.4430557467553005,0.5582441436435245,0.00501725137180877,-0.30079169926536853,0.5515473412584858,0.0021074261376878827,0.08035637224102841,0.5528255934000229,0.0011821727712479535,0.29967273689636165,1.0278172083087143,0.0018298079014090918,0.38055277349869937,1.007563510987132,0.00158002293230541,0.007029884487834975,0.541931864291544,0.0013376119242831288,0.02048094491472688,0.535430747096424,0.0012884385513359043,0.36389086166689216,0.995476588445648,0.0015916985208401196,24.0,0.0,0.10621277380432463,0.316793713252972,0.16147755323857235
0.388,0.0,0.0,-0.12273623559898571,1.0718498668640244,0.0029835300521275756,-1.2198984279951328,0.4167801242175307,0.004088467370774651,0.038755558077658035,0.4085672451011717,0.0009230362127193293,-1.452987599548292,1.0507284820475895,0.006270709479028707,-0.5681513122019909,0.40366599511476886,0.002402039918966647,0.35148047944191524,0.5694657766161442,0.0005463115569907577,-1.4678186371710757,1.0381237443450522,0.006260020687868124,-1.437409717022226,0.5582441436435245,0.005003249725997062,-0.31014862252086844,0.5515473412584858,0.0021308476013096357,0.08075112683466355,0.5528255934000229,0.0011811730528974863,0.3034736218723999,1.0278172083087143,0.0018203611785308816,0.38558202176553,1.007563510987132,0.0015675268437210816,0.0071750209808078445,0.541931864291544,0.0013372549495092728,0.02091349128319646,0.535430747096424,0.001287374505454243,0.3690195392100387,0.995476588445648,0.0015789643169468897,24.0,0.0,0.1064819061207267,0.31726324694837255,0.16177774433388709
0.39,0.0,0.0,-0.1239104583053562,1.0718498668640244,0.002986465256157525,-1.221125847899134,0.4167801242175307,0.004091696380531659,0.03814942925754884,0.4085672451011717,0.0009245292175587842,-1.448358939126039,1.0507284820475895,0.006259290203989703,-0.5791591177164446,0.40366599511476886,0.0024295432682918993,0.35200620368783897,0.5694657766161442,0.0005449632429355724,-1.4697154479533097,1.0381237443450522,0.006264855953790321,-1.4317188348875143,0.5582441436435245,0.004989134651664376,-0.31949305617662466,0.5515473412584858,0.0021542399094483856,0.08114087043828043,0.5528255934000229,0.0011801861664133984,0.30729655287729374,1.0278172083087143,0.001810858966090786,0.3906417835200267,1.007563510987132,0.0015549537230540049,0.007322531856326061,0.541931864291544,0.0013368921082768407,0.021353038038090556,0.535430747096424,0.0012862931395330691,0.3741828432054508,0.995476588445648,0.0015661426230890233,24.0,0.0,0.10675103843712876,0.3177327806437731,0.16207793542920182
0.392,0.0,0.0,-0.12508477844890706,1.0718498668640244,0.0029894008129234518,-1.222289071541172,0.4167801242175307,0.004094764930291662,0.03753438319701273,0.4085672451011717,0.0009260445396090572,-1.443669731691503,1.0507284820475895,0.006247718552934072,-0.5901724879496357,0.40366599511476886,0.0024570627820780337,0.35251804443918067,0.5694657766161442,0.000543648932320763,-1.4715749294002196,1.0381237443450522,0.006269597980745905,-1.4259836204578547,0.5582441436435245,0.004974907446327597,-0.328824172636229,0.5515473412584858,0.002177600993587776,0.08152572588759376,0.5528255934000229,0.0011792118074043562,0.31114137901356054,1.0278172083087143,0.0018013016385785513,0.3957317575115102,1.007563510987132,0.0015423043186677632,0.00747244516575893,0.541931864291544,0.001336523331088045,0.021799657816668518,0.535430747096424,0.0012851942726458338,0.37938040168439097,0.995476588445648,0.001553234363100493,24.0,0.0,0.10702017075353082,0.3182023143391736,0.16237812652451655
0.394,0.0,0.0,-0.12625915186838962,1.0718498668640244,0.002992336613282329,-1.223388090032215,0.4167801242175307,0.0040976729893967565,0.036910431532624556,0.4085672451011717,0.0009275821547603975,-1.4389203800962143,1.0507284820475895,0.006235995534347731,-0.6011905207944602,0.40366599511476886,0.0024845962076610116,0.3530157196442471,0.5694657766161442,0.0005423693304424088,-1.4733970485082106,1.0381237443450522,0.00627424668436318,-1.4202045949213271,0.5582441436435245,0.004960569410253448,-0.33814114419649766,0.5515473412584858,0.002200928784736787,0.08190581708863552,0.5528255934000229,0.001178249668781073,0.31500794829006423,1.0278172083087143,0.0017916895732378844,0.4008516406032904,1.007563510987132,0.0015295793836890541,0.007624789212271088,0.541931864291544,0.0013361485478144627,0.022253423511822194,0.535430747096424,0.0012840777231993888,0.38461184027187867,0.995476588445648,0.001540240466903143,24.0,0.0,0.10728930306993288,0.31867184803457416,0.1626783176198313
0.396,0.0,0.0,-0.12743353390874843,1.0718498668640244,0.002995272546831035,-1.2244228978514136,0.4167801242175307,0.004100420535624364,0.03627758789511088,0.4085672451011717,0.0009291420339213679,-1.4341112866196604,1.0507284820475895,0.0062241221553595094,-0.6122123132071751,0.40366599511476886,0.0025121412897730726,0.3534989473735371,0.5694657766161442,0.0005411251424297426,-1.4751817729745669,1.0381237443450522,0.0062788019821331574,-1.4143822805289337,0.5582441436435245,0.004946121846412129,-0.347443143130537,0.5515473412584858,0.0022242212136374586,0.08228126900879305,0.5528255934000229,0.0011772994407784686,0.31889610763005066,1.0278172083087143,0.001782023150046625,0.406001127792017,1.007563510987132,0.0015167796759596036,0.00777959255035506,0.541931864291544,0.0013357676876981825,0.02271440826101019,0.535430747096424,0.0012829433089615045,0.38987678221578004,0.995476588445648,0.0015271618704344233,24.0,0.0,0.10755843538633494,0.3191413817299747,0.16297850871514602
0.398,0.0,0.0,-0.12860787943103363,1.0718498668640244,0.0029982085019319323,-1.2253934928402055,0.4167801242175307,0.004103007555172361,0.03563586791056877,0.4085672451011717,0.0009307241430151521,-1.4292428529421926,1.0507284820475895,0.0062120994216681245,-0.6232369613118383,0.40366599511476886,0.0025396957708048594,0.3539674458760385,0.5694657766161442,0.0005399170731065177,-1.476929071153262,1.0381237443450522,0.006283263793299048,-1.408517200576195,0.5582441436435245,0.004931566060431145,-0.3567293417707718,0.5515473412584858,0.002247476210972557,0.08265220766774914,0.5528255934000229,0.0011763608109780746,0.3228057028792873,1.0278172083087143,0.0017723027516966588,0.4111799122271436,1.007563510987132,0.0015039059579877872,0.007936883985355435,0.541931864291544,0.0013353806793529725,0.023182685435134905,0.535430747096424,0.0012817908470885344,0.39517484841607997,0.995476588445648,0.00151399951557467,24.0,0.0,0.107827567702737,0.31961091542537523,0.16327869981046075
0.4,0.0,0.0,-0.1297821428219947,1.0718498668640244,0.0030011443657376453,-1.2262998761964696,0.4167801242175307,0.00410543404264434,0.03498528920142563,0.4085672451011717,0.0009323284429765073,-1.4243154801200588,1.0507284820475895,0.006199928337474455,-0.6342635605042841,0.40366599511476886,0.0025672573910665176,0.35442093363634775,0.5694657766161442,0.0005387458268502641,-1.4786389120108108,1.0381237443450522,0.006287632038745786,-1.4026098793848032,0.5582441436435245,0.004916903360549298,-0.36599891259192463,0.5515473412584858,0.002270691707573144,0.08301876012832458,0.5528255934000229,0.0011754334643306844,0.3267365788143069,1.0278172083087143,0.0017625287635735676,0.4163876852305051,1.007563510987132,0.001490958996899971,0.008096692572984574,0.541931864291544,0.0013349874507654715,0.023658328627363515,0.535430747096424,0.0012806201541532228,0.4005056574543342,0.995476588445648,0.0015007543500739201,24.0,0.0,0.10809670001913907,0.32008044912077577,0.1635788909057755
0.402,0.0,0.0,-0.13095627800335544,1.0718498668640244,0.003004080024215048,-1.2271420524687306,0.4167801242175307,0.004107700001035001,0.03432587138713982,0.4085672451011717,0.0009339548897493652,-1.419329568562582,1.0507284820475895,0.00618760990541912,-0.6452912055555823,0.40366599511476886,0.002594823889047633,0.35485912943259035,0.5694657766161442,0.0005376121074494911,-1.480311265082181,1.0381237443450522,0.006291906640889657,-1.396660842284323,0.5582441436435245,0.004902135057570819,-0.3752510282939333,0.5515473412584858,0.002293865634626026,0.08338105448722326,0.5528255934000229,0.0011745170831792457,0.3306885791507551,1.0278172083087143,0.0017527015737360185,0.42162413631600687,1.007563510987132,0.0014779395643915673,0.008259047618829807,0.541931864291544,0.0013345879292963987,0.0241414116418941,0.535430747096424,0.0012794310461726514,0.4058688256232988,0.995476588445648,0.0014874273274782847,24.0,0.0,0.10836583233554113,0.3205499828161763,0.16387908200109022
0.404,0.0,0.0,-0.13213023844077038,1.0718498668640244,0.0030070153621684498,-1.2279200295504116,0.4167801242175307,0.004109805441715653,0.03365763608464152,0.4085672451011717,0.0009356034342850797,-1.4142855180114957,1.0507284820475895,0.006175145126525429,-0.6563189907149295,0.40366599511476886,0.002622393001675878,0.35528175239512033,0.5694657766161442,0.0005365166179588846,-1.481946100426794,1.0381237443450522,0.0062960875235680835,-1.390670615593931,0.5582441436435245,0.004887262464819618,-0.38448486188479525,0.5515473412584858,0.0023169959238810477,0.08373921986567982,0.5528255934000229,0.0011736113472819991,0.3346615465518409,1.0278172083087143,0.0017428215728948978,0.42688895320942427,1.007563510987132,0.0014648484366778125,0.008423978677852053,0.541931864291544,0.0013341820416817858,0.02463200848266809,0.535430747096424,0.001278223338636325,0.41126396695673484,0.995476588445648,0.0014740194070558732,24.0,0.0,0.1086349646519432,0.32101951651157684,0.16417927309640495
0.406,0.0,0.0,-0.13330397715246348,1.0718498668640244,0.003009950263261987,-1.2286338186741346,0.4167801242175307,0.004111750384419855,0.03298060690851359,0.4085672451011717,0.0009372740225413256,-1.409183727522451,1.0507284820475895,0.006162535000147713,-0.6673460098119255,0.40366599511476886,0.002649962464574246,0.35568852206597695,0.5694657766161442,0.0005354600605525596,-1.4835433885846314,1.0381237443450522,0.006300174611929616,-1.3846397266041839,0.5582441436435245,0.0048722868980936385,-0.3936995867633258,0.5515473412584858,0.0023400805078582026,0.08409338640001048,0.5528255934000229,0.0011727159338358578,0.3386553226368897,1.0278172083087143,0.0017328891543921835,0.4321818218683121,1.007563510987132,0.0014516863944442693,0.008591515553875821,0.541931864291544,0.00133376971403423,0.025130193342030253,0.535430747096424,0.0012769968465343898,0.41669069325938574,0.995476588445648,0.001460531553722283,24.0,0.0,0.10890409696834526,0.3214890502069774,0.1644794641917197
0.40800000000000003,0.0,0.0,-0.13447744671754877,1.0718498668640244,0.0030128846100412198,-1.2292834344060677,0.4167801242175307,0.004113534857229163,0.032294809470912116,0.4085672451011717,0.0009389665954816454,-1.4040245954487032,1.0507284820475895,0.006149780523925102,-0.6783713563581845,0.40366599511476886,0.0026775300123167358,0.356079158459075,0.5694657766161442,0.000534443136375418,-1.4851031005324782,1.0381237443450522,0.006304167832324209,-1.3785687035588043,0.5582441436435245,0.004857209675619271,-0.40289437680181894,0.5515473412584858,0.002363117320054529,0.08444368523206683,0.5528255934000229,0.0011718305175000311,0.342669747989999,1.0278172083087143,0.0017229047141795616,0.43750242650202237,1.007563510987132,0.0014384542227970495,0.008761688299070534,0.541931864291544,0.0013333508718441705,0.025636040589337356,0.535430747096424,0.0012757513843859845,0.4221486141371248,0.995476588445648,0.0014469647379656558,24.0,0.0,0.10917322928474732,0.3219585839023779,0.16477965528703442
0.41000000000000003,0.0,0.0,-0.13565059928403386,1.0718498668640244,0.003015818283953933,-1.2298688946403182,0.4167801242175307,0.004115158896558996,0.031600271381226314,0.4085672451011717,0.0009406810890756489,-1.3988085194269857,1.0507284820475895,0.006136882693740732,-0.6893941236482357,0.40366599511476886,0.002705093378682383,0.35645338212110655,0.5694657766161442,0.0005334665453926729,-1.48662520764032,1.0381237443450522,0.006308067112193826,-1.3724580756364766,0.5582441436435245,0.004842032118005823,-0.41206840642859865,0.5515473412584858,0.002386104295150762,0.0847902484995931,0.5528255934000229,0.0011709547704198903,0.34670466216879503,1.0278172083087143,0.0017128686507967884,0.44285044959182945,1.007563510987132,0.0014251527112127738,0.008934527213423112,0.541931864291544,0.0013329254399811839,0.02614962475951678,0.535430747096424,0.0012744867662677168,0.42763733702727047,0.995476588445648,0.001433319935771308,24.0,0.0,0.10944236160114938,0.32242811759777845,0.16507984638234915
0.41200000000000003,0.0,0.0,-0.13682338657650644,1.0718498668640244,0.0030187511653701456,-1.2303902205933712,0.4167801242175307,0.0041166225471446225,0.030897022245477652,0.4085672451011717,0.0009424174342998634,-1.3935358963655777,1.0507284820475895,0.006123842503686439,-0.7004134048596697,0.40366599511476886,0.0027326502969075117,0.3568109141931296,0.5694657766161442,0.000532530986237594,-1.4881096816279225,1.0381237443450522,0.00631187237996343,-1.3663083729326388,0.5582441436435245,0.004826755548200002,-0.4212208507104484,0.5515473412584858,0.002409039369217711,0.085133209326487,0.5528255934000229,0.0011700883622510745,0.3507599037132908,1.0278172083087143,0.0017027813653497982,0.44822557191116164,1.007563510987132,0.001411782653488256,0.009110062844201794,0.541931864291544,0.0013324933426953024,0.026671020541576246,0.535430747096424,0.001273202805842268,0.43315646722906703,0.995476588445648,0.0014195981285459439,24.0,0.0,0.10971149391755144,0.322897651293179,0.1653800374776639
0.41400000000000003,0.0,0.0,-0.1379957599035044,1.0718498668640244,0.0030216831336013273,-1.230847436798571,0.4167801242175307,0.004117925862027255,0.03018509366545795,0.4085672451011717,0.0009441755571392353,-1.388207122434566,1.0507284820475895,0.006110660946032917,-0.7114282931524859,0.40366599511476886,0.002760198499936096,0.35715147647282053,0.5694657766161442,0.0005316371560575364,-1.4895564945216158,1.0381237443450522,0.006315583564932436,-1.3601201264412626,0.5582441436435245,0.004811381291440409,-0.43035088543490785,0.5515473412584858,0.0024319204799223356,0.08547270181296442,0.5528255934000229,0.0011692309601838398,0.3548353101548443,1.0278172083087143,0.0016926432614885586,0.4536274725459379,1.007563510987132,0.0013983448476899258,0.009288325985411116,0.541931864291544,0.0013320545036183556,0.02720030276706589,0.535430747096424,0.0012718993163871196,0.43870560793432806,0.995476588445648,0.0014058003030414524,24.0,0.0,0.10998062623395351,0.3233671849885795,0.16568022857297862
0.41600000000000004,0.0,0.0,-0.13916767016456982,1.0718498668640244,0.003024614066918822,-1.2312405711006458,0.4167801242175307,0.0041190689025402535,0.029464519237606276,0.4085672451011717,0.0009459553785892843,-1.382822593058303,1.0507284820475895,0.006097339011205389,-0.7224378817676008,0.40366599511476886,0.002787735720668137,0.3574747914773654,0.5694657766161442,0.0005307857503583091,-1.4909656186113063,1.0381237443450522,0.00631920059716667,-1.3538938680366086,0.5582441436435245,0.0047959106752119675,-0.43945768719242423,0.5515473412584858,0.0024547455667334843,0.08580886102562814,0.5528255934000229,0.0011683822289676462,0.35893071802521664,1.0278172083087143,0.001682454745384675,0.45905582891500896,1.007563510987132,0.001384840096102985,0.00946934767723803,0.541931864291544,0.0013316088457653325,0.027737546398493868,0.535430747096424,0.0012705761108233954,0.4442843602582401,0.995476588445648,0.0013919274512782997,24.0,0.0,0.11024975855035557,0.32383671868398006,0.16598041966829336
0.418,0.0,0.0,-0.1403390678569875,1.0718498668640244,0.003027543842571486,-1.2315696546502772,0.4167801242175307,0.004120051738295441,0.028735334551624584,0.4085672451011717,0.0009477568146589136,-1.3773827029100585,1.0507284820475895,0.006083877687764732,-0.7334412641244781,0.40366599511476886,0.002815259692205924,0.35778058250696576,0.5694657766161442,0.000529977462846947,-1.492337026407744,1.0381237443450522,0.006322723407390896,-1.347630130454947,0.5582441436435245,0.004780345029200332,-0.44854043345834754,0.5515473412584858,0.002477512571127275,0.08614182298744104,0.5528255934000229,0.001167541830935987,0.3630459628657289,1.0278172083087143,0.0016722162257087443,0.4645103167907016,1.007563510987132,0.0013712692051803075,0.009653159205489101,0.541931864291544,0.001331156291535765,0.028282826517696768,0.535430747096424,0.0012692330017448252,0.4498923232703244,0.995476588445648,0.00137798057046852,24.0,0.0,0.11051889086675763,0.3243062523793806,0.1662806107636081
0.42,0.0,0.0,-0.14150990308220848,1.0718498668640244,0.00303047233680253,-1.2318347218987078,0.41678012421753063,0.004120874447169519,0.027997577188831946,0.40856724510117165,0.0009495797763738677,-1.371887845908861,1.0507284820475893,0.00607027796239412,-0.7444375339178414,0.4036659951147688,0.002842768148098117,0.3580685737089342,0.5694657766161442,0.0005292129852729461,-1.4936706906000652,1.0381237443450522,0.006326151926881991,-1.3413294472762303,0.5582441436435244,0.004764685685246179,-0.4575983026747577,0.5515473412584858,0.002500219436792083,0.08647172466760376,0.5528255934000229,0.0011667094260314546,0.3671808792365172,1.027817208308714,0.0016619281136074629,0.46999061031946465,1.007563510987132,0.0013576329854910758,0.009839792101018733,0.5419318642915439,0.001330696762715137,0.028836218314165992,0.5354307470964239,0.001267869801446818,0.4555290940255539,0.9954765884456478,0.0013639606629383084,23.999999999999996,0.0,0.1107880231831597,0.32477578607478114,0.16658080185892282
0.422,0.0,0.0,-0.14268012555195905,1.0718498668640244,0.0030333994248655824,-1.232035810592391,0.4167801242175307,0.004121537115290596,0.027251286720257378,0.4085672451011717,0.0009514241697808494,-1.3663384152185205,1.0507284820475895,0.006056540819891126,-0.7554257852134361,0.40366599511476886,0.0028702588225815256,0.3583384901423535,0.5694657766161442,0.0005284930072680249,-1.494966584013637,1.0381237443450522,0.006329486087362794,-1.3349923529057084,0.5582441436435245,0.004748933977299387,-0.46663047433211235,0.5515473412584858,0.002522864109833109,0.08679870397133728,0.5528255934000229,0.0011658846718310479,0.3713353007258858,1.0278172083087143,0.0016515908226804926,0.4754963820426167,1.007563510987132,0.0013439322516691683,0.010029278139148405,0.541931864291544,0.0013302301804763133,0.029397797073331393,0.535430747096424,0.0012664863219556451,0.46119426759562265,0.995476588445648,0.0013498687360502355,24.0,0.0,0.11105715549956176,0.3252453197701817,0.16688099295423756
0.424,0.0,0.0,-0.14384968459403583,1.0718498668640244,0.0030363249810399584,-1.2321729617676813,0.4167801242175307,0.004122039837024804,0.02649650470447122,0.4085672451011717,0.0009532898959522858,-1.3607348032488245,1.0507284820475895,0.006042667243165275,-0.7664051125428042,0.40366599511476886,0.002897729450820512,0.3585900578432749,0.5694657766161442,0.0005278182161844767,-1.4962246795682288,1.0381237443450522,0.006332725820896723,-1.3286193825554724,0.5582441436435245,0.004733091241373082,-0.47563612905070396,0.5515473412584858,0.002545444538976496,0.08712289972957067,0.5528255934000229,0.0011650672235717142,0.37550905995975614,1.0278172083087143,0.0016412047689570715,0.48102730291719326,1.007563510987132,0.0013301678223612882,0.010221649339076863,0.541931864291544,0.001329756465380989,0.02996763816480336,0.535430747096424,0.0012650823750577317,0.4668874371003659,0.995476588445648,0.0013357058021250634,24.0,0.0,0.11132628781596382,0.3257148534655822,0.1671811840495523
0.426,0.0,0.0,-0.14501852915778743,1.0718498668640244,0.0030392488786451506,-1.2322462197455635,0.41678012421753063,0.00412238271496303,0.0257332746851551,0.40856724510117165,0.0009551768509917511,-1.355077401658894,1.0507284820475893,0.006028658213241034,-0.7773746109970429,0.4036659951147688,0.0029251777691439323,0.35882300389042837,0.5694657766161442,0.0005271892969321731,-1.4974449502365328,1.0381237443450522,0.0063358710597832026,-1.3222110722259157,0.5582441436435244,0.004717158815497492,-0.4846144486619154,0.5515473412584858,0.0025679586757729744,0.08744445168853425,0.5528255934000229,0.0011642567341761307,0.3797019886112123,1.027817208308714,0.0016307703708723948,0.48658304233689353,1.007563510987132,0.0013163405201748468,0.010416937963281218,0.5419318642915439,0.0013292755373811678,0.030545817030574605,0.5354307470964239,0.0012636577723290513,0.47260819373932766,0.9954765884456478,0.0013214728783632046,23.999999999999996,0.0,0.11159542013236588,0.32618438716098275,0.16748137514486702
0.428,0.0,0.0,-0.1461866078192833,1.0718498668640244,0.0030421709900545295,-1.2322556321264186,0.4167801242175307,0.004122565859907735,0.02496164218841052,0.4085672451011717,0.0009570849260400416,-1.3493666013626882,1.0507284820475895,0.006014514709266209,-0.7883333763195141,0.40366599511476886,0.0029526015152795296,0.35903705647141965,0.5694657766161442,0.0005266069318142895,-1.498627369003059,1.0381237443450522,0.006338921736453962,-1.3157679586871014,0.5582441436435245,0.0047011380396736,-0.49356461628926246,0.5515473412584858,0.002590404474801003,0.08776350049925845,0.5528255934000229,0.0011634528542787217,0.383913917410141,1.0278172083087143,0.001620288049243755,0.4921632681531247,1.007563510987132,0.001302451171625596,0.010615176516908941,0.541931864291544,0.001328787315820657,0.031132409173182895,0.535430747096424,0.0012622123251646237,0.47835612682347334,0.995476588445648,0.001307170986765801,24.0,0.0,0.11186455244876795,0.3266539208563833,0.16778156624018176
0.43,0.0,0.0,-0.14735386878617035,1.0718498668640244,0.0030450911867082693,-1.23220124978483,0.4167801242175307,0.004122589390859873,0.024181654719806208,0.4085672451011717,0.000959014007281903,-1.343602792536635,1.0507284820475895,0.006000237708525694,-0.7992805049974804,0.40366599511476886,0.0029799984285857075,0.35923194494938704,0.5694657766161442,0.0005260718003618114,-1.4997719088234274,1.0381237443450522,0.006341877783370278,-1.3092905794600207,0.5582441436435245,0.0046850302558265645,-0.5024858164292132,0.5515473412584858,0.002612779893869371,0.08808018770697872,0.5528255934000229,0.0011626552322519111,0.3881446761529661,1.0278172083087143,0.001609758227246433,0.4977676466961436,1.007563510987132,0.001288500607085018,0.010816397747160695,0.541931864291544,0.0013282917194365879,0.03172749014383596,0.535430747096424,0.0012607458448081028,0.48413082380704486,0.995476588445648,0.001292801154055437,24.0,0.0,0.11213368476517001,0.3271234545517838,0.1680817573354965
0.432,0.0,0.0,-0.14852025990221787,1.0718498668640244,0.003048009339125487,-1.2320831268644248,0.41678012421753063,0.004122453435005902,0.023393361761164296,0.40856724510117165,0.0009609639759534136,-1.3377863646293753,1.0507284820475893,0.00598582818646056,-0.8102150943526385,0.4036659951147688,0.003007366250280623,0.35940739993009124,0.5694657766161442,0.0005255845791668929,-1.5008785425840845,1.0381237443450522,0.006344739132921199,-1.3027794727977327,0.5582441436435244,0.004668836807758862,-0.5113772350317721,0.5515473412584858,0.0026350828942192472,0.08839465574044673,0.5528255934000229,0.0011618635142326104,0.3923940937124757,1.027817208308714,0.0015991813303893698,0.503395842796294,1.007563510987132,0.001274489660727471,0.011020634642663975,0.5419318642915439,0.001327788666360958,0.03233113553049987,0.5354307470964239,0.00125925814238147,0.4899318703195559,0.9954765884456478,0.0012783644115965072,23.999999999999996,0.0,0.11240281708157207,0.32759298824718436,0.16838194843081122
0.434,0.0,0.0,-0.14968572865155158,1.0718498668640244,0.003050925316915606,-1.231901320772752,0.4167801242175307,0.004122158127704888,0.022596814767085523,0.4085672451011717,0.0009629347083500185,-1.3319177063735934,1.0507284820475895,0.005971287116692412,-0.8211362426305289,0.40366599511476886,0.0030347027236685186,0.35956315332941147,0.5694657766161442,0.0005251459417151323,-1.5019472430624639,1.0381237443450522,0.0063475057173228416,-1.2962351776663705,0.5582441436435245,0.004652559041103142,-0.5202380595808201,0.5515473412584858,0.002657311440725645,0.0887070479011483,0.5528255934000229,0.0011610773441489404,0.3966619980477417,1.0278172083087143,0.0015885577864905964,0.5090475198053395,1.007563510987132,0.0012604191704770947,0.011227920432837546,0.541931864291544,0.0013272780741222002,0.03294342094595203,0.535430747096424,0.0012577490289148105,0.495758850197924,0.995476588445648,0.0012638617953152304,24.0,0.0,0.11267194939797413,0.3280625219425849,0.16868213952612596
0.436,0.0,0.0,-0.15085022216257699,1.0718498668640244,0.00305383898878894,-1.2316558921761969,0.4167801242175307,0.0041217036124757064,0.02179206716121365,0.4085672451011717,0.0009649260758352155,-1.3259972057999119,1.0507284820475895,0.005956615471052957,-0.8320430490887979,0.40366599511476886,0.003062005594363244,0.3596989384412203,0.5694657766161442,0.0005247565582168317,-1.5029779828876166,1.0381237443450522,0.00635017746851879,-1.2896582337260039,0.5582441436435245,0.004636198303274738,-0.5290674791741985,0.5515473412584858,0.002679463502098265,0.08901750835242819,0.5528255934000229,0.0011602963637471866,0.40094821621413057,1.0278172083087143,0.0015778880256524313,0.5147223396178897,1.007563510987132,0.001246289977954481,0.011438288587246602,0.541931864291544,0.0013267598596467662,0.033564422015800205,0.535430747096424,0.00125621831537618,0.5016113455187381,0.995476588445648,0.00124929434561931,24.0,0.0,0.1129410817143762,0.32853205563798543,0.1689823306214407
0.438,0.0,0.0,-0.15201368721159325,1.0718498668640244,0.0030567502225665034,-1.2313469049949288,0.41678012421753063,0.004121090040984319,0.0209791743322393,0.40856724510117165,0.0009669379448498951,-1.3200252502528234,1.0507284820475893,0.005941814219618753,-0.8429346140842944,0.4036659951147688,0.003089272610508917,0.35981449000561005,0.5694657766161442,0.0005244170954373096,-1.5039707345013362,1.0381237443450522,0.0063527543180816725,-1.2830491813113412,0.5582441436435244,0.0046197559434238205,-0.5378646846035267,0.5515473412584858,0.0027015370510817104,0.08932618210852226,0.5528255934000229,0.001159520212618987,0.4052525743734036,1.027817208308714,0.0015671724802364586,0.5204199626929206,1.007563510987132,0.0012321029284231056,0.011651772814948669,0.5419318642915439,0.0013262339392607434,0.03419421436646866,0.5354307470964239,0.0012546658127015591,0.5074889366306572,0.9954765884456478,0.0012346631073172742,23.999999999999996,0.0,0.11321021403077826,0.32900158933338597,0.16928252171675542
0.44,0.0,0.0,-0.15317607022609767,1.0718498668640244,0.003059658885189044,-1.2309744263978855,0.4167801242175307,0.004120317573031149,0.020158193629643512,0.4085672451011717,0.000968970176922331,-1.3140022264086308,1.0507284820475895,0.005926884330751032,-0.8538100391589817,0.40366599511476886,0.003116501522997658,0.35990954427744287,0.5694657766161442,0.0005241282165263353,-1.5049254701197987,1.0381237443450522,0.006355236197115971,-1.2764085614122624,0.5582441436435245,0.004603233312387164,-0.5466288684337447,0.5515473412584858,0.002723530064655031,0.08963321502349732,0.5528255934000229,0.0011587485282287516,0.4095748978039069,1.0278172083087143,0.0015564115848382765,0.5261400480753853,1.007563510987132,0.0012178588707355284,0.011868407063830189,0.541931864291544,0.0013257002286914885,0.03483287361315285,0.535430747096424,0.0012530913318248885,0.5133912021869395,0.995476588445648,0.001219969129537477,24.0,0.0,0.11347934634718032,0.3294711230287865,0.16958271281207016
0.442,0.0,0.0,-0.15433731728778174,1.0718498668640244,0.003062564842725305,-1.2305385267977895,0.4167801242175307,0.00411938637653854,0.019329184359181285,0.4085672451011717,0.0009710226286788206,-1.307928520295364,1.0507284820475895,0.005911826771140552,-0.8646684271246506,0.40366599511476886,0.0031436900856843765,0.3599838390951965,0.5694657766161442,0.0005238905808467532,-1.5058421616957434,1.0381237443450522,0.006357623036162128,-1.269736915654167,0.5582441436435245,0.004586631762639467,-0.555359225082369,0.5515473412584858,0.0027454405242305765,0.08993875378009882,0.5528255934000229,0.001157980945941314,0.4139150109108484,1.0278172083087143,0.0015456057762620184,0.5318822534179177,1.007563510987132,0.0012035586572793665,0.012088225519933765,0.541931864291544,0.0013251586430692848,0.035480475347743734,0.535430747096424,0.001251494683708178,0.5193177191780971,0.995476588445648,0.0012052134656467715,24.0,0.0,0.11374847866358238,0.32994065672418704,0.1698829039073849
0.444,0.0,0.0,-0.1554973741352195,1.0718498668640244,0.0030654679603795156,-1.2300392798461992,0.41678012421753063,0.0041182966275383,0.018492207778105417,0.40856724510117165,0.000973095151854976,-1.3018045173146375,1.0507284820475893,0.0058966425058573834,-0.8755088821464186,0.4036659951147688,0.003170836055598549,0.3600371139500778,0.5694657766161442,0.0005237048438023692,-1.5067207808812153,1.0381237443450522,0.006359914765101988,-1.2630347862781244,0.5582441436435244,0.004569952648244229,-0.564054950898452,0.5515473412584858,0.002767266415852137,0.09024294587850712,0.5528255934000229,0.0011572170990498103,0.41827273723666264,1.027817208308714,0.001534755493494664,0.5376462350026255,1.007563510987132,0.0011892031439230356,0.01231126260677606,0.5419318642915439,0.0013246090969290256,0.036137095126723195,0.5354307470964239,0.0012498756793717005,0.5252680629646763,0.9954765884456478,0.0011903971731688767,23.999999999999996,0.0,0.11401761097998445,0.3304101904195876,0.17018309500269962
0.446,0.0,0.0,-0.15665618616624846,1.0718498668640244,0.0030683681024981095,-1.2294767624285916,0.4167801242175307,0.004117048510159324,0.017647327090131067,0.4085672451011717,0.0009751875933076658,-1.2956306022654152,1.0507284820475895,0.005881332498405567,-0.8863305098250042,0.40366599511476886,0.003197937193152969,0.36006911005537584,0.5694657766161442,0.000523571656665166,-1.5075612989908935,1.0381237443450522,0.006362111313065668,-1.256302716120816,0.5582441436435245,0.004553197324804122,-0.5727152442412369,0.5515473412584858,0.0027890057303923445,0.0905459396250023,0.5528255934000229,0.0011564566188037894,0.4226478994714597,1.0278172083087143,0.0015238611776801291,0.543431647762972,1.007563510987132,0.001174793189961266,0.01253755298465629,0.541931864291544,0.00132405150421192,0.03680280845903164,0.535430747096424,0.001248234129924252,0.5312418073101579,0.995476588445648,0.0011755213137024292,24.0,0.0,0.11428674329638651,0.3308797241149881,0.17048328609801436
0.448,0.0,0.0,-0.15781369844004434,1.0718498668640244,0.0030712651325756823,-1.228851054659478,0.4167801242175307,0.004115642216615306,0.016794607440141354,0.4085672451011717,0.0009772997950276015,-1.2894071593696423,1.0507284820475895,0.005865897710782512,-0.8971324172777665,0.40366599511476886,0.0032249912623494325,0.3600795704160254,0.5694657766161442,0.0005234916664019208,-1.5083636869660266,1.0381237443450522,0.006364212608339865,-1.2495412485942519,0.5582441436435245,0.004536367149410851,-0.5813393055584953,0.5515473412584858,0.002810656463749307,0.09084788412053821,0.5528255934000229,0.0011556991344375516,0.4270403194635597,1.0278172083087143,0.0015129232720931362,0.549238145305747,1.007563510987132,0.0011603296580603997,0.012767131549955332,0.541931864291544,0.0013234857782672194,0.03747769079390919,0.535430747096424,0.001246569846593481,0.5372385244139773,0.995476588445648,0.0011605869528387254,24.0,0.0,0.11455587561278857,0.33134925781038865,0.1707834771933291
0.45,0.0,0.0,-0.15896985567888972,1.0718498668640244,0.0030741589132601724,-1.2281622398775511,0.41678012421753063,0.004114077947192521,0.015934115908634493,0.40856724510117165,0.0009794315941525759,-1.2831345722997038,1.0507284820475893,0.005850339103543079,-0.9079137132185031,0.4036659951147688,0.0032519960309813386,0.36006823989835307,0.5694657766161442,0.0005234655155002969,-1.5091279153389983,1.0381237443450522,0.006366218578277697,-1.2427509276652522,0.5582441436435244,0.004519463480594441,-0.5899263374645425,0.5515473412584858,0.002832216617042453,0.09114892924922587,0.5528255934000229,0.0011549442731987117,0.43144981823010947,1.027817208308714,0.0015019422221128858,0.5550653799331244,1.007563510987132,0.0011458134142034624,0.013000033434425398,0.5419318642915439,0.0013229118318539715,0.038161817508711664,0.5354307470964239,0.001244882640756287,0.5432577849446603,0.9954765884456478,0.0011455951600791762,23.999999999999996,0.0,0.11482500792919063,0.3318187915057892,0.17108366828864383
0.452,0.0,0.0,-0.16012460226963793,1.0718498668640244,0.003077049306357285,-1.2274104046408636,0.4167801242175307,0.0041123559102377045,0.015065921505912879,0.4085672451011717,0.0009815828229813432,-1.2768132242076657,1.0507284820475895,0.005834657635868233,-0.9186735080359986,0.40366599511476886,0.0032789492708331803,0.3600348652999766,0.5694657766161442,0.0005234938417944777,-1.509853954198543,1.0381237443450522,0.006368129149210127,-1.23593229783468,0.5582441436435245,0.0045024876782719415,-0.5984755448179161,0.5515473412584858,0.002853684196807571,0.09144922566672692,0.5528255934000229,0.0011541916603769926,0.4358762159677815,1.0278172083087143,0.001490918475196512,0.560913002664807,1.007563510987132,0.0011312453276350188,0.013236294004470253,0.541931864291544,0.0013223295771427968,0.03885526389670267,0.535430747096424,0.001243172323969281,0.549299158073072,0.995476588445648,0.0011305470087524694,24.0,0.0,0.1150941402455927,0.3322883252011897,0.17138385938395856
0.454,0.0,0.0,-0.16127788226487236,1.0718498668640244,0.0030799361728341555,-1.2265956387220374,0.4167801242175307,0.004110476322145985,0.014190095166014636,0.4085672451011717,0.000983753308988147,-1.2704434977562544,1.0507284820475895,0.005818854265638138,-0.9294109138713214,0.40366599511476886,0.0033058487578769185,0.35997919541982815,0.5694657766161442,0.000523577278290419,-1.5105417731556359,1.0381237443450522,0.006369944246358988,-1.229085904116412,0.5582441436435245,0.004485441103695511,-0.6069861347987137,0.5515473412584858,0.0028750572151910046,0.09174892478855724,0.5528255934000229,0.00115344091933324,0.44031933206355295,1.0278172083087143,0.001479852480852332,0.5667806632602558,1.007563510987132,0.0011166262708058124,0.013475948860415983,0.541931864291544,0.0013217389257176846,0.039558105154823074,0.535430747096424,0.0012414387079993034,0.555362211505777,0.995476588445648,0.0011154435759314402,24.0,0.0,0.11536327256199476,0.33275785889659026,0.1716840504792733
0.456,0.0,0.0,-0.16242963938376231,1.0718498668640244,0.003082819372822242,-1.2257180351035035,0.41678012421753063,0.00410843940734892,0.013306709740388162,0.40856724510117165,0.0009859428748378925,-1.2640257751515263,1.0507284820475893,0.00580292994950961,-0.9401250446938663,0.4036659951147688,0.0033326922724652252,0.35990098112827335,0.5694657766161442,0.0005237164529907901,-1.5111913413100755,1.0381237443450522,0.006371663793751721,-1.222212292016032,0.5582441436435244,0.004468325119399841,-0.615457316985577,0.5515473412584858,0.002896333690142999,0.09204817877830136,0.5528255934000229,0.0011526916715286642,0.44477898510556413,1.027817208308714,0.0014687446906129027,0.5726680102410043,1.007563510987132,0.0011019571193171904,0.013719033835772268,0.5419318642915439,0.0013211397885778198,0.040270416371439126,0.5354307470964239,0.0012396816048540022,0.5614465115185076,0.9954765884456478,0.001100285942349677,23.999999999999996,0.0,0.11563240487839682,0.3332273925919908,0.17198424157458803
0.458,0.0,0.0,-0.16357981701261598,1.0718498668640244,0.0030856987656194667,-1.224777689972772,0.4167801242175307,0.004106245398302585,0.01241583999131021,0.4085672451011717,0.0009881513384019588,-1.257560438177179,1.0507284820475895,0.00578688564299779,-0.9508150163761414,0.40366599511476886,0.003359477599521588,0.3597999754372955,0.5694657766161442,0.000523911988719677,-1.5118026272177811,1.0381237443450522,0.006373287714137818,-1.2153120075092412,0.5582441436435245,0.004451141089148891,-0.623888303432316,0.5515473412584858,0.0029175116456101567,0.09234714053573793,0.5528255934000229,0.001151943536554304,0.4492549928940543,1.0278172083087143,0.0014575955580078753,0.5785746909130569,1.007563510987132,0.001087238751865319,0.013965584996484162,0.541931864291544,0.0013205320761394295,0.040992272514070525,0.535430747096424,0.0012379008268124621,0.5675516229897359,0.995476588445648,0.0010850751923178511,24.0,0.0,0.11590153719479888,0.33369692628739134,0.17228443266990276
0.46,0.0,0.0,-0.16472835820513138,1.0718498668640244,0.003088574209691601,-1.223774702717731,0.4167801242175307,0.004103894535475757,0.011517562585048135,0.4085672451011717,0.0009903785127746538,-1.2510478682304522,1.0507284820475895,0.0057707223005619215,-0.9614799467673023,0.40366599511476886,0.0033862025287272756,0.3596759335707166,0.5694657766161442,0.0005241645029471216,-1.5123755988588243,1.0381237443450522,0.006374815928907083,-1.2083855970199626,0.5582441436435245,0.004433890377881914,-0.6322783087441634,0.5515473412584858,0.0029385891117270045,0.09264596368487682,0.5528255934000229,0.0011511961321607124,0.4537471724523741,1.0278172083087143,0.0014464055385366497,0.5845003513893692,1.007563510987132,0.0010724720501851875,0.01421563864017436,0.541931864291544,0.0013199156982376498,0.041723748417099756,0.535430747096424,0.0012360961864558838,0.5736771094343507,0.995476588445648,0.0010698124136397803,24.0,0.0,0.11617066951120095,0.3341664599827919,0.1725846237652175
0.462,0.0,0.0,-0.165875205682346,1.0718498668640244,0.003091445562672889,-1.222709175921976,0.41678012421753063,0.004101387067338154,0.010611956084766887,0.40856724510117165,0.0009926242062903087,-1.2444884463595633,1.0507284820475893,0.005754440875695104,-0.9721189557654347,0.4036659951147688,0.0034128648547051776,0.35952861303442446,0.5694657766161442,0.000524474607613569,-1.5129102236062157,1.0381237443450522,0.006376248358009691,-1.2014336073981378,0.5582441436435244,0.004416574351658717,-0.6406265501536506,0.5515473412584858,0.002959564125006623,0.0929448025619082,0.5528255934000229,0.0011504490742878651,0.45825534003807283,1.027817208308714,0.00143517508964085,0.5904446366124105,1.007563510987132,0.001057657898994407,0.01446923129537593,0.5419318642915439,0.001319290564128424,0.04246491876946391,0.5354307470964239,0.0012342674966983103,0.5798225330374319,0.9954765884456478,0.0010544986975282427,23.999999999999996,0.0,0.11643980182760301,0.3346359936781924,0.17288481486053223
0.464,0.0,0.0,-0.16702030183228628,1.0718498668640244,0.003094312681365926,-1.221581215360166,0.4167801242175307,0.004098723250348766,0.00969910094318146,0.4085672451011717,0.000994888222541012,-1.2378825533026259,1.0507284820475895,0.005738042321017882,-0.982731165388592,0.40366599511476886,0.003439462377200509,0.35935777368657756,0.5694657766161442,0.0005248429089542993,-1.5134064681954649,1.0381237443450522,0.00637758491987817,-1.1944565858971947,0.5582441436435245,0.004399194377604156,-0.6489322475960988,0.5515473412584858,0.002980434728530341,0.09324381220306403,0.5528255934000229,0.0011497019770952868,0.4627793111540587,1.0278172083087143,0.0014239046706766034,0.5964071903768077,1.007563510987132,0.0010427971859368035,0.01472639972075551,0.541931864291544,0.0013186565824904203,0.04321585810233036,0.535430747096424,0.0012324145708174003,0.5859874546881236,0.995476588445648,0.0010391351385205401,24.0,0.0,0.11670893414400507,0.33510552737359295,0.17318500595584696
0.466,0.0,0.0,-0.16816358870931705,1.0718498668640244,0.0030971754217407766,-1.220390929993411,0.4167801242175307,0.004095903348944241,0.008779079494955457,0.4085672451011717,0.0009971703603949757,-1.2312305695279897,1.0507284820475895,0.005721527588375539,-0.9933156998445924,0.40366599511476886,0.0034659929012584023,0.35916317780775636,0.5694657766161442,0.0005252700073239165,-1.5138642986949329,1.0381237443450522,0.006378825531351293,-1.1874550801511798,0.5582441436435245,0.004381751823851798,-0.6571946237847152,0.5515473412584858,0.0030011989721364617,0.09354314833239262,0.5528255934000229,0.0011489544529923973,0.4673189005598317,1.0278172083087143,0.001412594742886639,0.6023876553520682,1.007563510987132,0.0010278908015258106,0.014987180904326956,0.541931864291544,0.0013180136614269714,0.043976640776757565,0.535430747096424,0.001230537222485234,0.5921714340136004,0.995476588445648,0.001023722834393811,24.0,0.0,0.11697806646040713,0.3355750610689935,0.1734851970511617
0.468,0.0,0.0,-0.16930500803319293,1.0718498668640244,0.003100033638933354,-1.2191384319646847,0.41678012421753063,0.004092927635527354,0.007851975948846514,0.40856724510117165,0.0009994704140155405,-1.2245328752759475,1.0507284820475893,0.005704897628938947,-1.0038716855995848,0.4036659951147688,0.003492454237398403,0.35894459017103236,0.5694657766161442,0.0005257564970209696,-1.5142836804769966,1.0381237443450522,0.006379970107599962,-1.1804296381515402,0.5582441436435244,0.00436424805948676,-0.6654129042852868,0.5515473412584858,0.0030218549126080027,0.0938429673494464,0.5528255934000229,0.0011482061126690758,0.47187392228278635,1.027817208308714,0.0014012457693722059,0.6083856731053829,1.007563510987132,0.0010129396390876593,0.01525161206265541,0.5419318642915439,0.0013173617084680424,0.04474734097134222,0.5354307470964239,0.001228635265799166,0.5983740294131259,0.9954765884456478,0.0010082628860801186,23.999999999999996,0.0,0.1172471987768092,0.336044594764394,0.17378538814647643
0.47000000000000003,0.0,0.0,-0.17044450118781146,1.0718498668640244,0.003102887187243043,-1.217823836594267,0.4167801242175307,0.004089796390455538,0.006917876379599336,0.4085672451011717,0.001001788172880813,-1.2177898506017448,1.0507284820475895,0.005688153393308843,-1.01439825144539,0.40366599511476886,0.0035188442017858846,0.3587017781119237,0.5694657766161442,0.0005263029661127795,-1.5146645781900416,1.0381237443450522,0.006381018562055122,-1.1733808082235446,0.5582441436435245,0.004346684454487662,-0.6735863175904648,0.5515473412584858,0.003042400613859432,0.09414342631688367,0.5528255934000229,0.0011474565651264413,0.4764441896295834,1.0278172083087143,0.0013898582150648198,0.6144008841245071,1.007563510987132,0.0009979445947043725,0.015519730640051807,0.541931864291544,0.0013167006305722215,0.0455280326698542,0.535430747096424,0.0012267085153127046,0.6045947980921995,0.995476588445648,0.0009927563975813054,24.0,0.0,0.11751633109321126,0.33651412845979456,0.17408557924179116
0.47200000000000003,0.0,0.0,-0.1715820092196697,1.0718498668640244,0.00310573592012959,-1.2164472623752125,0.4167801242175307,0.004086509902029494,0.005976868719587152,0.4085672451011717,0.001004123421803931,-1.2110018754198337,1.0507284820475895,0.005671295831623335,-1.0248945285656308,0.40366599511476886,0.0035451606164003968,0.35843451159820844,0.5694657766161442,0.0005269099962605512,-1.515006955731302,1.0381237443450522,0.006381970806337734,-1.166309139002331,0.5582441436435245,0.004329062379667673,-0.681714095193632,0.5515473412584858,0.0030628341471223763,0.09444468294798473,0.5528255934000229,0.0011467054177078482,0.4810295151975889,1.0278172083087143,0.001378432546697827,0.6204329278407185,1.007563510987132,0.0009829065671565621,0.015791574307757794,0.541931864291544,0.0013160303341287305,0.04631878964886049,0.535430747096424,0.0012247567860664244,0.6108332960967895,0.995476588445648,0.0009772044758836213,24.0,0.0,0.11778546340961332,0.3369836621551951,0.1743857703371059
0.47400000000000003,0.0,0.0,-0.17271747283602504,1.0718498668640244,0.0031085796902092355,-1.2150088309688467,0.41678012421753063,0.004083068466481858,0.0050290427502024055,0.40856724510117165,0.0010064759409539614,-1.204169329549304,1.0507284820475893,0.005654325893668557,-1.0353596506006615,0.4036659951147688,0.003571401309200999,0.35814256329956384,0.5694657766161442,0.0005275781625448394,-1.5153107762205626,1.0381237443450522,0.006382826750190885,-1.1592151794085706,0.5582441436435244,0.004311383206614639,-0.6897954716623442,0.5515473412584858,0.0030831535911302944,0.09474689559408278,0.5528255934000229,0.0011459522761300953,0.48562971088637885,1.027817208308714,0.0013669692327778126,0.6264814426518519,1.007563510987132,0.0009678264578660337,0.016067180963121052,0.5419318642915439,0.0013153507249594654,0.04711968546533941,0.5354307470964239,0.0012227798936189085,0.6170890783476489,0.9954765884456478,0.0009616082308721458,23.999999999999996,0.0,0.11805459572601538,0.33745319585059563,0.17468596143242063
0.47600000000000003,0.0,0.0,-0.173850832402761,1.0718498668640244,0.0031114183492501235,-1.2135086672002893,0.4167801242175307,0.004079472387965943,0.0040744900929975516,0.4085672451011717,0.0010088455058774233,-1.197292592760429,1.0507284820475895,0.005637244528992233,-1.0457927537113088,0.40366599511476886,0.003597564114288576,0.3578257086570029,0.5694657766161442,0.0005283080332914509,-1.5155760019747435,1.0381237443450522,0.006383586301414037,-1.1520994786237355,0.5582441436435245,0.004293648307630238,-0.6978296847113409,0.5515473412584858,0.0031033570323020752,0.09505022323191027,0.5528255934000229,0.0011451967445148504,0.4902445879093079,1.0278172083087143,0.0013554687435558385,0.6325460659454099,1.007563510987132,0.0009527051708382001,0.01634658872876101,0.541931864291544,0.0013146617083210574,0.04793079344428648,0.535430747096424,0.0012207776540777116,0.6233616986747125,0.995476588445648,0.0009459687752449978,24.0,0.0,0.11832372804241745,0.33792272954599617,0.17498615252773536
0.47800000000000004,0.0,0.0,-0.17498202794195966,1.0718498668640244,0.0031142517481669635,-1.2119468990540025,0.4167801242175307,0.00407572197854455,0.0031133042005768497,0.4085672451011717,0.0010112318875204354,-1.1903720448222603,1.0507284820475895,0.005620052687020046,-1.0561929766414395,0.40366599511476886,0.003623646872065194,0.35748372595207667,0.5694657766161442,0.0005291001698978532,-1.5158025944833764,1.0381237443450522,0.0063842493657994895,-1.1449625860649615,0.5582441436435245,0.00427585905566815,-0.7058159752751156,0.5515473412584858,0.003123442564924567,0.09535482545086117,0.5528255934000229,0.0011444384254202817,0.49487395680514046,1.0278172083087143,0.001343931550998516,0.6386264341217474,1.007563510987132,0.0009375436126043052,0.01662983595172496,0.541931864291544,0.0013139631889069576,0.04875218666631325,0.535430747096424,0.001218749884130344,0.62965070985157,0.995476588445648,0.0009302872244273388,24.0,0.0,0.11859286035881951,0.3383922632413967,0.1752863436230501
0.48,0.0,0.0,-0.1761109991291812,1.0718498668640244,0.00311707973701496,-1.2103236576693666,0.41678012421753063,0.004071817558178833,0.0021455803472400898,0.40856724510117165,0.001013634852251487,-1.1834080655512011,1.0507284820475893,0.005602751317174624,-1.0665594607793707,0.4036659951147688,0.0036496474293905208,0.3571163963758123,0.5694657766161442,0.0005299551266601687,-1.5159905143849954,1.0381237443450522,0.0063848158470710716,-1.137805051359492,0.5582441436435244,0.0042580168242712145,-0.7137535875800417,0.5515473412584858,0.0031434082913340032,0.09566086244016958,0.5528255934000229,0.0011436769198729043,0.49951762744974243,1.027817208308714,0.001332358128758934,0.644722182617331,1.007563510987132,0.0009223426921634615,0.01691696120263454,0.5419318642915439,0.0013132550708495475,0.049583937955240284,0.5354307470964239,0.0012166964010752767,0.635955663630016,0.9954765884456478,0.0009145646964851945,23.999999999999996,0.0,0.11886199267522157,0.33886179693679724,0.17558653471836483
0.482,0.0,0.0,-0.17723768529045222,1.0718498668640244,0.003119902164983014,-1.2086390773362794,0.4167801242175307,0.004067759454717243,0.0011714156193792123,0.4085672451011717,0.001016054161884829,-1.176401034860493,1.0507284820475895,0.005585341368996977,-1.076891350218137,0.40366599511476886,0.0036755636397353486,0.35672350409735676,0.5694657766161442,0.0005308734506008297,-1.5161397214444519,1.0381237443450522,0.006385285646825119,-1.1306274243186971,0.5582441436435245,0.004240122987507541,-0.7216417692160441,0.5515473412584858,0.003163252322096319,0.09596849497600532,0.5528255934000229,0.0011429118273996333,0.5041754090678322,1.0278172083087143,0.0013207489521474298,0.6508329459280707,1.007563510987132,0.0009071033209245022,0.01720800327482261,0.541931864291544,0.0013125372577222738,0.050426119865685765,0.535430747096424,0.0012146170228529594,0.6422761107746701,0.995476588445648,0.0008988023120390801,24.0,0.0,0.11913112499162364,0.3393313306321978,0.17588672581367956
0.484,0.0,0.0,-0.17836202539896368,1.0718498668640246,0.0031227188803861924,-1.206893295490783,0.41678012421753075,0.004063548003884525,0.00019090890562882329,0.40856724510117176,0.0010184895737044813,-1.1693513328105445,1.0507284820475895,0.0055678237922702056,-1.0871877918146347,0.4036659951147689,0.0037013933633322648,0.3563048363322955,0.5694657766161443,0.0005318556812969688,-1.5162501745311676,1.0381237443450524,0.006385658664473761,-1.1234302549116537,0.5582441436435245,0.004222178919905554,-0.7294797712078124,0.5515473412584859,0.003182972776186325,0.09627788440848713,0.552825593400023,0.0011421427460600441,0.5088471102447885,1.0278172083087143,0.0013091044981022053,0.6569583576327238,1.0075635109871321,0.0008918264126476535,0.01750300118346046,0.541931864291544,0.0013118096525418035,0.051278804670650935,0.535430747096424,0.0012125115680768456,0.6486116010976671,0.9954765884456481,0.0008830011941774452,24.000000000000004,0.0,0.1194002573080257,0.3398008643275983,0.1761869169089943
0.486,0.0,0.0,-0.17948395807148002,1.0718498668640244,0.0031255297306574704,-1.2050864527107132,0.4167801242175307,0.004059183549270784,-0.0007958391132283655,0.4085672451011717,0.0010209408404888572,-1.1622593396600327,1.0507284820475895,0.005550199537145335,-1.0974479352476576,0.40366599511476886,0.0037271344673235085,0.3558601834106153,0.5694657766161442,0.0005329023507096217,-1.516321831598344,1.0381237443450522,0.006385934797190549,-1.1162140932382798,0.5582441436435245,0.004204185996387946,-0.7372668480855488,0.5515473412584858,0.0032025677811657457,0.09658919264861382,0.5528255934000229,0.0011413692724788396,0.5135325389385144,1.0278172083087143,0.0012974252451598146,0.66309805041637,1.007563510987132,0.0008765128833860203,0.01780199416467542,0.541931864291544,0.001311072157770209,0.05214206434910368,0.535430747096424,0.0012103798560644328,0.6549616834934138,0.995476588445648,0.0008671624683699522,24.0,0.0,0.11966938962442776,0.34027039802299885,0.17648710800430903
0.488,0.0,0.0,-0.18060342156446074,1.0718498668640244,0.003128334562338761,-1.2032186927113744,0.4167801242175307,0.00405466644232061,-0.0017887259746000982,0.4085672451011717,0.0010234077105360003,-1.1551254359177041,1.0507284820475895,0.005532469554269055,-1.1076709330748482,0.40366599511476886,0.003752784825906066,0.35538933884428214,0.5694657766161442,0.0005340139830138221,-1.516354649663134,1.0381237443450522,0.006386113939858491,-1.1089794895020133,0.5582441436435245,0.004186145592204511,-0.745002257955243,0.5515473412584858,0.0032220354733600866,0.09690258215511416,0.5528255934000229,0.0011405910018785228,0.5182315024913545,1.0278172083087143,0.0012857116734254998,0.6692516560939574,1.007563510987132,0.0008611636514269047,0.018105021674658783,0.541931864291544,0.0013103246753171716,0.05301597057356162,0.535430747096424,0.0012082217068683009,0.6613259059734079,0.995476588445648,0.0008512872623805856,24.0,0.0,0.11993852194082982,0.3407399317183994,0.17678729909962376
0.49,0.0,0.0,-0.18172035376989557,1.0718498668640246,0.0031311332210712133,-1.2012901623412375,0.41678012421753075,0.004049997042322263,-0.0027876474446660417,0.40856724510117176,0.0010258899276894297,-1.147950002394806,1.0507284820475895,0.005514634794913233,-1.1178559407885782,0.4036659951147689,0.003778342320474043,0.3548920993944018,0.5694657766161443,0.0005351910944296554,-1.5163485847877938,1.0381237443450524,0.006386195985020466,-1.1017269939820256,0.5582441436435245,0.004168059082863844,-0.7526852625684706,0.5515473412584859,0.003241373998034323,0.09721821592121589,0.552825593400023,0.001139807528112272,0.5229438076420647,1.0278172083087143,0.0012739642645433994,0.6754188056339173,1.0075635109871321,0.0008457796372329368,0.018412123388764093,0.541931864291544,0.0013095671065422132,0.053900594697676,0.535430747096424,0.001206036941307156,0.6677038157011199,0.9954765884456481,0.0008353767061806006,24.000000000000004,0.0,0.12020765425723189,0.34120946541379993,0.1770874901949385
0.492,0.0,0.0,-0.18283469221085508,1.0718498668640244,0.0031339255515847996,-1.1993010115776614,0.4167801242175307,0.004045175716396921,-0.0037924975292010134,0.4085672451011717,0.0010283872313645943,-1.1407334202580723,1.0507284820475895,0.005496696211105989,-1.1280021168707837,0.40366599511476886,0.003803804839758368,0.35436826513793507,0.5694657766161442,0.0005364341930543559,-1.5163035920618242,1.0381237443450522,0.006386180822832115,-1.0944571570049613,0.5582441436435245,0.0041499278440638755,-0.7603151273917061,0.5515473412584858,0.0032605815095673907,0.0975362574613347,0.5528255934000229,0.0011390184436970176,0.5276692605378318,1.0278172083087143,0.0012621835016666239,0.6815991291818481,1.007563510987132,0.0008303617633830365,0.01872333920059577,0.541931864291544,0.00130879935225695,0.0547960077438177,0.535430747096424,0.00120382538099687,0.6740949590269306,0.995476588445648,0.0008194319318613202,24.0,0.0,0.12047678657363395,0.34167899910920047,0.17738768129025323
0.494,0.0,0.0,-0.18394637403675798,1.0718498668640244,0.0031367113976871986,-1.1972513935226379,0.4167801242175307,0.0040402028394879805,-0.0048031684846388065,0.4085672451011717,0.0010308993565759318,-1.1334760710831946,1.0507284820475895,0.005478654755764154,-1.1381086228467732,0.40366599511476886,0.0038291702799638817,0.35381763953393525,0.5694657766161442,0.0005377437786955228,-1.516219625585111,1.0381237443450522,0.00638606834101719,-1.087170528916198,0.5582441436435245,0.0041317532516212145,-0.7678911216751481,0.5515473412584858,0.00327965617162548,0.09785687079768342,0.5528255934000229,0.0011382233398467205,0.5324076667463414,1.0278172083087143,0.001250369869427206,0.6877922560842662,1.007563510987132,0.0008149109545132096,0.019038709221088062,0.541931864291544,0.0013080213127273708,0.05570228039066663,0.535430747096424,0.0012015868483815158,0.680498881523125,0.995476588445648,0.0008034540735467935,24.0,0.0,0.12074591889003601,0.342148532804601,0.17768787238556796
0.496,0.0,0.0,-0.1850553360183569,1.0718498668640246,0.0031394906022519566,-1.1951414643985572,0.41678012421753075,0.0040350787943504215,-0.005819550829375396,0.40856724510117176,0.0010334260339645263,-1.126178336908701,1.0507284820475895,0.005460511382826961,-1.1481746233380317,0.4036659951147689,0.0038544365449038553,0.35324002948927946,0.5694657766161443,0.0005391203427055226,-1.5160966384520778,1.0381237443450524,0.006385858424825408,-1.079867660050616,0.5582441436435245,0.004113536681399306,-0.7754125185210473,0.5515473412584859,0.003298596157334085,0.09818022044680247,0.552825593400023,0.001137421806505849,0.537158831267893,1.0278172083087143,0.0012385238539059321,0.6939978149124253,1.0075635109871321,0.0007994281372571649,0.019358273777574302,0.541931864291544,0.00130723288767614,0.05661948296080593,0.535430747096424,0.0011993211667643935,0.6869151280189378,0.9954765884456481,0.0007874442673063078,24.000000000000004,0.0,0.12101505120643807,0.34261806650000154,0.1779880634808827
0.498,0.0,0.0,-0.1861615145424441,1.0718498668640244,0.0031422630072059535,-1.1929713835439968,0.4167801242175307,0.00402980397154022,-0.006841533355310294,0.4085672451011717,0.0010359669898263677,-1.1188406002901723,1.0507284820475895,0.0054422670473907265,-1.1581992861140402,0.40366599511476886,0.003879601546132001,0.3526352454238626,0.5694657766161442,0.0005405643678171618,-1.5159345827368573,1.0381237443450522,0.006385550956992825,-1.0725491007028725,0.5582441436435245,0.004095279509235351,-0.7828785949515362,0.5515473412584858,0.0033173996494488328,0.09850647140601175,0.5528255934000229,0.001136613432383051,0.5419225585475592,1.0278172083087143,0.0012266459426020532,0.7002154334862001,1.007563510987132,0.0007839142401867666,0.01968207341284651,0.541931864291544,0.0013064339762849245,0.05754768540832222,0.535430747096424,0.0011970281603390451,0.6933432426356488,0.995476588445648,0.0007714036510667755,24.0,0.0,0.12128418352284014,0.3430876001954021,0.17828825457619743
0.5,0.0,0.0,-0.18726484560627926,1.0718498668640244,0.003145028453516171,-1.1907413134095302,0.4167801242175307,0.004024378769403819,-0.007869003139624763,0.4085672451011717,0.001038521946141205,-1.111463244354719,1.0507284820475895,0.005423922705844404,-1.1681817821431357,0.40366599511476886,0.0039046632030720232,0.3520031013352245,0.5694657766161442,0.000542076327980704,-1.5157334094794939,1.0381237443450522,0.006385145817704774,-1.065215401097171,0.5582441436435245,0.004076983110865993,-0.7902886319759508,0.5515473412584858,0.003336064840525055,0.09883578913978493,0.5528255934000229,0.0011357978049850279,0.5466986524873881,1.0278172083087143,0.0012147366244028876,0.7064447388980358,1.007563510987132,0.0007683701937523296,0.020010148884205266,0.541931864291544,0.0013056244771967437,0.05848695730641324,0.535430747096424,0.0011947076542202545,0.6997827688217241,0.995476588445648,0.0007553333645249979,24.0,0.0,0.1215533158392422,0.3435571338908026,0.17858844567151216
0.502,0.0,0.0,-0.18836526481174082,1.0718498668640246,0.00314778678117576,-1.1884514195535558,0.41678012421753075,0.004018803594067652,-0.008901845556795596,0.40856724510117176,0.0010410906206019912,-1.1040466528556474,1.0507284820475895,0.005405479316005771,-1.1781212856424328,0.4036659951147689,0.003929619443144762,0.3513434148625803,0.5694657766161443,0.0005436566882022995,-1.5154930686731807,1.0381237443450524,0.006384642884561365,-1.0578671113565246,0.5582441436435245,0.004058648861851739,-0.7976419146576427,0.5515473412584859,0.0033545899330860917,0.0991683395660466,0.552825593400023,0.0011349745106505953,0.5514869164586466,1.0278172083087143,0.0012027963895533153,0.7126853575369622,1.0075635109871321,0.0007527969302227409,0.0203425411624999,0.541931864291544,0.001304804288518347,0.059437367835004196,0.535430747096424,0.001192359474475027,0.7062332493880012,0.9954765884456481,0.0007392345490598102,24.000000000000004,0.0,0.12182244815564426,0.34402666758620315,0.1788886367668269
0.504,0.0,0.0,-0.18946270735920284,1.0718498668640244,0.0031505378291894134,-1.1861018706381465,0.4167801242175307,0.004013078859427716,-0.009939944290843092,0.4085672451011717,0.0010436727266449183,-1.0965912102272384,1.0507284820475895,0.005386937837258092,-1.1880169741268298,0.40366599511476886,0.003954468201893004,0.35065600735022473,0.5694657766161442,0.0005453059043839097,-1.5152135092525436,1.0381237443450522,0.006384042032545583,-1.0505047814715,0.5582441436435245,0.004040278137500123,-0.8049377321802745,0.5515473412584858,0.0033729731397903213,0.09950428904239307,0.5528255934000229,0.0011341431345849408,0.5562871533141026,1.0278172083087143,0.0011908257296251693,0.7189369151126704,1.007563510987132,0.0007371953836254245,0.02067929143115895,0.541931864291544,0.0013039733078226104,0.06039898576837415,0.535430747096424,0.0011899834481535496,0.7126942265429156,0.995476588445648,0.0007231083476441169,24.0,0.0,0.12209158047204632,0.3444962012816037,0.17918882786214163
0.506,0.0,0.0,-0.19055710804113993,1.0718498668640244,0.003153281435558068,-1.1836928384249166,0.4167801242175307,0.004007204987139193,-0.010983181347811857,0.4085672451011717,0.001046267973480037,-1.089097301639567,1.0507284820475895,0.00536829923068707,-1.197868028457123,0.40366599511476886,0.0039792074231039965,0.34994070391028037,0.5694657766161442,0.0005470244231647986,-1.514894679082976,1.0381237443450522,0.006383343133993989,-1.0431289612684445,0.5582441436435245,0.004021872312787561,-0.812175377913595,0.5515473412584858,0.003391212683596901,0.09984380435223726,0.5528255934000229,0.0011333032608940746,0.5610991654003452,1.0278172083087143,0.0011788251374865292,0.725199036679653,1.007563510987132,0.0007215664896861537,0.021020441085210895,0.541931864291544,0.0013031314321509627,0.06137187946279377,0.535430747096424,0.0011875794033201247,0.7191652419277637,0.995476588445648,0.0007069559047568311,24.0,0.0,0.12236071278844839,0.3449657349770042,0.17948901895745636
0.508,0.0,0.0,-0.19164840123546156,1.0718498668640246,0.0031560174372629113,-1.1812244977709072,0.41678012421753075,0.004001182406606118,-0.012031437068483015,0.40856724510117176,0.001048876066122459,-1.0815653130532878,1.0507284820475895,0.005349564459217891,-1.207673632887251,0.4036659951147689,0.00400383505892973,0.34919733348476106,0.5694657766161443,0.0005488126817646598,-1.514536524951031,1.0381237443450524,0.006382546058570071,-1.0357402003771838,0.5582441436435245,0.004003432762279923,-0.8193541494786876,0.5515473412584859,0.0034093067979302023,0.10018705269087867,0.552825593400023,0.0011324544726194644,0.5659227545701389,1.0278172083087143,0.0011667951072709226,0.7314713466614046,1.0075635109871321,0.0007059111857686979,0.021366031730295137,0.541931864291544,0.001302278558015833,0.06235611684417575,0.535430747096424,0.0011851471690840756,0.7256458366520024,0.9954765884456481,0.0006907783662947112,24.000000000000004,0.0,0.12262984510485045,0.34543526867240476,0.1797892100527711
0.51,0.0,0.0,-0.1927365208985788,1.0718498668640244,0.003158745670248715,-1.1786970266244892,0.4167801242175307,0.003995011554971095,-0.01308459014131637,0.4085672451011717,0.001051496705424137,-1.0739956312743135,1.0507284820475895,0.005330734487752194,-1.2174329751106936,0.40366599511476886,0.004028349070005049,0.3484257289069214,0.5694657766161442,0.0005506711078284578,-1.5141389925558764,1.0381237443450522,0.006381650673240208,-1.028339048198193,0.5582441436435245,0.00398496086005177,-0.8264733488126902,0.5515473412584858,0.003427253726842934,0.10053420165149883,0.5528255934000229,0.0011315963517728605,0.5707577221948122,1.0278172083087143,0.0011547361343464384,0.7377534688746842,1.007563510987132,0.0006902304108143184,0.02171610518166325,0.541931864291544,0.0013014145814031223,0.06335176539573928,0.535430747096424,0.0011826865756306207,0.7321355513285808,0.995476588445648,0.000674576879484114,24.0,0.0,0.12289897742125251,0.3459048023678053,0.18008940114808583
0.512,0.0,0.0,-0.1938214005582051,1.0718498668640244,0.0031614659694065078,-1.1761106060212811,0.4167801242175307,0.0039886928771050495,-0.014142517615621028,0.4085672451011717,0.0010541295881062202,-1.0663886440083141,1.0507284820475895,0.005311810283304757,-1.2271452463060473,0.40366599511476886,0.004052747425563656,0.34762572696186356,0.5694657766161442,0.0005526001192730569,-1.5137020265018184,1.0381237443450522,0.006380656842252322,-1.0209260538692317,0.5582441436435245,0.003966457979604294,-0.8335322822329796,0.5515473412584858,0.00344505172517794,0.10088541921108304,0.5528255934000229,0.0011307284793713101,0.5756038691766779,1.0278172083087143,0.001142648715284755,0.7440450265538369,1.007563510987132,0.0006745251052811194,0.022070703463170423,0.541931864291544,0.0013005393977747021,0.06435889214568977,0.535430747096424,0.0011801974542517118,0.7386339261092996,0.995476588445648,0.0006583525927926681,24.0,0.0,0.12316810973765457,0.34637433606320583,0.18038959224340056
0.514,0.0,0.0,-0.1949029733058943,1.0718498668640246,0.003164178168555574,-1.1734654200800831,0.41678012421753075,0.003982226825597029,-0.015205094914952961,0.40856724510117176,0.001056774406791982,-1.0587447399149634,1.0507284820475895,0.00529279281513976,-1.236809641181801,0.4036659951147689,0.004077028103552041,0.34679716844637276,0.5694657766161443,0.0005546001241357019,-1.5132255702918957,1.0381237443450524,0.0063795644271171775,-1.0135017662314416,0.5582441436435245,0.003947925493781891,-0.8405302605008169,0.5515473412584859,0.003462699058728664,0.10124087371626912,0.552825593400023,0.00112985043547235,0.5804609959614815,1.0278172083087143,0.0011305333478300909,0.7503456423751742,1.0075635109871321,0.0006587962110832382,0.022429868806257146,0.541931864291544,0.001299652902070934,0.06537756365491536,0.535430747096424,0.0011776796373768356,0.745140500720199,0.9954765884456481,0.0006421066558408714,24.000000000000004,0.0,0.12343724205405664,0.34684386975860637,0.1806897833387153
0.516,0.0,0.0,-0.19598117178931776,1.0718498668640244,0.0031668821004247967,-1.170761655998824,0.4167801242175307,0.0039756138607440344,-0.01627219585073795,0.4085672451011717,0.0010594308500403117,-1.0510643086618618,1.0507284820475895,0.005273683054906382,-1.2464253580203353,0.40366599511476886,0.004101189090741425,0.34593989822795385,0.5694657766161442,0.0005566715204244285,-1.5127095663225485,1.0381237443450522,0.006378373286592369,-1.006066733794905,0.5582441436435245,0.003929364774687415,-0.8474665988844508,0.5515473412584858,0.003480194004398257,0.1016007338691239,0.5528255934000229,0.0011289617992093846,0.5853289025508784,1.0278172083087143,0.001118390530868082,0.7566549384814132,1.007563510987132,0.0006430446715298944,0.022793643648921058,0.541931864291544,0.0012987549887132173,0.06640784600470132,0.535430747096424,0.0011751329586037716,0.751654814496969,0.995476588445648,0.0006258402193136226,24.0,0.0,0.1237063743704587,0.3473134034540069,0.18098997443403003
0.518,0.0,0.0,-0.19705592820428375,1.0718498668640244,0.003169577596633356,-1.167999504050521,0.4167801242175307,0.003968854450540887,-0.017343692636118308,0.4085672451011717,0.0010620986023797741,-1.0433477409780656,1.0507284820475895,0.005254481976773628,-1.2559915987211656,0.40366599511476886,0.0041252283828377605,0.34505376530304055,0.5694657766161442,0.0005588146959704758,-1.5121539558793649,1.0381237443450522,0.006377083276669002,-0.99862150470366,0.5582441436435245,0.003910777193596073,-0.8543406172216724,0.5515473412584858,0.003497534850357341,0.10196516871284804,0.5528255934000229,0.0011280621488272476,0.5902073885149368,1.0278172083087143,0.0011062207643945895,0.7629725365061717,1.007563510987132,0.0006272714312642968,0.023162070634678983,0.541931864291544,0.0012978455516065575,0.0674498047844638,0.535430747096424,0.001172557252729307,0.7581764064203811,0.995476588445648,0.0006095544348716975,24.0,0.0,0.12397550668686076,0.34778293714940745,0.18129016552934477
0.52,0.0,0.0,-0.19812717428650173,1.0718498668640246,0.0031722644876707707,-1.165179157579252,0.41678012421753075,0.00396194907067013,-0.01841945590002177,0.40856724510117176,0.0010647773443432252,-1.0355954287071498,1.0507284820475895,0.005235190557564138,-1.2655075688434556,0.4036659951147689,0.004149143984589837,0.34413862285435043,0.5694657766161443,0.0005610300282827594,-1.511558679133907,1.0381237443450524,0.006375694250561044,-0.9911666267001712,0.5582441436435245,0.0038921641208679615,-0.8611516399818211,0.5515473412584859,0.0035147198962003955,0.10233434761741012,0.552825593400023,0.0011271510617179375,0.5950962530046634,1.0278172083087143,0.0010940245494844437,0.7692980575985204,1.0075635109871321,0.0006114774362024012,0.02353519261151911,0.541931864291544,0.0012969244841421626,0.06850350507950428,0.535430747096424,0.0011699523557799005,0.7647048151517373,0.9954765884456481,0.0005932504550631676,24.000000000000004,0.0,0.12424463900326282,0.348252470844808,0.1815903566246595
0.522,0.0,0.0,-0.1991948413030944,1.0718498668640244,0.003174942602876315,-1.1623008129961359,0.4167801242175307,0.0039548982044919564,-0.019499354701450863,0.4085672451011717,0.0010674667525029837,-1.0278077648597395,1.0507284820475895,0.005215809776886848,-1.2749724776478193,0.40366599511476886,0.004172933909895561,0.3431943283073584,0.5694657766161442,0.0005633178844044844,-1.5109236751416166,1.0381237443450522,0.006374206058697398,-0.9837026470892554,0.5582441436435245,0.003873526925859239,-0.8678989963272333,0.5515473412584858,0.0035317474531007674,0.10270844026511054,0.5528255934000229,0.001126228114456532,0.5999952947645516,1.0278172083087143,0.0010818023882601272,0.7756311224475901,1.007563510987132,0.0005956636334715288,0.023913052630843295,0.541931864291544,0.0012959916792000623,0.06956901145878591,0.535430747096424,0.0011673181050422994,0.7712395790683346,0.995476588445648,0.0005769294332347768,24.0,0.0,0.12451377131966489,0.3487220045402085,0.18189054771997423
0.524,0.0,0.0,-0.2002588600438608,1.0718498668640244,0.003177611770417797,-1.1593646697753235,0.4167801242175307,0.003947702343034166,-0.02058325654399106,0.4085672451011717,0.0010701664995065566,-1.0199851436654377,1.0507284820475895,0.005196340617268322,-1.284385538137436,0.40366599511476886,0.00419659618190647,0.342220743385862,0.5694657766161442,0.0005656786207719644,-1.5102488818408004,1.0381237443450522,0.006372618548716672,-0.9762301127014599,0.5582441436435245,0.00385486697683195,-0.874582020174135,0.5515473412584858,0.003548615843964298,0.10308761663607623,0.5528255934000229,0.0011252928828372809,0.6049043121451492,1.0278172083087143,0.0010695547838604066,0.7819713513072327,1.007563510987132,0.0005798309713488545,0.024295693946399462,0.541931864291544,0.0012950470291517519,0.07064638796273326,0.535430747096424,0.0011646543390940952,0.7777802362989416,0.995476588445648,0.0005605925234432835,24.0,0.0,0.12478290363606695,0.34919153823560906,0.18219073881528897
0.526,0.0,0.0,-0.2013191608122934,1.0718498668640246,0.003180271817269714,-1.1563709304499947,0.41678012421753075,0.003940361984982136,-0.021671027390536023,0.40856724510117176,0.001072876254112907,-1.0121279606240876,1.0507284820475895,0.005176784064282568,-1.293745967098499,0.4036659951147689,0.004220128833130513,0.34121773416661255,0.5694657766161443,0.0005681125830757057,-1.5095342360526967,1.0381237443450524,0.006370931565464632,-0.9687495698558953,0.5582441436435245,0.0038361856408624605,-0.8812000502529707,0.5515473412584859,0.0035653234035815523,0.10347204699368659,0.552825593400023,0.001124344941909867,0.6098231031156438,1.0278172083087143,0.0010572822404089127,0.7883183640207363,1.0075635109871321,0.0005639803991997486,0.02468316001320406,0.541931864291544,0.0012940904258628616,0.07173569809105665,0.535430747096424,0.001161960897834227,0.7843263247592839,0.9954765884456481,0.0005442408803667664,24.000000000000004,0.0,0.12505203595246903,0.3496610719310096,0.1824909299106037
0.528,0.0,0.0,-0.20237567341635274,1.0718498668640244,0.0031829225691907947,-1.1533198006083616,0.4167801242175307,0.003932877636668814,-0.022762531678228077,0.4085672451011717,0.0010755956812292693,-1.0042366125562978,1.0507284820475895,0.005157141106679193,-1.3030529851400179,0.40366599511476886,0.00424352990553317,0.3401851711329863,0.5694657766161442,0.0005706201061238291,-1.5087796734826204,1.0381237443450522,0.006369144950994372,-0.9612615643225222,0.5582441436435245,0.0038174842837485497,-0.8877524301681674,0.5515473412584858,0.0035818684787786415,0.10386190186993184,0.5528255934000229,0.0011233838660158408,0.6147514652764644,1.0278172083087143,0.0010449852629826762,0.7946717800455921,1.007563510987132,0.0005481128674159891,0.02507549448645456,0.541931864291544,0.00129312176069585,0.07283700479060251,0.535430747096424,0.0011592376225134184,0.7908773821875368,0.995476588445648,0.0005278756592159104,24.0,0.0,0.1253211682688711,0.35013060562641013,0.18279112100591843
0.53,0.0,0.0,-0.2034283271590029,1.0718498668640244,0.0031855638507009426,-1.150211488889674,0.4167801242175307,0.003925249812064731,-0.023857632333612225,0.4085672451011717,0.0010783244419484994,-0.9963114976531727,1.0507284820475895,0.005137412736509719,-1.3123058167329973,0.40366599511476886,0.004266797450636967,0.33912292922767057,0.5694657766161442,0.0005732015137078947,-1.5079851287221853,1.0381237443450522,0.006367258544569181,-0.9537666412838918,0.5582441436435245,0.003798764269915117,-0.8942385084573304,0.5515473412584858,0.0035982494285666335,0.10425735205070429,0.5528255934000229,0.0011224092288252276,0.6196891958718967,1.0278172083087143,0.0010326643575806246,0.8010312184783132,1.007563510987132,0.0005322293273538495,0.02547274122043198,0.541931864291544,0.0012921409245127238,0.07395037044323104,0.535430747096424,0.0011564843557645538,0.7974329461798206,0.995476588445648,0.0005114980156452781,24.0,0.0,0.12559030058527318,0.35060013932181067,0.18309131210123317
0.532,0.0,0.0,-0.20447705082851148,1.0718498668640246,0.0031881954850575688,-1.1470462069802287,0.41678012421753075,0.003917479032768012,-0.02495619078800176,0.40856724510117176,0.0010810621935869599,-0.9883530155251801,1.0507284820475895,0.005117599949251906,-1.3215036902490103,0.4036659951147689,0.004289929529619416,0.33803088790434,0.5694657766161443,0.0005758571184711843,-1.5071505352526002,1.0381237443450524,0.006365272182668094,-0.9462653452963443,0.5582441436435245,0.0037800269623185405,-0.9006576386498661,0.5515473412584859,0.0036144646242895406,0.10465856856102335,0.552825593400023,0.0011214206033732968,0.6246360918027105,1.0278172083087143,0.0010203200310920438,0.807396298079303,1.0075635109871321,0.0005163307312720475,0.0258749442673933,0.541931864291544,0.0012911478076777802,0.07507585685372245,0.535430747096424,0.0011537009416329824,0.8039925542256975,0.9954765884456481,0.0004951091056645688,24.000000000000004,0.0,0.12585943290167526,0.3510696730172112,0.1833915031965479
0.534,0.0,0.0,-0.20552177268851812,1.0718498668640244,0.0031908172942313397,-1.143824169609378,0.4167801242175307,0.003909565827994398,-0.02605806699305369,0.4085672451011717,0.0010838085897229338,-0.9803615672500978,1.0507284820475895,0.005097703743931924,-1.3306458379981856,0.40366599511476886,0.004312924213409448,0.33690893117829895,0.5694657766161442,0.0005785872217795104,-1.506275825449038,1.0381237443450522,0.006363185698994132,-0.9387582202506654,0.5582441436435245,0.0037612737223496717,-0.9070091793250304,0.5515473412584858,0.0036305124497708796,0.1050657226501953,0.5528255934000229,0.0011204175620974988,0.6295919496387966,1.0278172083087143,0.0010079527912650094,0.8137666372977745,1.007563510987132,0.0005004180322695723,0.026282147876453887,0.541931864291544,0.0012901423000603767,0.07621352523771331,0.535430747096424,0.001150887225606754,0.8105557437436652,0.995476588445648,0.00047871008554987635,24.0,0.0,0.12612856521807733,0.35153920671261174,0.18369169429186263
0.536,0.0,0.0,-0.20656242046787499,1.0718498668640244,0.0031934290988813565,-1.1405455945455354,0.4167801242175307,0.003901510734567272,-0.027163119436551992,0.4085672451011717,0.0010865632802355635,-0.9723375554199792,1.0507284820475895,0.005077725123244219,-1.339731496266631,0.40366599511476886,0.004335779582782386,0.33575694767606684,0.5694657766161442,0.000581392113594613,-1.5053609305860705,1.0381237443450522,0.006360998924485226,-0.9312458093322037,0.5582441436435245,0.0037425059097354746,-0.9132924941693984,0.5515473412584858,0.003646391301458791,0.10547898577690841,0.5528255934000229,0.001119399676874569,0.634556565631813,1.0278172083087143,0.0009955631466747941,0.8201418542967165,1.007563510987132,0.0004844921842233935,0.02669439649245974,0.541931864291544,0.0012891242910377254,0.07736343620966414,0.535430747096424,0.0011480430546467768,0.8171220521166467,0.995476588445648,0.00046230211175495695,24.0,0.0,0.1263976975344794,0.3520087404080123,0.18399188538717737
0.538,0.0,0.0,-0.20759892135026367,1.0718498668640246,0.003196030718329749,-1.1372107025921783,0.41678012421753075,0.0038933142969076653,-0.02827120515839683,0.40856724510117176,0.0010893259113443094,-0.9642813841870788,1.0507284820475895,0.005057665093668922,-1.3487599053533055,0.4036659951147689,0.0043584937284534995,0.33457483068388283,0.5694657766161443,0.0005842720723501936,-1.5044057808441669,1.0381237443450524,0.006358711687327807,-0.9237286549804535,0.5582441436435245,0.0037237248824393207,-0.9195069520337533,0.5515473412584859,0.0036620995885697106,0.1058985295942643,0.552825593400023,0.0011183665190577865,0.6395297357278358,1.0278172083087143,0.0009831516066922533,0.8265215669779082,1.0075635109871321,0.00046855414172603915,0.027111734754849567,0.541931864291544,0.0012880936694977109,0.07852564977085963,0.535430747096424,0.0011451682772168998,0.823691016727471,0.9954765884456481,0.0004458863408225036,24.000000000000004,0.0,0.12666682985088148,0.3524782741034128,0.1842920764824921
0.54,0.0,0.0,-0.2086312019635927,1.0718498668640244,0.00319862197053572,-1.133819717583844,0.4167801242175307,0.0038849770670242724,-0.029382179766797707,0.4085672451011717,0.0010920961256489213,-0.9561934593086826,1.0507284820475895,0.00503752466558667,-1.357730309606365,0.40366599511476886,0.0043810647511701864,0.3333624781951083,0.5694657766161442,0.0005872273648306534,-1.50341030531725,1.0381237443450522,0.006356323812973048,-0.9162072988481056,0.5582441436435245,0.0037049319965599447,-0.9256519269893912,0.5515473412584858,0.0036776357332305976,0.10632452593474646,0.5528255934000229,0.0011173176595143967,0.6445112555800153,1.0278172083087143,0.0009707186814521962,0.8329053930069803,1.007563510987132,0.00045260486002305923,0.027534207496506678,0.541931864291544,0.0012870503238417363,0.07970022529744294,0.535430747096424,0.001142262743313911,0.8302621749943443,0.995476588445648,0.00042946392929544246,24.0,0.0,0.12693596216728356,0.35294780779881335,0.18459226757780683
0.542,0.0,0.0,-0.20965918836917982,1.0718498668640244,0.003201202672069043,-1.1303728663821162,0.4167801242175307,0.0038764996045034367,-0.03049589745466856,0.4085672451011717,0.0010948735621699236,-0.9480741881907891,1.0507284820475895,0.00501730485339068,-1.366641957458993,0.40366599511476886,0.004403490761802836,0.3321197929565052,0.5694657766161442,0.0005902582460525897,-1.502374432021303,1.0381237443450522,0.0063538351241557555,-0.908682281759571,0.5582441436435245,0.0036861286062290755,-0.9317267983838394,0.5515473412584858,0.0036929981706196923,0.1067571467951268,0.5528255934000229,0.001116252668663191,0.6495009205612343,1.0278172083087143,0.0009582648818217474,0.8392929498385208,1.007563510987132,0.00043664529495037905,0.02796185974260057,0.541931864291544,0.0012859941419875935,0.08088722152848528,0.535430747096424,0.0011393263044974528,0.8368350644063062,0.995476588445648,0.00041303603362825934,24.0,0.0,0.12720509448368564,0.3534173414942139,0.18489245867312157
0.544,0.0,0.0,-0.210682806050724,1.0718498668640246,0.003203772638083011,-1.1268703788716006,0.41678012421753075,0.003867882476499117,-0.0316122110162228,0.40856724510117176,0.0010976578563896009,-0.9399239799305876,1.0507284820475895,0.004997006675595946,-1.375494101464734,0.4036659951147689,0.004425769881434405,0.33084668251336957,0.5694657766161443,0.0005933649591490978,-1.5012980879040216,1.0381237443450524,0.006351245440915889,-0.9011541436689827,0.5582441436435245,0.0036673160635077385,-0.937730950895985,0.5515473412584859,0.003708185349105814,0.10719656432131089,0.552825593400023,0.0011151711165122405,0.654498525776766,1.0278172083087143,0.0009457907193686999,0.8456838547412256,1.0075635109871321,0.0004206764028715285,0.028394736709418188,0.541931864291544,0.0012849250113723587,0.08208669655409215,0.535430747096424,0.001136358813919847,0.8434092225586705,0.9954765884456481,0.00039660381009835486,24.000000000000004,0.0,0.12747422680008771,0.3538868751896144,0.1851926497684363
0.546,0.0,0.0,-0.21170197990307146,1.0718498668640244,0.003206331682286871,-1.1233124879558862,0.4167801242175307,0.003859126257722828,-0.032730971863766174,0.4085672451011717,0.0011004486402934864,-0.9317432453576845,1.0507284820475895,0.004976631154945443,-1.3842859983323486,0.40366599511476886,0.004447900241448757,0.3295430592535002,0.5694657766161442,0.0005965477352569365,-1.5001811988555038,1.0381237443450522,0.0063485545806226855,-0.8936234236176807,0.5582441436435245,0.0036484957182812685,-0.9436637745906121,0.5515473412584858,0.003723195730386177,0.10764295079312305,0.5528255934000229,0.0011140725726967802,0.6595038660769317,1.0278172083087143,0.0009332967063298706,0.8520777248230932,1.007563510987132,0.0004046991406147657,0.028832883803184797,0.541931864291544,0.0012838428189553147,0.08329870780354762,0.535430747096424,0.0011333601263558296,0.8499841871884461,0.995476588445648,0.0003801684147174439,24.0,0.0,0.1277433591164898,0.35435640888501496,0.18549284086375104
0.548,0.0,0.0,-0.21271663422078094,1.0718498668640244,0.00320887961691774,-1.1196994295534906,0.4167801242175307,0.003850231530433542,-0.033852030044685365,0.4085672451011717,0.0011032455424123447,-0.9235323970740283,1.0507284820475895,0.004956179318513185,-1.3930169089602025,0.40366599511476886,0.0044698799836177935,0.3282088404499821,0.5694657766161442,0.00059980679340661,-1.4990236897199685,1.0381237443450522,0.00634576235800139,-0.8860906596911864,0.5582441436435245,0.0036296689181530128,-0.949524664972344,0.5515473412584858,0.003738027789622745,0.10809647860903197,0.5528255934000229,0.0011129566065172496,0.6645167360697536,1.0278172083087143,0.0009207833555794565,0.8584741770566595,1.007563510987132,0.0003887144654100969,0.02927634661887439,0.541931864291544,0.001282747451220898,0.08452331203349794,0.535430747096424,0.001130330098232191,0.8565594962097361,0.995476588445648,0.0003637310031430047,24.0,0.0,0.12801249143289187,0.3548259425804155,0.18579303195906577
0.55,0.0,0.0,-0.21372669268649302,1.0718498668640246,0.003211416252712014,-1.116031442593784,0.41678012421753075,0.0038411988844275534,-0.03497523425863023,0.40856724510117176,0.0011060481878646428,-0.9152918494924881,1.0507284820475895,0.004935652197804044,-1.4016860984702029,0.4036659951147689,0.004491707260187429,0.3268439483027681,0.5694657766161443,0.0006031423404154055,-1.497825484308495,1.0381237443450524,0.006342868585162552,-0.878556388975674,0.5582441436435245,0.003610837008336777,-0.955313023038989,0.5515473412584859,0.0037526800155770748,0.10855732027081783,0.552825593400023,0.0011118227869774777,0.6695369301336039,1.0278172083087143,0.0009082511805974017,0.8648728283042761,1.0075635109871321,0.0003727233348261816,0.029725170939009563,0.541931864291544,0.0012816387941816743,0.08576056531617587,0.535430747096424,0.0011272685876573152,0.8631346877491113,0.9954765884456481,0.00034729273058977994,24.000000000000004,0.0,0.12828162374929394,0.35529547627581604,0.1860932230543805
0.552,0.0,0.0,-0.21473207835910915,1.0718498668640244,0.003213941398876293,-1.112308769012892,0.4167801242175307,0.003832028917028287,-0.03610043187488746,0.4085672451011717,0.001108856198399505,-0.9070220188740399,1.0507284820475895,0.004915050828850194,-1.4102928362412999,0.40366599511476886,0.004513380233962429,0.3254483099790383,0.5694657766161442,0.0006065545707834402,-1.4965865054127745,1.0381237443450522,0.006339873071633868,-0.8710211475139444,0.5582441436435245,0.003592001331547996,-0.961028255334287,0.5515473412584858,0.0037671509107436874,0.10902564836818185,0.5528255934000229,0.0011106706828230128,0.6745642424298454,1.0278172083087143,0.0008957006954377759,0.8712732953434272,1.007563510987132,0.00035672670670713945,0.03017940273245077,0.541931864291544,0.0012805167333813361,0.08701052302766703,0.535430747096424,0.0011241754544506204,0.8697093001809559,0.995476588445648,0.0003308547517413418,24.0,0.0,0.12855075606569602,0.3557650099712166,0.18639341414969524
0.554,0.0,0.0,-0.21573271366178515,1.0718498668640244,0.003216454863057834,-1.1085316537495717,0.4167801242175307,0.003822722233076057,-0.03722746894994352,0.4085672451011717,0.001111669192440148,-0.8987233233635206,1.0507284820475895,0.004894376252304073,-1.418836395942562,0.40366599511476886,0.004534897078390172,0.3240218576523228,0.5694657766161442,0.0006100436665927647,-1.4953066748198625,1.0381237443450522,0.006336775624394567,-0.8634854702609108,0.5582441436435245,0.003573163227893672,-0.9666697740000552,0.5515473412584858,0.0037814389914819324,0.10950163556329923,0.5528255934000229,0.0011094998625796027,0.6795984669154636,1.0278172083087143,0.0008831324146971722,0.877675194892086,1.007563510987132,0.00034072553910926174,0.030639088153174912,0.541931864291544,0.001279381153897733,0.08827323983621957,0.535430747096424,0.0011210505601718926,0.8762828721627834,0.995476588445648,0.0003144182206617302,24.0,0.0,0.1288198883820981,0.3562345436666171,0.18669360524500997
0.556,0.0,0.0,-0.2167285203697455,1.0718498668640246,0.003218956451314524,-1.1047003447410577,0.41678012421753075,0.0038132794449177564,-0.038356190245234595,0.40856724510117176,0.0011144867851277881,-0.8903961830239087,1.0507284820475895,0.004873629513527775,-1.4273160555658413,0.4036659951147689,0.004556255977643328,0.32256452854036954,0.5694657766161443,0.0006136097974095537,-1.4939859133279216,1.0381237443450524,0.0063335760479122875,-0.855949891038604,0.5582441436435245,0.0035543240347610883,-0.9722369968277289,0.5515473412584859,0.0037955427881463527,0.10998545457531622,0.552825593400023,0.0011083098945918095,0.6846393973556886,1.0278172083087143,0.0008705468534831268,0.8840781436341084,1.0075635109871321,0.0003247207902376154,0.031104273539043138,0.541931864291544,0.0012782319403459228,0.08954876969059865,0.535430747096424,0.001117893768150511,0.8828549426705178,0.9954765884456481,0.0002979842907071617,24.000000000000004,0.0,0.12908902069850017,0.35670407736201765,0.1869937963403247
0.558,0.0,0.0,-0.21771941959792365,1.0718498668640244,0.003221445968084425,-1.1008150929188771,0.4167801242175307,0.003803701172396471,-0.039486439245081356,0.4085672451011717,0.0011173085883660159,-0.8820410198690946,1.0507284820475895,0.0048528116626787455,-1.435731097458037,0.40366599511476886,0.004577455126701525,0.32107626494174346,0.5694657766161442,0.0006172531201894365,-1.4926241407629464,1.0381237443450522,0.006330274144182435,-0.8484149424907056,0.5582441436435245,0.0035354850867053214,-0.9777293473092986,0.5515473412584858,0.0038094608452155366,0.11047727816479254,0.5528255934000229,0.0011071003470617667,0.6896868273366031,1.0278172083087143,0.0008579445273825642,0.8904817582446641,1.007563510987132,0.0003087134183825588,0.031575005410557785,0.541931864291544,0.0012770689768812524,0.09083716580848691,0.535430747096424,0.0011147049435145634,0.8894250510337386,0.995476588445648,0.0002815541144378256,24.0,0.0,0.12935815301490225,0.3571736110574182,0.18729398743563944
0.56,0.0,0.0,-0.21870533178843465,1.0718498668640244,0.0032239232161548705,-1.0968761522046269,0.4167801242175307,0.0037939880428410197,-0.04061805817480622,0.4085672451011717,0.0011201342108656325,-0.873658257895106,1.0507284820475895,0.00483192375479171,-1.4440808083529713,0.40366599511476886,0.004598492731432015,0.3195570142711415,0.5694657766161442,0.0006209737791860018,-1.4912212759964527,1.0381237443450522,0.0063268697127699955,-0.84088115603662,0.5582441436435245,0.0035166477153355754,-0.9831462546876382,0.5515473412584858,0.003823191721419461,0.11097727911808987,0.5528255934000229,0.001105870788088076,0.6947405502777374,1.0278172083087143,0.0008453259524302778,0.8968856554157025,1.007563510987132,0.0002927043818561695,0.03205133046960836,0.541931864291544,0.0012758921472024658,0.09213848066493244,0.535430747096424,0.0011114839532198428,0.8959927369708874,0.995476588445648,0.0002651288435297736,24.0,0.0,0.12962728533130433,0.3576431447528187,0.18759417853095417
0.562,0.0,0.0,-0.219686176697886,1.0718498668640246,0.003226387996631148,-1.0928837795057105,0.41678012421753075,0.0037841406910553944,-0.04175088801903077,0.40856724510117176,0.001122963258189945,-0.8652483231097547,1.0507284820475895,0.004810966849856739,-1.4523644794028845,0.4036659951147689,0.004619367008669351,0.3180067290934109,0.5694657766161443,0.000624771905862507,-1.4897772369641267,1.0381237443450524,0.006323362550853763,-0.8333490618250927,0.5582441436435245,0.003497813249200361,-0.9884871540062237,0.5515473412584859,0.00383673398986531,0.11148563023170757,0.552825593400023,0.001104620785704833,0.6998003594446465,1.0278172083087143,0.0008326916450774422,0.903289451881453,1.0075635109871321,0.0002766946389285741,0.03253329559820646,0.541931864291544,0.0012747013345548392,0.0934527659808453,0.535430747096424,0.0011082306660787288,0.9025575406244315,0.9954765884456481,0.0002487096286869017,24.000000000000004,0.0,0.1298964176477064,0.35811267844821926,0.1878943696262689
0.5640000000000001,0.0,0.0,-0.22066187338453327,1.0718498668640244,0.003228840108904776,-1.0888382347110317,0.4167801242175307,0.003774159759308103,-0.042884768540151115,0.4085672451011717,0.0011257953328005063,-0.8568116435606757,1.0507284820475895,0.004789942012893361,-1.4605814062095623,0.40366599511476886,0.004640076186294133,0.3164253671562571,0.5694657766161442,0.0006286476188068332,-1.4882919406854127,1.0381237443450522,0.006319752453272947,-0.8258191886873882,0.5582441436435245,0.003478983013671543,-0.9937514861582414,0.5515473412584858,0.003850086238161774,0.11200250429656644,0.5528255934000229,0.0011033499079207885,0.7048660479614709,1.0278172083087143,0.0008200421221601695,0.909692764443959,1.007563510987132,0.00026068514776419723,0.033020947857209534,0.541931864291544,0.0012734964217333438,0.0947800727115444,0.535430747096424,0.0011049449527889468,0.909119002595983,0.995476588445648,0.0002322976195530413,24.0,0.0,0.13016554996410848,0.3585822121436198,0.18819456072158364
0.5660000000000001,0.0,0.0,-0.22163234019528688,1.0718498668640244,0.0032312793506213944,-1.0847397806866397,0.4167801242175307,0.0037640458973214057,-0.04401953829698868,0.4085672451011717,0.001128630034103307,-0.8483486493617289,1.0507284820475895,0.004768850314020663,-1.4687308888551023,0.40366599511476886,0.004660618503310828,0.31481289142163116,0.5694657766161442,0.0006326010236497177,-1.4867653032840336,1.0381237443450522,0.006316039212576162,-0.8182920640900359,0.5582441436435245,0.0034601583308272823,-0.9989386979350818,0.5515473412584858,0.0038632470685418183,0.11252807408224162,0.5528255934000229,0.0011020577227586412,0.7099374088234767,1.0278172083087143,0.0008073779008681084,0.9160952099986427,1.007563510987132,0.00024467686635793243,0.03351433448503335,0.541931864291544,0.0012722772910858363,0.09612045103535562,0.535430747096424,0.001101626685962199,0.9156766639813703,0.995476588445648,0.00021589396462416254,24.0,0.0,0.13043468228051056,0.35905174583902033,0.18849475181689837
0.5680000000000001,0.0,0.0,-0.2225974947525767,1.0718498668640246,0.0032337055176482788,-1.0805886832713205,0.41678012421753075,0.0037537997622604257,-0.045155034663614146,0.40856724510117176,0.0011314669584954011,-0.8398597727177399,1.0507284820475895,0.004747692828523296,-1.476812231932327,0.4036659951147689,0.0046809922099246785,0.3131692700957843,0.5694657766161443,0.0006366322129862828,-1.4851972400094242,1.0381237443450524,0.006312222619072715,-0.8107682140871564,0.5582441436435245,0.0034413405193339007,-1.0040482420742194,0.5515473412584859,0.0038762150979839193,0.11306251232114561,0.552825593400023,0.0011007437982944535,0.715014234909574,1.0278172083087143,0.000794699498713094,0.9224964055599015,1.0075635109871321,0.00022867075247122364,0.03401350289635308,0.541931864291544,0.0012710438245162768,0.09747395034226279,0.535430747096424,0.001098275740152671,0.9222300664056589,0.9954765884456481,0.00019949981116069467,24.000000000000004,0.0,0.13070381459691263,0.35952127953442087,0.1887949429122131
0.5700000000000001,0.0,0.0,-0.2235572539410816,1.0718498668640244,0.0032361184040415026,-1.0763852112721337,0.4167801242175307,0.0037434220187221277,-0.04629109384834211,0.4085672451011717,0.0011343056994119647,-0.8313454479475556,1.0507284820475895,0.004726470636913323,-1.4848247445748526,0.40366599511476886,0.00470119556761774,0.3114944766579814,0.5694657766161442,0.0006407412663008996,-1.483587665259067,1.0381237443450522,0.00630830246088619,-0.8032481632723812,0.5582441436435245,0.003422530894326702,-1.0090795773064747,0.5515473412584858,0.003888988958331763,0.1136059916926624,0.5528255934000229,0.0010994077026971933,0.7200963189948135,1.0278172083087143,0.0007820074334978505,0.9288959682867334,1.007563510987132,0.000212667763568076,0.03451850068079288,0.541931864291544,0.0012697959034879776,0.09884061922261284,0.535430747096424,0.001094891991885403,0.9287787520581193,0.995476588445648,0.00018311630509997291,24.0,0.0,0.1309729469133147,0.3599908132298214,0.18909513400752784
0.5720000000000001,0.0,0.0,-0.2245115338943307,1.0718498668640244,0.003238517802012765,-1.0721296364598851,0.4167801242175307,0.0037329133387241607,-0.04742755091289399,0.4085672451011717,0.0011371458473737846,-0.8228061115053935,1.0507284820475895,0.004705184824987863,-1.492767740486821,0.40366599511476886,0.004721226849224054,0.3097884898878635,0.5694657766161442,0.0006449282498954069,-1.481936492601712,1.0381237443450522,0.006304278524010299,-0.7957324347303762,0.5582441436435245,0.0034037307672897645,-1.0140321684026596,0.5515473412584858,0.0039015672964124015,0.11415868480723375,0.5528255934000229,0.0010980490042684014,0.7251834537628565,1.0278172083087143,0.0007693022232847518,0.9352935155083902,1.007563510987132,0.0001966688567509964,0.03502937560160376,0.541931864291544,0.001268533409026878,0.10022050545587637,0.535430747096424,0.001091475319684528,0.9353222637271383,0.995476588445648,0.00016674459096882173,24.0,0.0,0.13124207922971678,0.36046034692522194,0.18939532510284257
0.5740000000000001,0.0,0.0,-0.2254602499811838,1.0718498668640246,0.0032409035018958884,-1.0678222335645355,0.41678012421753075,0.0037222744016935394,-0.04856423979172675,0.40856724510117176,0.0011399869900351643,-0.8142422020004684,1.0507284820475895,0.004683836483882458,-1.500640537972298,0.4036659951147689,0.004741084339003975,0.3080512938914524,0.5694657766161443,0.000649193216820702,-1.4802436348014678,1.0381237443450524,0.006300150592366911,-0.7882215499879824,0.5582441436435245,0.0033849414459347516,-1.0189054862196014,0.5515473412584859,0.003913948774152864,0.1147207641903987,0.552825593400023,0.0010966672714819731,0.7302754318184198,1.0278172083087143,0.0007565843863646443,0.9416886647500582,1.0075635109871321,0.00018067498869685477,0.035546175594329724,0.541931864291544,0.0012672562217248507,0.10161365599946508,0.535430747096424,0.0010880256041013692,0.9418601448350717,0.9954765884456481,0.00015038581179627447,24.000000000000004,0.0,0.13151121154611886,0.3609298806206225,0.1896955161981573
0.5760000000000001,0.0,0.0,-0.2264033167921985,1.0718498668640244,0.0032432752921130203,-1.0634632802705368,0.4167801242175307,0.0037115058944551657,-0.04970099331152497,0.4085672451011717,0.001142828712232246,-0.8056541602148785,1.0507284820475895,0.004662426710120145,-1.5084424599643478,0.40366599511476886,0.004760766332717667,0.3062828781257906,0.5694657766161442,0.0006535362068117294,-1.478509003842746,1.0381237443450522,0.0062959184478663,-0.780716028964988,0.5582441436435245,0.0033661642340787673,-1.0236990077455468,0.5515473412584858,0.0039261320686952185,0.11529240226678729,0.5528255934000229,0.0010952620730240606,0.7353720456996918,1.0278172083087143,0.0007438544412257361,0.9480810337585636,1.007563510987132,0.00016468711559268435,0.03606894876546196,0.541931864291544,0.0012659642217430359,0.1030201169776074,0.535430747096424,0.0010845427277423973,0.9483919394730356,0.995476588445648,0.00013404110902644068,24.0,0.0,0.13178034386252094,0.361399414316023,0.18999570729347204
0.578,0.0,0.0,-0.22734064812589147,1.0718498668640244,0.0032456329591405574,-1.0590530572120922,0.4167801242175307,0.003700608511220169,-0.05083764321085373,0.4085672451011717,0.0011456705960317419,-0.797042429119739,1.0507284820475895,0.00464095660565617,-1.5161728340537837,0.40366599511476886,0.0047802711376977915,0.30448323742221006,0.5694657766161442,0.000657957246225884,-1.4767325109560439,1.0381237443450522,0.006291581870469496,-0.7732163899245446,0.5582441436435245,0.0033474004315212813,-1.0284122161449416,0.5515473412584858,0.003938115872510082,0.11587377134406959,0.5528255934000229,0.0010938329778330891,0.7404730878907194,1.0278172083087143,0.000731112906522556,0.9544702405281026,1.007563510987132,0.0001487061930714209,0.03659774339108095,0.541931864291544,0.0012646572888152052,0.10443993367028365,0.535430747096424,0.0010810265752970417,0.9549171924356322,0.995476588445648,0.0001177116224315311,24.0,0.0,0.13204947617892301,0.36186894801142355,0.19029589838878677
0.58,0.0,0.0,-0.22827215697490183,1.0718498668640244,0.0032479762874747897,-1.0545918479683354,0.4167801242175307,0.0036895829535740572,-0.05197402015996979,0.4085672451011717,0.0011485122207800635,-0.7884074538895521,1.0507284820475895,0.004619427277918321,-1.5238309925176052,0.40366599511476886,0.004799597072921381,0.30265237200822637,0.5694657766161442,0.0006624563479848352,-1.4749140666445468,1.0381237443450522,0.00628714063825274,-0.7657231494232414,0.5582441436435245,0.003328651333920173,-1.0330446008025886,0.5515473412584858,0.003949898893508569,0.11646504359686116,0.5528255934000229,0.0010923795551398832,0.745578350833763,1.0278172083087143,0.0007183603010449871,0.9608559033259942,1.007563510987132,0.00013273317614757337,0.03713260791548629,0.541931864291544,0.001263335302251158,0.105873150502222,0.535430747096424,0.0010774770335653509,0.9614354492556104,0.995476588445648,0.00010139849002503947,24.0,0.0,0.1323186084953251,0.3623384817068241,0.1905960894841015
0.582,0.0,0.0,-0.2291977555120646,1.0718498668640244,0.0032503050595973156,-1.0500799390584223,0.4167801242175307,0.003678429930464665,-0.053109953780788546,0.4085672451011717,0.0011513531631528538,-0.7797496819148045,1.0507284820475895,0.004597839839842854,-1.531416272347121,0.40366599511476886,0.0048187424690809355,0.3007902875280532,0.5694657766161442,0.0006670335115197945,-1.473053580711534,1.0381237443450522,0.0062825945274739975,-0.7582368222608532,0.5582441436435245,0.0033099182326669146,-1.0375956573671778,0.5515473412584858,0.003961479855152687,0.11706639105058587,0.5528255934000229,0.0010909013745079043,0.7506876269416193,1.0278172083087143,0.0007055971436873782,0.9672376407184542,1.007563510987132,0.00011676901915284421,0.037673590949814206,0.541931864291544,0.0012619981409401444,0.10731981103195684,0.535430747096424,0.001073893991485505,0.967946256238454,0.995476588445648,8.510284797509399e-05,24.0,0.0,0.13258774081172717,0.3628080154022246,0.19089628057941624
0.584,0.0,0.0,-0.23011735507640252,1.0718498668640244,0.0032526190559402225,-1.0455176199365315,0.4167801242175307,0.0036671501581898823,-0.054245272667004164,0.4085672451011717,0.0011541929972049005,-0.7710695628127865,1.0507284820475895,0.004576195409905986,-1.5389280152757623,0.40366599511476886,0.004837705668654725,0.2988969950617356,0.5694657766161442,0.0006716887227202275,-1.4711509622885695,1.0381237443450522,0.006277943312641465,-0.7507579214297753,0.5582441436435245,0.0032912024147609444,-1.0420648877941912,0.5515473412584858,0.003972857496564159,0.11767798556529746,0.5528255934000229,0.0010893980058735927,0.7558007086099093,1.0278172083087143,0.0006928239534177374,0.9736150715963892,1.007563510987132,0.00010081467567169434,0.0382207412706424,0.541931864291544,0.0012606456833543244,0.10877995794095059,0.535430747096424,0.0010702773401611678,0.9744491604968992,0.995476588445648,6.882583051798508e-05,24.0,0.0,0.13285687312812924,0.36327754909762516,0.19119647167473097
0.586,0.0,0.0,-0.23103086615904458,1.0718498668640244,0.003254918054851067,-1.0409051829867648,0.4167801242175307,0.003655744360385155,-0.055379804404360335,0.4085672451011717,0.0011570312944204398,-0.7623675484366292,1.0507284820475895,0.00455449511215094,-1.5463655678065915,0.40366599511476886,0.0048564850259763285,0.2969725111428999,0.5694657766161442,0.0006764219538860214,-1.469206119864461,1.0381237443450522,0.006273186766584053,-0.7432869580641615,0.5582441436435245,0.003272505162683249,-1.0464518003881795,0.5515473412584858,0.0039840305726316924,0.1182999988194606,0.5528255934000229,0.0010878690195868137,0.7609173882293309,1.0278172083087143,0.0006800412492470123,0.9799878152012095,1.007563510987132,8.487109847685693e-05,0.03877410781858216,0.541931864291544,0.0012592778075522543,0.11025363302278048,0.535430747096424,0.0010666269728886837,0.9809437099853754,0.995476588445648,5.256856987187198e-05,24.0,0.0,0.13312600544453132,0.3637470827930257,0.1914966627700457
0.588,0.0,0.0,-0.23193819838907978,1.0718498668640244,0.0032572018325576725,-1.0362429235179453,0.4167801242175307,0.003644213268010739,-0.056513375591069025,0.4085672451011717,0.0011598676237638303,-0.7536440928825585,1.0507284820475895,0.004532740076210547,-1.5537282812395055,0.40366599511476886,0.0048750789073034005,0.29501685777511943,0.5694657766161442,0.0006812331636831106,-1.4672189613149658,1.0381237443450522,0.006268324660523783,-0.735824441388781,0.5582441436435245,0.003253827754269215,-1.0507559098444104,0.5515473412584858,0.003994997854116663,0.1189326022936929,0.5528255934000229,0.0010863139864514058,0.7660374581978736,1.0278172083087143,0.0006672495501984585,0.9863554911506589,1.007563510987132,6.893923946480612e-05,0.03933373969685758,0.541931864291544,0.0012578943911824047,0.11174087717239163,0.535430747096424,0.001062942785184109,0.9874294535343684,0.995476588445648,3.6332196150681564e-05,24.0,0.0,0.1333951377609334,0.36421661648842624,0.19179685386536044
0.59,0.0,0.0,-0.23283926051935497,1.0718498668640244,0.0032594701631327608,-1.0315311397583047,0.4167801242175307,0.00363255761933869,-0.05764581185837464,0.4085672451011717,0.0011627015517306019,-0.7448996524953657,1.0507284820475895,0.0045109314373253705,-1.561015511698138,0.40366599511476886,0.004893485690885686,0.29303006244689705,0.5694657766161442,0.0006861222971025619,-1.465189393933227,1.0381237443450522,0.006263356764150046,-0.7283708786676097,0.5582441436435245,0.003235171462580764,-1.0549767372898848,0.5515473412584858,0.0040057581277572404,0.11957596725446883,0.5528255934000229,0.001084732477765825,0.7711607109329954,1.0278172083087143,0.0006544493752771016,0.9927177194646601,1.007563510987132,5.3020049591182564e-05,0.03989968616987154,0.541931864291544,0.0012564953114867162,0.11324173037541789,0.535430747096424,0.001059224674810081,0.9939059408847024,0.995476588445648,2.0117837278199047e-05,24.0,0.0,0.13366427007733547,0.3646861501838268,0.19209704496067517
0.592,0.0,0.0,-0.23373396041222574,1.0718498668640244,0.0032617228184584485,-1.0267701328500538,0.4167801242175307,0.0036207781599395883,-0.058776937891260914,0.4085672451011717,0.0011655326423988658,-0.7361346858721001,1.0507284820475895,0.0044890703363573885,-1.5682266201564612,0.40366599511476886,0.0049117037670322675,0.2910121581452652,0.5694657766161442,0.0006910892854231178,-1.46311732446092,1.0381237443450522,0.006258282845695698,-0.7209267751521716,0.5582441436435245,0.0032165375557778354,-1.0591138103237254,0.5515473412584858,0.004016310196370927,0.12023026473778668,0.5528255934000229,0.0010831240653638853,0.7762869388837587,1.0278172083087143,0.0006416412434392971,0.9990741205911747,1.007563510987132,3.711447880617946e-05,0.04047199666175845,0.541931864291544,0.0012550804453041813,0.11475623169757146,0.535430747096424,0.0010554725418025154,1.0003727227217385,0.995476588445648,3.92661890236401e-06,24.0,0.0,0.13393340239373755,0.3651556838792273,0.1923972360559899
0.594,0.0,0.0,-0.23462220502526931,1.0718498668640244,0.0032639595681906255,-1.0219602068438316,0.4167801242175307,0.003608875642668961,-0.05990657744929794,0.4085672451011717,0.0011683604574810817,-0.7275258897696685,1.0507284820475895,0.004467157919799224,-1.5749283537614407,0.40366599511476886,0.004929731538178075,0.2888349919690235,0.5694657766161442,0.0006961340461771974,-1.4610026591200882,1.0381237443450522,0.00625310267201493,-0.7134926340296479,0.5582441436435245,0.00319792729698924,-1.0631666630569294,0.5515473412584858,0.004026652878955528,0.12089566553279987,0.5528255934000229,0.0010814883216555906,0.7814159345429249,1.0278172083087143,0.000628825673562389,1.005424315432075,1.007563510987132,2.122347598989299e-05,0.04105072075492338,0.541931864291544,0.001253649669074464,0.11628441927410307,0.535430747096424,0.0010516862884971316,1.0068293507094868,0.995476588445648,-1.2240335690226201e-05,24.0,0.0,0.13420253471013963,0.36562521757462785,0.19269742715130464
0.596,0.0,0.0,-0.23550390039696892,1.0718498668640244,0.003266180179723234,-1.0171016686930237,0.4167801242175307,0.003596850827653406,-0.061034553387626624,0.4085672451011717,0.0011711845563761741,-0.7193792899085989,1.0507284820475895,0.004445635929543145,-1.5803711628829282,0.40366599511476886,0.004946485872190523,0.28627693305931423,0.5694657766161442,0.0007015769616178016,-1.4588453036456515,1.0381237443450522,0.0062478160086628515,-0.7060689563707697,0.5582441436435245,0.0031793419441829306,-1.0671348361514914,0.5515473412584858,0.004036785010788539,0.12157234016541364,0.5528255934000229,0.0010798248196680577,0.7865474904590068,1.0278172083087143,0.0006160031844144734,1.0117679253690282,1.007563510987132,5.347988887642319e-06,0.0416359081885674,0.541931864291544,0.001252202858841552,0.11782633029933381,0.535430747096424,0.0010478658195558024,1.013275377524629,0.995476588445648,-2.8381905659596862e-05,24.0,0.0,0.1344716670265417,0.3660947512700284,0.19299761824661937
0.598,0.0,0.0,-0.23637895163237913,1.0718498668640244,0.0032683844181524836,-1.012194828247945,0.4167801242175307,0.0035847044822763857,-0.0621606876780779,0.4085672451011717,0.001174004496221996,-0.7116230504858833,1.0507284820475895,0.004425269429890471,-1.58473384154325,0.40366599511476886,0.004960092894994243,0.2833916085015804,0.5694657766161442,0.0007079721088920749,-1.4566451633185624,1.0381237443450522,0.00624242261997676,-0.698656241077512,0.5582441436435245,0.0031607827500357358,-1.0710178768588903,0.5515473412584858,0.004046705443524943,0.1222604588818484,0.5528255934000229,0.0010781331330865231,0.7916813992482764,1.0278172083087143,0.0006031742946242685,1.0181045722893887,1.007563510987132,-1.0511035954740566e-05,0.042227608857198964,0.541931864291544,0.0012507398902574416,0.11938200101625997,0.535430747096424,0.0010440110419927256,1.0197103568904504,0.995476588445648,-4.449697269745257e-05,24.0,0.0,0.13474079934294378,0.3665642849654289,0.1932978093419341
0.6,0.0,0.0,-0.2372472628887815,1.0718498668640244,0.0032705720462410087,-1.00723999824988,0.4167801242175307,0.003572437381163689,-0.06328480143042405,0.4085672451011717,0.001176819831948124,-0.7041947060676196,1.0507284820475895,0.004405878831333682,-1.5881720783537228,0.40366599511476886,0.004970999591645047,0.2802257999902628,0.5694657766161442,0.0007151854202864094,-1.4544021429995935,1.0381237443450522,0.006236922269159037,-0.691254984830606,0.5582441436435245,0.003142250961802591,-1.0748153390579431,0.5515473412584858,0.00405641304529344,0.12296019163217088,0.5528255934000229,0.0010764128362954362,0.7968174536067268,1.0278172083087143,0.0005903395226510947,1.0244338786120997,1.007563510987132,-2.6352653255641846e-05,0.042825872809131055,0.541931864291544,0.0012492606385858629,0.12095146670623239,0.535430747096424,0.0010401218652004102,1.0261338436106757,0.995476588445648,-6.058442111200602e-05,24.0,0.0,0.13500993165934586,0.36703381866082946,0.19359800043724884
0.602,0.0,0.0,-0.23810873736134078,1.0718498668640244,0.0032727428243820144,-1.002237494324973,0.4167801242175307,0.0035600503061685267,-0.06440671491375938,0.4085672451011717,0.0011796301163289893,-0.6970397959178778,1.0507284820475895,0.004387307970288023,-1.590821779674919,0.40366599511476886,0.004979595183671229,0.27682041943559105,0.5694657766161442,0.0007230999415647034,-1.4521161471637327,1.0381237443450522,0.006231314718361614,-0.6838656820368868,0.5582441436435245,0.0031237478211853264,-1.0785267832920225,0.5515473412584858,0.004065906700791072,0.12367170805379436,0.5528255934000229,0.0010746635044196302,0.8019554463219888,1.0278172083087143,0.0005774993867549685,1.0307554673136006,1.007563510987132,-4.217591906241935e-05,0.04343075024496379,0.541931864291544,0.0012477649787060324,0.12253476167871159,0.535430747096424,0.0010361982009754792,1.0325453936032096,0.995476588445648,-7.664313791256927e-05,24.0,0.0,0.13527906397574793,0.36750335235623,0.19389819153256357
0.604,0.0,0.0,-0.23896327726877126,1.0718498668640244,0.0032748965105634134,-0.9971876349779599,0.4167801242175307,0.0035475440463562592,-0.06552624757800754,0.4085672451011717,0.0011824349000373277,-0.6901108999256178,1.0507284820475895,0.004369420694913668,-1.5928014191855302,0.40366599511476886,0.00498621943697422,0.2732111989710492,0.5694657766161442,0.0007316133929513828,-1.4497870799351673,1.0381237443450522,0.006225599728771962,-0.6764888247764952,0.5582441436435245,0.0031052745642010282,-1.0821517768056381,0.5515473412584858,0.0040751853113762705,0.12439517745494917,0.5528255934000229,0.0010728847133655713,0.8070951702851982,1.0278172083087143,0.0005646544049668137,1.0370689619537385,1.007563510987132,-5.797989081617161e-05,0.04404229151605236,0.541931864291544,0.0012462527851164506,0.12413191926110004,0.535430747096424,0.0010322399635442812,1.0389445639337758,0.995476588445648,-9.267201289390404e-05,24.0,0.0,0.13554819629215,0.36797288605163053,0.1941983826278783
0.606,0.0,0.0,-0.23981078383902363,1.0718498668640244,0.0032770328603319893,-0.9920907415857373,0.4167801242175307,0.0035349193979887267,-0.06664321807555286,0.4085672451011717,0.001185233731697948,-0.683366788109613,1.0507284820475895,0.004352098454933019,-1.5942141193815613,0.40366599511476886,0.004991168535750747,0.26942930406030813,0.5694657766161442,0.0007406364441127375,-1.4474148451228337,1.0381237443450522,0.006219777060700549,-0.6691249027499508,0.5582441436435245,0.0030868324210500493,-1.0856898935803827,0.5515473412584858,0.00408424779516031,0.12513076879812468,0.5528255934000229,0.0010710760398626843,0.8122364185028151,1.0278172083087143,0.0005518050950587902,1.0433739867016845,1.007563510987132,-7.376362741651655e-05,0.04466054712295991,0.541931864291544,0.0012447239319387292,0.12574297178865287,0.535430747096424,0.00102824706958831,1.0453309128494552,0.995476588445648,-0.00010866993872031938,24.0,0.0,0.13581732860855208,0.36844241974703107,0.19449857372319304
0.608,0.0,0.0,-0.24065115729500255,1.0718498668640244,0.00327915162675762,-0.9869471383907579,0.4167801242175307,0.00352217716450817,-0.06775744428299277,0.4085672451011717,0.0011880261579418113,-0.6767716701592204,1.0507284820475895,0.0043352381753930065,-1.5951494949206781,0.40366599511476886,0.004994700286240826,0.26550187784923474,0.5694657766161442,0.0007500911813895901,-1.4449993462565118,1.0381237443450522,0.006213846473669716,-0.6617744032251148,0.5582441436435245,0.003068422615983688,-1.089140714370239,0.5515473412584858,0.004093093087097171,0.12587865068348414,0.5528255934000229,0.0010692370615047455,0.8173789841083932,1.0278172083087143,0.0005389519745147478,1.049670166361849,1.007563510987132,-8.952618928638134e-05,0.04528556771389519,0.541931864291544,0.0012431782929214605,0.12736795059446857,0.535430747096424,0.0010242194382694277,1.0517039998121176,0.995476588445648,-0.00012463581100951804,24.0,0.0,0.13608646092495416,0.3689119534424316,0.19479876481850777
0.61,0.0,0.0,-0.24148429684032538,1.0718498668640244,0.0032812525603975675,-0.9817571524942472,0.4167801242175307,0.0035093181565207217,-0.06886874332300881,0.4085672451011717,0.0011908117234604113,-0.6702945331702682,1.0507284820475895,0.004318750380517025,-1.595685284401951,0.40366599511476886,0.004997038725088617,0.26145252410156344,0.5694657766161442,0.0007599097469172736,-1.4425404866234441,1.0381237443450522,0.00620780772650391,-0.6544378109840603,0.5582441436435245,0.0030500463671715985,-1.0925038267362501,0.5515473412584858,0.004101720139071812,0.12663899133225345,0.5528255934000229,0.001067367356791347,0.8225226603742962,1.0278172083087143,0.0005260955605008028,1.0559571263997998,1.007563510987132,-0.00010526663843679284,0.04591740408313462,0.541931864291544,0.0012416157414441222,0.12900688599956076,0.535430747096424,0.0010201569912548886,1.058063385531747,0.995476588445648,-0.00014056852841617395,24.0,0.0,0.13635559324135624,0.36938148713783214,0.1950989559138225
0.612,0.0,0.0,-0.24231010064513261,1.0718498668640244,0.003283335409260875,-0.9765211138492322,0.4167801242175307,0.0034963431917794446,-0.06997693158635329,0.4085672451011717,0.0011935899710604513,-0.6639085572025549,1.0507284820475895,0.004302557538044645,-1.5958887942239015,0.40366599511476886,0.004998378198791799,0.257301735320828,0.5694657766161442,0.0007700331312864518,-1.4400381693054554,1.0381237443450522,0.0062016605774212405,-0.6471156082698694,0.5582441436435245,0.0030317048865689624,-1.095778825080552,0.5515473412584858,0.00411012791998684,0.1274119585700854,0.5528255934000229,0.0010654665051694238,0.8276672407233647,1.0278172083087143,0.0005132363698360451,1.0622344929681744,1.007563510987132,-0.00012098403853166961,0.04655610716942852,0.541931864291544,0.0012400361505210237,0.13065980730301274,0.535430747096424,0.0010160596527421582,1.064408631999655,0.995476588445648,-0.00015646699271524734,24.0,0.0,0.13662472555775831,0.3698510208332327,0.19539914700913724
0.614,0.0,0.0,-0.2431284658319609,1.0718498668640244,0.003285399918772893,-0.9712393552533745,0.4167801242175307,0.0034832530951669073,-0.07108182475394893,0.4085672451011717,0.0011963604417188126,-0.6575905995541765,1.0507284820475895,0.004286592598125361,-1.595818175548361,0.40366599511476886,0.004998886973346676,0.253067271991446,0.5694657766161442,0.0007804101032382905,-1.4374922972165514,1.0381237443450522,0.006195404784126268,-0.6398082747333744,0.5582441436435245,0.0030133993797834845,-1.0989653106797654,0.5515473412584858,0.004118315415847594,0.12819771981040035,0.5528255934000229,0.001063534087074844,0.8328125187405271,1.0278172083087143,0.0005003749189633739,1.068501892932592,1.007563510987132,-0.0001366774549526062,0.047201728054391205,0.541931864291544,0.0012384393928052888,0.1323267427722158,0.535430747096424,0.0010119273494835282,1.0707393025215832,0.995476588445648,-0.00017233010888501765,24.0,0.0,0.1368938578741604,0.3703205545286332,0.19569933810445198
0.616,0.0,0.0,-0.2439392884616893,1.0718498668640244,0.0032874458317399637,-0.9659122123415994,0.4167801242175307,0.0034700486986772626,-0.07218323781909872,0.4085672451011717,0.0011991226746378015,-0.6513207397480945,1.0507284820475895,0.004270797704004415,-1.595523553074847,0.40366599511476886,0.0049987104266578245,0.24876449826378555,0.5694657766161442,0.0007909962615617454,-1.434902773140976,1.0381237443450522,0.006189040103904009,-0.6325162873798633,0.5582441436435245,0.0029951310459422477,-1.1020628917177515,0.5515473412584858,0.004126281629845629,0.12899644203770516,0.5528255934000229,0.0010615696839740565,0.8379582881843578,1.0278172083087143,0.00048751172392046794,1.0747589538975577,1.007563510987132,-0.00015234595486365022,0.047854317960874616,0.541931864291544,0.0012368253405928822,0.13400771963319294,0.535430747096424,0.0010077600108105206,1.077054961750688,0.995476588445648,-0.00018815678518983804,24.0,0.0,0.13716299019056247,0.37079008822403375,0.1959995291997667
0.618,0.0,0.0,-0.24474246351956994,1.0718498668640244,0.0032894728883142844,-0.9605400235785143,0.4167801242175307,0.0034567308413978254,-0.07328098510980315,0.4085672451011717,0.0012018762073006761,-0.6450818781830348,1.0507284820475895,0.00425512305448921,-1.5950480222657801,0.40366599511476886,0.004997973870474039,0.2444066788570777,0.5694657766161442,0.0008017531958808966,-1.4322694997717036,1.0381237443450522,0.006182566293715071,-0.625240120515766,0.5582441436435245,0.0029769010775584693,-1.1050711833177256,0.5515473412584858,0.0041340255824405935,0.12980829179089098,0.5528255934000229,0.0010595728784057944,0.8431043429985795,1.0278172083087143,0.00047464730031089114,1.0810053042323606,1.007563510987132,-0.00016798860727606447,0.04851392825132515,0.541931864291544,0.0012351938658266735,0.13570276406100926,0.535430747096424,0.0010035575686580778,1.083355175720409,0.995476588445648,-0.0002039459332625998,24.0,0.0,0.13743212250696454,0.3712596219194343,0.19629972029508144
0.62,0.0,0.0,-0.24553788490135411,1.0718498668640244,0.0032914808259589855,-0.9551231302506057,0.4167801242175307,0.003443300369490113,-0.07437488031118222,0.4085672451011717,0.0012046205755274371,-0.6388593822349307,1.0507284820475895,0.0042395259005765604,-1.594428529827011,0.40366599511476886,0.004996785043451373,0.2400052414557501,0.5694657766161442,0.0008126477443976662,-1.4295923797493428,1.0381237443450522,0.00617598311029189,-0.6179802456953422,0.5582441436435245,0.002958710660398226,-1.1079898075737338,0.5515473412584858,0.004141546311440528,0.13063343514651202,0.5528255934000229,0.0010575432540228299,0.8482504773235096,1.0278172083087143,0.00046178216327533687,1.087240573096962,1.007563510987132,-0.00018360448311307176,0.04918061042612344,0.541931864291544,0.0012335448401005473,0.1374119011702703,0.535430747096424,0.000999319957588537,1.0896395118772155,0.995476588445648,-0.00021969646818690235,24.0,0.0,0.13770125482336662,0.3717291556148348,0.19659991139039618
0.622,0.0,0.0,-0.24632544539952517,1.0718498668640244,0.0032934693794134462,-0.9496618764582079,0.4167801242175307,0.0034297581361703413,-0.07546473648799923,0.4085672451011717,0.0012073553135308849,-0.632640774324188,1.0507284820475895,0.004223969660706301,-1.5936966506147585,0.40366599511476886,0.00499523631235445,0.23557000842489015,0.5694657766161442,0.0008236513379009852,-1.4268713157014328,1.0381237443450522,0.006169290310235988,-0.610737131667388,0.5582441436435245,0.002940560973347167,-1.1108183935814877,0.5515473412584858,0.004148842872080549,0.13147203770204596,0.5528255934000229,0.0010554803956337772,0.8533964855074493,1.0278172083087143,0.0004489168274630118,1.0934643904678722,1.007563510987132,-0.00019919265527457543,0.04985441612190663,0.541931864291544,0.0012318781346635516,0.13913515500570992,0.535430747096424,0.0009950471148153844,1.095907539113231,0.995476588445648,-0.0002354073085789188,24.0,0.0,0.1379703871397687,0.37219868931023536,0.1969001024857109
0.624,0.0,0.0,-0.24710503668964942,1.0718498668640244,0.003295438280658874,-0.9441566091072343,0.4167801242175307,0.003416105001689346,-0.0765503661072837,0.4085672451011717,0.0012100799539729273,-0.6264162867257319,1.0507284820475895,0.004208423140929444,-1.5928772351092189,0.40366599511476886,0.004993406614323819,0.2311087972880097,0.5694657766161442,0.000834739420478135,-1.424106210282106,1.0381237443450522,0.006162487650116213,-0.6035112443219819,0.5582441436435245,0.002922453188277281,-1.1135565774685612,0.5515473412584858,0.004155914337099934,0.13232426455913796,0.5528255934000229,0.0010533838892449424,0.8585421621180152,1.0278172083087143,0.00043605180700316245,1.0996763871640156,1.007563510987132,-0.0002147521987018508,0.050535397109872884,0.541931864291544,0.0012301936204240937,0.1408725485328687,0.535430747096424,0.0009907389802267853,1.1021588277987295,0.995476588445648,-0.00025107737666895725,24.0,0.0,0.13823951945617077,0.3726682230056359,0.19720029358102564
0.626,0.0,0.0,-0.24787654931685657,1.0718498668640244,0.0032973872588841846,-0.938607677900663,0.4167801242175307,0.0034023418333119127,-0.07763158106105067,0.4085672451011717,0.0012127940280211387,-0.6201829737109142,1.0507284820475895,0.004192861921933304,-1.5919783299280073,0.40366599511476886,0.004991358075559969,0.22662443650347255,0.5694657766161442,0.0008458924483203361,-1.4212969662120976,1.0381237443450522,0.006155574886567896,-0.5963030466372864,0.5582441436435245,0.002904388469913766,-1.1162040024239461,0.5515473412584858,0.004162759796817618,0.1331902803068292,0.5528255934000229,0.0010512533221022126,0.8636873019534116,1.0278172083087143,0.0004231876154767478,1.1058761948725797,1.007563510987132,-0.0002302821904422092,0.05122360529406776,0.541931864291544,0.001228491167954178,0.14262410362886477,0.535430747096424,0.0009863954964088883,1.108392949814507,0.995476588445648,-0.0002667055983827038,24.0,0.0,0.13850865177257285,0.37313775670103644,0.19750048467634038
0.628,0.0,0.0,-0.24863987268246138,1.0718498668640244,0.003299316040452203,-0.9330154353297667,0.4167801242175307,0.0033884695052954846,-0.07870819268911347,0.4085672451011717,0.001215497065405556,-0.613941211492695,1.0507284820475895,0.0041772786393962594,-1.5909998168086383,0.40366599511476886,0.004989110812606941,0.22211733459563848,0.5694657766161442,0.0008571033502816791,-1.4184434863190765,1.0381237443450522,0.006148551776392875,-0.5891129986264264,0.5582441436435245,0.0028863679757020273,-1.1187603187269692,0.5515473412584858,0.0041693783592060794,0.1340702490047716,0.5528255934000229,0.0010490882827329843,0.868831700053644,1.0278172083087143,0.0004103247658882567,1.1120634461748484,1.007563510987132,-0.00024578170971361945,0.05191909270965202,0.541931864291544,0.0012267706474936907,0.1443898410732578,0.535430747096424,0.000982016608668898,1.1146094785841187,0.995476588445648,-0.0002822909034221477,24.0,0.0,0.13877778408897493,0.373607290396437,0.1978006757716551
0.63,0.0,0.0,-0.24939489503073808,1.0718498668640244,0.0033012243488662147,-0.9273802366650795,0.4167801242175307,0.003374488898868244,-0.0797800118019873,0.4085672451011717,0.0012181885944757128,-0.6076913768598293,1.0507284820475895,0.004161674233850711,-1.5899415816599713,0.40366599511476886,0.004986664529808517,0.21758790389652372,0.5694657766161442,0.0008683711050512643,-1.4155456735782792,1.0381237443450522,0.006141418076660321,-0.5819415572844615,0.5582441436435245,0.0028683928556748773,-1.1212251837755682,0.5515473412584858,0.004175769149963637,0.13496433416643003,0.5528255934000229,0.0010468883609881282,0.8739751517116716,1.0278172083087143,0.00039746377063767577,1.1182377745720153,1.007563510987132,-0.00026124983796929125,0.05262191152115054,0.541931864291544,0.00122503192895473,0.1461697805390081,0.535430747096424,0.0009776022650579154,1.1208079891059852,0.995476588445648,-0.0002978322253461768,24.0,0.0,0.139046916405377,0.3740768240918375,0.19810086686696984
0.632,0.0,0.0,-0.2501415034358593,1.0718498668640244,0.003303111904736906,-0.9217024399470903,0.4167801242175307,0.0033604009022065256,-0.0808468487038807,0.4085672451011717,0.0012208681422578975,-0.6014338471279284,1.0507284820475895,0.0041460496472685475,-1.5888035145834691,0.40366599511476886,0.004984018941936851,0.21303656050630937,0.5694657766161442,0.0008796946817990511,-1.4126034311534197,1.0381237443450522,0.006134173544808328,-0.5747891765354719,0.5582441436435245,0.0028504642523199653,-1.123598262113929,0.5515473412584858,0.004181931312585136,0.13587269874227342,0.5528255934000229,0.0010446531480839821,0.8791174524845,1.0278172083087143,0.00038460514149260663,1.1243988145109778,1.007563510987132,-0.00027668565896220857,0.05333211402068197,0.541931864291544,0.0012232748819259837,0.14796394058353168,0.535430747096424,0.0009731524163935399,1.126988057985361,0.995476588445648,-0.000313328501650843,24.0,0.0,0.13931604872177908,0.37454635778723805,0.19840105796228458
0.634,0.0,0.0,-0.2508795837890113,1.0718498668640244,0.0033049784257497094,-0.9159824059766546,0.4167801242175307,0.0033462064104115524,-0.08190851321577232,0.4085672451011717,0.001223535234512631,-0.595169000088277,1.0507284820475895,0.0041304058229387946,-1.5875855098952625,0.40366599511476886,0.004981173774245596,0.2084637242528935,0.5694657766161442,0.000891073040274587,-1.4096166624378557,1.0381237443450522,0.006126817938746179,-0.5676563071797754,0.5582441436435245,0.002832583300447491,-1.125879225459483,0.5515473412584858,0.0041878640084310375,0.1367955051029564,0.5528255934000229,0.0010423822366443737,0.884258398204211,1.0278172083087143,0.0003717493895605356,1.130546201410107,1.007563510987132,-0.00029208825880961466,0.05404975262616864,0.541931864291544,0.0012214993756771552,0.14977233863985318,0.535430747096424,0.0009686670162822309,1.1331492634661666,0.995476588445648,-0.00032877867384928264,24.0,0.0,0.13958518103818116,0.3750158914826386,0.1987012490575993
0.636,0.0,0.0,-0.2516090207856979,1.0718498668640244,0.003306823626632589,-0.9102204983051148,0.4167801242175307,0.003331906325485463,-0.0829648146985699,0.4085672451011717,0.00122618939579236,-0.5888972139559239,1.0507284820475895,0.004114743705339667,-1.5862874661483204,0.40366599511476886,0.004978128762525078,0.20386981865089887,0.5694657766161442,0.0009025051309081267,-1.4065852710959883,1.0381237443450522,0.00611935101695727,-0.5605433968412955,0.5582441436435245,0.0028147511270582497,-1.1280677527292648,0.5515473412584858,0.004193566416794922,0.13773291502249255,0.5528255934000229,0.0010400752207426662,0.8893977849889315,1.0278172083087143,0.00035889702526125804,1.1366795716849942,1.007563510987132,-0.0003074567260574379,0.05477487987952639,0.541931864291544,0.0012197052791634386,0.15159499100785728,0.535430747096424,0.0009641460211414272,1.1392911854626777,0.995476588445648,-0.00034418168755129654,24.0,0.0,0.13985431335458323,0.3754854251780391,0.19900144015291404
0.638,0.0,0.0,-0.2523296979132442,1.0718498668640244,0.0033086472191243056,-0.9044170832241198,0.4167801242175307,0.0033175015563066137,-0.084015562076349,0.4085672451011717,0.0012288301494993539,-0.5826188673170395,1.0507284820475895,0.004099064240008783,-1.5849092861547358,0.40366599511476886,0.0049748836531577235,0.1992552708601401,0.5694657766161442,0.0009139898949131133,-1.4035091611048722,1.0381237443450522,0.0061117725386026014,-0.5534508899150973,0.5582441436435245,0.00279696885121205,-1.1301635300656332,0.5515473412584858,0.004199037734969376,0.1386850896614212,0.5528255934000229,0.001037731695943826,0.8945354092537386,1.0278172083087143,0.00034604855829945685,1.1427985627741692,1.007563510987132,-0.00032279015174465573,0.05550754844483388,0.541931864291544,0.0012178924610300442,0.15343191284564095,0.535430747096424,0.0009595893902214169,1.145413405591073,0.995476588445648,-0.00035953649254257425,24.0,0.0,0.1401234456709853,0.37595495887343966,0.19930163124822878
0.64,0.0,0.0,-0.253041497438513,1.0718498668640244,0.0033104489119431713,-0.8985725297551356,0.4167801242175307,0.003302993018604126,-0.08506056385966851,0.4085672451011717,0.0012314570179438016,-0.5763343390755381,1.0507284820475895,0.004083368373411572,-1.5834508770081317,0.40366599511476886,0.004971438203173762,0.19462051164355434,0.5694657766161442,0.0009255262643900102,-1.4003882367960148,1.0381237443450522,0.006104082263624811,-0.5463792275151106,0.5582441436435245,0.0027792375838965543,-1.1321662508613504,0.5515473412584858,0.004204277178310297,0.13965218954996883,0.5528255934000229,0.0010353512593465042,0.8996710677215023,1.0278172083087143,0.00033320449763743905,1.1489028131647914,1.007563510987132,-0.00033808762946759333,0.05624781110648091,0.541931864291544,0.0012160607896167755,0.1552831181609668,0.535430747096424,0.0009549970856269577,1.151515507200835,0.995476588445648,-0.0003748420428635624,24.0,0.0,0.14039257798738738,0.3764244925688402,0.1996018223435435
0.642,0.0,0.0,-0.2537443003958453,1.0718498668640244,0.003312228410756344,-0.892687209638635,0.4167801242175307,0.0032883816349316658,-0.08609962816896008,0.4085672451011717,0.0012340695224021007,-0.5700440083989584,1.0507284820475895,0.0040676570528078194,-1.5819121501061961,0.40366599511476886,0.004967792180307251,0.18996597532459905,0.5694657766161442,0.0009371131624314747,-1.3972224028973415,1.0381237443450522,0.006096279952852668,-0.5393288474220583,0.5582441436435245,0.002761558427896588,-1.1340756157840257,0.5515473412584858,0.004209283980299591,0.14063437457120684,0.5528255934000229,0.0010329335096251353,0.9048045574336636,1.0278172083087143,0.00032036535146802995,1.154991962418308,1.007563510987132,-0.0003533482554441486,0.05699572076729534,0.541931864291544,0.0012142101329626579,0.15714861980281983,0.535430747096424,0.0009503690723386431,1.1575970754060025,0.995476588445648,-0.00039009729688796734,24.0,0.0,0.14066171030378946,0.37689402626424073,0.19990201343885824
0.644,0.0,0.0,-0.25443798657523753,1.0718498668640244,0.0033139854181496744,-0.8867614973229606,0.4167801242175307,0.0032736683346404143,-0.08713256275798888,0.4085672451011717,0.0012366671831753296,-0.5637482546635981,1.0507284820475895,0.0040519312261163695,-1.580293021173354,0.40366599511476886,0.004963945363052412,0.18529209974412078,0.5694657766161442,0.0009487495032288629,-1.3940115645753055,1.0381237443450522,0.006088365368105983,-0.5323001840316076,0.5582441436435245,0.0027439324776639576,-1.1358913327999203,0.5515473412584858,0.0042140573926062784,0.14163180394420716,0.5528255934000229,0.00103047804707204,0.9099356757609488,1.0278172083087143,0.00030753162718762664,1.1610656511960813,1.007563510987132,-0.0003685711285779403,0.057751330446648194,0.541931864291544,0.001212340358810622,0.15902842945306842,0.535430747096424,0.0009457053182340106,1.1636576971162746,0.995476588445648,-0.0004053012174008863,24.0,0.0,0.14093084262019154,0.37736355995964127,0.20020220453417298
0.646,0.0,0.0,-0.2551224345107677,1.0718498668640244,0.003315719633598155,-0.8807957699528476,0.4167801242175307,0.0032588540538512284,-0.08815917503738274,0.4085672451011717,0.0012392495196479015,-0.5574474573988984,1.0507284820475895,0.004036191841777969,-1.5785934102835792,0.40366599511476886,0.0049598975407203075,0.18059932621669927,0.5694657766161442,0.0009604341921800586,-1.39075562747712,1.0381237443450522,0.006080338272300894,-0.5252936683027614,0.5582441436435245,0.00272636081918783,-1.1376131171971156,0.5515473412584858,0.004218596685146015,0.14264463620719708,0.5528255934000229,0.0010279844736395395,0.9150642204140191,1.0278172083087143,0.00029470383136941363,1.1671235212849784,1.007563510987132,-0.00038375535052237344,0.05851469327853639,0.541931864291544,0.0012104513346122396,0.16092255761823096,0.535430747096424,0.0009410057941083891,1.1696969610679586,0.995476588445648,-0.0004204527716765666,24.0,0.0,0.14119997493659361,0.3778330936550418,0.2005023956294877
0.648,0.0,0.0,-0.2557975214692819,1.0718498668640244,0.00331743075343698,-0.8747904073575997,0.4167801242175307,0.0032439397354259458,-0.08917927209822703,0.4085672451011717,0.001241816050346386,-0.5511419962310733,1.0507284820475895,0.00402043984861622,-1.5768132418833607,0.40366599511476886,0.004955648513495871,0.17588809948647033,0.5694657766161442,0.0009721661259986123,-1.3874544977730914,1.0381237443450522,0.006072198429555431,-0.5183097277065088,0.5582441436435245,0.002708844529865715,-1.1392406916080444,0.5515473412584858,0.004222901146139003,0.14367302920071515,0.5528255934000229,0.0010254523929820645,0.9201899894540547,1.0278172083087143,0.0002818824697367378,1.1731652156229255,1.007563510987132,-0.0003989000257446163,0.0592858625096427,0.541931864291544,0.0012085429275325193,0.1628310136213497,0.535430747096424,0.0009362704736954827,1.1757144578547651,0.995476588445648,-0.0004355509315557765,24.0,0.0,0.1414691072529957,0.37830262735044234,0.20080258672480245
0.65,0.0,0.0,-0.25646312343935446,1.0718498668640244,0.0033191184708332654,-0.868745792038908,0.4167801242175307,0.003228926328937826,-0.09019266073572227,0.4085672451011717,0.0012443662929984968,-0.5448322508259791,1.0507284820475895,0.004004676195696657,-1.5749524448148222,0.40366599511476886,0.0049511980924953234,0.17115886768243216,0.5694657766161442,0.0009839441928241846,-1.3841080821990308,1.0381237443450522,0.006063945605295359,-0.5113487861747519,0.5582441436435245,0.0026913846783750833,-1.1407737860313876,0.5515473412584858,0.004226970082166326,0.14471714005076922,0.5528255934000229,0.0010228814104982695,0.9253127813032738,1.0278172083087143,0.0002690680471366488,1.1791903783244213,1.007563510987132,-0.000414004261589484,0.06006489149737244,0.541931864291544,0.0012066150044547535,0.16475380559397287,0.535430747096424,0.0009314993336876859,1.1817097799584442,0.995476588445648,-0.00045059467352279284,24.0,0.0,0.14173823956939777,0.3787721610458429,0.20110277782011718
0.652,0.0,0.0,-0.25711911512053287,1.0718498668640244,0.003320782475758447,-0.8626623091583018,0.4167801242175307,0.003213814790641097,-0.09119914747290195,0.4085672451011717,0.0012468997645922351,-0.5385186008312207,1.0507284820475895,0.003988901832183921,-1.5730109523390086,0.40366599511476886,0.004946546099823978,0.16641208227323875,0.5694657766161442,0.00099576727233428,-1.3807162880987243,1.0381237443450522,0.006055579566360207,-0.5044112640495234,0.5582441436435245,0.0026739823245456908,-1.1422121378533348,0.5515473412584858,0.004230802818224684,0.14577712515199887,0.5528255934000229,0.0010202711333731343,0.9304323947553854,1.0278172083087143,0.00025626106751360124,1.1851986547060087,1.007563510987132,-0.00042906716834322347,0.06085183370786636,0.541931864291544,0.0012046674319854292,0.16669094046824687,0.535430747096424,0.0009266923537561278,1.187682521779262,0.995476588445648,-0.0004655829787819904,24.0,0.0,0.14200737188579984,0.3792416947412434,0.2014029689154319
0.654,0.0,0.0,-0.2577653699128807,1.0718498668640244,0.0033224224549613934,-0.8565403465242236,0.4167801242175307,0.0031986060834395813,-0.09219853858440757,0.4085672451011717,0.001249415981435184,-0.532201425817489,1.0507284820475895,0.003973117707197026,-1.5709887021593427,0.40366599511476886,0.004941692368634444,0.161648198021485,0.5694657766161442,0.0010076342358572635,-1.3772790234664383,1.0381237443450522,0.006047100081109441,-0.4974975780325169,0.5582441436435245,0.00265663851923262,-1.1435554918682105,0.5515473412584858,0.0042343986977795515,0.14685314015084305,0.5528255934000229,0.0010176211706200602,0.9355486289859767,1.0278172083087143,0.0002434620338833221,1.1911896913117037,1.007563510987132,-0.00044408785929719196,0.06164674271398926,0.541931864291544,0.0012027000764591944,0.16864242396911927,0.535430747096424,0.000921849516570443,1.1936322796663144,0.995476588445648,-0.0004805148333340348,24.0,0.0,0.14227650420220192,0.37971122843664395,0.20170316001074665
0.656,0.0,0.0,-0.2584017599068299,1.0718498668640244,0.003324038091942263,-0.8503802945787177,0.4167801242175307,0.0031833011768543857,-0.09319064012031826,0.4085672451011717,0.0012519144592139481,-0.525881105219126,1.0507284820475895,0.003957324769662696,-1.5688856364452621,0.40366599511476886,0.004936636743185278,0.15686767293748752,0.5694657766161442,0.0010195439464866479,-1.3737961969894412,1.0381237443450522,0.006038506919528726,-0.4906081411349418,0.5582441436435245,0.0026393543041901037,-1.1448036002984685,0.5515473412584858,0.004237757082816741,0.1479453399287153,0.5528255934000229,0.0010149311331229497,0.9406612835628332,1.0278172083087143,0.00023067144830684393,1.1971631359383756,1.007563510987132,-0.00045906545081142946,0.06244967219329383,0.541931864291544,0.001200712803943887,0.17060826060665457,0.535430747096424,0.0009169708078182619,1.1995586519476773,0.995476588445648,-0.0004953892280516658,24.0,0.0,0.142545636518604,0.3801807621320445,0.20200335110606138
0.658,0.0,0.0,-0.2590281558733551,1.0718498668640244,0.0033256290669271362,-0.8441825463837228,0.4167801242175307,0.003167901046990621,-0.09417525793003206,0.4085672451011717,0.001254394713053725,-0.5195580182739141,1.0507284820475895,0.0039415239681667895,-1.5667017018560399,0.40366599511476886,0.004931379078900078,0.15207096823256572,0.5694657766161442,0.0010314952591966417,-1.3702677180905196,1.0381237443450522,0.006029799853336233,-0.4837433626277222,0.5582441436435245,0.0026221307119461655,-1.1459562228140523,0.5515473412584858,0.004240877353892386,0.14905387858518743,0.5528255934000229,0.0010122006336782691,0.945770158456193,1.0278172083087143,0.0002178898118647027,1.203118637661081,1.007563510987132,-0.0004739990623781093,0.06326067592595913,0.541931864291544,0.0011987054802456256,0.17258845366846368,0.535430747096424,0.0009120562162244236,1.2054612389603878,0.995476588445648,-0.0005102051587550732,24.0,0.0,0.14281476883500607,0.38065029582744503,0.2023035422013761
0.66,0.0,0.0,-0.2596444272544819,1.0718498668640244,0.003327195056843449,-0.8379474976069599,0.4167801242175307,0.003152406676503134,-0.09515219768619625,0.4085672451011717,0.0012568562575780097,-0.5132325439620847,1.0507284820475895,0.003925716250803759,-1.5644368495647987,0.40366599511476886,0.004925919242427022,0.1472585482718277,0.5694657766161442,0.0010434870209589462,-1.3666934969704667,1.0381237443450522,0.0060209786560889295,-0.4769036479920552,0.5582441436435245,0.002604968765678117,-1.1470131265511245,0.5515473412584858,0.0042437589101813455,0.15017890942118392,0.5528255934000229,0.0010094292870370888,0.9508750540489341,1.0278172083087143,0.000205117624631303,1.2090558468583452,1.007563510987132,-0.0004888878166848726,0.06407980779270323,0.541931864291544,0.0011966779709139622,0.1745830052122486,0.535430747096424,0.000907105733569901,1.211339643080258,0.995476588445648,-0.0005249616262868495,24.0,0.0,0.14308390115140815,0.38111982952284557,0.20260373329669085
0.662,0.0,0.0,-0.2602504421541413,1.0718498668640244,0.0033287357352962655,-0.831675546507404,0.4167801242175307,0.003136819054561226,-0.09612126490868374,0.4085672451011717,0.0012592986069684198,-0.5069050609445439,1.0507284820475895,0.003909902565024186,-1.5620910352827244,0.40366599511476886,0.004920257111698919,0.14243088052646521,0.5694657766161442,0.001055518070860791,-1.3630734446505268,1.0381237443450522,0.0060120431032887976,-0.4700893988703435,0.5582441436435245,0.002587869479088949,-1.1479740861301662,0.5515473412584858,0.004246401169524025,0.15132058492218842,0.5528255934000229,0.0010066167099470973,0.9559757711466943,1.0278172083087143,0.00019235538564945032,1.2149744152373914,1.007563510987132,-0.0005037308396780332,0.06490712177266941,0.541931864291544,0.001194630141247102,0.17659191605846378,0.535430747096424,0.0009021193547104387,1.2171934687515162,0.995476588445648,-0.0005396576365865253,24.0,0.0,0.14335303346781023,0.3815893632182461,0.20290392439200558
0.664,0.0,0.0,-0.26084606732938226,1.0718498668640244,0.0033302507725454147,-0.8253670939203334,0.4167801242175307,0.003121139176812337,-0.09708226498861293,0.4085672451011717,0.0012617212750246386,-0.5005759475003106,1.0507284820475895,0.0038940838574803337,-1.559664219283486,0.40366599511476886,0.004914392575993734,0.13758843552556296,0.5694657766161442,0.0010675872402241974,-1.3594074730147705,1.0381237443450522,0.006002992972488947,-0.4633010130175201,0.5582441436435245,0.00257083385628467,-1.148838883673447,0.5515473412584858,0.00424880356847163,0.15247905674146375,0.5528255934000229,0.0010037625211945862,0.9610721109879249,1.0278172083087143,0.0001796035929050499,1.220873995859313,1.007563510987132,-0.0005185272606256486,0.0657426719412855,0.541931864291544,0.0011925618562971866,0.1786151857830952,0.535430747096424,0.0008970970775949006,1.2230223225162744,0.995476588445648,-0.0005542922007646706,24.0,0.0,0.1436221657842123,0.38205889691364664,0.2032041154873203
0.666,0.0,0.0,-0.2614311681819546,1.0718498668640244,0.0033317398354835164,-0.8190225432419429,0.4167801242175307,0.00310536804534466,-0.09803500321240818,0.4085672451011717,0.0012641237752244617,-0.4942455814631661,1.0507284820475895,0.0038782610738697506,-1.5571563664278663,0.40366599511476886,0.004908325535995637,0.13273168680742636,0.5694657766161442,0.001079693352726453,-1.3556954948523852,1.0381237443450522,0.005993828043399556,-0.4565388842527779,0.5582441436435245,0.002553862891652611,-1.1496073088218668,0.5515473412584858,0.004250965562329833,0.15365447568328774,0.5528255934000229,0.0010008663416463978,0.9661638752538766,1.0278172083087143,0.00016686274330197343,1.22675424316419,1.007563510987132,-0.000533276212180453,0.06658651246809547,0.541931864291544,0.0011904729808756465,0.1806528127105588,0.535430747096424,0.000892038903283322,1.2288258130438203,0.995476588445648,-0.000568864335176566,24.0,0.0,0.14389129810061438,0.3825284306090472,0.20350430658263505
0.668,0.0,0.0,-0.26200560875027373,1.0718498668640244,0.0033332025876149475,-0.8126423004135163,0.4167801242175307,0.003089506668648684,-0.09897928478589808,0.4085672451011717,0.0012665056207839499,-0.48791434015751,1.0507284820475895,0.003862435158776889,-1.554567446188614,0.40366599511476886,0.004902055903856588,0.12786111087043336,0.5694657766161442,0.0010918352245217946,-1.3519374238998585,1.0381237443450522,0.005984548097993594,-0.44980340241172145,0.5582441436435245,0.002536957569740756,-1.1502791587511703,0.5515473412584858,0.0042528866252008815,0.15484699168620591,0.5528255934000229,0.000997927794291838,0.9712508660785185,1.0278172083087143,0.00015413333263709418,1.2326148129961418,1.007563510987132,-0.0005479768304426452,0.06743869761456314,0.541931864291544,0.0011883633795586215,0.1827047939067194,0.535430747096424,0.0008869448359646631,1.2346035511597304,0.995476588445648,-0.0005833730614954308,24.0,0.0,0.14416043041701646,0.3829979643044477,0.20380449767794978
0.67,0.0,0.0,-0.2625692517017794,1.0718498668640244,0.0033346386890357456,-0.8062267739051441,0.4167801242175307,0.0030735560615776174,-0.09991491485844872,0.4085672451011717,0.0012688663247176746,-0.48158260033342287,1.0507284820475895,0.0038466070555127486,-1.5518974326755202,0.40366599511476886,0.004895583603258458,0.12297718712341496,0.5694657766161442,0.001104011664364277,-1.3481331748830367,1.0381237443450522,0.005975152920612277,-0.4430949532989539,0.5582441436435245,0.002520118865138115,-1.1508542381875364,0.5515473412584858,0.00425456625002414,0.15605675380630313,0.5528255934000229,0.0009949465042845425,0.97633288605839,1.0278172083087143,0.00014141585557548935,1.238455362628321,1.007563510987132,-0.0005626282550225248,0.06829928173184706,0.541931864291544,0.0011862329166924524,0.18477112517203162,0.535430747096424,0.0008818148829742616,1.240355149874803,0.995476588445648,-0.000597817406785206,24.0,0.0,0.14442956273341853,0.38346749799984825,0.20410468877326451
0.672,0.0,0.0,-0.26312195832570023,1.0718498668640244,0.00333604779641451,-0.7997763746989813,0.4167801242175307,0.003057517245306687,-0.10084169854712936,0.4085672451011717,0.001271205399899051,-0.47525073810093155,1.0507284820475895,0.0038307777059525313,-1.5491463046607246,0.40366599511476886,0.004888908569475723,0.11808039783556991,0.5694657766161442,0.001116221473731823,-1.3442826635590386,1.0381237443450522,0.0059656422980702214,-0.4364139186411141,0.5582441436435245,0.0025033477423561956,-1.151332359422544,0.5515473412584858,0.004256003948615056,0.1572839102004958,0.5528255934000229,0.0009919220989842994,0.981409738262385,1.0278172083087143,0.00012871080562581072,1.2442755507878391,1.007563510987132,-0.0005772296291029727,0.06916831925854608,0.541931864291544,0.0011840814563992424,0.18685180103480403,0.535430747096424,0.0008766490548109809,1.2460802244138087,0.995476588445648,-0.0006121964035728877,24.0,0.0,0.1446986950498206,0.3839370316952488,0.20440487986857925
0.674,0.0,0.0,-0.26366358852623534,1.0718498668640244,0.003337429562974312,-0.793291516272034,0.4167801242175307,0.0030413912472912804,-0.10175944096090742,0.4085672451011717,0.0012735223591207527,-0.4689191288634772,1.0507284820475895,0.003814948050371303,-1.5463140456042626,0.40366599511476886,0.004882030749438734,0.1131712280859187,0.5694657766161442,0.0011284634469514356,-1.3403858067580057,1.0381237443450522,0.005956016019760226,-0.42976067604037854,0.5582441436435245,0.0024866451557115964,-1.1517133423275128,0.5515473412584858,0.004257199251702575,0.1585286081098465,0.5528255934000229,0.0009888542079988178,0.9864812262414696,1.0278172083087143,0.0001160186751158232,1.250075037680626,1.007563510987132,-0.000591780099501768,0.07004586471841509,0.541931864291544,0.001181908862582495,0.18894681474458783,0.535430747096424,0.00087144736515405,1.2517783922440548,0.995476588445648,-0.0006265090899204018,24.0,0.0,0.14496782736622268,0.3844065653906493,0.20470507096389398
0.676,0.0,0.0,-0.2641940008161651,1.0718498668640244,0.003338783638475649,-0.7867726145784655,0.4167801242175307,0.0030251791012239114,-0.10266794722487023,0.4085672451011717,0.0012758167151551978,-0.46258814725058456,1.0507284820475895,0.0037991190272776668,-1.5434006436798524,0.40366599511476886,0.0048749501017975785,0.10825016571230267,0.5694657766161442,0.0011407363713255637,-1.3364425224246714,1.0381237443450522,0.0059462738777576445,-0.42313559892844027,0.5582441436435245,0.002470012049209758,-1.1519970143672251,0.5515473412584858,0.004258151708964997,0.15979099384290246,0.5528255934000229,0.000985742463225441,0.9915471540383323,1.0278172083087143,0.00010333995516811162,1.2558534850162182,1.007563510987132,-0.0006062788167337352,0.07093197271805016,0.541931864291544,0.0011797149989328224,0.19105615826569144,0.535430747096424,0.0008662098308795904,1.2574492731037654,0.995476588445648,-0.0006407545094960171,24.0,0.0,0.14523695968262476,0.38487609908604986,0.20500526205920871
0.678,0.0,0.0,-0.26471305231090203,1.0718498668640244,0.003340109669200474,-0.7802200880314153,0.4167801242175307,0.0030088818469899904,-0.10356702250447068,0.4085672451011717,0.001278087980815105,-0.45625816704973177,1.0507284820475895,0.0037832915732454353,-1.540406091800932,0.40366599511476886,0.004867666596986553,0.1033177012599337,0.5694657766161442,0.0011530390272596039,-1.3324527296597313,1.0381237443450522,0.005936415666924309,-0.4165390565209797,0.5582441436435245,0.002453449356429912,-1.1521832106130263,0.5515473412584858,0.004258860889064278,0.16107121275906,0.5528255934000229,0.0009825864988928011,0.9966073261969668,1.0278172083087143,9.067513567595498e-05,1.2616105560324762,1.007563510987132,-0.0006207249350727157,0.07182669794454256,0.541931864291544,0.0011774997289337346,0.19317982227082248,0.535430747096424,0.0008609364720768315,1.2630924890302693,0.995476588445648,-0.0006549317116452936,24.0,0.0,0.14550609199902684,0.3853456327814504,0.20530545315452345
0.68,0.0,0.0,-0.26522059872299303,1.0718498668640244,0.003341407297937316,-0.7736343574843197,0.4167801242175307,0.002992500530622365,-0.10445647202979395,0.4085672451011717,0.0012803356690141061,-0.44992956113742094,1.0507284820475895,0.003767466622743303,-1.5373303876469495,0.40366599511476886,0.004860180217289252,0.0983743279295004,0.5694657766161442,0.0011653701883905263,-1.3284163487609932,1.0381237443450522,0.005926441185011959,-0.40997141377263924,0.5582441436435245,0.002436958000411261,-1.1522717737553072,0.5515473412584858,0.0042593263796787805,0.16236940925195664,0.5528255934000229,0.0009793859516024073,1.0016615477721893,1.0278172083087143,7.802470527936866e-05,1.2673459155202245,1.007563510987132,-0.0006351176126133607,0.07273009516310101,0.541931864291544,0.0011752629158675039,0.195317796134858,0.535430747096424,0.0008556273120640038,1.268707664387999,0.995476588445648,-0.0006690397514615532,24.0,0.0,0.14577522431542891,0.38581516647685093,0.20560564424983818
0.682,0.0,0.0,-0.26571649435708455,1.0718498668640244,0.0033426761639675437,-0.767015846211727,0.4167801242175307,0.0029760362042546263,-0.1053361011198425,0.4085672451011717,0.001282559292827414,-0.44360270140945046,1.0507284820475895,0.003751645107962526,-1.5341735336899138,0.40366599511476886,0.004852490956904296,0.09342054152483693,0.5694657766161442,0.0011777286217166095,-1.3243333012642964,1.0381237443450522,0.0059163502327651135,-0.4034330313325146,0.5582441436435245,0.0024205388935404095,-1.1522625541153693,0.5515473412584858,0.004259547787534483,0.1636857267328925,0.5528255934000229,0.0009761404603701657,1.0067096243390874,1.0278172083087143,6.53891513413124e-05,1.273059229847816,1.007563510987132,-0.0006494560113327314,0.07364221921464147,0.541931864291544,0.0011730044228211076,0.1974700679287449,0.535430747096424,0.000850282377403915,1.2742944258962958,0.995476588445648,-0.0006830776898558778,24.0,0.0,0.146044356631831,0.38628470017225147,0.20590583534515292
0.684,0.0,0.0,-0.26620059210536134,1.0718498668640244,0.003343915903052772,-0.7603649798895985,0.4167801242175307,0.0029594899260731444,-0.10620571520683654,0.4085672451011717,0.0012847583655525355,-0.4372779587103895,1.0507284820475895,0.0037358279586426004,-1.5309355372212066,0.40366599511476886,0.004844598822011706,0.08845684040016057,0.5694657766161442,0.0011901130877282682,-1.3202035099841751,1.0381237443450522,0.005906142614023371,-0.39692426550017545,0.5582441436435245,0.0024041929374400976,-1.1521554096566762,0.5515473412584858,0.004259524738434638,0.16502030761428296,0.5528255934000229,0.000972849666667826,1.0117513620024035,1.0278172083087143,5.276895992406716e-05,1.2787501669856154,1.007563510987132,-0.0006637392971517104,0.07456312501334382,0.541931864291544,0.0011707241126922565,0.19963662441353147,0.535430747096424,0.0008449016979191978,1.2798524026570182,0.995476588445648,-0.0006970445936266195,24.0,0.0,0.14631348894823307,0.386754233867652,0.20620602644046765
0.686,0.0,0.0,-0.26667274344346964,1.0718498668640244,0.0033451261474234644,-0.753682186575087,0.4167801242175307,0.002942862760267823,-0.10706511986052727,0.4085672451011717,0.0012869324007700206,-0.430955702762257,1.0507284820475895,0.0037200161018949474,-1.5276164103786647,0.40366599511476886,0.004836503830839939,0.08348372540688448,0.5694657766161442,0.001202522340539959,-1.3160268990542567,1.0381237443450522,0.005895818135823068,-0.3904454681822264,0.5582441436435245,0.00238792102285925,-1.1519502059954903,0.5515473412584858,0.004259256877287905,0.16637329329314443,0.5528255934000229,0.0009695132144643498,1.0167865674058516,1.0278172083087143,4.0164615765777015e-05,1.2844183965303988,1.007563510987132,-0.0006779666399962087,0.07549286754417488,0.541931864291544,0.0011684218481955006,0.20181745103453114,0.535430747096424,0.0008394853067072314,1.2853812261819553,0.995476588445648,-0.0007109395355284254,24.0,0.0,0.14658262126463514,0.38722376756305255,0.20650621753578238
0.6880000000000001,0.0,0.0,-0.2671327984269355,1.0718498668640244,0.0033463065257687353,-0.746967896685785,0.4167801242175307,0.0029261557769815444,-0.10791412081251986,0.4085672451011717,0.0012890809124042474,-0.42463630209240716,1.0507284820475895,0.0037042104620246164,-1.524216170173934,0.40366599511476886,0.0048282060137335835,0.0785016998400124,0.5694657766161442,0.0012149551280231494,-1.3118033939673721,1.0381237443450522,0.005885376608498272,-0.38399698684942085,0.5582441436435245,0.002371724029564377,-1.1516468164108977,0.5515473412584858,0.00425874386813494,0.16774482413461483,0.5528255934000229,0.0009661307502671962,1.021815047741368,1.0278172083087143,2.7576602257156636e-05,1.2900635897296704,1.007563510987132,-0.0006921372138581672,0.07643150186037688,0.541931864291544,0.001166097491868423,0.20401253191562047,0.535430747096424,0.0008340332401547322,1.2908805304200386,0.995476588445648,-0.0007247615943407682,24.0,0.0,0.14685175358103722,0.3876933012584531,0.20680640863109712
0.6900000000000001,0.0,0.0,-0.2675806056880885,1.0718498668640244,0.0033474566632273996,-0.7402225429784342,0.4167801242175307,0.0029093700522582894,-0.10875252398060342,0.4085672451011717,0.0012912034147842288,-0.41832012396062523,1.0507284820475895,0.0036884119603499918,-1.5207348385200998,0.40366599511476886,0.004819705413221758,0.07351126938412196,0.5694657766161442,0.0012274101919403295,-1.3075329216153673,1.0381237443450522,0.005874817845781061,-0.37757916449433776,0.5582441436435245,0.0023556028262323634,-1.1512451218542252,0.5515473412584858,0.004257985394173459,0.16913503945551106,0.5528255934000229,0.0009627019231635202,1.0268366107582965,1.0278172083087143,1.5005401418365371e-05,1.2956854195058891,1.007563510987132,-0.0007062501968563462,0.07737908308092094,0.541931864291544,0.0011637509060779178,0.20622184985367192,0.535430747096424,0.0008285455379520089,1.296349951784354,0.995476588445648,-0.0007385098549359764,24.0,0.0,0.1471208858974393,0.3881628349538536,0.20710659972641185
0.6920000000000001,0.0,0.0,-0.2680160124335016,1.0718498668640244,0.003348576181380282,-0.7334465605270893,0.4167801242175307,0.002892506667989912,-0.10958013549308532,0.4085672451011717,0.0012932994227044378,-0.4120075342854364,1.0507284820475895,0.0036726215150205367,-1.5171724422595965,0.40366599511476886,0.004811002084087171,0.06851294205894372,0.5694657766161442,0.0012398862680800555,-1.3032154103285973,1.0381237443450522,0.005864141664901048,-0.3711923395896328,0.5582441436435245,0.0023395582703446553,-1.1507450109578468,0.5515473412584858,0.004256981157781777,0.1705440775079248,0.5528255934000229,0.0009592263848612797,1.0318510647725065,1.0278172083087143,2.451493876044486e-06,1.3012835604806063,1.007563510987132,-0.000720304771296893,0.0783356663879247,0.541931864291544,0.0011613819530265578,0.2084453863131232,0.535430747096424,0.0008230222431068803,1.3017891291789485,0.995476588445648,-0.000752183408346765,24.0,0.0,0.14739001821384137,0.38863236864925416,0.20740679082172658
0.6940000000000001,0.0,0.0,-0.2684388644419565,1.0718498668640244,0.0033496646982438152,-0.7266403867007291,0.4167801242175307,0.00287556671186155,-0.11039676171312664,0.4085672451011717,0.0012953684514856426,-0.405698897569633,1.0507284820475895,0.0036568400408325645,-1.5135290131924013,0.40366599511476886,0.004802096093435914,0.06350722816454328,0.5694657766161442,0.001252382086393001,-1.298850789915089,1.0381237443450522,0.005853347886684124,-0.36483684604687416,0.5582441436435245,0.002323591208082893,-1.1501463800433853,0.5515473412584858,0.004255730880540831,0.1719720754628589,0.5528255934000229,0.0009557037897302453,1.036858218675449,1.0278172083087143,-1.0084641159480712e-05,1.3068576889985093,1.007563510987132,-0.0007343001237336861,0.0793013070240335,0.541931864291544,0.0011589904947590483,0.2106831214206842,0.535430747096424,0.0008174634019582521,1.3071977040254334,0.995476588445648,-0.0007657813518332512,24.0,0.0,0.14765915053024345,0.3891019023446547,0.20770698191704132
0.6960000000000001,0.0,0.0,-0.2688490060629451,1.0718498668640244,0.003350721828264952,-0.7198044611403056,0.4167801242175307,0.0028585512772956495,-0.11120220926307622,0.4085672451011717,0.0012974100170357458,-0.39939457682502527,1.0507284820475895,0.003641068449043056,-1.5098045881045146,0.40366599511476886,0.004792987520767926,0.05849464022611391,0.5694657766161442,0.0012648963711290023,-1.2944389916993557,1.0381237443450522,0.005842436335650353,-0.35851301317597234,0.5582441436435245,0.0023077024742259966,-1.1494491331293104,0.5515473412584858,0.004254234303254678,0.17341916939390614,0.5528255934000229,0.0009521337948429101,1.041857881943144,1.0278172083087143,-2.2602525916836645e-05,1.31240748315137,1.007563510987132,-0.0007482354450284434,0.0802760602897643,0.541931864291544,0.0011565763931687765,0.2129350339601829,0.535430747096424,0.0008118690641893495,1.3125753202893786,0.995476588445648,-0.0007793027889494636,24.0,0.0,0.14792828284664553,0.38957143604005523,0.20800717301235605
0.6980000000000001,0.0,0.0,-0.2692462802157156,1.0718498668640244,0.0033517471823174237,-0.7129392257352276,0.4167801242175307,0.0028414614633945905,-0.11199628504880028,0.4085672451011717,0.0012994236359106198,-0.3930949334964214,1.0507284820475895,0.003625307647181537,-1.505999208796727,0.40366599511476886,0.0047836764580482085,0.053475692938387394,0.5694657766161442,0.0012774278409750756,-1.2899799485608532,1.0381237443450522,0.00583140684011102,-0.35222116564521433,0.5582441436435245,0.002291892892048742,-1.148653181937933,0.5515473412584858,0.00425249118596949,0.1748854942609723,0.5528255934000229,0.000948516060015292,1.0468498646451065,1.0278172083087143,-3.510168408607461e-05,1.3179326228018944,1.007563510987132,-0.000762109930410595,0.08125998154081185,0.541931864291544,0.0011541395100044495,0.21520110136755155,0.535430747096424,0.0008062392828406029,1.3179216245064986,0.995476588445648,-0.0007927468296093265,24.0,0.0,0.1481974151630476,0.39004096973545577,0.20830736410767078
0.7000000000000001,0.0,0.0,-0.26963052838887414,1.0718498668640244,0.00335274036769935,-0.7060451245992687,0.4167801242175307,0.0028242983748818958,-0.11277879628400472,0.4085672451011717,0.00130140882537493,-0.386800327384844,1.0507284820475895,0.003609558538860027,-1.5021129221136795,0.40366599511476886,0.00477416300977874,0.04845090310967118,0.5694657766161442,0.001289975209194392,-1.2854735949720582,1.0381237443450522,0.005820259232264764,-0.3459616234419107,0.5582441436435245,0.002276163273221847,-1.1477584459018002,0.5515473412584858,0.004250501307991047,0.17637118389404527,0.5528255934000229,0.0009448502478476264,1.0518339774532057,1.0278172083087143,-4.758164084098071e-05,1.3234327896074727,1.007563510987132,-0.0007759227795369061,0.08225312618531602,0.541931864291544,0.0011516797068768306,0.21748129972595445,0.535430747096424,0.0008005741143221811,1.323236265808626,0.995476588445648,-0.0008061125901521266,24.0,0.0,0.14846654747944968,0.3905105034308563,0.20860755520298552
0.7020000000000001,0.0,0.0,-0.2700015906405494,1.0718498668640244,0.003353700988132247,-0.6991226040458959,0.4167801242175307,0.0028070631220419983,-0.11354955051454728,0.4085672451011717,0.0013033651034629412,-0.3805111165699908,1.0507284820475895,0.0035938220235810837,-1.4981457799732139,0.40366599511476886,0.004764447293071121,0.04342078960552002,0.5694657766161442,0.0013025371837661825,-1.2809198670361586,1.0381237443450522,0.005808993348292776,-0.339734701833665,0.5582441436435245,0.002260514417713588,-1.1467648521694922,0.5515473412584858,0.004248264467900715,0.1778763709770123,0.5528255934000229,0.0009411360237649441,1.0568100316504625,1.0278172083087143,-6.004192286122867e-05,1.328907667043824,1.007563510987132,-0.0007896731965508519,0.08325554968109002,0.541931864291544,0.0011491968452655701,0.21977560376105837,0.535430747096424,0.000794873618426174,1.3285188959494736,0.995476588445648,-0.0008193991934074452,24.0,0.0,0.14873567979585176,0.39098003712625684,0.20890774629830025
0.704,0.0,0.0,-0.27035930559913046,1.0718498668640244,0.003354628643761435,-0.6921721125630111,0.4167801242175307,0.0027897568206585667,-0.11430835564273657,0.4085672451011717,0.0013052919890392976,-0.37422765733194807,1.0507284820475895,0.0035780989965439507,-1.494097839396019,0.40366599511476886,0.004754529437719957,0.038385873292050586,0.5694657766161442,0.0013151124675265604,-1.276318702524342,1.0381237443450522,0.005797609028453027,-0.3335407113302729,0.5582441436435245,0.002244947113692974,-1.1456723356108223,0.5515473412584858,0.004245780483569946,0.1794011870315275,0.5528255934000229,0.0009373730560575265,1.061777839139782,1.0278172083087143,-7.24820583543706e-05,1.3343569404285363,1.007563510987132,-0.0008033603901417303,0.08426730753280835,0.541931864291544,0.0011466907865261351,0.2220839868364471,0.535430747096424,0.0007891378583384141,1.3337691693301794,0.995476588445648,-0.000832605768759564,24.0,0.0,0.14900481211225383,0.3914495708216574,0.20920793739361498
0.706,0.0,0.0,-0.27070351046458546,1.0718498668640244,0.003355522931157887,-0.6851941007871015,0.4167801242175307,0.0027723805919513543,-0.11505501995161514,0.4085672451011717,0.0013071890018597706,-0.36795030407216595,1.0507284820475895,0.003562390348448844,-1.4899691625355707,0.40366599511476886,0.0047444095862769695,0.03334667697890782,0.5694657766161442,0.001327699758310234,-1.271670040912669,1.0381237443450522,0.005786106117173486,-0.32737995764626054,0.5582441436435245,0.0022294621374344937,-1.144480838821444,0.5515473412584858,0.004243049192173271,0.18094576240093097,0.5528255934000229,0.0009335610159212385,1.0667372124526249,1.0278172083087143,-8.490157707766955e-05,1.339780296944496,1.007563510987132,-0.0008169835736035108,0.08528845528915414,0.541931864291544,0.0011441613918968393,0.22440642094918117,0.535430747096424,0.0007833669006499424,1.3389867430246367,0.995476588445648,-0.0008457314522113286,24.0,0.0,0.1492739444286559,0.3919191045170579,0.20950812848892972
0.708,0.0,0.0,-0.27103404101037015,1.0718498668640244,0.0033563834433215246,-0.6781890214767904,0.4167801242175307,0.0027549355625115807,-0.11578935212922348,0.4085672451011717,0.0013090556626319672,-0.36167940923370717,1.0507284820475895,0.0035466969652993884,-1.4857598167083679,0.40366599511476886,0.004734087894125849,0.02830372536189201,0.5694657766161442,0.001340297749093091,-1.2669738234185182,1.0381237443450522,0.005774484463144303,-0.32125274166406814,0.5582441436435245,0.0022140602532244626,-1.1431903121268652,0.5515473412584858,0.004240070450199825,0.18251022623422228,0.5528255934000229,0.0009296995774977298,1.0716879647576139,1.0278172083087143,-9.730001035977653e-05,1.3451774256632074,1.007563510987132,-0.0008305419648934104,0.08631904853992473,0.541931864291544,0.0011416085225059748,0.2267428767255044,0.535430747096424,0.0007775608153681072,1.344171276804604,0.995476588445648,-0.0008587753864474718,24.0,0.0,0.14954307674505798,0.39238863821245845,0.20980831958424445
0.71,0.0,0.0,-0.27135073158593365,1.0718498668640244,0.0033572097696859867,-0.671157329485787,0.4167801242175307,0.002737422864235803,-0.11651116129284217,0.4085672451011717,0.001310891493075988,-0.3554153232207791,1.0507284820475895,0.003531019728203242,-1.481469874424463,0.40366599511476886,0.004723564529557842,0.023257544965255894,0.5694657766161442,0.0013529051281356305,-1.262229993036591,1.0381237443450522,0.005762743919408926,-0.3151593593978874,0.5582441436435245,0.0021987422132689815,-1.1418007135858728,0.5515473412584858,0.0042368441334633775,0.18409470647008958,0.5528255934000229,0.0009257884179145015,1.0766299098690808,1.0278172083087143,-0.00010967689112224899,1.3505480175679971,1.007563510987132,-0.0008440347866901887,0.08735914291309504,0.541931864291544,0.0011390320393790483,0.22909332341669783,0.535430747096424,0.0007717196759272991,1.3493224331645943,0.995476588445648,-0.0008717367208973898,24.0,0.0,0.14981220906146006,0.392858171907859,0.21010851067955919
0.712,0.0,0.0,-0.27165341511983,1.0718498668640244,0.003358001496124895,-0.6640994817352278,0.4167801242175307,0.0027198436342582943,-0.1172202570132091,0.4085672451011717,0.0013126960159850348,-0.349158394317563,1.0507284820475895,0.0035153595131709216,-1.4770994134182878,0.40366599511476886,0.00471283967384808,0.01820866408368135,0.5694657766161442,0.0013655205791272206,-1.257438494574467,1.0381237443450522,0.005750884343454108,-0.309100101958159,0.5582441436435245,0.0021835087576035296,-1.1403120089933703,0.5515473412584858,0.004233370137110897,0.18569932982099677,0.5528255934000229,0.0009218272173248333,1.0815628622555502,1.0278172083087143,-0.00012203175390091637,1.3558917655771014,1.007563510987132,-0.0008574612664521631,0.088408794071838,0.541931864291544,0.0011364318034461226,0.23145772889508293,0.535430747096424,0.0007658435591993154,1.3544398773465438,0.995476588445648,-0.0008846146117973658,24.0,0.0,0.15008134137786214,0.3933277056032595,0.21040870177487392
0.714,0.0,0.0,-0.27194192312344195,1.0718498668640244,0.003358758204959636,-0.6570159371854059,0.4167801242175307,0.0027021990148818962,-0.11791644933870872,0.4085672451011717,0.001314468755285952,-0.34290896860635234,1.0507284820475895,0.0034997171909128813,-1.4726485166797731,0.40366599511476886,0.004701913521332641,0.013157612723945465,0.5694657766161442,0.001378142781331157,-1.2525992746876946,1.0381237443450522,0.005738905597298798,-0.3030752555167366,0.5582441436435245,0.002168360614004209,-1.1387241718826298,0.5515473412584858,0.00422964837562964,0.1873242217573306,0.5528255934000229,0.0009178156589475653,1.0864866370481625,1.0278172083087143,-0.00013436413486708987,1.3612083645666342,1.007563510987132,-0.0008708206364749238,0.08946805771150092,0.541931864291544,0.001133807675549265,0.23383605965017493,0.535430747096424,0.0007599325455033527,1.3595232773642543,0.995476588445648,-0.0008974082222522395,24.0,0.0,0.15035047369426421,0.39379723929866006,0.21070889287018865
0.716,0.0,0.0,-0.272216085695325,1.0718498668640244,0.003359479474968666,-0.6499071568068839,0.4167801242175307,0.0026844901535073413,-0.11859954881953046,0.4085672451011717,0.001316209236099701,-0.336667389885016,1.0507284820475895,0.0034840936266348544,-1.4681172724857605,0.40366599511476886,0.004690786279486356,0.0081049225462861,0.5694657766161442,0.0013907704097304969,-1.2477122819144086,1.0381237443450522,0.005726807547581867,-0.29708510127272364,0.5582441436435245,0.0021532984979006527,-1.1370371835269604,0.5515473412584858,0.004225678782852789,0.1889695064916096,0.5528255934000229,0.0009137534291067308,1.091401050049037,1.0278172083087143,-0.00014667357184862062,1.366497511393433,1.007563510987132,-0.0008841121339487557,0.09053698955653745,0.541931864291544,0.0011311595164501078,0.2362282807849875,0.535430747096424,0.0007539867186156226,1.3645723040276108,0.995476588445648,-0.0009101167222965157,24.0,0.0,0.1506196060106663,0.3942667729940606,0.21100908396550339
0.718,0.0,0.0,-0.2724757315261779,1.0718498668640244,0.0033601648813983737,-0.642773603550988,0.4167801242175307,0.0026667182025610363,-0.11926936653179301,0.4085672451011717,0.0013179169848017555,-0.3304339995838009,1.0507284820475895,0.0034684896798315135,-1.4635057744317053,0.40366599511476886,0.004679458169001323,0.0030511268054773354,0.5694657766161442,0.0014034021351746451,-1.2427774667094635,1.0381237443450522,0.005714590065648653,-0.2911299154189892,0.5582441436435245,0.0021383231122906205,-1.135251032940796,0.5515473412584858,0.004221461311963616,0.19063530696275696,0.5528255934000229,0.0009096402172710333,1.0963059177395746,1.0278172083087143,-0.0001589596043508068,1.3717589049177792,1.007563510987132,-0.0008973350010157527,0.09161564535739422,0.541931864291544,0.0011284871868375167,0.23863435601249025,0.535430747096424,0.0007480061657785913,1.3695866309665714,0.995476588445648,-0.0009227392889549069,24.0,0.0,0.15088873832706837,0.39473630668946114,0.21130927506081812
0.72,0.0,0.0,-0.2727206879044462,1.0718498668640244,0.003360813995975506,-0.6356157423196772,0.4167801242175307,0.002648884319421297,-0.11992571410163173,0.4085672451011717,0.0013195915290824117,-0.3242091366814906,1.0507284820475895,0.003452906204078476,-1.4588141214636665,0.40366599511476886,0.0046679294238661856,-0.002003239708374541,0.5694657766161442,0.001416036624526667,-1.2377947814780728,1.0381237443450522,0.005702253027636289,-0.2852099691093673,0.5582441436435245,0.0021234351476562842,-1.1333657168802052,0.5515473412584858,0.004216995935498204,0.19232174482043948,0.5528255934000229,0.0009054757160931648,1.1012010572887008,1.0278172083087143,-0.00017122177357715095,1.3769922460259905,1.007563510987132,-0.0009104884848266182,0.09270408088735123,0.541931864291544,0.0011257905473353747,0.24105424765221978,0.535430747096424,0.0007419909777098344,1.374565934654928,0.995476588445648,-0.0009352751063023085,24.0,0.0,0.15115787064347044,0.3952058403848617,0.21160946615613285
0.722,0.0,0.0,-0.27295078072256523,1.0718498668640244,0.0033614263869211763,-0.6284340399347877,0.4167801242175307,0.00263098966634302,-0.12056840372924577,0.4085672451011717,0.0013212323980070087,-0.31799313762093817,1.0507284820475895,0.0034373440468227004,-1.4540424179105822,0.40366599511476886,0.004656200291446089,-0.007057640729303565,0.5694657766161442,0.001428672540811297,-1.232764180608944,1.0381237443450522,0.0056897963145578125,-0.2793255284265456,0.5582441436435245,0.0021086352818822296,-1.1313812398428225,0.5515473412584858,0.004212282645346728,0.19402894040947435,0.5528255934000229,0.0009012596214489585,1.10608628656105,1.0278172083087143,-0.0001834596224499663,1.3821972376528837,1.007563510987132,-0.0009235718375971464,0.09380235193931542,0.541931864291544,0.0011230694585104822,0.24348791662704597,0.535430747096424,0.0007359412486105106,1.3795098944338346,0.995476588445648,-0.0009477233655231998,24.0,0.0,0.15142700295987252,0.3956753740802622,0.2119096572514476
0.724,0.0,0.0,-0.27316583448384785,1.0718498668640244,0.0033620016189664743,-0.6212289651066483,0.4167801242175307,0.0026130354103807963,-0.121197248212902,0.4085672451011717,0.0013228391220760439,-0.3117863362239909,1.0507284820475895,0.0034218040491713194,-1.4491907735168257,0.40366599511476886,0.0046442710325633775,-0.012111538575213916,0.5694657766161442,0.0014413085433636194,-1.2276856205069009,1.0381237443450522,0.005677219812384991,-0.2734768543506479,0.5582441436435245,0.002093924180175175,-1.1292976140672086,0.5515473412584858,0.0042073214527532715,0.19575701275430601,0.5528255934000229,0.0008969916324763714,1.110961424125092,1.0278172083087143,-0.00019567269563083912,1.3873735848041038,1.007563510987132,-0.0009365843166643795,0.09491051432256664,0.541931864291544,0.0011203237808805717,0.24593532246009428,0.535430747096424,0.0007298570761734453,1.3844181925351056,0.995476588445648,-0.0009600832649704666,24.0,0.0,0.1516961352762746,0.39614490777566275,0.21220984834676232
0.726,0.0,0.0,-0.2733656723100228,1.0718498668640244,0.0033625392533696806,-0.6140009884020637,0.4167801242175307,0.0025950227233104473,-0.12181206097289259,0.4085672451011717,0.0013244112332851843,-0.3055890636058275,1.0507284820475895,0.0034062870456789507,-1.4442593034750393,0.40366599511476886,0.004632141921578986,-0.01716439420785551,0.5694657766161442,0.0014539432879783953,-1.2225590596249822,1.0381237443450522,0.005664523412129883,-0.2676642027285144,0.5582441436435245,0.002079302494985431,-1.1271148595316371,0.5515473412584858,0.004202112388314237,0.1975060795435552,0.5528255934000229,0.0008926714516142922,1.1158262892612,1.0278172083087143,-0.00020786053954094443,1.392520994578317,1.007563510987132,-0.0009495251845424296,0.09602862385945503,0.541931864291544,0.0011175533749224436,0.2483964232718254,0.535430747096424,0.0007237385615908243,1.3892905141042766,0.995476588445648,-0.0009723540102236439,24.0,0.0,0.15196526759267667,0.3966144414710633,0.21251003944207705
0.728,0.0,0.0,-0.27355011594942824,1.0718498668640244,0.003363038847935118,-0.6067505822116673,0.4167801242175307,0.002576952781548986,-0.12241265607544294,0.4085672451011717,0.0013259482651851607,-0.29940164808872866,1.0507284820475895,0.003390793864133542,-1.4392481284592393,0.40366599511476886,0.00461981324647452,-0.02221566729303358,0.5694657766161442,0.0014665754270599993,-1.2173844584960116,1.0381237443450522,0.0056517070099250865,-0.26188782424368473,0.5582441436435245,0.0020647708659300972,-1.1248330039523111,0.5515473412584858,0.004196655501975307,0.19927625711464195,0.5528255934000229,0.0008882987846411692,1.120680701969662,1.0278172083087143,-0.00022002270238121458,1.3976391761892655,1.007563510987132,-0.0009623937089779628,0.09715673638204929,0.541931864291544,0.0011147581010802225,0.2508711757772734,0.535430747096424,0.0007175858095614965,1.3941265472234317,0.995476588445648,-0.0009845348141465716,24.0,0.0,0.15223439990907875,0.3970839751664638,0.2128102305373918
0.73,0.0,0.0,-0.2737189857858659,1.0718498668640244,0.003363499957033632,-0.5994782207166384,0.4167801242175307,0.002558826766072995,-0.12299884825656691,0.4085672451011717,0.0013274497529415367,-0.2932244151153025,1.0507284820475895,0.0033753253253407957,-1.4341573746581888,0.40366599511476886,0.004607285308935021,-0.027264816261040173,0.5694657766161442,0.0014792036097729445,-1.2121617797636275,1.0381237443450522,0.00563877050710266,-0.2561479643870864,0.5582441436435245,0.002050329919718023,-1.1224520827810136,0.5515473412584858,0.0041909508630269925,0.20106766043848492,0.5528255934000229,0.0008838733407134525,1.1255244829786348,1.0278172083087143,-0.00023215873415236953,1.4027278409876807,1.007563510987132,-0.0009751891630053338,0.09829490772873485,0.541931864291544,0.0011119378197737369,0.2533595352834435,0.535430747096424,0.0007113989282978765,1.3989259829337914,0.995476588445648,-0.000996624896944459,24.0,0.0,0.15250353222548083,0.39755350886186436,0.21311042163270652
0.732,0.0,0.0,-0.27387210084811914,1.0718498668640244,0.003363922131624726,-0.5921843798547849,0.4167801242175307,0.002540645862335423,-0.12357045294586613,0.4085672451011717,0.0013289152333943466,-0.28705768716118873,1.0507284820475895,0.00335988224290723,-1.4289871738090298,0.40366599511476886,0.004594558424432395,-0.03231129836729518,0.5694657766161442,0.0014918264821929608,-1.2068909882127665,1.0381237443450522,0.0056257138102717,-0.25044486342843264,0.5582441436435245,0.0020359802700765273,-1.1199721392021933,0.5515473412584858,0.004184998560098748,0.20288040310427902,0.5528255934000229,0.000879394832403845,1.1303574537520429,1.0278172083087143,-0.00024426818667480144,1.4077867024830526,1.007563510987132,-0.000987910825001372,0.09944319374076135,0.541931864291544,0.001109092391407023,0.2558614556868705,0.535430747096424,0.0007051780295324512,1.4036885152580627,0.995476588445648,-0.0010086234862203586,24.0,0.0,0.1527726645418829,0.3980230425572649,0.21341061272802125
0.734,0.0,0.0,-0.27400927882013976,1.0718498668640244,0.0033643049192803587,-0.584869537285992,0.4167801242175307,0.0025224112601807893,-0.12412728629026996,0.4085672451011717,0.0013303442451175946,-0.2809017836472655,1.0507284820475895,0.0033444654230219456,-1.4237376632311707,0.40366599511476886,0.0045816329223094966,-0.037354569753184366,0.5694657766161442,0.0015044426874585984,-1.2015720507995937,1.0381237443450522,0.0056125368313945465,-0.2447787563883323,0.5582441436435245,0.002021722517679893,-1.1173932241294866,0.5515473412584858,0.004178798701151698,0.20471459730435318,0.5528255934000229,0.0008748629757393598,1.1351794364974215,1.0278172083087143,-0.00025635061360832157,1.4128154763652525,1.007563510987132,-0.0010005579787398017,0.10060165025873845,0.541931864291544,0.0011062216763769567,0.25837688947133913,0.535430747096424,0.0006989232285238838,1.408413841222547,0.995476588445648,-0.0010205298170310368,24.0,0.0,0.15304179685828498,0.39849257625266543,0.213710803823336
0.736,0.0,0.0,-0.2741303360519065,1.0718498668640244,0.0033646478642104104,-0.5775341723570344,0.4167801242175307,0.002504124153758807,-0.12466916517771315,0.4085672451011717,0.0013317363284786042,-0.2747570208513848,1.0507284820475895,0.003329075664237138,-1.418408985860419,0.40366599511476886,0.004568509145864849,-0.04239408550708133,0.5694657766161442,0.0015170508659233216,-1.1962049366808718,1.0381237443450522,0.005599239487861615,-0.2391498730111152,0.5582441436435245,0.002007557250079642,-1.11471539620168,0.5515473412584858,0.004172351413469931,0.20657035381911085,0.5528255934000229,0.0008702774902391744,1.1399902541737053,1.0278172083087143,-0.00026840557047176807,1.4178138805260057,1.007563510987132,-0.0010131299134453014,0.10177033311907925,0.541931864291544,0.001103325535082014,0.26090578770576717,0.535430747096424,0.0006926346440627123,1.413101660879008,0.995476588445648,-0.0010323431319422477,24.0,0.0,0.15331092917468706,0.39896210994806597,0.21401099491865072
0.738,0.0,0.0,-0.2742350875709587,1.0718498668640244,0.003364950507289827,-0.5701787660657546,0.4167801242175307,0.0024857857414364126,-0.1251959072607475,0.4085672451011717,0.0013330910256972124,-0.26862371181966327,1.0507284820475895,0.0033137137572474356,-1.413001290283353,0.40366599511476886,0.00455518745243797,-0.04742929972554043,0.5694657766161442,0.0015296496553080638,-1.1907896172427628,1.0381237443450522,0.0055858217025648105,-0.2335584377383745,0.5582441436435245,0.0019934850416365993,-1.1119387217781147,0.5515473412584858,0.004165656843650415,0.20844778200205477,0.5528255934000229,0.0008656380989522802,1.1447897304989625,1.0278172083087143,-0.0002804326146624775,1.422781635080213,1.007563510987132,-0.0010256259238471844,0.10294929815039071,0.541931864291544,0.001100403827931162,0.26344810004225294,0.535430747096424,0.0006863123984766421,1.4177516773262917,0.995476588445648,-0.0010440626810833996,24.0,0.0,0.15358006149108913,0.3994316436434665,0.21431118601396545
0.74,0.0,0.0,-0.27432334709460776,1.0718498668640244,0.003365212386087458,-0.5628038010246074,0.4167801242175307,0.0024673972257082135,-0.12570733098008466,0.4085672451011717,0.001334407880904798,-0.2625021662773556,1.0507284820475895,0.003298380484668132,-1.4075147307719242,0.40366599511476886,0.004541668213495304,-0.052459665574647055,0.5694657766161442,0.0015422376908542116,-1.1853260661290566,1.0381237443450522,0.005572283403969538,-0.22800466968322888,0.5582441436435245,0.0019795064534547475,-1.109063274933535,0.5515473412584858,0.004158715157591502,0.21034698976489846,0.5528255934000229,0.0008609445284949203,1.1495776899580756,1.0278172083087143,-0.00029243130547562055,1.4277184623871164,1.007563510987132,-0.0010380453102327026,0.10413860116980997,0.541931864291544,0.0010974564153528833,0.2660037747142875,0.535430747096424,0.0006799566176354277,1.422363596731706,0.995476588445648,-0.0010556877222016093,24.0,0.0,0.1538491938074912,0.39990117733886704,0.2146113771092802
0.742,0.0,0.0,-0.2743949270428284,1.0718498668640244,0.0033654330348965806,-0.5554097614235721,0.4167801242175307,0.0024489598131053453,-0.12620325558806614,0.4085672451011717,0.001335686440203141,-0.25639269053934105,1.0507284820475895,0.003283076620812363,-1.4019494673182777,0.40366599511476886,0.004527951814716733,-0.057484635351511736,0.5694657766161442,0.0015548136054769782,-1.17981425926882,1.0381237443450522,0.005558624526185272,-0.22248878260530608,0.5582441436435245,0.0019656220333168833,-1.1060891374523831,0.5515473412584858,0.004151526540480051,0.2122680835627664,0.5528255934000229,0.0008561965090878111,1.1543539578103694,1.0278172083087143,-0.00030440120412340344,1.432624087071308,1.007563510987132,-0.0010503873784999613,0.10533829797928608,0.541931864291544,0.0010944831578043352,0.2685727585351332,0.535430747096424,0.0006735674309553413,1.42693712835215,0.995476588445648,-0.0010672175207151451,24.0,0.0,0.15411832612389328,0.4003707110342676,0.21491156820459492
0.744,0.0,0.0,-0.2744496385518326,1.0718498668640244,0.0033656119847671317,-0.547997132992435,0.4167801242175307,0.002430474714102757,-0.1266835011720577,0.4085672451011717,0.0013369262517230946,-0.250295587420252,1.0507284820475895,0.0032678029314673262,-1.3963056656697859,0.40366599511476886,0.004514038656082616,-0.06250366054589396,0.5694657766161442,0.0015673760299191397,-1.174254174903462,1.0381237443450522,0.005544845009034681,-0.21701098488644946,0.5582441436435245,0.0019518323156220764,-1.1030163988225432,0.5515473412584858,0.004144091196777172,0.2142111683794851,0.5528255934000229,0.0008513937745931413,1.1591183600971866,1.0278172083087143,-0.00031634187375413793,1.4374982360435788,1.007563510987132,-0.0010626514402104403,0.10654844436180612,0.541931864291544,0.001091483915780645,0.2711549968963694,0.535430747096424,0.0006671449714032271,1.4314719845549957,0.995476588445648,-0.0010786513497662547,24.0,0.0,0.15438745844029536,0.4008402447296681,0.21521175929990966
0.746,0.0,0.0,-0.2744872914883261,1.0718498668640244,0.003365748763539642,-0.5405664029624432,0.4167801242175307,0.0024119431430249146,-0.12714788867776441,0.4085672451011717,0.0013381268656830736,-0.24421115614427713,1.0507284820475895,0.0032525601736696037,-1.3905834973642783,0.40366599511476886,0.004499929151961387,-0.06751619190194165,0.5694657766161442,0.0015799235929050953,-1.1686457936132075,1.0381237443450522,0.0055309447981212855,-0.21157147950714889,0.5582441436435245,0.0019381378213249349,-1.0998451562285363,0.5515473412584858,0.004136409350202572,0.21617634771296687,0.5528255934000229,0.0008465360625513446,1.1638707236494117,1.0278172083087143,-0.0003282528794711809,1.4423406385216035,1.007563510987132,-0.0010748368126411174,0.10776909607756519,0.541931864291544,0.001088458549824345,0.27375043376660646,0.535430747096424,0.0006606893755001365,1.4359678808387208,0.995476588445648,-0.0010899884902733693,24.0,0.0,0.15465659075669744,0.40130977842506865,0.2155119503952244
0.748,0.0,0.0,-0.27450769446445056,1.0718498668640244,0.0033658428958808764,-0.5331180600273338,0.4167801242175307,0.0023933663179499347,-0.12759623993246286,0.4085672451011717,0.0013392878344473402,-0.2381396922546716,1.0507284820475895,0.0032373490954796668,-1.3847831397654613,0.40366599511476886,0.004485623731197617,-0.07252167948003191,0.5694657766161442,0.0015924549212952147,-1.1629890983429787,1.0381237443450522,0.005516923844895649,-0.20617046402369693,0.5582441436435245,0.0019245390578766835,-1.0965755145441682,0.5515473412584858,0.0041284812437175555,0.2181637235606889,0.5528255934000229,0.00084162311421764,1.1686108760949439,1.0278172083087143,-0.0003401337883517436,1.4471510260504612,1.007563510987132,-0.001086942818836179,0.10900030886007919,0.541931864291544,0.0010854069205349472,0.27635901169036875,0.535430747096424,0.0006542007833245439,1.4404245358532903,0.995476588445648,-0.001101228230982682,24.0,0.0,0.1549257230730995,0.4017793121204692,0.21581214149053912
0.75,0.0,0.0,-0.2745106548534099,1.0718498668640244,0.003365893903321188,-0.5256525943037418,0.4167801242175307,0.002374745460612161,-0.12802837766814718,0.4085672451011717,0.0013404087125840863,-0.23208148752300808,1.0507284820475895,0.0032221704357556532,-1.3789047760985118,0.40366599511476886,0.0044711228372005755,-0.07751957271869818,0.5694657766161442,0.0016049686402404401,-1.1572840744276762,1.0381237443450522,0.005502782106720077,-0.20080813054607122,0.5582441436435245,0.0019110365191680535,-1.0932075863246336,0.5515473412584858,0.004120307139506635,0.22017339640526917,0.5528255934000229,0.000836654674598335,1.1733386458661197,1.0278172083087143,-0.00035198416946557396,1.4519291325229866,1.007563510987132,-0.0010989687876583232,0.11024213841223997,0.541931864291544,0.0010823288885786623,0.2789806717871483,0.535430747096424,0.0006476793385151382,1.444841671420284,0.995476588445648,-0.0011123698685191058,24.0,0.0,0.1551948553895016,0.4022488458158697,0.21611233258585386
0.752,0.0,0.0,-0.2744959788057833,1.0718498668640244,0.003365901304293586,-0.5181704972909901,0.4167801242175307,0.0023560817963031813,-0.1284441255445855,0.4085672451011717,0.0013414890569232974,-0.22603682985820414,1.0507284820475895,0.003207024923926494,-1.3729485954858338,0.40366599511476886,0.004456426928033202,-0.08250932049662923,0.5694657766161442,0.0016174633733371058,-1.1515307096168588,1.0381237443450522,0.005488519546931821,-0.19548466571654344,0.5582441436435245,0.0018976306854739894,-1.0897414917980766,0.5515473412584858,0.004111887318957798,0.22220546520014192,0.5528255934000229,0.0008316304924868844,1.1780538622070864,1.0278172083087143,-0.0003638035938935136,1.4566746941999515,1.007563510987132,-0.0011109140538396367,0.11149464040231172,0.541931864291544,0.0010792243146982602,0.2816153537506292,0.535430747096424,0.0006411251882731893,1.4492190125527722,0.995476588445648,-0.0011234127074365903,24.0,0.0,0.15546398770590367,0.40271837951127026,0.2164125236811686
0.754,0.0,0.0,-0.2744634712665224,1.0718498668640244,0.003365864614174519,-0.5106722618302658,0.4167801242175307,0.002337376553771302,-0.128843308172283,0.4085672451011717,0.001342528426614393,-0.22000600321536207,1.0507284820475895,0.003191913279764484,-1.3669147929829621,0.40366599511476886,0.004441536476501507,-0.08749037119472469,0.5694657766161442,0.0016299377427819333,-1.1457289940988153,1.0381237443450522,0.005474136134904777,-0.19020025068901525,0.5582441436435245,0.00188432202340017,-1.0861773588566126,0.5515473412584858,0.004103222082641406,0.2242600273553342,0.5528255934000229,0.0008265503204997024,1.182756355181125,1.0278172083087143,-0.0003755916347459304,1.4613874497300725,1.007563510987132,-0.001122777958032049,0.11275787045986814,0.541931864291544,0.0010760930597230808,0.2842629958480844,0.535430747096424,0.0006345384833644871,1.4535562874749344,0.995476588445648,-0.0011343560602678105,24.0,0.0,0.15573312002230574,0.4031879132066708,0.21671271477648332
0.756,0.0,0.0,-0.27441293599263383,1.0718498668640244,0.003365783345326367,-0.503158382063189,0.4167801242175307,0.0023186309651194916,-0.1292257511353482,0.4085672451011717,0.001343526383183637,-0.2139892875044588,1.0507284820475895,0.003176836213157379,-1.3608035696146001,0.40366599511476886,0.004426451970244327,-0.09246217275819196,0.5694657766161442,0.0016423903695271722,-1.1398789205240292,1.0381237443450522,0.00545963184610967,-0.18495506110908136,0.5582441436435245,0.0018711109858313493,-1.0825153230468114,0.5515473412584858,0.004094311750287746,0.226337178723346,0.5528255934000229,0.0008214139151117216,1.187445955677926,1.0278172083087143,-0.0003873478671810271,1.4660671401698413,1.007563510987132,-0.0011345598468573514,0.11403188417166946,0.541931864291544,0.0010729349845791899,0.28692353491994577,0.535430747096424,0.0006279193781208491,1.457853227641423,0.995476588445648,-0.001145199247573216,24.0,0.0,0.15600225233870782,0.40365744690207134,0.21701290587179806
0.758,0.0,0.0,-0.2743441755715453,1.0718498668640244,0.003365657007141646,-0.4956293533897769,0.4167801242175307,0.0022998462657017995,-0.1295912810142588,0.4085672451011717,0.0013444824905912997,-0.2079869584989248,1.0507284820475895,0.003161794423880121,-1.3546151324107754,0.40366599511476886,0.004411173911823423,-0.09742417275866902,0.5694657766161442,0.0016548198734358404,-1.1339804840280279,1.0381237443450522,0.0054450066621727035,-0.1797492670948194,0.5582441436435245,0.0018579980118815145,-1.0787555275596437,0.5515473412584858,0.004085156660763243,0.22843701358513588,0.5528255934000229,0.0008162210366916922,1.1921224954208163,1.0278172083087143,-0.0003990718684230293,1.4707135090031789,1.007563510987132,-0.0011462590729567734,0.1153167370774786,0.541931864291544,0.0010697499502996866,0.28959690637954777,0.535430747096424,0.0006212680304411957,1.4621095677564682,0.995476588445648,-0.0011559415979894379,24.0,0.0,0.1562713846551099,0.4041269805974719,0.2173130969671128
0.76,0.0,0.0,-0.2742569914401534,1.0718498668640244,0.003365485106088924,-0.48808567242581297,0.4167801242175307,0.002281023694018269,-0.1299397254085235,0.4085672451011717,0.0013453963152885763,-0.2019992877441514,1.0507284820475895,0.003146788601366286,-1.348349694443095,0.40366599511476886,0.00439570281881386,-0.10237581845635756,0.5694657766161442,0.001667224873437033,-1.1280336822536192,1.0381237443450522,0.0054302605709327005,-0.17458303321830632,0.5582441436435245,0.0018449835268458598,-1.074898123219895,0.5515473412584858,0.0040757571720453235,0.23055962463621452,0.5528255934000229,0.0008109714495372175,1.1967858069739399,1.0278172083087143,-0.00041076321778025506,1.4753263021609053,1.007563510987132,-0.0011578749950401175,0.11661248466581575,0.541931864291544,0.0010665378180351637,0.2922830442130466,0.535430747096424,0.0006145846017921907,1.4663250457927224,0.995476588445648,-0.0011665824482770505,24.0,0.0,0.15654051697151197,0.4045965142928724,0.21761328806242752
0.762,0.0,0.0,-0.27415118390455223,1.0718498668640244,0.0033652671457604444,-0.48052783695962303,0.4167801242175307,0.002262164491608359,-0.1302709129592363,0.4085672451011717,0.001346267426274238,-0.19602654246596837,1.0507284820475895,0.0031318194244793524,-1.3420074748610875,0.40366599511476886,0.004380039223894659,-0.10731655686215055,0.5694657766161442,0.0016796039876812545,-1.1220385153725096,1.0381237443450522,0.005415393566496678,-0.16945651848786086,0.5582441436435245,0.0018320679421545772,-1.0709432684750477,0.5515473412584858,0.004066113661195953,0.2327051029728477,0.5528255934000229,0.000805664921909521,1.2014357237493911,1.0278172083087143,-0.00042242149666306406,1.4799052680400286,1.007563510987132,-0.0011694069779344335,0.11791918236965067,0.541931864291544,0.0010632984490643207,0.2949818809795149,0.535430747096424,0.0006078692572084435,1.4704994030098475,0.995476588445648,-0.001177121143367686,24.0,0.0,0.15680964928791405,0.40506604798827295,0.21791347915774226
0.764,0.0,0.0,-0.27402655216043914,1.0718498668640244,0.0033650026269214416,-0.4729563459082692,0.4167801242175307,0.0022432699029428845,-0.1305846733715192,0.4085672451011717,0.0013470953951510202,-0.190068985479133,1.0507284820475895,0.003116887561283895,-1.335588698928608,0.40366599511476886,0.004364183674939641,-0.11224583479973851,0.5694657766161442,0.001691955833695737,-1.1159949861063028,1.0381237443450522,0.005400405649293905,-0.16436987633101116,0.5582441436435245,0.0018192516553284632,-1.0668911293836318,0.5515473412584858,0.004056226524333834,0.23487353807837144,0.5528255934000229,0.000800301226067938,1.206072080014302,1.0278172083087143,-0.00043404628860169213,1.4844501575228446,1.007563510987132,-0.0011808543926322419,0.11923688556203184,0.541931864291544,0.0010600317048047336,0.2976933478112129,0.535430747096424,0.0006011221652922729,1.4746323839728372,0.995476588445648,-0.0011875570364104986,24.0,0.0,0.15707878160431613,0.4055355816836735,0.218213670253057
0.766,0.0,0.0,-0.27388289431419605,1.0718498668640244,0.0033646910475611594,-0.465371699273166,0.4167801242175307,0.0022243411753145,-0.13088083743685008,0.4085672451011717,0.0013478797961817275,-0.18412687509587483,1.0507284820475895,0.0031019936688168066,-1.329093598060292,0.40366599511476886,0.004348136735108442,-0.11716309896767818,0.5694657766161442,0.0017042790285397066,-1.1099030997468777,1.0381237443450522,0.005385296826128387,-0.15932325457818677,0.5582441436435245,0.0018065350499363393,-1.0627418796030508,0.5515473412584858,0.004046096176605294,0.23706501780962105,0.5528255934000229,0.0007948801383041288,1.210694710897885,1.0278172083087143,-0.00044563717926396964,1.4889607239958496,1.007563510987132,-0.0011922166163392818,0.12056564955165189,0.541931864291544,0.0010567374468237805,0.300417374414038,0.535430747096424,0.0005943434982130278,1.4787237365700787,0.995476588445648,-0.001197889488817973,24.0,0.0,0.1573479139207182,0.406005115379074,0.21851386134837172
0.768,0.0,0.0,-0.2737200074046422,1.0718498668640244,0.003364331902945551,-0.4577743980951289,0.4167801242175307,0.002205379558726742,-0.1311592370552718,0.4085672451011717,0.0013486202063450546,-0.17820046503454,1.0507284820475895,0.003087138392858661,-1.3225224098580355,0.40366599511476886,0.004331898982937652,-0.12206779600140767,0.5694657766161442,0.0017165721889595559,-1.1037628641761446,1.0381237443450522,0.0053700671102298245,-0.15431679544713378,0.5582441436435245,0.0017939184955542782,-1.0584957003768785,0.5515473412584858,0.004035723052153841,0.2392796283834763,0.5528255934000229,0.0007894014389760045,1.215303452398429,1.0278172083087143,-0.0004571937564729267,1.4934367233684605,1.007563510987132,-0.001203493032521794,0.12190552957834855,0.541931864291544,0.0010534155368497305,0.3031538890681515,0.535430747096424,0.0005875334317059651,1.4827732120311485,0.995476588445648,-0.0012081178703110768,24.0,0.0,0.15761704623712028,0.40647464907447456,0.21881405244368646
0.77,0.0,0.0,-0.2735376874254551,1.0718498668640244,0.0033639246856716665,-0.4501649444088614,0.4167801242175307,0.002186386305781649,-0.1314197052574786,0.4085672451011717,0.0013493162053911088,-0.17229000432838107,1.0507284820475895,0.0030723223677053234,-1.3158753781474815,0.40366599511476886,0.004315471012432011,-0.12695937253519174,0.5694657766161442,0.0017288339315438797,-1.097574289885177,1.0381237443450522,0.005354716521302991,-0.14935063552805192,0.5582441436435245,0.0017814023477266455,-1.0541527805216349,0.5515473412584858,0.00402510760408841,0.24151745436352476,0.5528255934000229,0.0007838649125413666,1.2198981413902534,1.0278172083087143,-0.00046871561022428676,1.497877914091541,1.007563510987132,-0.0012146830309533213,0.12325658080854035,0.541931864291544,0.0010500658367829888,0.30590281862878577,0.535430747096424,0.0005806921450706813,1.4867805649443444,0.995476588445648,-0.0012182415589637513,24.0,0.0,0.15788617855352235,0.4069441827698751,0.2191142435390012
0.772,0.0,0.0,-0.27333572934825545,1.0718498668640244,0.003363468885723699,-0.44254384119689194,0.4167801242175307,0.0021673626715659803,-0.13166207622677656,0.4085672451011717,0.0013499673758966258,-0.16639573723453846,1.0507284820475895,0.0030575462159399265,-1.3091527530144904,0.40366599511476886,0.004298853433155626,-0.1318372752639808,0.5694657766161442,0.0017410628728783397,-1.0913373899927206,1.0381237443450522,0.005339245085575573,-0.14442490576945224,0.5582441436435245,0.001768986947928941,-1.049713316413038,0.5515473412584858,0.004014250304450302,0.24377857864684538,0.5528255934000229,0.0007782703475912454,1.224478615630617,1.0278172083087143,-0.0004802023327038479,1.5022840571757319,1.007563510987132,-0.0012257860077610227,0.12461885833059654,0.541931864291544,0.0010466882087075092,0.30866408852723065,0.535430747096424,0.0005738198211690957,1.4907455532739502,0.995476588445648,-0.001228259941246741,24.0,0.0,0.15815531086992443,0.40741371646527563,0.21941443463431592
0.774,0.0,0.0,-0.2731139271463515,1.0718498668640244,0.0033629639905306996,-0.43491159234296767,0.4167801242175307,0.002148309913536057,-0.13188618532091384,0.4085672451011717,0.0013505733033198708,-0.1605179031432618,1.0507284820475895,0.0030428105482053196,-1.302354790841574,0.40366599511476886,0.004282046870323149,-0.1367009510051674,0.5694657766161442,0.0017532576297003125,-1.0850521802630761,1.0381237443450522,0.005323652835844433,-0.13953973146473367,0.5582441436435245,0.0017566726235324417,-1.0451775119717364,0.5515473412584858,0.004003151644178809,0.2460630824509146,0.5528255934000229,0.0007726175368829439,1.2290447137665845,1.0278172083087143,-0.0004916535183047572,1.5066549162095813,1.007563510987132,-0.0012368013654715,0.1259924171501403,0.541931864291544,0.0010432825149023688,0.3114376227720007,0.535430747096424,0.0005669166464229834,1.4946679383772332,0.995476588445648,-0.0012381724120707554,24.0,0.0,0.1584244431863265,0.40788325016067617,0.21971462572963066
0.776,0.0,0.0,-0.27287207381913803,1.0718498668640244,0.00336240948502594,-0.4272687025849166,0.4167801242175307,0.002129229291401246,-0.13209186909377713,0.4085672451011717,0.001351133576055214,-0.1546567364874192,1.0507284820475895,0.0030281159629771282,-1.2954817543442656,0.40366599511476886,0.004265051964890857,-0.14154984676022356,0.5694657766161442,0.001765416819053279,-1.0787186791233598,1.0381237443450522,0.005307939811520322,-0.13469523223947674,0.5582441436435245,0.0017444596877706454,-1.0405455786485245,0.5515473412584858,0.003991812133075555,0.24837104530063675,0.5528255934000229,0.0007669062773727708,1.2335962753418497,1.0278172083087143,-0.0005030687636446757,1.5109902573774736,1.007563510987132,-0.0012477285130561234,0.12737731218528497,0.541931864291544,0.0010398486178535094,0.31422334395018425,0.535430747096424,0.0005599828108110583,1.4985474850211729,0.995476588445648,-0.001247978374828963,24.0,0.0,0.15869357550272858,0.4083527838560767,0.2200148168249454
0.778,0.0,0.0,-0.2726099614171439,1.0718498668640244,0.003361804851707906,-0.4196156774669876,0.4167801242175307,0.0021101220670061184,-0.13227896531695044,0.4085672451011717,0.001351647785487372,-0.14881246665234463,1.0507284820475895,0.0030134630463375216,-1.2885339126074058,0.40366599511476886,0.0042478693736475856,-0.14638340977620268,0.5694657766161442,0.0017775390584409193,-1.072336907680137,1.0381237443450522,0.00529210605867103,-0.12989152203945295,0.5582441436435245,0.0017323484397075031,-1.0358177354090385,0.5515473412584858,0.003980232299767525,0.250702545015501,0.5528255934000229,0.0007611363702484654,1.2381331408035177,1.0278172083087143,-0.0005144476675828385,1.5152898494773557,1.007563510987132,-0.0012585668659758542,0.12877359826180204,0.541931864291544,0.0010363863802656478,0.3170211732289745,0.535430747096424,0.0005530185078655995,1.5023839613989196,0.995476588445648,-0.001257677241438812,24.0,0.0,0.15896270781913066,0.40882231755147724,0.22031500792026013
0.78,0.0,0.0,-0.27232738106772336,1.0718498668640244,0.0033611495707029206,-0.41195302329167915,0.4167801242175307,0.0020909895042112957,-0.13244731300113247,0.4085672451011717,0.0013521155260453055,-0.1429853178860738,1.0507284820475895,0.0029988523717498355,-1.2815115411213163,0.40366599511476886,0.004230499769305437,-0.15120108760708956,0.5694657766161442,0.0017896229659808672,-1.0659068897354333,1.0381237443450522,0.005276151630062973,-0.12512870911934734,0.5582441436435245,0.0017203391642074436,-1.0309942087179411,0.5515473412584858,0.003968412691668811,0.2530576576968669,0.5528255934000229,0.0007553076209613048,1.242655151508845,1.0278172083087143,-0.0005257898312370085,1.5195534639382546,1.007563510987132,-0.0012693158462255595,0.13018133010822097,0.541931864291544,0.0010328956650743552,0.3198310303573833,0.535430747096424,0.0005460239346686238,1.5061771391459833,0.995476588445648,-0.001267268432383179,24.0,0.0,0.15923184013553274,0.4092918512468778,0.22061519901557486
0.782,0.0,0.0,-0.27202412300138423,1.0718498668640244,0.0033604431198293694,-0.40428124707106855,0.4167801242175307,0.002071832868773025,-0.13259675241740865,0.4085672451011717,0.0013525363952557603,-0.13717550921002017,1.0507284820475895,0.0029842844998341582,-1.2744149218178351,0.40366599511476886,0.004212943840590213,-0.15600232817498183,0.5694657766161442,0.0018016671605580843,-1.0594286518021223,1.0381237443450522,0.0052600765852012146,-0.1204068960321926,0.5582441436435245,0.0017084321319071796,-1.0260752325225893,0.5515473412584858,0.003956353874941068,0.25543645771538065,0.5528255934000229,0.00074941983925789,1.2471621497319394,1.0278172083087143,-0.000537094858000327,1.5237808748375887,1.007563510987132,-0.0012799748823778068,0.13160056235085965,0.541931864291544,0.0010293763354583076,0.3226528336681391,0.535430747096424,0.0005389992918476018,1.5099267933561493,0.995476588445648,-0.0012767513767508382,24.0,0.0,0.1595009724519348,0.4097613849422783,0.2209153901108896
0.784,0.0,0.0,-0.271699976578746,1.0718498668640244,0.0033596849746635217,-0.3966008564776525,0.4167801242175307,0.002052653428221498,-0.13272712511837395,0.4085672451011717,0.001352909993796451,-0.13138325433014367,1.0507284820475895,0.0029697599781440243,-1.2672443431061882,0.40366599511476886,0.00419520229233151,-0.1607865798310868,0.5694657766161442,0.001813670261977815,-1.052902223118689,1.0381237443450522,0.005243880990367936,-0.11572617961951231,0.5582441436435245,0.0016966275991892926,-1.021061048236194,0.5515473412584858,0.003944056434452688,0.2578390176985239,0.5528255934000229,0.0007434728392116057,1.2516539786704177,1.0278172083087143,-0.0005483623535580629,1.527971858918266,1.007563510987132,-0.001290543409626142,0.13303134950878515,0.541931864291544,0.001025828254851711,0.32548650007976865,0.535430747096424,0.0005319447835707122,1.5136327025971223,0.995476588445648,-0.0012861255122762533,24.0,0.0,0.1597701047683369,0.41023091863767885,0.22121558120620433
0.786,0.0,0.0,-0.2713547303181217,1.0718498668640244,0.003358874608606926,-0.38891235979471167,0.4167801242175307,0.002033452451737958,-0.13283827395910283,0.4085672451011717,0.001353235925548864,-0.12560876154866532,1.0507284820475895,0.002955279340944333,-1.2600000999086653,0.40366599511476886,0.004177275845552393,-0.1655532914165169,0.5694657766161442,0.0018256308911180775,-1.0463276356633746,1.0381237443450522,0.005227564918659353,-0.11108665100217124,0.5582441436435245,0.001684925808157592,-1.0159519047204673,0.5515473412584858,0.0039315209737367,0.2602654085182973,0.5528255934000229,0.0007374664392537475,1.2561304824520267,1.0278172083087143,-0.0005595919259042587,1.5321261956055696,1.007563510987132,-0.0013010208698278354,0.13447374598870407,0.541931864291544,0.0010222512869568973,0.3283319450988636,0.535430747096424,0.0005248606175416384,1.5172946489258952,0.995476588445648,-0.001295390285378686,24.0,0.0,0.16003923708473897,0.4107004523330794,0.22151577230151906
0.788,0.0,0.0,-0.2709881719237151,1.0718498668640244,0.003358011492955365,-0.3812162658662124,0.4167801242175307,0.0020142312100306058,-0.13293004311796214,0.4085672451011717,0.0013535137976506864,-0.11985223367638222,1.0507284820475895,0.0029408431089906375,-1.2526824936960754,0.40366599511476886,0.004159165237558585,-0.17030191232286798,0.5694657766161442,0.0018375476700816526,-1.0397049241676986,1.0381237443450522,0.005211128450021068,-0.1064883955719301,0.5582441436435245,0.0016733269866142392,-1.0107480582677628,0.5515473412584858,0.003918748114947383,0.2627156992790409,0.5528255934000229,0.000731400462204314,1.2605915061412214,1.0278172083087143,-0.0005707831853582812,1.5362436670238282,1.007563510987132,-0.0013114067115460942,0.13592780607978205,0.541931864291544,0.0010186452957571,0.33118908282253307,0.535430747096424,0.0005177470049939011,1.520912417903844,0.995476588445648,-0.0013045451512006178,24.0,0.0,0.16030836940114104,0.41116998602847993,0.2218159633968338
0.79,0.0,0.0,-0.27060008831442606,1.0718498668640244,0.003357095096969349,-0.3735130840462568,0.4167801242175307,0.0019949909752093576,-0.1330022781172633,0.4085672451011717,0.0013537432205478345,-0.11411386794563777,1.0507284820475895,0.0029264517893099295,-1.2452918325229465,0.40366599511476886,0.00414087122202711,-0.17503189255256382,0.5694657766161442,0.0018494192223475303,-1.0330341261293647,1.0381237443450522,0.005194571671281877,-0.1019314929837025,0.5582441436435245,0.0016618313480386367,-1.0054497725827085,0.5515473412584858,0.003905738498815622,0.2651899573053933,0.5528255934000229,0.0007252747353024549,1.2650368957457068,1.0278172083087143,-0.0005819357445812678,1.5403240580128665,1.007563510987132,-0.0013217003900917407,0.1373935839483916,0.541931864291544,0.001015010145529405,0.3340578259410416,0.535430747096424,0.0005106041606847274,1.524485798611547,0.995476588445648,-0.00131358957364549,24.0,0.0,0.16057750171754312,0.41163951972388046,0.22211615449214853
0.792,0.0,0.0,-0.27019026565325516,1.0718498668640244,0.0033561248879461257,-0.3658033241480971,0.4167801242175307,0.001975733020659469,-0.13305482584375006,0.4085672451011717,0.0013539238080460874,-0.10839385592400295,1.0507284820475895,0.002912105874983068,-1.2378284310624432,0.40366599511476886,0.004122394569094289,-0.17974268277895114,0.5694657766161442,0.00186124417292177,-1.0263152818245496,1.0381237443450522,0.005177894676186043,-0.09741601714851171,0.5582441436435245,0.0016504390915680674,-1.0000573187633337,0.5515473412584858,0.0038924927846029854,0.26768824813039127,0.5528255934000229,0.0007190890902365741,1.2694664982229396,1.0278172083087143,-0.0005930492185924813,1.5443671561442376,1.007563510987132,-0.0013319013675643365,0.13887113363278802,0.541931864291544,0.0010113457008578811,0.3369380857406342,0.535430747096424,0.000503432302888456,1.5280145836633263,0.995476588445648,-0.0013225230254147475,24.0,0.0,0.1608466340339452,0.412109053419281,0.22241634558746326
0.794,0.0,0.0,-0.26975848937729946,1.0718498668640244,0.003355100331293199,-0.35808749639272563,0.4167801242175307,0.0019564586209140696,-0.13308753456891745,0.4085672451011717,0.0013540551773623044,-0.10269238342872519,1.0507284820475895,0.002897805844928981,-1.2302926106409664,0.40366599511476886,0.00410373606544303,-0.1844337344061291,0.5694657766161442,0.0018730211484877383,-1.0195484343195766,1.0381237443450522,0.005161097565424004,-0.09294203622714425,0.5582441436435245,0.0016391504019800905,-0.9945709752816928,0.5515473412584858,0.003879011650054549,0.2702106354837126,0.5528255934000229,0.0007128433631740791,1.273880161486593,1.0278172083087143,-0.0006041232247855632,1.548372751737231,1.007563510987132,-0.0013420091128927643,0.14036050903771263,0.541931864291544,0.00100765182664689,0.3398297721065483,0.535430747096424,0.0004962316533894746,1.5314985692215126,0.995476588445648,-0.0013313449880441959,24.0,0.0,0.16111576635034727,0.41257858711468154,0.222716536682778
0.796,0.0,0.0,-0.26930454422832983,1.0718498668640244,0.00335402089060331,-0.350366111357057,0.4167801242175307,0.0019371690515256406,-0.1331002539691587,0.4085672451011717,0.001354136949175223,-0.09700963044200205,1.0507284820475895,0.002883552163690787,-1.222684699272403,0.40366599511476886,0.004084896514389338,-0.18910449962849757,0.5694657766161442,0.0018847487775556831,-1.0127336294819793,1.0381237443450522,0.005144180446661573,-0.08850961262449823,0.5582441436435245,0.0016279654496766719,-0.9889910279639859,0.5515473412584858,0.0038652957913504465,0.27275718128006327,0.5528255934000229,0.0007065373947907757,1.278277734412984,1.0278172083087143,-0.0006151573829446972,1.5523406378746563,1.007563510987132,-0.0013520231018752478,0.1418617639289229,0.541931864291544,0.0010039283881345786,0.3427327935262133,0.535430747096424,0.0004890024374746893,1.5349375550104307,0.995476588445648,-0.0013400549519396615,24.0,0.0,0.16138489866674935,0.4130481208100821,0.22301672777809273
0.798,0.0,0.0,-0.26882821428394094,1.0718498668640244,0.003352886027730886,-0.3426396799217147,0.4167801242175307,0.0019178655889364694,-0.13309283514573575,0.4085672451011717,0.001354168747675826,-0.09134577102713762,1.0507284820475895,0.002869345281223979,-1.2150050316919911,0.40366599511476886,0.004065876735967929,-0.1937544314900088,0.5694657766161442,0.0018964256906116046,-1.0058709159909536,1.0381237443450522,0.005127143434567578,-0.08411880298462325,0.5582441436435245,0.0016168843906700567,-0.9833177699701775,0.5515473412584858,0.003851345923056179,0.2753279456077116,0.5528255934000229,0.0007001710302998991,1.2826590668474624,1.0278172083087143,-0.0006261513152606746,1.5562706104184003,1.007563510987132,-0.001361942817218811,0.14337495192764907,0.541931864291544,0.0010001752509065528,0.34564705709263827,0.535430747096424,0.0004817448839255269,1.5383313443301065,0.995476588445648,-0.0013486524164119569,24.0,0.0,0.16165403098315143,0.4135176545054826,0.22331691887340746
0.8,0.0,0.0,-0.26832928298926345,1.0718498668640244,0.003351695202869913,-0.3349087132184396,0.4167801242175307,0.0018985495103481134,-0.13306513064456982,0.4085672451011717,0.0013541502006172688,-0.08570097324564013,1.0507284820475895,0.002855185632686818,-1.2072539493897667,0.40366599511476886,0.0040466775670169,-0.19838298394310683,0.5694657766161442,0.0019080505202653825,-0.9989603453472045,1.0381237443450522,0.005109986650840015,-0.07976965818644952,0.5582441436435245,0.0016059073665703695,-0.9775515017731161,0.5515473412584858,0.003837162778071658,0.27792298671717086,0.5528255934000229,0.0006937441194807782,1.2870240096107641,1.0278172083087143,-0.0006371046463468704,1.560162468024755,1.007563510987132,-0.0013717677485781709,0.14490012650497652,0.541931864291544,0.0009963922809097376,0.34857246850798823,0.535430747096424,0.0004744592250094644,1.5416797440696925,0.995476588445648,-0.0013571368897111464,24.0,0.0,0.1619231632995535,0.41398718820088315,0.2236171099687222
0.802,0.0,0.0,-0.2678075331892289,1.0718498668640244,0.0033504478746332195,-0.3271737225771336,0.4167801242175307,0.0018792220935899258,-0.1330169944758481,0.4085672451011717,0.0013540809393643538,-0.0800753990753197,1.0507284820475895,0.0028410736382330744,-1.199431800643553,0.40366599511476886,0.004027299861261339,-0.2029896119073402,0.5694657766161442,0.0019196219013981276,-0.9920019718821884,1.0381237443450522,0.005092710224230641,-0.07546222334020326,0.5582441436435245,0.0015950345045749352,-0.9716925311371538,0.5515473412584858,0.0038227471075790048,0.2805423610100323,0.5528255934000229,0.0006872565167071301,1.291372414505328,1.0278172083087143,-0.0006480170032551247,1.5640160121595128,1.007563510987132,-0.0013814973925940577,0.14643734097615385,0.541931864291544,0.0009925793444664189,0.3515089320873493,0.535430747096424,0.0004671456964710895,1.5449825647206135,0.995476588445648,-0.0013655078890601113,24.0,0.0,0.16219229561595558,0.4144567218962837,0.22391730106403693
0.804,0.0,0.0,-0.2672627471613762,1.0718498668640244,0.0033491435001331334,-0.3194352194725553,0.4167801242175307,0.0018598846169866606,-0.13294828213344279,0.4085672451011717,0.0013539605989425496,-0.07446920432944583,1.0507284820475895,0.0028270097028072734,-1.1915389405514571,0.40366599511476886,0.004007744489395805,-0.2075737713276325,0.5694657766161442,0.001931138471308711,-0.9849958527667556,1.0381237443450522,0.005075314290568102,-0.07119653778450569,0.5582441436435245,0.0015842659174593193,-0.9657411730962685,0.5515473412584858,0.003808099680989099,0.2831861230279513,0.5528255934000229,0.0006807080809749764,1.2957041343215763,1.0278172083087143,-0.0006588880154915344,1.5678310471128305,1.007563510987132,-0.0013911312529309523,0.14798664849482576,0.541931864291544,0.0009887363082884755,0.354456350762683,0.535430747096424,0.0004598045375226868,1.5482396203894289,0.995476588445648,-0.0013737649406874136,24.0,0.0,0.16246142793235765,0.4149262555916842,0.22421749215935166
0.806,0.0,0.0,-0.2666947066491893,1.0718498668640244,0.0033477815350635015,-0.31169371547068336,0.4167801242175307,0.001840538359225215,-0.13285885061413855,0.4085672451011717,0.0013537888180865363,-0.0688825385770248,1.0507284820475895,0.0028129942159425885,-1.1835757310638353,0.40366599511476886,0.003988012339165565,-0.2121349192321968,0.5694657766161442,0.0019425988698594417,-0.977942048019194,1.0381237443450522,0.00505779899277952,-0.06697263508415267,0.5582441436435245,0.0015736017035700757,-0.9596977499316892,0.5515473412584858,0.003793221285886886,0.28585432544178707,0.5528255934000229,0.0006740986759301789,1.3000190228441604,1.0278172083087143,-0.000669717315032155,1.5716073800138564,1.007563510987132,-0.0014006688403142465,0.1495481020471908,0.541931864291544,0.0009848630394917956,0.3574146260869705,0.535430747096424,0.00045243599083435255,1.551450728810414,0.995476588445648,-0.001381907579859452,24.0,0.0,0.16273056024875973,0.41539578928708476,0.2245176832546664
0.808,0.0,0.0,-0.2661031928959543,1.0718498668640244,0.0033463614337830346,-0.30394972217476407,0.4167801242175307,0.001821184599220535,-0.13274855843666486,0.4085672451011717,0.0013535652392882758,-0.06331554506425718,1.0507284820475895,0.002799027551561536,-1.1755425410146865,0.40366599511476886,0.00396810431544651,-0.2166725137900794,0.5694657766161442,0.0019540017396208528,-0.9708406205126807,1.0381237443450522,0.005040164480910616,-0.06279054302857244,0.5582441436435245,0.0015630419468191927,-0.9535625911490262,0.5515473412584858,0.003778112727975438,0.28858343912982193,0.5528255934000229,0.0006674281698955896,1.304427303444567,1.0278172083087143,-0.0006805045363386153,1.5748880339378142,1.007563510987132,-0.0014101096725668112,0.1511217544460831,0.541931864291544,0.000980959405610883,0.3603836582385467,0.535430747096424,0.0004450403025236338,1.5546157113578567,0.995476588445648,-0.001389935350911915,24.0,0.0,0.1629996925651618,0.4158653229824853,0.22481787434998113
0.81,0.0,0.0,-0.2654879866791251,1.0718498668640244,0.003344882649399947,-0.29620375117105935,0.4167801242175307,0.001801824615980737,-0.1326172656605293,0.4085672451011717,0.0013532895088445916,-0.05776836063723652,1.0507284820475895,0.002785110067779617,-1.167439746152435,0.40366599511476886,0.0039480213403236385,-0.2211860143683194,0.5694657766161442,0.0019653457260155587,-0.9636916359821419,1.0381237443450522,0.005022410912144333,-0.05865028363095825,0.5582441436435245,0.0015525867166802424,-0.9473360334549055,0.5515473412584858,0.0037627748310187802,0.2913853695331486,0.5528255934000229,0.0006606053856755025,1.308963648774011,1.0278172083087143,-0.0006915252378396319,1.5775277997599968,1.007563510987132,-0.0014183113073767057,0.15270765832497832,0.541931864291544,0.0009770252746136524,0.36336334602562453,0.535430747096424,0.0004376177221446934,1.5577343930580696,0.995476588445648,-0.0013978478072805217,24.0,0.0,0.16326882488156388,0.41633485667788583,0.22511806544529586
0.812,0.0,0.0,-0.2648488683451852,1.0718498668640244,0.003343344633857874,-0.2884563139743126,0.4167801242175307,0.001782459688471475,-0.13246483390464828,0.4085672451011717,0.0013529612769042525,-0.05224111566595008,1.0507284820475895,0.002771242106712065,-1.1592677291700606,0.40366599511476886,0.00392776435316801,-0.22567488158871027,0.5694657766161442,0.001976629477461159,-0.9564951630305273,1.0381237443450522,0.005004538450817986,-0.054551873128073435,0.5582441436435245,0.001542236068186207,-0.9410184207331104,0.5515473412584858,0.003747208436783478,0.2942531173965254,0.5528255934000229,0.0006536005596671858,1.3136053188218213,1.0278172083087143,-0.000702866101163242,1.5796189637572309,1.007563510987132,-0.0014249107219321622,0.15430586613192276,0.541931864291544,0.0009730605149164143,0.36635358689101005,0.535430747096424,0.00043016850267699875,1.560806602601119,0.995476588445648,-0.001405644511531054,24.0,0.0,0.16353795719796596,0.41680439037328637,0.2254182565406106
0.8140000000000001,0.0,0.0,-0.26418561784499356,1.0718498668640244,0.0033417468380230243,-0.28070792197294936,0.4167801242175307,0.0017630910954796082,-0.1322911263657711,0.4085672451011717,0.00135258019751455,-0.046733933969643315,1.0507284820475895,0.002757423994283849,-1.151026879734533,0.40366599511476886,0.003907334310712074,-0.2301385773841507,0.5694657766161442,0.001987851645512136,-0.9492512731345019,1.0381237443450522,0.004986547268438949,-0.050495321980725864,0.5582441436435245,0.0015319900419289948,-0.93461010402023,0.5515473412584858,0.0037314144049789906,0.29718056676956006,0.5528255934000229,0.0006464311900087438,1.3183324489606765,1.0278172083087143,-0.0007144702762827676,1.5812420508484708,1.007563510987132,-0.0014301386319252474,0.15591643012338613,0.541931864291544,0.0009690649953990533,0.36935427691700795,0.535430747096424,0.00042269290051353495,1.5638321723522661,0.995476588445648,-0.0014133250353886772,24.0,0.0,0.16380708951436804,0.4172739240686869,0.22571844763592533
0.8160000000000001,0.0,0.0,-0.2634980147696026,1.0718498668640244,0.0033400887117725447,-0.27295908637403005,0.4167801242175307,0.0017437201154762,-0.1320960078366943,0.4085672451011717,0.0013521459286673571,-0.0412469327436095,1.0507284820475895,0.0027436560400430823,-1.1427175945155088,0.40366599511476886,0.003886732187123255,-0.23457656505457158,0.5694657766161442,0.001999010885000737,-0.9419600406495592,1.0381237443450522,0.0049684375436988846,-0.046480634874908985,0.5582441436435245,0.0015218486640606258,-0.9281114414808158,0.5515473412584858,0.0037153936131967898,0.30016237889306974,0.5528255934000229,0.0006391125665761571,1.3231277081106003,1.0278172083087143,-0.0007262881016299055,1.58246722737305,1.007563510987132,-0.0014341963496533473,0.1575394023580369,0.541931864291544,0.0009650385854203949,0.37236531083051827,0.535430747096424,0.00041519117544854017,1.566810938363124,0.995476588445648,-0.0014208889597665452,24.0,0.0,0.1640762218307701,0.41774345776408744,0.22601863873124006
0.8180000000000001,0.0,0.0,-0.2627858383865346,1.0718498668640244,0.003338369704084068,-0.26521031814797286,0.4167801242175307,0.0017243480264789019,-0.13187934472426238,0.4085672451011717,0.001351658132344665,-0.03578022248746637,1.0507284820475895,0.0027299385369779976,-1.1343402772132447,0.40366599511476886,0.003865958974075694,-0.23898830932242732,0.5694657766161442,0.0020101058541767895,-0.9346215428145608,1.0381237443450522,0.004950209462486529,-0.042507810723606675,0.5582441436435245,0.0015118119462960837,-0.9215227983820466,0.5515473412584858,0.003699146956848254,0.3031938986864459,0.5528255934000229,0.000631658036267383,1.3279759956497983,1.0278172083087143,-0.0007382762495047151,1.5833555433922564,1.007563510987132,-0.0014372592909647952,0.15917483469044058,0.541931864291544,0.000960981154833768,0.37538658200832414,0.535430747096424,0.0004076635906647644,1.5697427403825255,0.995476588445648,-0.0014283358747936897,24.0,0.0,0.1643453541471722,0.418212991459488,0.2263188298265548
0.8200000000000001,0.0,0.0,-0.2620488676765041,1.0718498668640244,0.003336589263126397,-0.2574621279730643,0.4167801242175307,0.0017049761059137589,-0.13164100506715104,0.4085672451011717,0.0013511164745635851,-0.03033390693498171,1.0507284820475895,0.0027162717613376398,-1.125895338585684,0.40366599511476886,0.0038450156808200343,-0.2433732763877394,0.5694657766161442,0.0020211352148464287,-0.9272358597557061,1.0381237443450522,0.004931863217899033,-0.038576842669259134,0.5582441436435245,0.0015018798859178278,-0.9148445470679039,0.5515473412584858,0.003682675349101331,0.3062710722861612,0.5528255934000229,0.0006240792367839425,1.3328641728695314,1.0278172083087143,-0.00075039696835271,1.583960032354692,1.007563510987132,-0.0014394800810128112,0.16083280601663186,0.541931864291544,0.0009568925740027587,0.37846163368760943,0.535430747096424,0.0004001104127202497,1.5724551495241452,0.995476588445648,-0.0014356653798421938,24.0,0.0,0.16461448646357427,0.4186825251548885,0.22661902092186953
0.8220000000000001,0.0,0.0,-0.2612868813705733,1.0718498668640244,0.003334746836351321,-0.24971502617977556,0.4167801242175307,0.0016856056304764874,-0.13138085855343007,0.4085672451011717,0.001350520625420807,-0.02490808298550975,1.0507284820475895,0.0027026559724564283,-1.1173831964746679,0.40366599511476886,0.003823903334251132,-0.24773093398268087,0.5694657766161442,0.002032097632509709,-0.9198030744899369,1.0381237443450522,0.004913399010251895,-0.03468771808688695,0.5582441436435245,0.001492052465781959,-0.9080770669328566,0.5515473412584858,0.003665979720815974,0.3093903742932645,0.5528255934000229,0.0006163863027846544,1.3377808252013634,1.0278172083087143,-0.0007626174114020429,1.5843266840232197,1.007563510987132,-0.0014409913034189004,0.1625306782226244,0.541931864291544,0.0009527476456872805,0.38166551307907404,0.535430747096424,0.0003924227835220365,1.5746512760947702,0.995476588445648,-0.0014424464026962431,24.0,0.0,0.16488361877997634,0.41915205885028906,0.22691921201718426
0.8240000000000001,0.0,0.0,-0.2604996579877261,1.0718498668640244,0.0033328418705864944,-0.2419695226949035,0.4167801242175307,0.0016662378759932657,-0.13109877653790203,0.4085672451011717,0.0013498702591365045,-0.019502840637100404,1.0507284820475895,0.002689091412582748,-1.1088042758312266,0.40366599511476886,0.003802622978973592,-0.252060751425691,0.5694657766161442,0.0020429917764970625,-0.9123232729277819,1.0381237443450522,0.004894817047087473,-0.030840418587870663,0.5582441436435245,0.0014823296543260286,-0.9012207443950582,0.5515473412584858,0.003649061020478356,0.31254874356380846,0.5528255934000229,0.0006085880477668961,1.3427160518362957,1.0278172083087143,-0.000774909042231623,1.5844953048269403,1.007563510987132,-0.0014419079325902195,0.1642642561487414,0.541931864291544,0.0009485029651722991,0.38497928644480933,0.535430747096424,0.00038441308504337496,1.5764050362632884,0.995476588445648,-0.0014479367191228055,24.0,0.0,0.16515275109637842,0.4196215925456896,0.227219403112499
0.8260000000000001,0.0,0.0,-0.2596869758728474,1.0718498668640244,0.003330873812129376,-0.23422612698555356,0.4167801242175307,0.0016468741172810854,-0.13079463205921327,0.4085672451011717,0.0013491650540976843,-0.014118262921343157,1.0507284820475895,0.002675578306711725,-1.1001590087399007,0.40366599511476886,0.0037811756773649887,-0.25636219967511,0.5694657766161442,0.0020538163201045878,-0.9047965438756451,1.0381237443450522,0.004876117543182085,-0.027034920024383072,0.5582441436435245,0.001472711405578488,-0.8942759728690537,0.5515473412584858,0.0036319202141338602,0.31574352652613474,0.5528255934000229,0.0006006921245905361,1.3476612797093461,1.0278172083087143,-0.0007872471088189537,1.584500278253511,1.007563510987132,-0.001442329484599521,0.16602989686492067,0.541931864291544,0.0009441690203570067,0.38838645682860246,0.535430747096424,0.00037612865162903674,1.5777807331513276,0.995476588445648,-0.001452321119544101,24.0,0.0,0.1654218834127805,0.42009112624109013,0.22751959420781373
0.8280000000000001,0.0,0.0,-0.25884861323509356,1.0718498668640244,0.0033288421068421795,-0.22648534800298442,0.4167801242175307,0.0016275156280077109,-0.1304682998567342,0.4085672451011717,0.0013484046929009624,-0.00875442584000741,1.0507284820475895,0.002662116862422332,-1.0914478344420442,0.40366599511476886,0.0037595625096366737,-0.260634751382323,0.5694657766161442,0.0020645699407281356,-0.8972229790375436,1.0381237443450522,0.004857300720551743,-0.023271192494471595,0.5582441436435245,0.001463197659169769,-0.8872431527380004,0.5515473412584858,0.0036145582853188488,0.3189724271372539,0.5528255934000229,0.0005927051671847204,1.352609099142836,1.0278172083087143,-0.0007996101785015797,1.5843712365154219,1.007563510987132,-0.0014423419181659475,0.1678244298737979,0.541931864291544,0.0009397549185665585,0.3918726141239711,0.535430747096424,0.00036761072566955395,1.5788344387461988,0.995476588445648,-0.001455760361764199,24.0,0.0,0.16569101572918257,0.42056065993649067,0.22781978530312846
0.8300000000000001,0.0,0.0,-0.2579843481866401,1.0718498668640244,0.003326746200247795,-0.21874769412633205,0.4167801242175307,0.0016081636805512878,-0.13011965638720532,0.4085672451011717,0.0013475888623947646,-0.0034113983035408526,1.0507284820475895,0.0026487072697189925,-1.0826711993580609,0.40366599511476886,0.0037377845738920325,-0.26487788094440584,0.5694657766161442,0.002075251319996168,-0.8896026730162998,1.0381237443450522,0.0048383668084564894,-0.019549200347788048,0.5582441436435245,0.0014537883403449904,-0.8801226913254003,0.5515473412584858,0.0035969762349912157,0.32223346270078423,0.5528255934000229,0.0005846329156569225,1.3575531187298244,1.0278172083087143,-0.0008119797270853041,1.584133653490952,1.007563510987132,-0.001442019313820725,0.16964510036302013,0.541931864291544,0.0009352685860443654,0.39542518595026377,0.535430747096424,0.00035889533243113224,1.5796149779696542,0.995476588445648,-0.001458394625751377,24.0,0.0,0.16596014804558465,0.4210301936318912,0.2281199763984432
0.8320000000000001,0.0,0.0,-0.2570939587817916,1.0718498668640244,0.0033245855376266616,-0.21101367310623279,0.4167801242175307,0.001588819545859657,-0.12974857984114602,0.4085672451011717,0.0013467172537209426,0.001910757928512796,1.0507284820475895,0.002635349700877826,-1.0738295571085206,0.40366599511476886,0.003715842986182074,-0.2690910645562619,0.5694657766161442,0.0020858591439013754,-0.881935723314193,1.0381237443450522,0.00481931604340338,-0.0158689021919632,0.5582441436435245,0.0014444833599782814,-0.8729150028663468,0.5515473412584858,0.0035791750814597157,0.3255249248639863,0.5528255934000229,0.0005764803267480967,1.362487837298438,1.0278172083087143,-0.0008243397760527754,1.5838093678405658,1.007563510987132,-0.0014414253562595504,0.17148951904189141,0.541931864291544,0.0009307169098213097,0.3990332169932097,0.535430747096424,0.00035001390286540065,1.58016480001946,0.995476588445648,-0.0014603459738100155,24.0,0.0,0.16622928036198673,0.42149972732729174,0.22842016749375793
0.834,0.0,0.0,-0.25617722305643925,1.0718498668640244,0.00332235956411454,-0.2032837920083637,0.4167801242175307,0.0015694844933094088,-0.12935495015902257,0.4085672451011717,0.001345789562355794,0.007211988305115617,1.0507284820475895,0.002622044310297692,-1.0649233685341073,0.40366599511476886,0.003693738880558224,-0.27327378026224375,0.5694657766161442,0.002096392102931015,-0.8742222303330752,1.0381237443450522,0.004800148669148113,-0.012230250899623547,0.5582441436435245,0.0014352826145887193,-0.865620508478284,0.5515473412584858,0.003561155860312082,0.3288453451937303,0.5528255934000229,0.0005682516713400915,1.3674085310308441,1.0278172083087143,-0.0008366765724743091,1.5834170442183828,1.007563510987132,-0.0014406146421335848,0.17335561780607325,0.541931864291544,0.0009261058631241316,0.4026871736617837,0.535430747096424,0.0003409938252580358,1.5805207495240552,0.995476588445648,-0.0014617205289345298,24.0,0.0,0.1664984126783888,0.4219692610226923,0.22872035858907266
0.836,0.0,0.0,-0.2552339190678518,1.0718498668640244,0.003320067724801159,-0.1955585571569195,0.4167801242175307,0.001550159790564736,-0.1289386490471729,0.4085672451011717,0.0013448054881504857,0.012492245539296206,1.0507284820475895,0.0026087912343561847,-1.0559531017143438,0.40366599511476886,0.0036714734091221903,-0.27742550800725047,0.5694657766161442,0.00210684889219597,-0.8664622973739569,1.0381237443450522,0.004780864936695319,-0.008633193616047797,0.5582441436435245,0.0014261859863578701,-0.8582396361312813,0.5515473412584858,0.003542919624341925,0.3321934648027252,0.5528255934000229,0.0005599506205157315,1.3723111540197215,1.0278172083087143,-0.0008489783068053248,1.5829725796233538,1.007563510987132,-0.0014396338330781272,0.17524161056232224,0.541931864291544,0.0009214406162136771,0.40637877125170346,0.535430747096424,0.0003318589335866008,1.580714748684984,0.995476588445648,-0.001462610402696018,24.0,0.0,0.16676754499479088,0.4224387947180928,0.2290205496843874
0.838,0.0,0.0,-0.25426382493478406,1.0718498668640244,0.0033177094648296906,-0.187838474078045,0.4167801242175307,0.0015308467034361257,-0.1284995599934845,0.4085672451011717,0.0013437647353708615,0.017751489661609002,1.0507284820475895,0.0025955905912707334,-1.0469192319850422,0.40366599511476886,0.003649047742072782,-0.2815457296872953,0.5694657766161442,0.002117228211558487,-0.8586560306360681,1.0381237443450522,0.004761465104297522,-0.005077671767460548,0.5582441436435245,0.0014171933431489307,-0.8507728206178219,0.5515473412584858,0.0035244674434744177,0.33556836985945504,0.5528255934000229,0.0005515803214932442,1.3771927258780667,1.0278172083087143,-0.000861234864277518,1.5824874852140671,1.007563510987132,-0.0014385226715905547,0.1771459586226422,0.541931864291544,0.0009167256343230545,0.4101008211090917,0.535430747096424,0.0003226299396118014,1.5807744003625122,0.995476588445648,-0.0014630954005983399,24.0,0.0,0.16703667731119295,0.42290832841349335,0.22932074077970213
0.84,0.0,0.0,-0.25326671887788815,1.0718498668640244,0.0033152842294970207,-0.18012404744324198,0.4167801242175307,0.0015115464957389392,-0.1280375682828231,0.4085672451011717,0.0013426670127366406,0.02298968807143245,1.0507284820475895,0.002582442480964951,-1.0378222419544267,0.40366599511476886,0.003626463067749528,-0.28563392919953606,0.5694657766161442,0.0021275287657585985,-0.8508035392154001,1.0381237443450522,0.0047419494374528,-0.0015636210699607762,0.5582441436435245,0.0014083045385274626,-0.8432205035221063,0.5515473412584858,0.0035058004046907695,0.3389698954659279,0.5528255934000229,0.0005431430588514197,1.3820524951176065,1.0278172083087143,-0.0008734387939233812,1.581964033931722,1.007563510987132,-0.0014373099355673381,0.1790673401452455,0.541931864291544,0.0009119647641722546,0.4138470955592965,0.535430747096424,0.00031332481496833085,1.580723520971414,0.995476588445648,-0.0014632445297921605,24.0,0.0,0.16730580962759503,0.4233778621088939,0.22962093187501686
0.842,0.0,0.0,-0.25224237926041254,1.0718498668640244,0.0033127914643547814,-0.17241578101276966,0.4167801242175307,0.0014922604291519317,-0.12755256101220872,0.4085672451011717,0.001341512033459987,0.028206815586046728,1.0507284820475895,0.002569346984940393,-1.0286626215178714,0.40366599511476886,0.0036037205926729887,-0.2896895924917634,0.5694657766161442,0.0021377492645392004,-0.8429049351027331,1.0381237443450522,0.00472231820890113,0.0019090284609172689,0.5582441436435245,0.0013995194117837131,-0.8355831331888713,0.5515473412584858,0.00348691961195148,0.34239804811239893,0.5528255934000229,0.0005346392448352376,1.3868902244014643,1.0278172083087143,-0.0008855882170222307,1.5814023727166824,1.007563510987132,-0.0014360013073614754,0.18100462315960517,0.541931864291544,0.0009071613103657464,0.41761220860874954,0.535430747096424,0.0003039591288428188,1.5805826110824637,0.995476588445648,-0.0014631173313144152,24.0,0.0,0.1675749419439971,0.4238473958042944,0.2299211229703316
0.844,0.0,0.0,-0.25119058462917265,1.0718498668640244,0.0033102306153110924,-0.16471417757905774,0.4167801242175307,0.001472989763075751,-0.12704442710573702,0.4085672451011717,0.001340299515283451,0.0334028544874324,1.0507284820475895,0.0025563041661538573,-1.0194408678712024,0.40366599511476886,0.0035808215415816004,-0.2937122076113419,0.5694657766161442,0.002147888422769769,-0.8349603331811561,1.0381237443450522,0.0047025716986194635,0.005340352500013065,0.5582441436435245,0.0013908377879565182,-0.8278611646917243,0.5515473412584858,0.003467826186118393,0.3458528316851951,0.5528255934000229,0.0005260688632190599,1.3917056780394719,1.0278172083087143,-0.000897682540231875,1.5808026513806341,1.007563510987132,-0.001434597154323876,0.18295684176569016,0.541931864291544,0.0009023181028298471,0.421391510644942,0.535430747096424,0.0002945463462191862,1.5803692707582768,0.995476588445648,-0.0014627650565920392,24.0,0.0,0.16784407426039918,0.42431692949969496,0.23022131406564633
0.846,0.0,0.0,-0.250111113755778,1.0718498668640244,0.003307601128732993,-0.15701973891015084,0.4167801242175307,0.001453735754491471,-0.12651305732924267,0.4085672451011717,0.001339029180517272,0.038577794566732077,1.0507284820475895,0.0025433140689003933,-1.0101574855225055,0.40366599511476886,0.0035577671574649286,-0.2977012647535996,0.5694657766161442,0.002157944960568715,-0.8269698512230835,1.0381237443450522,0.004682710193815521,0.008730432401720983,0.5582441436435245,0.0013822594778587786,-0.8200550598009938,0.5515473412584858,0.0034485212648755256,0.34933424745838787,0.5528255934000229,0.0005174319042870695,1.3964986220046798,1.0278172083087143,-0.000909721174326894,1.5801650225932211,1.007563510987132,-0.0014330978509837556,0.18492317514410922,0.541931864291544,0.0008974375563146347,0.42518099555373573,0.535430747096424,0.000285098091128705,1.5800985658787494,0.995476588445648,-0.0014622317057815721,24.0,0.0,0.16811320657680126,0.4247864631950955,0.23052150516096107
0.848,0.0,0.0,-0.2490037456781001,1.0718498668640244,0.0033049024515495063,-0.14933296569320373,0.4167801242175307,0.0014344996578192037,-0.12595834430470265,0.4085672451011717,0.001337700756076036,0.043731633166317736,1.0507284820475895,0.002530376718702144,-1.000812986302386,0.40366599511476886,0.0035345587015931856,-0.3016562563096617,0.5694657766161442,0.0021679176034243596,-0.8189336098867754,1.0381237443450522,0.004662733988920339,0.01207935518854581,0.5582441436435245,0.0013737842781045087,-0.8121652869510954,0.5515473412584858,0.003429006002648699,0.3528422940858491,0.5528255934000229,0.0005087283648540877,1.4012688239497064,1.0278172083087143,-0.0009217035342399139,1.5794896418683895,1.007563510987132,-0.001431503779015223,0.18690314418993,0.541931864291544,0.0008925217228685871,0.42897814414837987,0.535430747096424,0.0002756243788567207,1.579779693811489,0.995476588445648,-0.0014615549435827535,24.0,0.0,0.16838233889320334,0.42525599689049604,0.2308216962562758
0.85,0.0,0.0,-0.2478682597419651,1.0718498668640244,0.003302134031355311,-0.1416543574780457,0.4167801242175307,0.001415282724776836,-0.12538018252437674,0.4085672451011717,0.001336313973514686,0.04886437521940741,1.0507284820475895,0.0025174921222031795,-0.9914078893726208,0.40366599511476886,0.003511197453542887,-0.3055766769137269,0.5694657766161442,0.0021778050823145147,-0.8108517327123668,1.0381237443450522,0.004642643385579569,0.015387213539034798,0.5582441436435245,0.0013654119711374467,-0.8041923212074147,0.5515473412584858,0.0034092815705239533,0.35637696759369175,0.5528255934000229,0.0004999582482854345,1.4060160532229258,1.0278172083087143,-0.0009336290391024804,1.578776667550443,1.007563510987132,-0.0014298153272031438,0.18889673555326067,0.541931864291544,0.0008875718002540351,0.4327824492955782,0.535430747096424,0.0002661315073701104,1.5794139034003591,0.995476588445648,-0.0014607577634146024,24.0,0.0,0.1686514712096054,0.42572553058589657,0.23112188735159053
0.852,0.0,0.0,-0.2467044356430556,1.0718498668640244,0.003299295316514974,-0.1339844126208332,0.4167801242175307,0.001396086204238941,-0.12477846836468309,0.4085672451011717,0.0013348685690638712,0.0539760332871755,1.0507284820475895,0.0025046602670704553,-0.9819427212331494,0.40366599511476886,0.003487684711218474,-0.3094620234897827,0.5694657766161442,0.002187606133824678,-0.8027243461174108,1.0381237443450522,0.004622438692643547,0.018654105775088286,0.5582441436435245,0.0013571423252612242,-0.7961366442327062,0.5515473412584858,0.0033893491561647515,0.3599382613730968,0.5528255934000229,0.0004911215645158279,1.4107400808844923,1.0278172083087143,-0.0009454971122855289,1.5780262607998092,1.007563510987132,-0.001428032891408278,0.19090400296330545,0.541931864291544,0.0008825878218457085,0.4365936936636025,0.535430747096424,0.0002566207445021146,1.5790012978423242,0.995476588445648,-0.001459843287386778,24.0,0.0,0.1689206035260075,0.4261950642812971,0.23142207844690527
0.854,0.0,0.0,-0.24551205346900548,1.0718498668640244,0.0032963857562677,-0.1263236282278093,0.4167801242175307,0.0013769113420959097,-0.12415310009980636,0.4085672451011717,0.001333364283664637,0.05906662759330215,1.0507284820475895,0.0024918811219010353,-0.9724180157273445,0.40366599511476886,0.0034640217908697957,-0.3133117952977583,0.5694657766161442,0.002197319500264817,-0.7945515793919437,1.0381237443450522,0.0046021202261561575,0.02188013584865095,0.5582441436435245,0.0013489750946710905,-0.7879987442530094,0.5515473412584858,0.0033692099637279804,0.36352616617352795,0.5528255934000229,0.00048221833006731525,1.4154406797222043,1.0278172083087143,-0.0009573071814394452,1.5772385855785154,1.007563510987132,-0.0014261568745316932,0.19292499974134472,0.541931864291544,0.0008775696533205965,0.440411658858184,0.535430747096424,0.00024709263358205376,1.5785419839987525,0.995476588445648,-0.0014588117734916906,24.0,0.0,0.16918973584240957,0.42666459797669765,0.23172226954222
0.856,0.0,0.0,-0.2442908937416718,1.0718498668640244,0.0032934048008325745,-0.11867250009918856,0.4167801242175307,0.00135775938111335,-0.12350397791503649,0.4085672451011717,0.0013318008630024453,0.06413618605590801,1.0507284820475895,0.0024791546361357182,-0.9628343140455051,0.40366599511476886,0.0034402100271052837,-0.31712549397911527,0.5694657766161442,0.0022069439297847564,-0.7863335646930745,1.0381237443450522,0.0045816883093424896,0.02506541332778563,0.5582441436435245,0.0013409100194871836,-0.7797791160230807,0.5515473412584858,0.0033488652137787377,0.36714067009633444,0.5528255934000229,0.0004732485680662374,1.4201176242672036,1.0278172083087143,-0.0009690586785337252,1.5764138086353776,1.007563510987132,-0.0014241876864784586,0.1949597787882329,0.541931864291544,0.0008725171613754984,0.4442361254431341,0.535430747096424,0.00023754772059560004,1.5780360723847922,0.995476588445648,-0.0014576634888827612,24.0,0.0,0.16945886815881164,0.4271341316720982,0.23202246063753473
0.858,0.0,0.0,-0.24304073745956778,1.0718498668640244,0.0032903519015142404,-0.1110315226731858,0.4167801242175307,0.001338631560791798,-0.122831003919836,0.4085672451011717,0.0013301780575405205,0.06918474431682176,1.0507284820475895,0.002466480739979204,-0.9531921647265138,0.40366599511476886,0.0034162507729006853,-0.3209026236018737,0.5694657766161442,0.0022164781764881488,-0.7780704370391093,1.0381237443450522,0.004561143272595317,0.028210053382131624,0.5582441436435245,0.001332946825789347,-0.7714782607913434,0.5515473412584858,0.0033283161432039166,0.37078175858874374,0.5528255934000229,0.0004642123082592212,1.4247706908095124,1.0278172083087143,-0.0009807510398962232,1.5755520994909011,1.007563510987132,-0.0014221257441206143,0.1970083925718082,0.541931864291544,0.0008674302137582779,0.44806687296114467,0.535430747096424,0.00022798655413322475,1.577483677158474,0.995476588445648,-0.0014563987098478604,24.0,0.0,0.16972800047521372,0.4276036653674987,0.23232265173284947
0.86,0.0,0.0,-0.24176136614044083,1.0718498668640244,0.0032872265108089805,-0.1034011889702069,0.4167801242175307,0.0013195291172267913,-0.12213408216063387,0.4085672451011717,0.0013284956225525194,0.07421234576812878,1.0507284820475895,0.0024538593443269195,-0.943492123657601,0.40366599511476886,0.003392145399603207,-0.3246426907050766,0.5694657766161442,0.002225921000545045,-0.7697623343032117,1.0381237443450522,0.004540485453460403,0.031314176767749294,0.5582441436435245,0.001325085225653482,-0.763096686264354,0.5515473412584858,0.0033075640051245733,0.374449414438244,0.5528255934000229,0.00045510958702819795,1.4293996574134076,1.0278172083087143,-0.0009923837062519951,1.5746536304218937,1.007563510987132,-0.001419971471259423,0.19907089311421636,0.541931864291544,0.0008623086792993397,0.45190367995476377,0.535430747096424,0.00021840968533819838,1.5768849161095397,0.995476588445648,-0.0014550177217820647,24.0,0.0,0.1699971327916158,0.42807319906289926,0.2326228428281642
0.862,0.0,0.0,-0.24045256186397929,1.0718498668640244,0.003284028082511163,-0.09578199053721977,0.4167801242175307,0.0013004532829693442,-0.12141311863334434,0.4085672451011717,0.0013267533181545138,0.07921904157595094,1.0507284820475895,0.002441290340698652,-0.9337347540721579,0.40366599511476886,0.0033678952969309253,-0.32834520434269165,0.5694657766161442,0.002235271168303052,-0.7614093972066093,1.0381237443450522,0.0045197151966206595,0.03437790981135276,0.5582441436435245,0.001317324917189438,-0.7546349065707858,0.5515473412584858,0.0032866100688071,0.3781436177673576,0.5528255934000229,0.00044594044740444734,1.4340043039326305,1.0278172083087143,-0.0010039561227617334,1.5737185764457926,1.007563510987132,-0.0014177252985869044,0.20114733197915108,0.541931864291544,0.0008571524279433194,0.4557463239875448,0.535430747096424,0.00020881766785415062,1.5762399106479994,0.995476588445648,-0.0014535208191597292,24.0,0.0,0.17026626510801787,0.4285427327582998,0.23292303392347893
0.864,0.0,0.0,-0.23911410731463198,1.0718498668640244,0.0032807560718200093,-0.08817441739232339,0.4167801242175307,0.0012814052868868762,-0.12066802129560866,0.4085672451011717,0.0013249509093362902,0.084204890701408,1.0507284820475895,0.0024287736011790965,-0.9239206265455389,0.40366599511476886,0.0033435018729673174,-0.3320096761269533,0.5694657766161442,0.0022445274523970895,-0.753011769311349,1.0381237443450522,0.0044988328538791535,0.03740138439393239,0.5582441436435245,0.0013096655845804292,-0.7460934422249298,0.5515473412584858,0.003265455619573179,0.3818643460288062,0.5528255934000229,0.00043670493908166323,1.4385844120254325,1.0278172083087143,-0.0010154677390597905,1.5727471153047066,1.007563510987132,-0.0014153876636466517,0.20323776025901313,0.541931864291544,0.0008519613307809825,0.45959458166536526,0.535430747096424,0.0001992110577721981,1.5755487857924173,0.995476588445648,-0.0014519083055058784,24.0,0.0,0.17053539742441995,0.42901226645370033,0.23322322501879367
0.866,0.0,0.0,-0.2377457858245245,1.0718498668640244,0.003277409935446641,-0.08057895796953268,0.4167801242175307,0.0012623863540246352,-0.11989870007875865,0.4085672451011717,0.001323088165991951,0.08916995991871332,1.0507284820475895,0.0024163089783654536,-0.914050318988797,0.40366599511476886,0.0033189665541507696,-0.33563562027114735,0.5694657766161442,0.002253688631857744,-0.7445695970126104,1.0381237443450522,0.004477838784141003,0.04038473793376871,0.5582441436435245,0.0013021068981239803,-0.7374728200897129,0.5515473412584858,0.003244101958708539,0.3856115740010672,0.5528255934000229,0.00042740311842804176,1.4431397651694575,1.0278172083087143,-0.0010269180092917958,1.5717394274491723,1.007563510987132,-0.0014129590107939366,0.20534222856199139,0.541931864291544,0.0008467352600813273,0.4634482286579129,0.535430747096424,0.00018959041357764688,1.5748116701579278,0.995476588445648,-0.0014501804933669232,24.0,0.0,0.17080452974082203,0.42948180014910087,0.2335234161141084
0.868,0.0,0.0,-0.23634738141645598,1.0718498668640244,0.0032739891317213722,-0.07299609906379645,0.4167801242175307,0.0012433977054676585,-0.11910506689950014,0.4085672451011717,0.001321164862949826,0.09411432383035707,1.0507284820475895,0.0024038963053221903,-0.9041244166402929,0.40366599511476886,0.0032942907852589144,-0.3392225536318408,0.5694657766161442,0.002262753492218229,-0.7360830295305794,1.0381237443450522,0.004456733353394157,0.043328113368839405,0.5582441436435245,0.0012946485142743894,-0.7287735733392334,0.5515473412584858,0.0032225504033704965,0.3893852737843228,0.5528255934000229,0.00041803504849738924,1.447670148676459,1.0278172083087143,-0.0010383063921518582,1.570695696021628,1.007563510987132,-0.001410439791155101,0.20746078699906792,0.541931864291544,0.0008414740893238818,0.4673070397203352,0.535430747096424,0.00017995629609627778,1.574028695943981,0.995476588445648,-0.0014483377042806994,24.0,0.0,0.1710736620572241,0.4299513338445014,0.23382360720942313
0.87,0.0,0.0,-0.2349186788469605,1.0718498668640244,0.0032704931207012014,-0.06542632577626577,0.4167801242175307,0.0012244405582033178,-0.11828703567131543,0.4085672451011717,0.0013191807800016797,0.09903806487933238,1.0507284820475895,0.002391535395543081,-0.8941435120551205,0.40366599511476886,0.0032694760293876545,-0.3427699957505611,0.5694657766161442,0.0022717208256199622,-0.7275522189018923,1.0381237443450522,0.004435516934689079,0.0462316591386208,0.5582441436435245,0.001287290075686713,-0.719996241420814,0.5515473412584858,0.0032008022864942983,0.3931854147968008,0.5528255934000229,0.00040860079903925025,1.4521753497068532,1.0278172083087143,-0.0010496323509193617,1.5696161068396046,1.007563510987132,-0.0014078304625862405,0.20959348517095006,0.541931864291544,0.0008361776932311905,0.4711707887150498,0.535430747096424,0.000170309268440222,1.5731999989218226,0.995476588445648,-0.0014463802687458328,24.0,0.0,0.17134279437362618,0.43042086753990194,0.23412379830473787
0.872,0.0,0.0,-0.23345946364941683,1.0718498668640244,0.003266921364277462,-0.05787012145982974,0.4167801242175307,0.0012055161249844913,-0.11744452231558333,0.4085672451011717,0.001317135701931218,0.10394127335836056,1.0507284820475895,0.0023792260429206426,-0.8841082050922919,0.40366599511476886,0.0032445237679247234,-0.3462774688949293,0.5694657766161442,0.002280589430916763,-0.7189773199706532,1.0381237443450522,0.004414189908117361,0.04909552916528542,0.5582441436435245,0.0012800312112622593,-0.7111413700165723,0.5515473412584858,0.0031788589566982494,0.39701196377150805,0.5528255934000229,0.00039910044650805524,1.4566551572841067,1.0278172083087143,-0.0010608953534953474,1.5685008483786342,1.007563510987132,-0.0014051314896311817,0.21174037215493216,0.541931864291544,0.0008308459478014851,0.47503924863371233,0.535430747096424,0.00016064989595343553,1.5723257184217037,0.995476588445648,-0.0014443085261904365,24.0,0.0,0.17161192669002825,0.4308904012353025,0.2344239894000526
0.874,0.0,0.0,-0.23196952217719088,1.0718498668640244,0.0032632733262836036,-0.05032796766493521,0.4167801242175307,0.001186625614193401,-0.1165774447724157,0.4085672451011717,0.0013150294185418877,0.10882404741607396,1.0507284820475895,0.0023669680217230722,-0.874019102899623,0.40366599511476886,0.003219435500517652,-0.34974449809925157,0.5694657766161442,0.0022893581137776835,-0.7103584903790319,1.0381237443450522,0.004392752660789263,0.051919882834297035,0.5582441436435245,0.0012728715361955978,-0.702209511004509,0.5515473412584858,0.0031567217781876458,0.40086488475335585,0.5528255934000229,0.00038953407407128716,1.4611093623089593,1.0278172083087143,-0.001072094872438481,1.56735011175488,1.007563510987132,-0.0014023433434787558,0.21390149649168982,0.541931864291544,0.0008254787303415298,0.47891219161933835,0.535430747096424,0.00015097874615677923,1.571405997319826,0.995476588445648,-0.001442122824940139,24.0,0.0,0.17188105900643033,0.431359934930703,0.23472418049536733
0.876,0.0,0.0,-0.23044864164679468,1.0718498668640244,0.0032595484726030384,-0.04280034408570695,0.4167801242175307,0.0011677702297061647,-0.11568572301120975,0.4085672451011717,0.0013128617246839687,0.11368649306011576,1.0507284820475895,0.0023547610865787888,-0.8638768198962654,0.40366599511476886,0.0031942127450359796,-0.3531706112045753,0.5694657766161442,0.0022980256867884893,-0.7016958905574491,1.0381237443450522,0.00437120558681021,0.054704884974404344,0.5582441436435245,0.0012658106520230686,-0.6932012224191137,0.5515473412584858,0.0031343921306574876,0.40474413909667767,0.5528255934000229,0.0003799017716166676,1.4655377575734814,1.0278172083087143,-0.0010832303850006125,1.5661640907074867,1.007563510987132,-0.0013994665019193702,0.21607690617200967,0.541931864291544,0.0008200759194996356,0.4827893889885762,0.535430747096424,0.0001412963886927142,1.5704409820250222,0.995476588445648,-0.001439823522185445,24.0,0.0,0.1721501913228324,0.43182946862610355,0.23502437159068207
0.878,0.0,0.0,-0.22889661018104618,1.0718498668640244,0.003255746271277048,-0.0352877285063843,0.4167801242175307,0.0011489511707580941,-0.11476927904091508,0.4085672451011717,0.0013106324202809536,0.1185287241571185,1.0507284820475895,0.0023426049724686844,-0.853681977752827,0.40366599511476886,0.003168857037527586,-0.35655533889821567,0.5694657766161442,0.002306590969551799,-0.6929896837143533,1.0381237443450522,0.004349549087256253,0.057450705837034904,0.5582441436435245,0.0012588481466728003,-0.6841170684114886,0.5515473412584858,0.0031118714091939994,0.40864968546313796,0.5528255934000229,0.0003702036357583631,1.4699401377749661,1.0278172083087143,-0.0010943013731619178,1.5649429815806526,1.007563510987132,-0.0013965014493008872,0.21826664862345724,0.541931864291544,0.0008146373952988359,0.4866706112541274,0.535430747096424,0.00013160339526961955,1.5694308224651712,0.995476588445648,-0.0014374109839484356,24.0,0.0,0.17241932363923448,0.4322990023215041,0.2353245626859968
0.88,0.0,0.0,-0.22731321685221414,1.0718498668640244,0.003251866192612676,-0.02779059674809002,0.4167801242175307,0.0011301696318097875,-0.11382803692001503,0.4085672451011717,0.001308341310355217,0.12335086242952431,1.0507284820475895,0.0023304993947261777,-0.8434352053690262,0.40366599511476886,0.0031433699321689896,-0.3598982147527595,0.5694657766161442,0.0023150527887858996,-0.684240035825597,1.0381237443450522,0.0043277835701485134,0.06015752107509032,0.5582441436435245,0.001251983594516224,-0.6749576192089889,0.5515473412584858,0.003089161024174936,0.4125814798200329,0.5528255934000229,0.0003604397698422124,1.4743162995296555,1.0278172083087143,-0.0011053073236656297,1.5636869833054265,1.007563510987132,-0.0013934486764838017,0.2204707706969865,0.541931864291544,0.0008091630391702171,0.49055562814731113,0.535430747096424,0.00012190033960574151,1.5683756720733506,0.995476588445648,-0.001434885585048808,24.0,0.0,0.17268845595563656,0.4327685360169046,0.23562475378131154
0.882,0.0,0.0,-0.22569825172513247,1.0718498668640244,0.0032479077092905963,-0.020309422615946936,0.4167801242175307,0.0011114268024140519,-0.11286192276622162,0.4085672451011717,0.001305988205052967,0.12815303744921197,1.0507284820475895,0.002318444049045163,-0.8331371388488256,0.40366599511476886,0.003117753001209488,-0.36319877526455413,0.5694657766161442,0.0023234099784222592,-0.675447115623417,1.0381237443450522,0.004305909450426622,0.06282551172114395,0.5582441436435245,0.0012452165564210854,-0.6657234510743835,0.5515473412584858,0.003066262401168687,0.41653947543898123,0.5528255934000229,0.00035061028394997503,1.4786660413863004,1.0278172083087143,-0.0011162477280523531,1.56239629738123,1.007563510987132,-0.0013903086807957367,0.22268931865349365,0.541931864291544,0.0008036527339863939,0.49444420864076954,0.535430747096424,0.00011218779737278222,1.5672756877737273,0.995476588445648,-0.0014322477090692564,24.0,0.0,0.17295758827203864,0.43323806971230516,0.23592494487662627
0.884,0.0,0.0,-0.22405150590026832,1.0718498668640244,0.003243870296472892,-0.01284467784655726,0.4167801242175307,0.001092723867083694,-0.1118708647658837,0.4085672451011717,0.0013035729196684833,0.1329353866278976,1.0507284820475895,0.0023064386114959442,-0.8227884214729906,0.40366599511476886,0.0030920078349089865,-0.36645655989168835,0.5694657766161442,0.002331661379701746,-0.6666110945850258,1.0381237443450522,0.004283927149921173,0.06545486416504227,0.5582441436435245,0.0012385465798059514,-0.6564151462645309,0.5515473412584858,0.003043176980832173,0.4205236228950052,0.5528255934000229,0.0003407152949026042,1.4829891638395554,1.0278172083087143,-0.0011271220826939655,1.561071127857106,1.007563510987132,-0.0013870819659852452,0.22492233815031842,0.541931864291544,0.0007981063640951262,0.49833612097131014,0.535430747096424,0.00010246634613913618,1.5661310299671867,0.995476588445648,-0.0014294977483201982,24.0,0.0,0.1732267205884407,0.4337076034077057,0.236225135971941
0.886,0.0,0.0,-0.22237277155672883,1.0718498668640244,0.0032397534319107317,-0.005396832055859518,0.4167801242175307,0.0010740620051602199,-0.1108547931831083,0.4085672451011717,0.0013010952746676386,0.13769805520427789,1.0507284820475895,0.0022944827385492296,-0.8123897036690215,0.40366599511476886,0.0030661360414693983,-0.3696711110914748,0.5694657766161442,0.0023398058412695813,-0.6577321469208195,1.0381237443450522,0.004261837097325195,0.06804577013091105,0.5582441436435245,0.0012319731986962057,-0.6470332929885756,0.5515473412584858,0.003019906218807542,0.42453387006600085,0.5528255934000229,0.0003307549262625442,1.487285469343206,1.0278172083087143,-0.0011379298888271028,1.5597116813126959,1.007563510987132,-0.001383769042174935,0.22716987422769636,0.541931864291544,0.0007925238153530641,0.502231132662882,0.535430747096424,9.27365653127847e-05,1.5649418625167022,0.995476588445648,-0.0014266361038038466,24.0,0.0,0.1734958529048428,0.43417713710310624,0.23652532706725574
0.888,0.0,0.0,-0.2206618419951908,1.0718498668640244,0.003235556596051883,0.002033647312622639,0.4167801242175307,0.0010554423906834756,-0.10981364036859464,0.4085672451011717,0.0012985550957107,0.1424411962278865,1.0507284820475895,0.002282576067108279,-0.8019416429784056,0.40366599511476886,0.0030401392469594757,-0.3728419743574421,0.5694657766161442,0.0023478422192690475,-0.6488104495622081,1.0381237443450522,0.0042396397281646795,0.07059842665356722,0.5582441436435245,0.0012254959337815335,-0.6375784853656612,0.5515473412584858,0.002996451585617653,0.4285701621325963,0.5528255934000229,0.00032072930833505515,1.4915547623232315,1.0278172083087143,-0.0011486706525862295,1.558318166838949,1.007563510987132,-0.0013803704258139099,0.2294319712951648,0.541931864291544,0.0007869049751596192,0.5061290105496824,0.535430747096424,8.299903608385506e-05,1.563708352732446,0.995476588445648,-0.0014236631851776355,24.0,0.0,0.17376498522124487,0.4346466707985068,0.23682551816257047
0.89,0.0,0.0,-0.21891851168073853,1.0718498668640244,0.0032312792721480377,0.00944629503912569,0.4167801242175307,0.0010368661922622701,-0.10874734076818122,0.4085672451011717,0.001295952213674416,0.14716497053963698,1.0507284820475895,0.0022707182145492574,-0.791444904021141,0.40366599511476886,0.003014019095232936,-0.3759686982558459,0.5694657766161442,0.0023557693774339658,-0.6398461821490745,1.0381237443450522,0.004217335484768151,0.07311303605433762,0.5582441436435245,0.0012191142924748934,-0.6280513233821629,0.5515473412584858,0.002972814566560368,0.4326324415783975,0.5528255934000229,0.00031063857816856653,1.4957968491906983,1.0278172083087143,-0.0011593438850362931,1.5568907960185603,1.007563510987132,-0.0013768866396295426,0.23170867311792634,0.541931864291544,0.0007812497324909481,0.5100295207993896,0.535430747096424,7.325434136685406e-05,1.5624306713566412,0.995476588445648,-0.001420579410716995,24.0,0.0,0.17403411753764694,0.4351162044939073,0.2371257092578852
0.892,0.0,0.0,-0.21714257628559464,1.0718498668640244,0.0032269209463619076,0.016840648178571963,0.4167801242175307,0.0010183345729460125,-0.10765583093110591,0.4085672451011717,0.0012932864646733825,0.15186954674902645,1.0507284820475895,0.0022589087787698815,-0.7809001584574807,0.40366599511476886,0.002987777247839775,-0.3790508344617093,0.5694657766161442,0.002363586187179975,-0.6308395270168676,1.0381237443450522,0.004194924816235317,0.07558980591628553,0.5582441436435245,0.0012128277689729672,-0.6184524128484379,0.5515473412584858,0.0029489966616016217,0.4367206481906196,0.5528255934000229,0.00030048287955406356,1.5000115383544903,1.0278172083087143,-0.0011699491022049602,1.5554297829061459,1.007563510987132,-0.001373318212578571,0.2340000228031728,0.541931864291544,0.0007755579779340444,0.5139324289365189,0.535430747096424,6.350306574258613e-05,1.5611089925481578,0.995476588445648,-0.001417385207277483,24.0,0.0,0.17430324985404902,0.43558573818930785,0.23742590035319994
0.894,0.0,0.0,-0.21533383273172876,1.0718498668640244,0.003222481107874048,0.024216246111062573,0.4167801242175307,0.0009998486900973968,-0.10653904951797932,0.4085672451011717,0.0012905576900806939,0.15655510120797797,1.0507284820475895,0.0022471473382464076,-0.7703080849468521,0.40366599511476886,0.002961415383930624,-0.382087937794402,0.5694657766161442,0.002371291527694634,-0.6217906691833363,1.0381237443450522,0.0041724081784047995,0.07802894905884575,0.5582441436435245,0.0012066358443180974,-0.6087823653550954,0.5515473412584858,0.0029249993852673095,0.4408347190611041,0.5528255934000229,0.00029026236302350823,1.5041986402338692,1.0278172083087143,-0.00118048582511444,1.5539353440081523,1.007563510987132,-0.0013696656797975348,0.23630606278637326,0.541931864291544,0.0007698296037209282,0.5178374998658983,0.535430747096424,5.3745795399762765e-05,1.5597434938668533,0.995476588445648,-0.0014140810102562745,24.0,0.0,0.1745723821704511,0.4360552718847084,0.23772609144851467
0.896,0.0,0.0,-0.21349207923333002,1.0718498668640244,0.0032179592489893828,0.03157263059192477,0.4167801242175307,0.0009814096952661703,-0.1053969373084721,0.4085672451011717,0.0012877657365478776,0.1612218179813005,1.0507284820475895,0.002235433452099029,-0.7596693691039025,0.40366599511476886,0.0029349352001540527,-0.3850795662527692,0.5694657766161442,0.0023788842860263653,-0.6126997963349089,1.0381237443450522,0.004149786033820971,0.08043068351186942,0.5582441436435245,0.0012005379864616968,-0.5990417982287852,0.5515473412584858,0.0029008242665339535,0.4449745885877181,0.5528255934000229,0.000279977185847297,1.5083579672708696,1.0278172083087143,-0.0011909535798128874,1.5524076982625037,1.007563510987132,-0.0013659295825525508,0.23862683481752944,0.541931864291544,0.000764064503762927,0.5217444978962592,0.535430747096424,4.3983118076314225e-05,1.5583343562576577,0.995476588445648,-0.0014106672635530132,24.0,0.0,0.17484151448685317,0.4365248055801089,0.2380262825438294
0.898,0.0,0.0,-0.2116171153391281,1.0718498668640244,0.0032133548652433864,0.03890934580130124,0.4167801242175307,0.0009630187340640148,-0.10422943720871644,0.4085672451011717,0.0012849104560241095,0.16586988881374842,1.0507284820475895,0.0022237666601657223,-0.748984703451629,0.40366599511476886,0.002908338410546678,-0.388025281049821,0.5694657766161442,0.0023863633571722834,-0.6035670988127253,1.0381237443450522,0.004127058851699903,0.08279523248907913,0.5582441436435245,0.0011945336503291376,-0.5892313344875054,0.5515473412584858,0.002876472848718178,0.4491401884761367,0.5528255934000229,0.000269627512030762,1.512489333942527,1.0278172083087143,-0.0012013518974053883,1.5508470670179901,1.007563510987132,-0.0013621104681884294,0.24096237994740227,0.541931864291544,0.0007582625736850365,0.5256531867639396,0.535430747096424,3.421562300041203e-05,1.5568817640344055,0.995476588445648,-0.0014071444195300241,24.0,0.0,0.17511064680325525,0.43699433927550946,0.23832647363914414
0.9,0.0,0.0,-0.2097087419745491,1.0718498668640244,0.0032086674555078815,0.0462259383932694,0.4167801242175307,0.0009446769460405737,-0.10303649425842269,0.4085672451011717,0.0012819917057747205,0.17049951309366432,1.0507284820475895,0.0022121464830846026,-0.7382547873715486,0.40366599511476886,0.002881626746415995,-0.39092464664699356,0.5694657766161442,0.0023937276441649133,-0.5943927695983261,1.0381237443450522,0.004104227107894444,0.08512282436093532,0.5582441436435245,0.0011886222778861133,-0.5793516027954306,0.5515473412584858,0.002851946689364978,0.45333144774200534,0.5528255934000229,0.0002592135123097156,1.516592556772938,1.0278172083087143,-0.0012116803140845317,1.5492536740133964,1.007563510987132,-0.0013582088900771455,0.2433127385137128,0.541931864291544,0.0007524237108603544,0.5295633296566951,0.535430747096424,2.444390083121112e-05,1.5553859048634155,0.995476588445648,-0.0014035129389718937,24.0,0.0,0.17537977911965733,0.43746387297091,0.23862666473445887
0.902,0.0,0.0,-0.20776676148369158,1.0718498668640244,0.0032038965220964337,0.05352195754447909,0.4167801242175307,0.0009263854645606532,-0.1018180556377118,0.4085672451011717,0.0012790093483989859,0.1751108978131918,1.0507284820475895,0.002200572422384813,-0.7274803270508678,0.40366599511476886,0.0028548019562157933,-0.39377723078799304,0.5694657766161442,0.0024009760581578444,-0.5851770042990055,1.0381237443450522,0.004081291284858446,0.0874136926269147,0.5582441436435245,0.0011828032982064728,-0.5694032374172594,0.5515473412584858,0.0028272473601347915,0.45754829271348085,0.5528255934000229,0.0002487353641450439,1.520667454345154,1.0278172083087143,-0.0012219383711605592,1.5476277453563763,1.007563510987132,-0.0013542254075656613,0.24567795012732113,0.541931864291544,0.000746547814444578,0.533474689237615,0.535430747096424,1.4668543599322403e-05,1.5538469697468194,0.995476588445648,-0.0013997732910444188,24.0,0.0,0.1756489114360594,0.43793340666631053,0.2389268558297736
0.904,0.0,0.0,-0.20579097767110907,1.0718498668640244,0.00319904157086929,0.0607969550022975,0.4167801242175307,0.000908145416682629,-0.10057407067366468,0.4085672451011717,0.0012759632518472089,0.17970425752504707,1.0507284820475895,0.0021890439605859943,-0.7166620354266141,0.40366599511476886,0.0028278658054140915,-0.3965826045322346,0.5694657766161442,0.0024081075185103428,-0.5759200011328336,1.0381237443450522,0.004058251871610145,0.08966807588720152,0.5582441436435245,0.0011770761275415246,-0.5593868781720823,0.5515473412584858,0.002802376446689363,0.46179064703414957,0.5528255934000229,0.00023819325171635513,1.524713847312907,1.0278172083087143,-0.0012321256150910993,1.5459695095020722,1.007563510987132,-0.0013501605859231108,0.24805805365838735,0.541931864291544,0.0007406347854105573,0.5373870276691382,0.535430747096424,4.890144647022588e-06,1.5522651530056388,0.995476588445648,-0.0013959259532529283,24.0,0.0,0.17591804375246148,0.43840294036171107,0.23922704692508834
0.906,0.0,0.0,-0.20378119584338544,1.0718498668640244,0.003194102111337834,0.06805048513245063,0.4167801242175307,0.0008899579230380831,-0.09930449084658942,0.4085672451011717,0.0012728532894370908,0.1842798142958403,1.0507284820475895,0.0021775605613063563,-0.7058006321266906,0.40366599511476886,0.0028008200763534573,-0.39934034228788773,0.5694657766161442,0.002415120952870947,-0.5666219609133526,1.0381237443450522,0.004035109363694714,0.09188621781379233,0.5582441436435245,0.0011714401693908075,-0.5493031703867709,0.5515473412584858,0.0027773355485764205,0.4660584316663205,0.5528255934000229,0.00022758736591468333,1.5287315584121688,1.0278172083087143,-0.0012422415975104817,1.544279197231485,1.007563510987132,-0.0013460149962873508,0.2504530872225176,0.541931864291544,0.0007346845265828918,0.5413001066371664,0.535430747096424,-4.890701431785327e-06,1.5506406522626155,0.995476588445648,-0.0013919714113999771,24.0,0.0,0.17618717606886355,0.4388724740571116,0.23952723802040307
0.908,0.0,0.0,-0.20173722285048912,1.0718498668640244,0.0031890776567685248,0.07528210496615095,0.4167801242175307,0.0008718240977127001,-0.09800926979600778,0.4085672451011717,0.001269679339869403,0.18883779765594133,1.0507284820475895,0.002166121669379373,-0.6948968434078225,0.40366599511476886,0.002773666568103649,-0.4020500218445404,0.5694657766161442,0.00242201529726008,-0.5572830870339546,1.0381237443450522,0.004011864263146012,0.09406836712101507,0.5582441436435245,0.0011658948145743303,-0.5391527648488879,0.5515473412584858,0.002752126279113142,0.47035156489469154,0.5528255934000229,0.00021691790433425604,1.532720412472542,1.0278172083087143,-0.0012522858752586363,1.5425570416295935,1.007563510987132,-0.001341789215610883,0.2528630881668993,0.541931864291544,0.0007286969426725662,0.5452136873752707,0.535430747096424,-1.4673398851856035e-05,1.5489736684247917,0.995476588445648,-0.0013879101595424188,24.0,0.0,0.17645630838526563,0.43934200775251214,0.2398274291157178
0.91,0.0,0.0,-0.19965886712689332,1.0718498668640244,0.003183967724286284,0.08249137424670162,0.4167801242175307,0.0008537450481284494,-0.09668836332636216,0.4085672451011717,0.0012664412872429487,0.1933784445458854,1.0507284820475895,0.0021547267109791207,-0.6839514020903603,0.40366599511476886,0.0027464070963064786,-0.40471122440549406,0.5694657766161442,0.0024287894961517115,-0.5479035854519442,1.0381237443450522,0.003988517078447516,0.09621477753546316,0.5582441436435245,0.0011604394413062735,-0.5289363177591189,0.5515473412584858,0.002726750265268434,0.4746699623303867,0.5528255934000229,0.00020618507126332841,1.5366802364284837,1.0278172083087143,-0.0012622580104095693,1.540803278063228,1.007563510987132,-0.001337483826606154,0.2552880930564296,0.541931864291544,0.0007226719403116119,0.5491275306889858,0.535430747096424,-2.4457350697116576e-05,1.5472644056658444,0.995476588445648,-0.001383742699947859,24.0,0.0,0.1767254407016677,0.4398115414479127,0.24012762021103254
0.912,0.0,0.0,-0.19754593873244877,1.0718498668640244,0.0031787718349772943,0.08967785547556753,0.4167801242175307,0.0008357218749270727,-0.09534172941244462,0.4085672451011717,0.0012631390210688348,0.1979019992593187,1.0507284820475895,0.0021433750937542603,-0.6729650474899127,0.40366599511476886,0.002719043493012823,-0.4073235346197012,0.5694657766161442,0.0024354425025540955,-0.5384836646722929,1.0381237443450522,0.0039650683244924914,0.09832570776534526,0.5582441436435245,0.0011550734152701533,-0.5186544906832272,0.5515473412584858,0.0027012091475440113,0.47901353691536236,0.5528255934000229,0.0001953890776740905,1.540610859330362,1.0278172083087143,-0.0012721575702994237,1.5390181441587,1.007563510987132,-0.00133309941769024,0.25772813765984,0.541931864291544,0.0007166094280877862,0.5530413969801915,0.535430747096424,-3.424195898140442e-05,1.5455130714081744,0.995476588445648,-0.001379469543050491,24.0,0.0,0.17699457301806978,0.4402810751433132,0.24042781130634727
0.914,0.0,0.0,-0.19539824939299638,1.0718498668640244,0.0031734895139911828,0.09684111395790454,0.4167801242175307,0.0008177556718549078,-0.09396932820454965,0.4085672451011717,0.0012597724362840407,0.20240871338248495,1.0507284820475895,0.002132066206970677,-0.6619385253457809,0.40366599511476886,0.002691577606511704,-0.4098865406133589,0.5694657766161442,0.0024419732780896135,-0.5290235357310908,1.0381237443450522,0.0039415185225433625,0.1004014214692515,0.5582441436435245,0.0011497960896954481,-0.5083079505035305,0.5515473412584858,0.0026755045798542826,0.48338219892717965,0.5528255934000229,0.00018453014121165136,1.5445121123553442,1.0278172083087143,-0.0012819841275541195,1.5372018797791918,1.007563510987132,-0.0013286365829289204,0.260183256935822,0.541931864291544,0.0007105093165792602,0.5569550462715741,0.535430747096424,-4.4026624709418705e-05,1.5437198763047495,0.995476588445648,-0.001375091207406316,24.0,0.0,0.17726370533447186,0.44075060883871375,0.240728002401662
0.916,0.0,0.0,-0.193215612540707,1.0718498668640244,0.003168120290642552,0.10398071784753833,0.4167801242175307,0.0007998475256490653,-0.09257112203335222,0.4085672451011717,0.0012563414332643034,0.2068988457302579,1.0507284820475895,0.002120799421662761,-0.6508725877461716,0.40366599511476886,0.0026640113011513747,-0.4123998340211691,0.5694657766161442,0.0024483807930737577,-0.5195234121786997,1.0381237443450522,0.003917868200190358,0.10244218722433682,0.5582441436435245,0.0011446068054356824,-0.4978973693699022,0.5515473412584858,0.0026496382294050407,0.48777585598414175,0.5528255934000229,0.00017360848618210814,1.5483838288181189,1.0278172083087143,-0.001291737260116575,1.5353547270019035,1.007563510987132,-0.0013240959219801495,0.26265348501915675,0.541931864291544,0.0007043715183893051,0.5608682382311652,0.535430747096424,-5.3810747937875216e-05,1.5418850342207058,0.995476588445648,-0.0013706082196477537,24.0,0.0,0.17753283765087394,0.4412201425341143,0.24102819349697674
0.918,0.0,0.0,-0.19099784335413583,1.0718498668640244,0.0031626636985118283,0.11109623819138471,0.4167801242175307,0.0007819985159249809,-0.0911470754145132,0.4085672451011717,0.00125284591783631,0.21137266227872661,1.0507284820475895,0.0021095740907933294,-0.639767993050166,0.40366599511476886,0.002636346457152351,-0.4148630100172795,0.5694657766161442,0.002454664026593283,-0.5099835100626139,1.0381237443450522,0.00389411789130938,0.10444827849392198,0.5582441436435245,0.001139504891047969,-0.4874234246502964,0.5515473412584858,0.00262361177657097,0.4921944130507922,0.5528255934000229,0.0001626243435397029,1.552225844181448,1.0278172083087143,-0.0013014165512735115,1.5334769300949684,1.007563510987132,-0.0013194780400369289,0.2651388552068532,0.541931864291544,0.0006981959481809683,0.5647807321969547,0.535430747096424,-6.359372783685285e-05,1.5400087622147058,0.995476588445648,-0.0013660211144376445,24.0,0.0,0.177801969967276,0.4416896762295148,0.24132838459229147
0.92,0.0,0.0,-0.1887447587979796,1.0718498668640244,0.0031571192755454,0.11818724897330392,0.4167801242175307,0.000764209715065365,-0.08969715505301405,0.4085672451011717,0.0012492858012892122,0.21583043609434388,1.0507284820475895,0.002098389549422157,-0.6286255058064273,0.40366599511476886,0.002608584970412337,-0.417275667345916,0.5694657766161442,0.002460821966583559,-0.5004040479100347,1.0381237443450522,0.0038702681360191647,0.10641997359451323,0.5582441436435245,0.0011344896628740064,-0.4768867988807986,0.5515473412584858,0.0025974269147719556,0.49663777244377305,0.5528255934000229,0.00015157795087307677,1.5560379960665538,1.0278172083087143,-0.0013110215896818345,1.5315687354941325,1.007563510987132,-0.0013147835477695913,0.2676393999442985,0.541931864291544,0.0006919825227117271,0.5686922872015728,0.535430747096424,-7.337496275132665e-05,1.5380912805200566,0.995476588445648,-0.0013613304344226446,24.0,0.0,0.1780711022836781,0.44215920992491536,0.2416285756876062
0.922,0.0,0.0,-0.18645617766252426,1.0718498668640244,0.00315148656415501,0.12525332715738174,0.4167801242175307,0.000746482188110567,-0.08822132984722285,0.4085672451011717,0.0012456610003854644,0.22027244725965028,1.0507284820475895,0.002087245114883114,-0.6174458966686324,0.40366599511476886,0.0025807287523029903,-0.4196374083517191,0.5694657766161442,0.0024668536099051504,-0.4907852467101617,1.0381237443450522,0.003846319480637717,0.10835755566224113,0.5582441436435245,0.0011295604251225283,-0.466288179715202,0.5515473412584858,0.0025710853503482112,0.5011058338380394,0.5528255934000229,0.00014046955239062464,1.559820124263336,1.0278172083087143,-0.0013205519693945988,1.5296303917792025,1.007563510987132,-0.0013100130612675016,0.27015515081142444,0.541931864291544,0.0006857311608681139,0.5726026619970375,0.535430747096424,-8.315385026287203e-05,1.536132812525586,0.995476588445648,-0.0013565367301860214,24.0,0.0,0.17834023460008017,0.4426287436203159,0.24192876678292094
0.924,0.0,0.0,-0.18413192060277161,1.0718498668640244,0.0031457651113163715,0.13229405273063075,0.4167801242175307,0.0007288169926503724,-0.08671957089269391,0.4085672451011717,0.0012419714373709864,0.2246989827955897,1.0507284820475895,0.002076140086969848,-0.6062299423076135,0.40366599511476886,0.002552779729458503,-0.4219478390097966,0.5694657766161442,0.002472757962419658,-0.48112732989620827,1.0381237443450522,0.003822272477638035,0.11026131261871923,0.5582441436435245,0.0011247164699532083,-0.45562825987411093,0.5515473412584858,0.0025445888024342197,0.5055984942734281,0.5528255934000229,0.00012929939890495874,1.563572070740423,1.0278172083087143,-0.0013300072898865545,1.5276621496502685,1.007563510987132,-0.0013051672019801764,0.2726861385088945,0.541931864291544,0.000679441783700299,0.5765116150795635,0.535430747096424,-9.292978725153362e-05,1.534133584756283,0.995476588445648,-0.001351640560199845,24.0,0.0,0.17860936691648224,0.44309827731571644,0.24222895787823567
0.926,0.0,0.0,-0.18177181017723373,1.0718498668640244,0.00313995446866699,0.13930900874510538,0.4167801242175307,0.0007112151787172499,-0.08519185148570346,0.4085672451011717,0.001238217039984664,0.2291103365804348,1.0507284820475895,0.0020650737481299995,-0.5949784253202038,0.40366599511476886,0.002524739843555956,-0.4242065689555038,0.5694657766161442,0.002478534039064852,-0.47143052332714436,1.0381237443450522,0.003798127685603151,0.11213153713632346,0.5582441436435245,0.0011199570775620132,-0.44490773709357234,0.5515473412584858,0.002517939002831492,0.5101156481615768,0.5528255934000229,0.0001180677478164871,1.567293679655054,1.0278172083087143,-0.001339387156079272,1.5256642619036993,1.007563510987132,-0.0013002465966578413,0.27523239284431444,0.541931864291544,0.0006731143144566239,0.5804189047144294,0.535430747096424,-0.0001027021699578487,1.5320938268536977,0.995476588445648,-0.0013466424907765872,24.0,0.0,0.17887849923288432,0.443567811011117,0.2425291489735504
0.928,0.0,0.0,-0.17937567088638368,1.0718498668640244,0.003134054192603145,0.14629778135942517,0.4167801242175307,0.0006936777886810632,-0.08363814712652355,0.4085672451011717,0.001234397741467188,0.23350680926534387,1.0507284820475895,0.002054045363667887,-0.5836921341347795,0.40366599511476886,0.0024966110510874317,-0.4264132115139629,0.5694657766161442,0.00248418086392912,-0.4616950552691734,1.0381237443450522,0.0037738856691804912,0.11396852660289292,0.5582441436435245,0.0011152815162680026,-0.43412731407323596,0.5515473412584858,0.0024911376958801456,0.514657187293193,0.5528255934000229,0.00010677486309611517,1.5709847973627946,1.0278172083087143,-0.0013486911783658496,1.5236369834079173,1.007563510987132,-0.0012952518772914184,0.2777939427184718,0.541931864291544,0.0006667486786180741,0.5843242889608972,0.535430747096424,-0.00011247039404501336,1.5300137715561077,0.995476588445648,-0.001341543096020124,24.0,0.0,0.1791476315492864,0.4440373447065175,0.24282934006886514
0.93,0.0,0.0,-0.17694332921075173,1.0718498668640244,0.00312806384437602,0.1532599598797007,0.4167801242175307,0.0006762058571452638,-0.08205843552243698,0.4085672451011717,0.0012305134805692382,0.2378887081865732,1.0507284820475895,0.002043054181955614,-0.5723718629134974,0.40366599511476886,0.002468395323123871,-0.42856738372933284,0.5694657766161442,0.002489697470325268,-0.4519211563769472,1.0381237443450522,0.003749546999035564,0.11577258308585282,0.5582441436435245,0.001110689042601579,-0.42328769842404484,0.5515473412584858,0.0024641866383293045,0.5194044328219273,0.5528255934000229,9.54210152670748e-05,1.574199281920234,1.0278172083087143,-0.001357918972635201,1.5217128503442476,1.007563510987132,-0.0012901836810519634,0.2803708161116074,0.541931864291544,0.0006603448039326806,0.5882275256971822,0.535430747096424,-0.00012223385466118286,1.5278936546784476,0.995476588445648,-0.0013363429577761493,24.0,0.0,0.17941676386568847,0.44450687840191805,0.24312953116417987
0.932,0.0,0.0,-0.1744746136486568,1.0718498668640244,0.00312198299018694,0.1601951367998573,0.4167801242175307,0.000658800410844575,-0.08045269659049585,0.4085672451011717,0.0012265642015590217,0.24225634727437265,1.0507284820475895,0.002032099434652541,-0.5610184114512299,0.40366599511476886,0.0024400946450706656,-0.43066870639384064,0.5694657766161442,0.0024950829008636927,-0.44210905967452363,1.0381237443450522,0.0037251122518049983,0.11754401329576046,0.5582441436435245,0.0011061789013941791,-0.41238960261545704,0.5515473412584858,0.002437087599206327,0.5244149216007559,0.5528255934000229,8.355290144523908e-05,1.5767939360330745,1.0278172083087143,-0.0013659551840287992,1.5199348164149622,1.007563510987132,-0.0012853733483927893,0.2829630400697233,0.541931864291544,0.0006539026204498416,0.5921283726454684,0.535430747096424,-0.0001319919465018954,1.525733715092005,0.995476588445648,-0.001331042665581999,24.0,0.0,0.17968589618209055,0.4449764120973186,0.2434297222594946
0.934,0.0,0.0,-0.17196935475356215,1.0718498668640244,0.003115811201281703,0.16710290784135232,0.4167801242175307,0.0006414624685441835,-0.07882091246002641,0.4085672451011717,0.001222549854229169,0.24661004695859406,1.0507284820475895,0.0020211803369330423,-0.5496325850712027,0.40366599511476886,0.002411711016414997,-0.4327168040765844,0.5694657766161442,0.0025003362075249618,-0.4322590005360728,1.0381237443450522,0.0037005820100489395,0.1192831285492749,0.5582441436435245,0.00110175032586941,-0.40143374392220016,0.5515473412584858,0.002409842359684857,0.5296518748590981,0.5528255934000229,7.10266794981676e-05,1.5788572835648398,1.0278172083087143,-0.0013724418193109007,1.518277124766308,1.007563510987132,-0.0012809282635695756,0.2855706406909312,0.541931864291544,0.000647422060554552,0.5960265873969645,0.535430747096424,-0.00014174406387261086,1.5235341947038838,0.995476588445648,-0.0013256428166158925,24.0,0.0,0.17995502849849263,0.4454459457927191,0.24372991335480934
0.936,0.0,0.0,-0.16942738517104589,1.0718498668640244,0.0031095480540439665,0.17398287199228135,0.4167801242175307,0.0006241930409404459,-0.07716306747488316,0.4085672451011717,0.0012184703939029954,0.2509501340710461,1.0507284820475895,0.0020102960877224885,-0.5382151945173438,0.40366599511476886,0.002383246450464929,-0.4347113051521187,0.5694657766161442,0.0025054564517318213,-0.42237121666633565,1.0381237443450522,0.003675956862202813,0.12099024473155141,0.5582441436435245,0.001097402537735624,-0.3904208443705595,0.5515473412584858,0.0023824527129517148,0.5350831611398452,0.5528255934000229,5.79342963523119e-05,1.580466654185119,1.0278172083087143,-0.0013776001881403138,1.5167172836584693,1.007563510987132,-0.0012767840344479404,0.28819364311184587,0.541931864291544,0.0006409030590015321,0.5999219274369985,0.535430747096424,-0.0001514896007513511,1.521295338436237,0.995476588445648,-0.0013201440156455895,24.0,0.0,0.1802241608148947,0.44591547948811966,0.24403010445012407
0.9380000000000001,0.0,0.0,-0.166848539675376,1.0718498668640244,0.003103193130087676,0.1808346315458706,0.4167801242175307,0.0006069931305631234,-0.07547914819545504,0.4085672451011717,0.0012143257814401372,0.2552769417446315,1.0507284820475895,0.001999445869941359,-0.5267670558433567,0.40366599511476886,0.0023547029740802815,-0.4366518418288318,0.5694657766161442,0.0025104427044206575,-0.41244594808083984,1.0381237443450522,0.0036512374025284696,0.12266568225806143,0.5582441436435245,0.0010931347472799328,-0.37935163068420213,0.5515473412584858,0.0023549204640726136,0.5406807419770526,0.5528255934000229,4.435608065044422e-05,1.5816895081780886,1.0278172083087143,-0.0013816236146910116,1.5152356827302285,1.007563510987132,-0.0012728844316783434,0.29083207149402684,0.541931864291544,0.0006343455529492454,0.6038141501701447,0.535430747096424,-0.0001612279508514361,1.5190173942052683,0.995476588445648,-0.0013145468749764728,24.0,0.0,0.18049329313129678,0.4463850131835202,0.2443302955454388
0.9400000000000001,0.0,0.0,-0.1642326552056807,1.0718498668640244,0.003096746016348501,0.18765779213835146,0.4167801242175307,0.0005898637316791503,-0.07376914340042691,0.4085672451011717,0.0012101159832415668,0.2595908093093054,1.0507284820475895,0.001988628850757395,-0.5152889902985359,0.40366599511476886,0.002326082627395314,-0.4385380501771244,0.5694657766161442,0.00251529404611244,-0.4024834370858782,1.0381237443450522,0.00362642423106473,0.12430976603583908,0.5582441436435245,0.0010889461534636577,-0.3682268342295374,0.5515473412584858,0.00232724742985672,0.5464201815779917,0.5528255934000229,3.0362128557425706e-05,1.5825846107187216,1.0278172083087143,-0.0013846807496734359,1.5138152523355273,1.007563510987132,-0.0012691804293577414,0.29348594901047337,0.541931864291544,0.000627749481993793,0.6077030129453808,0.535430747096424,-0.00017095850768430177,1.5167006129000047,0.995476588445648,-0.0013088520143990506,24.0,0.0,0.18076242544769885,0.44685454687892073,0.24463048664075354
0.9420000000000001,0.0,0.0,-0.16157957090170474,1.0718498668640244,0.003090206305174263,0.19445196278621504,0.4167801242175307,0.0005728058301979481,-0.07203304408829928,0.4085672451011717,0.0012058409712539966,0.26389208218489757,1.0507284820475895,0.0019778441818457107,-0.5037818242103436,0.40366599511476886,0.002297387463533262,-0.44036957015739814,0.5694657766161442,0.0025200095669831715,-0.392483928258253,1.0381237443450522,0.003601517953577326,0.1259228254241552,0.5582441436435245,0.0010848359440192134,-0.35704719096061643,0.5515473412584858,0.002299435438720058,0.5522802131733456,0.5528255934000229,1.601352955507812e-05,1.5832030723040058,1.0278172083087143,-0.0013869185060250183,1.5124411612990087,1.007563510987132,-0.0012656293533709884,0.29615529783217626,0.541931864291544,0.0006211147882026767,0.6115882730812696,0.535430747096424,-0.00018068066462239186,1.5143452483608422,0.995476588445648,-0.0013030600611358917,24.0,0.0,0.18103155776410093,0.44732408057432127,0.24493067773606828
0.9440000000000001,0.0,0.0,-0.15888912813914266,1.0718498668640244,0.003083573594414323,0.20121675592284397,0.4167801242175307,0.0005558204035782891,-0.07027084347866953,0.4085672451011717,0.0012015007229736773,0.26818111177084264,1.0507284820475895,0.0019670909996567297,-0.4922463888637731,0.40366599511476886,0.002268619548312781,-0.4421460456478635,0.5694657766161442,0.002524588366933856,-0.38244766842479205,1.0381237443450522,0.003576519181508263,0.12750519419461984,0.5582441436435245,0.0010808032955484232,-0.3458134413635718,0.5515473412584858,0.0022714863305477555,0.5582423555606107,0.5528255934000229,1.3634505666931806e-06,1.5835892701903596,1.0278172083087143,-0.0013884646599882288,1.5111005489225107,1.007563510987132,-0.0012621941257796921,0.2988401391147312,0.541931864291544,0.0006144414161484195,0.615469687891163,0.535430747096424,-0.000190393814962114,1.5119515573578648,0.995476588445648,-0.0012971716497879853,24.0,0.0,0.181300690080503,0.4477936142697218,0.245230868831383
0.9460000000000001,0.0,0.0,-0.1561611705645403,1.0718498668640244,0.003076847487507918,0.20795178743451972,0.4167801242175307,0.0005389084207367168,-0.06848253701327806,0.4085672451011717,0.001197095221449603,0.2724582553328668,1.0507284820475895,0.001956368425691867,-0.4806835203775282,0.40366599511476886,0.002239780959946355,-0.44386712447217314,0.5694657766161442,0.002529029555660019,-0.37237490664163964,1.0381237443450522,0.003551428531924611,0.12905721049071459,0.5582441436435245,0.0010768473736222617,-0.33452633040059915,0.5515473412584858,0.002243401956555144,0.5642905741173653,0.5528255934000229,-1.35419054014696e-05,1.5837816640627922,1.0278172083087143,-0.0013894301547041133,1.5097822875092206,1.007563510987132,-0.001258842594838447,0.30154049298501734,0.541931864291544,0.0006077293129420322,0.619347014708422,0.535430747096424,-0.00020009735198684738,1.5095197995689382,0.995476588445648,-0.001291187422280542,24.0,0.0,0.18156982239690508,0.44826314796512234,0.24553105992669774
0.9480000000000001,0.0,0.0,-0.15339554412975634,1.0718498668640244,0.0030700275935714116,0.21465667669580388,0.4167801242175307,0.0005220708419575274,-0.06666812235682237,0.4085672451011717,0.0011926244552861243,0.27672387588668157,1.0507284820475895,0.0019456755667868067,-0.4690940595770501,0.40366599511476886,0.002210873788730743,-0.44553245842688993,0.5694657766161442,0.0025333322527207936,-0.3622658941733276,1.0381237443450522,0.0035262466274667294,0.1305792167867555,0.5582441436435245,0.0010729673328820247,-0.3231866074534831,0.5515473412584858,0.002215184179147712,0.570410981220996,0.5528255934000229,-2.8662451793355915e-05,1.5838135177141248,1.0278172083087143,-0.0013899111393851948,1.5084767720638408,1.007563510987132,-0.0012555469413052217,0.3042563785279457,0.541931864291544,0.0006009784282663168,0.6232200109116515,0.535430747096424,-0.000209790669029995,1.5070502375575792,0.995476588445648,-0.0012851080278082256,24.0,0.0,0.18183895471330716,0.4487326816605229,0.24583125102201248
0.9500000000000001,0.0,0.0,-0.15059209712597543,1.0718498668640244,0.0030631135274844516,0.221331046604292,0.4167801242175307,0.000505308618804317,-0.06482759939754301,0.4085672451011717,0.0011880884186449853,0.2809783420787383,1.0507284820475895,0.0019350115154022698,-0.45747885186442944,0.40366599511476886,0.0021819001367295475,-0.4471417033087949,0.5694657766161442,0.0025374955876075857,-0.3521208844716304,1.0381237443450522,0.0035009740962959495,0.13207155984628816,0.5582441436435245,0.0010691623171419226,-0.3117950262666689,0.5515473412584858,0.0021868348717799225,0.5765915715918538,0.5528255934000229,-4.396346955243269e-05,1.5837135372236217,1.0278172083087143,-0.0013899907735135265,1.5071757341795902,1.007563510987132,-0.001252283152691772,0.3069878137732809,0.541931864291544,0.000594188714408996,0.6270884339499425,0.535430747096424,-0.00021947315953806863,1.5045431367506037,0.995476588445648,-0.001278934122779828,24.0,0.0,0.18210808702970924,0.4492022153559234,0.2461314421173272
0.9520000000000001,0.0,0.0,-0.1477506802172653,1.0718498668640244,0.0030561049099749995,0.22797452361473963,0.4167801242175307,0.0004886226940330967,-0.06296097024758435,0.4085672451011717,0.0011834871112467867,0.2852220280641003,1.0507284820475895,0.001924375349922128,-0.4458387470852449,0.40366599511476886,0.0021528621174479955,-0.44869451894204165,0.5694657766161442,0.0025415186998123474,-0.3419401331542085,1.0381237443450522,0.0034756115720417065,0.13353459067991608,0.5582441436435245,0.0010654314594930909,-0.3003523448898823,0.5515473412584858,0.0021583559188128867,0.5828219885880263,0.5528255934000229,-5.9414945479577264e-05,1.5835064349760153,1.0278172083087143,-0.0013897408222872686,1.5058720774398506,1.007563510987132,-0.0012490305579811456,0.3097348156825414,0.541931864291544,0.000587360126295658,0.6309520413681214,0.535430747096424,-0.00022914421713379624,1.5019987654155522,0.995476588445648,-0.0012726663707623893,24.0,0.0,0.1823772193461113,0.44967174905132395,0.24643163321264194
0.9540000000000001,0.0,0.0,-0.14487114647367033,1.0718498668640244,0.003049001367703224,0.23458673777255967,0.4167801242175307,0.00047201400150697763,-0.06106823924313409,0.4085672451011717,0.0011788205383718902,0.28945531338149166,1.0507284820475895,0.0019137661349587231,-0.4341745993923722,0.40366599511476886,0.002123761855500034,-0.45019056920516337,0.5694657766161442,0.002545400738895465,-0.33172389798304386,1.0381237443450522,0.0034501596937481518,0.13496866450256367,0.5582441436435245,0.001061773882409021,-0.2888593256202996,0.5515473412584858,0.00212974921537092,0.589093317930859,0.5528255934000229,-7.499098797000836e-05,1.5832134278385135,1.0278172083087143,-0.0013892230666682525,1.504559731947052,1.007563510987132,-0.0012457714161317969,0.3124974001359819,0.541931864291544,0.0005804926215225066,0.6348105908319993,0.535430747096424,-0.00023880323567924356,1.4994173946378966,0.995476588445648,-0.0012663054424247606,24.0,0.0,0.1826463516625134,0.4501412827467245,0.24673182430795668
0.9560000000000001,0.0,0.0,-0.14195335140383386,1.0718498668640244,0.0030418025333442365,0.24116732274669145,0.4167801242175307,0.00045548346611242753,-0.05914941294434504,0.4085672451011717,0.0011740887108607646,0.29367858282558534,1.0507284820475895,0.0019031829216652446,-0.4224872671068137,0.40366599511476886,0.0020946014862678526,-0.451629522057936,0.5694657766161442,0.002549140864553269,-0.32147243884267196,1.0381237443450522,0.0034246191058202404,0.13637414069017534,0.5582441436435245,0.001058188697852402,-0.27731673494427045,0.5515473412584858,0.0021010166671969637,0.595397905738659,0.5528255934000229,-9.066931132709011e-05,1.5828526769011946,1.0278172083087143,-0.001388490548824498,1.5032335258470717,1.007563510987132,-0.0012424905523998003,0.3152755819196613,0.541931864291544,0.0005735861603889055,0.6386638401536188,0.535430747096424,-0.0002484496093389382,1.4967992982980267,0.995476588445648,-0.0012598520154806214,24.0,0.0,0.18291548397891547,0.45061081644212503,0.2470320154032714
0.9580000000000001,0.0,0.0,-0.13899715298714285,1.0718498668640244,0.0030345080456696456,0.2477159158618414,0.4167801242175307,0.00043903200367709813,-0.05720450013504268,0.4085672451011717,0.0011692916451137919,0.29789222631659545,1.0507284820475895,0.0018926247480550104,-0.41077761257560225,0.40366599511476886,0.0020653831555539565,-0.45301104956810284,0.5694657766161442,0.0025527382466852006,-0.3111860177182144,1.0381237443450522,0.00339899045796931,0.13775138273585216,0.5582441436435245,0.001054675007383373,-0.2657253434785954,0.5515473412584858,0.0020721601905068906,0.6017291980982321,0.5528255934000229,-0.0001064307808465903,1.5824396753730092,1.0278172083087143,-0.0013875886714812009,1.5018890719467688,1.007563510987132,-0.0012391750371498495,0.3180693747126023,0.541931864291544,0.0005666407059297068,0.6425115473164944,0.535430747096424,-0.0002580827326429869,1.4941447530480216,0.995476588445648,-0.0012533067746309469,24.0,0.0,0.18318461629531754,0.45108035013752557,0.24733220649858614
0.96,0.0,0.0,-0.13600241170538768,1.0718498668640244,0.003027117549627918,0.25423215813009653,0.4167801242175307,0.0004226605208892232,-0.055233511822222414,0.4085672451011717,0.001164429363090536,0.3020966387672416,1.0507284820475895,0.001882090639327485,-0.39904650202683545,0.40366599511476886,0.002036109019225928,-0.45433482793796354,0.5694657766161442,0.0025561920654606175,-0.3008648986732154,1.0381237443450522,0.0033732744051581665,0.13910075820542778,0.5582441436435245,0.0010512319022691807,-0.2540859259113611,0.5515473412584858,0.002043181711842703,0.6080815997157055,0.5528255934000229,-0.000122259011745523,1.5819875905006278,1.0278172083087143,-0.0013865561676607374,1.5005226677278694,1.007563510987132,-0.0012358139023990922,0.3208787910740448,0.541931864291544,0.0005596562239473543,0.6463534705008421,0.535430747096424,-0.000267702000550176,1.491454038288203,0.995476588445648,-0.001246670411505934,24.0,0.0,0.18345374861171962,0.4515498838329261,0.24763239759390088
0.962,0.0,0.0,-0.13296899057393083,1.0718498668640244,0.0030196306964235305,0.260715694281911,0.4167801242175307,0.0004063699152185854,-0.05323646123534019,0.4085672451011717,0.0011595018923084854,0.3062922199471556,1.0507284820475895,0.0018715796082008698,-0.38729480542190337,0.40366599511476886,0.002006781242854011,-0.45560053753083024,0.5694657766161442,0.0025595015113852693,-0.29050934782728655,1.0381237443450522,0.003347471607545669,0.14042263869248506,0.5582441436435245,0.0010478584635952419,-0.24239926094233546,0.5515473412584858,0.0020140831679246176,0.6144514054601229,0.5528255934000229,-0.00013814001578920653,1.5815049686874392,1.0278172083087143,-0.0013854259554797839,1.4991319772684735,1.007563510987132,-0.0012323978918518436,0.32370384243079847,0.541931864291544,0.0005526326830437481,0.6501893681087941,0.535430747096424,-0.0002773068085110453,1.4887274361434755,0.995476588445648,-0.0012399436246063877,24.0,0.0,0.1837228809281217,0.45201941752832664,0.2479325886892156
0.964,0.0,0.0,-0.12989675517237814,1.0718498668640244,0.003012047143594888,0.2671661727964678,0.4167801242175307,0.00039016107483904927,-0.0512133638254002,0.4085672451011717,0.0011545092658412797,0.3104793743448041,1.0507284820475895,0.0018610906552510849,-0.3755233963049746,0.40366599511476886,0.0019774020013416803,-0.45680786289735315,0.5694657766161442,0.002562665785367436,-0.2801196333335633,1.0381237443450522,0.0033215827304308465,0.14171739977281544,0.5582441436435245,0.0010445537623775985,-0.23066613122292573,0.5515473412584858,0.001984866505502053,0.6208378206305443,0.5528255934000229,-0.00015406453015024996,1.5809932144081842,1.0278172083087143,-0.0013842194009468123,1.4977167818408892,1.007563510987132,-0.0012289211657033538,0.32654453906469827,0.541931864291544,0.000545570054651864,0.6540189987895952,0.535430747096424,-0.0002868965525309253,1.485965231439452,0.995476588445648,-0.0012331271192445687,24.0,0.0,0.18399201324452377,0.4524889512237272,0.24823277978453034
0.966,0.0,0.0,-0.12678557367474705,1.0718498668640244,0.0030043665550910066,0.273583245931417,0.4167801242175307,0.0003740348785526572,-0.049164237263843606,0.4085672451011717,0.0011494515223164298,0.31465851102700204,1.0507284820475895,0.0018506227692569636,-0.3637331516498103,0.40366599511476886,0.0019479734785493585,-0.45795649280171663,0.5694657766161442,0.0025656840987837433,-0.26969602535597703,1.0381237443450522,0.003295608444196539,0.14298542095832267,0.5582441436435245,0.0010413168596767725,-0.21888732329570212,0.5515473412584858,0.001955533681203529,0.627240561418977,0.5528255934000229,-0.00017003056807630342,1.580452476053851,1.0278172083087143,-0.0013829400152486748,1.496277236837553,1.007563510987132,-0.0012253831771343931,0.329400890100167,0.541931864291544,0.0005384683130671145,0.6578421214647765,0.535430747096424,-0.00029647062923292804,1.48316771167837,0.995476588445648,-0.00122622160748451,24.0,0.0,0.18426114556092585,0.4529584849191277,0.24853297087984508
0.968,0.0,0.0,-0.12363531687912567,1.0718498668640244,0.0029965886013469285,0.27996656975199186,0.4167801242175307,0.0003579921957152843,-0.04708910144124213,0.4085672451011717,0.0011443287059125383,0.31883004349609606,1.0507284820475895,0.0018401749275514688,-0.3519249517039801,0.40366599511476886,0.0019184978669114477,-0.459046120247707,0.5694657766161442,0.002568555673544652,-0.259238796046346,1.0381237443450522,0.0032695494242525732,0.144227085650373,0.5582441436435245,0.0010381468067130045,-0.2070636275334901,0.5515473412584858,0.0019260866613854699,0.633659342556013,0.5528255934000229,-0.00018603742004738523,1.579882904050483,1.0278172083087143,-0.001381588169362842,1.4948134988907855,1.007563510987132,-0.0012217843146260527,0.33227290349188915,0.541931864291544,0.0005313274354784426,0.6616584953533028,0.535430747096424,-0.0003060284359208812,1.480335167014794,0.995476588445648,-0.0012192278080818048,24.0,0.0,0.18453027787732793,0.45342801861452825,0.2488331619751598
0.97,0.0,0.0,-0.12044585823681789,1.0718498668640244,0.0029887129593578754,0.2863158041595063,0.4167801242175307,0.0003420338861638471,-0.044987978465800306,0.4085672451011717,0.0011391408663560345,0.3229943895448979,1.0507284820475895,0.0018297460963787337,-0.34009967983055733,0.40366599511476886,0.0018889773670468723,-0.4600764425046513,0.5694657766161442,0.0025712797421596277,-0.24874821952128887,1.0381237443450522,0.0032434063509784957,0.14544278109259381,0.5582441436435245,0.0010350426449828786,-0.1951958380780343,0.5515473412584858,0.00189652742197994,0.6400938773314794,0.5528255934000229,-0.00020208437288997516,1.5792846508519423,1.0278172083087143,-0.0013801642393544216,1.4933257258563344,1.007563510987132,-0.001218124969759134,0.33516058601259996,0.541931864291544,0.0005241474019991373,0.6654678799966901,0.535430747096424,-0.0003155693706421969,1.4774678902311118,0.995476588445648,-0.001212146446422865,24.0,0.0,0.18479941019373,0.4538975523099288,0.24913335307047454
0.972,0.0,0.0,-0.11721707388096891,1.0718498668640244,0.002980739312752106,0.29263061291923526,0.4167801242175307,0.000326160800145061,-0.042860892661670404,0.4085672451011717,0.0011338880589174302,0.3271519711094511,1.0507284820475895,0.001819335231256729,-0.32825822234737506,0.40366599511476886,0.0018594141873633156,-0.46104716113322647,0.5694657766161442,0.0025738555478019886,-0.23822457183896456,1.0381237443450522,0.0032171799096658528,0.1466328983231228,0.5582441436435245,0.0010320034063773268,-0.18328475277823716,0.5515473412584858,0.0018668579483413004,0.6465438776151804,0.5528255934000229,-0.00021817070982864118,1.578657870932509,1.0278172083087143,-0.00137866860635807,1.4918140767968757,1.007563510987132,-0.0012144055371730062,0.33806394324099376,0.541931864291544,0.0005169281956973603,0.6692700352840886,0.535430747096424,-0.0003250928322506652,1.4745661767128215,0.995476588445648,-0.0012049782544636596,24.0,0.0,0.18506854251013208,0.4543670860053293,0.24943354416578928
0.974,0.0,0.0,-0.11394884265466686,1.0718498668640244,0.0029726673518624836,0.29891066368768104,0.4167801242175307,0.0003103737782457386,-0.04070787056708389,0.4085672451011717,0.0011285703444071054,0.33130321411971625,1.0507284820475895,0.0018089412773453462,-0.31640146836392746,0.40366599511476886,0.0018298105436553597,-0.4619579820111381,0.5694657766161442,0.002576282344373427,-0.227668130975641,1.0381237443450522,0.003190870790460042,0.14779783212631004,0.5582441436435245,0.0010290281133010044,-0.17133117312797586,0.5515473412584858,0.0018370802350918076,0.6530090538777269,0.5528255934000229,-0.00023429571053789372,1.5780027207793113,1.0278172083087143,-0.0013771016565594868,1.4902787119654801,1.007563510987132,-0.0012106264145243595,0.34098297954975604,0.541931864291544,0.0005096698026263758,0.6730647214773272,0.535430747096424,-0.0003345982204691614,1.4716303244236129,0.995476588445648,-0.0011977239706679338,24.0,0.0,0.18533767482653415,0.45483661970072986,0.249733735261104
0.976,0.0,0.0,-0.11064104613851541,1.0718498668640244,0.002964496773796728,0.30515562803922885,0.4167801242175307,0.00029467365132462413,-0.03852894093230336,0.4085672451011717,0.001123187789170639,0.3354485483482624,1.0507284820475895,0.001798563169819683,-0.3045303096160062,0.40366599511476886,0.0018001686586967408,-0.46280861535866524,0.5694657766161442,0.002578559396568206,-0.2170791768020969,1.0381237443450522,0.003164479688301733,0.14893798098387534,0.5582441436435245,0.001026115778793036,-0.15933590420350063,0.5515473412584858,0.0018071962859661542,0.6594891152114521,0.5528255934000229,-0.00025045865119426,1.5773193588845877,1.0278172083087143,-0.0013754637811764926,1.488719792789046,1.007563510987132,-0.0012067880024458704,0.34391769809372263,0.541931864291544,0.00050237221185447,0.6768516992359178,0.535430747096424,-0.000344084935952258,1.4686606338802433,0.995476588445648,-0.0011903843399449121,24.0,0.0,0.18560680714293623,0.4553061533961304,0.25003392635641875
0.978,0.0,0.0,-0.10729356867767363,1.0718498668640244,0.0029562272825063496,0.3113651814921949,0.4167801242175307,0.0002790612404457546,-0.03632413471739893,0.4085672451011717,0.0011177404650836876,0.3395884072570542,1.0507284820475895,0.001788199834248318,-0.29264564029816326,0.40366599511476886,0.001770490761826938,-0.46359877576406977,0.5694657766161442,0.0025806859799370236,-0.20645799105985915,1.0381237443450522,0.003138007302867873,0.1500537470255232,0.5582441436435245,0.0010232654066491228,-0.14729975460041825,0.5515473412584858,0.0017772081136549663,0.6659837693514115,0.5528255934000229,-0.0002666588045285731,1.5766079457377788,1.0278172083087143,-0.0013737553764396838,1.4871374818517007,1.007563510987132,-0.0012028907045047855,0.34686810079817043,0.541931864291544,0.0004950354154945536,0.6806307296420124,0.535430747096424,-0.0003535523803487345,1.465657408127212,0.995476588445648,-0.0011829601135864881,24.0,0.0,0.1858759394593383,0.45577568709153093,0.2503341174517335
0.98,0.0,0.0,-0.10390629740835862,1.0718498668640244,0.002947858588854245,0.31753900353427045,0.4167801242175307,0.0002635373568133395,-0.034093485089853,0.4085672451011717,0.0011122284495464266,0.34372322784242687,1.0507284820475895,0.0017778501869763384,-0.2807483568940967,0.40366599511476886,0.0017407790885323304,-0.46432818220886546,0.5694657766161442,0.002582661380950535,-0.19580485733727948,1.0381237443450522,0.0031114543385122786,0.15114553597901814,0.5582441436435245,0.0010204759915450033,-0.13522353637026407,0.5515473412584858,0.0017471177396472602,0.6724927226964619,0.5528255934000229,-0.0002828954398784714,1.5758686438174465,1.0278172083087143,-0.0013719768435726616,1.4855319428781757,1.007563510987132,-0.0011989349271614219,0.3498341883472436,0.541931864291544,0.0004876594087334341,0.6844015742253118,0.535430747096424,-0.00036299995636397106,1.4626209527112308,0.995476588445648,-0.00117545204920391,24.0,0.0,0.18614507177574038,0.45624522078693147,0.25063430854704827
0.982,0.0,0.0,-0.10047912228380729,1.0718498668640244,0.0029393904106809576,0.3236767776473657,0.4167801242175307,0.0002481028017081506,-0.03183702742199728,0.4085672451011717,0.0011066518254775617,0.3478534504783421,1.0507284820475895,0.0017675131355129065,-0.2688393580050579,0.40366599511476886,0.001711035880022164,-0.4649965580929434,0.5694657766161442,0.002584484897062524,-0.18512006104545292,1.0381237443450522,0.003084821504205829,0.15221375711972285,0.5582441436435245,0.0010177465191612658,-0.12310806495666675,0.5515473412584858,0.0017169271940718747,0.6790156803304214,0.5528255934000229,-0.00029916782324109745,1.5751016175830206,1.0278172083087143,-0.0013701285887718307,1.483903340717157,1.007563510987132,-0.0011949210797276095,0.3528159601725192,0.541931864291544,0.0004802441898607511,0.6881639949879207,0.535430747096424,-0.0003724270678222194,1.4595515756554953,0.995476588445648,-0.001167860910663957,24.0,0.0,0.18641420409214246,0.456714754482332,0.25093449964236303
0.984,0.0,0.0,-0.09701193609969386,1.0718498668640244,0.0029308224728695795,0.3297781913318577,0.4167801242175307,0.0002327583664254125,-0.029554799288286172,0.4085672451011717,0.0011010106813079225,0.351979518758021,1.0507284820475895,0.0017571875789231183,-0.25691954417638285,0.40366599511476886,0.0016812633827995671,-0.46560363125954835,0.5694657766161442,0.002586155836772719,-0.17440388939398163,1.0381237443450522,0.0030581095134762626,0.15325882321960246,0.5582441436435245,0.001015075966309504,-0.11095415913110912,0.5515473412584858,0.0016866385155378813,0.6855523460433035,0.5528255934000229,-0.00031547521732599613,1.57430703346637,1.0278172083087143,-0.0013682110231857658,1.4822518413246133,1.007563510987132,-0.0011908495743250625,0.35581341444171577,0.541931864291544,0.00047278976029756215,0.6919177544291468,0.535430747096424,-0.00038183311972874167,1.456449587433757,0.995476588445648,-0.0011601874680246182,24.0,0.0,0.18668333640854454,0.45718428817773255,0.2512346907376778
0.986,0.0,0.0,-0.09350463451899955,1.0718498668640244,0.0029221545074092957,0.3358429361302463,0.4167801242175307,0.00021750483221418245,-0.027246840462410278,0.4085672451011717,0.0010953051109736447,0.35610187933405113,1.0507284820475895,0.0017468724082239213,-0.2449898177222528,0.40366599511476886,0.0016514638482278794,-0.4661491340201006,0.5694657766161442,0.0025876735196892313,-0.16365663136658648,1.0381237443450522,0.0030313190843475847,0.15428115049569738,0.5582441436435245,0.001012463301059805,-0.09876264092828968,0.5515473412584858,0.0016562537509739873,0.6921024223526261,0.5528255934000229,-0.0003318168816082015,1.5734850598631982,1.0278172083087143,-0.0013662245628941394,1.480577611747108,1.007563510987132,-0.0011867208258437034,0.3588265480475493,0.541931864291544,0.0004652961246245707,0.6956626155702387,0.535430747096424,-0.000391217518331807,1.4533153009441988,0.995476588445648,-0.0011524324974702728,24.0,0.0,0.1869524687249466,0.4576538218731331,0.25153488183299255
0.988,0.0,0.0,-0.0899571160963317,1.0718498668640244,0.00291338625345756,0.34187070765022276,0.4167801242175307,0.000202342970218211,-0.024913192914254055,0.4085672451011717,0.001089535213908955,0.3602209817570663,1.0507284820475895,0.001736566506783846,-0.2330510825487926,0.40366599511476886,0.0016216395320925543,-0.466632803178857,0.5694657766161442,0.002589037276590612,-0.15287857769656962,1.0381237443450522,0.0030044509392790964,0.15528115855806812,0.5582441436435245,0.0010099074828695679,-0.0865343355810885,0.5515473412584858,0.0016257749554669388,0.6986656105247908,0.5528255934000229,-0.00034819207238150795,1.5726358671242597,1.0278172083087143,-0.00136416962888621,1.4788808201050931,1.007563510987132,-0.00118253525189994,0.3618553565967403,0.541931864291544,0.00045776329060998684,0.6993983419790597,0.535430747096424,-0.00040057967118453663,1.4501490314831134,0.995476588445648,-0.001144596781246377,24.0,0.0,0.1872216010413487,0.4581233555685336,0.2518350729283073
0.99,0.0,0.0,-0.08636928230168926,1.0718498668640244,0.0029045174574008903,0.3478612055871556,0.4167801242175307,0.00018727354141826982,-0.02255390080670147,0.4085672451011717,0.0010837010950385643,0.3643372783131001,1.0507284820475895,0.0017262687507263081,-0.22110424397561737,0.40366599511476886,0.0015917926941589036,-0.46705438005740424,0.5694657766161442,0.0025902464494875032,-0.14207002084213055,1.0381237443450522,0.0029775058051040543,0.15625927035721518,0.5582441436435245,0.001007407462713641,-0.074270071455142,0.5515473412584858,0.0015952041920989357,0.7052416105965312,0.5528255934000229,-0.0003646000428119198,1.5717596275463985,1.0278172083087143,-0.0013620466470388637,1.4771616355761932,1.007563510987132,-0.0011782932727949032,0.36489983439917506,0.541931864291544,0.00045019126923700944,0.7031246977946947,0.535430747096424,-0.0004099189872065892,1.4469510967183885,0.995476588445648,-0.0011366811075936634,24.0,0.0,0.18749073335775077,0.45859288926393416,0.2521352640236221
0.992,0.0,0.0,-0.08274103754367237,1.0718498668640244,0.0028955478729142843,0.35381413374599857,0.4167801242175307,0.0001722972965759377,-0.020169010492293565,0.4085672451011717,0.001077802864769683,0.36845122385971457,1.0507284820475895,0.0017159780093362238,-0.20915020855594174,0.40366599511476886,0.0015619255977259655,-0.46741361051897734,0.5694657766161442,0.002591300391683871,-0.13123125496153865,1.0381237443450522,0.002950484412967957,0.15721591213097733,0.5582441436435245,0.0010049621832157732,-0.061970679983030914,0.5515473412584858,0.0015645435317840695,0.7118301213964275,0.5528255934000229,-0.00038104004299127083,1.5708565153634049,1.0278172083087143,-0.0013598560480942107,1.475420228378478,1.007563510987132,-0.0011739953114726532,0.3679599744572261,0.541931864291544,0.0004425800747309225,0.7068414477519844,0.535430747096424,-0.0004192348767456766,1.4437218166627996,0.995476588445648,-0.0011286862706818513,24.0,0.0,0.18775986567415284,0.4590624229593347,0.25243545511893684
0.994,0.0,0.0,-0.07907228919213345,1.0718498668640244,0.002886477261019242,0.3597292000626255,0.4167801242175307,0.0001574149761788303,-0.017758570509741747,0.4085672451011717,0.0010718406389836632,0.3725632756610074,1.0507284820475895,0.0017056931454696872,-0.19718988389536715,0.40366599511476886,0.0015320405091767764,-0.4677102449925951,0.5694657766161442,0.002592198467837804,-0.1203625758881646,1.0381237443450522,0.002923387498266477,0.15815151335091188,0.5582441436435245,0.001002570578781368,-0.04963699559808603,0.5515473412584858,0.0015337950531037919,0.7184308405664847,0.5528255934000229,-0.0003975113199910116,1.56992670673669,1.0278172083087143,-0.0013575982676367266,1.4736567697537315,1.007563510987132,-0.0011696417934783654,0.3710357684552346,0.541931864291544,0.00043492972458579487,0.7105483572059862,0.535430747096424,-0.00042852675163890106,1.4404615136471106,0.995476588445648,-0.0011206130705428792,24.0,0.0,0.18802899799055492,0.45953195665473523,0.2527356462142516
0.996,0.0,0.0,-0.07536294760026795,1.0718498668640244,0.0028773053901403945,0.3656061166245976,0.4167801242175307,0.000142627310387263,-0.01532263158030068,0.4085672451011717,0.0010658145390272835,0.37667389322160194,1.0507284820475895,0.0016954130159664554,-0.18522417846946582,0.40366599511476886,0.0015021396975253402,-0.4679440384970039,0.5694657766161442,0.0025929400540218484,-0.10946428110537325,1.0381237443450522,0.002896215800583042,0.15906650666816055,0.5582441436435245,0.0010002315757315315,-0.03726985566781628,0.5515473412584858,0.0015029608421414295,0.7250434645837713,0.5528255934000229,-0.00041401311791615435,1.5689703797457775,1.0278172083087143,-0.0013552737460699393,1.4718714319507138,1.007563510987132,-0.001165233146916499,0.3741272067491585,0.541931864291544,0.0004272402395907736,0.7142451921563552,0.535430747096424,-0.00043779402527390545,1.437170512292986,0.995476588445648,-0.0011124623130036565,24.0,0.0,0.188298130306957,0.46000149035013577,0.25303583730956636
0.998,0.0,0.0,-0.07161292612614271,1.0718498668640244,0.002868032036160731,0.37144459969136806,0.4167801242175307,0.0001279350189823328,-0.012861246604004525,0.4085672451011717,0.001059724691703681,0.3807835381197255,1.0507284820475895,0.001685136472064969,-0.1732540014402816,0.40366599511476886,0.0014722254339605868,-0.46811475066442104,0.5694657766161442,0.00259352453778287,-0.09853666972128063,1.0381237443450522,0.0028689700636260634,0.15996132785880446,0.5582441436435245,0.0009979440924384097,-0.02487010042696407,0.5515473412584858,0.0014720429923157552,0.7316676887821186,0.5528255934000229,-0.0004305446779593711,1.5679877143786094,1.0278172083087143,-0.001352882928592658,1.470064388208427,1.007563510987132,-0.0011607698024089547,0.37723427835639056,0.541931864291544,0.0004195116438559639,0.7179317192716443,0.535430747096424,-0.0004470361126498279,1.4338491394857147,0.995476588445648,-0.0011042348096183452,24.0,0.0,0.18856726262335907,0.4604710240455363,0.2533360284048811
1.0,0.0,0.0,-0.06782214115366057,1.0718498668640244,0.0028586569824754176,0.37724436971392966,0.4167801242175307,0.00011333881131540657,-0.010374470655770292,0.4085672451011717,0.0010535712292629406,0.38489267383948184,1.0507284820475895,0.00167486235981966,-0.1612802624718702,0.40366599511476886,0.001442299991387626,-0.46822214576406834,0.5694657766161442,0.002593951318201413,-0.08758004244337733,1.0381237443450522,0.002841651035165832,0.16083641576871252,0.5582441436435245,0.0009957070394618001,-0.01243857291019266,0.5515473412584858,0.0014410436042136246,0.7383032073738734,0.5528255934000229,-0.00044710523845523933,1.5669788925216657,1.0278172083087143,-0.001350426265174738,1.468235812739381,1.007563510987132,-0.0011562521930532376,0.38035697094574916,0.541931864291544,0.00041174396483788375,0.7216077059135185,0.535430747096424,-0.0004562524304380508,1.4304977243467472,0.995476588445648,-0.0010959313776001667,24.0,0.0,0.18883639493976115,0.46094055774093684,0.2536362195001959
1.002,0.0,0.0,-0.06399051211295945,1.0718498668640244,0.0028491800200442126,0.3830051513539106,0.4167801242175307,9.883938625900257e-05,-0.007862360981372041,0.4085672451011717,0.001047354289392355,0.3890017656024256,1.0507284820475895,0.0016645895205202694,-0.14930387154500224,0.40366599511476886,0.0014123656439665978,-0.46826599272548575,0.5694657766161442,0.002594219805950531,-0.07659470155302067,1.0381237443450522,0.0028142594669710737,0.16169221225788694,0.5582441436435245,0.0009935193196870299,2.3881115589340085e-05,0.5515473412584858,0.0014099647854216963,0.744949713471707,0.5528255934000229,-0.0004636940349346264,1.5659440979498958,1.0278172083087143,-0.0013479042105323785,1.466385880712866,1.007563510987132,-0.0011516807543806228,0.38349527082764606,0.541931864291544,0.00040393723336448723,0.7252729201608804,0.535430747096424,-0.0004654423970427363,1.4271165982060496,0.995476588445648,-0.001087552839752748,24.0,0.0,0.18910552725616323,0.4614100914363374,0.25393641059551064
1.004,0.0,0.0,-0.06011796150024505,1.0718498668640244,0.0028396009474424594,0.3887266735021248,0.4167801242175307,8.44374321590502e-05,-0.005324976993289564,0.4085672451011717,0.0010410740152063595,0.3931112801985459,1.0507284820475895,0.0016543167911129098,-0.13732573877115514,0.40366599511476886,0.0013824246666494279,-0.4682460651616147,0.5694657766161442,0.0025943294233540747,-0.06558095087979801,1.0381237443450522,0.002786796114745182,0.1625291621443102,0.5582441436435245,0.000991379828464094,0.012516413219261146,0.5515473412584858,0.0013788086503572412,0.7516068991104737,0.5528255934000229,-0.0004803103001792103,1.5648835163164605,1.0278172083087143,-0.0013453172241029538,1.4645147682382333,1.007563510987132,-0.0011470559243143353,0.38664916294443413,0.541931864291544,0.00039609148365974496,0.7289271308339036,0.535430747096424,-0.000474605432661141,1.423706094574274,0.995476588445648,-0.0010791000244010042,24.0,0.0,0.1893746595725653,0.4618796251317379,0.2542366016908254
1.006,0.0,0.0,-0.056204414897056125,1.0718498668640244,0.0028299195709106735,0.39440866929658175,0.4167801242175307,7.01336267885147e-05,-0.0027623802664351977,0.4085672451011717,0.001034730555236153,0.3972216858167678,1.0507284820475895,0.0016440430046226091,-0.12534677420592008,0.40366599511476886,0.00135247933471481,-0.468162141391641,0.5694657766161442,0.0025942796044443974,-0.05453909577576332,1.0381237443450522,0.0027592617380621256,0.16334771314729793,0.5582441436435245,0.0009892874537480356,0.025038172373875404,0.5515473412584858,0.0013475773200980617,0.758274455269119,0.5528255934000229,-0.0004969532642761271,1.5637973351422845,1.0278172083087143,-0.0013426657700193656,1.462622652348189,1.007563510987132,-0.0011423781431277537,0.3898186308609385,0.541931864291544,0.0003882067533677748,0.7325701075179705,0.535430747096424,-0.00048374095934369896,1.420266549114747,0.995476588445648,-0.0010705737653215652,24.0,0.0,0.18964379188896738,0.46234915882713845,0.25453679278614016
1.008,0.0,0.0,-0.052249800988961426,1.0718498668640244,0.0028201357044027016,0.40005087613996226,0.4167801242175307,5.592863730237235e-05,-0.00017463453376232504,0.4085672451011717,0.0010283240634190174,0.4013334518750799,1.0507284820475895,0.0016337669905770542,-0.11336788766195202,0.40366599511476886,0.0013225319233017225,-0.46801400446358554,0.5694657766161442,0.002594069795019463,-0.04346944308954924,1.0381237443450522,0.0027316571003020386,0.1641483158303618,0.5582441436435245,0.0009872410762405664,0.03758830502539076,0.5515473412584858,0.001316272922211526,0.7649520718926328,0.5528255934000229,-0.0005136221546727401,1.5626857438054147,1.0278172083087143,-0.0013399503170839256,1.4607097109821001,1.007563510987132,-0.0011376478534026425,0.3930036567551748,0.541931864291544,0.0003802830835765139,0.7362016205875113,0.535430747096424,-0.0004928484010538662,1.4167982996152795,0.995476588445648,-0.0010619749016727476,24.0,0.0,0.18991292420536945,0.462818692522539,0.2548369838814549
1.01,0.0,0.0,-0.048254051583687944,1.0718498668640244,0.0028102491696324647,0.4056530357165659,0.4167801242175307,4.182312019392107e-05,0.002438194318240925,0.4085672451011717,0.001021854699087335,0.4054470488503974,1.0507284820475895,0.0016234875754312739,-0.10138998852159142,0.40366599511476886,0.0012925847069418022,-0.46780144217663255,0.5694657766161442,0.002593699452699324,-0.03237230114035673,1.0381237443450522,0.0027039829685865037,0.16493142354358759,0.5582441436435245,0.0009852395695329067,0.05016595516174588,0.5515473412584858,0.0012848975905827376,0.7716394379140481,0.5528255934000229,-0.0005303161962315248,1.5615489335301875,1.0278172083087143,-0.001337171338741751,1.4587761229693221,1.007563510987132,-0.0011328654999874204,0.39620422140925776,0.541931864291544,0.0003723205188409232,0.7398214412297408,0.535430747096424,-0.0005019271837277181,1.4133016859597993,0.995476588445648,-0.0010533042779240786,24.0,0.0,0.19018205652177153,0.4632882262179395,0.2551371749767697
1.012,0.0,0.0,-0.04421710162868002,1.0718498668640244,0.002800259796119281,0.41121489400873595,0.4167801242175307,2.7817721252411943e-05,0.005076038254169312,0.4085672451011717,0.001015322626957327,0.40956294810826965,1.0507284820475895,0.0016132035829929804,-0.08941398554928685,0.40366599511476886,0.0012626399590909007,-0.4675242471031829,0.5694657766161442,0.002593168046981942,-0.021247979691824313,1.0381237443450522,0.0026762401137135224,0.16569749236553274,0.5582441436435245,0.0009832818002498422,0.06277026438226915,0.5515473412584858,0.00125345346524185,0.7783362412764788,0.5528255934000229,-0.000547034611285063,1.5603870973761993,1.0278172083087143,-0.0013343293130536832,1.4568220680125425,1.007563510987132,-0.0011280315299554756,0.39942030420050295,0.541931864291544,0.0003643191072057157,0.74342934146829,0.535430747096424,-0.000510976735333292,1.4097770500998068,0.995476588445648,-0.0010445627437853783,24.0,0.0,0.1904511888381736,0.46375775991334006,0.25543736607208445
1.014,0.0,0.0,-0.04013888922808917,1.0718498668640244,0.0027901674212317614,0.41673620131276823,0.4167801242175307,1.391307552198684e-05,0.00773882709442607,0.4085672451011717,0.001008728017117506,0.4136816217325411,1.0507284820475895,0.0016029138348482997,-0.07744078670394827,0.40366599511476886,0.0012326999516601394,-0.46718221661062137,0.5694657766161442,0.0025924750592983175,-0.010096789925778851,1.0381237443450522,0.0026484293100921914,0.1664469810446487,0.5582441436435245,0.0009813666281949793,0.07540037196741842,0.5515473412584858,0.0012219426921905416,0.7850421689551981,0.5528255934000229,-0.0005637766196911398,1.5592004302270823,1.0278172083087143,-0.0013314247226687125,1.4548477266711517,1.007563510987132,-0.0011231463925635266,0.4026518830927254,0.541931864291544,0.00035627890022760277,0.7470250941867288,0.535430747096424,-0.0005199964859296649,1.406224736025657,0.995476588445648,-0.001035751154135397,24.0,0.0,0.19072032115457568,0.4642272936087406,0.2557375571673992
1.016,0.0,0.0,-0.036019355659194716,1.0718498668640244,0.002779971890230284,0.42221671225430973,0.4167801242175307,1.0980726190615298e-07,0.010426488520053092,0.4085672451011717,0.0010020710450168641,0.4178035423550748,1.0507284820475895,0.001592617150787621,-0.06547129895136083,0.40366599511476886,0.0012027669545467928,-0.4667751528827858,0.5694657766161442,0.002591619983066914,0.0010809555841301364,1.0381237443450522,0.0026205513356770778,0.16718035094023284,0.5582441436435245,0.0009794929064971894,0.08805541494884456,0.5515473412584858,0.0011903674232276685,0.7917569069797513,0.5528255934000229,-0.0005805414388879379,1.5579891287790826,1.0278172083087143,-0.0013284580547959202,1.4528532803446381,1.007563510987132,-0.0011182105392100493,0.4058989346277382,0.541931864291544,0.00034819995299704656,0.7506084731519771,0.535430747096424,-0.000528985867725762,1.4026450897376685,0.995476588445648,-0.0010268703689500225,24.0,0.0,0.19098945347097776,0.46469682730414114,0.25603774826271397
1.018,0.0,0.0,-0.031858445388255434,1.0718498668640244,0.002769673056308048,0.42765618580325343,0.4167801242175307,-1.3591470091947612e-05,0.013138948077662475,0.4085672451011717,0.0009953518914527966,0.421929182985647,1.0507284820475895,0.001582312349231287,-0.053506428076789334,0.40366599511476886,0.0011728432351653243,-0.4663028629411264,0.5694657766161442,0.0025906023237473254,0.012284942898910873,1.0381237443450522,0.002592606971902305,0.1678980659629155,0.5582441436435245,0.000977659481758229,0.10073452817977308,0.5515473412584858,0.0011587298157741033,0.798480140456104,0.5528255934000229,-0.000597328283949321,1.5567533915294394,1.0278172083087143,-0.001325429801175921,1.4508389112560138,1.007563510987132,-0.0011132244233937655,0.40916143391705334,0.541931864291544,0.0003400823241595147,0.7541792530376015,0.535430747096424,-0.0005379443151388827,1.3990384592170637,0.995476588445648,-0.0010179212532300513,24.0,0.0,0.19125858578737984,0.4651663609995417,0.25633793935802873
1.02,0.0,0.0,-0.02765610608579265,1.0718498668640244,0.0027592707806306993,0.4330543852881352,0.4167801242175307,-2.719015396430685e-05,0.015876129184466205,0.4085672451011717,0.0009885707425587732,0.42605901684212105,1.0507284820475895,0.001571998247654856,-0.04154707849790271,0.40366599511476886,0.0011429310579788956,-0.4657651586655424,0.5694657766161442,0.002589421598893176,0.02351485674082257,1.0381237443450522,0.0025645970036153533,0.16860059251468745,0.5582441436435245,0.0009758651942015224,0.11343684440569736,0.5515473412584858,0.001127032032696782,0.8052115535888204,0.5528255934000229,-0.0006141363676402028,1.555493418764565,1.0278172083087143,-0.0013223404580518128,1.4488048024352727,1.007563510987132,-0.0011081885006722048,0.41243935463378956,0.541931864291544,0.0003319260759362268,0.757737209446993,0.535430747096424,-0.0005468712648529436,1.3954051943967378,0.995476588445648,-0.0010089046769285392,24.0,0.0,0.1915277181037819,0.4656358946949422,0.2566381304533435
1.022,0.0,0.0,-0.023412288641305394,1.0718498668640244,0.002748764932374543,0.4384110784100394,0.4167801242175307,-4.0685652676511335e-05,0.01863795313340088,0.4085672451011717,0.0009817277897917638,0.43019351718100823,1.0507284820475895,0.0015616736630136713,-0.029594153078148163,0.40366599511476886,0.001113032684031679,-0.46516185681488526,0.5694657766161442,0.0025880773382042166,0.03477038052007985,1.0381237443450522,0.0025365222190105743,0.16928839942847307,0.5582441436435245,0.0009741088778220926,0.12616149433537738,0.5515473412584858,0.0010952762421319712,0.8119508297032703,0.5528255934000229,-0.0006309649004719937,1.554209412548024,1.0278172083087143,-0.001319190526139627,1.4467511377028819,1.007563510987132,-0.0011031032286203518,0.4157326690047879,0.541931864291544,0.00032373127414438624,0.7612821189364251,0.535430747096424,-0.0005557661558764224,1.391745647131863,0.995476588445648,-0.0009998215148777246,24.0,0.0,0.191796850420184,0.46610542839034275,0.25693832154865826
1.024,0.0,0.0,-0.019126947177418405,1.0718498668640244,0.0027381553887633244,0.443726037256019,0.4167801242175307,-5.407738548127178e-05,0.02142433909834438,0.4085672451011717,0.000974823229919427,0.4343331571285229,1.0507284820475895,0.0015513374121664532,-0.017648552940703232,0.40366599511476886,0.0010831503704822926,-0.4644927790471148,0.5694657766161442,0.0025865690835775736,0.0460511963616666,1.0381237443450522,0.0025083834095624307,0.16996195790725552,0.5582441436435245,0.0009723893605376286,0.13890760671213725,0.5515473412584858,0.0010634646173077712,0.8186976512678634,0.5528255934000229,-0.0006478130907581184,1.5529015767083088,1.0278172083087143,-0.0013159805105982742,1.444678101653314,1.007563510987132,-0.0010979690667893749,0.4190413478029397,0.541931864291544,0.0003154979882168904,0.7648137590379868,0.535430747096424,-0.0005646284296000026,1.3880601711703267,0.995476588445648,-0.0009906726467155374,24.0,0.0,0.19206598273658607,0.4665749620857433,0.257238512643973
1.026,0.0,0.0,-0.014800039063463952,1.0718498668640244,0.002727442035103607,0.44899903831203686,0.4167801242175307,-6.736478259622078e-05,0.02423520413942158,0.4085672451011717,0.0009678572650070683,0.43847840951223743,1.0507284820475895,0.0015409883122976665,-0.005711177283133783,0.40366599511476886,0.0010532863701386802,-0.4637577519390973,0.5694657766161442,0.0025848963891581473,0.057356985132257704,1.0381237443450522,0.002480181369958464,0.17062174146275932,0.5582441436435245,0.0009707054643406723,0.15167430838545518,0.5515473412584858,0.0010315993363658714,0.8254516999163064,0.5528255934000229,-0.0006646801446696013,1.5515701168264138,1.0278172083087143,-0.0013127109209989862,1.4425858796386175,1.007563510987132,-0.001092786476665455,0.42236536033972893,0.541931864291544,0.00030722629122151084,0.7683319082823893,0.535430747096424,-0.0005734575298539068,1.384349122123007,0.995476588445648,-0.0009814589568116967,24.0,0.0,0.19233511505298814,0.4670444957811438,0.2575387037392878
1.028,0.0,0.0,-0.010431524928498597,1.0718498668640244,0.002716624764818721,0.45422986247543434,0.4167801242175307,-8.054728523626542e-05,0.027070463208396164,0.4085672451011717,0.0009608301024043753,0.442629746693443,1.0507284820475895,0.0015306251813383804,0.006217076807115597,0.40366599511476886,0.0010234429309947566,-0.46295660700603347,0.5694657766161442,0.0025830588213881034,0.06868742646724703,1.0381237443450522,0.002451916898031986,0.1712682258536966,0.5582441436435245,0.0009690560054519129,0.1644607243828391,0.5515473412584858,0.0009996825821825767,0.8322126564698817,0.5528255934000229,-0.0006815652662907087,1.5502152402232041,1.0278172083087143,-0.0013093822712942488,1.4404746577520338,1.007563510987132,-0.001087555921628714,0.42570467445799154,0.541931864291544,0.0002989162598795378,0.7718363462216428,0.535430747096424,-0.0005822529029649131,1.3806128574338878,0.995476588445648,-0.0009721813341933977,24.0,0.0,0.19260424736939022,0.46751402947654436,0.25783889483460254
1.03,0.0,0.0,-0.006021368673756205,1.0718498668640244,0.0027057034794813074,0.4594182950669333,0.4167801242175307,-9.362434564475914e-05,0.0299300291541457,0.4085672451011717,0.0009537419547319388,0.4467876404003195,1.0507284820475895,0.0015202468383853662,0.018135314536273373,0.40366599511476886,0.0009936222957691331,-0.46208918072050376,0.5694657766161442,0.002581055959055444,0.08004219879788017,1.0381237443450522,0.002423590794694513,0.17190188902358317,0.5582441436435245,0.0009674397944745697,0.17726597798198113,0.5515473412584858,0.0009677165421891168,0.8389802009597451,0.5528255934000229,-0.0006984676576746471,1.5488371559465786,1.0278172083087143,-0.0013059950797862246,1.4383446228116572,1.007563510987132,-0.0010822778669122546,0.42905925652489524,0.541931864291544,0.0002905679745838813,0.7753268534516002,0.535430747096424,-0.0005910139978130469,1.3768517363500128,0.995476588445648,-0.0009628406724705996,24.0,0.0,0.1928733796857923,0.4679835631719449,0.2581390859299173
1.032,0.0,0.0,-0.001569537484538681,1.0718498668640244,0.0026946780888444516,0.46456412584217793,0.4167801242175307,-0.00010659542712350659,0.03281381272821733,0.4085672451011717,0.000946593039867565,0.45095256156201796,1.0507284820475895,0.0015098521041181751,0.03004264358671116,0.40366599511476886,0.0009638267014462388,-0.4611553145311201,0.5694657766161442,0.0025788873933416203,0.09142097937849054,1.0381237443450522,0.00239520386386793,0.1725232110381306,0.5582441436435245,0.0009658556365498534,0.19008919078318387,0.5515473412584858,0.0009357034081912617,0.8457540126492399,0.5528255934000229,-0.0007153865188993055,1.5474360747584261,1.0278172083087143,-0.0013025498690946607,1.4361959623441474,1.007563510987132,-0.0010769527795613132,0.43242907142514125,0.541931864291544,0.000282181519416622,0.7788032116343665,0.535430747096424,-0.0005997402658879405,1.3730661198912844,0.995476588445648,-0.000953437869760912,24.0,0.0,0.19314251200219437,0.46845309686734543,0.25843927702523206
1.034,0.0,0.0,0.0029239981584539753,1.0718498668640244,0.0026835485108714077,0.4696671490028226,0.4167801242175307,-0.0001194600040616181,0.03572172259046138,0.4085672451011717,0.000939383580932386,0.45512498014375746,1.0507284820475895,0.0014994398012139287,0.04193817429821003,0.40366599511476886,0.0009340583788201443,-0.4601548548807723,0.5694657766161442,0.0025765527278681605,0.10282344431383725,1.0381237443450522,0.002366756912416404,0.17313267402222132,0.5582441436435245,0.0009643023315134846,0.20292948278205153,0.5515473412584858,0.0009036453761882548,0.852533770056225,0.5528255934000229,-0.0007323210481230424,1.546012209121376,1.0278172083087143,-0.0012990471661242797,1.4340288645684918,1.007563510987132,-0.0010715811283925386,0.4358140825543917,0.541931864291544,0.000273756982166007,0.7822652035205678,0.535430747096424,-0.0006084311613448562,1.3692563708201064,0.995476588445648,-0.0009439738286140908,24.0,0.0,0.19341164431859645,0.46892263056274597,0.2587394681205468
1.036,0.0,0.0,0.007459264468352481,1.0718498668640244,0.0026723146717639265,0.4747271632071719,0.4167801242175307,-0.00013221756196322973,0.03865366531474029,0.4085672451011717,0.0009321138062767759,0.4593053649830355,1.0507284820475895,0.0014890087547595801,0.05382101984790272,0.40366599511476886,0.0009043195520413972,-0.45908765322445805,0.5694657766161442,0.0025740515787422914,0.11424926858654351,1.0381237443450522,0.0023382507500780375,0.17373076209647287,0.5582441436435245,0.0009627786740532579,0.21578597244243874,0.5515473412584858,0.0008715446461910857,0.8593191509754146,0.5528255934000229,-0.0007492704416405052,1.5445657731853366,1.0278172083087143,-0.0012954875020316542,1.4318435183798242,1.007563510987132,-0.0010661633839533996,0.4392142518129239,0.541931864291544,0.00026529445434288093,0.7857126129714819,0.535430747096424,-0.0006170861410603596,1.3654228536108743,0.995476588445648,-0.000934449455936146,24.0,0.0,0.19368077663499852,0.4693921642581465,0.2590396592158616
1.038,0.0,0.0,0.012036284341904048,1.0718498668640244,0.00266097650598918,0.47974397158037907,0.4167801242175307,-0.00014486759747410304,0.041609545394710526,0.4085672451011717,0.0009247839494660786,0.4634941836270515,1.0507284820475895,0.0014785577926613852,0.06569029642877369,0.40366599511476886,0.0008746124381671654,-0.4579535660466852,0.5694657766161442,0.0025713835746015057,0.12569812608463432,1.0381237443450522,0.0023096861893962717,0.17431796131339827,0.5582441436435245,0.0009612834538676291,0.22865777676964966,0.5515473412584858,0.0008394034220401177,0.8661098325007269,0.5528255934000229,-0.0007662338939384792,1.5430969827738281,1.0278172083087143,-0.0012918714121915558,1.4296401133332994,1.007563510987132,-0.0010607000184817306,0.44262953959951506,0.541931864291544,0.0002567940311965504,0.7891452249810227,0.535430747096424,-0.0006257046646876446,1.3615659344193138,0.995476588445648,-0.0009248656629130659,24.0,0.0,0.1939499089514006,0.46986169795354704,0.25933985031117635
1.04,0.0,0.0,0.016655077349813044,1.0718498668640244,0.002649533956305301,0.4847173817242088,0.4167801242175307,-0.00015740961840712096,0.04458926524967493,0.4085672451011717,0.000917394249266153,0.4676919021714401,1.0507284820475895,0.0014680857460513449,0.077545123426601,0.40366599511476886,0.000844939246714988,-0.456752454878436,0.5694657766161442,0.002568548356657073,0.13716968962917195,1.0381237443450522,0.0022810640456510443,0.17489475959316997,0.5582441436435245,0.0009598154558253156,0.2415440113838798,0.5515473412584858,0.0008072239112220904,0.8729054910476401,0.5528255934000229,-0.0007832105977517601,1.5416060553701012,1.0278172083087143,-0.0012881994361627848,1.4274188396280292,1.007563510987132,-0.0010551915058654188,0.44605990480555885,0.541931864291544,0.0002482558117300725,0.7925628256975803,0.535430747096424,-0.0006342861947114967,1.3576859810516706,0.995476588445648,-0.0009152233649341645,24.0,0.0,0.19421904126780268,0.4703312316489476,0.2596400414064911
1.042,0.0,0.0,0.021315659727634304,1.0718498668640244,0.0026379869737855285,0.48964720572637055,0.4167801242175307,-0.0001698431437666953,0.04759272523050337,0.4085672451011717,0.000909944949628742,0.4718989851004082,1.0507284820475895,0.0014575914496903735,0.08938462359522675,0.40366599511476886,0.0008153021792204196,-0.4554841863136834,0.5694657766161442,0.0025655455787364505,0.14866363100198807,1.0381237443450522,0.0022523851367897006,0.1754616466589937,0.5582441436435245,0.0009583734601258863,0.2544437905938935,0.5515473412584858,0.000775008324686515,0.8797058023755522,0.5528255934000229,-0.0008001997441190431,1.5400932101030471,1.0278172083087143,-0.0012844721176534673,1.4251798880910798,1.007563510987132,-0.0010496383216022432,0.4495053048094163,0.541931864291544,0.000239679898714963,0.7959652024457107,0.535430747096424,-0.0006428301965028907,1.3537833629337535,0.995476588445648,-0.0009055234815150564,24.0,0.0,0.19448817358420475,0.4708007653443481,0.25994023250180587
1.044,0.0,0.0,0.026018044367216758,1.0718498668640244,0.0026263355178409754,0.49453326016942856,0.4167801242175307,-0.00018216770377209966,0.0506198236256194,0.4085672451011717,0.0009024362996766708,0.4761158951283708,1.0507284820475895,0.0014470737423679535,0.1012079232300452,0.40366599511476886,0.0007857034287988553,-0.4541486320254487,0.5694657766161442,0.002562374907324569,0.16017962097351146,1.0381237443450522,0.0022236502833576604,0.1760191139721004,0.5582441436435245,0.0009569562424613271,0.2673562274709289,0.5515473412584858,0.0007427588766614809,0.8865104416101427,0.5528255934000229,-0.0008172005224388232,1.5385586677328942,1.0278172083087143,-0.0012806900044858322,1.422923450161536,1.007563510987132,-0.0010440409427598695,0.4529656954710036,0.541931864291544,0.00023106639870531937,0.7993521437476749,0.535430747096424,-0.0006513361383732166,1.3498584510798326,0.995476588445648,-0.0008957669362202636,24.0,0.0,0.19475730590060683,0.47127029903974865,0.26024042359712063
1.046,0.0,0.0,0.030762240808694857,1.0718498668640244,0.0026145795562420196,0.4993753661392942,0.4167801242175307,-0.00019438283987974466,0.053670456667050864,0.4085672451011717,0.0008948685536888808,0.48034309304317524,1.0507284820475895,0.0014365314672980468,0.11301415233960056,0.40366599511476886,0.0007561451797118092,-0.4527456687813917,0.5694657766161442,0.0025590360216039823,0.17171732933069,1.0381237443450522,0.0021948603084288518,0.1765676546663631,0.5582441436435245,0.0009555625741785602,0.2802804339228229,0.5515473412584858,0.0007104777844688922,0.8933190832657351,0.5528255934000229,-0.0008342121205252995,1.5370026506366912,1.0278172083087143,-0.0012768536485604498,1.4206497178746327,1.007563510987132,-0.0010383998479360102,0.4564410311266181,0.541931864291544,0.00022241542205135107,0.8027234393448239,0.535430747096424,-0.0006598034916281274,1.345911618061396,0.995476588445648,-0.0008859546565854615,24.0,0.0,0.1950264382170089,0.4717398327351492,0.2605406146924354
1.048,0.0,0.0,0.035548255233025204,1.0718498668640244,0.002602719065138324,0.5041733492333067,0.4167801242175307,-0.00020648810480440873,0.05674451853654246,0.4085672451011717,0.0008872419710853022,0.484581037551003,1.0507284820475895,0.0014259634725110357,0.12480244481518954,0.40366599511476886,0.0007266296069379208,-0.4512751784589245,0.5694657766161442,0.00255552861349384,0.18327642490500579,1.0381237443450522,0.0021660160375359056,0.17710776348254648,0.5582441436435245,0.0009541912224429035,0.29321552076834806,0.5515473412584858,0.0006781672683391572,0.9001314012676551,0.5528255934000229,-0.0008512337246642804,1.5354253827935778,1.0278172083087143,-0.0012729636058199424,1.4183588838459562,1.007563510987132,-0.0010327155172187518,0.45993126458400496,0.541931864291544,0.00021372708291231488,0.8060788802188263,0.535430747096424,-0.0006682317306209998,1.3419432379757634,0.995476588445648,-0.0008760875740393698,24.0,0.0,0.19529557053341098,0.4722093664305497,0.26084080578775015
1.05,0.0,0.0,0.0403760904550656,1.0718498668640244,0.0025907540290774976,0.5089270395679081,0.4167801242175307,-0.00021848306253944002,0.059841901371728276,0.4085672451011717,0.0008795568164115732,0.4888301851230369,1.0507284820475895,0.0014153686112414663,0.13657193859836653,0.40366599511476886,0.0006971588757489483,-0.4497370480598396,0.5694657766161442,0.002551852387687672,0.19485657560058242,1.0381237443450522,0.002137118298600116,0.17763993670219722,0.5582441436435245,0.000952840950402445,0.30616059781175364,0.5515473412584858,0.0006458295512253444,0.9069470689745855,0.5528255934000229,-0.0008682645196690805,1.5338270897698396,1.0278172083087143,-0.0012690204362121589,1.4160511412557197,1.007563510987132,-0.0010269884321470607,0.46343634711766657,0.541931864291544,0.00020500149926884774,0.8094182586127385,0.535430747096424,-0.0006766203328060058,1.3379536864145654,0.995476588445648,-0.0008661666238252885,24.0,0.0,0.19556470284981306,0.47267890012595026,0.2611409968830649
1.052,0.0,0.0,0.045245745917193686,1.0718498668640244,0.002578684441022397,0.5136362717859181,0.4167801242175307,-0.00023036728837594347,0.06296249527236263,0.4085672451011717,0.0008718133593236086,0.4930909898439769,1.0507284820475895,0.0014047457423113816,0.14832177584625295,0.40366599511476886,0.0006677351412910058,-0.4481311697244452,0.5694657766161442,0.0025480070616899597,0.2064574484223834,1.0381237443450522,0.0021081679218611744,0.1781646720811826,0.5582441436435245,0.0009515105173533181,0.31911477391750276,0.5515473412584858,0.0006134668586168304,0.9137657592009123,0.5528255934000229,-0.0008853036889364067,1.532207998703749,1.0278172083087143,-0.0012650247036528133,1.4137266838331137,1.007563510987132,-0.0010212190756714696,0.4669562284644159,0.541931864291544,0.0001962387929346937,0.8127413680519125,0.535430747096424,-0.0006849687787907863,1.333943340432083,0.995476588445648,-0.0008561927449222934,24.0,0.0,0.19583383516621514,0.4731484338213508,0.2614411879783797
1.054,0.0,0.0,0.0501572176834621,1.0718498668640244,0.0025665103023670764,0.5183008850634145,0.4167801242175307,-0.0002421403689209685,0.06610618830660732,0.4085672451011717,0.0008640118745720227,0.49736390326248775,1.0507284820475895,0.0013940937305090314,0.1600511030945552,0.40366599511476886,0.0006383605481712898,-0.4464574407451999,0.5694657766161442,0.0025439923658514734,0.21807870950450048,1.0381237443450522,0.002079165739806672,0.17868246878288582,0.5582441436435245,0.0009501986789058548,0.33207715708519703,0.5515473412584858,0.0005810814183524576,0.9205871442390617,0.5528255934000229,-0.0009023504145022235,1.5305683382901887,1.0278172083087143,-0.0012609769759875866,1.4113857058407338,1.007563510987132,-0.0010154079321149545,0.47049085681917613,0.541931864291544,0.00018743908956782033,0.8160480033647408,0.535430747096424,-0.0006932765523887213,1.3299125785134571,0.995476588445648,-0.0008461668799660876,24.0,0.0,0.1961029674826172,0.47361796751675134,0.26174137907369444
1.056,0.0,0.0,0.05511049843428716,1.0718498668640244,0.002554231622951406,0.5229207231162246,0.4167801242175307,-0.00025380190211470965,0.06927286651737384,0.4085672451011717,0.000856152641986411,0.501649374243657,1.0507284820475895,0.0013834114469627545,0.17175907141819965,0.40366599511476886,0.0006090372300505342,-0.44471576357983916,0.5694657766161442,0.00253980804340336,0.22972002413853118,1.0381237443450522,0.0020501125871013794,0.179193827311066,0.5582441436435245,0.0009489041871515966,0.34504685452468087,0.5515473412584858,0.000548675460433222,0.9274108958818261,0.5528255934000229,-0.0009194038770975971,1.5289083387650608,1.0278172083087143,-0.001256877824953686,1.4090284020590895,1.007563510987132,-0.0010095554871340047,0.47404017883102767,0.541931864291544,0.0001786025186809198,0.8193379607032348,0.535430747096424,-0.000701543140670792,1.3258617805427635,0.995476588445648,-0.0008360899751695228,24.0,0.0,0.1963720997990193,0.4740875012121519,0.2620415701690092
1.058,0.0,0.0,0.06010557746166771,1.0718498668640244,0.002541848421074343,0.5274956342060333,0.4167801242175307,-0.0002653514972467348,0.07246241392871888,0.4085672451011717,0.0008482359464594947,0.5059478488235416,1.0507284820475895,0.0013726977695098315,0.1834448365894964,0.40366599511476886,0.0005797673092414231,-0.44290604586398863,0.5694657766161442,0.0025354538504899584,0.24138105680204433,1.0381237443450522,0.0020210093005163026,0.17969924944239143,0.5582441436435245,0.0009476257908311461,0.35802297273131667,0.5515473412584858,0.0005162512168345124,0.9342366854446745,0.5528255934000229,-0.000936463256204508,1.5272282318894774,1.0278172083087143,-0.0012527278261408664,1.406654967771196,1.007563510987132,-0.001003662227679894,0.4776041395995048,0.541931864291544,0.00016972921365129097,0.8226110375634359,0.535430747096424,-0.0007097680340170271,1.321791327770961,0.995476588445648,-0.0008259629802427887,24.0,0.0,0.19664123211542137,0.4745570349075524,0.26234176126432396
1.06,0.0,0.0,0.06514244066493093,1.0718498668640244,0.002529360723505892,0.5320254711461132,0.4167801242175307,-0.0002767887749712565,0.07567471255229184,0.4085672451011717,0.0008402620779311321,0.5102597700658771,1.0507284820475895,0.0013619515830601199,0.195107559233747,0.40366599511476886,0.0005505528963131812,-0.44102820042325686,0.5694657766161442,0.0025309295562003322,0.25306147118713285,1.0381237443450522,0.0019918567188575197,0.18019923815865452,0.5582441436435245,0.0009463622355028326,0.3710046175614229,0.5515473412584858,0.0004838109213179229,0.9410641837880477,0.5528255934000229,-0.000953527730111629,1.5255282509337345,1.0278172083087143,-0.001248527558951908,1.4042655987472492,1.007563510987132,-0.00099772864196016,0.48118268267114284,0.541931864291544,0.0001608193117300981,0.8258670328056558,0.535430747096424,-0.0007179507261675297,1.3177016027837116,0.995476588445648,-0.0008157868483132825,24.0,0.0,0.19691036443182344,0.47502656860295295,0.2626419523596387
1.062,0.0,0.0,0.07022107054700155,1.0718498668640244,0.0025167685654977337,0.536510091306682,0.4167801242175307,-0.0002881133673214563,0.07890964239383295,0.4085672451011717,0.0008322313313721997,0.5145855779210207,1.0507284820475895,0.001351171779954281,0.20674640498221625,0.40366599511476886,0.0005213960897025547,-0.43908214528480344,0.5694657766161442,0.0025262349425985028,0.26476093022905267,1.0381237443450522,0.001962655682894798,0.18069429757867708,0.5582441436435245,0.0009451122637121749,0.3839908943078657,0.5515473412584858,0.0004513568092426573,0.9478930613396341,0.5528255934000229,-0.000970596475970062,1.5238086306610679,1.0278172083087143,-0.0012442776065625504,1.4018604912293906,1.007563510987132,-0.0009917552194002933,0.4847757500362773,0.541931864291544,0.00015187295405100305,0.8291057466745442,0.535430747096424,-0.0007260907142730794,1.3135929894690779,0.995476588445648,-0.000805562535845159,24.0,0.0,0.19717949674822552,0.4754961022983535,0.2629421434549535
1.064,0.0,0.0,0.07534144621119108,1.0718498668640244,0.002504071990792557,0.540949356619892,0.4167801242175307,-0.0002993249177228784,0.0821670814597208,0.4085672451011717,0.0008241440067683469,0.5189257090871985,1.0507284820475895,0.0013403572603164222,0.2183605446223903,0.40366599511476886,0.0004922989753313816,-0.43706780368837767,0.5694657766161442,0.002521369804752369,0.2764790961349473,1.0381237443450522,0.0019334070352899988,0.18118493288991494,0.5582441436435245,0.0009438746151621185,0.3969809077757962,0.5515473412584858,0.0004188911173765503,0.9547229881166257,0.5528255934000229,-0.0009876686698490282,1.522069607311191,1.0278172083087143,-0.001239978555880884,1.3994398419165595,1.007563510987132,-0.0009857424506056467,0.48838328212609694,0.541931864291544,0.00014289028563816683,0.8323269808189829,0.535430747096424,-0.0007341874989453004,1.3094658729850963,0.995476588445648,-0.0007952910025585747,24.0,0.0,0.1974486290646276,0.475965635993754,0.26324233455026824
1.066,0.0,0.0,0.08050354335850324,1.0718498668640244,0.0024912710516320834,0.5453431335844572,0.4167801242175307,-0.0003104230810059032,0.08544690576356812,0.4085672451011717,0.0008160004091036273,0.523280596874122,1.0507284820475895,0.0013295069324009777,0.22994915424544918,0.40366599511476886,0.00046326362623094644,-0.4349851040968232,0.5694657766161442,0.0025163339507613047,0.28821563041265663,1.0381237443450522,0.0019041116205252622,0.18167165027977059,0.5582441436435245,0.0009426480268840239,0.409973762358524,0.5515473412584858,0.00038641608370672406,0.9615536337479501,0.5528255934000229,-0.001004743486791507,1.5203114185836142,1.0278172083087143,-0.001235630997506192,1.3970038479494378,1.007563510987132,-0.0009796908273235689,0.49200521780995093,0.541931864291544,0.0001338714554136178,0.8355305383118024,0.535430747096424,-0.0007422405843063973,1.3053206397272332,0.995476588445648,-0.0007849732113486208,24.0,0.0,0.19771776138102967,0.47643516968915456,0.263542525645583
1.068,0.0,0.0,0.08570733428545198,1.0718498668640244,0.0024783658087638026,0.5496912932699232,0.4167801242175307,-0.0003214075234173162,0.08874898933286485,0.4085672451011717,0.000807800848344009,0.5276506710690384,1.0507284820475895,0.0013186197129336687,0.24151141539088433,0.40366599511476886,0.0004342921021732992,-0.4328339802060466,0.5694657766161442,0.002511127201782418,0.2999701938996095,1.0381237443450522,0.0018747702848309889,0.18215495686662317,0.5582441436435245,0.0009414312334093847,0.4229685621135185,0.5515473412584858,0.0003539339472499045,0.9683846674964782,0.5528255934000229,-0.001021820100869818,1.518534303620745,1.0278172083087143,-0.0012312355256872498,1.3945527068954888,1.007563510987132,-0.0009736008424057646,0.49564149439291233,0.541931864291544,0.00012481661620398278,0.8387162236693201,0.535430747096424,-0.0007502494780384459,1.301157677295723,0.995476588445648,-0.0007746101282039631,24.0,0.0,0.19798689369743175,0.4769047033845551,0.26384271674089776
1.07,0.0,0.0,0.0909527878823883,1.0718498668640244,0.002465356331446431,0.5539937113205837,0.4167801242175307,-0.0003322779226309812,0.09207320421566757,0.4085672451011717,0.0007995456394207671,0.5320363578052743,1.0507284820475895,0.001307694527446378,0.253046515188197,0.40366599511476886,0.00040538644930971133,-0.43061437095444544,0.5694657766161442,0.002505749392055477,0.3117424467917991,1.0381237443450522,0.0018453838761136065,0.182635360630585,0.5582441436435245,0.0009402229669422533,0.435964410838529,0.5515473412584858,0.00032144694786241825,0.9752157582812044,0.5528255934000229,-0.0010388976852411384,1.5167385029907698,1.0278172083087143,-0.001226792738280077,1.3920866167340917,1.007563510987132,-0.0009674729897708922,0.4992920476135982,0.541931864291544,0.00011572592474657931,0.8418838428706986,0.535430747096424,-0.0007582136914322402,1.296977374462791,0.995476588445648,-0.0007642027221251874,24.0,0.0,0.19825602601383382,0.47737423707995563,0.2641429078362125
1.072,0.0,0.0,0.0962398696323318,1.0718498668640244,0.0024522426974540905,0.5582502679590496,0.4167801242175307,-0.0003430339677576326,0.09541942048733441,0.4085672451011717,0.0007912351022137604,0.5364380794333311,1.0507284820475895,0.0012967303106057881,0.26455364649561636,0.40366599511476886,0.0003765486998164297,-0.42832622053179586,0.5694657766161442,0.002500200368926474,0.32353204867284047,1.0381237443450522,0.0018159532438831328,0.18311337034399391,0.5582441436435245,0.0009390219575323487,0.4489604121478139,0.5515473412584858,0.00028895732604989206,0.9820465746993976,0.5528255934000229,-0.0010559754122029539,1.514924258670316,1.0278172083087143,-0.0012223032367051389,1.3896057758417737,1.007563510987132,-0.0009613077643673996,0.5029568116422475,0.541931864291544,0.00010659954169486466,0.845033203377121,0.535430747096424,-0.0007661327394356865,1.2927801211397658,0.995476588445648,-0.0007537519650428576,24.0,0.0,0.1985251583302359,0.47784377077535617,0.2644430989315273
1.074,0.0,0.0,0.10156854161030315,1.0718498668640244,0.0024390249930792314,0.5624608479894745,0.4167801242175307,-0.0003536753593537974,0.09878750625730476,0.4085672451011717,0.0007828695615345932,0.540856254394587,1.0507284820475895,0.001285726006535646,0.276032008035782,0.40366599511476886,0.0003477808715478813,-0.42596947838759647,0.5694657766161442,0.00249447999286985,0.33533865854310907,1.0381237443450522,0.0017864792391805292,0.1835894955016511,0.5582441436435245,0.0009378269332488265,0.4619556695484714,0.5515473412584858,0.00025646732277667976,0.9888767850487206,0.5528255934000229,-0.0010730524532484367,1.513091814026895,1.0278172083087143,-0.0012177676259040044,1.387110382977543,1.007563510987132,-0.0009551056621366045,0.5066357190790578,0.541931864291544,9.743763162324143e-05,0.8481641141507815,0.535430747096424,-0.0007740061407017424,1.2885663083440813,0.995476588445648,-0.0007432588317352945,24.0,0.0,0.19879429064663798,0.4783133044707567,0.26474329002684205
1.076,0.0,0.0,0.10693876248315326,1.0718498668640244,0.002425703313134303,0.5666253408004407,0.4167801242175307,-0.0003642018094298595,0.1021773276759231,0.4085672451011717,0.0007744493471096674,0.5452912970976564,1.0507284820475895,0.0012746805691325064,0.28748080452833724,0.40366599511476886,0.0003190849676974672,-0.42354409923886893,0.5694657766161442,0.0024885881375093515,0.3471619348489598,1.0381237443450522,0.0017569627145048578,0.1840642462508139,0.5582441436435245,0.0009366366203546834,0.4749492865168607,0.5515473412584858,0.00022397917927503605,0.9957060573493165,0.5528255934000229,-0.0010901279791217442,1.5112414138011256,1.0278172083087143,-0.0012131865142954517,1.3846006372683237,1.007563510987132,-0.0009488671799760279,0.5103287009527818,0.541931864291544,8.824036303121563e-05,0.8512763856736916,0.535430747096424,-0.0007818334176358938,1.2843363281661715,0.995476588445648,-0.0007327242997460831,24.0,0.0,0.19906342296304005,0.47878283816615724,0.2650434811221568
1.078,0.0,0.0,0.11235048750988508,1.0718498668640244,0.002412277760952178,0.5707436403675118,0.4167801242175307,-0.000374613041457275,0.10558874894130654,0.4085672451011717,0.0007659747935631216,0.5497436177974568,1.0507284820475895,0.0012635929623748326,0.29889924681938673,0.40366599511476886,0.00029046297646607907,-0.42105004307741467,0.5694657766161442,0.0024825246896375327,0.3590015355120256,1.0381237443450522,0.0017274045237402307,0.18453813332095353,0.5582441436435245,0.0009354497434817765,0.48794036657510564,0.5515473412584858,0.0001914951368540628,1.0025340593658598,0.5528255934000229,-0.001107201159873234,1.5093733040887392,1.0278172083087143,-0.0012085605137310284,1.3820767381944934,1.007563510987132,-0.0009425928157029795,0.5140356867195837,0.541931864291544,7.900790834690557e-05,0.854369829966296,0.535430747096424,-0.0007896140964431689,1.2800905737362627,0.995476588445648,-0.0007221493493013087,24.0,0.0,0.19933255527944213,0.4792523718615578,0.26534367221747157
1.08,0.0,0.0,0.1178036685424638,1.0718498668640244,0.0023987484483853484,0.5748156452554539,0.4167801242175307,-0.00038490879037495276,0.10902163230625553,0.4085672451011717,0.0007574462403996629,0.5542136224770277,1.0507284820475895,0.0012524621606253316,0.3102865520077736,0.40366599511476886,0.0002619168707384553,-0.4184872751765284,0.5694657766161442,0.002476289549233897,0.370857117958595,1.0381237443450522,0.0016978055220825663,0.1850116679532873,0.5582441436435245,0.0009342650258064274,0.5009280133676712,0.5515473412584858,0.00015901743670845042,1.009360458629569,0.5528255934000229,-0.0011242711649145922,1.5074877323223639,1.0278172083087143,-0.0012038902394500622,1.379538885575528,1.007563510987132,-0.0009362830680184037,0.517756604262156,0.541931864291544,6.974044392990097e-05,0.8574442606059006,0.535430747096424,-0.0007973477071746798,1.2758294391910618,0.995476588445648,-0.0007115349632265366,24.0,0.0,0.1996016875958442,0.4797219055569583,0.26564386331278633
1.082,0.0,0.0,0.12329825402711111,1.0718498668640244,0.0023851154958039016,0.5788412586201316,0.4167801242175307,-0.0003950888025948081,0.11247583808520732,0.4085672451011717,0.0007488640319872905,0.5587017127321444,1.0507284820475895,0.0012412871489264046,0.32164194356813747,0.40366599511476886,0.00023344860776748814,-0.4158557660971697,0.5694657766161442,0.0024698826294816813,0.38272833914906734,1.0381237443450522,0.0016681665659661429,0.1854853618300958,0.5582441436435245,0.0009330811892255931,0.5139113307380034,0.5515473412584858,0.00012654831972703644,1.0161849224601813,0.5528255934000229,-0.0011413371630738653,1.5055849472530918,1.0278172083087143,-0.0011991763100341242,1.3769872795557532,1.007563510987132,-0.00092993843647099,0.5214913798890991,0.541931864291544,6.04381500734702e-05,0.860499492744909,0.535430747096424,-0.0008050337837736915,1.2715533196403477,0.995476588445648,-0.0007008821268635345,24.0,0.0,0.19987081991224628,0.48019143925235885,0.2659440544081011
1.084,0.0,0.0,0.12883418900607918,1.0718498668640244,0.002371379032092283,0.5828203882100804,0.4167801242175307,-0.00040515283600650224,0.11595122466123224,0.4085672451011717,0.000740228517539911,0.5632082856587683,1.0507284820475895,0.0012300669232886128,0.3329646514707171,0.40366599511476886,0.00020506012886657848,-0.4131554916935941,0.5694657766161442,0.0024633038567832845,0.39461485560748577,1.0381237443450522,0.0016384885129899622,0.18595972700383484,0.5582441436435245,0.0009318969545335717,0.5268894228052227,0.5515473412584858,9.409002630120594e-05,1.0230071179878852,0.5528255934000229,-0.0011583983226503961,1.5036651989318257,1.0278172083087143,-0.0011944193473609438,1.374422120590206,1.007563510987132,-0.0009235594214215532,0.5252399383345613,0.541931864291544,5.110121100611237e-05,0.8635353431288649,0.535430747096424,-0.0008126718641212125,1.2672626111334646,0.995476588445648,-0.0006901918279867492,24.0,0.0,0.20013995222864836,0.4806609729477594,0.26624424550341586
1.086,0.0,0.0,0.13441141511989985,1.0718498668640244,0.0023575391946448632,0.5867529463677624,0.4167801242175307,-0.00041510065998137435,0.11944764849307224,0.4085672451011717,0.0007315400510998487,0.5677337337433671,1.0507284820475895,0.0012188004909720529,0.3442539122978675,0.40366599511476886,0.00017675335911012947,-0.4103864331184469,0.5694657766161442,0.002456553170774346,0.40651632345114613,1.0381237443450522,0.0016087722218439161,0.18643527582605238,0.5582441436435245,0.0009307110415992241,0.5398613940408621,0.5515473412584858,6.164479613315787e-05,1.0298267121752094,0.5528255934000229,-0.001175453811469656,1.501728738690408,1.0278172083087143,-0.0011896199765577787,1.3718436094306068,1.007563510987132,-0.0009171465240076854,0.5290022027581416,0.541931864291544,4.172981489245692e-05,0.8665516301143015,0.535430747096424,-0.0008202614900811023,1.2629577106257233,0.995476588445648,-0.0006794650567195415,24.0,0.0,0.20040908454505044,0.4811305066431599,0.2665444365987306
1.088,0.0,0.0,0.14002987061010477,1.0718498668640244,0.0023435961293603114,0.5906388500305062,0.4167801242175307,-0.0004249320553755794,0.122964964122222,0.4085672451011717,0.0007227989915202488,0.5722784447561411,1.0507284820475895,0.0012074868707605561,0.3555089693572641,0.40366599511476886,0.0001485302070422534,-0.4075485768273215,0.5694657766161442,0.002449630524336478,0.4184323984202818,1.0381237443450522,0.001579018552234765,0.18691252087612115,0.5582441436435245,0.0009295221695436803,0.5528263493456405,0.5515473412584858,2.9214868044059316e-05,1.036643371838868,0.5528255934000229,-0.0011925027969379662,1.4997758191225306,1.0278172083087143,-0.001184778825954234,1.3692519471114435,1.007563510987132,-0.0009107002461086872,0.5327780947450551,0.541931864291544,3.232415383350617e-05,0.8695481736863934,0.535430747096424,-0.0008278022075446937,1.2586390159447105,0.995476588445648,-0.0006687028054501882,24.0,0.0,0.2006782168614525,0.48160004033856046,0.2668446276940454
1.09,0.0,0.0,0.14568949032241163,1.0718498668640244,0.0023295499906347992,0.5944780207311359,0.4167801242175307,-0.0004346468145324388,0.12650302418005246,0.4085672451011717,0.0007140057024473742,0.5768428016471854,1.0507284820475895,0.0011961250932286211,0.3667290727917708,0.40366599511476886,0.00012039256439376186,-0.4046419145827869,0.5694657766161442,0.002442535883608664,0.43036273590782315,1.0381237443450522,0.001549228364811926,0.18739197488979714,0.5582441436435245,0.0009283290569185084,0.5657833941262602,0.5515473412584858,-3.197520217886607e-06,1.0434567636715575,0.5528255934000229,-0.0012095444460971125,1.4978066940644288,1.0278172083087143,-0.0011798965270345407,1.3666473349361716,1.007563510987132,-0.0009042210903107789,0.5365675343065609,0.541931864291544,2.288442386622236e-05,0.8725247954764119,0.535430747096424,-0.0008352935664749234,1.254306925756511,0.995476588445648,-0.0006579060687476562,24.0,0.0,0.2009473491778546,0.482069574033961,0.26714481878936014
1.092,0.0,0.0,0.151390205710372,1.0718498668640244,0.002315400941354032,0.5982703845982928,0.4167801242175307,-0.00044424474128401296,0.13006167939497684,0.4085672451011717,0.0007051605523027981,0.5814271824456154,1.0507284820475895,0.0011847142010010104,0.37791347968595385,0.40366599511476886,9.234230580749514e-05,-0.4016664434578884,0.5694657766161442,0.0024352692279973275,0.44230699098923126,1.0381237443450522,0.0015194025210930725,0.18787415068761468,0.5582441436435245,0.0009271304218843184,0.578731634372221,0.5515473412584858,-3.5590132169436016e-05,1.0502665542637055,0.5528255934000229,-0.0012265779256788365,1.4958216185753554,1.0278172083087143,-0.0011749737143892864,1.3640299744635291,1.007563510987132,-0.0008977095598725992,0.5403704398806525,0.541931864291544,1.3410824962457879e-05,0.8754813187789805,0.535430747096424,-0.0008427351209499698,1.249961839531843,0.995476588445648,-0.0006470758432771573,24.0,0.0,0.20121648149425667,0.48253910772936154,0.2674450098846749
1.094,0.0,0.0,0.1571319448394763,1.0718498668640244,0.002301149152884131,0.6020158723564533,0.4167801242175307,-0.0004537256509519054,0.13364077859965967,0.4085672451011717,0.0006962639142654872,0.5860319601616814,1.0507284820475895,0.0011732532490049353,0.3890614541692262,0.40366599511476886,6.438128857203754e-05,-0.39862216583912513,0.5694657766161442,0.0024278305501850813,0.45426481845240446,1.0381237443450522,0.0014895418833895525,0.1883595611031286,0.5582441436435245,0.0009259249823897744,0.5916701767326391,0.5515473412584858,-6.79607327843379e-05,1.0570724101251694,0.5528255934000229,-0.0012436024021592067,1.4938208489178402,1.0278172083087143,-0.001170011025666603,1.3614000674939677,1.007563510987132,-0.0008911661586909931,0.5441867283330113,0.541931864291544,3.9035610272289415e-06,0.8784175685691302,0.535430747096424,-0.0008501264292063912,1.2456041575121135,0.995476588445648,-0.0006362131277154875,24.0,0.0,0.20148561381065874,0.4830086414247621,0.26774520097998966
1.096,0.0,0.0,0.16291463239171064,1.0718498668640244,0.00228679480506137,0.6057144193256442,0.4167801242175307,-0.00046308937034730645,0.1372401687382687,0.4085672451011717,0.00068731616625378,0.5906575026918913,1.0507284820475895,0.0011617413047147703,0.4001722675156119,0.40366599511476886,3.651135236385661e-05,-0.39550908942891155,0.5694657766161442,0.0024202198561381733,0.46623587282765744,1.0381237443450522,0.0014596473147316191,0.1888487189110147,0.5582441436435245,0.0009247114563509898,0.6045981285930628,0.5515473412584858,-0.00010030708868538324,1.0638739977068814,0.5528255934000229,-0.0012606170418128662,1.4918046425377307,1.0278172083087143,-0.0011650091015228147,1.3587578160562046,1.007563510987132,-0.0008845913912670895,0.5480163149582228,0.541931864291544,-5.637160103668104e-06,0.8813333715191527,0.535430747096424,-0.0008574670536817655,1.2412342806753915,0.995476588445648,-0.0006253189226661638,24.0,0.0,0.20175474612706082,0.4834781751201626,0.2680453920753044
1.098,0.0,0.0,0.16873818967056167,1.0718498668640244,0.0022723380861807843,0.6093659654208619,0.4167801242175307,-0.0004723357377702837,0.14085969487377054,0.4085672451011717,0.0006783176909072575,0.5953041727271646,1.0507284820475895,0.0011501774483892455,0.4112451982401231,0.40366599511476886,8.734318997892371e-06,-0.3923272272475268,0.5694657766161442,0.002412437165112639,0.47821980841777156,1.0381237443450522,0.0014297196787934868,0.18934213675503903,0.5582441436435245,0.0009234885618312744,0.6175145981522742,0.5515473412584858,-0.00013262696833644255,1.0706709834224415,0.5528255934000229,-0.0012776210107671463,1.4897732580440208,1.0278172083087143,-0.0011599685855725411,1.3561034223938935,1.007563510987132,-0.0008779857626726817,0.551859113481255,0.541931864291544,-1.5211126666696828e-05,0.8842285560152506,0.535430747096424,-0.0008647565610568217,1.236852610702306,0.995476588445648,-0.0006143942305743589,24.0,0.0,0.2020238784434629,0.48394770881556315,0.2683455831706192
1.1,0.0,0.0,0.1746025346064636,1.0718498668640244,0.002257779192983657,0.6129704551511947,0.4167801242175307,-0.0004814646030083279,0.14449920019527024,0.4085672451011717,0.0006692688755685029,0.5999723276640287,1.0507284820475895,0.0011385607733010621,0.42227953219174724,0.40366599511476886,-1.8948007813385652e-05,-0.3890765976345592,0.5694657766161442,0.0024044825096591776,0.4902162793281158,1.0381237443450522,0.0013997598398182015,0.18984032707590695,0.5582441436435245,0.0009222550172212137,0.6304186944990665,0.5515473412584858,-0.00016491814223447087,1.077463033669653,0.5528255934000229,-0.0012946134750560464,1.487726955188461,1.0278172083087143,-0.0011548901243382665,1.3534370889524168,1.007563510987132,-0.0008713497785169039,0.5557150360591998,0.541931864291544,-2.481812297427749e-05,0.8871029521739828,0.535430747096424,-0.0008719945222970666,1.2324595499418691,0.995476588445648,-0.0006034400556416447,24.0,0.0,0.20229301075986497,0.4844172425109637,0.26864577426593395
