t,ncon,contact_force_total,q_joint_0,qref_joint_0,tau_joint_0,q_joint_6,qref_joint_6,tau_joint_6,q_joint_7,qref_joint_7,tau_joint_7,q_joint_1,qref_joint_1,tau_joint_1,q_joint_8,qref_joint_8,tau_joint_8,q_joint_9,qref_joint_9,tau_joint_9,q_joint_2,qref_joint_2,tau_joint_2,q_joint_10,qref_joint_10,tau_joint_10,q_joint_11,qref_joint_11,tau_joint_11,q_joint_3,qref_joint_3,tau_joint_3,q_joint_12,qref_joint_12,tau_joint_12,q_joint_13,qref_joint_13,tau_joint_13,q_joint_4,qref_joint_4,tau_joint_4,q_joint_5,qref_joint_5,tau_joint_5,q_joint_14,qref_joint_14,tau_joint_14,input_sigma_close,input_sigma_diff,object_fixed_horizontal_cylinder_radius2p5_x,object_fixed_horizontal_cylinder_radius2p5_y,object_fixed_horizontal_cylinder_radius2p5_z
0.0,49.0,275.84522833633685,0.0,0.0,0.0,0.0,0.0,0.0,0.0,0.0,0.0,0.0,0.0,0.0,0.0,0.0,0.0,0.0,0.0,0.0,0.0,0.0,0.0,0.0,0.0,0.0,0.0,0.0,0.0,0.0,0.0,0.0,0.0,0.0,0.0,0.0,0.0,0.0,0.0,0.0,0.0,0.0,0.0,0.0,0.0,0.0,0.0,0.0,0.0,0.075,0.185,0.115
0.002,48.0,374.77781502035873,-0.0028139304900600586,0.0,0.0,0.0018234297364807714,0.0,0.0,0.0020364724822874427,0.0,0.0,-0.0028276552491924354,0.0,0.0,0.0017433386019006624,0.0,0.0,0.0023563450993815457,0.0,0.0,-0.0028174910589378963,0.0,0.0,0.0017666212326067259,0.0,0.0,0.0022631287890670796,0.0,0.0,-0.0028185734367721297,0.0,0.0,0.0017665277296908886,0.0,0.0,0.0021215580031804845,0.0,0.0,0.0,0.0,0.0,0.0,0.0,0.0,0.0,0.0,0.0,0.0,0.0,0.075,0.185,0.115
0.004,48.0,210.52750338634974,-0.010504500947481689,0.0019395378543253779,1.9013873377541745e-05,0.006664539362022003,0.0007541735581079128,-4.277024713491435e-06,0.0076745290945238595,0.0007393121578021203,-5.18864129794129e-06,-0.010537540431863465,0.001901318205609924,1.891589381920944e-05,0.006416607948088934,0.0007304432292552962,-4.051581490581465e-06,0.008890064267868127,0.00103046188149588,-5.303532871542662e-06,-0.010510516124111524,0.0018785096326243804,1.8784002766249108e-05,0.0072734207278741135,0.0010101560694501873,-3.0258606526261544e-06,0.009196832857881285,0.000998038046086784,-5.0603629719211825e-06,-0.010513273174066294,0.0010003510737714703,1.5275698042174402e-05,0.006565417982943523,0.0018598597102729116,3.7332792232809207e-07,0.00788503593097403,0.0018232101627386201,-1.1933913617674574e-06,7.865346869929989e-10,0.000980638611575175,3.922554446300701e-06,1.800819787560727e-09,0.0009688746852221007,3.875498740888403e-06,8.877325219351987e-08,0.0018013385886159346,7.2053543544637386e-06,0.043428571428571434,0.0,0.075,0.185,0.115
0.006,48.0,183.97455774384636,-0.02213954254379113,0.0038790757086507558,5.753430662452978e-05,0.01379687702774217,0.0015083471162158255,-2.0624768983224714e-05,0.016879615178742223,0.0014786243156042407,-2.4783619115678473e-05,-0.02216844062093349,0.003802636411219848,5.7360707372333255e-05,0.01336757966588455,0.0014608864585105923,-1.982288595831337e-05,0.01884415383498287,0.00206092376299176,-2.7316562019505466e-05,-0.02210446843325839,0.003757019265248761,5.7070141557441144e-05,0.015039670950086393,0.0020203121389003745,-2.1012434355894956e-05,0.019429519177653023,0.001996076092173568,-2.8803027062830867e-05,-0.022116399727615477,0.0020007021475429406,5.005590128643694e-05,0.013690399388137686,0.0037197194205458232,-1.13827942495908e-05,0.01680285745902202,0.0036464203254772403,-1.6954462421987164e-05,3.932984691571828e-09,0.00196127722315035,7.845105746462653e-06,9.005361174811948e-09,0.0019377493704442015,7.750990278497655e-06,4.438610355581821e-07,0.0036026771772318692,1.4410353615918703e-05,0.08685714285714287,0.0,0.075,0.185,0.115
0.008,49.0,158.3432798732523,-0.03685234544936626,0.005818613562976133,0.00011183262442706903,0.022505510056466303,0.002262520674323738,-4.613742541367373e-05,0.029052503668713217,0.0022179364734063608,-5.864671482134345e-05,-0.0368685503460925,0.005703954616829771,0.00011148958095105305,0.021894988904199608,0.002191329687765888,-4.470499991247465e-05,0.03186920054717582,0.0030913856444876402,-6.301107276198093e-05,-0.03678150542551645,0.00563552889787314,0.00011095998932452613,0.024401738946869506,0.0030304682083505613,-4.803681096694333e-05,0.03267338180825473,0.0029941141382603515,-6.574162015757069e-05,-0.03680879971355666,0.00300105322131441,0.00010046981179571956,0.022446550021238465,0.005579579130818734,-3.2443281029275806e-05,0.02866050127110822,0.00546963048821586,-4.533290788322464e-05,1.101397567207066e-08,0.0029419158347255246,1.1767647606963333e-05,2.522157478434758e-08,0.0029066240556663014,1.1626460201220507e-05,1.2427837277633382e-06,0.0054040157658478034,2.161428761924898e-05,0.13028571428571428,0.0,0.075,0.185,0.115
0.01,49.0,146.4648706905733,-0.0539281168607528,0.0077581514173015115,0.0001784419874666711,0.03210904708952564,0.003016694232431651,-7.795526329613862e-05,0.04415670031509109,0.0029572486312084813,-0.00010438102015001894,-0.05394586168300573,0.007605272822439696,0.0001778952926741288,0.03149665106906887,0.0029217729170211847,-7.58928639487137e-05,0.04729278345408008,0.00412184752598352,-0.0001109894120847692,-0.05384162199751001,0.007514038530497522,0.00017718217582405587,0.03484437960805905,0.004040624277800749,-8.144445867627504e-05,0.04830300945890087,0.003992152184347136,-0.00011472491849563036,-0.053910830273283306,0.004001404295085881,0.00016324081603457017,0.032298930772548196,0.0074394388410916465,-6.002844472058727e-05,0.0430245031540303,0.0072928406509544805,-8.547064248061497e-05,2.3606623348874564e-08,0.0039225544463007,1.569017372930011e-05,5.4067508171856765e-08,0.003875498740888403,1.5501894077254475e-05,2.6630199055087664e-06,0.0072053543544637385,2.8816446282943902e-05,0.17371428571428574,0.0,0.075,0.185,0.115
0.012,49.0,118.92558223744993,-0.07281079291029521,0.009697689271626888,0.00025450322452951873,0.04225284808125052,0.0037708677905395637,-0.0001133527171959443,0.061496320670852554,0.0036965607890106014,-0.00016184055810432196,-0.07280481910595947,0.00950659102804962,0.0002538098108442214,0.04166758139976545,0.0036522161462764807,-0.00011137773969116956,0.06482529848560169,0.005152309407479401,-0.00016856189618640272,-0.07269848965278494,0.009392548163121902,0.0002529366806425277,0.045848750106751636,0.005050780347250936,-0.00011917439704323246,0.0660293457688711,0.00499019023043392,-0.0001732512769138678,-0.07282170847718084,0.005001755368857351,0.00023565034256856264,0.042772057800595474,0.009299298551364557,-9.199852888473456e-05,0.059401540267334185,0.0091160508136931,-0.0001356338093613488,4.329177855448212e-08,0.004903193057875875,1.9612677805010108e-05,9.917635229802327e-08,0.0048443734261105036,1.9377277434409326e-05,4.881985448815971e-06,0.009006692943079674,3.6016119692696654e-05,0.21714285714285717,0.0,0.075,0.185,0.115
0.014,47.0,94.53713602912995,-0.09299692290234249,0.011637227125952266,0.00033779208014498994,0.05271505748774822,0.004525041348647476,-0.0001509112269304122,0.08027404350814936,0.0044358729468127215,-0.00022824179089615934,-0.09297066719130193,0.011407909233659542,0.00033685091335847607,0.05219144901182274,0.004382659375531776,-0.0001491396880969347,0.08375602284022154,0.0061827712889752804,-0.00023457010878650565,-0.0928567823632246,0.01127105779574628,0.00033587818979412487,0.05706237453132275,0.006060936416701123,-0.00015915125476020206,0.08548864012242238,0.005988228276520703,-0.00024016446996940157,-0.09302959752483345,0.00600210644262882,0.0003152952596792386,0.0534443456778186,0.011159158261637468,-0.00012645159815583202,0.0774916083262723,0.01093926097643172,-0.00019384911716360988,7.165527230978655e-08,0.005883831669451049,2.353515351068998e-05,1.6420148524943213e-07,0.005813248111332603,2.325259573992122e-05,8.077012651906753e-06,0.010808031531695607,4.3212598184987166e-05,0.26057142857142856,0.0,0.075,0.185,0.115
0.016,49.0,65.25886717460142,-0.11405101960464983,0.013576764980277642,0.00042629475153048056,0.06319967080437244,0.005279214906755389,-0.00018974337032397133,0.10017122336469139,0.005175185104614842,-0.00030039543361413804,-0.11403230153729246,0.013309227439269466,0.00042511957852228553,0.06282029454173983,0.005113102604787072,-0.00018831338562814266,0.10371509250684706,0.00721323317047116,-0.0003061711586790015,-0.11390417918214685,0.013149567428370661,0.00042402539916638107,0.06832400174749796,0.0070710924861513095,-0.00019996512818068577,0.10604985152435761,0.006986266322607487,-0.0003140094951992596,-0.11412038879070781,0.007002457516400291,0.0004001282201649349,0.06424526352842228,0.01301901797191038,-0.00016170131082363288,0.09673853677532336,0.01276247113917034,-0.00025891654874840786,1.1028916093697928e-07,0.006864470281026224,2.745759450301566e-05,2.5282151210861105e-07,0.006782122796554704,2.712783438027782e-05,1.2425329343303028e-05,0.01260937012031154,5.0405172430638537e-05,0.304,0.0,0.075,0.185,0.115
0.018000000000000002,53.0,40.11766384423818,-0.1356437829159394,0.015516302834603023,0.0005182692897570115,0.07363386420860986,0.006033388464863302,-0.00022866512935803656,0.12072673583466567,0.005914497262416963,-0.0003770269044090977,-0.1356308784800973,0.015210545644879392,0.0005169713887286874,0.07333494389621902,0.005843545834042369,-0.00022790699483078987,0.12442080967535327,0.00824369505196704,-0.0003818855898195201,-0.13549377300231516,0.015028077060995043,0.0005157290249725676,0.07946792690493718,0.008081248555601498,-0.00024097101276758588,0.12735978701945624,0.007984304368694272,-0.0003922621886226534,-0.13575058366607112,0.008002808590171762,0.0004884927895235183,0.07492503331885476,0.014878877682183293,-0.00019746554338495592,0.1167703031141359,0.014585681301908961,-0.0003286114218936576,1.607929712193865e-07,0.0078451088926014,3.137999441376185e-05,3.6874529987391625e-07,0.007750997481776806,3.100297864105879e-05,1.8104038017780826e-05,0.014410708708927477,5.75931335183367e-05,0.3474285714285715,0.0,0.075,0.185,0.115
0.02,52.0,16.645635850666228,-0.15750958106324364,0.0174558406889284,0.0006123984944194712,0.08396717135900332,0.006787562022971215,-0.0002673852087425546,0.14162448332657657,0.006653809420219083,-0.0004562917056577864,-0.15749096832748308,0.017111863850489316,0.0006109709693223465,0.08372573731049512,0.006573989063297665,-0.0002670438193316854,0.14549334335906705,0.009274156933462922,-0.0004605866109675614,-0.15735167780649634,0.016906586693619424,0.0006096014387837383,0.09036976852104517,0.009091404625051685,-0.00028150608911954193,0.14916281600407333,0.008982342414781056,-0.00047350977841870075,-0.15763274969314875,0.009003159663943232,0.0005790149733200575,0.08543236005129909,0.016738737392456203,-0.00023274518370559424,0.13721172632145529,0.01640889146464758,-0.0004014456465979533,2.2477494561842507e-07,0.008825747504176576,3.530234684482143e-05,5.157170063307491e-07,0.008719872166998906,3.487801368679613e-05,2.5290094982810032e-05,0.01621204729754341,6.477577303810251e-05,0.3908571428571429,0.0,0.075,0.185,0.115
0.022,52.0,0.614529214625829,-0.17944566046801147,0.019395378543253777,0.0007076198384259896,0.09420064344949916,0.0075417355810791275,-0.0003057017431116968,0.16265122064818208,0.007393121578021203,-0.0005369254469942215,-0.17940759921847435,0.01901318205609924,0.0007060166015343292,0.09403332732281873,0.0073044322925529615,-0.00030568522007176863,0.1666682305778911,0.010304618814958802,-0.0005407548981764329,-0.17927558479063974,0.018785096326243804,0.0007045470965309606,0.10109049794224884,0.010101560694501872,-0.0003210728313061732,0.17116362905341712,0.00998038046086784,-0.0005567297421728221,-0.1795648002309174,0.010003510737714702,0.0006705450417234537,0.09581611646420607,0.018598597102729115,-0.0002673350517942799,0.15778548599575737,0.0182321016273862,-0.00047591849877627634,3.0385328755770907e-07,0.00980638611575175,3.922464536322453e-05,6.975211017765612e-07,0.009688746852221007,3.8752924540858704e-05,3.4160289522109735e-05,0.018013385886159347,7.195238316470615e-05,0.43428571428571433,0.0,0.075,0.185,0.115
0.024,53.0,0.0,-0.20136764414196168,0.021334916397579153,0.0008031223074623625,0.10441014313047542,0.00829590913918704,-0.0003436189372412485,0.18367008710473554,0.008132433735823322,-0.000618075147649435,-0.20131049927199152,0.02091450026170916,0.0008012883979207341,0.10431632693150171,0.008034875521808257,-0.0003439938072040419,0.18783581945462008,0.01133508069645468,-0.0006213325995257457,-0.20119051144751637,0.02066360595886818,0.0007997567629980317,0.11175761289104225,0.011111716763952059,-0.0003599151247131871,0.19318067529057809,0.010978418506954623,-0.0006407408421858499,-0.20148482179331542,0.01100386181148617,0.0007622746481696142,0.10617148432435572,0.020458456813002027,-0.00030143063860481616,0.17835769573161914,0.02005531179012482,-0.0005509206968225302,3.9965740678415254e-07,0.010787024727326924,4.314688349615747e-05,9.179873825032694e-07,0.010657621537443106,4.2627696065365317e-05,4.48912230789469e-05,0.019814724474775277,7.912225674101267e-05,0.4777142857142857,0.0,0.075,0.185,0.115
0.026000000000000002,40.0,0.0,-0.22327225247523758,0.023274454251904532,0.0008985683935754648,0.11459979795099719,0.009050082697294952,-0.0003814402417327219,0.2046737224647729,0.008871745893625443,-0.0006991933648444404,-0.22319606037440218,0.022815818467319084,0.0008965052709572425,0.11457954136225901,0.008765318751063553,-0.00038220403272175264,0.20898809127342072,0.012365542577950561,-0.0007018811075066782,-0.22308798649945139,0.02254211559149256,0.0008949305081560357,0.12240433158239669,0.012121872833402245,-0.00039854296023056004,0.21518212438252352,0.011976456553041406,-0.0007248168749501467,-0.2233887023846523,0.01200421288525764,0.0008539561387142922,0.11650801233252954,0.022318316523274935,-0.0003354126712043232,0.19891654444053902,0.02187852195286344,-0.0006259166951150228,5.138291648156971e-07,0.011767663338902098,4.706905472598126e-05,1.180995974942061e-06,0.011626496222665206,4.650231294113081e-05,5.765928846180374e-05,0.021616063063391214,8.628468736124907e-05,0.5211428571428571,0.0,0.075,0.185,0.115
0.028,40.0,0.0,-0.24515755705186304,0.025213992106229915,0.00099394497832587,0.1247676146787742,0.009804256255402868,-0.0004191821667823773,0.22566013194257617,0.009611058051427566,-0.0007802506576533813,-0.24506235584293024,0.024717136672929015,0.0009916527881893248,0.12482096364400955,0.00949576198031885,-0.00042033511752776067,0.23012307323159892,0.013396004459446444,-0.0007823683472558971,-0.24496608109836682,0.02442062522411695,0.0009900344468942734,0.13302864859291247,0.013132028902852436,-0.00043708921071817705,0.23716591349595245,0.012974494599128195,-0.0008088305191335812,-0.2452746220938518,0.013004563959029115,0.0009455730653747256,0.12682379525640203,0.024178176233547854,-0.0003693193443959267,0.2194602005512357,0.023701732115602066,-0.0007008592492997479,6.480241204850445e-07,0.012748301950477277,5.0991152485249843e-05,1.4904823293771183e-06,0.01259537090788731,5.037675964764948e-05,7.264064907503643e-05,0.023417401652007154,9.34389694541814e-05,0.5645714285714287,0.0,0.075,0.185,0.115
0.03,40.0,0.0,-0.2670216307571646,0.027153529960555284,0.0010892443480496733,0.13491160782236264,0.010558429813510777,-0.0004568367394610537,0.24662731915550448,0.010350370209229683,-0.000861239046933386,-0.266907460284176,0.026618454878538932,0.0010867232428858767,0.13503859454772307,0.010226205209574145,-0.0004583790337377416,0.25123879093046925,0.01442646634094232,-0.0008627864275626264,-0.2668228676495018,0.026299134856741322,0.0010850608638204326,0.1436285665905322,0.014142184972302619,-0.0004755458544824394,0.25912997804140747,0.013972532645214975,-0.0008927735234029499,-0.2671407621931005,0.014004915032800581,0.0010371181485066096,0.1371169352943851,0.02603803594382076,-0.00040314303725032507,0.23998683079637176,0.02552494227834068,-0.0007757410330915801,8.039127755884967e-07,0.013728940562052448,5.491317015172785e-05,1.8504422021365422e-06,0.013564245593109408,5.4251020443120124e-05,9.001121817714455e-05,0.02521874024062308,0.00010058439836619218,0.608,0.0,0.075,0.185,0.115
0.032,39.0,0.0,-0.2888625479253516,0.02909306781488066,0.001184458794288181,0.14502980033214394,0.011312603371618688,-0.0004943960178029758,0.267573286046853,0.011089682367031803,-0.0009421505471538907,-0.28872944974047143,0.028519773084148853,0.0011817089334732996,0.14523044329256538,0.01095664843882944,-0.0004963277844355745,0.27233326829282006,0.015456928222438198,-0.0009431274508321242,-0.2886564199384562,0.0281776444893657,0.00118000204855547,0.15420209708114532,0.015152341041752806,-0.0005139049021951176,0.2810722515698655,0.014970570691301756,-0.0009766376294004229,-0.2889853052749333,0.01500526610657205,0.0011285841131986902,0.14738554275299748,0.027897895654093667,-0.0004368761585611657,0.26049460012565384,0.027348152441079295,-0.0008505547134211699,9.831818206486962e-07,0.014709579173627621,5.883510104340813e-05,2.264936625170685e-06,0.014533120278331507,5.8125079344517484e-05,0.00010994663816926744,0.027020078829239014,0.00010772027044424749,0.6514285714285714,0.0,0.075,0.185,0.115
0.034,33.0,0.0,-0.31067838448804447,0.031032605669206046,0.0012795806143782308,0.15512022429268812,0.012066776929726604,-0.0005318520936096694,0.28849603281365743,0.011828994524833925,-0.0010229771660880762,-0.3105264018371854,0.030421091289758784,0.0012766021641209208,0.15539452824337813,0.011687091668084739,-0.0005341734064979225,0.29340452748535006,0.01648739010393408,-0.001023383512755544,-0.3104648132740254,0.030056154121990086,0.0012748502962417851,0.16474726112044874,0.016162497111202996,-0.0005521583998797693,0.3029906656947766,0.015968608737388545,-0.0010604145713299078,-0.3108064353901786,0.016005617180343525,0.0012199636898211075,0.1576277367161574,0.029757755364366586,-0.00047051114955452356,0.2809816716235745,0.029171362603817922,-0.0009252929500873437,1.18753538079972e-06,0.0156902177852028,6.275693841352861e-05,2.738096861930239e-06,0.015501994963553612,6.199892010771377e-05,0.0001326222599165196,0.028821417417854954,0.00011484588311874275,0.694857142857143,0.0,0.075,0.185,0.115
0.036000000000000004,34.0,0.0,-0.3324672181238246,0.03297214352353142,0.0013746021120463036,0.16518092160582942,0.012820950487834517,-0.0005691970952194144,0.3093935578398243,0.012568306682636044,-0.0011037109045240856,-0.3322963959310528,0.03232240949536871,0.0013713952453302163,0.16552887759881374,0.012417534897340033,-0.0005719079733841523,0.31445058884646093,0.01751785198542996,-0.0011035467019996803,-0.33224612463210956,0.03193466375461446,0.0013695979081145596,0.17526209001586845,0.017172653180653183,-0.0005902984317591822,0.32488315001979984,0.016966646783475328,-0.0011440960756452052,-0.3326023381868287,0.017005968254114993,0.0013112496145771743,0.1678416457057621,0.0316176150746395,-0.0005040404865660716,0.30144620643215625,0.03099457276655654,-0.0009999483954280719,1.4186962618026092e-06,0.016670856396777973,6.66786754455887e-05,3.274129348458746e-06,0.01647086964877571,6.587252620765512e-05,0.00015821312210477333,0.030622756006470887,0.00012196053498621747,0.7382857142857143,0.0,0.075,0.185,0.115
0.038,32.0,0.0,-0.35422712840887643,0.0349116813778568,0.0014695155980067257,0.17520994466380016,0.01357512404594243,-0.000606423190239548,0.3302638576349558,0.013307618840438165,-0.0011843437559975445,-0.3540375132595999,0.03422372770097863,0.001466080494528126,0.17563153006946403,0.01314797812659533,-0.0006095235978888737,0.33546947081978035,0.018548313866925844,-0.0011836090999181403,-0.3539984328007719,0.03381317338723885,0.0014642371920773937,0.18574462601785707,0.01818280925010337,-0.0006283171230630604,0.34674763207262266,0.01796468482956211,-0.001227673860760951,-0.3543712010499019,0.018006319327886464,0.001402434630058861,0.1780254083329363,0.033477474784912406,-0.0005374566836833987,0.32188636367904677,0.03281778292929516,-0.0010745136940114445,1.678407196199015e-06,0.01765149500835315,7.06003052483654e-05,3.877320618616708e-06,0.017439744333997812,6.974588081859741e-05,0.0001868939306354924,0.03242409459508682,0.00012906352589192818,0.7817142857142858,0.0,0.075,0.185,0.115
0.04,33.0,0.0,-0.375956196968791,0.036851219232182174,0.0015643133905642343,0.1852053570117893,0.014329297604050339,-0.0006435225882389994,0.35110492677922767,0.014046930998240283,-0.001264867706546862,-0.375747837091736,0.03612504590658855,0.001560650236664754,0.1857005355453419,0.013878421355850623,-0.0006470124348544536,0.3564591898937779,0.01957877574842172,-0.0012635627802854345,-0.3757198185265206,0.035691683019863224,0.0015587604632825408,0.19619292299990287,0.019192965319553553,-0.0006662066427932141,0.3685820372452407,0.01896272287564889,-0.0013111396367878952,-0.3761112132423598,0.01900667040165793,0.0014935114858062393,0.1881771739393491,0.035337334495185314,-0.0005707522953510041,0.3423003004113059,0.03464099309203377,-0.001148981482348052,1.9684320896102147e-06,0.018632133619928323,7.45218208509285e-05,4.55204221235719e-06,0.018408619019219908,7.361896679440517e-05,0.00021883903806121528,0.03422543318370275,0.00013615415701226903,0.8251428571428571,0.0,0.075,0.185,0.115
0.042,32.0,0.0,-0.39765250763159943,0.03879075708650755,0.0016589878162211942,0.19516523399931296,0.015083471162158255,-0.0006804875433985242,0.3719147578746662,0.014786243156042406,-0.0013452747344927412,-0.39742545287958064,0.03802636411219848,0.001655096804815738,0.19573395575209682,0.014608864585105923,-0.0006843666838409439,0.37741776054782444,0.020609237629917603,-0.001343399809055441,-0.39740836466188517,0.03757019265248761,0.0016531600447160328,0.20660504712660976,0.020203121389003743,-0.0007039592064435966,0.3903842887410601,0.01996076092173568,-0.0013944851052940202,-0.397820566047143,0.020007021475429404,0.0015844729388711568,0.19829510322801885,0.03719719420545823,-0.0006039199189355636,0.362686171535212,0.0364642032547724,-0.001223344388626134,2.290557267188281e-06,0.0196127722315035,7.844321519765557e-05,5.302755565975695e-06,0.019377493704442014,7.749176664891863e-05,0.000254222423064282,0.036026771772318694,0.00014323173093702994,0.8685714285714287,0.0,0.075,0.185,0.115
0.044,32.0,0.0,-0.4193141465821014,0.04073029494083293,0.0017535312102897294,0.20508766341980608,0.015837644720266168,-0.0007173103571161872,0.3926913415031576,0.015525555313844525,-0.0014255568102432867,-0.41906844841159385,0.039927682317808404,0.0017494125407895563,0.20572986489536654,0.015339307814361217,-0.0007215785917509425,0.39834319520503286,0.021639699511413483,-0.0014231122441456438,-0.4190621563143594,0.039448702285111985,0.0017474282677879887,0.2169790775092308,0.02121327745845393,-0.0007415670786726234,0.4121523075291725,0.020958798967822462,-0.0014777019590929506,-0.41949745291038565,0.021007372549200872,0.0016753117543853754,0.2083773688830459,0.03905705391573114,-0.0006369521972491509,0.3830421297624055,0.03828741341751102,-0.001297595032470804,2.6465927202257077e-06,0.020593410843078672,8.236448114324593e-05,6.134016883260185e-06,0.020346368389664114,8.136426253639254e-05,0.0002932176699813924,0.03782811036093462,0.00015029555175148136,0.912,0.0,0.075,0.185,0.115
0.046,33.0,0.0,-0.4409392025175532,0.042669832795158305,0.0018479359175090388,0.21497074613786787,0.01659181827837408,-0.000753983380565728,0.4134326661915099,0.016264867471646644,-0.001505705896126044,-0.44067491396707353,0.04182900052341832,0.0018435897957400488,0.21568635029269187,0.016069751043616513,-0.0007586404554070001,0.4192335041922043,0.02267016139290936,-0.0015026921352484942,-0.4406792809967773,0.04132721191773636,0.001841557472928383,0.22731310684806377,0.022223433527904117,-0.0007790225759253067,0.43388401230613627,0.021956837013909245,-0.001560781882061053,-0.44114006958586893,0.02200772362297234,0.001766020706133432,0.218422156177734,0.04091691362600405,-0.0006698418210281673,0.40336632556267377,0.04011062358024964,-0.0013717260247286234,3.0383733529292632e-06,0.021574049454653847,8.628561144773449e-05,7.0504819864704e-06,0.021315243074886213,8.523643623201181e-05,0.0003359979483765788,0.039629448949550554,0.00015734492511827662,0.9554285714285714,0.0,0.075,0.185,0.115
0.048,32.0,0.0,-0.46252576680477614,0.04460937064948368,0.0019421942926681475,0.2248125967036173,0.01734599183648199,-0.0007904990172055435,0.43413671838387435,0.017004179629448765,-0.0015857139462482446,-0.46224294247208386,0.043730318729028245,0.0019376209307844074,0.22560151299244469,0.016800194272871806,-0.0007955446240792802,0.44008669570719083,0.02370062327440524,-0.0015821315236711961,-0.4622578287791902,0.04320572155036074,0.0019355400101885522,0.2376052420611428,0.0232335895973543,-0.0008163180690028379,0.45557731946558644,0.02295487505999603,-0.0016437165489845609,-0.4627466142807705,0.02300807469674381,0.001856592577130451,0.22842766357058428,0.04277677333627696,-0.0007025815313658282,0.42365690712367005,0.04193383374298825,-0.0014457299672787421,3.4677602293632955e-06,0.022554688066229022,9.020659877150438e-05,8.056911146079083e-06,0.022284117760108312,8.910826911248737e-05,0.00038273599266516875,0.04143078753816649,0.00016437915835915964,0.9988571428571428,0.0,0.075,0.185,0.115
0.05,33.0,0.0,-0.48407193363874523,0.046548908503809064,0.0020362987012343407,0.23461134395363986,0.018100165394589904,-0.0008268497252361096,0.45480148242181734,0.017743491787250886,-0.001665572906386494,-0.4837706296568748,0.04563163693463817,0.002031498317626888,0.2354734683792449,0.017530637502127105,-0.0008322835019612704,0.4609007757939705,0.024731085155901122,-0.0016614224422051588,-0.483795892442308,0.04508423118298512,0.0020293682398487014,0.24785360489868682,0.02424374566680449,-0.0008534459855773533,0.4772301430759763,0.023952913106082812,-0.0017264976254380145,-0.48431528780276595,0.02400842577051528,0.0019470201602051432,0.23839210328866745,0.04463663304654987,-0.0007351641220961376,0.4439120203178449,0.04375704390572688,-0.0015195994528717728,3.9366418205671345e-06,0.023535326677804197,9.412743567029935e-05,9.1581738882114e-06,0.02325299244533041,9.297974213673734e-05,0.0004336040817913073,0.04323212612678243,0.00017139756053646905,1.0422857142857143,0.0,0.075,0.185,0.115
0.052000000000000005,20.0,0.0,-0.5055758002027143,0.04848844635813444,0.0021302415199875185,0.2443651315980321,0.018854338952697818,-0.0008630280200037682,0.47542494053232176,0.018482803945053007,-0.0017452747139070572,-0.5052560742148506,0.0475329551402481,0.002125214339188492,0.24530034676536813,0.0182610807313824,-0.00086884955059145,0.4816737483257157,0.025761547037397005,-0.001740556915026294,-0.5052915676325666,0.04696274081560951,0.0021230345330316702,0.25805633254279364,0.02525390173625468,-0.0008903988126497286,0.4988403948667409,0.024950951152169602,-0.0018091167676952268,-0.5058442937085347,0.025008776844286755,0.002037296258588211,0.24831370189790458,0.04649649275682279,-0.0007675824421273786,0.464129808676856,0.045580254068465505,-0.0015933270649975176,4.446935251850617e-06,0.024515965289379375,9.804811459023523e-05,1.0359253778722666e-05,0.024221867130552518,9.685083582665723e-05,0.0004887740189616028,0.04503346471539837,0.00017839944253442825,1.0857142857142859,0.0,0.075,0.185,0.115
0.054,20.0,0.0,-0.5270354668299317,0.05042798421245983,0.002224015137660697,0.2540721187930771,0.019608512510805736,-0.0008990264763489056,0.4960050728239787,0.01922211610285513,-0.0018248112977178666,-0.5266973779631435,0.04943427334585803,0.0022187613902428347,0.2550802939676716,0.0189915239606377,-0.0009052352912189218,0.5024036149961211,0.026792008918892888,-0.0018195269576272912,-0.5267429530188804,0.0488412504482339,0.002216531272323202,0.26821157819189634,0.02626405780570487,-0.0009271690989483551,0.5204059842231556,0.02594898919825639,-0.0018915656226739382,-0.5273318384537224,0.02600912791805823,0.0021274136865063716,0.25819070085981044,0.04835635246709571,-0.0007998293977232355,0.48430841337370756,0.04740346423120413,-0.0016669053777826075,5.000587550271136e-06,0.025496603900954554,0.00010196862786281081,1.1665253182858523e-05,0.02519074181577462,0.0001007215302479836,0.0005484171114374505,0.04683480330401431,0.00018538411714021083,1.1291428571428574,0.0,0.075,0.185,0.115
0.056,20.0,0.0,-0.5484490371669979,0.052367522066785195,0.0023176119555868677,0.26373048069911004,0.020362686068913644,-0.000934837730896654,0.5165398572916164,0.019961428260657246,-0.001904174578253286,-0.5480926460048441,0.05133559155146794,0.002312131878058446,0.26481147186959414,0.019721967189892994,-0.0009414333071111145,0.5230883753192407,0.02782247080038876,-0.0018983245767829294,-0.5481481504511371,0.05071976008085827,0.002309850852398955,0.27831751162952784,0.02727421387515505,-0.0009637494572669651,0.541924818190145,0.026947027244343166,-0.00197383582791525,-0.5487761315444084,0.02700947899182969,0.0022173652697822085,0.26802135707427827,0.05021621217736861,-0.0008318979547297674,0.504445973212856,0.04922667439394274,-0.0017403269559190593,5.599576892294921e-06,0.02647724251252972,0.00010588896769991781,1.3081397999445948e-05,0.026159616500996716,0.00010459180499125543,0.0006127041503885829,0.04863614189263023,0.0001923508991247711,1.1725714285714286,0.0,0.075,0.185,0.115
0.058,20.0,0.0,-0.5698146183389124,0.05430705992111057,0.0024110243883524343,0.2733384090231608,0.021116859627021554,-0.0009704544842883539,0.5370272698295976,0.020700740418459367,-0.0019833564674926283,-0.5694399868929391,0.053236909757077865,0.0024053182230476876,0.2744920589678119,0.02045241041914829,-0.0009774362458017834,0.5437260266380682,0.02885293268188464,-0.001976941770549424,-0.569505265120486,0.052598269713482644,0.002402985680658479,0.2883723197769685,0.028284369944605238,-0.0010001325667396903,0.5633948014852821,0.02794506529042995,-0.0020559190115988606,-0.5701753856901228,0.028009830065601163,0.0023071438464400385,0.2778039434080105,0.05207607188764152,-0.000863781140746547,0.5245406246285046,0.05104988455668136,-0.0018135843546246986,6.245913851644584e-06,0.027457881124104896,0.0001098091261888504,1.4613042368567887e-05,0.027128491186218816,0.00010846163915287748,0.0006818053908103877,0.05043748048124616,0.00019929910532343032,1.216,0.0,0.075,0.185,0.115
0.06,20.0,0.0,-0.591130321115856,0.056246597775435954,0.0025042448644573938,0.2828941125459883,0.02187103318512947,-0.0010058695033521256,0.5574652842539985,0.021440052576261488,-0.0020623488690133447,-0.5907375127960022,0.055138227962687796,0.0024983128594225075,0.284120250903162,0.021182853648403586,-0.0010132368212776332,0.5643145641420781,0.029883394563380523,-0.002055370528298751,-0.590812405721473,0.054476779346107035,0.0024959281778663724,0.29837420722938157,0.029294526014055428,-0.0010363111750516523,0.5848138365211994,0.028943103336516736,-0.0021378067925950615,-0.5915278169584587,0.029010181139372634,0.002396742267317982,0.2875367492082253,0.05393593159791444,-0.0008954720472403844,0.5445905016912944,0.052873094719419984,-0.0018866701196363384,6.941642647334223e-06,0.028438519735680075,0.00011372909528731372,1.6265673351678835e-05,0.02809736587144092,0.00011233101131628941,0.0007558905315075235,0.0522388190698621,0.00020622805471620686,1.2594285714285716,0.0,0.075,0.185,0.115
0.062,20.0,0.0,-0.612394260081748,0.05818613562976132,0.002597265826982469,0.2923958176331483,0.022625206743237376,-0.0010410756232110037,0.5778518723338688,0.022179364734063605,-0.00214114367807974,-0.6119833396656812,0.057039546168297706,0.0025911082358571996,0.2936942609754714,0.02191329687765888,-0.0010488278161020126,0.5848519808939278,0.030913856444876396,-0.0021336028307888067,-0.6120676846160652,0.0563552889787314,0.0025886707788008176,0.30832139677507164,0.03030468208350561,-0.0010722781005835038,0.6061798234376167,0.029941141382603512,-0.002219490780554384,-0.6128316449313174,0.0300105322131441,0.002486153396686411,0.29721808080129436,0.055795791308187334,-0.0009269638316001519,0.5645937361235825,0.05469630488215859,-0.0019595767872365435,7.688842391892617e-06,0.029419158347255243,0.00011764886681843163,1.8044915583123585e-05,0.029066240556663014,0.00011619989953324535,0.0008351286951463591,0.05404015765847803,0.00021313706850788203,1.3028571428571427,0.0,0.075,0.185,0.115
0.064,20.0,0.0,-0.6336045538046189,0.060125673484086706,0.002690079734263339,0.30184176872976615,0.023379380301345294,-0.0010760657493272122,0.5981850038317515,0.022918676891865726,-0.002219732781768012,-0.6331755874060219,0.05894086437390764,0.0026836968161583555,0.3032123206419606,0.022643740106914178,-0.001084202083474229,0.605336267865505,0.03194431832637228,-0.0022116306502702222,-0.6332692179996136,0.05823379861135579,0.0026812059329096843,0.3182121298975309,0.0313148381529558,-0.0011080262344884636,0.62749066014317,0.030939179428690303,-0.0023009625760357054,-0.6340850928628261,0.031010883286915574,0.002575370112872932,0.306846261975995,0.057655651018460256,-0.0009582497191313364,0.5845484573234856,0.05651951504489722,-0.002032296884314741,8.489628339774272e-06,0.03039979695883042,0.00012156843246575412,1.9956535892026175e-05,0.030035115241885117,0.00012006828130520797,0.0009196884083787501,0.05584149624709397,0.00022002547020779042,1.3462857142857143,0.0,0.075,0.185,0.115
0.066,20.0,0.0,-0.6547593250088303,0.06206521133841209,0.0027826790605721243,0.3112302288387127,0.02413355385945321,-0.0011108328594812518,0.6184626465536289,0.02365798904966785,-0.0022981080591283347,-0.6543123800446626,0.06084218257951757,0.0027760710799421577,0.31267267999891707,0.023374183336169477,-0.0011193525492231645,0.6257654139834874,0.03297478020786816,-0.0022894459506305476,-0.6544151260687879,0.06011230824398017,0.002773526104974375,0.32804466725996906,0.03232499422240599,-0.0011435485427004996,0.648744242367213,0.03193721747477709,-0.0023822137706735716,-0.6552863878389605,0.03201123436068705,0.0026643853088940527,0.3164196344510844,0.05951551072873317,-0.0009893230049890474,0.6044527923978473,0.058342725207635844,-0.002104822928463399,9.346153135957253e-06,0.0313804355704056,0.00012548778376826332,2.2006447893521373e-05,0.031003989927107223,0.00012393613356486078,0.0010097375820396581,0.05764283483570991,0.00022689258570932465,1.389714285714286,0.0,0.075,0.185,0.115
0.068,20.0,0.0,-0.6758567007491744,0.06400474919273746,0.002875056296806271,0.3205594799819114,0.02488772741756112,-0.0011453700056846064,0.6386827664084402,0.02439730120746997,-0.002376261381384636,-0.6753918459059348,0.06274350078512748,0.0028682235233191606,0.32207360824636483,0.02410462656542477,-0.0011542722137339691,0.6461374061845623,0.03400524208936404,-0.0023670406875764935,-0.6755035331915242,0.06199081787660455,0.00286562377578157,0.3378172891720532,0.03333515029185618,-0.0011788380678724516,0.6699384637217382,0.03293525552086387,-0.0024632359473853965,-0.6764337609389036,0.033011585434458514,0.002753191893093676,0.3259365583269313,0.06137537043900608,-0.0010201770560483133,0.6243048662042775,0.060165935370374464,-0.0021771474281098912,1.0260608064725902e-05,0.032361074181980774,0.00012940691211537928,2.42007165483062e-05,0.03197286461232932,0.00012780343265774322,0.0011054434914211093,0.05944417342432584,0.00023373774336914475,1.4331428571428573,0.0,0.075,0.185,0.115
0.07,20.0,0.0,-0.6968948125868785,0.06594428704706284,0.0029672039511849492,0.3298278236445325,0.025641900975669034,-0.0011796703160249695,0.6588433274773009,0.02513661336527209,-0.0024541846121726727,-0.696412117785894,0.06464481899073742,0.002960146659586689,0.3314133941354836,0.024835069794680066,-0.001188954153806739,0.6664502294804397,0.03503570397085992,-0.0024444068088548096,-0.6965325680790134,0.06386932750922893,0.0029574914428030126,0.34752829603861396,0.034345306361306366,-0.0012138879312429873,0.6910712157735515,0.033933293566950656,-0.00254402068061915,-0.6975254473981677,0.034011936508229985,0.0028417827897885346,0.33539541252096705,0.063235230149279,-0.0010508053127106093,0.6441028014023888,0.06198914553311308,-0.0022492628826846577,1.1235224298635675e-05,0.033341712793555946,0.00013332580874196486,2.6545562689494643e-05,0.03294173929755142,0.00013167015432401244,0.0012069727566249785,0.061245512012941775,0.00024056027408608267,1.4765714285714286,0.0,0.075,0.185,0.115
0.07200000000000001,20.0,0.0,-0.7178717967675374,0.06788382490138822,0.003059114549953067,0.3390335812018584,0.026396074533776948,-0.001213726996443022,0.6789422920925366,0.025875925523074213,-0.002531869607816907,-0.7173713331293087,0.06654613719634735,0.0030518330199289655,0.34069034639856133,0.025565513023935366,-0.001223391524446193,0.6867018670327735,0.03606616585235581,-0.002521536254512336,-0.7175003639597609,0.06574783714185332,0.0030491216208834667,0.3571760087901049,0.03535546243075655,-0.0012486913344314297,0.712140388126813,0.03493133161303744,-0.002624559536642056,-0.7185596867735035,0.03501228758200146,0.0029301509399206767,0.34479459518674394,0.06509508985955191,-0.0010812012906456605,0.6638447185143466,0.06381235569585171,-0.0023211617828261485,1.2272274147656418e-05,0.034322351405131124,0.00013724446472332996,2.9047367515764334e-05,0.03391061398277352,0.0001355362736803361,0.0013144913229970743,0.06304685060155771,0.00024735951137973093,1.5200000000000002,0.0,0.075,0.185,0.115
0.074,20.0,0.0,-0.7387857944009916,0.0698233627557136,0.0031507806380930044,0.34817509432863375,0.02715024809188486,-0.001247533332439894,0.698977620926627,0.02661523768087633,-0.002609308217646641,-0.7382676342086248,0.06844745540195726,0.003143275154125064,0.3499027941612914,0.02629595625319066,-0.0012575775605814827,0.7068903002380854,0.03709662773385169,-0.002598420957195687,-0.7384050587557393,0.0676263467744777,0.003140506842936954,0.3667587692946332,0.03636561850020674,-0.0012832415611595926,0.73314386851604,0.03592936965912422,-0.0027048440738707555,-0.739534723109615,0.03601263865577293,0.0030182893017171057,0.3541325241164157,0.06695494956982481,-0.0011113585824676763,0.6835287359948266,0.06563556585859032,-0.002392836610623025,1.3374072308489513e-05,0.0353029900167063,0.0001411628709702346,3.171267704978982e-05,0.034879488667995624,0.00013940176520191945,0.0014281644416449914,0.06484818919017364,0.00025413479146870626,1.5634285714285716,0.0,0.075,0.185,0.115
0.076,20.0,2022.1252601614437,-0.760033924853913,0.07176290061003897,0.003242194780044122,0.3575534413979842,0.027904421649992767,-0.001281082690714564,0.7189954016928884,0.02735454983867845,-0.0026864922843517942,-0.7594585711445639,0.07034877360756718,0.003234465631264768,0.3593217532955661,0.02702639948244595,-0.0012915055787153817,0.7270568772634404,0.03812708961534756,-0.0026750528424909514,-0.7595911867594192,0.06950485640710206,0.0032316396606513653,0.37653747886423716,0.03737577456965692,-0.0013175319788999052,0.7541214696026158,0.036927407705211,-0.002784865843243316,-0.7608405071600313,0.03701298972954439,0.0031061908513566375,0.36370473448986185,0.06881480928009771,-0.001141270859345272,0.7032002726549403,0.06745877602132894,-0.0024642798398939905,1.4542977114053312e-05,0.03628362862828147,0.0001450810182238919,3.454820656096316e-05,0.03584836335321772,0.00014326660270467173,0.0015481566500421852,0.06664952777878957,0.00026088545334857833,1.6068571428571428,0.0,0.075,0.185,0.115
0.078,13.0,3.284021207248003e+16,-0.7875316618746248,0.07370243846436435,0.0033349454532731093,0.3716524670050343,0.028658595208100678,-0.001315579384759534,0.739709520243656,0.028093861996480566,-0.0027636061587856314,-0.7883786889106346,0.0722500918131771,0.003326834651830964,0.37458237135722733,0.027756842711701247,-0.0013262596423354593,0.7480993821133484,0.03915755149684344,-0.0027515973030663877,-0.7873585904326142,0.07138336603972645,0.003323898211196583,0.39128215952807177,0.038385930639107106,-0.0013526061929005203,0.7758361023526009,0.03792544575129778,-0.0028647840954052722,-0.790278393566998,0.03801334080331586,0.0031954153918533888,0.3794227880135875,0.07067466899037063,-0.001172120261997965,0.7238024395058674,0.06928198618406754,-0.002535673145883491,1.5781391783130373e-05,0.037264267239856645,0.00014899889705097036,3.756084495140877e-05,0.036817238038439816,0.0001471307593275154,0.0016746317527207117,0.0684508663674055,0.0002676108388694533,1.6502857142857141,0.0,0.075,0.185,0.115
0.08,12.0,3.049658869640401e+16,-0.8178090750217117,0.07564197631868973,0.0034526945527732582,0.3878219955124098,0.029412768766208595,-0.001368958792955303,0.7607081365131592,0.02883317415428269,-0.0028435053843574934,-0.8186451772203239,0.07415141001878703,0.003450120395717686,0.3908229929346011,0.028487285940956546,-0.001384380341665083,0.7692552799424843,0.04018801337833932,-0.0028316454749400363,-0.8161832398906232,0.07326187567235083,0.0034424818644198606,0.40678998968628416,0.0393960867085573,-0.0014075442912780578,0.7976251278156837,0.03892348379738457,-0.0029476504742208657,-0.8212163092045975,0.039013691877087336,0.0033171683417763417,0.39623549942918423,0.07253452870064354,-0.0012275530372517758,0.7445429612496938,0.07110519634680618,-0.0026107889726362447,1.7091765670168953e-05,0.038244905851431824,0.00015291649783859477,4.075765910430582e-05,0.03778611272366192,0.00015099420751484206,0.0018077528020550649,0.07025220495602144,0.00027431029281320293,1.6937142857142857,0.0,0.075,0.185,0.115
0.082,12.0,3.051124054068606e+16,-0.8423091951973609,0.0775815141730151,0.003581562356778907,0.39958070031764326,0.03016694232431651,-0.0014306202127523733,0.7809514175482,0.02957248631208481,-0.002924542600804298,-0.8431300276278558,0.07605272822439696,0.0035787916217788836,0.40265002523261595,0.029217729170211846,-0.0014464210550575569,0.7896553560515501,0.041218475259835206,-0.0029121472187305965,-0.8395623876246492,0.07514038530497522,0.003565294500782394,0.4181453918174908,0.04040624277800749,-0.0014655349876331067,0.8186928856190515,0.03992152184347136,-0.00303081442388885,-0.8462610851860076,0.04001404295085881,0.0034449214086218253,0.40855041740256615,0.07439438841091646,-0.0012873644440730711,0.7645195942966378,0.0729284065095448,-0.002686458218960596,1.8476595515230187e-05,0.039225544463007,0.00015683381078934733,4.41458981935382e-05,0.03875498740888403,0.0001548569189991189,0.0019476820791395333,0.07205354354463739,0.0002809831629703293,1.7371428571428573,0.0,0.075,0.185,0.115
0.084,15.0,3.813197316198794e+16,-0.8621654029164293,0.07952105202734049,0.0036873209888988057,0.4078009670553551,0.03092111588242442,-0.0014746383377408753,0.8005678726252472,0.030311798469886932,-0.003002558476313252,-0.862955398531214,0.07795404643000688,0.003684336296231451,0.41092696857905125,0.02994817239946714,-0.0014908074113325954,0.8094269647231392,0.042248937141331086,-0.0029896256756408762,-0.8585273394390097,0.0770188949375996,0.0036663251302489954,0.4261415895485937,0.041416398847457674,-0.0015069159718801323,0.8391563738160533,0.040919559889558144,-0.003111093302917974,-0.866581817736218,0.04101439402463027,0.003549101916842552,0.4172670464977665,0.07625424812118937,-0.001329184677125507,0.7838652809404546,0.07475161667228342,-0.0027590719104974176,1.9938426694071336e-05,0.04020618307458217,0.00016075082591626778,4.7732997953698604e-05,0.039723862094106124,0.00015871886478365036,0.0020945810747614825,0.07385488213325332,0.00028762880021645517,1.7805714285714287,0.0,0.075,0.185,0.115
0.08600000000000001,12.0,3.050522921349989e+16,-0.878245170113708,0.08146058988166587,0.0037745039711923807,0.41314859604997906,0.031675289440532335,-0.0015045027104592912,0.8196564184938897,0.03105111062768905,-0.0030780670479902328,-0.879002590700368,0.07985536463561681,0.0037712430526673233,0.41633005252626604,0.030678615628722435,-0.0015209934118013153,0.828670736028006,0.043279399022826966,-0.0030645902628012494,-0.8738915694084323,0.07889740457022397,0.003749698976036935,0.43140248030252015,0.04242655491690786,-0.0015348601385267435,0.8591084039740939,0.041917597935644924,-0.003188955103521634,-0.8830641436622102,0.042014745098401744,0.003634386251338479,0.42306521013055526,0.07811410783146228,-0.001356611754665217,0.8026811440817816,0.07657482683502204,-0.0028291618164217303,2.147985446835444e-05,0.041186821686157345,0.0001646675330378531,5.152658490948039e-05,0.04069273677932823,0.0001625800151254981,0.002248610470472961,0.07565622072186924,0.000294246558588431,1.824,0.0,0.075,0.185,0.115
0.088,12.0,3.0509873842180628e+16,-0.8912987807573782,0.08340012773599124,0.003846581191398797,0.41619750571818376,0.032429462998640246,-0.0015228765322053554,0.8383033766110524,0.03179042278549117,-0.003151463982833594,-0.8920051885979601,0.08175668284122674,0.0038430370941663792,0.41942050629366356,0.031409058857977734,-0.0015396839746731532,0.8474709998649593,0.044309860904322845,-0.0031374435004947326,-0.8863178353269487,0.08077591420284835,0.0038186699344451226,0.4344349698142129,0.043436710986358054,-0.0015518630772646486,0.8786249811506047,0.04291563598173171,-0.0032647710719694487,-0.8963754389164792,0.043015096172173216,0.003704316959337534,0.4264562584793282,0.0799739675417352,-0.0013723649703552803,0.8210434708511954,0.07839803699776067,-0.002897132428336084,2.3103525235968483e-05,0.04216746029773252,0.00016858392177305668,5.553448056349796e-05,0.04166161146455033,0.00016644033951856342,0.0024099301197630127,0.07745755931048519,0.00030083579536004893,1.8674285714285717,0.0,0.075,0.185,0.115
0.09,14.0,3.559206562419471e+16,-0.9018781249694258,0.08533966559031661,0.003906553785390779,0.41736939706344867,0.03318363655674816,-0.0015320554766457425,0.8565720286920048,0.03252973494329329,-0.0032230945666710366,-0.9025215373691008,0.08365800104683664,0.003902652758579187,0.4206248489166367,0.03213950208723303,-0.001549124016825722,0.8658918701332889,0.04534032278581872,-0.0032085227083165626,-0.8963892082929645,0.08265442383547272,0.003875889036649686,0.4356837278125885,0.044446867055808234,-0.0015599524110336187,0.8977734324037681,0.04391367402781849,-0.003338845228491145,-0.9071342375977947,0.04401544724594468,0.0037615635446496955,0.42791238749772165,0.0818338272520081,-0.0013784897249092805,0.8390237537327836,0.08022124716049928,-0.002963288894762785,2.4812137781452215e-05,0.043148098909307694,0.0001724999815362869,5.976470554158358e-05,0.042630486149772426,0.00017029980667683574,0.0025786990293330627,0.07925889789910111,0.00030739587111735237,1.9108571428571428,0.0,0.075,0.185,0.115
0.092,12.0,3.0503288764127132e+16,-0.910469477664816,0.08727920344464199,0.003956629313656271,0.4170350079599348,0.033937810114856075,-0.0015337263477943704,0.8745183714078549,0.03326904710109541,-0.003293211926363637,-0.9110315047533526,0.08555931925244657,0.003952323426486189,0.4203089174060222,0.032869945316488326,-0.0015510196144005934,0.8839886041868407,0.046370784667314605,-0.0032780843418638976,-0.9045424989260649,0.08453293346809712,0.0039236885670442465,0.4354816102532042,0.04545702312525842,-0.0015609068187493204,0.9166039016179809,0.04491171207390528,-0.003411446881319451,-0.9158391776741004,0.04501579831971616,0.0038086001436700434,0.4278136529921189,0.08369368696228102,-0.0013768748021417625,0.8566796489978599,0.0820444573232379,-0.0030279171856381825,2.660844452650343e-05,0.04412873752088287,0.00017641570153240568,6.422548369461606e-05,0.04359936083499453,0.0001741583845178118,0.0027550753404777415,0.08106023648771706,0.00031392614983353595,1.9542857142857144,0.0,0.075,0.185,0.115
0.094,14.0,3.5588900693033716e+16,-0.9174758010352518,0.08921874129896736,0.003998752875855134,0.4155012156425854,0.03469198367296398,-0.0015293720971478833,0.8921887104184587,0.03400835925889753,-0.00336204004859583,-0.9179280206460829,0.08746063745805649,0.003993968568845636,0.41877195034451276,0.03360038854574361,-0.0015468341154411145,0.901806324847924,0.04740124654881048,-0.0033463494305521206,-0.91116543372592,0.08641144310072148,0.0039638157681071455,0.4341236001714584,0.0464671791947086,-0.0015560577242339825,0.9351609613831605,0.04590975011999206,-0.0034827766059919553,-0.9228990766166496,0.04601614939348762,0.003847421308270352,0.42647128542838225,0.08555354667255392,-0.0013690404252782598,0.8740583506612287,0.0838676674859765,-0.0030912479260475335,2.849525278055949e-05,0.045109376132458044,0.00018033107075172617,6.89252461559444e-05,0.044568235520216624,0.00017801604014608806,0.002939216310573482,0.08286157507633297,0.0003204259989434209,1.9977142857142856,0.0,0.075,0.185,0.115
0.096,14.0,3.55846403975813e+16,-0.9231702051611378,0.09115827915329273,0.0040345363207541785,0.4129761976338662,0.03544615723107189,-0.0015202202336460542,0.9096138050999149,0.03474767141669965,-0.0034297641560070364,-0.9235199655365007,0.0893619556636664,0.0040291599052389975,0.41624912805323655,0.03433083177499891,-0.0015377644742780555,0.9193801895240317,0.04843170843030636,-0.003413498465670471,-0.916544879646227,0.08828995273334586,0.003997821545837063,0.43182800491988993,0.04747733526415879,-0.0015465850596291983,0.9534771219272417,0.04690778816607884,-0.0035530126928683264,-0.9286383722849325,0.04701650046725909,0.003879662308335635,0.42413220689280057,0.08741340638282682,-0.0013562315161822216,0.8911970472006608,0.08569087764871512,-0.003153469892050055,3.0475425991432523e-05,0.046090014744033216,0.00018424607796501064,7.387263535347713e-05,0.04553711020543872,0.0001818727398371311,0.003131278294677223,0.08466291366494891,0.00032689478941750174,2.041142857142857,0.0,0.075,0.185,0.115
0.098,13.0,3.3039114003431424e+16,-0.9277942520936536,0.09309781700761813,0.004065072088675023,0.4096440053634503,0.03620033078917981,-0.0015071034673787458,0.926820729922508,0.03548698357450177,-0.0034965072861016526,-0.9280532331052134,0.09126327386927634,0.0040591329576231076,0.4129277124995669,0.03506127500425421,-0.0015247514121959295,0.9367378475387019,0.049462170311802243,-0.003479672076848918,-0.9208760313793276,0.09016846236597024,0.004026853368048789,0.42874361819375606,0.04848749133360898,-0.0015333620543451238,0.9715738398915557,0.047905826212165624,-0.003622285182860304,-0.9332980335242097,0.04801685154103056,0.003906620895303852,0.4209799232360231,0.08927326609309974,-0.0013394357631988031,0.908122926564568,0.08751408781145376,-0.0032147318375568283,3.255188499598161e-05,0.047070653355608394,0.00018816071171846784,7.907650897551614e-05,0.04650598489066082,0.0001857284490212294,0.0033314167272375365,0.08646425225356485,0.0003333318958355505,2.0845714285714285,0.0,0.075,0.185,0.115
0.1,12.0,3.0505635078700464e+16,-0.9315367533922949,0.09503735486194351,0.004091326427822389,0.405648619937754,0.036954504347287725,-0.0014907580040646505,0.9438302424430183,0.03622629573230389,-0.0035623777367608167,-0.9317311100722868,0.09316459207488627,0.004084871300720399,0.4089625948578271,0.03579171823350951,-0.0015085439770642294,0.9539018531348598,0.05049263219329812,-0.0035449808613816154,-0.9243297263587169,0.09204697199859463,0.004051692013511689,0.4250006786816623,0.04949764740305917,-0.0015169838831627877,0.9894696938084265,0.04890386425825241,-0.0036906799025332128,-0.9370396254106446,0.04901720261480204,0.003929260944556047,0.41713776132553654,0.09113312580337267,-0.0013193871897306019,0.9248535869495095,0.08933729797419238,-0.0032751425143615026,3.472760927080292e-05,0.04805129196718357,0.00019207496032875036,8.454594388942193e-05,0.04747485957588293,0.00018958313226762966,0.0035397861039204717,0.08826559084218079,0.00033973669645977303,2.128,0.0,0.075,0.185,0.115
0.10200000000000001,12.0,3.0511198246273184e+16,-0.9345007738014528,0.09697689271626889,0.004114054584434255,0.4010690692411389,0.037708677905395636,-0.0014717597681294335,0.960652724200809,0.036965607890106014,-0.003627458538211649,-0.9347133330074845,0.0950659102804962,0.004107188081411132,0.40447564751502824,0.0365221614627648,-0.001489761733580249,0.9708895153668889,0.05152309407479401,-0.0036095150362402627,-0.9271689128077241,0.09392548163121903,0.004073020831959743,0.4207989849021386,0.05050780347250936,-0.0014979715008366116,1.0071945587054645,0.049901902304339205,-0.003758271166016349,-0.9400261501457239,0.05001755368857351,0.003948228716396872,0.41273005617235714,0.09299298551364558,-0.0012965791032475639,0.9414068614447494,0.09116050813693101,-0.003334772315250314,3.700563818291756e-05,0.04903193057875875,0.00019598881187795177,9.029024001220535e-05,0.048443734261105036,0.00019343675326886244,0.0037565399635524125,0.09006692943079674,0.00034610857330750507,2.1714285714285717,0.0,0.075,0.185,0.115
0.10400000000000001,12.0,3.0511800534537988e+16,-0.9368996316448925,0.09891643057059428,0.004133668817488188,0.39606782195561213,0.038462851463503554,-0.0014504248711105414,0.9773119823482613,0.03770492004790814,-0.0036917912166116035,-0.9371191711916124,0.09696722848610613,0.004126722245974363,0.39955809935053455,0.0372526046920201,-0.0014688921712920325,0.9877132498983072,0.05255355595628989,-0.0036733438376423963,-0.9294823119484209,0.09580399126384341,0.00409189161628627,0.4162065923708059,0.051517959541959556,-0.001477124101440716,1.0247570862037587,0.05089994035042599,-0.003825178473420154,-0.9424425793816121,0.05101790476234498,0.003964176219632276,0.407897729047404,0.0948528452239185,-0.0012715088437937545,0.9578032933651828,0.09298371829966963,-0.003393692572580319,3.938907224043555e-05,0.05001256919033393,0.00019990225420860405,9.631892413214945e-05,0.04941260894632714,0.00019728927482525973,0.003981830870182208,0.09186826801941267,0.00035244691222344107,2.2148571428571433,0.0,0.075,0.185,0.115
0.106,12.0,3.0505175587790572e+16,-0.9388563935128558,0.10085596842491966,0.004151022400279249,0.39073900484129437,0.03921702502161147,-0.0014274031877360028,0.9938208866446561,0.03844423220571026,-0.0037554710005702043,-0.9390498919961381,0.09886854669171606,0.004143950871533314,0.39428755999341925,0.0379830479212754,-0.0014463002057170367,1.0043832980766616,0.053584017837785776,-0.0037365169282420857,-0.9313125533397486,0.0976825008964678,0.004108659251379555,0.41125671164188654,0.05252811561140974,-0.0014547139070375846,1.0421603212398536,0.05189797839651278,-0.003891436431228984,-0.9444552243844542,0.05201825583611646,0.003977843340870914,0.4027675938833157,0.09671270493419142,-0.0012447400964528503,0.9740611662132583,0.09480692846240826,-0.003451985459611098,4.1881074343172996e-05,0.05099320780190911,0.0002038152749186747,0.00010264175368057369,0.05038148363154924,0.00020114065882966835,0.0042158103952648395,0.09366960660802862,0.0003587511029513856,2.258285714285715,0.0,0.075,0.185,0.115
0.108,12.0,3.0501404506701532e+16,-0.9404899378753733,0.10279550627924501,0.0041666075991684025,0.38517362093670293,0.03997119857971937,-0.0014030712250463,1.0101917903288435,0.03918354436351237,-0.003818549369124575,-0.9405999424320395,0.10076986489732595,0.004159279027573856,0.3887364894169346,0.03871349115053069,-0.0014222962753715543,1.0209090817778677,0.05461447971928164,-0.0037990752734295198,-0.9328361788181276,0.09956101052909215,0.004123494255475362,0.40608387349180475,0.053538271680859915,-0.0014308737598441065,1.0594236208594252,0.052896016442599544,-0.003957057219189016,-0.9461355227768408,0.05301860690988791,0.003989895325177369,0.39739469565338514,0.0985725646444643,-0.0012167801169554056,0.9901872259194027,0.09663013862514686,-0.0035097241103524456,4.4484871033198236e-05,0.051973846413484265,0.0002077278613565644,0.00010926872045286136,0.05135035831677133,0.00020499086625236303,0.0044586290999688565,0.09547094519664452,0.00036502053920551875,2.3017142857142856,0.0,0.075,0.185,0.115
0.11,12.0,3.049868199251885e+16,-0.9418605745571049,0.10473504413357039,0.004180899928035775,0.37941832087237065,0.04072537213782729,-0.0013777929951955027,1.0264299529387042,0.03992285652131449,-0.0038810757352301163,-0.9418623209749781,0.10267118310293588,0.004173084502139901,0.3829762853591414,0.03944393437978599,-0.0013971702201485945,1.0372998446253199,0.05564494160077752,-0.0038610565607083607,-0.9341365281502543,0.10143952016171653,0.004137102795919377,0.40075210951132584,0.0545484277503101,-0.0014061417829659786,1.0765550056275108,0.05389405448868633,-0.004022118265482956,-0.9475368775814885,0.05401895798365938,0.004000617923042,0.3918204482163155,0.10043242435473722,-0.0011878490851945918,1.0061860301900112,0.09845334878788548,-0.0035669355085260687,4.720375374528129e-05,0.05295448502505944,0.00021164000061610496,0.00011621005427788015,0.05231923300199343,0.0002088398571261623,0.004710436517609813,0.09727228378526045,0.0003712546187411664,2.345142857142857,0.0,0.075,0.185,0.115
0.112,12.0,3.0492196965520452e+16,-0.9429837873032312,0.10667458198789577,0.004194140626180003,0.3734858101543129,0.0414795456959352,-0.0013517551007057418,1.0425352070717215,0.040662168679116616,-0.0039430711370383505,-0.9428977967188272,0.10457250130854581,0.004185739289134096,0.3770539506757582,0.04017437760904129,-0.0013712076310004005,1.0535609269569564,0.05667540348227341,-0.0039224977645721856,-0.9352182367541128,0.10331802979434092,0.004149818231778382,0.3952659161679134,0.055558583819760296,-0.001380774102766262,1.093552925088956,0.05489209253477312,-0.004086651652370951,-0.948704160073183,0.05501930905743086,0.004010224746555678,0.38607982359892135,0.10229228406501013,-0.0011581126566052216,1.0220611047268868,0.10027655895062411,-0.003623637884957548,5.004108005721969e-05,0.05393512363663462,0.00021555167953155735,0.00012347622663493485,0.053288107687215536,0.00021268759053175062,0.004971381136211901,0.0990736223738764,0.00037745274342506637,2.388571428571429,0.0,0.075,0.185,0.115
0.114,12.0,3.0498660105178184e+16,-0.9438914354136352,0.10861411984222114,0.004206391628581809,0.36740121667030357,0.04223371925404311,-0.0013250083636010793,1.0585093751943289,0.04140148083691873,-0.004004534904939211,-0.9437380914514193,0.10647381951415573,0.004197486464931932,0.37099450052464916,0.04090482083829658,-0.0013445965193498463,1.0696941525416903,0.05770586536376928,-0.003983420246372748,-0.9361211316581505,0.10519653942696529,0.004161659104724312,0.3896564414790712,0.056568739889210476,-0.0013547887051148118,1.1104201120878254,0.0558901305808599,-0.004150651178032384,-0.9496599920948665,0.056019660131202326,0.004018895280817542,0.38019095326765107,0.10415214377528303,-0.0011277107192945533,1.0378132833453524,0.10209976911336271,-0.0036798453424540965,5.300027494001212e-05,0.05491576224820979,0.0002194628846726103,0.00013107795421740022,0.05425698237243763,0.0002165340245832108,0.005241610381199984,0.10087496096249232,0.0003836143193051217,2.432,0.0,0.075,0.185,0.115
0.116,12.0,3.0499773566593052e+16,-0.944645488052165,0.11055365769654653,0.004217780372440727,0.3612125253164701,0.04298789281215103,-0.0012976532954326102,1.0743579194004893,0.04214079299472086,-0.004065474328798432,-0.9444273048366242,0.10837513771976566,0.00420845291668474,0.3648323503292394,0.04163526406755188,-0.0013174369458283893,1.0857028468305365,0.05873632724526517,-0.004043831301185701,-0.9368638262218913,0.10707504905958967,0.004172784722870961,0.3839387767593963,0.05757889595866067,-0.0013283101820816422,1.1271567341950646,0.056888168626946685,-0.004214127773843515,-0.9504187665430208,0.0570200112049738,0.004026720013199361,0.3741657443255133,0.10601200348555595,-0.0010967157991283805,1.0534424099005029,0.10392297927610133,-0.003735561216277004,5.6084832007850135e-05,0.05589640085978497,0.00022337360233937983,0.00013902620244219175,0.055225857057659734,0.00022037911641376934,0.005521270598224191,0.10267629955110827,0.00038973875667963316,2.4754285714285715,0.0,0.075,0.185,0.115
0.11800000000000001,12.0,3.0500954881667984e+16,-0.945277548509309,0.11249319555087191,0.004228554734412148,0.35494470543953255,0.04374206637025894,-0.0012698818357848446,1.0900826394576866,0.042880105152522975,-0.004125911256991866,-0.9449887873600294,0.11027645592537559,0.004218815043047999,0.35858619665542557,0.04236570729680717,-0.001289866572129729,1.101587832733535,0.05976678912676105,-0.004103744230815102,-0.9374606882143911,0.10895355869221407,0.004183269539656422,0.37812480928063164,0.058589052028110856,-0.0013013988989251418,1.1437624512726787,0.05788620667303347,-0.004277082110088124,-0.9509987922475825,0.05802036227874527,0.004033756515287064,0.3680190819957002,0.10787186319582888,-0.0010651755245187377,1.068948809451468,0.10574618943883997,-0.003790784881846652,5.9298314767896556e-05,0.05687703947136015,0.00022728381855740922,0.0001473321889042414,0.05619473174288184,0.0002242228221617586,0.005810507036119235,0.1044776381397242,0.0003958254701660001,2.518857142857143,0.0,0.075,0.185,0.115
0.12,12.0,3.0502083273068908e+16,-0.9458051164130455,0.1144327334051973,0.004238841127658026,0.34861203787770684,0.044496239928366856,-0.0012417938620446628,1.1056836400288044,0.0436194173103251,-0.004185852888589446,-0.9454415801418935,0.11217777413098552,0.004228666245964061,0.3522714774831264,0.04309615052606247,-0.0012619601845174524,1.117349420183034,0.06079725100825693,-0.004163162326901114,-0.9379415572656076,0.11083206832483845,0.004193171026156918,0.372238161039455,0.05959920809756105,-0.0012741024047322825,1.1602388048241534,0.05888424471912026,-0.004339512826214234,-0.9514306458916376,0.05902071335251675,0.004040078022400397,0.3617751657777138,0.1097317229061018,-0.0010331494363583938,1.084334296134751,0.10756939960157859,-0.0038455176393995577,6.264435786981776e-05,0.05785767808293533,0.00023119351907266973,0.00015600738677515484,0.05716360642810394,0.0002280650969567988,0.006109463830000595,0.10627897672834015,0.00040187387876888364,2.5622857142857147,0.0,0.075,0.185,0.115
0.122,12.0,3.050309609412967e+16,-0.9462433046735709,0.11637227125952264,0.004248709550690273,0.3422269992268343,0.04525041348647475,-0.0012134464975649285,1.1211607469162046,0.04435872946812721,-0.004245299642242709,-0.9458021170364197,0.11407909233659541,0.004238082689913956,0.34590166058542116,0.04382659375531776,-0.0012337795349112346,1.1329876129371164,0.06182771288975279,-0.004222086829173125,-0.938327741998766,0.1127105779574628,0.0042026085408922815,0.366295997454353,0.06060936416701122,-0.0012465151874897751,1.1765863121521312,0.059882282765207025,-0.004401426088235786,-0.9517399471988848,0.0600210644262882,0.004045806841271704,0.355454450036722,0.11159158261637467,-0.0010007343326453567,1.099600090356322,0.10939260976431718,-0.0038997667454817356,6.612666835503556e-05,0.058838316694510485,0.0002351026893465627,0.00016506352814523736,0.05813248111332603,0.0002319058949062035,0.006418283984499682,0.10808031531695605,0.00040788340594782185,2.6057142857142854,0.0,0.075,0.185,0.115
0.124,12.0,3.050367121028536e+16,-0.9466051574099043,0.11831180911384803,0.004258220455149676,0.3358005010463921,0.04600458704458267,-0.0011848896487290067,1.1365135464255012,0.045098041625929335,-0.004304250821161102,-0.9460845675757333,0.11598041054220534,0.0042471301103145,0.33948850148859877,0.044557036984573056,-0.0012053784944033926,1.148502151055878,0.06285817477124868,-0.004280517752663471,-0.9386340050094888,0.1145890875900872,0.004211667318355413,0.36031052793321994,0.06161952023646141,-0.0012187059088715664,1.1928047084612368,0.06088032081129382,-0.0044628239653633495,-0.9519481645945054,0.06102141550005967,0.004051045450795778,0.3490742513947275,0.1134514423266476,-0.0009680120308402975,1.1147469177747409,0.1112158199270558,-0.0039535370817170646,6.974902690566299e-05,0.059818955306085664,0.00023901131455092252,0.00017451260730808434,0.05910135579854813,0.0002357451690816116,0.006737109357140083,0.10988165390557199,0.0004138534796842892,2.649142857142857,0.0,0.075,0.185,0.115
0.126,12.0,3.0503774477269156e+16,-0.9469019260044853,0.12025134696817341,0.0042674260175123106,0.3293420975248594,0.04675876060269059,-0.001156166961774806,1.15174141958957,0.04583735378373145,-0.004362704770567078,-0.9463200013818978,0.11788172874781527,0.004255865185294194,0.3330566020861672,0.045287480213828356,-0.0011768040850990817,1.163894813813241,0.06388863665274457,-0.004338454057612534,-0.9388729750654129,0.11646759722271158,0.004220406408928802,0.354292348143249,0.0626296763059116,-0.0011907234065092335,1.2088934818103148,0.061878358857380605,-0.004523705398415425,-0.952073278336091,0.06202176657383115,0.004055879724673347,0.3426492484869804,0.11531130203692051,-0.0009350517974312278,1.1297750908911128,0.11303903008979443,-0.004006831550739786,7.351528909308635e-05,0.06079959391766084,0.0002429193795630207,0.00018436688398694375,0.060070230483770234,0.0002395828715058486,0.007066080641856986,0.11168299249418794,0.0004197835325481914,2.6925714285714286,0.0,0.075,0.185,0.115
0.128,12.0,3.0508274458114176e+16,-0.9471433080494828,0.12219088482249879,0.0042763712433079365,0.3228601652073782,0.0475129341607985,-0.0011273166534562435,1.1668435718295072,0.04657666594153358,-0.004420659014592146,-0.9465261470694265,0.1197830469534252,0.004264412193341291,0.32662043559153725,0.046017923443083655,-0.0011481547145723344,1.1791657865959013,0.06491909853424045,-0.004395902861116002,-0.9390554415999659,0.11834610685533596,0.004228876327682995,0.3482506614111999,0.06363983237536179,-0.0011626100630715488,1.2248519096980206,0.06287639690346739,-0.00458406833962739,-0.9521303381223313,0.06302211764760261,0.004060381583934775,0.3361919021390904,0.11717116174719343,-0.0009019123469591479,1.1446845777129675,0.11486224025253305,-0.00405965140255432,7.742938662615508e-05,0.06178023252923602,0.00024682686896057175,0.00019463888650206714,0.06103910516899234,0.00024341895314002157,0.0074053373526618334,0.11348433108280388,0.0004256730017637876,2.736,0.0,0.075,0.185,0.115
0.13,12.0,3.0508335078859616e+16,-0.9473376565390907,0.12413042267682418,0.004285094922905228,0.3163620603532271,0.04826710771890642,-0.0010983722299538871,1.1818190589427153,0.0473159780993357,-0.004478110374920686,-0.9467066537026597,0.12168436515903513,0.004272842048913846,0.3201837783230291,0.046748366672338955,-0.0011194882756767933,1.1943135756412802,0.06594956041573632,-0.00445286490472066,-0.9391906081852576,0.12022461648796035,0.004237120232351705,0.34219346927001376,0.06464998844481198,-0.0011344026918655517,1.2406790905876817,0.06387443494955418,-0.004643909898993866,-0.9521319319395862,0.0640224687213741,0.004064611227374821,0.32971280864571495,0.11903102145746634,-0.0008686435227264962,1.1594750595241754,0.11668545041527169,-0.004111996509190783,8.149532859893852e-05,0.0627608711408112,0.0002507337670167402,0.00020534141487827678,0.06200797985421445,0.00024725336387084953,0.007755017807454266,0.11528566967141982,0.00043152132927503197,2.779428571428572,0.0,0.075,0.185,0.115
0.132,12.0,3.0508366385162452e+16,-0.9474921602532419,0.12606996053114955,0.004293630468280961,0.3098542546173141,0.04902128127701433,-0.0010693631163048512,1.1966668095409554,0.04805529025713782,-0.00453505507474231,-0.9468647173854468,0.12358568336464505,0.0042811693482692195,0.31375005978264664,0.04747880990159424,-0.0010908198736857392,1.2093366463583968,0.0669800222972322,-0.004509334213376192,-0.9392863273531145,0.12210312612058472,0.00424517493722337,0.3361277481119093,0.06566014451426216,-0.0011061332990230065,1.2563739730724675,0.06487247299564096,-0.004703226470368163,-0.9520885802472433,0.06502281979514556,0.004068619006938927,0.3232209968021487,0.12089088116773924,-0.0008352877099119028,1.1741459794793676,0.1185086605780103,-0.00416386559578466,8.57172027380079e-05,0.06374150975238638,0.00025464005769514975,0.00021648754389198702,0.06297685453943654,0.000251086052498233,0.008115259111983372,0.11708700826003574,0.0004373279618103259,2.822857142857143,0.0,0.075,0.185,0.115
0.134,12.0,3.0508369540100976e+16,-0.9476130000521169,0.12800949838547493,0.0043020066345548676,0.30334245261771886,0.04977545483512224,-0.0010403151991287673,1.2113856445146078,0.04879460241493994,-0.004591488828504062,-0.947003135227959,0.12548700157025497,0.004289406875822807,0.30732240306065917,0.04820925313084954,-0.0010621632266071884,1.224233430260402,0.06801048417872808,-0.004565304648718674,-0.939349291439878,0.1239816357532091,0.004253071852425294,0.3300595926904416,0.06667030058371236,-0.001077829790112788,1.271935379644407,0.06587051104172774,-0.004762013848122959,-0.9520090673667165,0.06602317086891703,0.004072447004464641,0.3167241776396587,0.12275074087801216,-0.0008018810236965463,1.1886965834745455,0.12033187074074893,-0.004215256434954474,9.009917664919959e-05,0.06472214836396155,0.00025854572464489416,0.00022809062605692843,0.06394572922465865,0.0002549169667230666,0.008486197143960265,0.11888834684865168,0.00044309235094667327,2.8662857142857145,0.0,0.075,0.185,0.115
0.136,12.0,3.0508347508650148e+16,-0.9477054848531585,0.1299490362398003,0.004310248145167669,0.29683169423232575,0.05052962839323015,-0.001011251296897955,1.2259742939853893,0.049533914572742054,-0.004647406919767463,-0.9471243552110967,0.1273883197758649,0.004297565820015295,0.30090366219169984,0.04893969636010483,-0.0010335308268022174,1.2390023313738872,0.06904094606022396,-0.004620769936800713,-0.939385194831292,0.12586014538583348,0.004260837747302846,0.32399433811294187,0.06768045665316254,-0.0010495165441491163,1.2873620269320585,0.06686854908781452,-0.00482026732222637,-0.9519007200573991,0.0670235219426885,0.00407613035723762,0.3102289543886899,0.12461060058828506,-0.0007684543082054947,1.203125954519002,0.12215508090348753,-0.004266166010284233,9.464549906381462e-05,0.06570278697553672,0.00026245075119555006,0.00024016429454783413,0.06491460390988074,0.0002587460531352953,0.008867966537323961,0.1206896854372676,0.00044881395317322937,2.9097142857142857,0.0,0.075,0.185,0.115
0.138,12.0,3.050388526318097e+16,-0.947774169608818,0.1318885740941257,0.004318376235789136,0.29032644336426816,0.05128380195133807,-0.0009821915691239508,1.240431412034952,0.05027322673054418,-0.00470280426901938,-0.947230519810563,0.12928963798147483,0.0043056559727702864,0.29449645483066283,0.04967013958936013,-0.001004934090409359,1.2536417318711939,0.07007140794171984,-0.004675723693728669,-0.9393988762035435,0.12773865501845785,0.004268495399399,0.31793666682352467,0.06869061272261273,-0.0010212149015613166,1.3026525434525695,0.06786658713390131,-0.004877981759192629,-0.9517696416791066,0.06802387301645997,0.004079698372295437,0.30374099899593854,0.126470460298558,-0.0007350339763605278,1.217433041641561,0.12397829106622615,-0.004316590653811104,9.936050108420738e-05,0.06668342558711189,0.0002663551203521923,0.00025272246606135914,0.06588347859510284,0.00026257325720222,0.009260700666662553,0.12249102402588355,0.00045449222995423835,2.9531428571428573,0.0,0.075,0.185,0.115
0.14,12.0,3.0503824637340924e+16,-0.9478229576447985,0.13382811194845107,0.0043264091262290765,0.28383066494933307,0.05203797550944598,-0.0009531538714192888,1.254755589501094,0.0510125388883463,-0.004757675492586423,-0.9473235041637237,0.13119095618708476,0.004313685903990591,0.28810319083483704,0.05040058281861543,-0.0009763834880481897,1.268149997023468,0.07110186982321573,-0.004730159448191913,-0.9393944410668592,0.12961716465108225,0.004276064163418503,0.31189070078402303,0.06970076879206291,-0.000992943592125847,1.3178054849257514,0.06886462517998809,-0.004935151673090326,-0.9516209090073737,0.06902422409023144,0.004083175463077352,0.29726520051461164,0.1283303200088309,-0.0007016427159484306,1.2316166842014944,0.12580150122896477,-0.004366526161650385,0.00010424859742871496,0.06766406419868708,0.00027025881479041146,0.0002657793436135139,0.06685235328032495,0.0002663985232570544,0.009664531631791594,0.12429236261449948,0.00046012664779134774,2.996571428571429,0.0,0.075,0.185,0.115
0.14200000000000002,12.0,3.050816940062615e+16,-0.9478551894100328,0.13576764980277645,0.0043343624297903,0.27734789174601965,0.052792149067553897,-0.0009241540635271167,1.2689453650954718,0.05175185104614843,-0.004812014953819783,-0.9474049494634305,0.1330922743926947,0.004321663114225673,0.2817260972646367,0.05113102604787073,-0.0009478886591478652,1.2825254795598342,0.07213233170471162,-0.004784070661275026,-0.9393753652265108,0.13149567428370665,0.004283560461402263,0.3058600792938745,0.0707109248615131,-0.0009647191036900398,1.3328193472354262,0.06986266322607489,-0.004991771286798706,-0.9514587376457221,0.07002457516400291,0.004086581936685507,0.2908057898410016,0.13019017971910382,-0.0006683000831820313,1.245675632336949,0.12762471139170342,-0.004415967891239164,0.00010931428767587695,0.06864470281026225,0.0002741618168513341,0.0002793494192729054,0.06782122796554704,0.0002702217944877341,0.010079590242491646,0.12609370120311542,0.0004657166782852953,3.0400000000000005,0.0,0.075,0.185,0.115
0.14400000000000002,12.0,3.0508085685483704e+16,-0.9478737194218892,0.13770718765710183,0.004342249508268539,0.2708812822475052,0.053546322625661814,-0.0008952062764814313,1.282999235063744,0.052491163203950544,-0.0048658168075660846,-0.9474762921767138,0.13499359259830462,0.00432959416824694,0.27536724025072523,0.05186146927712603,-0.0009194585119500427,1.2967665235072796,0.0731627935862075,-0.004837450743894507,-0.9393445863423385,0.13337418391633102,0.0042909981965713676,0.29984802788758824,0.0717210809309633,-0.0009365559934516448,1.3476925779078748,0.07086070127216167,-0.005047834583853058,-0.9512866210344998,0.07102492623777439,0.0040899346555339855,0.2843664445591062,0.13205003942937674,-0.0006350230016464994,1.2596085641675812,0.12944792155444204,-0.0044649108431300275,0.00011456215750789378,0.06962534142183743,0.0002780641085366462,0.00029344747682908914,0.06879010265076915,0.000274043012925985,0.010506006003406903,0.12789503979173136,0.00047126179819695883,3.083428571428572,0.0,0.075,0.185,0.115
0.146,12.0,3.0507995489994428e+16,-0.9478809829574115,0.1396467255114272,0.004350081779733266,0.26443367087989955,0.05430049618376972,-0.0008663231442549419,1.296915661580315,0.05323047536175266,-0.004919075038807965,-0.9475387896110852,0.13689491080391453,0.0043374848119225136,0.26902854411910077,0.05259191250638132,-0.0008911013109773757,1.3108714675764248,0.07419325546770338,-0.004890293072158305,-0.9393045822379772,0.1352526935489554,0.004298389119565176,0.29385741726415693,0.07273123700041348,-0.000908467163548699,1.3624235859545737,0.07185873931824845,-0.005103335354358506,-0.9511074472610584,0.07202527731154586,0.0040932475933841824,0.27795037705684744,0.13390989913964962,-0.0006018261816778263,1.2734141002701238,0.13127113171718063,-0.004513349729801602,0.0001199968799532699,0.0706059800334126,0.00028196567150361884,0.000308088594395349,0.06975897733599125,0.00027786211943664864,0.010943907099106752,0.12969637838034728,0.00047676148950776155,3.1268571428571432,0.0,0.075,0.185,0.115
0.148,12.0,3.050790156571237e+16,-0.9478790538390955,0.14158626336575256,0.0043578689852926565,0.2580076114992671,0.05505466974187763,-0.0008375160045520877,1.3106930800447916,0.05396978751955478,-0.004971783496243041,-0.9475935422855131,0.13879622900952443,0.004345340074482438,0.26271180811658384,0.05332235573563661,-0.0008628247535338567,1.324838648150131,0.07522371734919925,-0.004942591000908903,-0.9392574371008917,0.13713120318157976,0.004305743141678228,0.287890813098148,0.07374139306986366,-0.000880464096777173,1.3770107502238402,0.07285677736433523,-0.0051582672343609545,-0.9509235972072448,0.07302562838531731,0.0040965323025855035,0.2715604085744152,0.13576975884992254,-0.0005687224728276996,1.287090815863025,0.13309434187991925,-0.004561279033560818,0.00012562321662858662,0.07158661864498778,0.000285866487060138,0.00032328814694523075,0.07072785202121334,0.000281679053707272,0.011393420379312158,0.1314977169689632,0.0004822152394794258,3.1702857142857144,0.0,0.075,0.185,0.115
0.15,12.0,3.050780620727669e+16,-0.9478696944876978,0.14352580122007794,0.004365619420236694,0.25160541506781153,0.05580884329998553,-0.0008087950727971262,1.3243299054254174,0.0547090996773569,-0.005023935921469738,-0.9476415135057992,0.14069754721513436,0.00435316435800259,0.25641872103626856,0.0540527989648919,-0.0008346360366067678,1.338666401924709,0.07625417923069512,-0.004994337875677744,-0.9392048988686322,0.13900971281420413,0.004313068599660383,0.2819505192243109,0.07475154913931384,-0.0008525570558353367,1.3914524266622637,0.073854815410422,-0.0052126237392536735,-0.950737027007576,0.07402597945908879,0.004099798306665335,0.2651990314222528,0.13762961856019543,-0.0005357231600568792,1.3006372510667532,0.13491755204265787,-0.004608693055281469,0.0001314460189793475,0.07256725725656293,0.00028976653615973743,0.0003390618087821695,0.07169672670643544,0.0002854937542379609,0.01185467134428872,0.13329905555757915,0.000487622540713068,3.2137142857142855,0.0,0.075,0.185,0.115
0.152,12.0,3.050771128173528e+16,-0.9478543992614589,0.14546533907440332,0.004373340134248404,0.2452291822747829,0.05656301685809345,-0.0007801695928388723,1.3378245377757114,0.055448411835159014,-0.005075525974361034,-0.9476835464939984,0.1425988654207443,0.004360961515706175,0.250150874005043,0.0547832421941472,-0.0008065419153684855,1.352353068247212,0.07728464111219101,-0.005045527043250072,-0.9391484285186008,0.14088822244682853,0.004320372485261843,0.2760386147284448,0.07576170520876403,-0.0008247552560621876,1.4057469545774148,0.07485285345650879,-0.0052663982928230196,-0.9505493373182362,0.07502633053286026,0.004103053430161745,0.25886846125047214,0.13948947827046834,-0.0005028382126071379,1.3140519195478202,0.1367407622053965,-0.004655585955445427,0.00013747022951983738,0.07354789586813812,0.00029366579939663507,0.00035542555594156127,0.07266560139165754,0.00028930615833150147,0.0123277841304082,0.13510039414619507,0.0004929828912076254,3.257142857142857,0.0,0.075,0.185,0.115
0.154,12.0,3.0507618270641304e+16,-0.9478344319678875,0.1474048769287287,0.00438103710476075,0.23888083176774424,0.057317190416201355,-0.0007516479674343262,1.3511753670339754,0.05618772399296113,-0.005126547255131001,-0.9477203793777176,0.1445001836263542,0.00436873492048141,0.24390977166251296,0.055513685423402494,-0.000778548754326562,1.365896991186824,0.07831510299368688,-0.005096151861014101,-0.9390892423883102,0.1427667320794529,0.004327660642392215,0.2701569857908746,0.07677186127821421,-0.0007970670138009224,1.4198926620414745,0.07585089150259557,-0.005319584252299277,-0.9503618314989899,0.07602668160663172,0.004106304075699472,0.2525706809522928,0.14134933798074126,-0.00047007649307892355,1.327333315805331,0.13856397236813509,-0.004701951788718741,0.00014370088307193483,0.07452853447971329,0.00029756425700077385,0.00037239566852464214,0.07363447607687963,0.0002931162020837523,0.012812881495880347,0.136901732734811,0.0004982957944176112,3.3005714285714283,0.0,0.075,0.185,0.115
0.156,12.0,3.0507528317908896e+16,-0.9478108583183424,0.14934441478305407,0.004388715387003766,0.23256212457294012,0.05807136397430927,-0.00072323787117374,1.364380777200902,0.056927036150763256,-0.005176993323532849,-0.9477526583068553,0.14640150183196413,0.004376487524838727,0.2376968419320415,0.05624412865265779,-0.0007506625720394206,1.3792965213735378,0.07934556487518275,-0.005146205705246564,-0.9390283484971268,0.14464524171207727,0.0043349379364015506,0.2643073530119274,0.0777820173476644,-0.0007694998737728409,1.4338878705559976,0.07684892954868236,-0.005372174929971169,-0.9501755644754052,0.07702703268040319,0.004109555456717573,0.24630747753252458,0.14320919769101417,-0.0004374459330451145,1.3404799213174445,0.14038718253087373,-0.0047477845330978295,0.0001501431080028153,0.07550917309128846,0.00030146188883286613,0.0003899887329635494,0.07460335076210174,0.0002969238203743084,0.013310084806656786,0.13870307132342694,0.0005035607593101865,3.344,0.0,0.075,0.185,0.115
0.158,12.0,3.0507442280373372e+16,-0.9477845739947781,0.15128395263737945,0.004396379243822888,0.226274685207876,0.05882553753241719,-0.0006949463481620917,1.3774391499779601,0.05766634830856538,-0.0052268577155693465,-0.9477809489318496,0.14830282003757406,0.004384221913377718,0.23151344455955006,0.05697457188191309,-0.0007228890802005135,1.3925500176331433,0.08037602675667864,-0.005195681978467436,-0.9389665829108316,0.14652375134470166,0.004342208399367314,0.2584912988163025,0.0787921734171146,-0.0007420607183792514,1.4477308996995313,0.07784696759476914,-0.005424163611844914,-0.949991383767294,0.07802738375417467,0.00411281179291832,0.2400804730604877,0.1450690574012871,-0.00040495368052495,1.3534902097303343,0.14221039269361235,-0.004793078114495328,0.00015680212746148139,0.07648981170286365,0.00030535867437944333,0.00040822164421695225,0.07557222544732384,0.0003007289468574412,0.013819514022508732,0.14050440991204288,0.0005087773004215444,3.3874285714285715,0.0,0.075,0.185,0.115
0.16,12.0,3.0502953501645308e+16,-0.947756328910323,0.15322349049170483,0.004404032257945932,0.22002001992346398,0.0595797110905251,-0.0006667798964694036,1.3903488679383267,0.0584056604663675,-0.005276133958046371,-0.9478057464482426,0.150204138243184,0.004391940348700134,0.2253608785738335,0.05770501511116839,-0.0006952337177935266,1.4056558484438804,0.08140648863817453,-0.005244574115979876,-0.9389046271791086,0.14840226097732603,0.004349475375552631,0.25271028046602795,0.07980232948656478,-0.0007147558773189509,1.4614200695078248,0.07884500564085593,-0.005475543576234702,-0.9498099639326174,0.07902773482794614,0.0041160764743809605,0.23389115064883292,0.14692891711156,-0.00037260622379571074,1.3663626512429725,0.14403360285635097,-0.0048378264274959335,0.00016368326061405385,0.07747045031443882,0.00030925459274790937,0.00042711160789565166,0.07654110013254595,0.00030453151395331597,0.014341287683280253,0.14230574850065883,0.0005139449379126005,3.430857142857143,0.0,0.075,0.185,0.115
0.162,12.0,3.050287772663786e+16,-0.9477267481690431,0.1551630283460302,0.0044116774290254126,0.2137995324558583,0.06033388464863302,-0.0006387445410993239,1.4031083172926362,0.05914497262416962,-0.005324815581256628,-0.9478274843867274,0.15210545644879392,0.004399644811588147,0.21924038880294586,0.05843545834042369,-0.0006677016809336393,1.4186123932369026,0.08243695051967041,-0.00529287559169684,-0.9388430330585189,0.15028077060995043,0.004356741591156237,0.24696564865836496,0.08081248555601497,-0.000687591179640052,1.4749537037043852,0.07984304368694271,-0.005526308103283529,-0.9496473026833688,0.08002808590171762,0.004119352199337341,0.22775268274451285,0.14878877682183292,-0.00034040949530800003,1.3790975466724027,0.1458568130190896,-0.0048820233528955315,0.00017079192387775628,0.078451088926014,0.0003131496226615998,0.00044667614231756113,0.07750997481776806,0.0003083314528394896,0.01487552289531881,0.14410708708927478,0.0005190631976239781,3.4742857142857146,0.0,0.075,0.185,0.115
0.164,12.0,3.0502806644835724e+16,-0.9476963501638649,0.1571025662003556,0.0044193172574775955,0.2076145376183145,0.06108805820674093,-0.0006108458969964696,1.4157158903035745,0.05988428478197174,-0.0053728961300426575,-0.9478465423054614,0.15400677465440382,0.004407337036164525,0.21315317156445054,0.05916590156967898,-0.0006402979489330676,1.4314180435599153,0.08346741240116629,-0.005340579923342945,-0.9387822442566698,0.1521592802425748,0.004364009253204375,0.24125866387966616,0.08182264162546515,-0.0006605720281315993,1.4883301325634442,0.0808410817330295,-0.005576450487885423,-0.9495079227055311,0.08102843697548907,0.004122702958635432,0.22166947732715545,0.15064863653210583,-0.00030841618484962806,1.3916938553259712,0.1476800231818282,-0.004925670093962298,0.00017813363215352345,0.07943172753758918,0.0003170437424548457,0.0004669330804914932,0.07847884950299015,0.00031212869344269037,0.015422335318084754,0.1459084256778907,0.0005241316111302875,3.517714285714286,0.0,0.075,0.185,0.115
0.166,12.0,3.050273969587893e+16,-0.9476655621939654,0.15904210405468097,0.004426953816874184,0.20146627302013737,0.06184223176484884,-0.0005830892234138626,1.428169987396175,0.060623596939773865,-0.005420369173455202,-0.9478632525218103,0.15590809286001375,0.004415018540661901,0.20710037963263792,0.05989634479893428,-0.0006130273070620652,1.4440712041208883,0.08449787428266217,-0.005387680677109013,-0.93872261331037,0.1540377898751992,0.004371280136527476,0.23559050907186846,0.08283279769491535,-0.0006337034647390032,1.5015476951830895,0.08183911977911629,-0.005625964051137311,-0.9493882126037083,0.08202878804926055,0.004126146843019167,0.21563972457237476,0.15250849624237875,-0.0002766439243391068,1.4041495921789853,0.14950323334456683,-0.004968762487925618,0.00018571400005716252,0.08041236614916435,0.0003209369300680433,0.00048790057202918876,0.07944772418821225,0.00031592316443088304,0.015981839150941427,0.14770976426650664,0.0005291497157936876,3.5611428571428574,0.0,0.075,0.185,0.115
0.168,12.0,3.050267650137313e+16,-0.9476347339327306,0.16098164190900635,0.0044345888164118875,0.19535590916210202,0.06259640532295675,-0.0005554794707887226,1.440469019004454,0.06136290909757599,-0.005467228313194396,-0.9478779060035569,0.15780941106562368,0.004422690654349736,0.20108312657297026,0.06062678802818958,-0.0005858943664177933,1.456570293726627,0.08552833616415806,-0.005434171471826921,-0.9386644161990095,0.15591629950782357,0.004378555651272774,0.22996230059058426,0.08384295376436554,-0.0006069902212300117,1.5146047414794406,0.08283715782520307,-0.005674842149431546,-0.9492851324941782,0.08302913912303203,0.004129669406906961,0.20966204109587067,0.15436835595265166,-0.0002450854744788924,1.4164628587004744,0.15132644350730548,-0.00501129259468672,0.00019353874314899377,0.08139300476073953,0.0003248291630427295,0.0005095970849850392,0.08041659887343436,0.0003197147932056207,0.01655414712012756,0.14951110285512256,0.0005341170548167246,3.604571428571429,0.0,0.075,0.185,0.115
0.17,12.0,3.050261678941387e+16,-0.9476041490337976,0.16292117976333173,0.00444222365478425,0.18928455812500516,0.06335057888106467,-0.0005280213211241493,1.4526114071896117,0.0621022212553781,-0.005513467190996304,-0.9478907575245893,0.15971072927123361,0.004430354541099162,0.1951024905227611,0.06135723125744487,-0.0005589035812621015,1.468913746129097,0.08655879804565393,-0.005480045982723892,-0.9386078645838503,0.15779480914044794,0.004385836901357829,0.2243750973681119,0.08485310983381572,-0.0005804367630270742,1.527499633890338,0.08383519587128985,-0.005723078182432603,-0.949196123139013,0.08402949019680349,0.004133258490763927,0.2037354009198168,0.15622821566292455,-0.00021373530173178447,1.4286318321312357,0.15314965367004407,-0.005053252820121722,0.000201613679161896,0.08237364337231469,0.0003287204185166628,0.000532041407622964,0.08138547355865645,0.0003235035058946857,0.017139370465913507,0.15131244144373848,0.0005390331772944436,3.648,0.0,0.075,0.185,0.115
0.17200000000000001,12.0,3.050256035441569e+16,-0.9475740351247622,0.1648607176176571,0.004449859466605819,0.18325328103950952,0.06410475243917259,-0.0005007192227433303,1.4645955870603413,0.06284153341318023,-0.005559079495105726,-0.9479020301769642,0.16161204747684355,0.004438011220005731,0.18915951748724952,0.06208767448670017,-0.0005320592641442438,1.4811000107907957,0.0875892599271498,-0.0055252979448077895,-0.938553116258639,0.15967331877307234,0.00439312473342769,0.2188299087251693,0.08586326590326591,-0.0005540473258593839,1.5402307488591653,0.08483323391737664,-0.005770665599891845,-0.949119029542793,0.08502984127057496,0.004136903857638352,0.19785907738690697,0.1580880753731975,-0.00018258930218647719,1.4406547565112313,0.1549728638327827,-0.005094635873193812,0.0002099447292276799,0.08335428198388987,0.00033261067321891193,0.0005552526501099205,0.08235434824387855,0.00032728922734502234,0.017737618929943,0.15311378003235443,0.0005438976382657637,3.6914285714285717,0.0,0.075,0.185,0.115
0.17400000000000002,12.0,3.050250702841468e+16,-0.9475445724051994,0.1668002554719825,0.004457497162386978,0.17726309450070174,0.06485892599728049,-0.00047357742016891614,1.4764200080216998,0.06358084557098234,-0.005604058965957436,-0.9479119193197453,0.16351336568245348,0.004445661583437671,0.183255224211615,0.06281811771595547,-0.0005053655990851762,1.493127553578999,0.08861972180864569,-0.0055699211559286,-0.9385002822761139,0.1615518284056967,0.004400419778657343,0.2133276996561845,0.08687342197271611,-0.0005278259470098128,1.5527964779185128,0.08583127196346342,-0.005817597907582807,-0.9490520367093301,0.08603019234434643,0.004140596887548558,0.19203259428374225,0.1599479350834704,-0.00015164456921374625,1.4525299351751921,0.15679607399552134,-0.0051354347300628395,0.00021853791910171082,0.08433492059546505,0.0003364999034649495,0.0005792502461355332,0.08332322292910066,0.00033107188111596296,0.01834900074276192,0.15491511862097038,0.0005487099987641096,3.7348571428571433,0.0,0.075,0.185,0.115
0.176,12.0,3.0502456670243504e+16,-0.947515901036991,0.16873979332630787,0.004465137462926029,0.17131497606923224,0.06561309955538841,-0.0004465999797812533,1.4880831348754768,0.06432015772878447,-0.005648399401171662,-0.9479205960349846,0.1654146838880634,0.004453306412831234,0.177390600681938,0.06354856094521076,-0.00047882665306561695,1.5049948573975092,0.08965018369014158,-0.0056139094795554295,-0.9384494352964903,0.1634303380383211,0.0044077224812577405,0.20786939705793042,0.08788357804216629,-0.0005017764864560729,1.5651952289117144,0.08682931000955021,-0.005863868671635851,-0.9489936156224678,0.08703054341811792,0.004144330320509792,0.1862556847111097,0.16180779479374333,-0.00012089919795999571,1.4642557244805106,0.15861928415825996,-0.005175642604067729,0.00022739938038570043,0.08531555920704023,0.0003403880851517541,0.0006040539544573463,0.08429209761432276,0.0003348513894727489,0.018973622611535648,0.15671645720958632,0.0005534698258672976,3.778285714285715,0.0,0.075,0.185,0.115
0.178,12.0,3.050240914903771e+16,-0.9474881274900959,0.17067933118063322,0.004472780928870497,0.16540986898221663,0.06636727311349631,-0.0004197908118229437,1.4995834487919195,0.06505946988658658,-0.0056920946599555615,-0.9479282101524051,0.16731600209367328,0.004460946392514631,0.17156661230150808,0.06427900417446605,-0.00045244638602988775,1.516700422763401,0.09068064557163744,-0.005657256847303487,-0.9384006211048472,0.16530884767094545,0.004415033131869743,0.20267391294651307,0.08889373411161647,-0.0004759026517852558,1.5766978039921913,0.08782734805563698,-0.0059094715234243094,-0.9489424778232881,0.08803089449188936,0.0041480980404574284,0.18052825647085097,0.1636676545040162,-9.035212082837396e-05,1.4758305285694244,0.16044249432099855,-0.0052152529206380485,0.00023653535174858508,0.08629619781861539,0.00034427519375291877,0.0006296838603712139,0.08526097229954485,0.00033862767338035005,0.019611589707956577,0.15851779579820222,0.0005581766927466663,3.8217142857142856,0.0,0.075,0.185,0.115
0.18,12.0,3.0502364344579256e+16,-0.9474613299852509,0.1726188690349586,0.004480427986100218,0.15954868618078677,0.06712144667160422,-0.00039315368924244966,1.5109194481700075,0.06579878204438869,-0.005735138666990124,-0.9479348928966572,0.16921732029928319,0.0044685821218067535,0.16578420178309541,0.06500944740372135,-0.0004262286595911469,1.5282427683353426,0.09171110745313331,-0.00569995726124107,-0.9383538598766917,0.16718735730356982,0.004422351913633668,0.1981184486204546,0.08990389018106665,-0.0004510800910617857,1.5860466158006534,0.08882538610172376,-0.005951489671561869,-0.9488975372152169,0.08903124556566083,0.004151894893555796,0.17485036293434175,0.1655275142142891,-6.000296902624747e-05,1.4872527949993057,0.16226570448373714,-0.005254259296342749,0.0002459521801454066,0.08727683643019056,0.00034816120431376793,0.0006561603771063568,0.08622984698476695,0.00034240065249758296,0.020263005656343175,0.16031913438681814,0.0005628301787154463,3.8651428571428568,0.0,0.075,0.185,0.115
0.182,12.0,3.0502322138975216e+16,-0.9474355631563314,0.17455840688928398,0.004488078947498139,0.15373231374705332,0.06787562022971215,-0.0003666922638042985,1.5220896494011742,0.06653809420219083,-0.005777525415871267,-0.9479407592042893,0.17111863850489314,0.004476214125606202,0.16004429079274923,0.06573989063297665,-0.00040017724460047506,1.5396204313992248,0.09274156933462921,-0.005742004796002853,-0.9383091508751392,0.16906586693619424,0.004429678907251544,0.1941115112044573,0.09091404625051684,-0.0004288176094797511,1.5935481976149706,0.08982342414781055,-0.005984892766611371,-0.9488578779464062,0.09003159663943232,0.004155716535418597,0.16922217852194954,0.16738737392456204,-2.9851956039118832e-05,1.4985210111015368,0.1640889146464758,-0.00529265552141132,0.0002556563220341095,0.08825747504176575,0.00035204609144648137,0.0006835042471446283,0.08719872166998906,0.0003461702451715308,0.020927972521932167,0.1621204729754341,0.0005674298692763637,3.908571428571429,0.0,0.075,0.185,0.115
0.184,12.0,3.0496580174070656e+16,-0.9474108620387814,0.17649794474360936,0.004495734031599763,0.1479616138309517,0.06862979378782005,-0.00034041007983693305,1.5330925875493586,0.06727740635999294,-0.0058192489721647245,-0.9479459097516776,0.17301995671050305,0.004483842863659169,0.15434778137625313,0.06647033386223195,-0.0003742958277220692,1.5508319683161,0.09377203121612508,-0.005783393600732399,-0.9382664764274651,0.17094437656881858,0.004437014109775832,0.1905734683713218,0.09192420231996702,-0.0004087492355379611,1.59946933399226,0.09082146219389733,-0.006010906941684293,-0.9488265491708142,0.09103194771320378,0.0041595593026384405,0.16364690124316766,0.16924723363483493,1.0022045154156612e-07,1.50963415024524,0.1659121248092144,-0.00533043554516929,0.00026565434459016715,0.08923811365334092,0.0003559298293252272,0.0007117365434635433,0.08816759635521115,0.0003499363684322661,0.021606590799365222,0.16392181156405003,0.0005719753561684715,3.952,0.0,0.075,0.185,0.115
0.186,12.0,3.0496556743035652e+16,-0.9473872454763416,0.1784374825979347,0.004503393378546865,0.1422374271367529,0.06938396734592796,-0.00031431058594009494,1.5439268169585423,0.06801671851779506,-0.005860303476126254,-0.9479504327300119,0.17492127491611298,0.004491468738671163,0.1486955571954933,0.06720077709148722,-0.00034858801713906365,1.5618759549368086,0.09480249309762095,-0.0058241179008739164,-0.938225805287631,0.17282288620144295,0.004444357450515632,0.1874348419094983,0.0929343583894172,-0.0003905564399276184,1.6040427820790506,0.09181950023998411,-0.006030599335009104,-0.9488092431860551,0.09203229878697523,0.004163435391831158,0.15812974204285923,0.17110709334510785,2.9840768407760732e-05,1.5205915163600445,0.167735334971953,-0.005367595261093148,0.00027595292691894637,0.09021875226491609,0.0003598123916813037,0.0007408786707026431,0.08913647104043325,0.00035369893798787883,0.022298959401371592,0.16572315015266595,0.0005764662374132029,3.995428571428571,0.0,0.075,0.185,0.115
0.188,12.0,3.0496524500352024e+16,-0.9473647190260205,0.18037702045226012,0.004511057063714408,0.13656057502976782,0.07013814090403589,-0.000288397144930868,1.55459091179741,0.06875603067559719,-0.00590068314513178,-0.9479544053989163,0.1768225931217229,0.004499092103406939,0.1430884845985919,0.06793122032074253,-0.00032305734749900306,1.5727509869871148,0.09583295497911686,-0.005864171999830767,-0.9381870954733713,0.17470139583406738,0.0044517088044867936,0.18463509868763678,0.09394451445886741,-0.00037396130980252355,1.607471329256415,0.09281753828607091,-0.006044900975171919,-0.9488033913913904,0.09303264986074672,0.004167367572187207,0.1526695840152285,0.17296695305538076,5.934884405008611e-05,1.5313914623942324,0.16955854513469165,-0.005404131884901411,0.0002865588612657194,0.09119939087649127,0.0003636937517982893,0.0007709523662527752,0.09010534572565536,0.00035745786821981087,0.02300517564764811,0.16752448874128192,0.0005809021173596414,4.038857142857143,0.0,0.075,0.185,0.115
0.19,12.0,3.0496487018577484e+16,-0.9473432774305521,0.18231655830658547,0.0045187251093304235,0.13093186131568021,0.07089231446214378,-0.00026267304227049613,1.5650834665494908,0.0694953428333993,-0.005940382275856043,-0.94795789544635,0.1787239113273328,0.004506713266904996,0.13790587990519093,0.06866166354999782,-0.0002977072841943763,1.5821925489494468,0.09686341686061271,-0.005903550280506009,-0.9381502966539822,0.17657990546669172,0.004459068003760252,0.18212157965446327,0.09495467052831758,-0.0003587217126372768,1.6099313869845333,0.09381557633215767,-0.006054623011697029,-0.9488068531872744,0.09403300093451818,0.0041713455693036345,0.14726562756454067,0.17482681276565365,8.862891500170057e-05,1.5420324123013072,0.17138175529743024,-0.005440038828387209,0.0002974790542232298,0.09218002948806643,0.00036757388250720284,0.0008019797012678877,0.09107422041087744,0.0003612130721784987,0.023725335253937878,0.16932582732989782,0.0005852826067289988,4.082285714285714,0.0,0.075,0.185,0.115
0.192,12.0,3.0496445625619508e+16,-0.9473229067183124,0.1842560961609109,0.004526397494365853,0.12552464831426347,0.07164648802025171,-0.000237141493181714,1.574827128807601,0.07023465499120143,-0.005979395246233158,-0.9479609621789684,0.18062522953294277,0.004514332499917171,0.13326671552928418,0.06939210677925313,-0.00027405509250375123,1.589804953784756,0.09789387874210861,-0.005937194680829353,-0.9381153521542428,0.17845841509931615,0.004466434847013193,0.17984855156657126,0.09596482659776778,-0.00034462701222678194,1.6115761723367883,0.09481361437824448,-0.006060471090425155,-0.9488178404318333,0.09503335200828968,0.004175360820782257,0.14191733277428614,0.17668667247592662,0.00011768417964554378,1.5525128522448057,0.17320496546016892,-0.005475309787364553,0.00030872052793671655,0.09316066809964163,0.00037145275618167363,0.0008339830815989478,0.09204309509609956,0.00036496446157932675,0.024459532321309024,0.1711271659185138,0.0005896073226583036,4.125714285714286,0.0,0.075,0.185,0.115
0.194,12.0,3.049640142405705e+16,-0.9473035859826223,0.18619563401523626,0.004534074162934195,0.12065256850963163,0.07240066157835962,-0.00021249594694361542,1.5827763489638793,0.07097396714900354,-0.0060154126466343905,-0.947963657564113,0.18252654773855267,0.004521950039670084,0.1290927177375907,0.07012255000850842,-0.00025257666208310304,1.5958507071102466,0.09892434062360449,-0.0059635224526446064,-0.9380822006306655,0.1803369247319405,0.004473809107544733,0.17777636779820802,0.09697498266721796,-0.0003314942755974132,1.6125385231179672,0.09581165242433125,-0.006063058079649828,-0.9488348608813717,0.09603370308206112,0.004179406174055577,0.13662437624210855,0.17854653218619948,0.00014651679764765335,1.5628313240555824,0.1750281756229075,-0.005509938706487593,0.00032029042130629897,0.09414130671121679,0.00037533034473312025,0.000866985248649609,0.09301196978132165,0.0003687119467988908,0.02520785932563484,0.1729285045071297,0.0005938758887432827,4.169142857142857,0.0,0.075,0.185,0.115
0.196,12.0,3.0502077911185684e+16,-0.9472852888853732,0.18813517186956166,0.0045417550314087365,0.1162469617157397,0.07315483513646755,-0.00018999093349265635,1.5891613889786056,0.07171327930680568,-0.006044252278628295,-0.9479660271419376,0.18442786594416266,0.004529566094033103,0.12531557801960305,0.07085299323776373,-0.0002329588979993079,1.600558937607681,0.09995480250510039,-0.0059835836184205845,-0.9380507774683371,0.18221543436456492,0.004481190539980922,0.17587072607137577,0.09798513873666817,-0.0003191649162461594,1.6129333874633978,0.09680969047041806,-0.006062915330590196,-0.94885667065519,0.09703405415583262,0.004183475660148817,0.13138661477670804,0.18040639189647245,0.0001751280626174556,1.572986419764366,0.17685138578564616,-0.005543919753079745,0.00033219599118662423,0.09512194532279199,0.00037920661960594277,0.0009010092801532655,0.09398084446654377,0.0003724554368715766,0.025970407107276588,0.17472984309574568,0.0005980879350804434,4.2125714285714295,0.0,0.075,0.185,0.115
0.198,12.0,3.0502050087246116e+16,-0.9472679849238391,0.19007470972388701,0.004549439994437041,0.1122405297314534,0.07390900869457545,-0.000169351812084657,1.5942078538584195,0.07245259146460778,-0.006066835190055991,-0.9479681108238903,0.18632918414977254,0.004537180845166841,0.12187576781499618,0.07158343646701902,-0.00021492856621033613,1.6041293696539713,0.10098526438659625,-0.005998294692884339,-0.9380210159397709,0.18409394399718926,0.004488578885862106,0.17410201226986688,0.09899529480611834,-0.0003075017250610297,1.6128600243539686,0.09780772851650482,-0.006060502635787572,-0.948874771619594,0.09803440522960408,0.004187564303539176,0.12655111457689658,0.18226625160674534,0.0002035185473201492,1.581798523942118,0.17867459594838475,-0.005577247295263925,0.0003444446135836753,0.09610258393436714,0.0003830815517727221,0.0009360785908711483,0.09494971915176587,0.0003761948394864504,0.02674726486097022,0.17653118168436158,0.00060224309830834,4.256,0.0,0.075,0.185,0.115
0.2,12.0,3.0502024365028084e+16,-0.9472516404943022,0.19201424757821237,0.004557128930008206,0.1085745620218384,0.07466318225268334,-0.00015030938991508026,1.5981125923888593,0.07319190362240989,-0.006084063800944039,-0.9479699435917301,0.18823050235538244,0.004544794452717091,0.11872148848520254,0.0723138796962743,-0.0001982475524748875,1.6067358424364058,0.1020157262680921,-0.006008454573543517,-0.9379928481613093,0.18597245362981363,0.004495973878278338,0.17244472068428132,0.10000545087556852,-0.00029638624557719345,1.6124039474984049,0.0988057665625916,-0.006056217031165508,-0.9488863180724977,0.09903475630337552,0.004191638111691878,0.1222263696903641,0.1841261113170182,0.00023029998696048648,1.5888993121450703,0.18049780611112334,-0.005605202871323978,0.0003570437848486371,0.0970832225459423,0.00038695511172943454,0.0009722169332111264,0.09591859383698795,0.0003799300609844672,0.0275385201259183,0.1783325202729775,0.0006063410216480292,4.299428571428571,0.0,0.075,0.185,0.115
0.202,12.0,3.050200054149252e+16,-0.9472362197815308,0.19395378543253777,0.00456482170370736,0.10519791317354672,0.07541735581079127,-0.00013262882484418853,1.6010471248597187,0.07393121578021203,-0.006096725506434589,-0.9479715561094805,0.1901318205609924,0.00455240705661089,0.11580774153383973,0.0730443229255296,-0.00018270866223869177,1.6085294258554095,0.10304618814958802,-0.006014758617147271,-0.9379662058775569,0.18785096326243805,0.00450337524569499,0.1708769420916467,0.10101560694501872,-0.00028571645495705037,1.6116386414781638,0.09980380460867841,-0.006050400571558906,-0.9488924873666591,0.10003510737714702,0.004195685701798579,0.11834006205294954,0.18598597102729117,0.0002550384053477083,1.5945345791656786,0.18232101627386202,-0.005626313183484833,0.0003700011228687159,0.0980638611575175,0.0003908272694906755,0.0010094483977668978,0.09688746852221007,0.0003836610063559958,0.02834425877608831,0.18013385886159347,0.0006103813549427007,4.342857142857143,0.0,0.075,0.185,0.115
0.20400000000000001,12.0,3.0501978456104536e+16,-0.9472216854992145,0.19589332328686312,0.004572518172273576,0.10206609710848584,0.07617152936889918,-0.00011610553521859019,1.6031606790955564,0.07467052793801414,-0.006105506387686818,-0.9479729752591931,0.1920331387666023,0.004560018779504331,0.11309550570869967,0.0737747661547849,-0.0001681319015162193,1.6096411780547295,0.10407665003108388,-0.006017811103297303,-0.937941021099963,0.1897294728950624,0.004510782715090478,0.16937991201617797,0.10202576301446889,-0.0002754047163087112,1.6106270758773098,0.10080184265476518,-0.006043347195293595,-0.948894264529249,0.10103545845091848,0.004199711783270311,0.11482905935369112,0.18784583073756406,0.00027802307473845806,1.5989188539362351,0.1841442264366006,-0.005641561410916312,0.00038332436825480555,0.09904449976909266,0.0003946979945848958,0.0010477974137772638,0.09785634320743215,0.00038738757923866105,0.029164565010718506,0.18193519745020936,0.0006143637546964842,4.386285714285714,0.0,0.075,0.185,0.115
0.20600000000000002,12.0,3.0501957968729044e+16,-0.9472079995030084,0.19783286114118856,0.004580218186561612,0.0991404851042721,0.07692570292700711,-0.00010056157672591492,1.6045828782676794,0.07540984009581628,-0.006111003355998961,-0.9479742246100168,0.19393445697221226,0.004567629728925621,0.11055100907193656,0.0745052093840402,-0.00015436118529863787,1.6101845845401666,0.10510711191257978,-0.006018136264568599,-0.9379172266219319,0.19160798252768682,0.0045181960145106,0.16793830387653794,0.10303591908391911,-0.00026537597172903544,1.6094207323493912,0.10179988070085198,-0.006035308780705831,-0.948892473060604,0.10203580952468996,0.004203720296215756,0.11163832834946924,0.189705690447837,0.00029950652437658355,1.6022391220287489,0.18596743659933926,-0.005651805669347584,0.00039702138552589144,0.10002513838066786,0.0003985672560496522,0.001087288749505196,0.09882521789265428,0.00039110968191550805,0.02999952134503253,0.18373653603882534,0.0006182878841124273,4.429714285714287,0.0,0.075,0.185,0.115
0.20800000000000002,12.0,3.0501938955110776e+16,-0.9471951232948937,0.19977239899551388,0.004587921593994089,0.09638759607634415,0.07767987648511501,-8.584243447662838e-05,1.6054261192402102,0.07614915225361839,-0.006113734904056244,-0.9479753248288941,0.19583577517782216,0.004575239999151356,0.10814508542366937,0.0752356526132955,-0.00014126142583456425,1.6102577144908519,0.10613757379407565,-0.006016188042984363,-0.9378947564296176,0.19348649216031116,0.004525614875128972,0.16654625446126353,0.10404607515336928,-0.00025556891489267466,1.6080394991017088,0.10279791874693875,-0.00602649125440981,-0.9488878008228478,0.10303616059846142,0.004207714534636262,0.10871997110845429,0.1915655501581099,0.0003197088872345626,1.6046581230816201,0.18779064676207785,-0.005657793901066684,0.00041110016429008275,0.10100577699224302,0.0004024350224268685,0.001127947512536422,0.09979409257787636,0.00039482721531348464,0.030849208601163886,0.18553787462744126,0.000622153413129635,4.473142857142857,0.0,0.075,0.185,0.115
0.21,12.0,3.0501921303691924e+16,-0.9471830184349666,0.20171193684983932,0.004595628240578933,0.09377846883277721,0.07843405004322294,-7.18141841324848e-05,1.6057876759839163,0.07688846441142053,-0.006114150619315159,-0.9479762940401595,0.19773709338343212,0.004582849672849305,0.10585260562347559,0.0759660958425508,-0.00012871595832447425,1.609945125977197,0.10716803567557155,-0.006012358715261122,-0.9378735460247881,0.1953650017929356,0.004533039032890213,0.16520380477089044,0.10505623122281949,-0.00024596009295377617,1.6064835525675212,0.10379595679302556,-0.0060169741692347335,-0.9488808218003912,0.10403651167223292,0.004211697249980322,0.1060323707344016,0.19342540986838283,0.0003388217550397142,1.6063172703144148,0.18961385692481653,-0.005660177064627215,0.0004255688204221598,0.10198641560381821,0.00040630126175811255,0.001169799149997266,0.10076296726309848,0.0003985400790022483,0.03171370589929135,0.18733921321605723,0.0006259600184595734,4.51657142857143,0.0,0.075,0.185,0.115
0.212,12.0,3.0501904913349668e+16,-0.9471716468745339,0.20365147470416461,0.004603337972556525,0.09128810713465192,0.07918822360133082,-5.836098092578557e-05,1.6057515588240399,0.07762777656922262,-0.0061126395976587745,-0.9479771481404178,0.19963841158904197,0.004590458822516806,0.10365197538922549,0.07669653907180608,-0.00011662426620667804,1.6093195483273144,0.1081984975570674,-0.006006986513680519,-0.9378535326737737,0.1972435114255599,0.004540468229801392,0.16391098749557048,0.10606638729226964,-0.00023654966991448322,1.6047530916977137,0.1047939948391123,-0.0060067582309136355,-0.9488720143898137,0.10503686274600435,0.0042156707381855825,0.10353943455377948,0.1952852695786557,0.00035701159537701637,1.6073392341686499,0.19143706708755506,-0.005659520812907439,0.000440435597237523,0.10296705421539336,0.0004101659415798848,0.0012128694486915,0.10173184194832055,0.00040224817119329317,0.032593090648986495,0.1891405518046731,0.000629707383621527,4.56,0.0,0.075,0.185,0.115
0.214,12.0,3.050188969176262e+16,-0.9471609712224789,0.20559101255849002,0.0046110506377320965,0.08889498939641109,0.07994239715943874,-4.538283990085273e-05,1.605390156924987,0.07836708872702473,-0.006109537880388061,-0.9479779010742685,0.2015397297946519,0.0045980675117402794,0.1015246920763234,0.07742698230106138,-0.00010489997235265647,1.6084433667847573,0.10922895943856328,-0.006000362355555004,-0.9378346555944572,0.1991220210581843,0.004547902214927832,0.1626678271625224,0.10707654336171983,-0.0002273377765354026,1.6028483379617886,0.10579203288519909,-0.005995844235250058,-0.9488617767719244,0.10603721381977582,0.004219636912838358,0.1012099240296943,0.1971451292889286,0.0003744227789405965,1.607830227536818,0.1932602772502937,-0.005656315827673424,0.00045570886666242697,0.10394769282696853,0.000414029028918924,0.0012571845351559718,0.10270071663354266,0.00040595138873940464,0.03348743854077423,0.19094189039328904,0.0006333951989772102,4.603428571428571,0.0,0.075,0.185,0.115
0.216,12.0,3.050187555420237e+16,-0.9471509549551832,0.2075305504128154,0.004618766086541177,0.08658063575459275,0.08069657071754666,-3.279367471545774e-05,1.6047656884128974,0.07910640088482686,-0.006105135024160642,-0.9479785650757642,0.20344104800026183,0.004605675796298121,0.0994551926017017,0.07815742553031667,-9.346906618402695e-05,1.6073691347166283,0.11025942132005916,-0.005992735781858793,-0.9378168560915093,0.20100053069080867,0.004555340745141064,0.1614743402452729,0.10808669943117002,-0.0002183245109254095,1.6007695353398497,0.10679007093128588,-0.005984233068122011,-0.9488504398307831,0.1070375648935473,0.0042235973666618866,0.09901686181550275,0.19900498899920152,0.0003911802598780289,1.607882025956089,0.19508348741303233,-0.005650986960495143,0.000471397130400383,0.10492833143854371,0.0004178904902875252,0.0013027708756347908,0.10366959131876476,0.00040964962713443514,0.034396823537907545,0.192743228981905,0.000637023161764523,4.646857142857143,0.0,0.075,0.185,0.115
0.218,12.0,3.0496148559299824e+16,-0.9471415625788329,0.20947008826714078,0.004626484172889297,0.08432922603136683,0.08145074427565457,-2.0519565915752713e-05,1.6039314798577298,0.07984571304262898,-0.006099679901481074,-0.9479791508798672,0.20534236620587176,0.004613283725126544,0.09743684722471162,0.07888786875957197,-8.22692953685189e-05,1.6061195733411389,0.11128988320155504,-0.005984317006060294,-0.9378000776485816,0.20287904032343307,0.004562783585659769,0.16033053524132707,0.1090968555006202,-0.00020950993897861082,1.5985169503066023,0.10778810897737266,-0.005971925705449908,-0.9488420997961231,0.10803791596731877,0.0042275534231924075,0.09694006230502776,0.20086484870947444,0.0004073919475758868,1.6075737738103237,0.19690669757577095,-0.005643901313521273,0.0004875090210946087,0.10590897005011889,0.000421750291678874,0.0013496552759718727,0.10463846600398687,0.0004133427805134083,0.03532131786835727,0.1945445675705209,0.0006405909761304535,4.690285714285714,0.0,0.075,0.185,0.115
0.22,12.0,3.0496136557550956e+16,-0.9471327597516928,0.21140962612146616,0.004634204754801197,0.08213236177385363,0.08220491783376249,-8.497232790417365e-06,1.6029160767249726,0.0805850252004311,-0.006093385818629195,-0.947979667907637,0.2072436844114817,0.004620891341165396,0.09546978144587495,0.07961831198882727,-7.127414094353741e-05,1.6046948438544182,0.11232034508305093,-0.0059751969130323514,-0.9377842659848608,0.20475754995605747,0.004570230510418557,0.15923641272391498,0.1101070115700704,-0.00020089409468502668,1.5960908718082123,0.10878614702345946,-0.005958923213132572,-0.9488433283237401,0.10903826704109025,0.0042315214673488534,0.09496463183318886,0.20272470841974735,0.00042313858445887836,1.6069735464746346,0.19872990773850957,-0.005635375464287257,0.0005040533034864048,0.10688960866169407,0.0004256083985623979,0.0013978648814216507,0.10560734068920896,0.00041703074165294835,0.03626099201701804,0.19634590615913686,0.0006440983531631184,4.733714285714286,0.0,0.075,0.185,0.115
0.222,12.0,3.0501836493006324e+16,-0.9471245133728577,0.21334916397579154,0.0046419276949099374,0.07998953338994708,0.0829590913918704,3.306918472067044e-06,1.6017216869698658,0.08132433735823323,-0.0060863669574669575,-0.947980124428436,0.20914500261709162,0.004628498682098915,0.09355411009788954,0.08034875521808257,-6.048410491116951e-05,1.6030951297355374,0.11335080696454682,-0.005965376147559486,-0.9377693690822732,0.20663605958868184,0.004577681302294171,0.1581919653726272,0.11111716763952059,-0.00019247698033757755,1.5934916112328201,0.10978418506954624,-0.005945226746954664,-0.9488502780523899,0.11003861811486172,0.004235527785754408,0.09307024478835127,0.20458456813002027,0.00043847974518732567,1.606139672590634,0.20055311790124822,-0.005625681714293546,0.0005210388755693351,0.10787024727326924,0.00042946477587913135,0.0014474271763777818,0.10657621537443107,0.00042071340197203766,0.03721591471813114,0.1981472447477528,0.000647545010922939,4.777142857142858,0.0,0.075,0.185,0.115
0.224,12.0,3.0501824967876496e+16,-0.9471167916430533,0.21528870183011695,0.004649652860811899,0.07790085763274764,0.08371326494997831,1.4894926240124952e-05,1.6003484207370786,0.08206364951603536,-0.006078632149815322,-0.9479805277020028,0.21104632082270156,0.004636105781004551,0.09168993745194091,0.08107919844733787,-4.989964660220669e-05,1.6013206367471307,0.1143812688460427,-0.005954855443557979,-0.9377553371886935,0.20851456922130623,0.004585135753214318,0.15719717798702285,0.11212732370897079,-0.00018425856665462564,1.5907195023753307,0.11078222311563303,-0.005930837552468748,-0.9488547542658937,0.1110389691886332,0.004239556988964092,0.09123647308857885,0.20644442784029318,0.0004534967322077677,1.6051191813142702,0.20237632806398684,-0.0056150533781065895,0.0005384747697390839,0.10885088588484443,0.0004333193880371004,0.0014983699840196893,0.10754509005965318,0.0004243906515331016,0.03818615294792539,0.19994858333636875,0.0006509306744729504,4.820571428571429,0.0,0.075,0.185,0.115
0.226,12.0,3.050181428860307e+16,-0.9471095641022392,0.21722823968444227,0.004657380125309983,0.07586644216081079,0.08446743850808622,2.6266323501354328e-05,1.598796411281324,0.08280296167383747,-0.0060701818362529645,-0.9479808841029009,0.21294763902831146,0.004643712666921256,0.08987735731209354,0.08180964167659316,-3.952118310139102e-05,1.599371592930993,0.11541173072753856,-0.005943635624078368,-0.9377421228016825,0.21039307885393058,0.004592593664170496,0.1562520274866697,0.11313747977842095,-0.00017623879283440758,1.5877749013971059,0.1117802611617198,-0.005915756964854443,-0.9488553785933677,0.11203932026240465,0.004243576298113194,0.0894572937806823,0.20830428755056607,0.00046827125784794886,1.6039292337495727,0.20419953822672543,-0.005603678572350179,0.0005563701539388665,0.10983152449641959,0.000437172198906722,0.0015507214658767973,0.10851396474487526,0.00042806237904342235,0.03917177191747679,0.20174992192498464,0.0006542550759082371,4.864,0.0,0.075,0.185,0.115
0.228,12.0,3.05018044686592e+16,-0.9471028016480868,0.21916777753876768,0.004665109366564027,0.07388638554886273,0.08522161206619414,3.742067962153339e-05,1.5970658149590378,0.08354227383163959,-0.006061016549798738,-0.9479811992295374,0.2148489572339214,0.004651319365347289,0.08811645309938577,0.08254008490584845,-2.934908962498034e-05,1.597248248598839,0.11644219260903445,-0.005931717601287835,-0.937729680636591,0.21227158848655497,0.0046000548451529495,0.15535648290053788,0.11414763584787115,-0.0001684175665551942,1.5846581867805514,0.11277829920780658,-0.005899986408757198,-0.9488528786601433,0.11303967133617612,0.004247580199718176,0.08773341939929818,0.21016414726083898,0.00048282741392062674,1.6025701302848474,0.20602274838946405,-0.0055916259414404345,0.0005747343328002595,0.11081216310799477,0.00044102317181622365,0.0016045101213103276,0.10948283943009736,0.0004317284718568822,0.04017283506578783,0.2035512605136006,0.0006575179543844952,4.9074285714285715,0.0,0.075,0.185,0.115
0.23,12.0,3.0501795430546944e+16,-0.9470964765387937,0.22110731539309306,0.00467284046816472,0.07196077728799911,0.08597578562430205,4.835760030175729e-05,1.5951568112152468,0.08428158598944172,-0.006051136915878385,-0.9479814779996749,0.21675027543953132,0.004658925898676274,0.08640729792711786,0.08327052813510376,-1.9383699857128068e-05,1.5949508763184914,0.11747265449053033,-0.005919102376433235,-0.9377179675822652,0.21415009811917934,0.004607519115023081,0.15451050534824212,0.11515779191732134,-0.00016079476393286618,1.5813697592798752,0.11377633725389337,-0.005883527398106632,-0.9488478620772169,0.1140400224099476,0.004251571604280364,0.08606546073081192,0.2120240069711119,0.0004971623502872549,1.6010421791059675,0.20784595855220267,-0.005578896686930578,0.0005935767487793258,0.11179280171956994,0.00044487226954707874,0.0016597647869125466,0.11045171411531947,0.00043538881597603656,0.04118940405308732,0.20535259910221654,0.0006607190561457149,4.950857142857143,0.0,0.075,0.185,0.115
0.232,12.0,3.0496071328036336e+16,-0.9470905623831842,0.22304685324741844,0.004680573319144848,0.07008969777758327,0.08672995918240996,5.907672757764337e-05,1.5930696025659563,0.08502089814724384,-0.006040543652272012,-0.9479817247341097,0.21865159364514125,0.004666532286579265,0.08474995466860276,0.08400097136435905,-9.625306251035248e-06,1.5924797708957172,0.11850311637202621,-0.005905791039785861,-0.9377069426470702,0.21602860775180374,0.004614986301336276,0.15371404801519106,0.11616794798677152,-0.0001533702294458824,1.5779100418674847,0.11477437529998016,-0.005866381535919581,-0.9488446574872071,0.11504037348371907,0.004255552942243744,0.08445686934778135,0.21388386668138482,0.0005112736238022916,1.599346145421712,0.2096691687149413,-0.0055654920415641055,0.0006129069832878977,0.11277344033114513,0.0004487194543294632,0.0017165146358233616,0.11142058880054158,0.00043904329605451615,0.042221538754351466,0.20715393769083248,0.0006638581345509806,4.994285714285715,0.0,0.075,0.185,0.115
0.234,12.0,3.050177838731123e+16,-0.9470850341205987,0.22498639110174382,0.004688307813939713,0.06827321831068978,0.08748413274051788,6.957773985173843e-05,1.590804414576171,0.08576021030504595,-0.006029237569043642,-0.9479819432299951,0.22055291185075118,0.004674138546339443,0.0831444760184966,0.08473141459361434,-7.41602999536628e-08,1.5898352493518393,0.1195335782535221,-0.00589178477056878,-0.937696566897525,0.21790711738442814,0.004622456240125993,0.15296705612341038,0.11717810405622171,-0.0001461437758358774,1.5742794796766606,0.11577241334606694,-0.005848550514085672,-0.9488480146754726,0.11604072455749054,0.004259541528178791,0.08291140951634889,0.21574372639165776,0.0005251474281755057,1.5974828655119482,0.21149237887767994,-0.0055514150661761285,0.0006327347578198865,0.1137540789427203,0.0004525646878377296,0.001774789176964182,0.11238946348576367,0.00044269179539976124,0.04326929725304704,0.2089552762794484,0.0006669349501003878,5.037714285714286,0.0,0.075,0.185,0.115
0.23600000000000002,12.0,3.050177073038216e+16,-0.9470798679926907,0.2269259289560692,0.004696043852306672,0.06651140105483064,0.0882383062986258,7.986035195174407e-05,1.5883614958339871,0.08649952246284807,-0.006017219568453292,-0.9479821368250929,0.2224542300563611,0.004681744693145425,0.08159090454869453,0.08546185782286965,9.269527217492191e-06,1.5870176508973275,0.12056404013501798,-0.005877084836867285,-0.9376868033914605,0.2197856270170525,0.00462992877565831,0.15226946689949336,0.1181882601256719,-0.00013911518399095391,1.5704785399408092,0.11677045139215374,-0.005830036113138028,-0.9488495934852391,0.11704107563126201,0.004263556361226939,0.08142280713240575,0.21760358610193067,0.0005387687063423272,1.5954516666370395,0.21331558904041856,-0.005536669105886119,0.0006530699350724817,0.11473471755429548,0.0004564079311859024,0.0018346182541889781,0.11335833817098578,0.00044633419597608643,0.04433273583509733,0.21075661486806435,0.0006699492704600692,5.081142857142858,0.0,0.075,0.185,0.115
0.23800000000000002,12.0,3.050176364711877e+16,-0.947075041508913,0.2288654668103946,0.004703781339212341,0.06480429902931108,0.08899247985673371,8.992431520761229e-05,1.585741117920998,0.0872388346206502,-0.006004490644853347,-0.9479823084540796,0.22435554826197104,0.004689350740348256,0.08008927275964242,0.08619230105212494,1.8405586013721663e-05,1.5840273369014752,0.12159450201651387,-0.005861692595523255,-0.9376776171072976,0.2216641366496769,0.00463740376016455,0.15162120954091088,0.1191984161951221,-0.00013228420281748504,1.5665077119292978,0.11776848943824052,-0.005810840202010275,-0.948847900384507,0.1180414267050335,0.00426756408076109,0.07999002309102131,0.2194634458122036,0.0005521625547191913,1.5932526986284068,0.21513879920315718,-0.00552125146973553,0.0006739225200621031,0.11571535616587066,0.00046024914492319267,0.0018960320453524813,0.11432721285620788,0.00044997037840807566,0.04541190898307158,0.2125579534566803,0.0006729008704863318,5.124571428571429,0.0,0.075,0.185,0.115
0.24,12.0,3.0501756816637944e+16,-0.9470705334072106,0.23080500466471993,0.004711520184694532,0.06315195608034899,0.08974665341484162,9.976941754212215e-05,1.5829435753791368,0.08797814677845231,-0.005991051884570183,-0.9479824606978956,0.22625686646758095,0.004696956699686642,0.07863960312782081,0.08692274428138023,2.7333886086951253e-05,1.5808646908583368,0.12262496389800973,-0.005845609492013863,-0.9376689748707719,0.22354264628230125,0.004644881053558395,0.15102220518168807,0.12020857226457227,-0.00012565054910535444,1.5623675068801814,0.11876652748432728,-0.005790964737779882,-0.9488473881265072,0.11904177777880494,0.004271558712653247,0.07861656405540411,0.22132330552247648,0.0005653331297258206,1.5908868283604218,0.21696200936589577,-0.005505162757050044,0.0006953026612349655,0.11669599477744581,0.0004640882890295349,0.001959061061295487,0.11529608754142998,0.00045360022198431,0.046506869370598655,0.2143592920452962,0.0006757895322488985,5.168,0.0,0.075,0.185,0.115
0.242,12.0,3.0501750637071496e+16,-0.9470663236111785,0.23274454251904528,0.004719260303705023,0.06155440685490312,0.0905008269729495,0.00010939548357040208,1.5799691856739733,0.08871745893625442,-0.005976904465771529,-0.9479825958270007,0.22815818467319082,0.004704562581484347,0.07724190815004872,0.08765318751063551,3.6054337531258806e-05,1.577530118348911,0.12365542577950558,-0.0058288370603153256,-0.9376608452801988,0.2254211559149256,0.004652360523142791,0.1504723668582952,0.12121872833402245,-0.00011921390739066251,1.5580584579298384,0.11976456553041405,-0.00577041176539907,-0.9488474652129014,0.1200421288525764,0.0042755580679163345,0.07730206210832685,0.22318316523274934,0.0005782664047093808,1.5883543546054593,0.21878521952863436,-0.00548840643532715,0.0007172206515721166,0.11767663338902097,0.00046792532291114406,0.0020237361447472376,0.11626496222665206,0.0004572236046614263,0.04761766785700549,0.2161606306339121,0.0006786150450532538,5.211428571428571,0.0,0.075,0.185,0.115
0.244,12.0,3.05017445440237e+16,-0.947062393184732,0.2346840803733707,0.004727001615938197,0.06001167677405603,0.09125500053105744,0.00011880237470461727,1.5768182891547537,0.08945677109405656,-0.005962049658319667,-0.947982715839297,0.2300595028788008,0.004712168394823206,0.07589619038519387,0.08838363073989083,4.4566890359368454e-05,1.5740240469998121,0.1246858876610015,-0.005811376922751638,-0.9376531986311761,0.22729966554755002,0.004659842043310995,0.14997159947643202,0.12222888440347265,-0.00011297392981929022,1.5535811200397207,0.12076260357650086,-0.005749183417413351,-0.9488483896127526,0.1210424799263479,0.004279559780556998,0.07604679020634658,0.2250430249430223,0.0005909638513387818,1.5856556971079894,0.22060842969137304,-0.005470983699656345,0.0007396869296888041,0.11865727200059617,0.00047176020539609623,0.0020900884691448718,0.11723383691187418,0.0004608404030685078,0.048744353482181056,0.21796196922252808,0.0006813772054620903,5.254857142857143,0.0,0.075,0.185,0.115
0.246,12.0,3.0501739065323516e+16,-0.9470587242851767,0.23662361822769606,0.004734744045649712,0.05852378200661775,0.09200917408916534,0.00012798998926043725,1.5734912490112496,0.09019608325185867,-0.005946488823611581,-0.94798282249337,0.23196082108441068,0.004719774147694831,0.07460244249377627,0.08911407396914611,5.2871534335808993e-05,1.570346926438475,0.12571634954249736,-0.005793230789829259,-0.9376460068414644,0.2291781751801744,0.004667325495245402,0.14951979977927593,0.12323904047292282,-0.00010693023601403679,1.5489360699202648,0.12176064162258764,-0.005727281913668532,-0.9488496248134304,0.12204283100011934,0.004283564882451488,0.07485040247287966,0.2269028846532952,0.0006034243777877945,1.5827912044275676,0.2224316398541116,-0.005452896229015512,0.0007627120809280275,0.11963791061217133,0.0004755928947299301,0.002158149537369955,0.11820271159709626,0.0004644504925118056,0.04988697346166635,0.21976330781114398,0.0006840758173158516,5.298285714285714,0.0,0.075,0.185,0.115
0.248,12.0,3.0501733994032188e+16,-0.9470553001153955,0.23856315608202144,0.004742487521468793,0.057090729443501714,0.09276334764727326,0.00013695826256262202,1.569988451227549,0.0909353954096608,-0.005930223414406356,-0.9479829173376383,0.23386213929002062,0.004727379847133562,0.0733606472759184,0.0898445171984014,6.0968298818500525e-05,1.5664992282448154,0.12674681142399324,-0.005774400460057928,-0.9376392433766294,0.23105668481279876,0.0046748107666170526,0.14911685631764404,0.12424919654237301,-0.00010108241294761167,1.54412390595204,0.12275867966867442,-0.005704709561006362,-0.948847653153031,0.12304318207389081,0.004287571227549285,0.07371025895989747,0.2287627443635681,0.0006156493675627538,1.5797608981857816,0.22425485001685025,-0.0054341454176428695,0.0007863068384481312,0.12061854922374651,0.00047942334857127393,0.0022279511804021005,0.11917158628231837,0.0004680537469797937,0.05104557318197103,0.22156464639975992,0.0006867106917523743,5.341714285714286,0.0,0.075,0.185,0.115
0.25,12.0,3.0501729044328884e+16,-0.9470521048757563,0.24050269393634682,0.004750231976206969,0.05571251667332622,0.09351752120538118,0.00014570716704751785,1.5663103045326128,0.0916747075674629,-0.005913254974640345,-0.9479830017359149,0.23576345749563055,0.0047349854993330755,0.07217077770801571,0.09057496042765671,6.885725260695325e-05,1.5624814458996512,0.12777727330548913,-0.005754887819757305,-0.9376328831769231,0.23293519444542315,0.004682297751288211,0.14876264942242465,0.1252593526118232,-9.54300148232834e-05,1.53914524810425,0.12375671771476121,-0.005681468752949116,-0.9488469166498809,0.1240435331476623,0.004291564745202774,0.07262980842247237,0.23062260407384103,0.0006276493804557743,1.5765657520752208,0.22607806017958887,-0.005414731352024771,0.0008104820843042876,0.12159918783532168,0.0004832515239874942,0.0022995255558897277,0.12014046096754047,0.0004716500391485535,0.05222019619611717,0.22336598498837587,0.0006892816472256194,5.385142857142857,0.0,0.075,0.185,0.115
0.252,12.0,3.0496009749464064e+16,-0.9470491237162117,0.2424422317906722,0.004757977346665714,0.05438913195962376,0.0942716947634891,0.0001542367123606515,1.562457240348087,0.09241401972526503,-0.005895585139229391,-0.9479830768898267,0.23766477570124048,0.004742591109748622,0.0710327969784652,0.091305403656912,7.65385037955852e-05,1.5582940947298596,0.12880773518698502,-0.005734694842850665,-0.9376269025857775,0.23481370407804752,0.004689786349019882,0.14845705117958027,0.1262695086812734,-8.997256296460499e-05,1.534000737850544,0.12475475576084799,-0.0056575619693736085,-0.9488486386363902,0.12504388422143375,0.004295563203485259,0.07161002355454384,0.23248246378411394,0.0006394106214465663,1.5732063850087545,0.2279012703423275,-0.005394657926931573,0.000835248850523724,0.12257982644689687,0.0004870773774503703,0.0023729051466380015,0.12110933565276258,0.0004752392403874914,0.053410884219410704,0.22516732357699182,0.0006917885095234986,5.428571428571429,0.0,0.075,0.185,0.115
0.254,12.0,3.050172023003044e+16,-0.9470463426889969,0.24438176964499758,0.004765723573444838,0.053120554219952425,0.095025868321597,0.00016254694544789295,1.5584297127330515,0.09315333188306715,-0.00587721563386008,-0.9479831438584767,0.2395660939068504,0.0047501966831867085,0.06994665852275204,0.09203584688616731,8.401219963080842e-05,1.5539377118501636,0.1298381970684809,-0.005713823590645514,-0.9376212792802024,0.23669221371067192,0.004697276465185798,0.1481999254079466,0.12727966475072358,-8.470954571542678e-05,1.5286910380821783,0.12575279380693477,-0.005632991776174438,-0.9488488773040158,0.12604423529520523,0.004299571495726382,0.0706479094819228,0.23434232349438686,0.0006509291997593721,1.5696828335658808,0.2297244805050661,-0.0053739276180147545,0.0008606183201745407,0.12356046505847204,0.0004909008648317933,0.002448122759014023,0.12207821033798467,0.0004788212207653867,0.05461767712544103,0.22696866216560777,0.0006942311117847883,5.472,0.0,0.075,0.185,0.115
0.256,12.0,3.049600154176969e+16,-0.9470437487022234,0.24632130749932293,0.00477347060075328,0.05190675300714519,0.0957800418797049,0.0001706379506390099,1.5542281983259445,0.09389264404086926,-0.00585814827476873,-0.9479832035756938,0.2414674121124603,0.004757802223883748,0.06891230605815737,0.09276629011542259,9.127852637068218e-05,1.5494128561016698,0.13086865894997676,-0.005692276211600748,-0.9376159922032999,0.23857072334329626,0.004704768010493994,0.14799112763994307,0.12828982082017376,-7.964041835109138e-05,1.5232168330188214,0.12675083185302155,-0.005607760824916627,-0.9488461026285356,0.1270445863689767,0.00430357385469197,0.0697423092518184,0.23620218320465974,0.0006622170948909478,1.5659954376778267,0.2315476906678047,-0.005352540571592305,0.0008866018284279693,0.12454110367004721,0.0004947219413994906,0.0025252115212693526,0.12304708502320677,0.00048239584905677095,0.055840612942309145,0.22877000075422366,0.0006966092945151305,5.515428571428571,0.0,0.075,0.185,0.115
0.258,12.0,3.050171251646175e+16,-0.9470413294746215,0.24826084535364837,0.004781218376223487,0.05074768849288951,0.09653421543781283,0.0001785098497226706,1.5498531962835917,0.0946319561986714,-0.005838384968509092,-0.9479832568651699,0.24336873031807027,0.004765407735575057,0.06792967361827153,0.09349673334467791,9.833770914608214e-05,1.5447201079875468,0.13189912083147265,-0.005670054941080789,-0.9376110214990577,0.2404492329759207,0.004712260900716883,0.14783050510540127,0.12929997688962397,-7.476460300127641e-05,1.5175788281165712,0.12774886989910836,-0.005581871852478853,-0.9488463482458072,0.1280449374427482,0.004307564160285136,0.06889785159818593,0.2380620429149327,0.0006732789346524571,1.5621454426639252,0.23337090083054338,-0.005330498147389133,0.0009132108636139159,0.1255217422816224,0.0004985405618127778,0.0026042048817799582,0.1240159597084289,0.0004859629927486382,0.05707972784908483,0.23057133934283963,0.000698922905602122,5.558857142857144,0.0,0.075,0.185,0.115
0.26,12.0,3.0501708837939444e+16,-0.9470390734916165,0.2502003832079737,0.004788966850730381,0.049643311453789536,0.09728838899592074,0.0001861628020121249,1.5453052282173108,0.09537126835647351,-0.005817927711708473,-0.9479833044537411,0.24527004852368017,0.0047730132215554,0.06699868558755515,0.09422717657393319,0.00010519001182264665,1.539860069605373,0.13292958271296854,-0.005647162101098313,-0.9376063484495327,0.24232774260854506,0.0047197550564304115,0.14771789671850294,0.13031013295907415,-7.008148858530849e-05,1.5117777499737022,0.1287469079451951,-0.005555327680685505,-0.9488490444284984,0.12904528851651964,0.004311566547049307,0.06811409568479695,0.23992190262520557,0.0006840962041080786,1.558133343269186,0.23519411099328197,-0.005307805326682573,0.0009404570682696341,0.12650238089319757,0.0005023566801183346,0.002685136607203707,0.12498483439365098,0.0004895225180474841,0.058335056172493197,0.23237267793145555,0.0007011718003294829,5.602285714285714,0.0,0.075,0.185,0.115
0.262,12.0,3.0501705581758364e+16,-0.9470369699628797,0.2521399210622991,0.004796715978215662,0.04859356325996002,0.09804256255402866,0.00019359700440095648,1.5405848381267582,0.09611058051427564,-0.00579677859081214,-0.9479833469830454,0.2471713667292901,0.004780618684732125,0.06611925673610619,0.09495761980318848,0.00011183573686253334,1.53483336457639,0.1339600445944644,-0.005623600100043634,-0.9376019554144915,0.24420625224116943,0.004727250402762809,0.147653133067966,0.13132028902852433,-6.559043075991445e-05,1.5058143462337013,0.12974494599128192,-0.005528131215929682,-0.9488500817490431,0.1300456395902911,0.004315578736075158,0.06738787837847324,0.2417817623354785,0.0006946706666027261,1.5539592417721515,0.2370173211560206,-0.005284464088452662,0.0009683522401813721,0.12748301950477275,0.0005061702497460124,0.002768040780555518,0.12595370907887307,0.0004930742898866774,0.05960663038383102,0.23417401652007147,0.0007033558413903131,5.645714285714286,0.0,0.075,0.185,0.115
0.264,12.0,3.05017026142318e+16,-0.9470350087814545,0.2540794589166245,0.004804465715518017,0.04759837586635208,0.09879673611213656,0.00020081269140870617,1.5356925923301126,0.09684989267207776,-0.0057749397818187215,-0.9479833850197552,0.24907268493490003,0.004788224127671782,0.06529129225474721,0.09568806303244379,0.00011827522518535039,1.529640637971907,0.13499050647596028,-0.005599371432401719,-0.9375978257735457,0.24608476187379383,0.0047347468691531416,0.1476360364104433,0.1323304450979745,-6.129075187996602e-05,1.4996893854859281,0.1307429840373687,-0.005500285448785331,-0.9488479471243342,0.13104599066406258,0.004319584289652423,0.06671801607783603,0.2436416220457514,0.0007050149746691127,1.5496235650630188,0.2388405313187592,-0.00526047484181357,0.0009969083334188333,0.1284636581163479,0.0005099812235046661,0.0028529517992003277,0.12692258376409518,0.0004966181719341586,0.06089448109611311,0.23597535510868742,0.0007054748988994256,5.6891428571428575,0.0,0.075,0.185,0.115
0.266,12.0,3.050169963364064e+16,-0.9470331804845176,0.25601899677094986,0.004812216022209617,0.046657671806724324,0.09955090967024448,0.0002078101352155696,1.530629079392118,0.09758920482987989,-0.005752413550000931,-0.9479834190645642,0.25097400314050994,0.00479582955264106,0.06451468779060977,0.09641850626169908,0.00012450885602780748,1.524282556236553,0.13602096835745617,-0.005574478678457803,-0.9375939438707855,0.2479632715064182,0.004742244389119856,0.14766642066715116,0.13334060116742472,-5.718174097207429e-05,1.4934036571638192,0.13174102208345548,-0.005471793453609891,-0.9488470768901526,0.13204634173783406,0.0043235771554486725,0.0661078742268924,0.24550148175602432,0.0007151338627127532,1.5451274563976005,0.24066374148149786,-0.005235839294326084,0.0010261374593622916,0.1294442967279231,0.000513789553578017,0.0029399043727640155,0.1278914584493173,0.0005001540266004679,0.06219863706144906,0.23777669369730337,0.000707528850404761,5.732571428571429,0.0,0.075,0.185,0.115
0.268,12.0,3.049598214438078e+16,-0.9470314762158256,0.25795853462527524,0.0048199668604391715,0.04577136419038175,0.1003050832283524,0.0002145896456865123,1.5253949100490911,0.098328516987682,-0.005729202249617744,-0.9479834495600749,0.2528753213461199,0.0048034349616427365,0.06378932948332108,0.09714894949095439,0.00013053704680137846,1.5187598071084638,0.13705143023895205,-0.0055489245039904034,-0.9375902949619066,0.2498417811390426,0.0047497429000393126,0.14774409142370748,0.1343507572368749,-5.326265372110506e-05,1.4869579714407075,0.13273906012954229,-0.005442658388137108,-0.9488486896049882,0.13304669281160553,0.004327575078807032,0.06555834286575732,0.24736134146629724,0.0007250138689576193,1.5404717039453697,0.24248695164423648,-0.005210562019013456,0.0010560518877222003,0.13042493533949828,0.000517595191520544,0.0030289335209624673,0.1288603331345394,0.0005036817150471016,0.06351912516865069,0.2395780322859193,0.000709517580897881,5.776000000000001,0.0,0.075,0.185,0.115
0.27,12.0,3.0501694388253844e+16,-0.9470298876898631,0.2598980724796006,0.004827718194781705,0.044939356701618034,0.1010592567864603,0.0002211515703843142,1.5199907171315108,0.09906782914548411,-0.005705308323614429,-0.9479834768977285,0.2547766395517298,0.004811040356447219,0.06311509400188171,0.09787939272020967,0.00013636025294755434,1.513073099536518,0.1380818921204479,-0.005522711659952064,-0.9375868651637861,0.25172029077166697,0.004757242342934294,0.1478688459332143,0.13536091330632508,-4.9532712469529614e-05,1.4803531591229522,0.13373709817562904,-0.005412883493060314,-0.9488488394496871,0.134047043885377,0.004331582933961462,0.06506634491579219,0.24922120117657012,0.0007346514332432512,1.535656513250141,0.24431016180697507,-0.005184646168553579,0.0010866640475511308,0.13140557395107344,0.000521398088253405,0.0031200745713489604,0.12982920781976148,0.000507201097195196,0.0648559704410703,0.2413793708745352,0.0007114409828235381,5.819428571428571,0.0,0.075,0.185,0.115
0.272,12.0,3.0495977397584116e+16,-0.94702840715768,0.261837610333926,0.004835469992095156,0.044161543601955365,0.10181343034456823,0.00022749629457180078,1.51441715548343,0.09980714130328625,-0.005680734303312899,-0.9479835014238935,0.25667795775733976,0.004818645738620273,0.06249184858225827,0.09860983594946499,0.0001419789677903331,1.50722316359497,0.13911235400194383,-0.005495842982138297,-0.9375836414064712,0.2535988004042914,0.00476474266227231,0.1480404731224191,0.13637106937577528,-4.5991106229756105e-05,1.473590071540968,0.13473513622171585,-0.005382472091604946,-0.9488459930330503,0.13504739495914847,0.004335584937635343,0.06463064203697422,0.25108106088684307,0.0007440588638842036,1.5306823926545,0.24613337196971372,-0.005158092565121709,0.0011179865282478771,0.13238621256264863,0.0005251981940603901,0.003213363156980074,0.1307980825049836,0.0005107120317345385,0.0662091960346701,0.24318070946315118,0.0007132989560883235,5.862857142857144,0.0,0.075,0.185,0.115
0.274,12.0,3.050168980374169e+16,-0.9470270273744147,0.2637771481882514,0.004843222221383726,0.04343780973505776,0.10256760390267614,0.0002336242412028831,1.50867490187955,0.10054645346108836,-0.005655482808089367,-0.9479835234452143,0.25857927596294966,0.004826251109547373,0.061919451065905746,0.09934027917872026,0.00014739372238584797,1.5012107503947028,0.1401428158834397,-0.005468321390846121,-0.9375806113875158,0.2554773100369157,0.004772243805773548,0.1482587536010681,0.13738122544522546,-4.263699070877458e-05,1.4666695804374517,0.13573317426780263,-0.005351427589092662,-0.948846181163542,0.13604774603291994,0.004339574956263881,0.06425578249077762,0.252940920597116,0.0007532411142405671,1.5255507552185223,0.2479565821324523,-0.005130903242088191,0.0011500320805535617,0.13336685117422378,0.0005289954585839036,0.003308835214000338,0.13176695719020567,0.0005142143761329024,0.0675788232363228,0.2449820480517671,0.0007150914080683881,5.906285714285715,0.0,0.075,0.185,0.115
0.276,12.0,3.0501687542419172e+16,-0.947025741568467,0.26571668604257676,0.004850974853667965,0.04276803053439074,0.10332177746078404,0.00023953587090290513,1.502764654939282,0.10128576561889048,-0.005629556545042638,-0.9479835432333171,0.26048059416855956,0.004833856470455095,0.06139774993913863,0.10007072240797557,0.0001526050853682793,1.4950366319919506,0.14117327776493557,-0.005440149890519069,-0.9375777635286044,0.25735581966954013,0.0047797457242282244,0.14852345967424338,0.13839138151467564,-3.946948834556985e-05,1.4595925778534742,0.1367312123138894,-0.005319753472494249,-0.9488488317409102,0.1370480971066914,0.004343577113080934,0.06394124522570327,0.2548007803073889,0.0007621799912664451,1.5202622630267495,0.24977979229519096,-0.005103083851693326,0.0011828136175395729,0.13434748978579897,0.0005327898308209817,0.003406526979145857,0.13273583187542778,0.0005177079866457099,0.06896487146234379,0.24678338664038305,0.000716818253616241,5.949714285714286,0.0,0.075,0.185,0.115
0.278,12.0,3.050168561378362e+16,-0.9470245434122879,0.26765622389690213,0.0048587278618614765,0.04215207203350441,0.10407595101889196,0.00024523168193800487,1.4966871350383768,0.1020250777766926,-0.005602958308650357,-0.9479835610289389,0.2623819123741695,0.004841461822429947,0.060926584373465945,0.10080116563723086,0.00015761366279236895,1.4887016012941139,0.14220373964643146,-0.005411331569382076,-0.9375750869343842,0.2592343293021645,0.004787248371323076,0.14883435535774286,0.13940153758412582,-3.6487688360470226e-05,1.4523599760119257,0.13772925035997619,-0.005287453309973993,-0.9488498333470183,0.13804844818046288,0.004347589119685492,0.06368378728046348,0.2566606400176618,0.0007708775791678341,1.5148171851782548,0.25160300245792955,-0.0050746370422752795,0.0012163442155871693,0.13532812839737415,0.0005365812591193383,0.003506474987167149,0.1337047065606499,0.0005211927183260161,0.07036735825725463,0.24858472522899897,0.0007184794150666208,5.993142857142858,0.0,0.075,0.185,0.115
0.28,12.0,3.0501683889949664e+16,-0.947023426994736,0.2695957617512275,0.004866481220654062,0.04158979087900587,0.10483012457699988,0.00025071221017398184,1.4904430842175072,0.10276438993449473,-0.005575690980415529,-0.9479835770455634,0.2642832305797794,0.004849067166434873,0.06050578426698127,0.10153160886648616,0.00016242009797208084,1.4822064719625405,0.14323420152792735,-0.005381869599064747,-0.9375725713534314,0.26111283893478887,0.004794751703476692,0.14919119639635886,0.14041169365357603,-3.3690646816667336e-05,1.4449727071986689,0.138727288406063,-0.00525453075042345,-0.9488476712285194,0.13904879925423436,0.004351594530405011,0.06348214578867498,0.2585204997279347,0.000779346849789885,1.5092161147290748,0.2534262126206682,-0.005045563890230346,0.0012506371153585788,0.13630876700894934,0.0005403696911734487,0.003608716068171468,0.134673581245872,0.0005246684250348195,0.07178629929277838,0.2503860638176149,0.0007200748222414412,6.036571428571429,0.0,0.075,0.185,0.115
0.28200000000000003,12.0,3.050168207449991e+16,-0.947022386794956,0.2715352996055529,0.004874234906401155,0.041081034346083865,0.10558429813510779,0.0002559780290244077,1.484033266088373,0.10350370209229685,-0.0055477575285008416,-0.9479835914726173,0.2661845487853894,0.004856672503323811,0.06013517028677588,0.10226205209574146,0.00016702507131504077,1.4755520783126217,0.14426466340942323,-0.005351767234212469,-0.9375702071412744,0.2629913485674133,0.004802255679683379,0.14959373028498305,0.1414218497230262,-3.10773866933306e-05,1.4374317236414125,0.13972532645214977,-0.005220989522986076,-0.9488467803189783,0.14004915032800583,0.004355587286226101,0.06333960752087235,0.26038035943820764,0.0007875928545981307,1.5034603603891554,0.25524942278340684,-0.005015866767782672,0.001285705722759422,0.1372894056205245,0.0005441550740206637,0.0037132873448848793,0.13564245593109409,0.0005281349594516904,0.07322170836706657,0.25218740240623083,0.0007216044124538099,6.080000000000001,0.0,0.075,0.185,0.115
0.28400000000000003,12.0,3.0495965908914444e+16,-0.9470214176577176,0.2734748374598783,0.004881988897019337,0.04062564035656781,0.1063384716932157,0.00026102974938852733,1.4774584657371281,0.10424301425009895,-0.005519161007353096,-0.9479836044782834,0.2680858669909993,0.0048642778338544666,0.05981455391244994,0.10299249532499674,0.00017142930015288344,1.4687392752110346,0.1452951252909191,-0.00532102781208681,-0.9375679852253878,0.2648698582000376,0.004809760261365249,0.15004169629259215,0.1424320057924764,-2.864689797002662e-05,1.4297379973858375,0.14072336449823653,-0.005186833436572703,-0.9488483780019571,0.1410495014017773,0.004359585126883022,0.06325698417899184,0.2622402191484805,0.0007956024465104325,1.4975508751615656,0.2570726329461454,-0.00498555090977204,0.0013215636098922884,0.13827004423209965,0.0005479373540373609,0.0038202262298343815,0.1366113306163162,0.0005315921730857252,0.07467359740415777,0.25398874099484675,0.0007230681305111208,6.123428571428572,0.0,0.075,0.185,0.115
0.28600000000000003,12.0,3.0501678943973956e+16,-0.9470205147701675,0.27541437531420365,0.004889743171887686,0.04022343749951855,0.10709264525132363,0.0002658680195790233,1.4707194896249507,0.10498232640790109,-0.005489904557316908,-0.9479836162119786,0.26998718519660925,0.004871883158699571,0.059543737480772595,0.10372293855425206,0.00017563353856720848,1.4617689379700665,0.146325587172415,-0.005289654752154479,-0.9375658970720737,0.26674836783266204,0.004817265412232199,0.15053482548889674,0.1434421618619266,-2.6398137722662197e-05,1.4218925201695494,0.14172140254432333,-0.005152066379366056,-0.9488485174750334,0.14204985247554877,0.0043635929219100235,0.0632311206209856,0.2641000788587535,0.0008033723787190466,1.4914880287991126,0.2588958431088841,-0.004954620128210726,0.0013582245160012915,0.13925068284367487,0.0005517164769351302,0.003929570422450382,0.1375802053015383,0.0005350399162868157,0.076141976453668,0.2557900795834627,0.0007244659287172199,6.166857142857144,0.0,0.075,0.185,0.115
0.28800000000000003,12.0,3.0495963156570464e+16,-0.9470196736399246,0.27735391316852903,0.004897497711754786,0.03987424505424208,0.10784681880943152,0.00027049352523965186,1.4638171654860224,0.1057216385657032,-0.00545999140423699,-0.9479836268065305,0.27188850340221915,0.004879488478456791,0.05932251423137336,0.10445338178350734,0.000179638577210939,1.4546419622396372,0.14735604905391086,-0.005257651555664623,-0.9375639346551453,0.2686268774652864,0.004824771098149441,0.15107284077367547,0.14445231793137678,-2.433003023007985e-05,1.4138963032935057,0.1427194405904101,-0.005116692318316557,-0.9488476815815619,0.14305020354932024,0.004367594884097415,0.0632622465349924,0.26595993856902633,0.0008109152717921629,1.4852727288169998,0.26071905327162265,-0.00492307590210996,0.0013957023484074294,0.14023132145525002,0.0005554923877569949,0.004041357906089847,0.1385490799867604,0.00053847803825724,0.07762685369071283,0.25759141817207865,0.0007257977668736426,6.210285714285715,0.0,0.075,0.185,0.115
0.29,12.0,3.050167622515383e+16,-0.9470188900744683,0.2792934510228544,0.004905252498651116,0.039577873015689234,0.10860099236753944,0.00027490698925318946,1.4567523422228736,0.10646095072350532,-0.0054294248590500685,-0.9479836363800982,0.27378982160782905,0.004887093793657439,0.05915066835377507,0.10518382501276265,0.00018344524312555717,1.4473592638958042,0.14838651093540675,-0.005225021805216922,-0.9375620904263416,0.2705053870979108,0.004832277287012224,0.15165545690866422,0.14546247400082696,-2.2441467091394054e-05,1.4057503774911895,0.1437174786364969,-0.005080715298628035,-0.948847483019192,0.14405055462309171,0.0043715929448186145,0.06335144799957448,0.26781979827929925,0.0008182302069772274,1.478906034753105,0.26254226343436127,-0.004890921861530554,0.001434011183434573,0.1412119600668252,0.0005592650308736711,0.004155626944980451,0.1395179546719825,0.0005419063870635706,0.079128235416061,0.25939275676069456,0.000727063612279927,6.2537142857142864,0.0,0.075,0.185,0.115
0.292,12.0,3.050167479076894e+16,-0.9470181601617502,0.28123298887717973,0.004913007515806592,0.03933412212223022,0.10935516592564733,0.0002791091716398324,1.449525889798891,0.10720026288130742,-0.005398208317366265,-0.9479836450378649,0.2756911398134389,0.004894699104774148,0.059027975035424424,0.10591426824201791,0.00018705439955297139,1.4399217789273207,0.14941697281690258,-0.005191769164315607,-0.937560357287377,0.2723838967305351,0.004839783948627507,0.15228238055194127,0.1464726300702771,-2.0731307353548447e-05,1.3974557927954459,0.14471551668258364,-0.005044139443234423,-0.9488481839960983,0.14505090569686313,0.004375593554864221,0.0634987668248767,0.2696796579895721,0.0008253128399599905,1.472388868227161,0.26436547359709983,-0.004858162244624021,0.0014731652673259084,0.14219259867840034,0.000563034349979863,0.004272416081086091,0.14048682935720455,0.0005453248096488965,0.0806461260565197,0.26119409534931043,0.0007282634397329977,6.297142857142856,0.0,0.075,0.185,0.115
0.294,12.0,3.0501673674290296e+16,-0.947017480251981,0.2831725267315051,0.004920762747573021,0.039142783885717375,0.11010933948375526,0.00028310086944610013,1.4421386991281997,0.10793957503910956,-0.005366345259039125,-0.9479836528735246,0.27759245801904886,0.004902304412227655,0.05895420051100899,0.10664471147127322,0.0001904669457433952,1.4323304633190597,0.1504474346983985,-0.005157897376915689,-0.937558728563555,0.2742624063631595,0.004847291054602147,0.1529533102948942,0.14748278613972732,-1.9198377648855792e-05,1.3890136184024655,0.14571355472867045,-0.005006968952267102,-0.9488492393807976,0.14605125677063463,0.0043795977630669315,0.06370361676441372,0.2715395176998451,0.0008321630034998735,1.465722076310715,0.2661886837598385,-0.004824800737869291,0.0015131790171506515,0.14317323728997555,0.0005668002880905986,0.004391764130894121,0.1414557040424267,0.0005487331518453624,0.08218052816555126,0.2629954339379264,0.0007293972315256268,6.340571428571429,0.0,0.075,0.185,0.115
0.296,12.0,3.0495957078103716e+16,-0.9470168469405196,0.2851120645858305,0.0049285181793512454,0.039003640623743153,0.11086351304186315,0.0002868829166245831,1.4345916819630542,0.10867888719691167,-0.005333839247725152,-0.9479836599705952,0.27949377622465876,0.004909909716392734,0.05892910211297426,0.10737515470052851,0.00019368381675807808,1.4245862929327746,0.15147789657989436,-0.005123410266956661,-0.9375571979788728,0.2761409159957839,0.004854798578237356,0.15366793670140902,0.1484929422091775,-1.7841472342866816e-05,1.380424942533993,0.14671159277475723,-0.004969208102510833,-0.9488471242761478,0.1470516078444061,0.004383603388900815,0.0639631188714697,0.27339937741011794,0.0008387830425828169,1.4589061775474923,0.2680118939225771,-0.004790840729552552,0.0015540670217008602,0.1441538759015507,0.0005705627875376003,0.004513710182124682,0.14242457872764877,0.0005521312583870186,0.08373144242412092,0.2647967725265423,0.0007304649774439642,6.3839999999999995,0.0,0.075,0.185,0.115
0.298,12.0,3.0501671494636412e+16,-0.947016257051821,0.2870516024401559,0.004936273797522702,0.03891646549414685,0.11161768659997107,0.00029045618390491167,1.4268857707783396,0.1094181993547138,-0.005300693930433362,-0.9479836664035772,0.2813950944302687,0.004917515017603456,0.05895242832324718,0.1081055979297838,0.00019670598326723817,1.4166902633852123,0.15250835846139024,-0.005088311737885537,-0.9375557596325295,0.27801942562840826,0.004862306494429125,0.15442594234943832,0.14950309827862768,-1.6659353691125366e-05,1.371690872296935,0.147709630820844,-0.004930861246852596,-0.9488478983315305,0.14805195891817757,0.004387596332777301,0.0642817294101683,0.27525923712039085,0.0008451844729956845,1.4519428300856718,0.26983510408531575,-0.004756284293848706,0.001595844042378161,0.14513451451312587,0.0005743217899657001,0.004638293590362524,0.14339345341287088,0.0005555189729229848,0.08529886764177601,0.2665981111151583,0.0007314666747641496,6.427428571428571,0.0,0.075,0.185,0.115
0.3,12.0,3.0501670650925076e+16,-0.9470157076243768,0.28899114029448125,0.00494402958938521,0.03888102253159947,0.11237186015807898,0.0002938215786557286,1.4190219186536817,0.1101575115125159,-0.005266913037063294,-0.9479836722389793,0.2832964126358786,0.004925120316157824,0.059023918826157346,0.10883604115903911,0.00019953445134316772,1.408643389923662,0.15353882034288613,-0.005052605772169304,-0.9375544079767759,0.2798979352610326,0.004869814779574249,0.15522700187480362,0.15051325434807789,-1.5650752005441748e-05,1.3628125335406973,0.1487076688669308,-0.004891932813720017,-0.9488473850695691,0.14905230999194904,0.004391600833293918,0.0646560517081894,0.27711909683066377,0.0008513494696819819,1.444832515306053,0.27165831424805437,-0.0047211380633504696,0.0016385250140702105,0.14611515312470105,0.0005780772363292915,0.004765553975611734,0.144362328098093,0.0005588961380309219,0.08688280075795568,0.2683994497037742,0.0007324023282479928,6.470857142857143,0.0,0.075,0.185,0.115
0.302,12.0,3.0501669575655096e+16,-0.9470151958966029,0.29093067814880663,0.004951785543092733,0.03889706668636493,0.1131260337161869,0.0002969800447383497,1.4110010991525916,0.11089682367031803,-0.005232500379933455,-0.9479836775362174,0.2851977308414886,0.004932725612321871,0.05914330456261086,0.1095664843882944,0.00020217026224854823,1.400446707298729,0.15456928222438202,-0.005016296430797119,-0.9375531377960344,0.28177644489365705,0.004877323411481732,0.1560707820172711,0.15152341041752806,-1.4814365829102228e-05,1.3537910707119007,0.14970570691301757,-0.004852427306510719,-0.9488478316569866,0.15005266106572052,0.004395600184541159,0.06508760212254013,0.2789789565409367,0.0008572916193309892,1.4375764846176227,0.273481524410793,-0.00468540396358104,0.00168212504601671,0.14709579173627624,0.0005818290668888241,0.00489553121877378,0.14533120278331507,0.0005622625952308133,0.08848323684353154,0.27020078829239014,0.0007332719501377379,6.514285714285714,0.0,0.075,0.185,0.115
0.304,12.0,3.050166879404755e+16,-0.9470147192936109,0.292870216003132,0.004959541647598939,0.03896434386510458,0.11388020727429482,0.00029993256235171954,1.402824306198984,0.11163613582812015,-0.005197459853297886,-0.9479836823484082,0.2870990490470985,0.004940330906333264,0.05931030778548465,0.11029692761754971,0.0002046144922197554,1.3921012696345147,0.15559974410587787,-0.004979387852771405,-0.9375519441872198,0.2836549545262814,0.004884832369289264,0.15695694166870286,0.15253356648697824,-1.414886212117139e-05,1.344627646706977,0.15070374495910438,-0.004812349303011185,-0.9488486829883478,0.151053012139492,0.004399603375185915,0.06557574058911964,0.28083881625120966,0.0008630048565146782,1.4301756811380026,0.2753047345735316,-0.004649087000176365,0.0017266594226647896,0.14807643034785142,0.0005855772212073389,0.005028265458049314,0.14630007746853718,0.0005656181849990536,0.09010016910257847,0.2720021268810061,0.0007340755601498983,6.557714285714286,0.0,0.075,0.185,0.115
0.306,12.0,3.0495953045208544e+16,-0.9470142754148225,0.2948097538574574,0.004967297892604273,0.039082590973564056,0.11463438083240271,0.0003026801478691925,1.394492553951551,0.11237544798592226,-0.005161795432852247,-0.9479836867230768,0.2890003672527084,0.0049479361984044665,0.05952464211623317,0.11102737084680499,0.00020686825224528136,1.3836081502962685,0.15663020598737376,-0.0049418842545885635,-0.93755082254119,0.2855334641589058,0.0048923416333845025,0.15788513192337167,0.15354372255642842,-1.365287644909774e-05,1.3353234427221272,0.15170178300519113,-0.004771703454807144,-0.9488464057947948,0.15205336321326343,0.004403608184806445,0.06611753583667825,0.2826986759614825,0.0008684917414894515,1.4226307190311136,0.27712794473627017,-0.00461219094560693,0.0017721436045135795,0.14905706895942658,0.0005893216381470472,0.005163797085264184,0.14726895215375926,0.0005689627467828398,0.09173358887437559,0.273803465469622,0.0007348131854681741,6.6011428571428565,0.0,0.075,0.185,0.115
0.308,12.0,3.0501667218192188e+16,-0.947013862022372,0.29674929171178277,0.004975054268506421,0.039251535961372215,0.11538855439051064,0.0003052238536677864,1.3860068766749092,0.1131147601437244,-0.005125511175231306,-0.9479836907027773,0.29090168545831835,0.00495554148872558,0.05978601260274069,0.1117578140760603,0.00020893268783930849,1.3749684417553782,0.15766066786886965,-0.004903789929709595,-0.9375497685252867,0.2874119737915302,0.004899851185330881,0.15885499612996143,0.15455387862587863,-1.3325013189972145e-05,1.325879658102148,0.15269982105127794,-0.004730494486683397,-0.948847052695294,0.15305371428703493,0.004407600480327319,0.06671739293320106,0.2845585356717555,0.000873763999340309,1.414943351681742,0.27895115489900885,-0.0045747182565284185,0.0018185932289477818,0.15003770757100177,0.0005930622558659528,0.005302166742120118,0.1482378268389814,0.0005722961190148688,0.09338348563563702,0.275604804058238,0.0007354848607354496,6.644571428571429,0.0,0.075,0.185,0.115
0.31,12.0,3.0495952052060656e+16,-0.9470134770302555,0.29868882956610815,0.00498281076635392,0.03947089786859794,0.11614272794861855,0.00030756476794898535,1.377368328608751,0.11385407230152651,-0.005088611217493531,-0.9479836943256418,0.29280300366392825,0.004963146777466823,0.060094115778405136,0.11248825730531559,0.0002108089788102996,1.3661832554517717,0.1586911297503655,-0.004865109248020051,-0.9375487780668788,0.28929048342415453,0.004907361007797765,0.1598661699460462,0.1555640346953288,-1.3163845738530467e-05,1.3162975101851881,0.15369785909736472,-0.0046887271960191325,-0.9488482651619639,0.15405406536080637,0.0044116044722244015,0.06737326283100238,0.28641839538202835,0.0008788040097953092,1.4071143682872789,0.28077436506174747,-0.004536675946479978,0.0018660241110600607,0.15101834618257692,0.0005967990118145166,0.005443415316370555,0.14920670152420348,0.0005756181391283335,0.09504984700297191,0.27740614264685387,0.0007360906280448674,6.688,0.0,0.075,0.185,0.115
0.312,12.0,3.0501665880848104e+16,-0.9470131184941776,0.30062836742043353,0.0049905673778027565,0.03974038687431568,0.11689690150672646,0.0003097040145525141,1.3685779838338774,0.11459338445932864,-0.00505109977659769,-0.9479836976258694,0.29470432186953816,0.00497075206478072,0.060448639722427484,0.11321870053457088,0.00021249833902466298,1.357253721653858,0.1597215916318614,-0.00482584665527964,-0.9375478473378708,0.2911689930567789,0.00491487108449463,0.16091828139414774,0.156574190764779,-1.3167916725068785e-05,1.3065782341463763,0.1546958971434515,-0.004646406452166947,-0.9488480932027991,0.15505441643457785,0.004415610726386167,0.06808340050726647,0.28827825509230126,0.0008836199690451956,1.3991446245016828,0.2825975752244861,-0.004498067172251171,0.0019144522444620607,0.1519989847941521,0.0006005318427323681,0.005587583937922123,0.1501755762094256,0.0005789286435722202,0.09673265873557356,0.27920748123546985,0.0007366305369299917,6.731428571428571,0.0,0.075,0.185,0.115
0.314,12.0,3.0501665080777316e+16,-0.947012784602062,0.3025679052747589,0.004998324095075746,0.04005970434688887,0.11765107506483438,0.00031164275276207484,1.359636936136098,0.11533269661713076,-0.005012981148866986,-0.9479837006341535,0.2966056400751481,0.00497835735080407,0.0608492641212799,0.11394914376382619,0.0002140020161655948,1.348180989316068,0.16075205351335728,-0.004786006672562003,-0.93754697274012,0.2930475026894033,0.004922381400109097,0.16201095091973516,0.1575843468342292,-1.3335738239674155e-05,1.2967230828389216,0.15569393518953828,-0.004603537195827352,-0.9488488121961023,0.15605476750834935,0.004419611442844594,0.06884928975807175,0.2901381148025742,0.0008882188571812308,1.3910354883734413,0.2844207853872247,-0.004458895356457832,0.0019638938020838707,0.1529796234057273,0.0006042606846450609,0.0057347139748622645,0.15114445089464768,0.0005822274678269022,0.09843190473813707,0.28100881982408576,0.0007371046443540488,6.774857142857143,0.0,0.075,0.185,0.115
0.316,12.0,3.050166455941968e+16,-0.9470124736651759,0.3045074431290843,0.0050060809109245845,0.040428542896261806,0.1184052486229423,0.0003133821771042137,1.3505462988667647,0.11607200877493289,-0.00497425970944466,-0.9479837033780609,0.298506958280758,0.0049859626356596465,0.06129566033153032,0.11467958699308148,0.00021532129148720631,1.3389662259333937,0.16178251539485317,-0.004745593895684859,-0.9375461508917096,0.2949260123220277,0.00492989194024859,0.16314379145107952,0.15859450290367938,-1.3665792064223138e-05,1.2867333266328327,0.1566919732356251,-0.0045601244384131856,-0.9488498785358158,0.15705511858212082,0.004423615723112892,0.06967024556207992,0.2919979745128471,0.0008925947390191014,1.3827880168752065,0.2862439955499633,-0.004419165971293912,0.002014365136961741,0.15396026201730245,0.0006079854728608744,0.00588484702941353,0.15211332557986978,0.00058551444642003,0.10014756706400514,0.2828101584127017,0.0007375130146982585,6.8182857142857145,0.0,0.075,0.185,0.115
0.318,12.0,3.0501664131811972e+16,-0.9470121841098336,0.30644698098340967,0.005013837818594343,0.04084658642764698,0.1191594221810502,0.0003149235171391536,1.3413072048020633,0.116811320932735,-0.004934939911736119,-0.9479837058823755,0.300408276486368,0.004993567919457716,0.061787491443776155,0.11541003022233678,0.00021645747956322586,1.3296106173938287,0.16281297727634905,-0.004704612994628178,-0.9375453786140266,0.29680452195465207,0.004937402691385447,0.1643164084607905,0.15960465897312956,-1.4156529911799831e-05,1.2766102532516785,0.15769001128171187,-0.004516173261404483,-0.9488477685997599,0.1580554696558923,0.004427621392766833,0.07054329068467906,0.29385783422312,0.0008967503546441605,1.3744029369645923,0.28806720571270195,-0.004378883244650017,0.0020658827830138723,0.15494090062887764,0.0006117061419676636,0.006038024933815075,0.1530822002650919,0.0005887894129427135,0.10187962591854154,0.28461149700131766,0.0007378557197492502,6.861714285714286,0.0,0.075,0.185,0.115
0.32,12.0,3.050166353246503e+16,-0.9470119144696452,0.30838651883773505,0.005021594811790275,0.0413135101973305,0.11991359573915812,0.0003162680372460446,1.3319208059983323,0.11755063309053712,-0.004895026286846105,-0.9479837081693955,0.3023095946919779,0.0050011732022974134,0.06232441234776462,0.11614047345159208,0.0002174119280312637,1.3201153678283895,0.16384343915784494,-0.004663068712943935,-0.9375446529196029,0.2986830315872765,0.004944913640805213,0.1655284000291538,0.16061481504257977,-1.4806373672842877e-05,1.2663551676068738,0.15868804932779865,-0.0044716888156955195,-0.9488469194020325,0.15905582072966376,0.004431614357317695,0.07147153893324033,0.2957176939333929,0.0009006976129948554,1.365881924193548,0.28989041587544057,-0.004338050084356607,0.0021184634558040786,0.15592153924045282,0.0006154226258297559,0.006194289746131908,0.154051074950314,0.0005920522000659957,0.10362805966273168,0.2864128355899336,0.0007381328386855681,6.905142857142858,0.0,0.075,0.185,0.115
0.322,12.0,3.049594837966445e+16,-0.9470116633782804,0.3103260566920604,0.005029351884646822,0.04182898086986144,0.12066776929726604,0.0003174170363997422,1.322388273645949,0.11828994524833925,-0.004854523442999972,-0.9479837102591948,0.30421091289758784,0.005008778484267934,0.06290606979874747,0.11687091668084738,0.00021818601733233106,1.3104816994585524,0.16487390103934083,-0.004620965867156195,-0.9375439710006769,0.30056154121990086,0.004952424776558015,0.16677935690913892,0.16162497111202995,-1.5613715668495455e-05,1.2559693916298054,0.15968608737388543,-0.004426676320931954,-0.9488485500722498,0.16005617180343523,0.004435612364821872,0.07245562989832083,0.29757755364366584,0.000904424058841702,1.3572262959572545,0.2917136260381792,-0.004296673192621475,0.0021721240532931426,0.156902177852028,0.0006191348575848957,0.00635368374599245,0.15501994963553611,0.0005953026395576169,0.10539284481700992,0.28821417417854955,0.0007383444580632715,6.948571428571429,0.0,0.075,0.185,0.115
0.324,12.0,3.0501662613249024e+16,-0.9470114295627072,0.3122655945463858,0.005037109031698664,0.04239265657701715,0.12142194285537394,0.00031837184794205,1.3127107979202544,0.11902925740614136,-0.004813436064959231,-0.9479837121698647,0.30611223110319774,0.00501638376544957,0.06353210248499874,0.11760135991010266,0.0002187811604454208,1.3007108524414017,0.16590436292083668,-0.004578309346150862,-0.9375433302184303,0.30244005085252523,0.004959936087412809,0.16806886259303164,0.16263512718148013,-1.6576918910635174e-05,1.245454264101803,0.1606841254199722,-0.0043811410648393325,-0.9488487152726278,0.16105652287720668,0.0044396202917978255,0.07349223736273555,0.29943741335393875,0.0009079271338224718,1.3484367838484785,0.2935368362009178,-0.004254757839025347,0.0022268816565776703,0.15788281646360317,0.0006228427696412401,0.006516249430254976,0.1559888243207582,0.0005985405622990629,0.10717395606531271,0.2900155127671654,0.000738490671800622,6.992,0.0,0.075,0.185,0.115
0.326,12.0,3.0495947668225028e+16,-0.9470112118368786,0.3142051324007112,0.005044866247853674,0.04300418697834411,0.12217611641348186,0.0003191338393458588,1.3028895878301336,0.11976856956394348,-0.0047717689134252434,-0.9479837139177202,0.30801354930880764,0.005023989045914689,0.06420214109662077,0.11833180313935796,0.00021919880261743685,1.290804084711986,0.16693482480233257,-0.004535104110556277,-0.9375427280928645,0.3043185604851496,0.004967447562814319,0.16939649338064766,0.1636452832509303,-1.7694317368405323e-05,1.2348111404820024,0.161682163466059,-0.0043350884025429755,-0.948845882016683,0.16205687395097815,0.004443622356894424,0.07457987498696451,0.30129727306421167,0.0009112201428059045,1.339514419121772,0.2953600463636564,-0.004212306949939288,0.002282753530616252,0.15886345507517835,0.0006265462936744028,0.006682029508603538,0.1569576990059803,0.0006017657983029013,0.10897136625935751,0.2918168513557814,0.0007385715811618747,7.035428571428572,0.0,0.075,0.185,0.115
0.328,12.0,3.050166183270439e+16,-0.9470110090958395,0.31614467025503656,0.005052623528367661,0.043663213323356306,0.12293028997158977,0.0003197044119729826,1.2929258710638836,0.1205078817217456,-0.004729526824433552,-0.9479837155174874,0.3099148675144176,0.005031594325728551,0.06491580839540251,0.11906224636861326,0.00021944042108796997,1.2807626718237348,0.16796528668382846,-0.00449135519211263,-0.9375421622932743,0.306197070117774,0.004974959192842555,0.17076181844919402,0.16465543932038051,-1.896421624106859e-05,1.2240413927327598,0.1626802015121458,-0.004288523755879427,-0.9488480985114616,0.16305722502474962,0.00444761242816573,0.07572438910190396,0.3031571327744846,0.0009143090311500803,1.330461370630068,0.29718325652639505,-0.0041693246503815085,0.0023397571249427446,0.1598440936867535,0.0006302453606245491,0.006851066899073957,0.1579265736912024,0.0006049781767303954,0.11078504642314618,0.2936181899443973,0.0007385872947401593,7.078857142857143,0.0,0.075,0.185,0.115
0.33,12.0,3.050166130592644e+16,-0.9470108203102235,0.31808420810936194,0.005060380868820806,0.04436936851525072,0.12368446352969768,0.0003200850008253655,1.2828208938327523,0.12124719387954773,-0.004686714708737344,-0.9479837169824679,0.3118161857200275,0.00503919960495006,0.06567271928593693,0.11979268959786855,0.00021950752480986418,1.2705879067861987,0.16899574856532434,-0.004447067693033642,-0.9375416306292923,0.3080755797503984,0.004982470968174691,0.1721643999245104,0.1656655953898307,-2.0384892237453324e-05,1.2131464091433986,0.16367823955823257,-0.004241452612698109,-0.948850375520756,0.1640575760985211,0.004451622698439931,0.07692162847138516,0.3050169924847575,0.0009171704135314142,1.3212783004650244,0.29900646668913367,-0.004125819615763738,0.0023979100743664766,0.1608247322983287,0.0006339399006935438,0.007023404723510506,0.1588954483764245,0.0006081775259094022,0.11261496575769292,0.2954195285330133,0.0007385379284394685,7.122285714285715,0.0,0.075,0.185,0.115
0.332,12.0,3.0501661018577124e+16,-0.9470106445211228,0.3200237459636873,0.005068138265095643,0.045122277176118164,0.1244386370878056,0.00032027707429021953,1.2725759207121634,0.12198650603734985,-0.00464333755118161,-0.9479837183246836,0.31371750392563746,0.005046804883632422,0.06647248088783672,0.12052313282712386,0.00021940165416474772,1.2602810999006486,0.17002621044682023,-0.004402246785357514,-0.9375411310424634,0.30995408938302277,0.0049899828800492605,0.1736037929539622,0.16667575145928087,-2.1954593860918137e-05,1.2021275941512986,0.16467627760431935,-0.004193880526156317,-0.9488492435372972,0.1650579271722926,0.0044556332107721945,0.07816859781396925,0.3068768521950304,0.000919820894894581,1.3119660656406746,0.3008296768518723,-0.004081794494452608,0.0024572301996591897,0.16180537090990388,0.0006376298433421496,0.007199086302953913,0.1598643230616466,0.0006113636733525444,0.11446109164597543,0.2972208671216292,0.0007384236054557452,7.165714285714286,0.0,0.075,0.185,0.115
0.334,12.0,3.049594662558732e+16,-0.9470104808352987,0.3219632838180127,0.005075895713356542,0.04592155571368196,0.1251928106459135,0.00032028213387918136,1.262192234480412,0.12272581819515198,-0.0045994004100680455,-0.9479837195550119,0.31561882213124737,0.005054410161823724,0.06731469260912969,0.12125357605637915,0.00021912438067416974,1.249843578593279,0.17105667232831612,-0.004356897710289329,-0.9375406615983213,0.31183259901564714,0.004997494920232442,0.17507954578062837,0.16768590752873108,-2.3671541700924447e-05,1.1909863681613866,0.16567431565040613,-0.0041458131140035695,-0.9488453562926301,0.16605827824606406,0.0044596300871334454,0.07946545281900701,0.30873671190530333,0.0009222724563653364,1.302526022264382,0.30265288701461096,-0.004037252714504254,0.0025177355082285227,0.16278600952147906,0.0006413151172872795,0.007378155152961317,0.16083319774686872,0.0006145364457756593,0.11632338965810904,0.2990222057102451,0.0007382444562570788,7.209142857142858,0.0,0.075,0.185,0.115
0.336,12.0,3.049594540406879e+16,-0.9470103284207106,0.3239028216723381,0.005083653210030548,0.04676681238955284,0.12594698420402142,0.0003201017139613579,1.2516711359548032,0.12346513035295409,-0.004554908416509832,-0.947983720683303,0.3175201403368573,0.0050620154395674775,0.06819894622080293,0.12198401928563446,0.0002186773067060191,1.2392766872460792,0.17208713420981198,-0.0043110257775338685,-0.9375402204789439,0.31371110864827156,0.005005007080986372,0.17659119981894023,0.16869606359818126,-2.5533928729788435e-05,1.179724167363453,0.16667235369649294,-0.004097256057859574,-0.9488467219324962,0.16705862931983553,0.004463615942449863,0.08081797564497112,0.31059657161557624,0.000924524475186277,1.292960403264707,0.3044760971773496,-0.003992199700348129,0.002579444194777844,0.16376664813305422,0.0006449956504993027,0.007560654978858841,0.16180207243209083,0.0006176956691165181,0.11820182355674284,0.3008235442988611,0.0007380006185630083,7.25257142857143,0.0,0.075,0.185,0.115
0.338,12.0,3.050166006388681e+16,-0.9470101865023498,0.32584235952666346,0.005091410751789496,0.04765764738884326,0.12670115776212934,0.00031973738149030604,1.2410139438257033,0.1242044425107562,-0.004509866773776188,-0.94798372171848,0.31942145854246723,0.0050696207169030815,0.06912482593243792,0.12271446251488974,0.00021806206517634724,1.2285817870255469,0.17311759609130786,-0.004264636364619085,-0.9375398059759451,0.3155896182808959,0.005012519355039359,0.17813828973188192,0.16970621966763144,-2.7539920605235136e-05,1.1683424435468324,0.1676703917425797,-0.004048215102483494,-0.9488519583509233,0.16805898039360698,0.004467622809304413,0.0822247459666102,0.3124564313258491,0.0009265538227235119,1.2832703603554245,0.30629930734008814,-0.003946644383698476,0.002642374641952243,0.16474728674462938,0.0006486713701994061,0.007746629670927439,0.1627709471173129,0.0006208411685538162,0.12009635530267715,0.30262488288747696,0.0007376922373229364,7.296,0.0,0.075,0.185,0.115
0.34,12.0,3.050165957128944e+16,-0.9470100543583516,0.32778189738098884,0.005099168335533355,0.0485936528912375,0.12745533132023726,0.000319190735725576,1.2302219944881003,0.12494375466855832,-0.00446428075662858,-0.9479837226686346,0.32132277674807713,0.005077225993866229,0.0700919084689975,0.12344490574414503,0.00021728031924682844,1.2177602557090719,0.17414805797280372,-0.004217734916210973,-0.9375394164838903,0.31746812791352025,0.0050200317355578615,0.1797203435092254,0.17071637573708162,-2.96876559792012e-05,1.1568426639140568,0.1686684297886665,-0.003998696055032664,-0.9488532080994139,0.16905933146737845,0.004471645159273206,0.08367937425448915,0.3143162910361221,0.0009283661802780475,1.273456304681115,0.30812251750282676,-0.003900591371410391,0.002706545420970482,0.16572792535620456,0.0006523422028570093,0.007936123299522702,0.163739821802535,0.0006239727685264303,0.12200694506070141,0.30442622147609294,0.0007373194646936632,7.339428571428572,0.0,0.075,0.185,0.115
0.342,12.0,3.0501659429538876e+16,-0.9470099313163727,0.3297214352353142,0.0051069259583746635,0.049574413143482245,0.12820950487834518,0.0003184634079484307,1.219296641870739,0.12568306682636046,-0.00441815571064696,-0.9479837235411109,0.3232240949536871,0.005084831270489288,0.07109976314881884,0.12417534897340034,0.00021633376201761134,1.2068134875087715,0.1751785198542996,-0.004170326943419089,-0.9375390504941044,0.3193466375461447,0.005027544216120139,0.18133688254743108,0.17172653180653183,-3.1975246810774236e-05,1.145226310891414,0.16966646783475328,-0.003948704784317214,-0.9488512274441784,0.17005968254114992,0.004475651562562255,0.08518206225539819,0.316176150746395,0.0009299871059676234,1.263519671027434,0.3099457276655654,-0.0038540423080621984,0.0027719752922427225,0.16670856396777975,0.0006560080741872371,0.008129180110129308,0.1647086964877571,0.0006270902927529376,0.12393355120565187,0.30622756006470886,0.0007368824600160297,7.3828571428571435,0.0,0.075,0.185,0.115
0.34400000000000003,12.0,3.0495944213552816e+16,-0.9470098167502061,0.3316609730896396,0.005114683617624049,0.05059950453323052,0.1289636784364531,0.0003175570611718834,1.2082392572629732,0.12642237898416256,-0.004371497051546306,-0.9479837243425776,0.325125413159297,0.005092436546801631,0.0721479519624482,0.12490579220265563,0.00021522411621534716,1.1957428928939529,0.1762089817357955,-0.004122418023091904,-0.9375387065888496,0.32122514717876904,0.005035056790691494,0.18298742173050245,0.172736687875982,-3.440077868579627e-05,1.1334948819385624,0.17066450588084006,-0.003898247220042296,-0.9488466411350164,0.1710600336149214,0.004479645044236399,0.08673290321673277,0.3180360104566679,0.0009314157928050789,1.253461895001066,0.311768937828304,-0.00380700293279652,0.002838683205973828,0.16768920257935493,0.0006596689091484489,0.008325844518350837,0.1656775711729792,0.0006301935642513996,0.12587613032868802,0.30802889865332483,0.000736381389790692,7.426285714285715,0.0,0.075,0.185,0.115
0.34600000000000003,12.0,3.050165919670576e+16,-0.9470097100766329,0.333600510943965,0.005122441310776685,0.05166849566415814,0.12971785199456098,0.0003164733898453219,1.1970512291395705,0.12716169114196468,-0.004324310264484034,-0.9479837250790942,0.32702673136490695,0.005100041822829938,0.07323602965277726,0.12563623543191094,0.00021395313387785093,1.1845498984107092,0.17723944361729138,-0.004074013797106647,-0.9375383834358557,0.3231036568113934,0.005042569453600972,0.1846714695123788,0.17374684394543222,-3.696231114028092e-05,1.1216498893553235,0.17166254392692684,-0.0038473293520465426,-0.9488474329782774,0.17206038468869286,0.004483628103294837,0.08833762022694536,0.3198958701669408,0.0009326518678008322,1.2432852890024604,0.3135921479910427,-0.003759478988040094,0.0029066883027520484,0.1686698411909301,0.0006633246319398251,0.00852616110483564,0.16664644585820132,0.000633282405359402,0.12783463724378702,0.30983023724194075,0.0007358164276530109,7.469714285714287,0.0,0.075,0.185,0.115
0.34800000000000003,12.0,3.0501658901407676e+16,-0.9470096107524797,0.33554004879829036,0.005130199035499693,0.052780947432622446,0.1304720255526689,0.00031521411955404306,1.185733962982513,0.1279010032997668,-0.004276600903359215,-0.947983725756171,0.32892804957051686,0.005107647098598444,0.07436354379634852,0.12636667866116624,0.00021252259603355593,1.1732359464990672,0.17826990549878727,-0.004025119971647688,-0.9375380797831744,0.32498216644401784,0.005050082199519494,0.1863885280004332,0.1747570000148824,-3.9657877989985657e-05,1.1096928600869242,0.17266058197301365,-0.0037959572295292398,-0.9488485596530887,0.17306073576246433,0.004487632674962967,0.08999194886969647,0.32175572987721374,0.0009336724386010735,1.2329906576194676,0.3154153581537813,-0.0037114797233947163,0.002976009914122898,0.16965047980250528,0.000666975165999013,0.008730174610139514,0.16761532054342343,0.0006363566377543512,0.12980902499445518,0.3116315758305567,0.0007351877543470786,7.513142857142858,0.0,0.075,0.185,0.115
0.35000000000000003,12.0,3.049594367195734e+16,-0.9470095182718822,0.33747958665261574,0.005137956789620381,0.05393641310536006,0.13122619911077682,0.0003137810067126175,1.1742888811013978,0.12864031545756893,-0.0042283745900997755,-0.9479837263788214,0.3308293677761268,0.005115252374129192,0.0755300348854687,0.12709712189042152,0.000210934312376292,1.1618024953088268,0.17930036738028315,-0.003975742316475136,-0.9375377944543413,0.3268606760766422,0.005057595023439267,0.188138093040194,0.17576715608433258,-4.248548766440252e-05,1.0976253355272523,0.17365862001910043,-0.0037441369602712955,-0.948846506246767,0.17406108683623583,0.0044916385859572975,0.09169278779879549,0.32361558958748665,0.0009344945628711607,1.2225789999517267,0.3172385683165199,-0.0036630083572117907,0.003046667563148028,0.17063111841408046,0.0006706204339998303,0.008937929929525922,0.1685841952286455,0.0006394160824740241,0.1317992448606555,0.31343291441917265,0.0007344955576988699,7.55657142857143,0.0,0.075,0.185,0.115
0.352,12.0,3.0501658480088624e+16,-0.9470094321637329,0.33941912450694106,0.005145714571115293,0.0551344383985751,0.1319803726688847,0.00031217583825409855,1.1627174224512344,0.12937962761537103,-0.004179637013944108,-0.9479837269516143,0.33273068598173666,0.005122857649442232,0.0767350364115544,0.1278275651196768,0.00020919012093683243,1.1502510185127381,0.18033082926177899,-0.003925886664188191,-0.9375375263438339,0.3287391857092665,0.005065107920654431,0.18991965430123547,0.17677731215378273,-4.544312354564506e-05,1.0854488713202608,0.17465665806518718,-0.0036918747098482604,-0.948847333868633,0.17506143791000725,0.004495631776627098,0.09344436371579944,0.32547544929775946,0.0009351306459958559,1.2120524508385884,0.3190617784792585,-0.003614068885889873,0.0031186809649489046,0.1716117570256556,0.0006742603578500303,0.009149472107704495,0.1695530699138676,0.0006424605599373667,0.13380524636595045,0.3152342530077885,0.0007337400325885321,7.6,0.0,0.075,0.185,0.115
0.354,12.0,3.0495943011973212e+16,-0.9470093519893011,0.33941912450694106,0.005145714226682696,0.05637454800706375,0.1319803726688847,0.00030738373708123843,1.15102101225788,0.12937962761537103,-0.004133351179343454,-0.9479837274787098,0.33273068598173666,0.005122857651733404,0.07797806736472918,0.1278275651196768,0.00020437011483248962,1.1385829573874322,0.18033082926177899,-0.0038796807570038367,-0.9375372744127969,0.3287391857092665,0.005065106848212402,0.19173267735064353,0.17677731215378273,-5.256936858981099e-05,1.073164996264221,0.17465665806518718,-0.0036431688530202946,-0.9488488843351274,0.17506143791000725,0.004495635087114561,0.09524456620013308,0.32547544929775946,0.00092812434232784,1.201412124469408,0.3190617784792585,-0.00357196268943732,0.0031920692406886757,0.1716117570256556,0.0006739723042428268,0.009364844532693862,0.1695530699138676,0.0006416143912246524,0.13582688851161,0.3152342530077885,0.0007257160265673522,7.6,0.0,0.075,0.185,0.115
0.356,12.0,3.050165804823624e+16,-0.9470092773400139,0.33941912450694106,0.005145713905984969,0.05765624568571422,0.1319803726688847,0.00030242329864728384,1.1392010618330517,0.12937962761537103,-0.004086565538570035,-0.9479837279639031,0.33273068598173666,0.005122857653841786,0.07925863231879145,0.1278275651196768,0.0001993979910197905,1.1267997206247817,0.18033082926177899,-0.003833008512502613,-0.9375370376850265,0.3287391857092665,0.005065105840488254,0.19357660374100225,0.17677731215378273,-5.982146078744322e-05,1.0607752121117522,0.17465665806518718,-0.003594033352796135,-0.9488506121305321,0.17506143791000725,0.004495641288980538,0.09709247925003314,0.32547544929775946,0.0009209235323905055,1.1906592644309821,0.3190617784792585,-0.0035294013839605987,0.0032668509177705115,0.1716117570256556,0.0006736787511398677,0.009584088929178934,0.1695530699138676,0.0006407529015246949,0.13786393978940759,0.3152342530077885,0.000717629457984714,7.6,0.0,0.075,0.185,0.115
0.358,12.0,3.050165798581339e+16,-0.9470092078353887,0.33941912450694106,0.00514571360738782,0.05897902788343846,0.1319803726688847,0.0002972965079326819,1.1272589985800672,0.12937962761537103,-0.0040392857368707225,-0.9479837284106576,0.33273068598173666,0.005122857655782559,0.08057622910034756,0.1278275651196768,0.00019427573120354142,1.1149027318781515,0.18033082926177899,-0.003785875565452011,-0.9375368152431969,0.3287391857092665,0.005065104893577172,0.19545086911314066,0.17677731215378273,-6.719716634887807e-05,1.048281034266761,0.17465665806518718,-0.00354447421618626,-0.9488490338243277,0.17506143791000725,0.004495648200162157,0.09898492912978359,0.32547544929775946,0.0009135318801909053,1.1797947855352293,0.3190617784792585,-0.003486389943806895,0.0033430447159449516,0.1716117570256556,0.0006733796244315403,0.009807247150098546,0.1695530699138676,0.0006398759239387546,0.13991616697832732,0.3152342530077885,0.0007094812528735237,7.6,0.0,0.075,0.185,0.115
0.36,12.0,3.0495944225760212e+16,-0.9470091431211085,0.33941912450694106,0.005145713329369319,0.06034238382691667,0.1319803726688847,0.00029200537914178505,1.1151962658091599,0.12937962761537103,-0.003991517483858785,-0.9479837288221336,0.33273068598173666,0.0051228576575695775,0.08193034887396902,0.1278275651196768,0.00018900534407731694,1.1028934295780717,0.18033082926177899,-0.00373828761046549,-0.9375366062253112,0.3287391857092665,0.0050651040038098534,0.19735490328616337,0.17677731215378273,-7.469422783743174e-05,1.035683991586769,0.17465665806518718,-0.0034944975048062953,-0.9488468032617295,0.17506143791000725,0.004495641886937339,0.10092343582793498,0.32547544929775946,0.0009059620806719036,1.1688203355774287,0.3190617784792585,-0.003442932028223884,0.0034206695465452347,0.1716117570256556,0.0006730748492388425,0.010034361166097204,0.1695530699138676,0.0006389832910550763,0.141983335173457,0.3152342530077885,0.0007012723441178448,7.6,0.0,0.075,0.185,0.115
0.362,12.0,3.0501657592551436e+16,-0.9470090828672277,0.3394191245069411,0.005145713070512198,0.06174579560561916,0.13198037266888474,0.0002865519553678723,1.1030143225503832,0.12937962761537106,-0.0039432665527751555,-0.9479837292012188,0.33273068598173666,0.0051228576592154814,0.08332047622824172,0.12782756511967683,0.00018358886498283123,1.0907732667462113,0.180330829261779,-0.003690250401265171,-0.9375364098213668,0.3287391857092666,0.005065103167738311,0.1992881303484765,0.17677731215378276,-8.231036452952246e-05,1.0229856261836237,0.17465665806518718,-0.0034441093340863275,-0.9488491084650534,0.17506143791000728,0.004495632964686948,0.10291145313473771,0.3254754492977595,0.0008982080538792981,1.1577378736200559,0.3190617784792585,-0.003399034228392681,0.0034997445117063973,0.17161175702565562,0.0006727643499164415,0.010265473054920761,0.16955306991386762,0.0006380748349910817,0.14406520781508697,0.31523425300778857,0.0006930036713373263,7.6000000000000005,0.0,0.075,0.185,0.115
0.364,12.0,3.0501657525616824e+16,-0.947009026766499,0.33941912450694106,0.0051457128294966755,0.06318873825786675,0.1319803726688847,0.00028093830825306224,1.090714643364752,0.12937962761537103,-0.003894538779740049,-0.9479837295505513,0.33273068598173666,0.005122857660731822,0.08474608926278819,0.1278275651196768,0.00017802835556574031,1.0785437108074067,0.18033082926177899,-0.0036417697499377295,-0.937536225270221,0.3287391857092665,0.005065102382122533,0.20124996874991324,0.17677731215378273,-9.00432727787751e-05,1.0101874932222785,0.17465665806518718,-0.003393315872473746,-0.9488498286592024,0.17506143791000725,0.004495642185500243,0.10494376606464688,0.32547544929775946,0.000890255984652087,1.1465480496139304,0.3190617784792585,-0.00335470438056319,0.0035802889035679384,0.1716117570256556,0.0006724480500557968,0.010500624990757938,0.1695530699138676,0.0006371503874357874,0.1461615467180113,0.3152342530077885,0.0006846761807708061,7.6,0.0,0.075,0.185,0.115
0.366,12.0,3.050165754593188e+16,-0.9470089745328149,0.33941912450694106,0.005145712605093761,0.06467067985811062,0.1319803726688847,0.00027516653764407187,1.0782987181530788,0.12937962761537103,-0.0038453400629975243,-0.9479837298725448,0.33273068598173666,0.0051228576621291525,0.08620665967638207,0.1278275651196768,0.00017232590342755445,1.0662062433994166,0.18033082926177899,-0.003592851526182511,-0.9375360518566465,0.3287391857092665,0.005065101643917951,0.20323983139489255,0.17677731215378273,-9.789062638452206e-05,0.9972911607177808,0.17465665806518718,-0.0033421233406283656,-0.9488474385794708,0.17506143791000725,0.0044956450662768386,0.10701867233669611,0.32547544929775946,0.0008821267329324503,1.1352520656814808,0.3190617784792585,-0.003309945084538688,0.0036623222034598444,0.1716117570256556,0.0006721258724883506,0.01073985923352962,0.1695530699138676,0.0006362097796924386,0.1482721121010273,0.3152342530077885,0.0006762908251591089,7.6,0.0,0.075,0.185,0.115
0.368,12.0,3.0501657364648856e+16,-0.9470089258997573,0.33941912450694106,0.005145712396159023,0.06619108160526453,0.1319803726688847,0.0002692387712430964,1.0657680519629515,0.12937962761537103,-0.003795676362150831,-0.947983730169408,0.33273068598173666,0.005122857663417126,0.0877016528558573,0.1278275651196768,0.00016648362177317894,1.0537623601812167,0.18033082926177899,-0.0035435016565505506,-0.9375358889085653,0.3287391857092665,0.005065100950263652,0.20525712573646807,0.17677731215378273,-0.00010585007696443927,0.9842982093308219,0.17465665806518718,-0.0032905380106103745,-0.9488463643331154,0.17506143791000725,0.004495635505957912,0.10913902069450734,0.32547544929775946,0.0008738271078442535,1.1238518347949213,0.3190617784792585,-0.00326476114880889,0.0037458640810717663,0.1716117570256556,0.000671797739288783,0.010983218118127898,0.1695530699138676,0.0006352528427213519,0.15039666261662984,0.3152342530077885,0.0006678485636270449,7.6,0.0,0.075,0.185,0.115
0.37,12.0,3.050165709150474e+16,-0.947008880619245,0.33941912450694106,0.005145712201626794,0.06774939791223689,0.1319803726688847,0.0002631571642544807,1.053124164793408,0.12937962761537103,-0.003745553697390322,-0.9479837304431631,0.33273068598173666,0.005122857664604579,0.08923052796616125,0.1278275651196768,0.00016050364905527797,1.0412135706388495,0.18033082926177899,-0.0034937261236777507,-0.937535735794444,0.3287391857092665,0.005065100298471327,0.20730125387137838,0.17677731215378273,-0.00011391925433074135,0.9712102321615019,0.17465665806518718,-0.003238566205062539,-0.9488496206313436,0.17506143791000725,0.00449563120897249,0.11130657210940635,0.32547544929775946,0.0008653457144130085,1.112349118634934,0.3190617784792585,-0.003219160225262652,0.003830934393605144,0.1716117570256556,0.0006714635717783353,0.011230744043606782,0.1695530699138676,0.0006342794071829589,0.15253495538089626,0.3152342530077885,0.0006593503615646346,7.6,0.0,0.075,0.185,0.115
0.372,12.0,3.0501657008261936e+16,-0.9470088384602727,0.339419124506941,0.005145712020504744,0.06934507649643572,0.1319803726688847,0.0002569238990265913,1.0403685913979142,0.12937962761537103,-0.003694978148712148,-0.9479837306956619,0.3327306859817366,0.0051228576656995985,0.09079273804121543,0.12782756511967677,0.0001543881486140621,1.0285613978897628,0.18033082926177899,-0.003443530965508282,-0.9375355919208499,0.32873918570926647,0.005065099686014842,0.20937161263612186,0.17677731215378273,-0.0001220957668703826,0.958028834541239,0.17465665806518715,-0.0031862142963852594,-0.9488511083934549,0.17506143791000722,0.004495644234165403,0.11351610118070816,0.32547544929775946,0.0008566755087534123,1.100744625508863,0.31906177847925843,-0.003173149360622702,0.003917553184908071,0.1716117570256556,0.0006711232905282018,0.011482479462326589,0.16955306991386757,0.0006332893034810432,0.15468674600355833,0.31523425300778846,0.0006507971905075688,7.599999999999999,0.0,0.075,0.185,0.115
0.374,12.0,3.0501657019173616e+16,-0.9470087992077394,0.33941912450694106,0.005145711851868855,0.07097755847138723,0.1319803726688847,0.00025054118468979597,1.027502881085238,0.12937962761537103,-0.0036439558551301728,-0.9479837309286014,0.33273068598173666,0.005122857666709594,0.09238773007561484,0.1278275651196768,0.00014813930831384547,1.0158073784855366,0.18033082926177899,-0.003392922274511935,-0.9375354567301566,0.3287391857092665,0.005065099110520466,0.2114675937038227,0.17677731215378273,-0.00013037720192935653,0.9447556338234109,0.17465665806518718,-0.0031334887059042073,-0.948849332744103,0.17506143791000725,0.004495650185213848,0.11576590179091964,0.32547544929775946,0.0008478373924682052,1.0890396163982465,0.3190617784792585,-0.0031267313881184187,0.004005740684592701,0.1716117570256556,0.0006707768153629901,0.011738466869053941,0.1695530699138676,0.0006322823618061641,0.15685178861825735,0.3152342530077885,0.0006421900280169208,7.6,0.0,0.075,0.185,0.115
0.376,12.0,3.0495943224898024e+16,-0.9470087626613549,0.33941912450694106,0.0051457116948587225,0.0726462784394918,0.1319803726688847,0.0002440112567899899,1.0145285975181197,0.12937962761537103,-0.003592493013879468,-0.9479837311435386,0.33273068598173666,0.0051228576676413526,0.09401494511721488,0.1278275651196768,0.00014175934017624786,1.0029530622128509,0.18033082926177899,-0.00334190619689503,-0.9375353296983814,0.3287391857092665,0.005065098569757693,0.213588583682085,0.17677731215378273,-0.0001387611262001599,0.9313922591721541,0.17465665806518718,-0.003080395903032895,-0.9488469405690548,0.17506143791000725,0.004495643082616441,0.11805743289435366,0.32547544929775946,0.0008388381900273593,1.077235850743923,0.3190617784792585,-0.0030799113516759525,0.004095517307134979,0.1716117570256556,0.0006704240653642516,0.011998748790019406,0.1695530699138676,0.0006312584121792546,0.15902983591297817,0.3152342530077885,0.0006335298575581246,7.6,0.0,0.075,0.185,0.115
0.378,12.0,3.050165675564413e+16,-0.9470087286346216,0.33941912450694106,0.005145711548673184,0.07435066458556387,0.1319803726688847,0.00023733637691757166,1.0014473185106965,0.12937962761537103,-0.003540595879610995,-0.9479837313419018,0.33273068598173666,0.0051228576685011015,0.0956738183609286,0.1278275651196768,0.0001352504800098477,0.9900000118917865,0.18033082926177899,-0.0032904889318042876,-0.9375352103331561,0.3287391857092665,0.005065098061630591,0.2157339642117111,0.17677731215378273,-0.00014724508611320907,0.9179403513496471,0.17465665806518718,-0.003026942404427868,-0.9488491140452333,0.17506143791000725,0.004495633513916248,0.12039408820718864,0.32547544929775946,0.0008296720656136232,1.0653353982150033,0.3190617784792585,-0.0030326962890586586,0.004186903650956508,0.1716117570256556,0.0006700649588740825,0.012263367771934727,0.1695530699138676,0.0006302172844953927,0.16122063916065865,0.3152342530077885,0.0006248176683792413,7.6,0.0,0.075,0.185,0.115
0.38,12.0,3.050165674610789e+16,-0.9470086969538839,0.33941912450694106,0.005145711412566251,0.07609013877169123,0.1319803726688847,0.00023051883233328336,0.9882606358231784,0.12937962761537103,-0.003488270763581302,-0.9479837315250015,0.33273068598173666,0.0051228576692945536,0.09736377924315727,0.1278275651196768,0.00012861498703499281,0.9769498031730492,0.18033082926177899,-0.00323867673052003,-0.9375350981718212,0.3287391857092665,0.00506509758416969,0.21790311206626434,0.17677731215378273,-0.00015582660823171347,0.9044015625018957,0.17465665806518718,-0.00297313477313784,-0.9488497274872038,0.17506143791000725,0.004495642207820962,0.12277059661032903,0.32547544929775946,0.0008203254443622833,1.0533390167392267,0.3190617784792585,-0.0029850944789429797,0.004279920497488337,0.1716117570256556,0.0006696994134987963,0.012532366370971696,0.1695530699138676,0.0006291588085677314,0.16342394824997025,0.3152342530077885,0.0006160544553885194,7.6,0.0,0.075,0.185,0.115
0.382,12.0,3.050165681950644e+16,-0.947008667457448,0.33941912450694106,0.005145711285843299,0.07786411663283496,0.1319803726688847,0.00022356093558877394,0.9749701549553624,0.12937962761537103,-0.003435524032831229,-0.9479837316940387,0.33273068598173666,0.005122857670026953,0.09908425153700018,0.1278275651196768,0.00012185514350607812,0.9638040243337039,0.18033082926177899,-0.003186475895645081,-0.9375349927796337,0.3287391857092665,0.005065097135524351,0.22009539925249014,0.17677731215378273,-0.00016450319964992643,0.8907775559429564,0.17465665806518718,-0.0029189796177468345,-0.9488472515079718,0.17506143791000725,0.004495644661588844,0.12518519999539937,0.32547544929775946,0.0008108194107497217,1.0412480155189843,0.3190617784792585,-0.002937108953039873,0.004374588810216474,0.1716117570256556,0.000669327346112669,0.012805787141704637,0.1695530699138676,0.0006280828141715836,0.16563951171626595,0.3152342530077885,0.000607241219031273,7.6,0.0,0.075,0.185,0.115
0.384,12.0,3.050165668729396e+16,-0.9470086399947567,0.33941912450694106,0.005145711167857557,0.07967200767356389,0.1319803726688847,0.000216465024144199,0.9615774949378593,0.12937962761537103,-0.003382362109359966,-0.9479837318501181,0.33273068598173666,0.005122857670703102,0.10083465344851897,0.1278275651196768,0.00011497325433070649,0.9505642760706541,0.18033082926177899,-0.0031338927802876996,-0.9375348937480827,0.3287391857092665,0.005065096713955601,0.22231019311150058,0.17677731215378273,-0.00017327234839482965,0.8770700059378235,0.17465665806518718,-0.002864483591511077,-0.9488461087534528,0.17506143791000725,0.004495634757671917,0.1276406910350319,0.32547544929775946,0.0008011609972094403,1.0290644139100522,0.3190617784792585,-0.0028887449481589033,0.004470929733708913,0.1716117570256556,0.0006689486728617565,0.01308367262601855,0.1695530699138676,0.0006269891310886519,0.1678670767726915,0.3152342530077885,0.0005983789651660903,7.6,0.0,0.075,0.185,0.115
0.386,12.0,3.0501656459551868e+16,-0.9470086144256263,0.33941912450694106,0.005145711058006791,0.08151321536567667,0.1319803726688847,0.00020923345998128328,0.9480842881217141,0.12937962761537103,-0.003328791469289953,-0.9479837319942538,0.33273068598173666,0.00512285767132742,0.10261439771376807,0.1278275651196768,0.00010797164668463133,0.9372321712926359,0.18033082926177899,-0.0030809337872355004,-0.9375348006933083,0.3287391857092665,0.005065096317829397,0.22454685642085323,0.17677731215378273,-0.0001821315238308714,0.8632805974836141,0.17465665806518718,-0.0028096533914905453,-0.9488493110297079,0.17506143791000725,0.00449563018665384,0.13013877611503652,0.32547544929775946,0.0007913390330509103,1.0167900783526977,0.3190617784792585,-0.002840010541723175,0.004568964592623992,0.1716117570256556,0.0006685633091677867,0.01336606534198494,0.1695530699138676,0.0006258775891513961,0.1701063893414558,0.3152342530077885,0.0005894687049403881,7.6,0.0,0.075,0.185,0.115
0.388,12.0,3.0501656418487668e+16,-0.9470085906195308,0.33941912450694106,0.00514571095573027,0.08338713724677982,0.1319803726688847,0.00020186862921283216,0.9344921799661894,0.12937962761537103,-0.003274818642025372,-0.9479837321273791,0.33273068598173666,0.005122857671903962,0.10442289169654201,0.1278275651196768,0.00010085266962363493,0.9238093349108646,0.18033082926177899,-0.0030276053681234276,-0.9375347132546156,0.3287391857092665,0.005065095945610299,0.22680474749735757,0.17677731215378273,-0.000191078177068282,0.8494110260894674,0.17465665806518718,-0.0027544957576737077,-0.9488507568204376,0.17506143791000725,0.00449564299575886,0.13267417870820097,0.32547544929775946,0.0007813466927308918,1.0044258192492352,0.3190617784792585,-0.0027909131994937574,0.004668714890699859,0.1716117570256556,0.0006681711697321264,0.013653007772707344,0.1695530699138676,0.0006247480182875306,0.1723571940852568,0.3152342530077885,0.0005805114546653308,7.6,0.0,0.075,0.185,0.115
0.39,12.0,3.0501656468615384e+16,-0.9470085684549358,0.33941912450694106,0.005145710860505887,0.0852931650197821,0.1319803726688847,0.00019437294168841957,0.9208028288248155,0.12937962761537103,-0.0032204502094032735,-0.9479837322503516,0.33273068598173666,0.005122857672436463,0.10625953748698541,0.1278275651196768,9.361869369253917e-05,0.9102974036279095,0.18033082926177899,-0.0029739140225963426,-0.9375346310930718,0.3287391857092665,0.005065095595855528,0.22908322030060063,0.17677731215378273,-0.00020010974137429937,0.8354629975551413,0.17465665806518718,-0.002699017472097121,-0.9488489492065058,0.17506143791000725,0.00449564877892178,0.1352451414402099,0.32547544929775946,0.0007712050823582339,0.9919729987569874,0.3190617784792585,-0.0027414561630799074,0.004770202309724864,0.1716117570256556,0.0006677721685398229,0.013944542355138628,0.1695530699138676,0.0006236002485646411,0.1746192344388582,0.3152342530077885,0.0005715082356901269,7.6,0.0,0.075,0.185,0.115
0.392,12.0,3.049594301385269e+16,-0.9470085478186806,0.3394191245069411,0.005145710771847508,0.08723068465331946,0.13198037266888474,0.00018674883059641056,0.9070179057296515,0.12937962761537106,-0.003165692804837778,-0.947983732363961,0.33273068598173666,0.0051228576729283526,0.10812373200121281,0.12782756511967683,8.627211053076567e-05,0.8966980257243976,0.180330829261779,-0.002919866297464522,-0.9375345538901992,0.3287391857092666,0.005065095267209354,0.2313816245372907,0.17677731215378276,-0.00020922363258727152,0.821438227748064,0.17465665806518718,-0.0026432253579598167,-0.9488465333585897,0.17506143791000728,0.004495641548466052,0.13785307183933238,0.3254754492977595,0.0007609212314301984,0.9794334765511382,0.3190617784792585,-0.002691644881110916,0.0048734487084886695,0.17161175702565562,0.000667366218863723,0.014240711468872085,0.16955306991386762,0.0006224341102349161,0.1768922526408137,0.31523425300778857,0.0005624600742757214,7.6000000000000005,0.0,0.075,0.185,0.115
0.394,12.0,3.0501656275263108e+16,-0.9470085286054035,0.33941912450694106,0.005145710689302486,0.0891990764830502,0.1319803726688847,0.00017899875206226103,0.8931390941739026,0.12937962761537103,-0.003110553112457122,-0.947983732468932,0.33273068598173666,0.005122857673382791,0.11001486708141227,0.1278275651196768,7.881533247385597e-05,0.8830128608449599,0.18033082926177899,-0.0028654687858504745,-0.9375344813467378,0.3287391857092665,0.005065094958397863,0.23369930576630665,0.17677731215378273,-0.00021841724953403186,0.80733844237907,0.17465665806518718,-0.0025871262787315074,-0.9488486900148069,0.17506143791000725,0.004495631885074388,0.14050131237287644,0.32547544929775946,0.0007504895098337084,0.9668094213842273,0.3190617784792585,-0.0026414867922875188,0.004978476121713888,0.1716117570256556,0.0006669532332686677,0.014541557424908397,0.1695530699138676,0.000621249433779982,0.17917598976533386,0.3152342530077885,0.0005533680014678992,7.6,0.0,0.075,0.185,0.115
0.396,12.0,3.050165629727345e+16,-0.9470085107170031,0.33941912450694106,0.005145710612449379,0.09119771531382609,0.1319803726688847,0.00017112518474333806,0.8791680898928497,0.12937962761537103,-0.003055037866234126,-0.9479837325659319,0.33273068598173666,0.005122857673802675,0.11193232959674941,0.1278275651196768,7.125079215305813e-05,0.8692435797825608,0.18033082926177899,-0.0028107281263327235,-0.9375344131814882,0.3287391857092665,0.005065094668224017,0.23603560550441466,0.17677731215378273,-0.0002276879744500957,0.7931653767769372,0.17465665806518718,-0.0025307271372555316,-0.9488492922883298,0.17506143791000725,0.004495640511699256,0.1431845450181688,0.32547544929775946,0.0007398965476995321,0.9541016870030463,0.3190617784792585,-0.0025909905716198756,0.005085306758968046,0.1716117570256556,0.0006665331236157668,0.014847122454400518,0.1695530699138676,0.0006200460499558368,0.18147018575429213,0.3152342530077885,0.0005442330529698186,7.6,0.0,0.075,0.185,0.115
0.398,12.0,3.049594102495341e+16,-0.9470084940621374,0.33941912450694106,0.0051457105408957765,0.09322597052274946,0.1319803726688847,0.00016313062942023448,0.8651066006430573,0.12937962761537103,-0.002999153849109915,-0.9479837326555764,0.33273068598173666,0.005122857674190674,0.11387550154515112,0.1278275651196768,6.358094209170956e-05,0.8553918642609704,0.18033082926177899,-0.0027556510020831275,-0.9375343491302185,0.3287391857092665,0.005065094395563019,0.23838986133270104,0.17677731215378273,-0.00023703317340252773,0.7789207756615447,0.17465665806518718,-0.0024740348748470004,-0.9488468097847685,0.17506143791000725,0.004495642920793348,0.14590096431804364,0.32547544929775946,0.0007291636171183626,0.9413116775284606,0.3190617784792585,-0.0025401596340951516,0.0051939630035556785,0.1716117570256556,0.0006661058010667502,0.015157448697378548,0.1695530699138676,0.0006188237898378684,0.1837745794493655,0.3152342530077885,0.0005350562690139855,7.6,0.0,0.075,0.185,0.115
0.4,12.0,3.0501656225278708e+16,-0.9470084785557598,0.33941912450694106,0.005145710474276314,0.09528320616303464,0.1319803726688847,0.000155017608584541,0.8509563459800669,0.12937962761537103,-0.0029429078921107453,-0.9479837327384322,0.33273068598173666,0.005122857674549253,0.11584376015593774,0.1278275651196768,5.5808254298102715e-05,0.8414594067154525,0.18033082926177899,-0.0027002441399967656,-0.937534288944643,0.3287391857092665,0.005065094139357941,0.24076140700365245,0.17677731215378273,-0.00024645019671567326,0.7646063929158474,0.17465665806518718,-0.00241705647038543,-0.9488472880105688,0.17506143791000725,0.004495632990779103,0.14865455714657966,0.32547544929775946,0.0007182979399188632,0.9284416971638464,0.3190617784792585,-0.002488999596196808,0.0053044674113903656,0.1716117570256556,0.0006656711760883997,0.015472578191456667,0.1695530699138676,0.0006175824848659562,0.1860889086243059,0.3152342530077885,0.0005258386942336921,7.6,0.0,0.075,0.185,0.115
0.402,12.0,3.049594115707374e+16,-0.9470084641186858,0.339419124506941,0.005145710412250803,0.09736878106869055,0.1319803726688847,0.0001467886660234003,0.8367190570345077,0.12937962761537103,-0.0028863068734587835,-0.9479837328150198,0.3327306859817366,0.005122857674880675,0.11783647799274742,0.12782756511967677,4.7935219854956134e-05,0.8274479100731797,0.18033082926177899,-0.002644514309814694,-0.9375342323914634,0.32873918570926647,0.005065093898615638,0.24314957254891015,0.17677731215378273,-0.0002559363793994789,0.7502239913565597,0.17465665806518715,-0.002359798939402641,-0.9488485556764911,0.17506143791000722,0.004495634903682304,0.15144301697250087,0.32547544929775946,0.0007072835686047193,0.9154930965297139,0.31906177847925843,-0.002437519674738352,0.005416842709846513,0.1716117570256556,0.0006652291584570609,0.015792552860524216,0.16955306991386757,0.0006163219668896436,0.18841291001733795,0.31523425300778846,0.0005165813775339302,7.599999999999999,0.0,0.075,0.185,0.115
0.404,12.0,3.050165609084053e+16,-0.9470084506771884,0.33941912450694106,0.005145710354502508,0.09948204896003911,0.1319803726688847,0.00013844636640077663,0.8223964762865672,0.12937962761537103,-0.0028293577176765465,-0.9479837328858207,0.33273068598173666,0.005122857675187026,0.11985302305760799,0.1278275651196768,3.9964348507717516e-05,0.8133590875310402,0.18033082926177899,-0.002588468323245603,-0.9375341792514564,0.3287391857092665,0.00506509367240292,0.24555368438760747,0.17677731215378273,-0.0002654890415805097,0.7357753425037454,0.17465665806518718,-0.0023022693331654904,-0.9488500562636378,0.17506143791000725,0.004495639974345993,0.15426526772451704,0.32547544929775946,0.0006961297293010344,0.9024674263313094,0.3190617784792585,-0.002385725272201822,0.00553111179659069,0.1716117570256556,0.0006647796572632363,0.016117414503422994,0.1695530699138676,0.0006150420682133735,0.19074631936367906,0.3152342530077885,0.0005072853719618023,7.6,0.0,0.075,0.185,0.115
0.406,12.0,3.050165616072845e+16,-0.9470084381626225,0.33941912450694106,0.005145710300736518,0.10162235855004347,0.1319803726688847,0.0001299932948353824,0.8079903573388827,0.12937962761537103,-0.002772067394684785,-0.9479837329512765,0.33273068598173666,0.00512285767547023,0.12189275889542586,0.1278275651196768,3.189816824827524e-05,0.7991946623327907,0.18033082926177899,-0.002532113033077045,-0.93753412931863,0.3287391857092665,0.005065093459842892,0.2479730654353889,0.17677731215378273,-0.000275105488935299,0.7212622263490934,0.17465665806518718,-0.0022444747377542333,-0.9488482971063157,0.17506143791000725,0.00449564597669458,0.1571179816358203,0.32547544929775946,0.0006848407262929697,0.8893659028327318,0.3190617784792585,-0.0023336225914082033,0.005647297738392329,0.1716117570256556,0.0006643225809162596,0.016447204782612867,0.1695530699138676,0.0006137426216417784,0.19308887142817763,0.3152342530077885,0.0004979517345764378,7.6,0.0,0.075,0.185,0.115
0.40800000000000003,12.0,3.0501656031271716e+16,-0.9470084265110742,0.33941912450694106,0.005145710250678255,0.10378905365133144,0.1319803726688847,0.00012143205647536498,0.7935024646881427,0.12937962761537103,-0.002714442918894047,-0.9479837330117953,0.33273068598173666,0.0051228576757320525,0.12395504469928849,0.1278275651196768,2.373922489700375e-05,0.7849563675444975,0.18033082926177899,-0.0024754553322840467,-0.9375340823994229,0.3287391857092665,0.0050650932601115865,0.25040703521395263,0.17677731215378273,-0.00028478301312642474,0.7066864311232286,0.17465665806518718,-0.002186422273135625,-0.948847729032576,0.17506143791000725,0.004495638940065292,0.16000390351306004,0.32547544929775946,0.0006734298706477566,0.876190685404367,0.3190617784792585,-0.002281216497413893,0.005765423769913602,0.1716117570256556,0.0006638578371490531,0.016781965212827772,0.1695530699138676,0.000612423460525019,0.19544030003806503,0.3152342530077885,0.0004885815263184436,7.6,0.0,0.075,0.185,0.115
0.41000000000000003,12.0,3.0501656129496524e+16,-0.9470084156630365,0.33941912450694106,0.005145710204072061,0.1059814732839986,0.1319803726688847,0.00011276527607021309,0.7789345734951608,0.12937962761537103,-0.0026564913482910865,-0.9479837330677556,0.33273068598173666,0.005122857675974128,0.12603923541642553,0.1278275651196768,1.5490081681553247e-05,0.7706459458286525,0.18033082926177899,-0.0024185021531308738,-0.9375340383119553,0.3287391857092665,0.0050650930724347575,0.2528549099612045,0.17677731215378273,-0.00029451889224067963,0.6920497530618309,0.17465665806518718,-0.002128119092232166,-0.9488477589235135,0.17506143791000725,0.004495636667770333,0.16292191450735857,0.32547544929775946,0.0006618861831387976,0.8629433507482474,0.3190617784792585,-0.0022285156277004337,0.005885513292478288,0.1716117570256556,0.000663385333022968,0.01712173714972423,0.1695530699138676,0.0006110844188041593,0.19780033811581743,0.3152342530077885,0.0004791758118788939,7.6,0.0,0.075,0.185,0.115
0.41200000000000003,12.0,3.0501655918470984e+16,-0.9470084055631056,0.33941912450694106,0.005145710160679911,0.1081989517842338,0.1319803726688847,0.00010399559753954447,0.7642884693532852,0.12937962761537103,-0.0025982197835191594,-0.9479837331195046,0.33273068598173666,0.00512285767619797,0.12814468185463745,0.1278275651196768,7.153318813005072e-06,0.7562651492174658,0.18033082926177899,-0.0023612604662674942,-0.9375339968853242,0.3287391857092665,0.005065092896084887,0.2553160027419662,0.17677731215378273,-0.0003043103912296872,0.6773539961706947,0.17465665806518718,-0.002069572379986575,-0.9488486433851963,0.17506143791000725,0.004495636787334082,0.16587154050751643,0.32547544929775946,0.0006502141391616036,0.8496255853506111,0.3190617784792585,-0.0021755262890759556,0.006007589872819443,0.1716117570256556,0.0006629049749327092,0.01746656177852443,0.1695530699138676,0.0006097253310565734,0.2001687177121228,0.3152342530077885,0.00046973565956788435,7.6,0.0,0.075,0.185,0.115
0.41400000000000003,12.0,3.0501655951212e+16,-0.9470083961596962,0.33941912450694106,0.005145710120280187,0.11044081891353599,0.1319803726688847,9.512568353860363e-05,0.7495659480557486,0.12937962761537103,-0.0025396353669516567,-0.9479837331673626,0.33273068598173666,0.005122857676404965,0.13027073078961998,0.1278275651196768,-1.2684669398426163e-06,0.7418157388841875,0.18033082926177899,-0.002303737279822747,-0.9375339579589411,0.3287391857092665,0.005065092730378363,0.2577896235592048,0.17677731215378273,-0.00031415476235273387,0.6626009719897903,0.17465665806518718,-0.00201078935242203,-0.948849844758783,0.17506143791000725,0.004495640325180814,0.16885169555350849,0.32547544929775946,0.0006384156351609721,0.8362389916170526,0.3190617784792585,-0.0021222552274854103,0.006131677241805687,0.1716117570256556,0.0006624166686113447,0.017816480102656018,0.1695530699138676,0.0006083460325413727,0.2025451700389493,0.3152342530077885,0.00046026214118266286,7.6,0.0,0.075,0.185,0.115
0.41600000000000004,12.0,3.050165604461985e+16,-0.9470083874047798,0.33941912450694106,0.005145710082666549,0.11270639996873692,0.1319803726688847,8.615821502139487e-05,0.7347688153613806,0.12937962761537103,-0.0024807452817615103,-0.9479837332116249,0.33273068598173666,0.005122857676596398,0.13241672507278804,0.1278275651196768,-9.772662679772726e-06,0.7272994849135022,0.18033082926177899,-0.002245939638489634,-0.9375339213819097,0.3287391857092665,0.00506509257467283,0.26027507946579725,0.17677731215378273,-0.0003240492456216884,0.6477924993562867,0.17465665806518718,-0.0019517772556984126,-0.9488478444175146,0.17506143791000725,0.004495645130675161,0.17185900881517632,0.32547544929775946,0.0006264950149770039,0.8227848308672281,0.3190617784792585,-0.002068708852551176,0.006257799293145932,0.1716117570256556,0.0006619203191353996,0.018171532932390676,0.1695530699138676,0.0006069463592448464,0.2049294255027105,0.3152342530077885,0.0004507563318753568,7.6,0.0,0.075,0.185,0.115
0.418,12.0,3.0501655935138572e+16,-0.9470083792536388,0.33941912450694106,0.005145710047646883,0.11499501589265744,0.1319803726688847,7.709589080059115e-05,0.7198988867591176,0.12937962761537103,-0.0024215567509840385,-0.9479837332525644,0.33273068598173666,0.005122857676773446,0.1345820037395856,0.1278275651196768,-1.8356639812444953e-05,0.7127181660710269,0.18033082926177899,-0.0021878746226068925,-0.9375338870124379,0.3287391857092665,0.005065092428364706,0.26277167467679163,0.17677731215378273,-0.0003339910692480581,0.6329304041666016,0.17465665806518718,-0.001892543365164398,-0.9488470835697367,0.17506143791000725,0.004495637129310087,0.17489619288465957,0.32547544929775946,0.0006144657619303325,0.8092653094469647,0.3190617784792585,-0.002014892209551879,0.006385980082072361,0.1716117570256556,0.0006614158309300387,0.01853176087348361,0.1695530699138676,0.0006055261479259076,0.20732121373752319,0.3152342530077885,0.000441219310020312,7.6,0.0,0.075,0.185,0.115
0.42,12.0,3.049594106791888e+16,-0.9470083716646366,0.33941912450694106,0.005145710015042319,0.11730598338545983,0.1319803726688847,6.794142710490908e-05,0.7049579872311302,0.12937962761537103,-0.0023620770365749863,-0.9479837332904328,0.33273068598173666,0.005122857676937204,0.136765902118468,0.1278275651196768,-2.701775447963517e-05,0.6980735695713932,0.18033082926177899,-0.0021295493472369914,-0.9375338547172918,0.3287391857092665,0.0050650922908868174,0.26527871068214126,0.17677731215378273,-0.0003439774500920356,0.618016519137558,0.17465665806518718,-0.0018330949844056579,-0.9488487848660746,0.17506143791000725,0.004495634085918976,0.17796349458305527,0.32547544929775946,0.0006023170256523996,0.7956822639551353,0.3190617784792585,-0.001960814123870825,0.0065162438240014935,0.1716117570256556,0.000660903107774333,0.01889720431581604,0.1695530699138676,0.0006040852361615359,0.20972026363855353,0.3152342530077885,0.0004316521570810613,7.6,0.0,0.075,0.185,0.115
0.422,12.0,3.0501655909217892e+16,-0.9470083645990085,0.3394191245069411,0.005145709984686312,0.11963861501665127,0.13198037266888474,5.869755713369962e-05,0.68994795101469,0.12937962761537106,-0.002302313438463037,-0.9479837333254629,0.33273068598173666,0.005122857677088678,0.1389677519405839,0.12782756511967683,-3.575334799516472e-05,0.6833674908448326,0.180330829261779,-0.002070970961238457,-0.9375338243712812,0.3287391857092666,0.005065092161706234,0.26779548635995937,0.17677731215378276,-0.000354005594113434,0.6030526835664789,0.17465665806518718,-0.0017734394442894832,-0.9488490059235815,0.17506143791000728,0.004495640891104328,0.1810572063884871,0.3254754492977595,0.000590047818858817,0.78203693208955,0.3190617784792585,-0.0019064819419035072,0.006648614893173136,0.17161175702565562,0.0006603820528066165,0.019267903422042806,0.16955306991386762,0.0006026234623922064,0.2121263033954474,0.31523425300778857,0.00042205595747694014,7.6000000000000005,0.0,0.075,0.185,0.115
0.424,12.0,3.049594112214755e+16,-0.9470083580206633,0.33941912450694106,0.005145709956423798,0.12199221933771184,0.1319803726688847,4.9367030608933774e-05,0.6748706213628103,0.12937962761537103,-0.0022422732935972758,-0.9479837333578687,0.33273068598173666,0.005122857677228798,0.14118688144975503,0.1278275651196768,-4.4560747283628356e-05,0.6686017333033328,0.18033082926177899,-0.0020121466463322146,-0.9375337958567694,0.3287391857092665,0.005065092040322191,0.27032129809012545,0.17677731215378273,-0.00036407269682470656,0.5880407430906462,0.17465665806518718,-0.001713584102005167,-0.94884621623519,0.17506143791000725,0.004495641775334355,0.18417546128463883,0.32547544929775946,0.0005776729716370895,0.7683308435237015,0.3190617784792585,-0.0018519006144411662,0.006783117821267071,0.1716117570256556,0.0006598525685299298,0.019643898116247213,0.1695530699138676,0.0006011406659672991,0.21453906052584043,0.3152342530077885,0.0004124317984493644,7.6,0.0,0.075,0.185,0.115
0.426,12.0,3.0501655917645172e+16,-0.9470083518959967,0.33941912450694106,0.0051457099301104176,0.12436610099536305,0.1319803726688847,3.995261332469147e-05,0.6597278503036123,0.12937962761537103,-0.002181963974989757,-0.9479837333878482,0.33273068598173666,0.005122857677358422,0.14342261551315405,0.1278275651196768,-5.34372653203129e-05,0.6537781081052833,0.18033082926177899,-0.0019530836161662153,-0.9375337690632201,0.3287391857092665,0.005065091926264143,0.2728554398684063,0.17677731215378273,-0.0003741759437453709,0.572982549445704,0.17465665806518718,-0.0016535363401018364,-0.9488464490313477,0.17506143791000725,0.0044956306165807895,0.18732217099140197,0.32547544929775946,0.0005651999520524825,0.7545664265838891,0.3190617784792585,-0.0017970762601777722,0.006919777295997289,0.1716117570256556,0.0006593145568175541,0.0200252280726052,0.1695530699138676,0.0005996366871904815,0.2169582619089432,0.3152342530077885,0.00040278076992779235,7.6,0.0,0.075,0.185,0.115
0.428,12.0,3.0501655741936976e+16,-0.947008346193724,0.33941912450694106,0.0051457099056117514,0.126759560845407,0.1319803726688847,3.0457086694086643e-05,0.6445214983986032,0.12937962761537103,-0.002121392890752965,-0.9479837334155857,0.33273068598173666,0.00512285767747834,0.14567427573253358,0.1278275651196768,-6.2380201573909e-05,0.6388984339189845,0.18033082926177899,-0.001893789115374017,-0.9375337438867654,0.3287391857092665,0.005065091819089947,0.27539720342095914,0.17677731215378273,-0.0003843125108584944,0.5578799602233171,0.17465665806518718,-0.0015933035655220677,-0.9488491342429302,0.17506143791000725,0.00449563154776542,0.19049619472572957,0.32547544929775946,0.00055261311322543,0.7407453401523493,0.3190617784792585,-0.0017420185924185223,0.007058618159683601,0.1716117570256556,0.0006587679189186332,0.020411932704060977,0.1695530699138676,0.0005981113673650495,0.2193836338191981,0.3152342530077885,0.0003931039643953812,7.6,0.0,0.075,0.185,0.115
0.43,12.0,3.05016557698201e+16,-0.9470083408847161,0.33941912450694106,0.005145709882802661,0.1291718960671626,0.1319803726688847,2.088324729391089e-05,0.6292534344997566,0.12937962761537103,-0.0020605674831329288,-0.9479837334412511,0.33273068598173666,0.005122857677589289,0.1479411805558274,0.1278275651196768,-7.138684245142712e-05,0.6239645366854929,0.18033082926177899,-0.001834270418628822,-0.9375337202298095,0.3287391857092665,0.005065091718384128,0.27794587831920436,0.17677731215378273,-0.00039447956506870563,0.5427348386281304,0.17465665806518718,-0.0015328932086325197,-0.9488501621544296,0.17506143791000725,0.00449564228861175,0.1936936821898956,0.32547544929775946,0.0005399170182881196,0.7268688337953599,0.3190617784792585,-0.0016867342466923632,0.007199665407800458,0.1716117570256556,0.000658212555463888,0.020804051151016217,0.1695530699138676,0.0005965645488392265,0.22181490196000234,0.3152342530077885,0.0003834024767543617,7.6,0.0,0.075,0.185,0.115
0.432,12.0,3.0501655881477104e+16,-0.9470083359418523,0.33941912450694106,0.005145709861566629,0.13160240027853165,0.1319803726688847,1.1233906406888484e-05,0.6139255355053163,0.12937962761537103,-0.001999495227537542,-0.9479837334649998,0.33273068598173666,0.005122857677691951,0.15022264538928884,0.1278275651196768,-8.045446174460236e-05,0.6089782493803452,0.18033082926177899,-0.0017745348296948555,-0.9375336980006433,0.3287391857092665,0.005065091623756304,0.2805007520951087,0.17677731215378273,-0.00040467426466168655,0.5275490532338629,0.17465665806518718,-0.001472312722251773,-0.9488480194405958,0.17506143791000725,0.004495646400257748,0.19691276419553183,0.32547544929775946,0.0005271270684314554,0.7129384703241195,0.3190617784792585,-0.0016312282212644059,0.007342944187502818,0.1716117570256556,0.0006576483664714205,0.021201622270034932,0.1695530699138676,0.0005949960750514055,0.2242517914974939,0.3152342530077885,0.0003736774041911447,7.6,0.0,0.075,0.185,0.115
0.434,12.0,3.050165578817396e+16,-0.9470083313398825,0.33941912450694106,0.0051457098417951735,0.13405036365153652,0.1319803726688847,1.5118895614122385e-06,0.5985396861147255,0.12937962761537103,-0.001938183631559781,-0.9479837334869763,0.33273068598173666,0.005122857677786945,0.1525179827101378,0.1278275651196768,-8.958032107844815e-05,0.5939414117742379,0.18033082926177899,-0.0017145896804742647,-0.9375336771130951,0.3287391857092665,0.00506509153483964,0.2830611103568388,0.17677731215378273,-0.00041489375976530395,0.5123244777386831,0.17465665806518718,-0.001411569580674703,-0.9488471422337985,0.17506143791000725,0.0044956378294024124,0.20015611489801224,0.32547544929775946,0.0005142507404089106,0.6989565210706172,0.3190617784792585,-0.001575506767379444,0.007488479796128876,0.1716117570256556,0.0006570752513526112,0.02160468462256613,0.1695530699138676,0.0005934057905753307,0.22669402709439532,0.3152342530077885,0.0003639298460411784,7.6,0.0,0.075,0.185,0.115
0.436,12.0,3.049594096226842e+16,-0.9470083270552974,0.33941912450694106,0.005145709823387294,0.13651507302839314,0.1319803726688847,-8.27996393060726e-06,0.5830977785824922,0.12937962761537103,-0.001876640233997418,-0.947983733507312,0.33273068598173666,0.005122857677874852,0.15482650217964564,0.1278275651196768,-9.876167036184402e-05,0.5788558701928215,0.18033082926177899,-0.0016544423300498354,-0.9375336574861939,0.3287391857092665,0.005065091451289447,0.2856262369047061,0.17677731215378273,-0.00042513519281222424,0.4970629907200099,0.17465665806518718,-0.0013506712786939836,-0.9488487489210962,0.17506143791000725,0.004495634320575224,0.20342394594527644,0.32547544929775946,0.0005012773375989889,0.6849248850200488,0.3190617784792585,-0.001519578970365435,0.0076362976796795195,0.1716117570256556,0.0006564931089181069,0.02201327646368638,0.1695530699138676,0.0005917935411652059,0.2291413329439111,0.3152342530077885,0.00035416090365357277,7.6,0.0,0.075,0.185,0.115
0.438,12.0,3.050165578927064e+16,-0.9470083230662087,0.33941912450694106,0.005145709806248954,0.1389958120381051,0.1319803726688847,-1.8138801438033703e-05,0.5676017124710223,0.12937962761537103,-0.0018148726038684849,-0.9479837335261297,0.33273068598173666,0.005122857677956195,0.15714751075663735,0.1278275651196768,-0.00010799574823987534,0.5637234772756752,0.18033082926177899,-0.0015941001637241698,-0.9375336390438561,0.3287391857092665,0.005065091372781842,0.2881954138474818,0.17677731215378273,-0.00043539569900369357,0.48176647538854733,0.17465665806518718,-0.001289625330619291,-0.948848893538638,0.17506143791000725,0.004495640747324414,0.20671251888928968,0.32547544929775946,0.0004882060134099321,0.6708448590937712,0.3190617784792585,-0.0014634524261631613,0.007786423431274326,0.1716117570256556,0.0006559018373839043,0.022427435730864382,0.1695530699138676,0.0005901591738007248,0.23159343280367475,0.3152342530077885,0.0003443716802555097,7.6,0.0,0.075,0.185,0.115
0.44,12.0,3.04959411429044e+16,-0.9470083193522371,0.3394191245069411,0.0051457097902926,0.14149186121357904,0.13198037266888474,-2.8061757476881445e-05,0.552053394402403,0.12937962761537106,-0.0017528883394226052,-0.947983733543544,0.33273068598173666,0.005122857678031466,0.15948031281139993,0.12782756511967683,-0.0001172797825478421,0.5485460917344609,0.180330829261779,-0.0015335705920555846,-0.9375336217145868,0.3287391857092666,0.005065091299012491,0.29076792171900123,0.17677731215378276,-0.00044567240677479623,0.4664368193417316,0.17465665806518718,-0.0012284392692934406,-0.9488460425734888,0.17506143791000728,0.004495641325794581,0.21001993583699471,0.3254754492977595,0.0004750517216338793,0.6567180310649445,0.3190617784792585,-0.001407132322458051,0.007938882789583946,0.17161175702565562,0.0006553013343775252,0.02284720003274967,0.16955306991386762,0.000588502536732013,0.23405005002974077,0.31523425300778857,0.0003345632808164553,7.6000000000000005,0.0,0.075,0.185,0.115
0.442,12.0,3.0501655819132616e+16,-0.9470083158944091,0.33941912450694106,0.005145709775436712,0.14400249810923738,0.1319803726688847,-3.804595417877732e-05,0.5364547378091937,0.12937962761537103,-0.0016906950671481279,-0.9479837335596603,0.33273068598173666,0.005122857678101123,0.16182421024003393,0.1278275651196768,-0.00012661099076689253,0.5333255781101479,0.18033082926177899,-0.0014728610498907276,-0.9375336054312081,0.3287391857092665,0.005065091229695414,0.2933430395950417,0.17677731215378273,-0.000455962438260874,0.45107591431665045,0.17465665806518718,-0.0011671206451061775,-0.94884622673191,0.17506143791000725,0.004495629921933984,0.21335007437152853,0.32547544929775946,0.000461822053843059,0.6425468878378287,0.3190617784792585,-0.0013506250103427443,0.00809370163723873,0.1716117570256556,0.0006546914969442866,0.02327260663798752,0.1695530699138676,0.0005868234795244717,0.23651090761061705,0.3152342530077885,0.00032473681191219096,7.6,0.0,0.075,0.185,0.115
0.444,12.0,3.05016556524063e+16,-0.9470083126750611,0.33941912450694106,0.005145709761605401,0.1465269974190887,0.1319803726688847,-4.8088501761410664e-05,0.5208076626843083,0.12937962761537103,-0.001628300440775291,-0.9479837335745747,0.33273068598173666,0.005122857678165588,0.16417850257920377,0.1278275651196768,-0.00013598658048142855,0.5180638065294235,0.18033082926177899,-0.0014119789953934757,-0.9375335901305965,0.3287391857092665,0.005065091164561899,0.295920045210495,0.17677731215378273,-0.00046626290976503593,0.4356856559423282,0.17465665806518718,-0.001105677025005853,-0.9488488738272362,0.17506143791000725,0.004495630658567669,0.21670176470095778,0.32547544929775946,0.00044850149970492373,0.6283331431136203,0.3190617784792585,-0.0012939404374342808,0.008250905999213425,0.1716117570256556,0.0006540722215536675,0.023703692464062225,0.1695530699138676,0.0005851218531035203,0.2389757282013337,0.3152342530077885,0.00031489338158868584,7.6,0.0,0.075,0.185,0.115
0.446,12.0,3.05016556884154e+16,-0.9470083096777459,0.33941912450694106,0.0051457097487280085,0.1490646310952268,0.1319803726688847,-5.8186499000815964e-05,0.5051140953300508,0.12937962761537103,-0.0015657121402757493,-0.9479837335883778,0.33273068598173666,0.005122857678225246,0.1665424871212376,0.1278275651196768,-0.0001454037498381079,0.502762652460413,0.18033082926177899,-0.001350931909070578,-0.9375335757534387,0.3287391857092665,0.005065091103359452,0.2984982150767526,0.17677731215378273,-0.000476570932226849,0.42026794349159946,0.17465665806518718,-0.0010441159915085642,-0.9488498723683361,0.17506143791000725,0.004495641246948973,0.22007113092518746,0.32547544929775946,0.0004350947383872067,0.614078098341199,0.3190617784792585,-0.0012370854585374473,0.008410522041187791,0.1716117570256556,0.0006534434041057687,0.02414049406617075,0.1695530699138676,0.0005833975097992214,0.24144423415754376,0.3152342530077885,0.0003050340992258193,7.6,0.0,0.075,0.185,0.115
0.448,12.0,3.050165580742706e+16,-0.9470083068871499,0.33941912450694106,0.005145709736738747,0.1516146684667765,0.1319803726688847,-6.833703370536836e-05,0.4893759681062568,0.12937962761537103,-0.001502937870858719,-0.9479837336011521,0.33273068598173666,0.0051228576782804585,0.16891545902955443,0.1278275651196768,-0.00015485968800624318,0.4874239964677353,0.18033082926177899,-0.0012897272927945359,-0.9375335622440006,0.3287391857092665,0.00506509104585082,0.30107682459935103,0.17677731215378273,-0.00048688361169187957,0.404824679632427,0.17465665806518718,-0.0009824451417056491,-0.948847707540393,0.17506143791000725,0.0044956452411133736,0.22345627779420862,0.32547544929775946,0.000421617273490288,0.5997833671776356,0.3190617784792585,-0.001180065279447762,0.008572576067883007,0.1716117570256556,0.0006528049399378712,0.024583047626128993,0.1695530699138676,0.0005816503033907874,0.24391614756965138,0.3152342530077885,0.000295160075400979,7.6,0.0,0.075,0.185,0.115
0.45,12.0,3.0501655720663108e+16,-0.9470083042890172,0.33941912450694106,0.005145709725576364,0.15417637635910583,0.1319803726688847,-7.853718319156711e-05,0.47359521917799874,0.12937962761537103,-0.001439985361963543,-0.9479837336129763,0.33273068598173666,0.005122857678331556,0.171296711454488,0.1278275651196768,-0.00016435157563951053,0.4720497239667292,0.18033082926177899,-0.0012283726688238255,-0.9375335495499134,0.3287391857092665,0.005065090991813069,0.30365514819588496,0.17677731215378273,-0.0004971980497822733,0.38935777017863693,0.17465665806518718,-0.0009206720862689594,-0.9488468142253127,0.17506143791000725,0.004495636581801601,0.22685985060327826,0.32547544929775946,0.00040807668601420334,0.5854512719050513,0.3190617784792585,-0.0011228863547935084,0.008737094521373683,0.1716117570256556,0.0006521567238310904,0.025031388941312616,0.1695530699138676,0.0005798800891509544,0.24639119029696302,0.3152342530077885,0.0002852724217525485,7.6,0.0,0.075,0.185,0.115
0.452,12.0,3.049594115310124e+16,-0.9470083018700749,0.3394191245069411,0.005145709715183833,0.15674901921374945,0.13198037266888474,-8.878401476088438e-05,0.4577737922616585,0.12937962761537106,-0.0013768623662505108,-0.9479837336239215,0.33273068598173666,0.005122857678378852,0.17368553564935196,0.12782756511967683,-0.00017387658533924466,0.4566417249772123,0.180330829261779,-0.0011668755788198006,-0.9375335376219663,0.3287391857092666,0.00506509094103672,0.3062324594140353,0.17677731215378276,-0.0005075113441684088,0.37386912384044385,0.17465665806518718,-0.0008588044484537991,-0.9488484097629613,0.17506143791000728,0.004495633008541279,0.23028203533220673,0.3254754492977595,0.000394462394777925,0.5710837595447958,0.3190617784792585,-0.0010655579737031712,0.008904103979375367,0.17161175702565562,0.0006514986500171277,0.025485553413634652,0.16955306991386762,0.00057808672389022,0.2488690840018574,0.31523425300778857,0.0002753722508433022,7.6000000000000005,0.0,0.075,0.185,0.115
0.454,12.0,3.050165573309465e+16,-0.9470082996179648,0.33941912450694106,0.0051457097055080635,0.15933185920848844,0.1319803726688847,-9.907458617945897e-05,0.44191363637082826,0.12937962761537103,-0.0013135766585851498,-0.9479837336340533,0.33273068598173666,0.005122857678422633,0.17608122108688287,0.1278275651196768,-0.00018343188211870066,0.4412018938764357,0.18033082926177899,-0.0011052435828617334,-0.9375335264139201,0.3287391857092665,0.005065090893324932,0.3088080310498182,0.17677731215378273,-0.0005178205890410104,0.35836065197450107,0.17465665806518718,-0.0007968498631010267,-0.948848547313838,0.17506143791000725,0.004495639390691874,0.2337190723335592,0.32547544929775946,0.0003807736558622109,0.5566821714812179,0.3190617784792585,-0.0010080879242621494,0.009073631153507376,0.1716117570256556,0.000650830612185121,0.02594557603856189,0.1695530699138676,0.0005762700660009318,0.2513495501839698,0.3152342530077885,0.0002654606760237245,7.6,0.0,0.075,0.185,0.115
0.456,12.0,3.049594135200779e+16,-0.9470082975211813,0.33941912450694106,0.005145709696499624,0.16192415637768223,0.1319803726688847,-0.00010940594615841492,0.42601670556177695,0.12937962761537103,-0.001250136035021829,-0.947983733643433,0.33273068598173666,0.00512285767846316,0.1784830555759517,0.1278275651196768,-0.00019301462386882428,0.42573212915149466,0.18033082926177899,-0.0010434842584586268,-0.9375335158823263,0.3287391857092665,0.005065090848492746,0.3113811352659472,0.17677731215378273,-0.0005281228755841419,0.3428342683337195,0.17465665806518718,-0.0007348159756372555,-0.9488477096900877,0.17506143791000725,0.004495639940895381,0.2371705814901846,0.32547544929775946,0.000367025507856801,0.5422483776339811,0.3190617784792585,-0.0009504815720078377,0.009245702887530826,0.1716117570256556,0.0006501525034885929,0.026411491394172187,0.1695530699138676,0.0005744299755012228,0.2538323102143865,0.3152342530077885,0.0002555388112952748,7.6,0.0,0.075,0.185,0.115
0.458,12.0,3.050165578051295e+16,-0.9470082955690118,0.33941912450694106,0.00514570968811249,0.16452516873316064,0.1319803726688847,-0.00011977513483519009,0.4100849586776493,0.12937962761537103,-0.0011865483117856237,-0.9479837336521161,0.33273068598173666,0.005122857678500679,0.18089032537852323,0.1278275651196768,-0.00020262196182509962,0.4102343331512345,0.18033082926177899,-0.0009816051995588627,-0.9375335059863579,0.3287391857092665,0.005065090806366371,0.31395104371051297,0.17677731215378273,-0.0005384152924486578,0.3272918888163154,0.17465665806518718,-0.0006727104410741292,-0.9488475095629982,0.17506143791000725,0.0044956365904003795,0.24063704300190258,0.32547544929775946,0.0003532194712302994,0.5277843860079207,0.3190617784792585,-0.0008927463966188907,0.009420346155561721,0.1716117570256556,0.0006494642165524991,0.026883333630254757,0.1695530699138676,0.0005725663140787817,0.2563170853698442,0.3152342530077885,0.000245607771173608,7.6,0.0,0.075,0.185,0.115
0.46,12.0,3.050165560243068e+16,-0.9470082937514817,0.33941912450694106,0.005145709680303812,0.1671341523854604,0.1319803726688847,-0.00013017918425710373,0.39412035909195753,0.12937962761537103,-0.0011228213242491132,-0.9479837336601532,0.33273068598173666,0.005122857678535411,0.1833023153268963,0.1278275651196768,-0.00021225104103538573,0.39471041183756467,0.18033082926177899,-0.000919614015557822,-0.9375334966876525,0.3287391857092665,0.005065090766782497,0.3165170276355301,0.17677731215378273,-0.000548694926226921,0.3117354312152655,0.17465665806518718,-0.0006105409230045128,-0.948848209118392,0.17506143791000725,0.004495635789892022,0.24411790355638002,0.32547544929775946,0.0003393536251834275,0.5132920492413879,0.3190617784792585,-0.0008348904301146487,0.009597588060258955,0.1716117570256556,0.0006487656434803755,0.02736113645745552,0.1695530699138676,0.0005706789451344514,0.2588035968669312,0.3152342530077885,0.0002356686705517772,7.6,0.0,0.075,0.185,0.115
0.462,12.0,3.0501655664677676e+16,-0.9470082920593064,0.33941912450694106,0.005145709673033691,0.16975036166505794,0.1319803726688847,-0.00014061511886630273,0.3781248744522796,0.12937962761537103,-0.001058962925906346,-0.9479837336675924,0.33273068598173666,0.0051228576785675595,0.18571830894116664,0.1278275651196768,-0.00022189900082887805,0.37916227453632095,0.18033082926177899,-0.0008575183303031427,-0.937533487950162,0.3287391857092665,0.005065090729587676,0.3190783580157705,0.17677731215378273,-0.0005589588619269894,0.2961668149670387,0.17465665806518718,-0.0005483150926003132,-0.9488492632058331,0.17506143791000725,0.004495638588113597,0.24761199243973472,0.32547544929775946,0.0003254301829655177,0.49877312793252576,0.3190617784792585,-0.0007769210830485178,0.009777455830987096,0.1716117570256556,0.0006480566758615866,0.027844933136469588,0.1695530699138676,0.0005687677338256483,0.26129156589628505,0.3152342530077885,0.0002257226245634292,7.6,0.0,0.075,0.185,0.115
0.464,12.0,3.0495940157636376e+16,-0.9470082904838404,0.33941912450694106,0.00514570966626499,0.17237304924421692,0.1319803726688847,-0.00015107995598469292,0.36210047642249776,0.12937962761537103,-0.0009949809873476343,-0.947983733674478,0.33273068598173666,0.005122857678597316,0.1881375885469025,0.1278275651196768,-0.00023156297528595938,0.36359183368767933,0.18033082926177899,-0.0007953257810981679,-0.9375334797400158,0.3287391857092665,0.005065090694637714,0.3216343056676544,0.17677731215378273,-0.0005692041834479511,0.2805879609002139,0.17465665806518718,-0.0004860406276074062,-0.9488471469120271,0.17506143791000725,0.004495642804463361,0.2511158632457129,0.32547544929775946,0.0003114538274320989,0.4842290333907175,0.3190617784792585,-0.0007188453978130691,0.009959976821953837,0.1716117570256556,0.0006473372047786739,0.02833475646728296,0.1695530699138676,0.0005668325471095921,0.2637807136567825,0.3152342530077885,0.00021577074844601385,7.6,0.0,0.075,0.185,0.115
0.466,12.0,3.0501655628769964e+16,-0.9470082890170349,0.3394191245069411,0.005145709659963126,0.17500146625908639,0.13198037266888474,-0.00016157070630132874,0.3460491404245519,0.12937962761537106,-0.0009308833952285068,-0.9479837336808511,0.33273068598173666,0.005122857678624858,0.1905594353930405,0.12782756511967683,-0.00024124009370890266,0.3480010045961012,0.180330829261779,-0.0007330440177036013,-0.9375334720253848,0.3287391857092666,0.00506509066179713,0.3241841413682184,0.17677731215378276,-0.0005794279740554865,0.2650007909838879,0.17465665806518718,-0.0004237252113401068,-0.9488479198728482,0.17506143791000728,0.004495634339288138,0.25463337970231203,0.3254754492977595,0.0002974383442081865,0.4696623167206941,0.3190617784792585,-0.0006606690196458361,0.010145178510321956,0.17161175702565562,0.0006466071208148072,0.028830638778465457,0.16955306991386762,0.0005648732537863386,0.2662707613897179,0.31523425300778857,0.00020581415740402421,7.6000000000000005,0.0,0.075,0.185,0.115
0.468,12.0,3.0501655758831176e+16,-0.947008287651395,0.33941912450694106,0.005145709654095904,0.17763486243190835,0.1319803726688847,-0.0001720843743608067,0.3299728453800471,0.12937962761537103,-0.0008666780512367236,-0.9479837336867504,0.33273068598173666,0.005122857678650351,0.19298312976995777,0.1278275651196768,-0.00025092748109345475,0.3323917051799115,0.18033082926177899,-0.000670680701337289,-0.937533464776364,0.3287391857092665,0.005065090630938606,0.32672713597416986,0.17677731215378273,-0.0005896273168577426,0.2494072280758823,0.17465665806518718,-0.0003613765316748029,-0.9488474055992286,0.17506143791000725,0.004495637431131422,0.2581605959280984,0.32547544929775946,0.00028336827838178967,0.455074318159199,0.3190617784792585,-0.0006024021529657424,0.010333088494295688,0.1716117570256556,0.0006458663140613346,0.029332611916516992,0.1695530699138676,0.0005628897245416086,0.26876143041296435,0.3152342530077885,0.00019585396647228248,7.6,0.0,0.075,0.185,0.115
0.47000000000000003,12.0,3.0501655597327456e+16,-0.947008286379943,0.33941912450694106,0.005145709648633344,0.18027248619332936,0.1319803726688847,-0.00018261795905209454,0.31387357345173467,0.12937962761537103,-0.0008023728710587044,-0.9479837336922117,0.33273068598173666,0.005122857678673948,0.19540795112771084,0.1278275651196768,-0.00026062225860112387,0.31676585572052135,0.18033082926177899,-0.0006082435036725301,-0.9375334579648505,0.3287391857092665,0.005065090601942522,0.3292625605408706,0.17677731215378273,-0.0005997992952815485,0.23380919567109815,0.17465665806518718,-0.0002990022800427805,-0.9488478512480545,0.17506143791000725,0.004495635374036944,0.26169846337056074,0.32547544929775946,0.0002692594134786441,0.44046714329669284,0.3190617784792585,-0.0005440501587197622,0.010523734491181361,0.1716117570256556,0.0006451146741254396,0.0298407072352692,0.1695530699138676,0.0005608818319894024,0.2712524421551152,0.3152342530077885,0.00018589129037929663,7.6,0.0,0.075,0.185,0.115
0.47200000000000003,12.0,3.0501655673186976e+16,-0.9470082851961832,0.33941912450694106,0.0051457096435475365,0.18291358480518208,0.1319803726688847,-0.0001931684540977786,0.29775330978387393,0.12937962761537103,-0.0007379757833454546,-0.9479837336972676,0.33273068598173666,0.005122857678695794,0.19783317819442217,0.1278275651196768,-0.00027032154403213614,0.30112537861133437,0.18033082926177899,-0.0005457401058349694,-0.9375334515644401,0.3287391857092665,0.005065090574696468,0.33178968644142526,0.17677731215378273,-0.0006099409935483516,0.21820861764959268,0.17465665806518718,-0.00023661015042364386,-0.9488487017054559,0.17506143791000725,0.004495637156632247,0.26524579566668904,0.32547544929775946,0.0002551079437087949,0.4258425675164165,0.3190617784792585,-0.00048562145926973747,0.010717144335422195,0.1716117570256556,0.000644352090137897,0.03035495558534448,0.1695530699138676,0.0005588494507143935,0.27374351818959924,0.3152342530077885,0.00017592724341069333,7.6,0.0,0.075,0.185,0.115
0.47400000000000003,12.0,3.0495940715697656e+16,-0.9470082840940669,0.33941912450694106,0.005145709638812498,0.1855574044834234,0.1319803726688847,-0.00020373284854518947,0.2816140422422945,0.12937962761537103,-0.0006734947286740116,-0.9479837337019462,0.33273068598173666,0.005122857678716017,0.2002580890948374,0.1278275651196768,-0.00028002245229898147,0.2854721981062621,0.18033082926177899,-0.00048317819739822154,-0.93753344555032,0.3287391857092665,0.005065090549094826,0.3343077854857744,0.17677731215378273,-0.0006200494971505702,0.20260741802458715,0.17465665806518718,-0.00017420783833762199,-0.9488464236953085,0.17506143791000725,0.004495640558461853,0.26879913411132955,0.32547544929775946,0.00024091861452428165,0.4112020151204171,0.3190617784792585,-0.0004271231561486322,0.010913345976607128,0.1716117570256556,0.0006435784507609336,0.030875387303674475,0.1695530699138676,0.0005567924573140925,0.27623438026876745,0.3152342530077885,0.0001659629392727571,7.6,0.0,0.075,0.185,0.115
0.47600000000000003,12.0,3.050165565713245e+16,-0.9470082830679638,0.33941912450694106,0.005145709634404032,0.1882031905212377,0.1319803726688847,-0.00021430812725815475,0.26545776115412917,0.12937962761537103,-0.000608937658507694,-0.9479837337062774,0.33273068598173666,0.005122857678734731,0.20268196146888928,0.1278275651196768,-0.00028972209590064237,0.26980824006829396,0.18033082926177899,-0.00042056547537793257,-0.9375334398991777,0.3287391857092665,0.0050650905250383465,0.33681613003985916,0.17677731215378273,-0.0006301218933279667,0.18700752069025248,0.17465665806518718,-0.00011180303983759988,-0.9488470698305165,0.17506143791000725,0.004495631446421263,0.27236232663856097,0.32547544929775946,0.00022670526074571962,0.396548051704516,0.3190617784792585,-0.00036856094656463444,0.011112367477453571,0.1716117570256556,0.0006427936441961939,0.03140203220308002,0.1695530699138676,0.0005547107304407725,0.278724750357945,0.3152342530077885,0.00015599949095608423,7.6,0.0,0.075,0.185,0.115
0.47800000000000004,12.0,3.0495941187453764e+16,-0.9470082821126317,0.33941912450694106,0.00514570963029962,0.19085018741222598,0.1319803726688847,-0.00022489127140941202,0.2492864590474033,0.12937962761537103,-0.0005443125341550325,-0.9479837337102862,0.33273068598173666,0.005122857678752056,0.20510407259052038,0.1278275651196768,-0.00029941758539684993,0.25413543171738867,0.18033082926177899,-0.0003579096432260599,-0.9375334345891061,0.3287391857092665,0.005065090502433777,0.33931399314456817,0.17677731215378273,-0.0006401552715443057,0.17141084916999133,0.17465665806518718,-4.940345050026118e-05,-0.9488482815778633,0.17506143791000725,0.004495634030962095,0.2759328085960389,0.32547544929775946,0.00021245249063679396,0.3818822450540677,0.3190617784792585,-0.00030994509290103013,0.011314237011763966,0.1716117570256556,0.0006419975581928081,0.0319349195619146,0.1695530699138676,0.0005526041508431503,0.28121435066944545,0.3152342530077885,0.00014603801059937416,7.6,0.0,0.075,0.185,0.115
0.48,12.0,3.0501655693527704e+16,-0.9470082812231891,0.33941912450694106,0.005145709626478291,0.19349763897384212,0.1319803726688847,-0.00023547925897336508,0.23310213039005123,0.12937962761537103,-0.00047962732572812903,-0.9479837337139981,0.33273068598173666,0.005122857678768091,0.2075236994864769,0.1278275651196768,-0.00030910602988337433,0.23845570137850072,0.18033082926177899,-0.00029521840982243877,-0.9375334295995197,0.3287391857092665,0.00506509048119349,0.34180064863470216,0.17677731215378273,-0.0006501467239631418,0.1558193263646076,0.17465665806518718,1.2983235580783404e-05,-0.9488481089407587,0.17506143791000725,0.004495638877951482,0.27950832580521057,0.32547544929775946,0.00019817056280688216,0.36720621324855685,0.3190617784792585,-0.0002512818662992369,0.011518982862356036,0.1716117570256556,0.0006411900800555666,0.03247407811377327,0.1695530699138676,0.000550472601407812,0.28370290369654244,0.3152342530077885,0.00013607960935337228,7.6,0.0,0.075,0.185,0.115
0.482,12.0,3.050165551763911e+16,-0.9470082803950917,0.33941912450694106,0.005145709622920521,0.19614478847089292,0.1319803726688847,-0.0002460690652198296,0.21690677132883013,0.12937962761537103,-0.0004148900110987208,-0.9479837337174349,0.33273068598173666,0.005122857678782939,0.20994011905519472,0.1278275651196768,-0.0003187845374672004,0.22277097822935696,0.18033082926177899,-0.00023249948846688695,-0.937533424911076,0.3287391857092665,0.005065090461235145,0.3442753712579826,0.17677731215378273,-0.0006600933459236778,0.14023487430027232,0.17465665806518718,7.534932680231832e-05,-0.9488488272936092,0.17506143791000725,0.004495638187403063,0.2830898429374801,0.32547544929775946,0.00018386849397019557,0.3525220787314074,0.3190617784792585,-0.00019257773907719344,0.011726633418966632,0.1716117570256556,0.0006403710966531983,0.03301953603726916,0.1695530699138676,0.0005483159672003773,0.2861901322473941,0.3152342530077885,0.0001261253972449843,7.6,0.0,0.075,0.185,0.115
0.484,12.0,3.050165558208788e+16,-0.9470082796241082,0.3394191245069411,0.005145709619608131,0.19879087873901585,0.13198037266888474,-0.00025665766320803274,0.2007023794283433,0.12937962761537106,-0.0003501085748538363,-0.947983733720616,0.33273068598173666,0.005122857678796686,0.21235260818573568,0.12782756511967683,-0.00032845021574207155,0.2070831920481168,0.180330829261779,-0.00016976059587031178,-0.9375334205055987,0.3287391857092666,0.0050650904424813705,0.34673743679388885,0.17677731215378276,-0.0006699922364167993,0.12465941387683561,0.17465665806518718,0.00013768713505965947,-0.9488498930269483,0.17506143791000728,0.004495641060814465,0.28667617666540035,0.3254754492977595,0.00016954242544111776,0.3378316293699257,0.3190617784792585,-0.00013384120100859564,0.011937217176129064,0.17161175702565562,0.000639540494426756,0.0335713209458794,0.16955306991386762,0.0005461341355063937,0.2886757594789162,0.31523425300778857,0.00011617648304157791,7.6000000000000005,0.0,0.075,0.185,0.115
0.486,12.0,3.0501655704287736e+16,-0.9470082789063003,0.33941912450694106,0.005145709616524197,0.20143515230858025,0.1319803726688847,-0.0002672420242805246,0.18449095340898702,0.12937962761537103,-0.00028529100725188905,-0.94798373372356,0.33273068598173666,0.00512285767880941,0.21476044387676152,0.1278275651196768,-0.0003381001722642355,0.19139427296092668,0.18033082926177899,-0.00010700945114535121,-0.9375334163660108,0.3287391857092665,0.005065090424859461,0.3491861221723702,0.17677731215378273,-0.0006798404985604245,0.10909486461637063,0.17465665806518718,0.00019998897675340628,-0.9488477825155917,0.17506143791000725,0.004495645323747822,0.29026387263984577,0.32547544929775946,0.00015519709052943642,0.32313629925527654,0.3190617784792585,-7.507940356266896e-05,0.012150762731023812,0.1716117570256556,0.0006386981593981062,0.034129459877862575,0.1695530699138676,0.0005439269958719529,0.29115950893060016,0.3152342530077885,0.00010623397411548918,7.6,0.0,0.075,0.185,0.115
0.488,12.0,3.050165562097459e+16,-0.9470082782379994,0.33941912450694106,0.005145709613652966,0.20407685152837643,0.1319803726688847,-0.00027781911855878215,0.16827449288547563,0.12937962761537103,-0.000220445303174464,-0.947983733726285,0.33273068598173666,0.0051228576788211865,0.2171629033555128,0.1278275651196768,-0.0003477315150283389,0.17570615118943692,0.18033082926177899,-4.425377479659076e-05,-0.9375334124762638,0.3287391857092665,0.00506509040830111,0.35162070559247016,0.17677731215378273,-0.00068963524007435,0.09354314441180415,0.17465665806518718,0.00026224717379526617,-0.9488469327711256,0.17506143791000725,0.004495636881702396,0.29385553935438163,0.32547544929775946,0.00014084630663165477,0.308438471935444,0.3190617784792585,-1.6298083104072213e-05,0.012367298781302515,0.1716117570256556,0.0006378439771785271,0.034693979286249677,0.1695530699138676,0.00054169444014402,0.29364110455827047,0.3152342530077885,9.62989763087534e-05,7.6,0.0,0.075,0.185,0.115
0.49,12.0,3.0495940942955496e+16,-0.9470082776157907,0.33941912450694106,0.0051457096109797625,0.2067152186895369,0.1319803726688847,-0.0002883859154379669,0.1520549981047824,0.12937962761537103,-0.00015557946108041843,-0.947983733728808,0.33273068598173666,0.005122857678832087,0.21955926419680694,0.1278275651196768,-0.00035734135294334404,0.16002075679823924,0.18033082926177899,1.849871228936828e-05,-0.9375334088212784,0.3287391857092665,0.005065090392742121,0.3540404666408043,0.17677731215378273,-0.0006993735737547498,0.07800616927581427,0.17465665806518718,0.00032445405461353213,-0.948848562920934,0.17506143791000725,0.004495633482724531,0.29745133447821287,0.32547544929775946,0.0001264796397735113,0.2937401477973894,0.3190617784792585,4.2493226175257974e-05,0.012586854122885164,0.1716117570256556,0.0006369778329774122,0.035264905028910436,0.1695530699138676,0.0005394363625104716,0.2961202707677783,0.3152342530077885,8.637259379807216e-05,7.6,0.0,0.075,0.185,0.115
0.492,12.0,3.0501655640702108e+16,-0.9470082770364958,0.33941912450694106,0.005145709608490927,0.20934949614933893,0.1319803726688847,-0.0002989393840826088,0.13583446968438778,0.12937962761537103,-9.070148195764549e-05,-0.9479837337311448,0.33273068598173666,0.005122857678842178,0.22194880444191917,0.1278275651196768,-0.00036692679630852054,0.14434001944256983,0.18033082926177899,8.124028985415899e-05,-0.9375334053868867,0.3287391857092665,0.005065090378122181,0.3564446864099159,0.17677731215378273,-0.0007090526179480863,0.06248585308989525,0.17465665806518718,0.00038660195515749165,-0.9488487276252059,0.17506143791000725,0.004495640003323765,0.30104748255441927,0.32547544929775946,0.00011209645927818634,0.27904271170724027,0.3190617784792585,0.00010128652272747641,0.012809457647730374,0.1716117570256556,0.0006360996116110818,0.03584226235869709,0.1695530699138676,0.0005371526595398286,0.2985967324486264,0.3152342530077885,7.645592896004083e-05,7.6,0.0,0.075,0.185,0.115
0.494,12.0,3.0495941113538284e+16,-0.9470082764971559,0.339419124506941,0.0051457096061737475,0.21197892645510635,0.1319803726688847,-0.00030947649392181685,0.11961490835025321,0.12937962761537103,-2.5819368276067012e-05,-0.9479837337333082,0.3327306859817366,0.005122857678851526,0.22433080271757627,0.12782756511967677,-0.00037648495728896957,0.1286658681156549,0.18033082926177899,0.00014396323927683664,-0.9375334021597749,0.32873918570926647,0.005065090364384613,0.3588326476164732,0.17677731215378273,-0.0007186694970245327,0.04698410735367499,0.17465665806518715,0.0004486832199011676,-0.9488458938956977,0.17506143791000722,0.004495640662140852,0.3046420454514573,0.32547544929775946,9.771186697336076e-05,0.264347836024658,0.31906177847925843,0.00016007626708807265,0.01303513834157867,0.1716117570256556,0.000635209197511701,0.03642607591366749,0.16955306991386757,0.0005348432302206819,0.301070215007521,0.31523425300778846,6.655008223664827e-05,7.599999999999999,0.0,0.075,0.185,0.115
0.496,12.0,3.0501655687368684e+16,-0.9470082759950151,0.3394191245069411,0.005145709604016388,0.2146027524681323,0.13198037266888474,-0.0003199942151448865,0.10339831467471808,0.12937962761537106,3.90588770604714e-05,-0.9479837337353103,0.33273068598173666,0.00512285767886018,0.22670453835478757,0.12782756511967683,-0.0003860129503915978,0.11300023089643031,0.180330829261779,0.00020665984458449648,-0.9375333991274338,0.3287391857092666,0.005065090351476166,0.3612036347192637,0.17677731215378276,-0.0007282213418507618,0.03150284093460125,0.17465665806518718,0.0005106902028460487,-0.9488481099380064,0.17506143791000728,0.004495629327222821,0.3082403770158778,0.3254754492977595,8.333361538520889e-05,0.24965833754475422,0.3190617784792585,0.00021885576981840193,0.013263925281668677,0.17161175702565562,0.0006343064747363078,0.03701636970738947,0.16955306991386762,0.0005325079760008005,0.30354044440184696,0.31523425300778857,5.665615200107021e-05,7.6000000000000005,0.0,0.075,0.185,0.115
0.498,12.0,3.050165553653582e+16,-0.947008275527507,0.33941912450694106,0.005145709602007825,0.21722021748747927,0.1319803726688847,-0.0003304895191969903,0.0871866888146872,0.12937962761537103,0.00010392525176261181,-0.9479837337371638,0.33273068598173666,0.005122857678868188,0.22906929150763705,0.1278275651196768,-0.00039550789294044307,0.09734503469728484,0.18033082926177899,0.0002693223934613947,-0.9375333962781066,0.3287391857092665,0.005065090339346801,0.36355693403698236,0.17677731215378273,-0.0007377052902619239,0.01604395981797499,0.17465665806518718,0.0005726152685223439,-0.9488503865144969,0.17506143791000725,0.004495638191392055,0.31183790943303424,0.32547544929775946,6.89402891275266e-05,0.2349754747747429,0.3190617784792585,0.00027761376373801707,0.013495847634426163,0.1716117570256556,0.0006333913269759477,0.03761316711932845,0.1695530699138676,0.0005301468008259125,0.306007147173061,0.3152342530077885,4.677523442376619e-05,7.6,0.0,0.075,0.185,0.115
0.5,12.0,3.0501655602069596e+16,-0.9470082750922433,0.33941912450694106,0.005145709600137792,0.21983056537387693,0.1319803726688847,-0.00034095937927437823,0.07098203024951588,0.12937962761537103,0.0001687717552027353,-0.9479837337388806,0.33273068598173666,0.005122857678875602,0.2314243432719735,0.1278275651196768,-0.000404966905551841,0.08170220501197438,0.18033082926177899,0.0003319431782579766,-0.9375333936007489,0.3287391857092665,0.0050650903279494935,0.36589183386576113,0.17677731215378273,-0.0007471184875327986,0.000609366857490936,0.17465665806518718,0.0006344507929888488,-0.9488492541166418,0.17506143791000725,0.004495647297698017,0.31543123170036025,0.32547544929775946,5.455015945890085e-05,0.22030068707970585,0.3190617784792585,0.00033634521481806237,0.013730934653125807,0.1716117570256556,0.0006324636375649177,0.03821649088532018,0.1695530699138676,0.0005277596111781566,0.3084700504799996,0.3152342530077885,3.690842333891009e-05,7.6,0.0,0.075,0.185,0.115
0.502,12.0,3.0495941532748084e+16,-0.9470082746869998,0.33941912450694106,0.005145709598396738,0.22243304067337683,0.1319803726688847,-0.0003514007708199689,0.05478633751946958,0.12937962761537103,0.0002335903894634206,-0.9479837337404706,0.33273068598173666,0.005122857678882469,0.23376897580400377,0.1278275651196768,-0.00041438711260918684,0.06607366566369421,0.18033082926177899,0.0003945144969992184,-0.9375333910849828,0.3287391857092665,0.005065090317240062,0.368207624596434,0.17677731215378273,-0.0007564580868479136,-0.014799038473752074,0.17465665806518718,0.000696189164830785,-0.9488453664748951,0.17506143791000725,0.004495642768106596,0.3190200707929629,0.32547544929775946,4.017687038959683e-05,0.20563590571983995,0.3190617784792585,0.00039504436559821055,0.013969215675525656,0.1716117570256556,0.0006315232894901192,0.038826363088130436,0.1695530699138676,0.0005253463161141897,0.31092888213209696,0.3152342530077885,2.7056810111155682e-05,7.6,0.0,0.075,0.185,0.115
0.504,12.0,3.049594062245165e+16,-0.9470082743097067,0.33941912450694106,0.005145709596775763,0.22502688874118904,0.1319803726688847,-0.00036181067201796846,0.038601607963637985,0.12937962761537103,0.0002983731603836058,-0.9479837337419421,0.33273068598173666,0.0051228576788888295,0.23610247243875493,0.1278275651196768,-0.00042376564273730787,0.050461338553384194,0.18033082926177899,0.0004570286543923391,-0.9375333887210534,0.3287391857092665,0.005065090307176998,0.3705035988316505,0.17677731215378273,-0.0007657212497706052,-0.030179360332064663,0.17465665806518718,0.000757822786155757,-0.9488467317340842,0.17506143791000725,0.004495627217539609,0.32260974707324697,0.32547544929775946,2.58215140191862e-05,0.1909839415648092,0.3190617784792585,0.0004537034910376742,0.014210720121474176,0.1716117570256556,0.0006305701654005198,0.03944280514810377,0.1695530699138676,0.0005229068273029487,0.31338337062250865,0.3152342530077885,1.72214835027662e-05,7.6,0.0,0.075,0.185,0.115
0.506,12.0,3.0501655581441424e+16,-0.9470082739584357,0.33941912450694106,0.005145709595266591,0.22761135586539322,0.1319803726688847,-0.00037218606428921733,0.02242983745808572,0.12937962761537103,0.0003631120786069322,-0.9479837337433052,0.33273068598173666,0.005122857678894715,0.2384241178083967,0.1278275651196768,-0.00043309962927631253,0.03486714340828797,0.18033082926177899,0.0005194779628335792,-0.9375333864997979,0.3287391857092665,0.00506509029772128,0.3727790515026436,0.17677731215378273,-0.0007749051467114712,-0.04552970675127875,0.17465665806518718,0.0008193440735890075,-0.9488519677873262,0.17506143791000725,0.0044956326785763655,0.3261984398613452,0.32547544929775946,1.1462808898049958e-05,0.1763464797383815,0.3190617784792585,0.0005123113476577972,0.014455477490489817,0.1716117570256556,0.0006296041476167257,0.04006583781390293,0.1695530699138676,0.0005204410590630553,0.3158332451611369,0.3152342530077885,7.403529541119447e-06,7.6,0.0,0.075,0.185,0.115
0.508,12.0,3.050165536284083e+16,-0.9470082736313922,0.33941912450694106,0.005145709593861507,0.2301856893903703,0.1319803726688847,-0.000382523932786034,0.006273020154655286,0.12937962761537103,0.00042779916062914126,-0.9479837337445679,0.33273068598173666,0.005122857678900168,0.24073319796040266,0.1278275651196768,-0.0004423862107548796,0.01929299753078395,0.18033082926177899,0.0005818547434139641,-0.9375333844126061,0.3287391857092665,0.005065090288836257,0.37503327998566943,0.17677731215378273,-0.0007840069573954436,-0.060848189890258794,0.17465665806518718,0.0008807454592658637,-0.9488532171852324,0.17506143791000725,0.004495653622789334,0.3297794056096271,0.32547544929775946,-2.891962254343072e-06,0.16172442776097687,0.3190617784792585,0.000570861194963508,0.014703517359313044,0.1716117570256556,0.0006286251181406631,0.040695481153341075,0.1695530699138676,0.0005179489283998587,0.3182782357075535,0.3152342530077885,-2.39596861339364e-06,7.6,0.0,0.075,0.185,0.115
0.51,12.0,3.050165547829631e+16,-0.9470082733269057,0.33941912450694106,0.005145709592553333,0.23274913784005635,0.1319803726688847,-0.00039282126688594234,-0.009866851779874314,0.12937962761537103,0.000492426429842863,-0.947983733745737,0.33273068598173666,0.005122857678905218,0.24302900047553264,0.1278275651196768,-0.00045162253136290343,0.0037408155475509262,0.18033082926177899,0.0006441513269239801,-0.9375333824513847,0.3287391857092665,0.00506509028048749,0.3772655842183754,0.17677731215378273,-0.0007930238713275468,-0.07613292628048847,0.17465665806518718,0.0009420193918217839,-0.9488512361932754,0.17506143791000725,0.004495658620380959,0.3333524514569004,0.32547544929775946,-1.7215825247470563e-05,0.14711972317161787,0.3190617784792585,0.0006293494028731264,0.014954869379430743,0.1716117570256556,0.0006276329586653702,0.04133175454430843,0.1695530699138676,0.0005154303550421062,0.32071807300381555,0.3152342530077885,-1.2175930799059876e-05,7.6,0.0,0.075,0.185,0.115
0.512,12.0,3.049594049749178e+16,-0.9470082730434201,0.33941912450694106,0.005145709591335387,0.2353009510413073,0.1319803726688847,-0.0004030750606846866,-0.025987788425048734,0.12937962761537103,0.0005569859175809814,-0.9479837337468195,0.33273068598173666,0.005122857678909894,0.2453108145856303,0.1278275651196768,-0.00046080574142342336,-0.011787490840936967,0.18033082926177899,0.0007063600548569123,-0.9375333806085298,0.3287391857092665,0.005065090272642605,0.379475266815462,0.17677731215378273,-0.0008019530882583708,-0.09138203707203003,0.17465665806518718,0.0010031583373827026,-0.9488466495605767,0.17506143791000725,0.004495650696413131,0.3369172855113073,0.32547544929775946,-3.150800863656378e-05,0.1325342856286225,0.3190617784792585,0.0006877682212305625,0.015209563274572964,0.1716117570256556,0.0006266275505848994,0.04197467666579538,0.1695530699138676,0.0005128852614782367,0.3231524886071708,0.3152342530077885,-2.193527998410816e-05,7.6,0.0,0.075,0.185,0.115
0.514,12.0,3.0501655713576816e+16,-0.9470082727794865,0.3394191245069411,0.005145709590201445,0.23784038024717954,0.13198037266888474,-0.00041328231348969027,-0.04208780236790636,0.12937962761537106,0.0006214696641616791,-0.9479837337478233,0.33273068598173666,0.005122857678914225,0.24757793129120084,0.12782756511967683,-0.00046993299786381393,-0.027290013110508157,0.180330829261779,0.000768473280410864,-0.9375333788768982,0.3287391857092666,0.005065090265271186,0.3816616331843628,0.17677731215378276,-0.000810791818646717,-0.10659364827983792,0.17465665806518718,0.001064154780548869,-0.9488474410929162,0.17506143791000728,0.004495632349882336,0.3404792083298657,0.3254754492977595,-4.576734485419109e-05,0.11797091626347825,0.3190617784792585,0.000746109971402544,0.015467628838181919,0.17161175702565562,0.0006256087750043306,0.042624265489013734,0.16955306991386762,0.000510313572992289,0.32558121492264713,0.31523425300778857,-3.1672942397528826e-05,7.6000000000000005,0.0,0.075,0.185,0.115
0.516,12.0,3.0501655631065652e+16,-0.9470082725337557,0.33941912450694106,0.0051457095891457106,0.24036667825957242,0.1319803726688847,-0.00042344003031317935,-0.058164908962606704,0.12937962761537103,0.0006858697199331095,-0.9479837337487528,0.33273068598173666,0.00512285767891824,0.24982964347876335,0.1278275651196768,-0.0004790014646860962,-0.042764846162989284,0.18033082926177899,0.0008304833694891486,-0.9375333772497784,0.3287391857092665,0.005065090258344659,0.38382399164038095,0.17677731215378273,-0.0008195372841223204,-0.12176589102892378,0.17465665806518718,0.0011250012253801005,-0.9488485674687998,0.17506143791000725,0.004495635516011694,0.3440336235298447,0.32547544929775946,-6.0015036128425074e-05,0.10343084904714911,0.3190617784792585,0.0008043634488631209,0.01572909593085318,0.1716117570256556,0.0006245765127498947,0.043280538268618045,0.1695530699138676,0.0005077152176994154,0.32800398523552365,0.3152342530077885,-4.138784765943449e-05,7.6,0.0,0.075,0.185,0.115
0.518,12.0,3.049594059577498e+16,-0.9470082723049723,0.33941912450694106,0.005145709588162787,0.24287909955194636,0.1319803726688847,-0.00043354522236275085,-0.07421712659041628,0.12937962761537103,0.0007501781463119109,-0.9479837337496134,0.33273068598173666,0.0051228576789219575,0.25206524603795916,0.1278275651196768,-0.0004880083134363462,-0.0582100885754327,0.18033082926177899,0.0008923827016990731,-0.9375333757208613,0.3287391857092665,0.00506509025183618,0.38596165352135575,0.17677731215378273,-0.0008281867179463928,-0.1368969017985824,0.17465665806518718,0.0011856901963764438,-0.9488465137749743,0.17506143791000725,0.0044956400215152275,0.3475770973774313,0.32547544929775946,-7.423269692834089e-05,0.08891549856174401,0.3190617784792585,0.0008625237177284375,0.015993994477749057,0.1716117570256556,0.0006235306443792097,0.04394351153402873,0.1695530699138676,0.0005050901265809982,0.3304205337436776,0.3152342530077885,-5.1078928910940566e-05,7.6,0.0,0.075,0.185,0.115
0.52,12.0,3.050165559703973e+16,-0.9470082720919678,0.33941912450694106,0.005145709587247653,0.2453769003919908,0.1319803726688847,-0.0004435949075322466,-0.09024247691973795,0.12937962761537103,0.0008143870168231493,-0.9479837337504096,0.33273068598173666,0.0051228576789254,0.2542840359783925,0.1278275651196768,-0.0004969507236731295,-0.07362384284885767,0.18033082926177899,0.0009541636713488467,-0.9375333742842207,0.3287391857092665,0.005065090245720511,0.3880739333022743,0.17677731215378273,-0.0008367373654702921,-0.15198482266679278,0.17465665806518718,0.0012462142394550784,-0.9488473411202973,0.17506143791000725,0.004495631806739926,0.3511134709364757,0.32547544929775946,-8.840659231868742e-05,0.07442742760065174,0.3190617784792585,0.0009205851196700578,0.016262354465984032,0.1716117570256556,0.0006224710501916262,0.044613201080858825,0.1695530699138676,0.0005024382335193555,0.33283059558980405,0.3152342530077885,-6.074512294355628e-05,7.6,0.0,0.075,0.185,0.115
0.522,12.0,3.049594029978423e+16,-0.9470082718936547,0.33941912450694106,0.005145709586395635,0.2478593389636215,0.1319803726688847,-0.0004535861108924244,-0.10623898516454597,0.12937962761537103,0.000878488418140436,-0.9479837337511453,0.33273068598173666,0.005122857678928585,0.2564853125462044,0.1278275651196768,-0.0005058258834348628,-0.08900421565649883,0.18033082926177899,0.0010158186884425466,-0.9375333729342872,0.3287391857092665,0.005065090239973949,0.39016014870900534,0.17677731215378273,-0.0008451864845939663,-0.1670278015526137,0.17465665806518718,0.0013065659229279198,-0.9488488913207211,0.17506143791000725,0.004495635116121219,0.35464034468138894,0.32547544929775946,-0.00010255208655486503,0.05996820700571529,0.3190617784792585,0.000978537403514427,0.0165342059419823,0.1716117570256556,0.0006213976102386863,0.04528962196244614,0.1695530699138676,0.0004997594753320351,0.33523390689350435,0.3152342530077885,-7.038537032806213e-05,7.6,0.0,0.075,0.185,0.115
0.524,12.0,3.0501655506529356e+16,-0.9470082717090195,0.339419124506941,0.005145709585602383,0.2503256754892247,0.1319803726688847,-0.00046351586517894716,-0.12220468034367826,0.12937962761537103,0.000942474451119668,-0.9479837337518265,0.3327306859817366,0.005122857678931528,0.2586683773403429,0.12782756511967677,-0.0005146309897061104,-0.10434931809147904,0.18033082926177899,0.0010773401796731112,-0.9375333716658275,0.32873918570926647,0.005065090234574215,0.39221962083198764,0.17677731215378273,-0.0008535313462208904,-0.18202399245881462,0.17465665806518715,0.0013667378384712035,-0.9488506188600758,0.17506143791000722,0.004495641316922914,0.3581565455619611,0.32547544929775946,-0.00011665958153451795,0.04553959790853239,0.31906177847925843,0.0010363742858941725,0.016809579008807276,0.1716117570256556,0.0006203102043346932,0.045972788481492555,0.16955306991386757,0.0004970537918056857,0.3376302047832384,0.31523425300778846,-7.999861554286359e-05,7.599999999999999,0.0,0.075,0.185,0.115
0.526,12.0,3.050165559927753e+16,-0.9470082715371179,0.3394191245069411,0.005145709584863843,0.2527751723512726,0.13198037266888474,-0.0004733812112813598,-0.1381375955386663,0.12937962761537106,0.001006337231836197,-0.9479837337524576,0.33273068598173666,0.005122857678934252,0.2608325344285128,0.12782756511967683,-0.0005233632488826644,-0.11965726591388698,0.180330829261779,0.0011387205894130325,-0.9375333704739237,0.3287391857092666,0.0050650902295003766,0.39425167423938723,0.17677731215378276,-0.0008617692347128196,-0.19697155571345262,0.17465665806518718,0.0014267226020960072,-0.9488490403074022,0.17506143791000728,0.0044956482270803325,0.36165867229953874,0.3254754492977595,-0.0001307243850568063,0.03114300362443477,0.3190617784792585,0.0010940887222829043,0.017088503823463087,0.17161175702565562,0.0006192087120673933,0.04666271418181223,0.16955306991386762,0.0004943211257295003,0.34001922742813734,0.31523425300778857,-8.958380710179936e-05,7.6000000000000005,0.0,0.075,0.185,0.115
0.528,12.0,3.049594198025864e+16,-0.9470082713770714,0.33941912450694106,0.005145709584176235,0.2552070942137833,0.1319803726688847,-0.0004831791987295516,-0.15403576815137277,0.12937962761537103,0.0010700688926161496,-0.9479837337530411,0.33273068598173666,0.005122857678936777,0.26297709046280365,0.1278275651196768,-0.0005320198772353439,-0.1349261797972531,0.18033082926177899,0.0011999523807026638,-0.9375333693539573,0.3287391857092665,0.0050650902247327614,0.3962556370897716,0.17677731215378273,-0.000869897448342418,-0.21186865821052475,0.17465665806518718,0.0014865128551145592,-0.9488468095075399,0.17506143791000725,0.004495641912869637,0.36514798376336616,0.32547544929775946,-0.00014473289200711713,0.016780562901389098,0.3190617784792585,0.0011516750994192949,0.017371010594168013,0.1716117570256556,0.0006180930128087701,0.047359411840190435,0.1695530699138676,0.0004915614229282215,0.34240071406967265,0.3152342530077885,-9.913989768139531e-05,7.6,0.0,0.075,0.185,0.115
0.53,12.0,3.0501655488471264e+16,-0.9470082712280636,0.33941912450694106,0.00514570958353605,0.25762070814348903,0.1319803726688847,-0.0004929068861795943,-0.1698972401610939,0.12937962761537103,0.0011336615830669751,-0.9479837337535812,0.33273068598173666,0.005122857678939111,0.2651013547949723,0.1278275651196768,-0.0005405981013725074,-0.1501541855743676,0.18033082926177899,0.0012610280362361284,-0.9375333683015862,0.3287391857092665,0.0050650902202528944,0.3982308412441761,0.17677731215378273,-0.0008779132997439554,-0.22671347364939284,0.17465665806518718,0.001546101265102848,-0.9488491144824629,0.17506143791000725,0.004495632989670188,0.36862766313358175,0.32547544929775946,-0.0001586901378624268,0.0024547161120636873,0.3190617784792585,0.0012091248623114777,0.01765712957759978,0.1716117570256556,0.0006169629857259503,0.04806289345835474,0.1695530699138676,0.0004887746322947086,0.34477440505317736,0.3152342530077885,-0.00010866584424753656,7.6,0.0,0.075,0.185,0.115
0.532,12.0,3.0501655549943628e+16,-0.9470082710893323,0.33941912450694106,0.005145709582940019,0.26001528373074,0.1319803726688847,-0.0005025613418984172,-0.1857200583812164,0.12937962761537103,0.0011971074711058596,-0.9479837337540814,0.33273068598173666,0.005122857678941272,0.26720463959135776,0.1278275651196768,-0.0005490951587011821,-0.16533941448241418,0.18033082926177899,0.0013219400593445863,-0.9375333673127303,0.3287391857092665,0.00506509021604341,0.4001766223777866,0.17677731215378273,-0.0008858141163615737,-0.24150418277357305,0.17465665806518718,0.00160548052685832,-0.9488498344566842,0.17506143791000725,0.004495642209569881,0.3720923159103891,0.32547544929775946,-0.00017260885534328918,-0.011833465467011197,0.3190617784792585,0.0012664282494687794,0.017946891076112775,0.1716117570256556,0.0006158185097922233,0.048773170255060234,0.1695530699138676,0.00048596070582205143,0.34714004185921554,0.3152342530077885,-0.00011816060818155539,7.6,0.0,0.075,0.185,0.115
0.534,12.0,3.0501655690816172e+16,-0.9470082709601678,0.33941912450694106,0.005145709582385093,0.26239009320993983,0.1319803726688847,-0.0005121396442474212,-0.20150227471487747,0.12937962761537103,0.0012603987439863498,-0.9479837337545445,0.33273068598173666,0.005122857678943272,0.2692862599474176,0.1278275651196768,-0.0005575082978867238,-0.1804800034073876,0.18033082926177899,0.0013826809749767728,-0.9375333663835557,0.3287391857092665,0.005065090212087988,0.40209232009133683,0.17677731215378273,-0.0008935972408960156,-0.2562389736091938,0.17465665806518718,0.001664643363355041,-0.9488474441651512,0.17506143791000725,0.004495645089466766,0.37554003650586765,0.32547544929775946,-0.0001864674664505186,-0.026082360972983214,0.3190617784792585,0.0013235809757850788,0.018240325434927037,0.1716117570256556,0.0006146594637981712,0.049490252658290525,0.1695530699138676,0.00048311959863522945,0.34949736713479584,0.3152342530077885,-0.00012762315540570813,7.6,0.0,0.075,0.185,0.115
0.536,12.0,3.05016556227224e+16,-0.9470082708399115,0.33941912450694106,0.005145709581868435,0.2647444115795731,0.1319803726688847,-0.0005216388821642205,-0.21724194640981537,0.12937962761537103,0.001323527609320994,-0.9479837337549739,0.33273068598173666,0.005122857678945125,0.27134553400186573,0.1278275651196768,-0.0005658347793109633,-0.19557409512775106,0.18033082926177899,0.0014432433306766663,-0.9375333655104607,0.3287391857092665,0.0050650902083712885,0.40397727802154726,0.17677731215378273,-0.0009012600317502165,-0.27091604170128164,0.17465665806518718,0.001723582526697524,-0.948846369714828,0.17506143791000725,0.004495635528300634,0.37897343464723016,0.32547544929775946,-0.00020025834883243278,-0.04028963536212238,0.3190617784792585,0.0013805765578089669,0.018537463039289114,0.1716117570256556,0.0006134857263629142,0.05021415029757605,0.1695530699138676,0.0004802512690223083,0.35184612472442567,0.3152342530077885,-0.00013705245650802932,7.6,0.0,0.075,0.185,0.115
0.538,12.0,3.0501655455850216e+16,-0.9470082707279502,0.33941912450694106,0.0051457095813874105,0.2670775167220861,0.1319803726688847,-0.0005310561556427537,-0.23293713631312368,0.12937962761537103,0.0013864862961007456,-0.9479837337553717,0.33273068598173666,0.005122857678946843,0.2733817830503957,0.1278275651196768,-0.0005740718755287557,-0.21061983855731825,0.18033082926177899,0.0015036196975581203,-0.937533364690061,0.3287391857092665,0.005065090204878909,0.405830843951366,0.17677731215378273,-0.0009087998634710582,-0.2855335903499845,0.17465665806518718,0.0017822907990658755,-0.9488496258166343,0.17506143791000725,0.004495631230499341,0.3823940520833793,0.32547544929775946,-0.00021399194139788282,-0.054453129344925424,0.3190617784792585,0.0014374056553655235,0.018838334311604678,0.1716117570256556,0.0006122971759454659,0.05094487199643154,0.1695530699138676,0.00047735567846516616,0.3541860597010016,0.3152342530077885,-0.00014644748686654864,7.6,0.0,0.075,0.185,0.115
0.54,12.0,3.050165547238236e+16,-0.9470082706237118,0.33941912450694106,0.005145709580939565,0.26938868952324563,0.1319803726688847,-0.0005403885762128055,-0.2485859131249184,0.12937962761537103,0.001449267055713979,-0.94798373375574,0.33273068598173666,0.005122857678948434,0.2753943316589761,0.1278275651196768,-0.0005822168717228755,-0.22561538898731381,0.18033082926177899,0.001563802671276389,-0.9375333639191752,0.3287391857092665,0.00506509020159731,0.4076523699195051,0.17677731215378273,-0.0009162141271903331,-0.30008983084534224,0.17465665806518718,0.0018407609936606866,-0.9488511133895497,0.17506143791000725,0.004495644254906566,0.38579652395450886,0.32547544929775946,-0.00022767441114247933,-0.06857179149358088,0.3190617784792585,0.0014940596312967356,0.01914296970854293,0.1716117570256556,0.0006110936908562037,0.05168242576491407,0.1695530699138676,0.00047443279166974425,0.35651691839653216,0.3152342530077885,-0.0001558072267728523,7.6,0.0,0.075,0.185,0.115
0.542,12.0,3.0501655576973784e+16,-0.9470082705266637,0.33941912450694106,0.005145709580522612,0.2716772139910782,0.1319803726688847,-0.0005496332674174437,-0.2641863516511884,0.12937962761537103,0.0015118621629611577,-0.9479837337560795,0.33273068598173666,0.0051228576789499065,0.27738250777669643,0.1278275651196768,-0.0005902670661571971,-0.24055890832758833,0.18033082926177899,0.0016237848729963712,-0.9375333631948156,0.3287391857092665,0.005065090198513767,0.40944121232957137,0.17677731215378273,-0.0009235002310628895,-0.3145829827014411,0.17465665806518718,0.0018989859556421177,-0.948849337557945,0.17506143791000725,0.004495650205198228,0.389178978771243,0.32547544929775946,-0.00024128429862699764,-0.08264401939340882,0.3190617784792585,0.0015505342798913576,0.019451399718112758,0.1716117570256556,0.0006098751492684506,0.052426818792303494,0.1695530699138676,0.00047148257659581413,0.3588384484326894,0.3152342530077885,-0.00016513066155497458,7.6,0.0,0.075,0.185,0.115
0.544,12.0,3.0495941867201892e+16,-0.9470082704363088,0.3394191245069411,0.005145709580134419,0.27394237737434673,0.13198037266888474,-0.0005587873652887739,-0.2797365330557464,0.12937962761537106,0.0015742639170662378,-0.9479837337563928,0.33273068598173666,0.005122857678951265,0.2793456428481543,0.12782756511967683,-0.0005982197706280784,-0.25544856534695143,0.180330829261779,0.0016835589503574693,-0.9375333625141742,0.3287391857092666,0.005065090195616329,0.41119673205824747,0.17677731215378276,-0.0009306556007031545,-0.32901127388847434,0.17465665806518718,0.001956958563066513,-0.9488469452073353,0.17506143791000728,0.004495643101871809,0.3925426863542896,0.3254754492977595,-0.00025481411789393405,-0.09666771496750326,0.3190617784792585,0.0016068231914906693,0.019763654856710656,0.17161175702565562,0.0006086414292301714,0.05317805743990674,0.16955306991386762,0.00046850500448625656,0.36115039875118504,0.31523425300778857,-0.0001744167816996034,7.6000000000000005,0.0,0.075,0.185,0.115
0.546,12.0,3.05016554839835e+16,-0.9470082703521857,0.33941912450694106,0.005145709579773,0.2761834702807181,0.1319803726688847,-0.0005678480188218481,-0.29523454511168723,0.12937962761537103,0.00163646464268447,-0.9479837337566818,0.33273068598173666,0.005122857678952518,0.281283071925356,0.1278275651196768,-0.0006060723109139099,-0.27028253591258816,0.18033082926177899,0.0017431175784349217,-0.9375333618746118,0.3287391857092665,0.005065090192893763,0.41291829456311324,0.17677731215378273,-0.000937677679617859,-0.34337294106433947,0.17465665806518718,0.0020146717278146462,-0.9488491185144128,0.17506143791000725,0.0044956335324693696,0.3958908395378997,0.32547544929775946,-0.00026826894822612067,-0.11064047874846984,0.3190617784792585,0.001662917973787047,0.020079765666140368,0.1716117570256556,0.0006073924086757797,0.053936147233987555,0.1695530699138676,0.0004655000498958434,0.3634525196439676,0.3152342530077885,-0.00018366458297358612,7.6,0.0,0.075,0.185,0.115
0.548,12.0,3.050165555198571e+16,-0.9470082702738644,0.33941912450694106,0.005145709579436507,0.2783997867943367,0.1319803726688847,-0.0005768123904473335,-0.31067848245161983,0.12937962761537103,0.001698456690908233,-0.9479837337569493,0.33273068598173666,0.005122857678953673,0.28319413377912517,0.1278275651196768,-0.0006138220272227169,-0.2850590032285293,0.18033082926177899,0.0018024534606974685,-0.9375333612736495,0.3287391857092665,0.005065090190335513,0.41460526998991154,0.17677731215378273,-0.000944563929637322,-0.35766622980524276,0.17465665806518718,0.0020721183965181065,-0.9488497317934755,0.17506143791000725,0.00449564222569768,0.3992180687370222,0.32547544929775946,-0.00028166156096056104,-0.12456128896366628,0.3190617784792585,0.0017188090289109133,0.020399762710604282,0.1716117570256556,0.0006061279654380609,0.05470109285882338,0.1695530699138676,0.00046246769071952014,0.3657445627832365,0.3152342530077885,-0.00019287306654471625,7.6,0.0,0.075,0.185,0.115
0.55,12.0,3.050165569818677e+16,-0.9470082702009454,0.33941912450694106,0.005145709579123222,0.28059062459296186,0.1319803726688847,-0.0005856776565018079,-0.32606644681709057,0.12937962761537103,0.0017602324402679634,-0.9479837337571975,0.33273068598173666,0.005122857678954744,0.2850781710099971,0.1278275651196768,-0.0006214662746377935,-0.29977615807314895,0.18033082926177899,0.0018615593299612333,-0.9375333607089577,0.3287391857092665,0.0050650901879316645,0.41625703327905,0.17677731215378273,-0.0009513118313445153,-0.37188939483476147,0.17465665806518718,0.00212929155148172,-0.9488472556572887,0.17506143791000725,0.004495644678813931,0.4025224892656882,0.32547544929775946,-0.000294970477757051,-0.13842857328502567,0.3190617784792585,0.0017744922697716992,0.020723676573666566,0.1716117570256556,0.0006048479772602052,0.05547289814989074,0.1695530699138676,0.00045940790822017685,0.3680262812512699,0.3152342530077885,-0.00020204123910179208,7.6,0.0,0.075,0.185,0.115
0.552,12.0,3.050165563433353e+16,-0.9470082701330563,0.33941912450694106,0.005145709578831545,0.2827552850647359,0.1319803726688847,-0.0005944410076963086,-0.3413965473074082,0.12937962761537103,0.0018217842977298465,-0.9479837337574274,0.33273068598173666,0.005122857678955737,0.28693453015858345,0.1278275651196768,-0.0006290024235612812,-0.31443219903564384,0.18033082926177899,0.0019204279493397118,-0.9375333601783471,0.3287391857092665,0.005065090185672898,0.41787296427148046,0.17677731215378273,-0.0009579188845010692,-0.38604070025175036,0.17465665806518718,0.0021861842115997944,-0.9488461127515614,0.17506143791000725,0.004495634774269184,0.4058067259363393,0.32547544929775946,-0.0003081881598717149,-0.15224004339118707,0.3190617784792585,0.0018299614070571367,0.021051537855188047,0.1716117570256556,0.0006035523218079562,0.05625156608718078,0.1695530699138676,0.00045632068705590747,0.3702974295700614,0.3152342530077885,-0.00021116811297392557,7.6,0.0,0.075,0.185,0.115
0.554,12.0,3.0501655470776516e+16,-0.9470082700698494,0.33941912450694106,0.005145709578559989,0.28489307342417725,0.1319803726688847,-0.0006030996495834048,-0.35666690062677786,0.12937962761537103,0.001883104699691117,-0.9479837337576396,0.33273068598173666,0.005122857678956656,0.28876256181539434,0.1278275651196768,-0.0006364278601556266,-0.3290253327514784,0.18033082926177899,0.0019790521131896914,-0.93753335967976,0.3287391857092665,0.005065090183550455,0.4194524478139235,0.17677731215378273,-0.000964382608470791,-0.40011841975703066,0.17465665806518718,0.0022427894332677505,-0.9488493148821555,0.17506143791000725,0.004495630202646274,0.40907233862957265,0.32547544929775946,-0.0003213251065543195,-0.16599358938179715,0.3190617784792585,0.0018852072874817824,0.021383377168232836,0.1716117570256556,0.0006022408766818702,0.05703709878864645,0.1695530699138676,0.00045320601530674724,0.37255776373076316,0.3152342530077885,-0.00022025270624909156,7.6,0.0,0.075,0.185,0.115
0.556,12.0,3.050165548997876e+16,-0.9470082700110022,0.3394191245069411,0.005145709578307163,0.28700329882782977,0.13198037266888474,-0.00061165080302117,-0.37187563133091467,0.12937962761537106,0.0019441861129685955,-0.9479837337578356,0.33273068598173666,0.005122857678957505,0.2905616207300999,0.12782756511967683,-0.0006437399867828701,-0.3435537741367526,0.180330829261779,0.0020374246480530296,-0.9375333592112658,0.3287391857092666,0.0050650901815561065,0.42099487386349216,0.17677731215378276,-0.0009707005426405629,-0.41412083687900597,0.17465665806518718,0.0022991003112888715,-0.9488507605325402,0.17506143791000728,0.004495643011168652,0.41231399300478294,0.3254754492977595,-0.00033438755732725255,-0.17968821659401382,0.3190617784792585,0.0019402214714442226,0.021719225135946714,0.17161175702565562,0.0006009135194296912,0.057829497503782766,0.16955306991386762,0.0004500638845008847,0.3748070412229308,0.31523425300778857,-0.00022929404289189837,7.6000000000000005,0.0,0.075,0.185,0.115
0.558,12.0,3.0501655596692616e+16,-0.947008269956213,0.33941912450694106,0.005145709578071773,0.2890852744893558,0.1319803726688847,-0.0006200917046357802,-0.38702087207259706,0.12937962761537103,0.002005021035785143,-0.9479837337580174,0.33273068598173666,0.0051228576789582895,0.29233106592021224,0.1278275651196768,-0.0006509362224416924,-0.358015746621466,0.18033082926177899,0.0020955384135941265,-0.9375333587710472,0.3287391857092665,0.005065090179682129,0.4224996375914169,0.17677731215378273,-0.0009768702468388377,-0.4280462451974196,0.17465665806518718,0.002355109979776773,-0.9488489527833763,0.17506143791000725,0.00449564879377019,0.4155298436841285,0.32547544929775946,-0.00034735417482809397,-0.19332237838992586,0.3190617784792585,0.0019949999802930892,0.022059112388407312,0.1716117570256556,0.0005995701275588356,0.0586287626073417,0.1695530699138676,0.0004468942896403393,0.37704502106356685,0.3152342530077885,-0.00023829115286056913,7.6,0.0,0.075,0.185,0.115
0.56,12.0,3.049594219249879e+16,-0.9470082699052018,0.33941912450694106,0.0051457095778526165,0.29113831779401883,0.1319803726688847,-0.0006284196072818842,-0.4021007638460014,0.12937962761537103,0.0020656019987518722,-0.947983733758186,0.33273068598173666,0.005122857678959016,0.2940702607791762,0.1278275651196768,-0.0006580140032021417,-0.3724094823816476,0.18033082926177899,0.0021533863035329798,-0.9375333583573987,0.3287391857092665,0.0050650901779212545,0.42396613948616274,0.17677731215378273,-0.0009828893017505367,-0.4418929485660306,0.17465665806518718,0.0024108116130504274,-0.9488465368051638,0.17506143791000725,0.004495641562773534,0.41872118267595787,0.32547544929775946,-0.00036021757754547615,-0.206894031749007,0.3190617784792585,0.0020495366274767375,0.02240306955944607,0.1716117570256556,0.0005982105785489931,0.05943489359318307,0.1695530699138676,0.00044369722922610354,0.37927146382595905,0.3152342530077885,-0.00024724307222311336,7.6,0.0,0.075,0.185,0.115
0.562,12.0,3.050165550636544e+16,-0.9470082698577091,0.33941912450694106,0.005145709577648572,0.29316175041264014,0.1319803726688847,-0.0006366317805005365,-0.41711345623007245,0.12937962761537103,0.0021259215658454896,-0.9479837337583421,0.33273068598173666,0.005122857678959691,0.29577857318385026,0.1278275651196768,-0.0006649707826379976,-0.3867332225703156,0.18033082926177899,0.0022109612465737068,-0.9375333579687165,0.3287391857092665,0.005065090176266661,0.4253937854558807,0.17677731215378273,-0.0009887553093295201,-0.4556592613341079,0.17465665806518718,0.002466198426524871,-0.9488486933358543,0.17506143791000725,0.004495631898860684,0.42189122299197956,0.32547544929775946,-0.00037298293351279365,-0.22040083251737794,0.3190617784792585,0.0021038232409130624,0.02275112728344203,0.1716117570256556,0.0005968347498648381,0.06024788906826292,0.1695530699138676,0.0004404727052827381,0.3814861316683097,0.3152342530077885,-0.0002561488432726822,7.6,0.0,0.075,0.185,0.115
0.5640000000000001,12.0,3.0501655575222416e+16,-0.9470082698134918,0.33941912450694106,0.005145709577458601,0.2951548984148914,0.1319803726688847,-0.0006447255109750217,-0.4320571076305757,0.12937962761537103,0.002185972335381774,-0.9479837337584881,0.33273068598173666,0.005122857678960316,0.2974553756013646,0.1278275651196768,-0.0006718040322566939,-0.40098521754723704,0.18033082926177899,0.0022682562073283786,-0.9375333576034941,0.3287391857092665,0.005065090174711932,0.4267819869299843,0.17677731215378273,-0.000994465893208392,-0.4693435085661315,0.17465665806518718,0.0025212636775971803,-0.9488492954884252,0.17506143791000725,0.004495640524983446,0.42503463019358345,0.32547544929775946,-0.0003856630947768804,-0.23384182299653852,0.3190617784792585,0.0021578504439865457,0.023103316192087452,0.1716117570256556,0.0005954425189688543,0.061067746746760784,0.1695530699138676,0.0004372207233824187,0.3836887883621527,0.3152342530077885,-0.00026500751464208475,7.6,0.0,0.075,0.185,0.115
0.5660000000000001,12.0,3.0495940344596916e+16,-0.9470082697723242,0.339419124506941,0.005145709577281732,0.29711709238201167,0.1319803726688847,-0.0006526981029840267,-0.4469298855210582,0.12937962761537103,0.002245746940983787,-0.9479837337586233,0.3327306859817366,0.0051228576789608985,0.29910004519531674,0.12782756511967677,-0.0006785112419267513,-0.415163727107412,0.18033082926177899,0.0023252641872360644,-0.9375333572603138,0.32873918570926647,0.005065090173251042,0.4281301609601806,0.17677731215378273,-0.0010000186991048065,-0.48294402626066973,0.17465665806518715,0.002576000666525275,-0.9488468128683147,0.17506143791000722,0.0044956429335937294,0.42814955013477574,0.32547544929775946,-0.000398236723583296,-0.24721549392121067,0.31906177847925843,0.002211614405903188,0.023459666911125353,0.1716117570256556,0.0005940337633342726,0.06189446344434719,0.16955306991386757,0.0004339412926684271,0.3858791993205544,0.31523425300778846,-0.00027381814141745695,7.599999999999999,0.0,0.075,0.185,0.115
0.5680000000000001,12.0,3.0501655588520304e+16,-0.9470082697339954,0.33941912450694106,0.005145709577117061,0.2990476675188852,0.1319803726688847,-0.0006605468788525078,-0.46172996668258465,0.12937962761537103,0.002305238052545717,-0.9479837337587492,0.33273068598173666,0.00512285767896144,0.30071196393138844,0.1278275651196768,-0.0006850899203025598,-0.42926702070849154,0.18033082926177899,0.0023819782254767643,-0.937533356937846,0.3287391857092665,0.005065090171878321,0.429437730320567,0.17677731215378273,-0.0010054113952255915,-0.4964591615673174,0.17465665806518718,0.002630402737303428,-0.9488472909818239,0.17506143791000725,0.004495633003113288,0.4312398592085617,0.32547544929775946,-0.0004106964033480651,-0.26051942000167605,0.3190617784792585,0.002265109089601877,0.023820210057058908,0.1716117570256556,0.0005926083604581209,0.06272803507259284,0.1695530699138676,0.00043063442587808166,0.38805713162609534,0.3152342530077885,-0.00028257978525106364,7.6,0.0,0.075,0.185,0.115
0.5700000000000001,12.0,3.0495940556971044e+16,-0.947008269698311,0.33941912450694106,0.005145709576963746,0.30094596376548693,0.1319803726688847,-0.0006682691794000019,-0.47645553744225777,0.12937962761537103,0.0023644383771918224,-0.9479837337588667,0.33273068598173666,0.005122857678961944,0.30229051868218276,0.1278275651196768,-0.0006915375952468466,-0.44329337769661925,0.18033082926177899,0.002438391399881082,-0.9375333566348414,0.3287391857092665,0.00506509017058845,0.43070412360695687,0.17677731215378273,-0.0010106416726671371,-0.5098872730021995,0.17465665806518718,0.0026844632785300183,-0.9488485585395546,0.17506143791000725,0.004495634915567324,0.43430322760310136,0.32547544929775946,-0.00042305763964320907,-0.27375218809686336,0.3190617784792585,0.002318324793923738,0.024184976233832835,0.1716117570256556,0.0005911661878743868,0.06356845663352073,0.1695530699138676,0.00042730013936509903,0.39022235405862843,0.3152342530077885,-0.0002912915144732273,7.6,0.0,0.075,0.185,0.115
0.5720000000000001,12.0,3.0501655529287296e+16,-0.9470082696650884,0.33941912450694106,0.005145709576821008,0.3028113259076329,0.1319803726688847,-0.0006758623643864089,-0.49110479391038625,0.12937962761537103,0.002423340660230515,-0.9479837337589738,0.33273068598173666,0.005122857678962413,0.30383510133144187,0.1278275651196768,-0.0006978518142500238,-0.457241087531138,0.18033082926177899,0.002494496827833593,-0.9375333563501225,0.3287391857092665,0.005065090169376432,0.43192877533525864,0.17677731215378273,-0.0010157072458126966,-0.5232267306615395,0.17465665806518718,0.0027381757242695465,-0.948850059022455,0.17506143791000725,0.004495639985798247,0.4373385504673585,0.32547544929775946,-0.00043531111322136763,-0.2869121972060717,0.3190617784792585,0.0023712558663044874,0.024553996029486765,0.1716117570256556,0.000589707123167291,0.06441572221430267,0.1695530699138676,0.0004239384531213875,0.392374637122811,0.3152342530077885,-0.00029995240420335967,7.6,0.0,0.075,0.185,0.115
0.5740000000000001,12.0,3.050165563337329e+16,-0.9470082696341574,0.33941912450694106,0.005145709576688118,0.3046431036871392,0.1319803726688847,-0.0006833238129549927,-0.5056759422165801,0.12937962761537103,0.002481937686103029,-0.9479837337590712,0.33273068598173666,0.005122857678962842,0.3053451088775527,0.1278275651196768,-0.0007040301448470603,-0.47110845000790225,0.18033082926177899,0.002550287667171668,-0.9375333560825859,0.3287391857092665,0.005065090168237556,0.43311112603923757,0.17677731215378273,-0.0010206058527259037,-0.5364759164342194,0.17465665806518718,0.0027915335549069066,-0.9488482997646799,0.17506143791000725,0.004495645987729849,0.4403425094809932,0.32547544929775946,-0.0004474524046783961,-0.29999821486319356,0.3190617784792585,0.0024238959027413206,0.024927300012780654,0.1716117570256556,0.0005882310439846753,0.0652698249821013,0.1695530699138676,0.00042054939079825973,0.394513753075407,0.3152342530077885,-0.00030856153646009,7.6,0.0,0.075,0.185,0.115
0.5760000000000001,12.0,3.0501655536029388e+16,-0.9470082696053597,0.33941912450694106,0.0051457095765643935,0.3064406519112739,0.1319803726688847,-0.000690650924073018,-0.5201671987444692,0.12937962761537103,0.0025402222793278043,-0.9479837337591608,0.33273068598173666,0.005122857678963231,0.3068199435363283,0.1278275651196768,-0.0007100701750315035,-0.4848937754812023,0.18033082926177899,0.002605757117078725,-0.9375333558311955,0.3287391857092665,0.0050650901671674105,0.43425062236734546,0.17677731215378273,-0.0010253352555418193,-0.549633224212492,0.17465665806518718,0.002844530297997626,-0.9488477315941487,0.17506143791000725,0.004495638950698749,0.4433177906757988,0.32547544929775946,-0.00045946824073293493,-0.3130080463688275,0.3190617784792585,0.0024762399733698082,0.025304918729792288,0.1716117570256556,0.0005867378280514998,0.06613075717905911,0.1695530699138676,0.0004171329797270652,0.3966394759523553,0.3152342530077885,-0.0003171180002704739,7.6,0.0,0.075,0.185,0.115
0.578,12.0,3.050165566440905e+16,-0.9470082695785492,0.33941912450694106,0.0051457095764492035,0.30820333056129606,0.1319803726688847,-0.0006978411169695568,-0.5345767903644992,0.12937962761537103,0.002598187305439361,-0.9479837337592433,0.33273068598173666,0.00512285767896359,0.30825901284305657,0.1278275651196768,-0.000715969513666606,-0.49859538508428075,0.18033082926177899,0.0026608984189719254,-0.937533355594978,0.3287391857092665,0.0050650901661618486,0.4353467171790981,0.17677731215378273,-0.0010298932408542509,-0.562697060102217,0.17465665806518718,0.002897159529110717,-0.9488477613918219,0.17506143791000725,0.004495636678016624,0.4462632761091799,0.32547544929775946,-0.00047136936551215734,-0.3259401245187375,0.3190617784792585,0.0025282792993923443,0.02568688270048694,0.1716117570256556,0.0005852273531834532,0.06699851011743566,0.1695530699138676,0.0004136892509392339,0.3987515815956022,0.3152342530077885,-0.00032562089177826727,7.6,0.0,0.075,0.185,0.115
0.58,12.0,3.050165548170016e+16,-0.9470082695535876,0.33941912450694106,0.005145709576341961,0.3099305049004976,0.1319803726688847,-0.0007048918315696454,-0.5489029546659656,0.12937962761537103,0.002655825671919481,-0.9479837337593197,0.33273068598173666,0.00512285767896392,0.3096617297538082,0.1278275651196768,-0.0007217257908935191,-0.5122116109484178,0.18033082926177899,0.002715704857384239,-0.9375333553730173,0.3287391857092665,0.005065090165216978,0.4363988696399214,0.17677731215378273,-0.0010342776201012617,-0.5756658426295179,0.17465665806518718,0.0029494148726696167,-0.9488486457636411,0.17506143791000725,0.0044956367972073166,0.4491784929924551,0.32547544929775946,-0.00048315130724568167,-0.3387927875201292,0.3190617784792585,0.002580007611991984,0.02607322241525924,0.1716117570256556,0.0005836994973006746,0.06787307417489402,0.1695530699138676,0.00041021823918572776,0.40084984767969273,0.3152342530077885,-0.00033406931435125476,7.6,0.0,0.075,0.185,0.115
0.582,12.0,3.050165554103097e+16,-0.9470082695303487,0.339419124506941,0.005145709576242115,0.3116215455814397,0.1319803726688847,-0.0007118005289264516,-0.5631439401874238,0.12937962761537103,0.0027131303291253466,-0.94798373375939,0.3327306859817366,0.005122857678964225,0.3110275127459782,0.12782756511967677,-0.0007273366585365256,-0.5257407964205402,0.18033082926177899,0.0027701697608407874,-0.9375333551644524,0.32873918570926647,0.005065090164329135,0.43740654531541,0.17677731215378273,-0.0010384862299445549,-0.5885380029465923,0.17465665806518715,0.0030012900027788204,-0.9488498470506389,0.17506143791000722,0.004495640334694594,0.4520623751248621,0.32547544929775946,-0.0004948121747787826,-0.35156448186504763,0.31906177847925843,0.0026314182639975508,0.0264639683314473,0.1716117570256556,0.0005821541384415853,0.06875443878993809,0.16955306991386757,0.0004067199829558942,0.4029340537381195,0.31523425300778846,-0.0003424623786876171,7.599999999999999,0.0,0.075,0.185,0.115
0.584,12.0,3.050165565940689e+16,-0.9470082695087126,0.33941912450694106,0.005145709576149159,0.3132758287523952,0.1319803726688847,-0.0007185646916502198,-0.5772980066455601,0.12937962761537103,0.0027700942712111792,-0.9479837337594544,0.33273068598173666,0.005122857678964507,0.3123557859180487,0.1278275651196768,-0.0007327997905052055,-0.5391812962793222,0.18033082926177899,0.0028242865027292767,-0.9375333549684752,0.3287391857092665,0.005065090163494876,0.438369216264883,0.17677731215378273,-0.0010425169326465091,-0.6013119850363677,0.17465665806518718,0.003052778644047118,-0.948847846625928,0.17506143791000725,0.004495645139842584,0.45491161117311224,0.32547544929775946,-0.0005063477033084105,-0.3642540299824248,0.3190617784792585,0.002682505041377224,0.026859150869819215,0.1716117570256556,0.0005805911547768333,0.06964259245750154,0.1695530699138676,0.000403194524495718,0.4050039811894246,0.3152342530077885,-0.00035079920292132406,7.6,0.0,0.075,0.185,0.115
0.586,12.0,3.0501655573373772e+16,-0.9470082694885693,0.33941912450694106,0.005145709576062614,0.3148927361630726,0.1319803726688847,-0.0007251818243340419,-0.5913634251627009,0.12937962761537103,0.0028267105370437247,-0.9479837337595133,0.33273068598173666,0.005122857678964764,0.3136459790885627,0.1278275651196768,-0.0007381128831934876,-0.5525314769497669,0.18033082926177899,0.002878048502164405,-0.937533354784326,0.3287391857092665,0.0050650901627109675,0.439286361133755,0.17677731215378273,-0.0010463676164444013,-0.6139862459146186,0.17465665806518718,0.0031038745724062196,-0.9488470856977482,0.17506143791000725,0.0044956371381437415,0.4577289011793427,0.32547544929775946,-0.0005177446475014111,-0.3768592882270862,0.3190617784792585,0.0027332632338467333,0.027258800411031944,0.1716117570256556,0.0005790104246233455,0.07053752272468986,0.1695530699138676,0.0003996419098254642,0.40705941336305124,0.3152342530077885,-0.00035907891272654433,7.6,0.0,0.075,0.185,0.115
0.588,12.0,3.0495940726647384e+16,-0.9470082694698152,0.33941912450694106,0.005145709575982042,0.3164716552695044,0.1319803726688847,-0.0007316494539767516,-0.605338478492684,0.12937962761537103,0.002882972211112288,-0.9479837337595673,0.33273068598173666,0.005122857678964999,0.31489752789429243,0.1278275651196768,-0.0007432736558755436,-0.5657897167162337,0.18033082926177899,0.002931449224846184,-0.9375333546112913,0.3287391857092665,0.00506509016197437,0.44015746524525323,0.17677731215378273,-0.001050036195919889,-0.6265592558310947,0.17465665806518718,0.003154571615919223,-0.9488487869166172,0.17506143791000725,0.004495634094431022,0.46051452236683554,0.32547544929775946,-0.0005290138075263329,-0.3893785191450961,0.3190617784792585,0.002783684266825379,0.02766294729206272,0.1716117570256556,0.0005774118264584946,0.07143921618667652,0.1695530699138676,0.000396062188756711,0.40910013552494284,0.3152342530077885,-0.0003673006414210509,7.6,0.0,0.075,0.185,0.115
0.59,12.0,3.0501655590147344e+16,-0.9470082694523543,0.33941912450694106,0.005145709575907025,0.3180119793381319,0.1319803726688847,-0.0007379651304024787,-0.6192214612451684,0.12937962761537103,0.00293887242443222,-0.9479837337596175,0.33273068598173666,0.005122857678965216,0.3161098738875838,0.1278275651196768,-0.0007482798510984626,-0.5789544059338723,0.18033082926177899,0.0029844821839120506,-0.9375333544486997,0.3287391857092665,0.005065090161282232,0.44098202069109377,0.17677731215378273,-0.001053520612365882,-0.6390294984685561,0.17465665806518718,0.0032048636555851275,-0.9488490078994752,0.17506143791000725,0.004495640899306498,0.4632648607965092,0.32547544929775946,-0.0005401562922763044,-0.4018106307339853,0.3190617784792585,0.0028337611904974184,0.02807162180261302,0.1716117570256556,0.0005757952389343715,0.0723476584827544,0.1695530699138676,0.0003924554149087643,0.41112593490288546,0.3152342530077885,-0.00037546353006861734,7.6,0.0,0.075,0.185,0.115
0.592,12.0,3.049594082107703e+16,-0.9470082694360972,0.33941912450694106,0.005145709575837182,0.3195131075491133,0.1319803726688847,-0.0007441264266769888,-0.6330106801084848,0.12937962761537103,0.002994404355442158,-0.947983733759664,0.33273068598173666,0.0051228576789654175,0.31728246463286724,0.1278275651196768,-0.0007531292350716281,-0.5920239472384485,0.18033082926177899,0.0030371409407826053,-0.9375333542959216,0.3287391857092665,0.005065090160631865,0.44175952642111815,0.17677731215378273,-0.0010568188341492442,-0.6513954711397066,0.17465665806518718,0.003254744626134973,-0.9488462181391482,0.17506143791000725,0.00449564178323793,0.4659781279330576,0.32547544929775946,-0.000551157645994999,-0.41415424641256104,0.3190617784792585,0.0028834896368529752,0.028484854181485185,0.1716117570256556,0.0005741605408921702,0.07326283429254359,0.1695530699138676,0.00038882164572445277,0.41313660071159086,0.3152342530077885,-0.0003835667275803878,7.6,0.0,0.075,0.185,0.115
0.594,12.0,3.050165563622476e+16,-0.9470082694209601,0.33941912450694106,0.005145709575772153,0.3209744450987595,0.1319803726688847,-0.0007501309395209143,-0.646704454070768,0.12937962761537103,0.0030495612308954236,-0.9479837337597069,0.33273068598173666,0.005122857678965603,0.31841475380231965,0.1278275651196768,-0.0007578195980527618,-0.6049967557545266,0.18033082926177899,0.0030894191060009102,-0.9375333541523636,0.3287391857092665,0.005065090160020752,0.44248948833199636,0.17677731215378273,-0.0010599288570693416,-0.6636556849823736,0.17465665806518718,0.0033042085168195753,-0.948846450865993,0.17506143791000725,0.004495630624196622,0.46865824306172965,0.32547544929775946,-0.0005620107145411925,-0.4264070704219074,0.3190617784792585,0.0029328640995672783,0.02890267461293184,0.1716117570256556,0.0005725076113766816,0.07418472733235663,0.1695530699138676,0.00038516094248529603,0.41513192417751715,0.3152342530077885,-0.0003916093908152094,7.6,0.0,0.075,0.185,0.115
0.596,12.0,3.050165547763991e+16,-0.9470082694068664,0.33941912450694106,0.005145709575711605,0.32239540330112193,0.1319803726688847,-0.0007559762897194992,-0.6603011146394436,0.12937962761537103,0.0031043363267445564,-0.947983733759748,0.33273068598173666,0.005122857678965774,0.3195062012706624,0.1278275651196768,-0.0007623487547305714,-0.6178712593019756,0.18033082926177899,0.0031413103400652225,-0.9375333540174696,0.3287391857092665,0.005065090159446521,0.44317141935511495,0.17677731215378273,-0.0010628487047128546,-0.6758086651532845,0.17465665806518718,0.003353249372190243,-0.9488491360107896,0.17506143791000725,0.004495631555104001,0.47130415272925696,0.32547544929775946,-0.0005727311750558808,-0.4385676312480158,0.3190617784792585,0.0029818753956046633,0.029325113222978136,0.1716117570256556,0.000570836329650895,0.07511332035172234,0.1695530699138676,0.0003814733703260438,0.4171116985634236,0.3152342530077885,-0.0003995906846789146,7.6,0.0,0.075,0.185,0.115
0.598,12.0,3.0501655521602624e+16,-0.9470082693937439,0.33941912450694106,0.00514570957565523,0.32377539968871527,0.1319803726688847,-0.0007616601225289488,-0.6737990060590527,0.12937962761537103,0.0031587229690192586,-0.9479837337597861,0.33273068598173666,0.005122857678965939,0.3205562732090779,0.1278275651196768,-0.0007667145446039425,-0.6306458986007836,0.18033082926177899,0.0031928083542550187,-0.9375333538907165,0.3287391857092665,0.005065090158906944,0.443804839543292,0.17677731215378273,-0.0010655764288053289,-0.687852951019398,0.17465665806518718,0.003401861292873887,-0.9488501638579315,0.17506143791000725,0.004495642295683187,0.47391214191976333,0.32547544929775946,-0.00058331481372599,-0.45063490557150965,0.3190617784792585,0.003030517638909097,0.029752200075716953,0.1716117570256556,0.0005691465752107099,0.07604859513006906,0.1695530699138676,0.00037775899824858103,0.41907571919265707,0.3152342530077885,-0.00040750978222254045,7.6,0.0,0.075,0.185,0.115
0.6,12.0,3.050165564835928e+16,-0.9470082693815269,0.33941912450694106,0.00514570957560274,0.3251138581123952,0.1319803726688847,-0.0007671801080793223,-0.687196485527459,0.12937962761537103,0.003212714534697695,-0.9479837337598201,0.33273068598173666,0.0051228576789660914,0.3215644421782406,0.1278275651196768,-0.0007709148323576045,-0.6433191274741451,0.18033082926177899,0.0032439069114502503,-0.9375333537716137,0.3287391857092665,0.0050650901583999325,0.44438927615656254,0.17677731215378273,-0.001068110109558037,-0.6997870963475165,0.17465665806518718,0.0034500384363383408,-0.9488480210820786,0.17506143791000725,0.004495646407071755,0.47648045848969744,0.32547544929775946,-0.0005937467704880155,-0.462607562591526,0.3190617784792585,0.003078786736203073,0.030183965169577186,0.1716117570256556,0.0005674382277997545,0.07699053247356853,0.1695530699138676,0.0003740178991351941,0.4210237834731664,0.3152342530077885,-0.00041536586473947426,7.6,0.0,0.075,0.185,0.115
0.602,12.0,3.050165556923701e+16,-0.9470082693701533,0.33941912450694106,0.005145709575553872,0.3264102088403159,0.1319803726688847,-0.0007725339417740419,-0.7004919234102657,0.12937962761537103,0.0032663044525713205,-0.947983733759852,0.33273068598173666,0.005122857678966227,0.3225301872204428,0.1278275651196768,-0.0007749475082342551,-0.6558894130497968,0.18033082926177899,0.0032945998269436967,-0.9375333536596994,0.3287391857092665,0.005065090157923521,0.44492426374715216,0.17677731215378273,-0.0010704478560111192,-0.7116096694925776,0.17465665806518718,0.0034977750176508147,-0.9488471438155215,0.17506143791000725,0.0044956378359683425,0.47901183819491444,0.32547544929775946,-0.000604020036767752,-0.47448355012327986,0.3190617784792585,0.003126677364283138,0.03062043843356519,0.1716117570256556,0.0005657111674243137,0.07793911221214125,0.1695530699138676,0.00037025014976119626,0.4229556909212427,0.3152342530077885,-0.00042315812186151147,7.6,0.0,0.075,0.185,0.115
0.604,12.0,3.0495940755514496e+16,-0.9470082693595644,0.33941912450694106,0.005145709575508377,0.32766388865593954,0.1319803726688847,-0.0007777193446857248,-0.7136837034533514,0.12937962761537103,0.003319486204102547,-0.9479837337598812,0.33273068598173666,0.005122857678966355,0.32345299395079496,0.1278275651196768,-0.000778810488403064,-0.668355235959572,0.18033082926177899,0.003344880969246303,-0.9375333535545394,0.3287391857092665,0.0050650901574758635,0.44540934424306755,0.17677731215378273,-0.0010725878063734778,-0.7233192535828727,0.17465665806518718,0.003545065310231059,-0.9488487504452396,0.17506143791000725,0.004495634326902115,0.48150659907923055,0.32547544929775946,-0.00061414555558862,-0.486261225562962,0.3190617784792585,0.0031741813144101536,0.031061649723479533,0.1716117570256556,0.0005639652743683616,0.07889431319662438,0.1695530699138676,0.0003664558308069054,0.42487124318498165,0.3152342530077885,-0.0004308857516538167,7.6,0.0,0.075,0.185,0.115
0.606,12.0,3.050165559615749e+16,-0.9470082693497055,0.33941912450694106,0.005145709575466022,0.3288743409551781,0.1319803726688847,-0.0007827340639482193,-0.7267702229937776,0.12937962761537103,0.00337225332427489,-0.9479837337599087,0.33273068598173666,0.005122857678966471,0.3243323546475,0.1278275651196768,-0.0007825017153244726,-0.6807150905371476,0.18033082926177899,0.0033947442608854043,-0.9375333534557279,0.3287391857092665,0.005065090157055223,0.4458440670309011,0.17677731215378273,-0.0010745281283571393,-0.7349144467040363,0.17465665806518718,0.00359190364659224,-0.9488488950072971,0.17506143791000725,0.0044956407534209875,0.483961175260424,0.32547544929775946,-0.0006241245991258844,-0.4979395962682809,0.3190617784792585,0.003221292016168882,0.031507628818099154,0.1716117570256556,0.0005622004292087043,0.07985611329610294,0.1695530699138676,0.00036263502686897285,0.4267702440674658,0.3152342530077885,-0.0004385479607087726,7.6,0.0,0.075,0.185,0.115
0.608,12.0,3.0495940960482064e+16,-0.9470082693405261,0.33941912450694106,0.005145709575426587,0.3300410158425986,0.1319803726688847,-0.0007875758731451736,-0.7397498931688811,0.12937962761537103,0.0034245994024365944,-0.9479837337599343,0.33273068598173666,0.0051228576789665815,0.3251677683411766,0.1278275651196768,-0.0007860191581112927,-0.6929674850139573,0.18033082926177899,0.0034441836791957066,-0.9375333533628798,0.3287391857092665,0.005065090156659977,0.4462279890375356,0.17677731215378273,-0.0010762670195084735,-0.7463938620808818,0.17465665806518718,0.0036382844190768937,-0.9488460439886812,0.17506143791000725,0.004495641331669217,0.4863738246640008,0.32547544929775946,-0.0006339429038506581,-0.5095173851561886,0.3190617784792585,0.0032680054989901574,0.03195840541534509,0.1716117570256556,0.0005604165128302258,0.08082448939540544,0.1695530699138676,0.00035878782647105864,0.4286524995496629,0.3152342530077885,-0.0004461439642387091,7.6,0.0,0.075,0.185,0.115
0.61,12.0,3.050165564879242e+16,-0.94700826933198,0.33941912450694106,0.005145709575389869,0.3311633702266356,0.1319803726688847,-0.0007922425726948556,-0.7526211391234057,0.12937962761537103,0.0034765180831370086,-0.947983733759959,0.33273068598173666,0.005122857678966684,0.3259587409032301,0.1278275651196768,-0.0007893608128859993,-0.7051109417132521,0.18033082926177899,0.0034931932571029456,-0.9375333532756357,0.3287391857092665,0.005065090156288586,0.4465606748107187,0.17677731215378273,-0.0010778027075350114,-0.7577561282569543,0.17465665806518718,0.003684202080584276,-0.9488462280955894,0.17506143791000725,0.004495629927594754,0.48874850573425155,0.32547544929775946,-0.0006435935014649654,-0.5209923932877522,0.3190617784792585,0.0033143166545417887,0.03241400912841585,0.1716117570256556,0.000558613406441242,0.0817994173927647,0.1695530699138676,0.0003549143220738486,0.43051781781303916,0.3152342530077885,-0.0004536729861674975,7.6,0.0,0.075,0.185,0.115
0.612,12.0,3.0501655492423776e+16,-0.9470082693240227,0.339419124506941,0.005145709575355684,0.3322408679138688,0.1319803726688847,-0.0007967319902310036,-0.7653824002148567,0.12937962761537103,0.003528003066955107,-0.9479837337599816,0.3327306859817366,0.005122857678966783,0.32670478513324286,0.12782756511967677,-0.0007925247031342135,-0.7171439972422666,0.18033082926177899,0.003541767083900124,-0.9375333531936575,0.32873918570926647,0.005065090155939609,0.4468416965987269,0.17677731215378273,-0.001079133450627744,-0.7689998892725436,0.17465665806518715,0.003729651145288566,-0.9488488751412826,0.17506143791000722,0.004495630664022387,0.49108421263343066,0.32547544929775946,-0.0006530922257459683,-0.5323632511976172,0.31906177847925843,0.0033602166870680423,0.032874469481896644,0.1716117570256556,0.000556790991588959,0.08278087219764457,0.16955306991386757,0.0003510146100844115,0.43236600926188273,0.31523425300778846,-0.0004611342592210028,7.599999999999999,0.0,0.075,0.185,0.115
0.614,12.0,3.0501655538160948e+16,-0.9470082693166156,0.33941912450694106,0.0051457095753238554,0.33327297970229736,0.1319803726688847,-0.0008010419809799364,-0.778032130216871,0.12937962761537103,0.003579048111320911,-0.9479837337600017,0.33273068598173666,0.005122857678966873,0.3274054208453835,0.1278275651196768,-0.0007955088800542643,-0.7290652026824698,0.18033082926177899,0.0035898993060161826,-0.9375333531166276,0.3287391857092665,0.005065090155611696,0.44707063442874784,0.17677731215378273,-0.0010802575377797767,-0.7801238048399873,0.17465665806518718,0.003774626189350923,-0.9488498736345556,0.17506143791000725,0.004495641252205159,0.4933772828205162,0.32547544929775946,-0.0006624350533426848,-0.5436290410675734,0.3190617784792585,0.003405700118707503,0.03333981590784257,0.1716117570256556,0.0005549491501750358,0.0837688277287338,0.1695530699138676,0.0003470887908648921,0.4341968865453361,0.3152342530077885,-0.0004685270250163769,7.6,0.0,0.075,0.185,0.115
0.616,12.0,3.0501655666306264e+16,-0.9470082693097209,0.33941912450694106,0.005145709575294226,0.33425918347366784,0.1319803726688847,-0.0008051704281336506,-0.7905687975208204,0.12937962761537103,0.0036296470313289682,-0.9479837337600195,0.33273068598173666,0.005122857678966954,0.32806017495382234,0.1278275651196768,-0.0007983114229028268,-0.7408731237778984,0.18033082926177899,0.0036375841277769953,-0.9375333530442462,0.3287391857092665,0.005065090155303576,0.4472470761843104,0.17677731215378273,-0.0010811732890998605,-0.7911265505173195,0.17465665806518718,0.003819121851620698,-0.9488477087605217,0.17506143791000725,0.004495645246178252,0.49562601472027223,0.32547544929775946,-0.0006716073340910269,-0.5547885376850571,0.3190617784792585,0.0034507632781873277,0.03381007774183587,0.1716117570256556,0.0005530877644712521,0.08476325691210732,0.1695530699138676,0.0003431369687405352,0.43601026457913405,0.3152342530077885,-0.00047585053415019043,7.6,0.0,0.075,0.185,0.115
0.618,12.0,3.0501655588122132e+16,-0.9470082693033017,0.33941912450694106,0.005145709575266648,0.3351989642847173,0.1319803726688847,-0.0008091152432191326,-0.8029908853352199,0.12937962761537103,0.003679793700544766,-0.9479837337600345,0.33273068598173666,0.005122857678967025,0.3286685815571287,0.1278275651196768,-0.0008009304393365821,-0.7525663411215111,0.18033082926177899,0.0036848158121587098,-0.9375333529762317,0.3287391857092665,0.0050650901550140515,0.44737061768159414,0.17677731215378273,-0.0010818790561221109,-0.8020068178797406,0.17465665806518718,0.0038631328343300265,-0.948846815401027,0.17506143791000725,0.004495636586682116,0.4978331892256721,0.32547544929775946,-0.0006806022616900511,-0.5658397927913076,0.3190617784792585,0.0034954012646572627,0.03428528421901755,0.1716117570256556,0.0005512067171352789,0.08576413167955613,0.1695530699138676,0.0003391592520070411,0.43780596056704474,0.3152342530077885,-0.0004831040462853822,7.6,0.0,0.075,0.185,0.115
0.62,12.0,3.0495941027774532e+16,-0.9470082692973246,0.33941912450694106,0.005145709575240971,0.33609181445745917,0.1319803726688847,-0.0008128743664633304,-0.8152968918833359,0.12937962761537103,0.0037294820518023637,-0.9479837337600489,0.33273068598173666,0.0051228576789670854,0.32923018202165116,0.1278275651196768,-0.0008033640657498076,-0.7641434503395617,0.18033082926177899,0.0037315886815331607,-0.9375333529123215,0.3287391857092665,0.005065090154741993,0.4474408627445665,0.17677731215378273,-0.0010823732221112456,-0.8127633146887602,0.17465665806518718,0.003906653903779711,-0.9488484108958791,0.17506143791000725,0.004495633013244137,0.4999991738237942,0.32547544929775946,-0.0006894309597116506,-0.576781270922374,0.3190617784792585,0.0035396062850822645,0.03476546447009334,0.1716117570256556,0.0005493058912265521,0.08677142296708637,0.1695530699138676,0.0003351557529372459,0.4395837940220111,0.3152342530077885,-0.0004902868302370249,7.6,0.0,0.075,0.185,0.115
0.622,12.0,3.0501655616177916e+16,-0.9470082692917602,0.33941912450694106,0.005145709575217062,0.3369372336684145,0.1319803726688847,-0.0008164457671542978,-0.8274853305987333,0.12937962761537103,0.0037787060779948278,-0.947983733760062,0.33273068598173666,0.005122857678967142,0.3297445250638529,0.1278275651196768,-0.0008056104676078975,-0.7756030622739537,0.18033082926177899,0.003777897118405363,-0.9375333528522684,0.3287391857092665,0.005065090154486352,0.447457423278962,0.17677731215378273,-0.001082654202363135,-0.8233947650590778,0.17465665806518718,0.003949679891015789,-0.9488485484055156,0.17506143791000725,0.004495639395223545,0.5021204584085203,0.32547544929775946,-0.000698094898104139,-0.5876120908083166,0.3190617784792585,0.00358337219760653,0.03525064751731431,0.1716117570256556,0.000547385170222249,0.0877851007135883,0.1695530699138676,0.0003311265877871249,0.44134358678699037,0.3152342530077885,-0.0004973981640568903,7.6,0.0,0.075,0.185,0.115
0.624,12.0,3.0495941241414696e+16,-0.9470082692865804,0.33941912450694106,0.005145709575194805,0.33773472903678164,0.1319803726688847,-0.0008198274439981192,-0.8395547303187509,0.12937962761537103,0.0038274598328564176,-0.947983733760073,0.33273068598173666,0.005122857678967195,0.33021116683160673,0.1278275651196768,-0.0008076678397767043,-0.7869438031625658,0.18033082926177899,0.003823735566142931,-0.9375333527958408,0.3287391857092665,0.005065090154246139,0.44741991934526404,0.17677731215378273,-0.001082720444500717,-0.8338999096237272,0.17465665806518718,0.00399220569249706,-0.9488477107420258,0.17506143791000725,0.004495639945262092,0.5041968712843209,0.32547544929775946,-0.0007065800364430433,-0.5983308365804252,0.3190617784792585,0.0036266954771503003,0.03574086227043226,0.1716117570256556,0.0005454444380333652,0.0888051338596759,0.1695530699138676,0.0003270718768011172,0.4430851630554886,0.3152342530077885,-0.0005044373351168074,7.6,0.0,0.075,0.185,0.115
0.626,12.0,3.050165567737615e+16,-0.9470082692817577,0.33941912450694106,0.005145709575174086,0.33848381521157206,0.1319803726688847,-0.0008230174254715878,-0.8515036354759945,0.12937962761537103,0.003875737431736488,-0.9479837337600824,0.33273068598173666,0.005122857678967239,0.33062967098442847,0.1278275651196768,-0.0008095344068477197,-0.7981643148175125,0.18033082926177899,0.0038690985296973793,-0.9375333527428188,0.3287391857092665,0.00506509015402043,0.4473279792303984,0.17677731215378273,-0.0010825704287659253,-0.8442775056965648,0.17465665806518718,0.004034226270755658,-0.9488475105766437,0.17506143791000725,0.004495636594608132,0.5062290974418829,0.32547544929775946,-0.0007148856879462457,-0.6089359669201433,0.3190617784792585,0.0036695704602387347,0.03623613752263004,0.1716117570256556,0.0005434835790208934,0.08983149034669774,0.1695530699138676,0.0003229917442167668,0.4448083493917885,0.3152342530077885,-0.0005114036401908004,7.6,0.0,0.075,0.185,0.115
0.628,12.0,3.0501655505561384e+16,-0.9470082692772692,0.33941912450694106,0.005145709575154795,0.33918401445764945,0.1319803726688847,-0.0008260137701707494,-0.8633306062876622,0.12937962761537103,0.0039235330523654625,-0.9479837337600918,0.33273068598173666,0.005122857678967276,0.33099960877263945,0.1278275651196768,-0.0008112084234590067,-0.8092632548013282,0.18033082926177899,0.003913980576317166,-0.9375333526929961,0.3287391857092665,0.0050650901538083415,0.4471812395183254,0.17677731215378273,-0.0010822026683064627,-0.8545263274326984,0.17465665806518718,0.004075736655047008,-0.948848210095136,0.17506143791000725,0.004495635793946603,0.5082168129536158,0.32547544929775946,-0.000723014592576494,-0.6194261225769866,0.3190617784792585,0.003711990981597607,0.03673650194642705,0.1716117570256556,0.0005415024780121023,0.09086413711591987,0.1695530699138676,0.0003188863182686794,0.44651297475086704,0.3152342530077885,-0.0005182963855359998,7.6,0.0,0.075,0.185,0.115
0.63,12.0,3.050165557369521e+16,-0.9470082692730892,0.33941912450694106,0.005145709575136842,0.3398348567406916,0.1319803726688847,-0.000828814567155059,-0.8750342189428129,0.12937962761537103,0.003970840935612133,-0.947983733760102,0.33273068598173666,0.005122857678967314,0.33132055911543806,0.1278275651196768,-0.0008126881746118506,-0.8202392966010299,0.18033082926177899,0.003958376336252429,-0.9375333526461798,0.3287391857092665,0.00506509015360905,0.44697934515938587,0.17677731215378273,-0.0010816157094581708,-0.8646451659864165,0.17465665806518718,0.004116731941991542,-0.9488492641470173,0.17506143791000725,0.004495638592020573,0.510159095115172,0.32547544929775946,-0.0007309654546234253,-0.6298000600097243,0.3190617784792585,0.00375395160422498,0.03724198408956008,0.1716117570256556,0.0005395010203169141,0.09190304010788107,0.1695530699138676,0.00031475573119179093,0.44819887049800167,0.3152342530077885,-0.0005251148869723141,7.6,0.0,0.075,0.185,0.115
0.632,12.0,3.049594007150759e+16,-0.9470082692691963,0.33941912450694106,0.005145709575120122,0.3404358798110476,0.1319803726688847,-0.0008314179362872275,-0.8866130657874478,0.12937962761537103,0.004017655386232736,-0.9479837337601126,0.33273068598173666,0.005122857678967355,0.3315921086778804,0.1278275651196768,-0.0008139719759830451,-0.8310911298000566,0.18033082926177899,0.004002280503451235,-0.9375333526021897,0.3287391857092665,0.005065090153421785,0.44672194953861594,0.17677731215378273,-0.0010808081320224125,-0.8746328296673459,0.17465665806518718,0.004157207296206415,-0.9488471478189432,0.17506143791000725,0.004495642808228098,0.5120527889578137,0.32547544929775946,-0.0007387345832696501,-0.6400569209860053,0.3190617784792585,0.0037954473539559314,0.03775261237083963,0.1716117570256556,0.000537479091744382,0.09294816426192143,0.1695530699138676,0.0003106001192239461,0.4498658704280618,0.3152342530077885,-0.0005318584699608526,7.6,0.0,0.075,0.185,0.115
0.634,12.0,3.0501655548508044e+16,-0.9470082692655717,0.33941912450694106,0.00514570957510455,0.3409866292864979,0.1319803726688847,-0.0008338220285686517,-0.8980657555074942,0.12937962761537103,0.004063970773611276,-0.9479837337601227,0.33273068598173666,0.005122857678967397,0.3318138519467538,0.1278275651196768,-0.0008150581742328145,-0.8418174602480532,0.18033082926177899,0.004045687836247342,-0.9375333525608562,0.3287391857092665,0.005065090153245824,0.44640871454270736,0.17677731215378273,-0.0010797785495393329,-0.8844881440937703,0.17465665806518718,0.004197157950930132,-0.9488479207467458,0.17506143791000725,0.004495634342915802,0.5139019484131816,0.32547544929775946,-0.000746309358640217,-0.6501946711138132,0.3190617784792585,0.0038364747978610553,0.038268415075982026,0.1716117570256556,0.0005354365786192639,0.09399947351588442,0.1695530699138676,0.00030641962260778466,0.45151381078448366,0.3152342530077885,-0.0005385264696810932,7.6,0.0,0.075,0.185,0.115
0.636,12.0,3.0501655683445256e+16,-0.9470082692621978,0.33941912450694106,0.005145709575090051,0.3414866587338735,0.1319803726688847,-0.0008360250264704529,-0.9093909133095515,0.12937962761537103,0.0041097815324914605,-0.947983733760132,0.33273068598173666,0.005122857678967438,0.3319853913053299,0.1278275651196768,-0.0008159451473083079,-0.8524170102284734,0.18033082926177899,0.004088593158039329,-0.9375333525220182,0.3287391857092665,0.005065090153080491,0.44603931062586294,0.17677731215378273,-0.0010785256095556986,-0.8942099523439545,0.17465665806518718,0.004236579208635831,-0.948847406441311,0.17506143791000725,0.004495637434627012,0.5157029448758403,0.32547544929775946,-0.0007537059964616886,-0.6602125646044325,0.3190617784792585,0.003877025798372287,0.03878942035341752,0.1716117570256556,0.0005333733677986942,0.09505693080599333,0.1695530699138676,0.0003022143855919327,0.45314253027792617,0.3152342530077885,-0.0005451182311067806,7.6,0.0,0.075,0.185,0.115
0.638,12.0,3.0501655526522504e+16,-0.9470082692590577,0.33941912450694106,0.005145709575076556,0.34193552974954416,0.1319803726688847,-0.0008380251442599553,-0.9205871810994408,0.12937962761537103,0.00415508216369969,-0.9479837337601402,0.33273068598173666,0.005122857678967475,0.33210633710698817,0.1278275651196768,-0.0008166313047426124,-0.8628885186239844,0.18033082926177899,0.0041309913579610094,-0.9375333524855239,0.3287391857092665,0.005065090152925139,0.4456134168744034,0.17677731215378273,-0.0010770479938883208,-0.9037971151050025,0.17465665806518718,0.004275466441636567,-0.9488478520594835,0.17506143791000725,0.004495635377405273,0.5174569821019478,0.32547544929775946,-0.0007609099823123235,-0.6701090719753385,0.3190617784792585,0.003917097372334764,0.0393156562100745,0.1716117570256556,0.0005312893466889524,0.09612049806690225,0.1695530699138676,0.00029798455643149707,0.4547518701046056,0.3152342530077885,-0.0005516331090805506,7.6,0.0,0.075,0.185,0.115
0.64,12.0,3.0501655606682804e+16,-0.9470082692561338,0.33941912450694106,0.005145709575063995,0.3423328120387538,0.1319803726688847,-0.0008398206283226379,-0.9316532176585068,0.12937962761537103,0.004199867234859248,-0.9479837337601474,0.33273068598173666,0.005122857678967508,0.33217630774769863,0.1278275651196768,-0.0008171150879492455,-0.8732307410796522,0.18033082926177899,0.004172877391543053,-0.9375333524512317,0.3287391857092665,0.005065090152779161,0.44513072107015134,0.17677731215378273,-0.0010753444188824827,-0.9132485108193554,0.17465665806518718,0.004313815092680759,-0.9488487024873503,0.17506143791000725,0.004495637159877963,0.519163167348428,0.32547544929775946,-0.0007679261312167533,-0.679883028691907,0.3190617784792585,0.003956683401818388,0.03984715050714012,0.1716117570256556,0.0005291844032623244,0.09719013623192238,0.1695530699138676,0.0002937302873878614,0.45634167396430675,0.3152342530077885,-0.0005580704683872683,7.6,0.0,0.075,0.185,0.115
0.642,12.0,3.0495940652673064e+16,-0.9470082692534114,0.339419124506941,0.005145709575052299,0.3426780834938108,0.1319803726688847,-0.0008414097574794765,-0.9425876988176981,0.12937962761537103,0.004244131381095512,-0.9479837337601547,0.3327306859817366,0.0051228576789675365,0.3321949297373527,0.12782756511967677,-0.0008173949705120874,-0.8834424501638808,0.18033082926177899,0.004214246281365725,-0.9375333524190094,0.32873918570926647,0.005065090152641993,0.4445909197525952,0.17677731215378273,-0.0010734136356654745,-0.922563035828954,0.17465665806518715,0.00435162067553817,-0.9488464244487422,0.17506143791000722,0.00449564056158943,0.5208183788396153,0.32547544929775946,-0.0007747508722026744,-0.6895336569811849,0.31906177847925843,0.003995779228684662,0.04038393095579762,0.1716117570256556,0.0005270584260740618,0.09826580523342383,0.16955306991386757,0.00028945173472778076,0.45791178807806865,0.31523425300778846,-0.0005644296838260732,7.599999999999999,0.0,0.075,0.185,0.115
0.644,12.0,3.0501655598461964e+16,-0.9470082692508768,0.33941912450694106,0.00514570957504141,0.3429709302710847,0.1319803726688847,-0.0008427908432997043,-0.95338931762931,0.12937962761537103,0.004287869305732277,-0.9479837337601608,0.33273068598173666,0.005122857678967566,0.3321618377699267,0.1278275651196768,-0.0008174694584707036,-0.893522435527082,0.18033082926177899,0.004255093117702639,-0.9375333523887323,0.3287391857092665,0.005065090152513104,0.44399371827976175,0.17677731215378273,-0.0010712544303952498,-0.9317396045168294,0.17465665806518718,0.0043888787755765645,-0.9488470705565271,0.17506143791000725,0.004495631449434998,0.5224267000609513,0.32547544929775946,-0.0007813717181674235,-0.699059001050209,0.3190617784792585,0.004034381741841774,0.04092602511294046,0.1716117570256556,0.0005249113042794319,0.09934746400341354,0.1695530699138676,0.00028514905872177506,0.4594620612055424,0.3152342530077885,-0.0005707101402811206,7.6,0.0,0.075,0.185,0.115
0.646,12.0,3.0495941131826372e+16,-0.9470082692485162,0.33941912450694106,0.005145709575031272,0.3432109468668388,0.1319803726688847,-0.0008439622304088001,-0.9640567845364807,0.12937962761537103,0.004331075780978724,-0.9479837337601662,0.33273068598173666,0.005122857678967589,0.3320766747924782,0.1278275651196768,-0.0008173370906009996,-0.903469504058062,0.18033082926177899,0.004295413059155444,-0.9375333523602828,0.3287391857092665,0.005065090152391995,0.44333883088789267,0.17677731215378273,-0.001068865624503916,-0.9407771494464688,0.17465665806518718,0.0044255850503280665,-0.9488482822774484,0.17506143791000725,0.004495634033866137,0.523985907546953,0.32547544929775946,-0.0007878050030527673,-0.7084581696342483,0.3190617784792585,0.0040724831181178705,0.041473460376863634,0.1716117570256556,0.0005227429276508605,0.10043507047428954,0.1695530699138676,0.0002808224236418162,0.46099234466201944,0.3152342530077885,-0.0005769112327910156,7.6,0.0,0.075,0.185,0.115
0.648,12.0,3.0501655641767028e+16,-0.9470082692463182,0.33941912450694106,0.00514570957502183,0.34339773619186303,0.1319803726688847,-0.0008449222967918163,-0.9745888275403389,0.12937962761537103,0.004373745648607407,-0.9479837337601723,0.33273068598173666,0.005122857678967612,0.3319390920729557,0.1278275651196768,-0.0008169964386912056,-0.9132824800381005,0.18033082926177899,0.004335201333279364,-0.9375333523335501,0.3287391857092665,0.0050650901522781965,0.4426259807498315,0.17677731215378273,-0.0010662460749364397,-0.9496746214986407,0.17465665806518718,0.004461735230046625,-0.948848109614879,0.17506143791000725,0.004495638880749823,0.5254940924506946,0.32547544929775946,-0.000794041832996774,-0.7177302370825208,0.3190617784792585,0.004110079792454028,0.042026263982932306,0.1716117570256556,0.0005205531865951678,0.10152858157977199,0.1695530699138676,0.0002764719977583122,0.4625024923351279,0.3152342530077885,-0.0005830323666169237,7.6,0.0,0.075,0.185,0.115
0.65,12.0,3.0495941793951316e+16,-0.9470082692442722,0.33941912450694106,0.005145709575013037,0.3435309096448845,0.1319803726688847,-0.0008456694540919133,-0.9849841923647561,0.12937962761537103,0.00441587382062284,-0.9479837337601777,0.33273068598173666,0.005122857678967635,0.33174874926680925,0.1278275651196768,-0.0008164461078131156,-0.922960205292696,0.18033082926177899,0.004374453237199518,-0.9375333523084307,0.3287391857092665,0.005065090152171266,0.4418549000321521,0.17677731215378273,-0.001063394674384195,-0.9584309900058003,0.17465665806518718,0.004497325118255312,-0.9488470232062325,0.17506143791000725,0.004495638190099544,0.5269511708964119,0.32547544929775946,-0.0008000745726117405,-0.7268739925766359,0.3190617784792585,0.004147168062247118,0.042584462999228155,0.1716117570256556,0.0005183419721708932,0.10262795325601136,0.1695530699138676,0.00027209795333638245,0.46399236070119526,0.3152342530077885,-0.0005890729573093576,7.6,0.0,0.075,0.185,0.115
0.652,12.0,3.049594099698975e+16,-0.9470082692423679,0.33941912450694106,0.005145709575004853,0.3436100871847775,0.1319803726688847,-0.000846202147903999,-0.9952416426187805,0.12937962761537103,0.004457455279920509,-0.947983733760183,0.33273068598173666,0.005122857678967658,0.3315053144824063,0.1278275651196768,-0.0008156847365885299,-0.9325015393409709,0.18033082926177899,0.0044131641382179,-0.9375333522848284,0.3287391857092665,0.0050650901520707895,0.44102532995102445,0.17677731215378273,-0.0010603103515134775,-0.9670452428840889,0.17465665806518718,0.00453235059228395,-0.948848449344403,0.17506143791000725,0.0044956338444649595,0.528359285191019,0.32547544929775946,-0.0008059028863946097,-0.7358878733324564,0.3190617784792585,0.004183743084223577,0.0431480843221736,0.1716117570256556,0.0005161091761057097,0.10373314044287393,0.1695530699138676,0.00026770046663142496,0.46546180884127514,0.3152342530077885,-0.0005950324307736271,7.6,0.0,0.075,0.185,0.115
0.654,12.0,3.0501655621653276e+16,-0.947008269240596,0.33941912450694106,0.005145709574997236,0.34363489740154385,0.1319803726688847,-0.0008465188580635711,-1.0053599599566676,0.12937962761537103,0.0044984850809366055,-0.9479837337601893,0.33273068598173666,0.005122857678967679,0.3312084643452264,0.1278275651196768,-0.0008147109974509179,-0.9419053595427009,0.18033082926177899,0.004451329474411,-0.9375333522626508,0.3287391857092665,0.00506509015197638,0.4401370208267294,0.17677731215378273,-0.001056992071188967,-0.9755163867626044,0.17465665806518718,0.004566807603797104,-0.9488484494252943,0.17506143791000725,0.004495639549017641,0.5297150589423106,0.32547544929775946,-0.0008115353435730383,-0.7447712525741155,0.3190617784792585,0.00421979860724686,0.043717154672134204,0.1716117570256556,0.000513854690813928,0.10484409708540496,0.1695530699138676,0.00026327971788397465,0.46691069845683686,0.3152342530077885,-0.0006009102233339465,7.6,0.0,0.075,0.185,0.115
0.656,12.0,3.0495941409809476e+16,-0.9470082692389453,0.33941912450694106,0.005145709574990148,0.3436049775860474,0.1319803726688847,-0.0008466180989306366,-1.0153379442354804,0.12937962761537103,0.004538958350288155,-0.947983733760197,0.33273068598173666,0.005122857678967704,0.33085788406083033,0.1278275651196768,-0.0008135235969021984,-0.9511705612429524,0.18033082926177899,0.004488944755217919,-0.9375333522418114,0.3287391857092665,0.0050650901518876695,0.4391897321369542,0.17677731215378273,-0.0010534388346917867,-0.9838434471104445,0.17465665806518718,0.004600692179311167,-0.9488475009964026,0.17506143791000725,0.004495639549341206,0.5310184376748005,0.32547544929775946,-0.0008169584385782047,-0.7535229694271219,0.3190617784792585,0.004255332124213496,0.044291700588999616,0.1716117570256556,0.0005115784094140856,0.10596077613546973,0.1695530699138676,0.00025883589131385054,0.4683388938851152,0.3152342530077885,-0.0006067057817961933,7.6,0.0,0.075,0.185,0.115
0.658,12.0,3.050165569465979e+16,-0.9470082692374097,0.33941912450694106,0.005145709574983545,0.34351997379850197,0.1319803726688847,-0.0008464984196686508,-1.0251744136702392,0.12937962761537103,0.004578870287403406,-0.9479837337602052,0.33273068598173666,0.005122857678967734,0.33045326747659964,0.1278275651196768,-0.0008121212757646141,-0.9602960579143212,0.18033082926177899,0.004526005562018925,-0.9375333522222296,0.3287391857092665,0.005065090151804312,0.43818323256869796,0.17677731215378273,-0.001049649679932686,-0.9920254683608906,0.17465665806518718,0.004634000420702527,-0.9488472123092321,0.17506143791000725,0.00449563575562564,0.53227022358555,0.32547544929775946,-0.0008221719535081643,-0.7621417391094496,0.3190617784792585,0.004290338991625522,0.0448717484277432,0.1716117570256556,0.000509280225746624,0.1070831295535727,0.1695530699138676,0.0002543691751135915,0.469746262114119,0.3152342530077885,-0.0006124185635093067,7.6,0.0,0.075,0.185,0.115
0.66,12.0,3.0501655564356636e+16,-0.9470082692359805,0.33941912450694106,0.0051457095749774025,0.3433795409357029,0.1319803726688847,-0.000846158404518469,-1.034868204986661,0.12937962761537103,0.00461821616514244,-0.947983733760213,0.33273068598173666,0.005122857678967767,0.3299943171422316,0.1278275651196768,-0.0008105028094276914,-0.9692807812967372,0.18033082926177899,0.0045625075487044,-0.9375333522038298,0.3287391857092665,0.005065090151725985,0.4371173000689477,0.17677731215378273,-0.0010456236816596609,-1.0000615140333824,0.17465665806518718,0.004666728505704311,-0.948847648625595,0.17506143791000725,0.004495634600876957,0.5334700692842984,0.32547544929775946,-0.0008271790971511622,-0.7706264867707353,0.3190617784792585,0.004324814070354832,0.04545732435396082,0.1716117570256556,0.0005069600343916497,0.10821110831085493,0.1695530699138676,0.0002498797614411796,0.47113267279729704,0.3152342530077885,-0.000618048036425322,7.6,0.0,0.075,0.185,0.115
0.662,12.0,3.0495940295835932e+16,-0.9470082692346495,0.33941912450694106,0.005145709574971687,0.34318334279698476,0.1319803726688847,-0.0008455966730672727,-1.0444181735713818,0.12937962761537103,0.004656991330408129,-0.9479837337602214,0.33273068598173666,0.005122857678967799,0.329480744368983,0.1278275651196768,-0.0008086670080902193,-0.978123681534826,0.18033082926177899,0.004598446442234064,-0.9375333521865395,0.3287391857092665,0.0050650901516523855,0.43599172189399066,0.17677731215378273,-0.00104135995166066,-1.0079506668527656,0.17465665806518718,0.004698872688394278,-0.948848880248184,0.17506143791000725,0.004495636346142409,0.5346176397206918,0.32547544929775946,-0.0008319784799461559,-0.7789761545585884,0.3190617784792585,0.004358753060999975,0.04604845433938895,0.1716117570256556,0.000504617730686779,0.10934466239126979,0.1695530699138676,0.00024536784641205066,0.4724979982678587,0.3152342530077885,-0.0006235936791580342,7.6,0.0,0.075,0.185,0.115
0.664,12.0,3.0501655509452e+16,-0.9470082692334106,0.33941912450694106,0.005145709574966363,0.34293105214889824,0.1319803726688847,-0.0008448118805124002,-1.0538231936196807,0.12937962761537103,0.0046951912047470115,-0.9479837337602295,0.33273068598173666,0.005122857678967832,0.32891226928764805,0.1278275651196768,-0.0008066127169972248,-0.9868237273128043,0.18033082926177899,0.004633818043186419,-0.9375333521702924,0.3287391857092665,0.005065090151583224,0.43480629465739296,0.17677731215378273,-0.0010368576389608317,-1.0156920288659217,0.17465665806518718,0.004730429299671811,-0.9488503497532765,0.17506143791000725,0.004495641272632765,0.5357121375263408,0.32547544929775946,-0.0008365687616917292,-0.7871897807799032,0.3190617784792585,0.004392151732151388,0.046645164157402524,0.1716117570256556,0.0005022532107450666,0.11048374079393739,0.1695530699138676,0.00024083363009039122,0.4738421135527488,0.3152342530077885,-0.0006290549810402808,7.6,0.0,0.075,0.185,0.115
0.666,12.0,3.050165561523542e+16,-0.9470082692322564,0.33941912450694106,0.005145709574961407,0.3426223507885994,0.1319803726688847,-0.0008438027179200542,-1.0630821582807064,0.12937962761537103,0.004732811284940207,-0.947983733760237,0.33273068598173666,0.005122857678967865,0.32828862090526917,0.1278275651196768,-0.000804338816671885,-0.995379905986892,0.18033082926177899,0.004668618226298334,-0.937533352155025,0.3287391857092665,0.005065090151518236,0.4335608243766629,0.17677731215378273,-0.001032115930014441,-1.023284721555917,0.17465665806518718,0.004761394747724436,-0.9488485637124888,0.17506143791000725,0.004495647150653135,0.5367505721531078,0.32547544929775946,-0.0008409467529143256,-0.7952667887101023,0.3190617784792585,0.004425006237036647,0.047247479378492774,0.1716117570256556,0.0004998663714730123,0.11162829153567742,0.1695530699138676,0.00023627731647972084,0.47516489638627407,0.3152342530077885,-0.0006344314421798412,7.6,0.0,0.075,0.185,0.115
0.668,12.0,3.0501655519451744e+16,-0.947008269231181,0.33941912450694106,0.00514570957495679,0.34225692960594073,0.1319803726688847,-0.0008425679124788587,-1.0721939798001574,0.12937962761537103,0.004769847143584309,-0.9479837337602425,0.33273068598173666,0.005122857678967895,0.32760953716056757,0.1278275651196768,-0.0008018442231423695,-1.0037912237152282,0.18033082926177899,0.004702842940994684,-0.9375333521406799,0.3287391857092665,0.005065090151457167,0.4322551265185494,0.17677731215378273,-0.0010271340488915207,-1.0307278859534286,0.17465665806518718,0.004791765518484417,-0.9488479723136448,0.17506143791000725,0.004495640006489984,0.5377359181845388,0.32547544929775946,-0.0008451004914213936,-0.8032056260153391,0.3190617784792585,0.004457314268757443,0.04785542536572547,0.1716117570256556,0.0004974571105886513,0.1127782616537208,0.1695530699138676,0.0002316991135127607,0.4764662272233803,0.3152342530077885,-0.0006397225735139423,7.6,0.0,0.075,0.185,0.115
0.67,12.0,3.0501655649123344e+16,-0.9470082692301797,0.33941912450694106,0.0051457095749524884,0.341834488644247,0.1319803726688847,-0.0008411062277482241,-1.0811575896603876,0.12937962761537103,0.004806294429662113,-0.9479837337602464,0.33273068598173666,0.005122857678967916,0.32687476497808704,0.1278275651196768,-0.000799127888163563,-1.012056705585264,0.18033082926177899,0.004736488211908029,-0.9375333521272009,0.3287391857092665,0.0050650901513997855,0.4308890260429924,0.17677731215378273,-0.0010219112574590668,-1.0380206827455847,0.17465665806518718,0.004821538176074463,-0.9488479818974982,0.17506143791000725,0.004495637640894608,0.5386673771667841,0.32547544929775946,-0.0008490418755471175,-0.8110053895060502,0.3190617784792585,0.00448906961797839,0.04846902727017983,0.1716117570256556,0.0004950253266397205,0.11393359720859984,0.1695530699138676,0.00022709923304058716,0.4777459892525781,0.3152342530077885,-0.000644927896862367,7.6,0.0,0.075,0.185,0.115
0.672,12.0,3.05016554676503e+16,-0.9470082692292484,0.339419124506941,0.005145709574948483,0.34135473715977804,0.1319803726688847,-0.0008394164639014491,-1.0899719387179605,0.12937962761537103,0.0048421488691030344,-0.9479837337602491,0.3327306859817366,0.005122857678967933,0.32608406032103915,0.12782756511967677,-0.0007961887994336411,-1.020175395738624,0.18033082926177899,0.004769550139388172,-0.9375333521145349,0.32873918570926647,0.005065090151345869,0.4294623574457354,0.17677731215378273,-0.0010164468555568388,-1.0451622923822428,0.17465665806518715,0.0048507093632430874,-0.9488488486148833,0.17506143791000722,0.004495637679230022,0.5395447959794137,0.32547544929775946,-0.0008527677114760988,-0.8186650876165635,0.31906177847925843,0.004520268671941235,0.049088310026368494,0.1716117570256556,0.0004925709190219031,0.11509424328721721,0.16955306991386757,0.00022247789082107089,0.4790040684085166,0.31523425300778846,-0.0006500469449791587,7.599999999999999,0.0,0.075,0.185,0.115
0.674,12.0,3.0501655528002372e+16,-0.9470082692283825,0.33941912450694106,0.005145709574944758,0.3408173936798596,0.1319803726688847,-0.0008374974579635734,-1.0986359973385937,0.12937962761537103,0.0048774062653333256,-0.9479837337602517,0.33273068598173666,0.005122857678967943,0.32523718824284614,0.1278275651196768,-0.0007930259808054494,-1.0281463574934184,0.18033082926177899,0.004802024900001612,-0.9375333521026341,0.3287391857092665,0.005065090151295205,0.4279749647995539,0.17677731215378273,-0.0010107401811678108,-1.0521519151795207,0.17465665806518718,0.0048792758017897194,-0.9488500344232669,0.17506143791000725,0.004495641146099562,0.5403674353027645,0.32547544929775946,-0.0008562773867266171,-0.8261838467352342,0.3190617784792585,0.004550907464383288,0.04971329834763895,0.1716117570256556,0.0004900937879971485,0.11626014400609341,0.1695530699138676,0.00021783530650660156,0.4802403533842025,0.3152342530077885,-0.0006550792616029124,7.6,0.0,0.075,0.185,0.115
0.676,12.0,3.050165564727023e+16,-0.9470082692275761,0.33941912450694106,0.005145709574941295,0.34022218605968146,0.1319803726688847,-0.0008353480840438995,-1.1071487555295028,0.12937962761537103,0.004912062499815859,-0.9479837337602547,0.33273068598173666,0.005122857678967954,0.3243339229373689,0.1278275651196768,-0.0007896384924926773,-1.0359686734639832,0.18033082926177899,0.0048339087470207895,-0.9375333520914532,0.3287391857092665,0.0050650901512476025,0.42642670179410275,0.17677731215378273,-0.0010047906105830847,-1.0589887714206305,0.17465665806518718,0.004907234292978831,-0.9488480203717713,0.17506143791000725,0.004495645889333097,0.5411323299214104,0.32547544929775946,-0.0008595679440200203,-0.8335611848069264,0.3190617784792585,0.0045809825008579705,0.05034401672155667,0.1716117570256556,0.0004875938347120666,0.11743124251479295,0.1695530699138676,0.00021317170363109673,0.4814547356428643,0.3152342530077885,-0.000660024401505656,7.6,0.0,0.075,0.185,0.115
0.678,12.0,3.0501655562082084e+16,-0.9470082692268245,0.33941912450694106,0.0051457095749380686,0.3395688515377495,0.1319803726688847,-0.000832967253563187,-1.1155092230691028,0.12937962761537103,0.0049461135325794955,-0.9479837337602578,0.33273068598173666,0.005122857678967965,0.3233740477878143,0.1278275651196768,-0.0007860254312707684,-1.0436414456780334,0.18033082926177899,0.004865198010903049,-0.9375333520809477,0.3287391857092665,0.00506509015120288,0.4248174317744122,0.17677731215378273,-0.00099859755856128,-1.065672101454168,0.17465665806518718,0.004934581717943271,-0.9488472473967218,0.17506143791000725,0.004495637833127114,0.5418424900641541,0.32547544929775946,-0.0008626275224946036,-0.8407956416730196,0.3190617784792585,0.004610491853144739,0.05098048940527046,0.1716117570256556,0.0004850709612163957,0.11860748099952877,0.1695530699138676,0.0002084873095962986,0.4826471094294593,0.3152342530077885,-0.0006648819305403031,7.6,0.0,0.075,0.185,0.115
0.68,12.0,3.0495940092397668e+16,-0.9470082692261235,0.33941912450694106,0.005145709574935062,0.338857136789982,0.1319803726688847,-0.0008303539154754593,-1.1237164296340683,0.12937962761537103,0.004979555402737896,-0.9479837337602598,0.33273068598173666,0.005122857678967978,0.3223573554143183,0.1278275651196768,-0.0007821859306725501,-1.0511637956912305,0.18033082926177899,0.004895889099759249,-0.9375333520710766,0.3287391857092665,0.005065090151160857,0.4231470277779779,0.17677731215378273,-0.000992160478482518,-1.072201165789575,0.17465665806518718,0.0049613150380774206,-0.9488491311356814,0.17506143791000725,0.004495634741226916,0.5424986673483946,0.32547544929775946,-0.0008654681630655785,-0.8478861547336846,0.3190617784792585,0.004639429680609112,0.05162274042086038,0.1716117570256556,0.00048252507048154056,0.11978880068694508,0.1695530699138676,0.0002037823556573553,0.48381737178182316,0.3152342530077885,-0.0006696514256866832,7.6,0.0,0.075,0.185,0.115
0.682,12.0,3.05016554635946e+16,-0.9470082692254711,0.33941912450694106,0.005145709574932258,0.33808679798244684,0.1319803726688847,-0.0008275070564843893,-1.1317694249237287,0.12937962761537103,0.0050123842289977565,-0.9479837337602617,0.33273068598173666,0.005122857678967986,0.3212836477201911,0.1278275651196768,-0.0007781191611785661,-1.0585348646991177,0.18033082926177899,0.004925978499812038,-0.9375333520617994,0.3287391857092665,0.005065090151121373,0.4214153725704682,0.17677731215378273,-0.0009854788624967807,-1.0785752451899642,0.17465665806518718,0.004987431295419048,-0.9488511275040209,0.17506143791000725,0.004495642276182754,0.5430986544424314,0.32547544929775946,-0.0008680928722025405,-0.8548321761168894,0.3190617784792585,0.0046677917328517725,0.05227079355066853,0.1716117570256556,0.0004799560664191809,0.12097514184807844,0.1695530699138676,0.00019905707690769003,0.4849654225414596,0.3152342530077885,-0.0006743324750961386,7.6,0.0,0.075,0.185,0.115
0.684,12.0,3.050165554443369e+16,-0.947008269224864,0.33941912450694106,0.005145709574929649,0.3372576008227229,0.1319803726688847,-0.0008244257012542485,-1.139667278781782,0.12937962761537103,0.005044596210156399,-0.9479837337602637,0.33273068598173666,0.0051228576789679936,0.32015273593681837,0.1278275651196768,-0.0007738243304020572,-1.0657538136464375,0.18033082926177899,0.004955462775843586,-0.9375333520530817,0.3287391857092665,0.0050650901510842635,0.419622358680049,0.17677731215378273,-0.000978552241666742,-1.084793640762271,0.17465665806518718,0.005012927613020605,-0.9488497637957328,0.17506143791000725,0.004495650261656112,0.5436395572210748,0.32547544929775946,-0.000870492820578688,-0.861633293286321,0.3190617784792585,0.004695575818384592,0.05292467233261324,0.1716117570256556,0.00047736385389994827,0.12216644380249651,0.1695530699138676,0.00019431171226315665,0.48609116436397,0.3152342530077885,-0.0006789246781346843,7.6,0.0,0.075,0.185,0.115
0.686,12.0,3.049594125086484e+16,-0.9470082692242991,0.33941912450694106,0.0051457095749272205,0.3363693206098878,0.1319803726688847,-0.0008211089126153527,-1.147409081315312,0.12937962761537103,0.005076187625588613,-0.9479837337602652,0.33273068598173666,0.005122857678968001,0.3189644406672129,0.1278275651196768,-0.0007693006832685663,-1.0728198233337987,0.18033082926177899,0.004984338571632866,-0.9375333520448903,0.3287391857092665,0.005065090151049393,0.4177678884302769,0.17677731215378273,-0.000971380186105065,-1.0908556740445465,0.17465665806518718,0.005037801195309832,-0.9488456857999381,0.17506143791000725,0.00449564480682296,0.5441215772853176,0.32547544929775946,-0.0008726564316932615,-0.8682885967909875,0.3190617784792585,0.004722780287062319,0.053584400055487036,0.1716117570256556,0.0004747483387721694,0.12336264492261484,0.1695530699138676,0.00018954650444548432,0.48719450272912124,0.3152342530077885,-0.0006834276454247259,7.6,0.0,0.075,0.185,0.115
0.6880000000000001,12.0,3.0495940467389316e+16,-0.9470082692237751,0.33941912450694106,0.005145709574924961,0.3354217422831186,0.1319803726688847,-0.0008175557917640123,-1.154993943011088,0.12937962761537103,0.0051071548357227315,-0.9479837337602671,0.33273068598173666,0.005122857678968008,0.3177185919282106,0.1278275651196768,-0.0007645475021901445,-1.0797320945216822,0.18033082926177899,0.00501260261038231,-0.9375333520371938,0.3287391857092665,0.0050650901510166275,0.41585187397160644,0.17677731215378273,-0.0009639623051059767,-1.0967606870906168,0.17465665806518718,0.005062049328438935,-0.9488468949921761,0.17506143791000725,0.004495628494839782,0.5445504373460723,0.32547544929775946,-0.0008745845119502327,-0.8747962744275418,0.3190617784792585,0.0047494015010809834,0.05424999975423874,0.1716117570256556,0.0004721094278806742,0.12456368263819081,0.1695530699138676,0.00018476169996501103,0.48827534595055083,0.3152342530077885,-0.0006878409988853309,7.6,0.0,0.075,0.185,0.115
0.6900000000000001,12.0,3.0501655556404772e+16,-0.947008269223288,0.33941912450694106,0.0051457095749228654,0.33441466046889423,0.1319803726688847,-0.0008137654784569356,-1.1624209948491397,0.12937962761537103,0.005137494282505836,-0.94798373376027,0.33273068598173666,0.005122857678968015,0.316415029191304,0.1278275651196768,-0.0007595641072341353,-1.0864898480317924,0.18033082926177899,0.0050402516951338445,-0.9375333520299622,0.3287391857092665,0.005065090150985841,0.41387423731146644,0.17677731215378273,-0.0009562982472712949,-1.10250804255187,0.17465665806518718,0.005085669380623216,-0.9488520036609294,0.17506143791000725,0.004495633331608733,0.5449248334855724,0.32547544929775946,-0.0008762999521932515,-0.8811557099438023,0.3190617784792585,0.0047754322116272015,0.05492149420524023,0.1716117570256556,0.00046944702908566737,0.125769493440995,0.1695530699138676,0.0001799575491027071,0.4893336051851082,0.3152342530077885,-0.0006921643717710493,7.6,0.0,0.075,0.185,0.115
0.6920000000000001,12.0,3.0501655345252628e+16,-0.9470082692228333,0.33941912450694106,0.0051457095749209165,0.3333478795268017,0.1319803726688847,-0.0008097371512000381,-1.1696893884135866,0.12937962761537103,0.005167202489858044,-0.9479837337602729,0.33273068598173666,0.0051228576789680265,0.315053601422101,0.1278275651196768,-0.0007543498562865088,-1.093092324845702,0.18033082926177899,0.0050672827091742855,-0.9375333520231673,0.3287391857092665,0.005065090150956915,0.4118349103429408,0.17677731215378273,-0.0009483877006307348,-1.1080971237564365,0.17465665806518718,0.005108658802468229,-0.9488531496491057,0.17506143791000725,0.004495653766283747,0.5452386194542279,0.32547544929775946,-0.0008777975367512519,-0.8873671179378625,0.3190617784792585,0.004800869953692243,0.05559890592153823,0.1716117570256556,0.0004667610512816615,0.1269800128896591,0.1695530699138676,0.00017513430589149038,0.49036919444183136,0.3152342530077885,-0.0006963974087092788,7.6,0.0,0.075,0.185,0.115
0.6940000000000001,12.0,3.050165546691956e+16,-0.9470082692224088,0.33941912450694106,0.005145709574919098,0.3322212135939331,0.1319803726688847,-0.0008054700274316681,-1.1767982960007033,0.12937962761537103,0.00519627606411583,-0.9479837337602752,0.33273068598173666,0.005122857678968038,0.3136341671184108,0.1278275651196768,-0.0007489041452096967,-1.0995387862008004,0.18033082926177899,0.005093692616429924,-0.9375333520167835,0.3287391857092665,0.005065090150929736,0.4097338348720111,0.17677731215378273,-0.0009402303927566322,-1.113527334785483,0.17465665806518718,0.005131015127286495,-0.9488510852704972,0.17506143791000725,0.004495658350236452,0.5454921132545084,0.32547544929775946,-0.0008790526806258739,-0.8934296527118856,0.3190617784792585,0.004825715585668485,0.05628225714809167,0.1716117570256556,0.00046405140441646944,0.1281951756147006,0.1695530699138676,0.00017029222809683398,0.4913820305905575,0.3152342530077885,-0.0007005397657361714,7.6,0.0,0.075,0.185,0.115
0.6960000000000001,12.0,3.04959406533883e+16,-0.9470082692220126,0.33941912450694106,0.005145709574917399,0.331034486627867,0.1319803726688847,-0.0008009633637001935,-1.1837469107242269,0.12937962761537103,0.005224711694464297,-0.9479837337602762,0.33273068598173666,0.005122857678968048,0.3121565943469457,0.1278275651196768,-0.0007432264079949361,-1.1058285136835337,0.18033082926177899,0.005119478461850317,-0.937533352010785,0.3287391857092665,0.0050650901509042,0.4075709626433691,0.17677731215378273,-0.0009318260908729134,-1.1187981005467027,0.17465665806518718,0.005152735971402681,-0.9488464319566164,0.17506143791000725,0.004495650092722018,0.5456855442761431,0.32547544929775946,-0.0008800666558269959,-0.8993425045478416,0.3190617784792585,0.004849965724764577,0.056971569856994954,0.1716117570256556,0.00046131799951025564,0.1294149153237233,0.1695530699138676,0.00016543157719666802,0.49237203337016733,0.3152342530077885,-0.000704591110331076,7.6,0.0,0.075,0.185,0.115
0.6980000000000001,12.0,3.0495940247364412e+16,-0.9470082692216437,0.33941912450694106,0.005145709574915815,0.3297875324482238,0.1319803726688847,-0.0007962164558359292,-1.190534446617854,0.12937962761537103,0.005252506153358392,-0.9479837337602767,0.33273068598173666,0.005122857678968052,0.31062076077863676,0.1278275651196768,-0.0007373161169090756,-1.111960809319925,0.18033082926177899,0.00514463737178125,-0.93753335200515,0.3287391857092665,0.005065090150880206,0.4053462553648198,0.17677731215378273,-0.0009231746019583456,-1.123908866845221,0.17465665806518718,0.00517381903444756,-0.9488471707269173,0.17506143791000725,0.004495631479466494,0.5458246655101755,0.32547544929775946,-0.0008808403799135347,-0.9051039606621947,0.3190617784792585,0.0048736171321084,0.057666865742687694,0.1716117570256556,0.00045856074867464257,0.13063916480679363,0.1695530699138676,0.0001605526183605772,0.49333912539646135,0.3152342530077885,-0.0007085511214495152,7.6,0.0,0.075,0.185,0.115
0.7000000000000001,12.0,3.0501655562761584e+16,-0.9470082692212991,0.33941912450694106,0.005145709574914339,0.3284801947767919,0.1319803726688847,-0.0007912286391173563,-1.1971601387349458,0.12937962761537103,0.005279656296932901,-0.9479837337602766,0.33273068598173666,0.005122857678968053,0.3090265537225512,0.1278275651196768,-0.0007311727826358399,-1.1179349956633517,0.18033082926177899,0.0051691665543268156,-0.9375333519998547,0.3287391857092665,0.005065090150857665,0.40305968473021175,0.17677731215378273,-0.0009142757728441483,-1.1288591004513642,0.17465665806518718,0.005194262099641633,-0.9488518966826244,0.17506143791000725,0.004495634434547698,0.5459082069063523,0.32547544929775946,-0.0008813968648496642,-0.9107135047638084,0.3190617784792585,0.004896662956565812,0.058368166217151414,0.1716117570256556,0.0004557795651318716,0.13186785594199216,0.1695530699138676,0.00015565562042829583,0.49428323216966824,0.3152342530077885,-0.0007124194895546914,7.6,0.0,0.075,0.185,0.115
0.7020000000000001,12.0,3.050165536967388e+16,-0.9470082692209761,0.339419124506941,0.00514570957491296,0.3271123272762244,0.1319803726688847,-0.0007859992884316288,-1.2036232432454275,0.12937962761537103,0.005306159065401267,-0.9479837337602766,0.3327306859817366,0.005122857678968053,0.3073738701584122,0.12782756511967677,-0.0007247959544114978,-1.1237504158795755,0.18033082926177899,0.005193063299700523,-0.9375333519948787,0.32873918570926647,0.005065090150836484,0.4007112324409554,0.17677731215378273,-0.0009051294903057161,-1.1336482891658546,0.17465665806518715,0.005214063034066205,-0.9488527332328043,0.17506143791000722,0.0044956533383705265,0.5459300588139053,0.32547544929775946,-0.0008817310304343716,-0.9161714517727547,0.31906177847925843,0.004919101132972267,0.05907549240509362,0.1716117570256556,0.00045297436323401673,0.13310091970113969,0.16955306991386757,0.00015074085588750164,0.49520428208158385,0.31523425300778846,-0.0007161959166475192,7.599999999999999,0.0,0.075,0.185,0.115
0.704,12.0,3.0501655505989496e+16,-0.9470082692206748,0.33941912450694106,0.005145709574911669,0.32568379358729177,0.1319803726688847,-0.0007805278184293588,-1.2099230375298542,0.12937962761537103,0.0053320114834431945,-0.9479837337602777,0.33273068598173666,0.005122857678968053,0.305662616767713,0.1278275651196768,-0.0007181852201549417,-1.1294064338290164,0.18033082926177899,0.0052163249805654175,-0.9375333519902022,0.3287391857092665,0.005065090150816581,0.3983008902260853,0.17677731215378273,-0.0008957356811486908,-1.1382759418821202,0.17465665806518718,0.005233219788924167,-0.9488504205751916,0.17506143791000725,0.004495656684571247,0.545890577082523,0.32547544929775946,-0.0008818184380645836,-0.9214770561404548,0.3190617784792585,0.004940932921008053,0.059788865139119816,0.1716117570256556,0.0004501450584822479,0.13433828615569776,0.1695530699138676,0.00014580860085091162,0.49610220642234043,0.3152342530077885,-0.0007198801162951814,7.6,0.0,0.075,0.185,0.115
0.706,12.0,3.049594134612103e+16,-0.9470082692203946,0.33941912450694106,0.005145709574910463,0.3241944673646823,0.1319803726688847,-0.0007748136836736283,-1.2160588202706308,0.12937962761537103,0.0053572106605809,-0.9479837337602796,0.33273068598173666,0.005122857678968058,0.3038927099634179,0.1278275651196768,-0.0007113402065921448,-1.1349024341462477,0.18033082926177899,0.005238949052363181,-0.9375333519858073,0.3287391857092665,0.0050650901507978754,0.39582865986087523,0.17677731215378273,-0.0008860943122892103,-1.1427415886457206,0.17465665806518718,0.00525173039978923,-0.948845569970678,0.17506143791000725,0.004495647433940795,0.5457900306365618,0.32547544929775946,-0.0008816605111390541,-0.9266296085210725,0.3190617784792585,0.004962155338478853,0.060508304954893954,0.1716117570256556,0.0004472915675461431,0.13557988448284264,0.1695530699138676,0.00014085913503267933,0.4969769393868052,0.3152342530077885,-0.0007234718136582077,7.6,0.0,0.075,0.185,0.115
0.708,12.0,3.0495941064271216e+16,-0.9470082692201348,0.33941912450694106,0.005145709574909342,0.32264423231135264,0.1319803726688847,-0.0007688563787831905,-1.2220299115403863,0.12937962761537103,0.005381753791544007,-0.9479837337602813,0.33273068598173666,0.005122857678968065,0.3020640759182507,0.1278275651196768,-0.0007042605793749643,-1.1402378223167182,0.18033082926177899,0.005260933053632106,-0.9375333519816778,0.3287391857092665,0.005065090150780296,0.39329455318400325,0.17677731215378273,-0.00087620539082837,-1.1470447807110238,0.17465665806518718,0.005269592986843631,-0.9488461538967522,0.17506143791000725,0.004495628031522741,0.5456342134214098,0.32547544929775946,-0.0008812583253552096,-0.9316274967407198,0.3190617784792585,0.004982765548001324,0.06123383208628783,0.1716117570256556,0.00044441380828304656,0.13682564297171246,0.1695530699138676,0.00013589274172409982,0.49782841808060796,0.3152342530077885,-0.0007269707455160668,7.6,0.0,0.075,0.185,0.115
0.71,12.0,3.050165562969614e+16,-0.9470082692198928,0.33941912450694106,0.005145709574908303,0.3210329822114158,0.1319803726688847,-0.0007626554385698717,-1.227835652887476,0.12937962761537103,0.005405638156623029,-0.9479837337602839,0.33273068598173666,0.005122857678968072,0.3001766505915638,0.1278275651196768,-0.0006969460431942955,-1.1454120247506783,0.18033082926177899,0.005282274606313989,-0.9375333519777975,0.3287391857092665,0.005065090150763777,0.3906985921132587,0.17677731215378273,-0.0008660689641208821,-1.1511850905949987,0.17465665806518718,0.0052868057551048436,-0.9488507602943715,0.17506143791000725,0.004495630367227037,0.5454218976380466,0.32547544929775946,-0.0008806350564946015,-0.9364703054073782,0.3190617784792585,0.005002757100879913,0.061965466460519966,0.1716117570256556,0.00044151169975747105,0.13807548902982672,0.1695530699138676,0.00013090970776862056,0.49865658252579675,0.3152342530077885,-0.0007303766602912778,7.6,0.0,0.075,0.185,0.115
0.712,12.0,3.0501655441564636e+16,-0.9470082692196676,0.33941912450694106,0.005145709574907335,0.31936062096157053,0.1319803726688847,-0.0007562104381701243,-1.2334754074186205,0.12937962761537103,0.005428861122011389,-0.9479837337602876,0.33273068598173666,0.005122857678968083,0.2982303797547787,0.1278275651196768,-0.000689396341887548,-1.1504244888543111,0.18033082926177899,0.005302971416049829,-0.9375333519741511,0.3287391857092665,0.005065090150748256,0.38804080865979385,0.17677731215378273,-0.0008556851198379038,-1.1551621121281301,0.17465665806518718,0.005303366994640743,-0.9488515065738636,0.17506143791000725,0.004495648792817515,0.5451470168074899,0.32547544929775946,-0.0008797857933611486,-0.9411584505415481,0.3190617784792585,0.005022128335546547,0.06270322769328451,0.1716117570256556,0.00043858516226054253,0.1393293491896777,0.1695530699138676,0.00012591032353616348,0.4994613756661214,0.3152342530077885,-0.000733689318072033,7.6,0.0,0.075,0.185,0.115
0.714,12.0,3.0501655582015924e+16,-0.9470082692194584,0.33941912450694106,0.005145709574906435,0.3176270626010551,0.1319803726688847,-0.0007495209931707433,-1.2389485598786438,0.12937962761537103,0.0054514201401359656,-0.9479837337602898,0.33273068598173666,0.005122857678968097,0.29622521901539645,0.1278275651196768,-0.0006816112585404076,-1.1552746830980427,0.18033082926177899,0.00532302127246436,-0.9375333519707251,0.3287391857092665,0.005065090150733671,0.3853212449409112,0.17677731215378273,-0.0008450539860240444,-1.1589754605025318,0.17465665806518718,0.005319275080773269,-0.9488491278965213,0.17506143791000725,0.004495651777935484,0.544809970929541,0.32547544929775946,-0.0008786862700389217,-0.9456912880147939,0.3190617784792585,0.005040880916083227,0.06344713508387076,0.1716117570256556,0.0004356341173294843,0.14058714911549294,0.1695530699138676,0.00012089488289675954,0.5002427433719443,0.3152342530077885,-0.0007369084906333317,7.6,0.0,0.075,0.185,0.115
0.716,12.0,3.0495942421309104e+16,-0.9470082692192637,0.33941912450694106,0.005145709574905598,0.31583223134012794,0.1319803726688847,-0.0007425867597286816,-1.244254516727325,0.12937962761537103,0.00547331274997606,-0.9479837337602923,0.33273068598173666,0.0051228576789681055,0.2941611338395823,0.1278275651196768,-0.0006735906155828786,-1.1599620970820372,0.18033082926177899,0.005342422049439286,-0.9375333519675055,0.3287391857092665,0.005065090150719966,0.38253995319139483,0.17677731215378273,-0.0008341757311485138,-1.1626247723170735,0.17465665806518718,0.005334528474270876,-0.9488462483600749,0.17506143791000725,0.004495642263226114,0.5444125852813182,0.32547544929775946,-0.0008773380865271261,-0.9500679573676789,0.3190617784792585,0.005059012265976209,0.06419720761027375,0.1716117570256556,0.00043265848776713933,0.14184881361016802,0.1695530699138676,0.0001158636831934986,0.5010006344447778,0.3152342530077885,-0.0007400339614566232,7.6,0.0,0.075,0.185,0.115
0.718,12.0,3.050165554141498e+16,-0.9470082692190834,0.33941912450694106,0.005145709574904819,0.3139760615870698,0.1319803726688847,-0.0007354074346849729,-1.249392706213341,0.12937962761537103,0.005494536577370784,-0.9479837337602951,0.33273068598173666,0.005122857678968116,0.29203809957330257,0.1278275651196768,-0.0006653342748796221,-1.1644862415988633,0.18033082926177899,0.005361171705375265,-0.9375333519644804,0.3287391857092665,0.005065090150707089,0.37969699577336186,0.17677731215378273,-0.0008230505641504484,-1.1661097056198204,0.17465665806518718,0.005349125721529043,-0.9488480310057663,0.17506143791000725,0.004495630745080329,0.5439585974976556,0.32547544929775946,-0.000875748543934235,-0.9542873004216581,0.3190617784792585,0.005076518943387749,0.06495346392429663,0.1716117570256556,0.00042965819766152736,0.1431142666223692,0.1695530699138676,0.0001108170252147983,0.5017350006214483,0.3152342530077885,-0.0007430655257479573,7.6,0.0,0.075,0.185,0.115
0.72,12.0,3.050165562818896e+16,-0.947008269218915,0.33941912450694106,0.0051457095749040975,0.31205849797369745,0.1319803726688847,-0.0007279827556727404,-1.2543625784452856,0.12937962761537103,0.005515089335314848,-0.947983733760299,0.33273068598173666,0.005122857678968127,0.2898561014620271,0.1278275651196768,-0.0006568421378145031,-1.1688466486933313,0.18033082926177899,0.0053792682834425684,-0.9375333519616382,0.3287391857092665,0.005065090150694988,0.37679244518465876,0.17677731215378273,-0.0008116787344783165,-1.1694299399474397,0.17465665806518718,0.0053630654547400305,-0.9488483340923008,0.17506143791000725,0.004495637875663094,0.5434432838931817,0.32547544929775946,-0.0008739325927995847,-0.9583495964040727,0.3190617784792585,0.0050933963156036665,0.06571592234664528,0.1716117570256556,0.00042663317240543584,0.14438343125380484,0.1695530699138676,0.00010575521316599357,0.502445796577886,0.3152342530077885,-0.000746002990454639,7.6,0.0,0.075,0.185,0.115
0.722,12.0,3.0495941303847004e+16,-0.9470082692187577,0.33941912450694106,0.005145709574903424,0.31007949537939344,0.1319803726688847,-0.000720312501219251,-1.2591636054597621,0.12937962761537103,0.005534968824242628,-0.9479837337603035,0.33273068598173666,0.005122857678968143,0.28761513466898286,0.1278275651196768,-0.0006481141453694013,-1.1730428717194779,0.18033082926177899,0.005396709911820441,-0.9375333519589673,0.3287391857092665,0.005065090150683619,0.3738263840657767,0.17677731215378273,-0.0008000605321235041,-1.1725851763617998,0.17465665806518718,0.005376346392050507,-0.9488476318150215,0.17506143791000725,0.004495639088009233,0.5428668880701002,0.32547544929775946,-0.0008718713383816892,-0.9622543159364012,0.3190617784792585,0.005109645499533325,0.0664846008620159,0.1716117570256556,0.00042358333871604127,0.14565622976666484,0.1695530699138676,0.00010067855464025099,0.5031329799325415,0.3152342530077885,-0.00074884617428039,7.6,0.0,0.075,0.185,0.115
0.724,12.0,3.0501655674995508e+16,-0.9470082692186128,0.33941912450694106,0.005145709574902795,0.3080390189536424,0.1319803726688847,-0.000712396490842035,-1.263795281286555,0.12937962761537103,0.005554172932300533,-0.9479837337603084,0.33273068598173666,0.005122857678968161,0.28531520429196155,0.1278275651196768,-0.0006391502781972243,-1.1770744853946884,0.18033082926177899,0.005413494803925027,-0.9375333519564567,0.3287391857092665,0.0050650901506729355,0.3707989052053012,0.17677731215378273,-0.0007881962876479758,-1.1755751374836623,0.17465665806518718,0.005388967337707948,-0.9488475417913561,0.17506143791000725,0.004495636278900115,0.5422305202743133,0.32547544929775946,-0.000869565755089363,-0.9660008069821051,0.3190617784792585,0.005125264377662639,0.06725951711417597,0.1716117570256556,0.0004205086246545588,0.14693258359122743,0.1695530699138676,9.558736058881101e-05,0.5037965112494261,0.3152342530077885,-0.0007515949076990118,7.6,0.0,0.075,0.185,0.115
0.726,12.0,3.0501655497993396e+16,-0.9470082692184782,0.33941912450694106,0.005145709574902216,0.30593704413706263,0.1319803726688847,-0.0007042345851390307,-1.268257122010827,0.12937962761537103,0.005572699635607703,-0.947983733760313,0.33273068598173666,0.00512285767896818,0.2829563253786743,0.1278275651196768,-0.000629950556689139,-1.1809410858509821,0.18033082926177899,0.005429621258625869,-0.9375333519540964,0.3287391857092665,0.005065090150662893,0.3677101115438876,0.17677731215378273,-0.0007760863722060738,-1.1783995675234717,0.17465665806518718,0.0054009271821953975,-0.9488483303614064,0.17506143791000725,0.004495635918805453,0.5415342881820036,0.32547544929775946,-0.0008670202839062153,-0.9695886076486959,0.3190617784792585,0.005140250341845455,0.06804068840103947,0.1716117570256556,0.00041740895964591853,0.14821241333363225,0.1695530699138676,9.048194529056065e-05,0.5044363540407797,0.3152342530077885,-0.0007542490329665505,7.6,0.0,0.075,0.185,0.115
0.728,12.0,3.050165556194377e+16,-0.9470082692183511,0.33941912450694106,0.0051457095749016775,0.3037735566809461,0.1319803726688847,-0.0006958266858727117,-1.2725486658323963,0.12937962761537103,0.005590546998504792,-0.947983733760316,0.33273068598173666,0.005122857678968199,0.28053852294065174,0.1278275651196768,-0.0006205150410359901,-1.1846422906834317,0.18033082926177899,0.005445087660451044,-0.9375333519518789,0.3287391857092665,0.005065090150653452,0.364560116176751,0.17677731215378273,-0.0007637311975604195,-1.1810582323092875,0.17465665806518718,0.005412224902354636,-0.9488494558619917,0.17506143791000725,0.004495639073085655,0.5407777034040514,0.32547544929775946,-0.0008642353555369764,-0.9730173778586185,0.3190617784792585,0.0051546015445118176,0.06882813166973668,0.1716117570256556,0.0004142842744984645,0.14949563878381886,0.1695530699138676,8.536262632094139e-05,0.5050524747693618,0.3152342530077885,-0.0007568084041319647,7.6,0.0,0.075,0.185,0.115
0.73,12.0,3.050165568400492e+16,-0.9470082692182326,0.33941912450694106,0.005145709574901168,0.3015485526652935,0.1319803726688847,-0.0006871727360482455,-1.276669473122037,0.12937962761537103,0.0056077131737910695,-0.9479837337603179,0.33273068598173666,0.00512285767896821,0.2780618319656901,0.1278275651196768,-0.0006108438312838997,-1.1881777389956631,0.18033082926177899,0.005459892479780843,-0.9375333519497961,0.3287391857092665,0.005065090150644582,0.3613490423546763,0.17677731215378273,-0.0007511312160918731,-1.1835509193117975,0.17465665806518718,0.005422859561497899,-0.9488473963068954,0.17506143791000725,0.004495643575087995,0.5399580537156693,0.32547544929775946,-0.0008612090164251678,-0.9762871716640436,0.3190617784792585,0.0051683166253515085,0.06962186351167952,0.1716117570256556,0.00041113450142367565,0.15078217892362988,0.1695530699138676,8.022972452019494e-05,0.505644842850369,0.3152342530077885,-0.000759272887046293,7.6,0.0,0.075,0.185,0.115
0.732,12.0,3.0501655600698104e+16,-0.9470082692181214,0.33941912450694106,0.005145709574900694,0.2992620385153347,0.1319803726688847,-0.0006782727199856352,-1.2806191264748092,0.12937962761537103,0.005624196402949633,-0.9479837337603204,0.33273068598173666,0.005122857678968218,0.2755262974288339,0.1278275651196768,-0.0006009370673840533,-1.1915470914425386,0.18033082926177899,0.005474034273029768,-0.9375333519478404,0.3287391857092665,0.00506509015063625,0.35807702348360276,0.17677731215378273,-0.0007382869208035743,-1.185877437666355,0.17465665806518718,0.005432830309507939,-0.9488465900835493,0.17506143791000725,0.004495635336867611,0.5390786035769641,0.32547544929775946,-0.0008579304176716394,-0.9793970671731079,0.3190617784792585,0.005181395800573208,0.07042190015762274,0.1716117570256556,0.00040795957405590427,0.15207195193507753,0.1695530699138676,7.508356396095084e-05,0.5062134306529776,0.3152342530077885,-0.0007616423593703221,7.6,0.0,0.075,0.185,0.115
0.734,12.0,3.049594115012353e+16,-0.9470082692180191,0.33941912450694106,0.00514570957490025,0.29691403101654534,0.1319803726688847,-0.0006691266633858001,-1.2843972307604217,0.12937962761537103,0.005639995016360722,-0.947983733760323,0.33273068598173666,0.005122857678968228,0.27293197430189375,0.1278275651196768,-0.0005907949292366284,-1.1947500302699228,0.18033082926177899,0.00548751168281727,-0.937533351946003,0.3287391857092665,0.005065090150628428,0.354744203122647,0.17677731215378273,-0.0007251988453192801,-1.1880376181922494,0.17465665806518718,0.005442136382926168,-0.948848257477967,0.17506143791000725,0.004495632111974226,0.5381402150828124,0.32547544929775946,-0.0008544126171168187,-0.9823465663057773,0.3190617784792585,0.005193835382609466,0.07122825747272192,0.1716117570256556,0.0004047594274721314,0.15336487520877276,0.1695530699138676,6.992447191516027e-05,0.5067582135015101,0.3152342530077885,-0.0007639167105807565,7.6,0.0,0.075,0.185,0.115
0.736,12.0,3.050165562112558e+16,-0.947008269217925,0.33941912450694106,0.0051457095748998405,0.2945045573281436,0.1319803726688847,-0.0006597346333906426,-1.2880034131706013,0.12937962761537103,0.00565510743350317,-0.9479837337603254,0.33273068598173666,0.005122857678968239,0.2702789275615047,0.1278275651196768,-0.0005804176367288678,-1.197786259351571,0.18033082926177899,0.005500323438126807,-0.9375333519442758,0.3287391857092665,0.005065090150621078,0.3513507349806885,0.17677731215378273,-0.000711867563875457,-1.1900313134089897,0.17465665806518718,0.005450777105029747,-0.9488484541271486,0.17506143791000725,0.004495638781551897,0.5371398886659042,0.32547544929775946,-0.0008506590631402118,-0.9851358384901647,0.3190617784792585,0.005205633379140143,0.07204095095158873,0.1716117570256556,0.0004015339982117347,0.15466086535251602,0.1695530699138676,6.475277882037933e-05,0.5072791696762277,0.3152342530077885,-0.0007660958419748862,7.6,0.0,0.075,0.185,0.115
0.738,12.0,3.049594127750708e+16,-0.9470082692178368,0.33941912450694106,0.005145709574899464,0.2920336549950729,0.1319803726688847,-0.0006500967386370356,-1.2914373232634928,0.12937962761537103,0.00566953216314389,-0.9479837337603283,0.33273068598173666,0.005122857678968249,0.26756723219571826,0.1278275651196768,-0.0005698054497673116,-1.2006555042231084,0.18033082926177899,0.005512468354453399,-0.9375333519426524,0.3287391857092665,0.00506509015061417,0.3478967829114896,0.17677731215378273,-0.000698293691307623,-1.1918583975496724,0.17465665806518718,0.005458751885896708,-0.948847664922714,0.17506143791000725,0.004495639568148623,0.5360779550618798,0.32547544929775946,-0.0008466577574725791,-0.9877645197097144,0.3190617784792585,0.005216790467877693,0.07285999571334426,0.1716117570256556,0.00039828322429626747,0.1559598382000483,0.1695530699138676,5.9568818245406276e-05,0.5077762804137483,0.3152342530077885,-0.0007681796666737566,7.6,0.0,0.075,0.185,0.115
0.74,12.0,3.0501655677214856e+16,-0.947008269217755,0.33941912450694106,0.005145709574899112,0.2895013719584716,0.1319803726688847,-0.0006402131293047527,-1.294698633005034,0.12937962761537103,0.005683267803515456,-0.9479837337603313,0.33273068598173666,0.00512285767896826,0.2647969732091207,0.1278275651196768,-0.0005589586683041658,-1.2033575121131288,0.18033082926177899,0.005523945333939549,-0.9375333519411272,0.3287391857092665,0.005065090150607675,0.34438252090731436,0.17677731215378273,-0.0006844778830308276,-1.1935187665714608,0.17465665806518718,0.005466060222459438,-0.9488475042824075,0.17506143791000725,0.004495636411330885,0.5349556018175992,0.32547544929775946,-0.0008424100230564816,-0.9902321256313139,0.3190617784792585,0.005227305192755892,0.07368540649667103,0.1716117570256556,0.00039500704524924533,0.1572617088199616,0.1695530699138676,5.437292685527717e-05,0.5082495299070892,0.3152342530077885,-0.0007701681096238393,7.6,0.0,0.075,0.185,0.115
0.742,12.0,3.0501655503548776e+16,-0.9470082692176791,0.33941912450694106,0.005145709574898785,0.2869077665646107,0.1319803726688847,-0.0006300839971583476,-1.2977870368073674,0.12937962761537103,0.00569631304248162,-0.9479837337603328,0.33273068598173666,0.005122857678968272,0.2619682456264831,0.1278275651196768,-0.0005478776323577756,-1.2058920519713878,0.18033082926177899,0.005534753365499631,-0.937533351939694,0.3287391857092665,0.005065090150601575,0.3408081330910595,0.17677731215378273,-0.0006704208350141266,-1.195012338163154,0.17465665806518718,0.005472701698546592,-0.9488482358590367,0.17506143791000725,0.004495635768769659,0.5337730140809516,0.32547544929775946,-0.0008379206100793588,-0.9925383621881472,0.3190617784792585,0.00523717561644229,0.07451719765486445,0.1716117570256556,0.00039170540211593826,0.15856639152476754,0.1695530699138676,4.916544437562398e-05,0.5086989053053351,0.3152342530077885,-0.0007720611075972026,7.6,0.0,0.075,0.185,0.115
0.744,12.0,3.0501655570190216e+16,-0.9470082692176085,0.33941912450694106,0.005145709574898481,0.28425290757231625,0.1319803726688847,-0.000619709575582904,-1.3007022515642235,0.12937962761537103,0.005708666657690953,-0.9479837337603328,0.33273068598173666,0.005122857678968278,0.25908115449494884,0.1278275651196768,-0.0005365627220272251,-1.2082589144940696,0.18033082926177899,0.005544891524932667,-0.9375333519383469,0.3287391857092665,0.005065090150595843,0.33717381370694105,0.17677731215378273,-0.0006561232837491071,-1.1963390517498251,0.17465665806518718,0.005478675984913365,-0.9488493157337246,0.17506143791000725,0.004495638695076176,0.5325297808091298,0.32547544929775946,-0.0008331902591327684,-0.994683057126125,0.3190617784792585,0.005246400562669623,0.0753553831508843,0.1716117570256556,0.0003883782374831646,0.15987379988012324,0.1695530699138676,4.394671355640023e-05,0.5091243967129331,0.3152342530077885,-0.0007738586091901865,7.6,0.0,0.075,0.185,0.115
0.746,12.0,3.0501655694410336e+16,-0.9470082692175429,0.33941912450694106,0.0051457095748981985,0.28153687415886003,0.1319803726688847,-0.0006090901396137261,-1.3034440166833121,0.12937962761537103,0.005720327516718378,-0.9479837337603318,0.33273068598173666,0.005122857678968278,0.25613581488473935,0.1278275651196768,-0.0005250143575010882,-1.2104579121461658,0.18033082926177899,0.005554358975023394,-0.9375333519370811,0.3287391857092665,0.005065090150590454,0.33347976710965216,0.17677731215378273,-0.0006415860062126333,-1.1974988684945667,0.17465665806518718,0.00548398283926005,-0.948847220027059,0.17506143791000725,0.004495643014574928,0.5312232661645456,0.32547544929775946,-0.0008282173260454815,-0.9966664319195848,0.3190617784792585,0.005254979342421535,0.07619997655240723,0.1716117570256556,0.00038502549549908517,0.16118384671421282,0.1695530699138676,3.871708013497743e-05,0.5095259971886125,0.3152342530077885,-0.0007755605748205783,7.6,0.0,0.075,0.185,0.115
0.748,12.0,3.050165565028575e+16,-0.9470082692174817,0.33941912450694106,0.005145709574897936,0.2787597559243278,0.1319803726688847,-0.0005982260059599013,-1.306012094115686,0.12937962761537103,0.0057312945771947335,-0.9479837337603306,0.33273068598173666,0.005122857678968275,0.2531323518883885,0.1278275651196768,-0.0005132329990602502,-1.2124888791809354,0.18033082926177899,0.005563154965631779,-0.9375333519358918,0.3287391857092665,0.005065090150585391,0.3297262077520804,0.17677731215378273,-0.0006268098198234777,-1.1984917712973093,0.17465665806518718,0.005488622106239015,-0.9488461923242566,0.17506143791000725,0.004495634631748265,0.5298566703107432,0.32547544929775946,-0.0008229912674671447,-0.9984877584542038,0.3190617784792585,0.005262912841595373,0.07705099102688064,0.1716117570256556,0.00038164712189299346,0.1624964441272837,0.1695530699138676,3.3476892798619095e-05,0.5099037027439317,0.3152342530077885,-0.0007771669767232958,7.6,0.0,0.075,0.185,0.115
0.75,12.0,3.050165555160736e+16,-0.9470082692174259,0.33941912450694106,0.005145709574897691,0.27592165289445864,0.1319803726688847,-0.0005871175330217723,-1.3084062683820907,0.12937962761537103,0.005741566886924229,-0.9479837337603294,0.33273068598173666,0.005122857678968269,0.25007090061850556,0.1278275651196768,-0.0005012191470748469,-1.2143516716564473,0.18033082926177899,0.005571278833770858,-0.9375333519347738,0.3287391857092665,0.005065090150580634,0.32591336017153627,0.17677731215378273,-0.0006117955823931907,-1.1993177647907314,0.17465665806518718,0.005492593717449986,-0.9488478578187218,0.17506143791000725,0.004495630520937055,0.5284312396548488,0.32547544929775946,-0.0008175248840519352,-1.0001466571017763,0.3190617784792585,0.005270198147733849,0.07790843933657894,0.1716117570256556,0.00037824306399509986,0.1638115035013362,0.1695530699138676,2.822650314633557e-05,0.5102575123414518,0.3152342530077885,-0.0007786777989445728,7.6,0.0,0.075,0.185,0.115
0.752,12.0,3.0501655643936076e+16,-0.9470082692173759,0.33941912450694106,0.005145709574897467,0.2730226755219519,0.1319803726688847,-0.0005757651209022957,-1.3106263465962968,0.12937962761537103,0.005751143583989848,-0.9479837337603281,0.33273068598173666,0.005122857678968264,0.2469516062040608,0.1278275651196768,-0.0004889733419953151,-1.2160461674492098,0.18033082926177899,0.005578730003672905,-0.937533351933723,0.3287391857092665,0.005065090150576161,0.3220414589744875,0.17677731215378273,-0.0005965441920710142,-1.1999768753332571,0.17465665806518718,0.005495897691423674,-0.9488480669983094,0.17506143791000725,0.004495637182914916,0.5269438980681276,0.32547544929775946,-0.0008118231614283576,-1.0016434905427485,0.3190617784792585,0.005276833742324139,0.07877233383366297,0.1716117570256556,0.00037481327075630663,0.16512893550996535,0.1695530699138676,2.2966265650125605e-05,0.5105874278925372,0.3152342530077885,-0.0007800930373346531,7.6,0.0,0.075,0.185,0.115
0.754,12.0,3.049594157838737e+16,-0.9470082692173313,0.33941912450694106,0.005145709574897268,0.27006294468625003,0.1319803726688847,-0.0005641692114122689,-1.312672158485399,0.12937962761537103,0.005760023896846672,-0.947983733760327,0.33273068598173666,0.005122857678968259,0.2437746237851975,0.1278275651196768,-0.00047649616433753596,-1.2175722662648807,0.18033082926177899,0.005585507986843955,-0.9375333519327371,0.3287391857092665,0.005065090150571958,0.3181107488198542,0.17677731215378273,-0.0005810565872828191,-1.2004691509991448,0.17465665806518718,0.005498534133593777,-0.9488472901898715,0.17506143791000725,0.004495638019633266,0.5253950455730653,0.32547544929775946,-0.0008058737950814725,-1.0029780658383325,0.3190617784792585,0.005282821076088027,0.07964268645524311,0.1716117570256556,0.0003713576927679705,0.16644865012835347,0.1695530699138676,1.7696537615608964e-05,0.5108934542547842,0.3152342530077885,-0.0007814126995389948,7.6,0.0,0.075,0.185,0.115
0.756,12.0,3.049594007012253e+16,-0.94700826921729,0.33941912450694106,0.005145709574897089,0.26704259169178746,0.1319803726688847,-0.0005523302880694613,-1.3145435564070966,0.12937962761537103,0.00576820714440308,-0.9479837337603271,0.33273068598173666,0.005122857678968255,0.24054011850656887,0.1278275651196768,-0.00046378823466208276,-1.2189298896460563,0.18033082926177899,0.005591612382106638,-0.9375333519318102,0.3287391857092665,0.005065090150568015,0.3141214844007842,0.17677731215378273,-0.0005653337466642859,-1.2007946615656608,0.17465665806518718,0.005500503236257327,-0.9488491588230686,0.17506143791000725,0.004495634912399515,0.5237874643857389,0.32547544929775946,-0.0007996783851012232,-1.0041498168113,0.3190617784792585,0.005288159377270364,0.08051950871844701,0.1716117570256556,0.00036787628228164993,0.1677705566434121,0.1695530699138676,1.2417679142056493e-05,0.5111755992290774,0.3152342530077885,-0.0007826368049879826,7.6,0.0,0.075,0.185,0.115
0.758,12.0,3.0501655462613756e+16,-0.9470082692172522,0.33941912450694106,0.005145709574896924,0.2639617582646948,0.1319803726688847,-0.000540248876091611,-1.3162404153639642,0.12937962761537103,0.005775692736089871,-0.947983733760328,0.33273068598173666,0.005122857678968255,0.23724826550920136,0.1278275651196768,-0.0004508502135475683,-1.2201189809771393,0.18033082926177899,0.005597042875631341,-0.9375333519309378,0.3287391857092665,0.005065090150564307,0.31007393042499054,0.17677731215378273,-0.0005493766889880058,-1.200953498497353,0.17465665806518718,0.005501805278523392,-0.9488511427928707,0.17506143791000725,0.004495642386932303,0.5221193227063977,0.32547544929775946,-0.0007932480603519177,-1.005158967297977,0.3190617784792585,0.005292846381162233,0.08140281171549281,0.1716117570256556,0.0003643689932288343,0.16909456366407208,0.1695530699138676,7.1300530818220185e-06,0.5114338735562756,0.3152342530077885,-0.0007837653848851556,7.6,0.0,0.075,0.185,0.115
0.76,12.0,3.0501655544052756e+16,-0.9470082692172167,0.33941912450694106,0.0051457095748967735,0.2608205965479845,0.1319803726688847,-0.0005279255423832404,-1.3177626330146643,0.12937962761537103,0.00578248017191734,-0.9479837337603283,0.33273068598173666,0.005122857678968258,0.23389924992087613,0.1278275651196768,-0.00043768280155809827,-1.221139505486288,0.18033082926177899,0.005601799240955673,-0.9375333519301167,0.3287391857092665,0.005065090150560817,0.3059683615936033,0.17677731215378273,-0.0005331864730848312,-1.2009457749274126,0.17465665806518718,0.00550244062625016,-0.9488497689511295,0.17506143791000725,0.004495650322811512,0.5203880904809808,0.32547544929775946,-0.000786575493634553,-1.0060058798003346,0.3190617784792585,0.005296882983108942,0.08229260610876837,0.1716117570256556,0.00036083578124065116,0.1704205791317204,0.1695530699138676,1.83402499918206e-06,0.5116682909135262,0.3152342530077885,-0.0007847984821939483,7.6,0.0,0.075,0.185,0.115
0.762,12.0,3.049594125329081e+16,-0.9470082692171828,0.33941912450694106,0.005145709574896631,0.25761926909519406,0.1319803726688847,-0.0005153608955163992,-1.3191101296821441,0.12937962761537103,0.005788569042520141,-0.9479837337603285,0.33273068598173666,0.00512285767896826,0.23049326684505683,0.1278275651196768,-0.0004242867392047973,-1.2219914502444396,0.18033082926177899,0.0056058813389922675,-0.9375333519293445,0.3287391857092665,0.005065090150557532,0.30180506257855433,0.17677731215378273,-0.0005167641977592823,-1.2007716256361392,0.17465665806518718,0.005502409731970399,-0.948845682715729,0.17506143791000725,0.004495644827444547,0.5185943390226814,0.32547544929775946,-0.0007796505647328854,-1.0066904244628778,0.3190617784792585,0.005300270633118372,0.08318890212591763,0.1716117570256556,0.0003572766036675489,0.17174851033078203,0.1695530699138676,-3.4700368714112305e-06,0.5118788679102105,0.3152342530077885,-0.0007857361516229506,7.6,0.0,0.075,0.185,0.115
0.764,12.0,3.049594047516005e+16,-0.9470082692171512,0.33941912450694106,0.005145709574896496,0.25435794886251856,0.1319803726688847,-0.0005025555857052374,-1.3202828483587847,0.12937962761537103,0.005793959029190061,-0.9479837337603286,0.33273068598173666,0.005122857678968261,0.22703052134831733,0.1278275651196768,-0.00041066280690152016,-1.2226748241614176,0.18033082926177899,0.005609289118024874,-0.9375333519286194,0.3287391857092665,0.005065090150554444,0.2975843279984946,0.17677731215378273,-0.0005001110016990864,-1.200431207026502,0.17465665806518718,0.005501713134805305,-0.948846885250429,0.17506143791000725,0.004495628482502945,0.5167441733952141,0.32547544929775946,-0.0007724755588996877,-1.0072115766627256,0.3190617784792585,0.005303008811768545,0.08409170955493461,0.1716117570256556,0.00035369141959895183,0.17307826389944578,0.1695530699138676,-8.781761667657762e-06,0.5120656240835196,0.3152342530077885,-0.0007865784596096881,7.6,0.0,0.075,0.185,0.115
0.766,12.0,3.050165555722659e+16,-0.9470082692171213,0.33941912450694106,0.005145709574896369,0.25103681919938325,0.1319803726688847,-0.0004895103047745354,-1.3212807547085332,0.12937962761537103,0.005798649903896623,-0.9479837337603287,0.33273068598173666,0.005122857678968261,0.22351122844631194,0.1278275651196768,-0.0003968118249145621,-1.2231896579791162,0.18033082926177899,0.005612022613692786,-0.9375333519279383,0.3287391857092665,0.005065090150551545,0.29330646239324654,0.17677731215378273,-0.0004832280633788475,-1.199924697096809,0.17465665806518718,0.0055003514603667565,-0.9488519885819577,0.17506143791000725,0.004495633292641746,0.5148366585560495,0.32547544929775946,-0.0007650748963898184,-1.0075695025804063,0.3190617784792585,0.005305093420567937,0.08500103773926616,0.1716117570256556,0.00035008018988288395,0.1744097458405322,0.1695530699138676,-1.4100775942312738e-05,0.5122285818936612,0.3152342530077885,-0.0007873254843029245,7.6,0.0,0.075,0.185,0.115
0.768,12.0,3.0501655346321564e+16,-0.9470082692170936,0.33941912450694106,0.00514570957489625,0.24765607383750682,0.1319803726688847,-0.0004762257861219942,-1.322103837065994,0.12937962761537103,0.005802641529295617,-0.9479837337603291,0.33273068598173666,0.005122857678968262,0.21993561308827675,0.1278275651196768,-0.00038273465330654056,-1.2235360042617662,0.18033082926177899,0.00561408194896358,-0.9375333519272988,0.3287391857092665,0.0050650901505488195,0.28897178019679604,0.17677731215378273,-0.00046611660095785524,-1.199252295410481,0.17465665806518718,0.005498325420647984,-0.948853130333583,0.17506143791000725,0.00449565370596786,0.5128660066955352,0.32547544929775946,-0.0007574448370331604,-1.0077651955455538,0.3190617784792585,0.00530652512423866,0.08591689557292405,0.1716117570256556,0.0003464428771455577,0.17574286153250251,0.1695530699138676,-1.9426703706658446e-05,0.5123677667186995,0.3152342530077885,-0.0007879773155434906,7.6,0.0,0.075,0.185,0.115
0.77,12.0,3.0501655468190132e+16,-0.9470082692170667,0.33941912450694106,0.0051457095748961386,0.24421591687840652,0.1319803726688847,-0.00046270280467448845,-1.322752106432493,0.12937962761537103,0.005805933858725461,-0.9479837337603289,0.33273068598173666,0.0051228576789682624,0.2163039101400522,0.1278275651196768,-0.0003684321918743998,-1.2237139373832833,0.18033082926177899,0.005615467334094181,-0.9375333519266971,0.3287391857092665,0.005065090150546262,0.2845806057088274,0.17677731215378273,-0.00044877787217205325,-1.1984142230629429,0.17465665806518718,0.005495635813902672,-0.9488510626347124,0.17506143791000725,0.0044956582729743615,0.5108329092849376,0.32547544929775946,-0.0007495622295911029,-1.0077985975481534,0.3190617784792585,0.005307307896099249,0.08683929149560737,0.1716117570256556,0.0003427794458109262,0.17707751574060634,0.1695530699138676,-2.4759166474539684e-05,0.5124832068490286,0.3152342530077885,-0.0007885340548436442,7.6,0.0,0.075,0.185,0.115
0.772,12.0,3.0495940673571548e+16,-0.9470082692170408,0.33941912450694106,0.005145709574896031,0.24071656277940987,0.1319803726688847,-0.0004489421768380872,-1.3232255964691053,0.12937962761537103,0.005808526936191456,-0.9479837337603291,0.33273068598173666,0.005122857678968262,0.21261636436564196,0.1278275651196768,-0.00035390538008150165,-1.2237235535116986,0.18033082926177899,0.005616179066580249,-0.9375333519261316,0.3287391857092665,0.005065090150543855,0.28013327306480157,0.17677731215378273,-0.0004312131742201788,-1.1974107226456279,0.17465665806518718,0.00549228352451252,-0.9488464067621639,0.17506143791000725,0.004495650002178879,0.5087379697933915,0.32547544929775946,-0.0007414298399487127,-1.007669688229615,0.3190617784792585,0.005307441504109648,0.08776823348783612,0.1716117570256556,0.0003390898621201929,0.17841361262816746,0.1695530699138676,-3.0097783306955008e-05,0.5125749334814786,0.3152342530077885,-0.0007889958153649604,7.6,0.0,0.075,0.185,0.115
0.774,12.0,3.0495940269094524e+16,-0.9470082692170171,0.33941912450694106,0.005145709574895928,0.23715823633809036,0.1319803726688847,-0.0004349447604421006,-1.3235243634866491,0.12937962761537103,0.005810420896337906,-0.947983733760329,0.33273068598173666,0.0051228576789682624,0.2088732304073037,0.1278275651196768,-0.00033915519698386065,-1.2235649705906793,0.18033082926177899,0.00561621753109391,-0.937533351925601,0.3287391857092665,0.0050650901505415935,0.2756301262045772,0.17677731215378273,-0.0004134238436440754,-1.1962420582071043,0.17465665806518718,0.0054882695228432605,-0.9488471436054656,0.17506143791000725,0.0044956313786886845,0.506587332580013,0.32547544929775946,-0.0007330500819825281,-1.0073775541000984,0.3190617784792585,0.005306925866835494,0.0887037290660967,0.1716117570256556,0.0003353740941512779,0.17975105576800518,0.1695530699138676,-3.544217085719947e-05,0.5126429807130588,0.3152342530077885,-0.0007893627218947606,7.6,0.0,0.075,0.185,0.115
0.776,12.0,3.050165556439185e+16,-0.9470082692169948,0.33941912450694106,0.005145709574895832,0.23354117267522656,0.1319803726688847,-0.0004207114546768226,-1.3236484864326608,0.12937962761537103,0.00581161596440808,-0.947983733760329,0.33273068598173666,0.0051228576789682624,0.20507477276417818,0.1278275651196768,-0.00032418266115050767,-1.223238328318135,0.18033082926177899,0.005615583199409833,-0.937533351925103,0.3287391857092665,0.00506509015053947,0.2710715188395878,0.17677731215378273,-0.00039541125620317795,-1.1949085152113332,0.17465665806518718,0.005483594865089166,-0.9488518681571051,0.17506143791000725,0.004495634326061891,0.50438009888058,0.32547544929775946,-0.0007244475331290142,-1.0069224693334213,0.3190617784792585,0.005305757330317427,0.08964578527800038,0.1716117570256556,0.00033163211183823556,0.18108974815399034,0.1695530699138676,-4.079194341655035e-05,0.5126873855343347,0.3152342530077885,-0.0007896349108210812,7.6,0.0,0.075,0.185,0.115
0.778,12.0,3.0501655371355068e+16,-0.9470082692169731,0.33941912450694106,0.005145709574895744,0.22986561721619744,0.1319803726688847,-0.0004062432000253674,-1.3235980668753318,0.12937962761537103,0.005812112456192127,-0.947983733760329,0.33273068598173666,0.0051228576789682624,0.20122126576945382,0.1278275651196768,-0.0003089888305780055,-1.2227437881219196,0.18033082926177899,0.0056142766303196555,-0.9375333519246362,0.3287391857092665,0.005065090150537478,0.2664578144185677,0.17677731215378273,-0.0003771768267432203,-1.1934104004930532,0.17465665806518718,0.005478260693106082,-0.9488527037351989,0.17506143791000725,0.004495653224268449,0.5021105152776748,0.32547544929775946,-0.0007156185983312822,-1.0063055329227615,0.3190617784792585,0.005303936991250719,0.09059440869745537,0.1716117570256556,0.0003278638869906209,0.18242959221273394,0.1695530699138676,-4.6146712960491e-05,0.5127081878224441,0.3152342530077885,-0.0007898125301061847,7.6,0.0,0.075,0.185,0.115
0.78,12.0,3.050165550771666e+16,-0.947008269216952,0.33941912450694106,0.005145709574895656,0.226131825670869,0.1319803726688847,-0.00039154097818925096,-1.323373228984426,0.12937962761537103,0.005811910777962811,-0.9479837337603289,0.33273068598173666,0.0051228576789682624,0.19731299356606843,0.1278275651196768,-0.00029357480259910806,-1.2220815331326258,0.18033082926177899,0.005612298469534795,-0.937533351924198,0.3287391857092665,0.00506509015053561,0.26178938609184366,0.17677731215378273,-0.0003587220090591399,-1.191748042210314,0.17465665806518718,0.005472268234232962,-0.9488503904611116,0.17506143791000725,0.004495656566580825,0.4997793143746629,0.32547544929775946,-0.0007065402639196614,-1.005526794710178,0.3190617784792585,0.0053014692456080795,0.09154960541985367,0.1716117570256556,0.0003240693933128009,0.1837704898154066,0.1695530699138676,-5.15060891954654e-05,0.5127054303337503,0.3152342530077885,-0.0007898957392586224,7.6,0.0,0.075,0.185,0.115
0.782,12.0,3.049594137052376e+16,-0.9470082692169322,0.33941912450694106,0.005145709574895572,0.22234006401194997,0.1319803726688847,-0.0003766058120079372,-1.3229741195091695,0.12937962761537103,0.005811011426399189,-0.9479837337603291,0.33273068598173666,0.005122857678968262,0.19335025008095724,0.1278275651196768,-0.00027794171378556654,-1.22125176815348,0.18033082926177899,0.005609649449577619,-0.9375333519237856,0.3287391857092665,0.005065090150533858,0.25706661667419334,0.17677731215378273,-0.00034004829575224373,-1.1899217897941572,0.17465665806518718,0.005465618801102004,-0.9488455395317996,0.17506143791000725,0.0044956473134844755,0.49738714208797924,0.32547544929775946,-0.0006972154603076137,-1.0045863418391414,0.3190617784792585,0.005298354292757746,0.09251138105727336,0.1716117570256556,0.0003202486064232077,0.18511234228968748,0.1695530699138676,-5.686967960615608e-05,0.5126791586961347,0.3152342530077885,-0.000789884709303847,7.6,0.0,0.075,0.185,0.115
0.784,12.0,3.0495941088746356e+16,-0.9470082692169131,0.33941912450694106,0.005145709574895493,0.2184906084518452,0.1319803726688847,-0.00036143876537226107,-1.3224009077531338,0.12937962761537103,0.005809414988498162,-0.9479837337603293,0.33273068598173666,0.0051228576789682624,0.18933333899784466,0.1278275651196768,-0.0002620907398451218,-1.2202547196273432,0.18033082926177899,0.005606330389661036,-0.9375333519233975,0.3287391857092665,0.005065090150532209,0.2522898986062527,0.17677731215378273,-0.00032115721808164245,-1.1879320138954366,0.17465665806518718,0.005458313791437378,-0.9488461233710448,0.17506143791000725,0.004495627909767228,0.4949401911906737,0.32547544929775946,-0.0006876467711608792,-1.00348337044384,0.3190617784792585,0.0052945924812736,0.09347974073369733,0.1716117570256556,0.00031640150387352896,0.1864550504318406,0.1695530699138676,-6.223708950327955e-05,0.51262942140093,0.3152342530077885,-0.0007897796227533847,7.6,0.0,0.075,0.185,0.115
0.786,12.0,3.050165563145311e+16,-0.9470082692168961,0.33941912450694106,0.005145709574895417,0.21458374541796862,0.1319803726688847,-0.000346040943131842,-1.3216537855460868,0.12937962761537103,0.00580712214147402,-0.9479837337603289,0.33273068598173666,0.005122857678968263,0.18526257372858207,0.1278275651196768,-0.00024602309551267145,-1.2190906356008167,0.18033082926177899,0.005602342195556488,-0.937533351923033,0.3287391857092665,0.005065090150530656,0.24745963391451015,0.17677731215378273,-0.00030205034580988,-1.1857791063288121,0.17465665806518718,0.005450354687842495,-0.9488507298751421,0.17506143791000725,0.004495630245124209,0.4924376061776903,0.32547544929775946,-0.0006778589675716568,-1.0022182609948114,0.3190617784792585,0.005290180595692393,0.09445468908024947,0.1716117570256556,0.00031252806516783306,0.18779851451891694,0.1695530699138676,-6.760792207189203e-05,0.5125562697944956,0.3152342530077885,-0.0007895806735725661,7.6,0.0,0.075,0.185,0.115
0.788,12.0,3.050165544330014e+16,-0.9470082692168804,0.33941912450694106,0.005145709574895348,0.21061977152654976,0.1319803726688847,-0.00033041349099633565,-1.3207329672128416,0.12937962761537103,0.005804133652645831,-0.9479837337603287,0.33273068598173666,0.005122857678968262,0.18113827738304678,0.1278275651196768,-0.00022974003443562108,-1.2177597856854674,0.18033082926177899,0.005597685859450382,-0.9375333519226909,0.3287391857092665,0.005065090150529198,0.24257623416987142,0.17677731215378273,-0.0002827292870429097,-1.1834634800139103,0.17465665806518718,0.0054417430575759975,-0.9488514764173103,0.17506143791000725,0.004495648671140598,0.48987367331706644,0.32547544929775946,-0.0006678486275197233,-1.0007922163435072,0.3190617784792585,0.005285120157896279,0.09543623023044893,0.1716117570256556,0.0003086282717816245,0.18914263432108042,0.1695530699138676,-7.298177842019737e-05,0.512459758069435,0.3152342530077885,-0.0007892880671468285,7.6,0.0,0.075,0.185,0.115
0.79,12.0,3.0501655583737384e+16,-0.947008269216866,0.33941912450694106,0.005145709574895286,0.20659899355493297,0.1319803726688847,-0.0003145575954306602,-1.3196386895390968,0.12937962761537103,0.0058004503793128515,-0.9479837337603291,0.33273068598173666,0.005122857678968262,0.1769607827375768,0.1278275651196768,-0.0002132428490534799,-1.2162624610161616,0.18033082926177899,0.0055923624597889856,-0.937533351922369,0.3287391857092665,0.00506509015052783,0.2376401204448088,0.17677731215378273,-0.00026319568806435476,-1.1809855689136637,0.17465665806518718,0.00543248055231639,-0.9488490981276658,0.17506143791000725,0.00449565165730927,0.4872491712324133,0.32547544929775946,-0.000657592896077228,-0.9992053927943799,0.3190617784792585,0.005279415979291063,0.09642436781548382,0.1716117570256556,0.0003047021071808266,0.19048730911405606,0.1695530699138676,-7.835825762885129e-05,0.5123399432554582,0.3152342530077885,-0.000788902020246586,7.6,0.0,0.075,0.185,0.115
0.792,12.0,3.0501655516386864e+16,-0.9470082692168524,0.33941912450694106,0.005145709574895229,0.20252172841236438,0.1319803726688847,-0.00029847448354419304,-1.318371211734276,0.12937962761537103,0.005796073268617871,-0.9479837337603291,0.33273068598173666,0.0051228576789682624,0.1727304322019738,0.1278275651196768,-0.00019653287047159996,-1.214598974206528,0.18033082926177899,0.005586373161111762,-0.9375333519220672,0.3287391857092665,0.005065090150526542,0.23265172326909053,0.17677731215378273,-0.00024345123316410434,-1.1783458279698271,0.17465665806518718,0.0054225689079154035,-0.9488480238148506,0.17506143791000725,0.0044956421441506925,0.4845676691550813,0.32547544929775946,-0.0006470948877386153,-0.9974575112021938,0.3190617784792585,0.005273068685094554,0.09741910495950482,0.1716117570256556,0.0003007495568406871,0.19183243769169822,0.1695530699138676,-8.373695680075389e-05,0.5121968852098896,0.3152342530077885,-0.0007884227609906787,7.6,0.0,0.075,0.185,0.115
0.794,12.0,3.0501655669131468e+16,-0.9470082692168402,0.33941912450694106,0.005145709574895174,0.19838830310926953,0.1319803726688847,-0.00028216542297391866,-1.3169308153913653,0.12937962761537103,0.005791003357398589,-0.9479837337603291,0.33273068598173666,0.0051228576789682624,0.1684475777850825,0.1278275651196768,-0.00017961146832918794,-1.212769659301563,0.18033082926177899,0.005579719213873228,-0.9375333519217821,0.3287391857092665,0.005065090150525335,0.22761148258410452,0.17677731215378273,-0.00022349764446123123,-1.1755447330356994,0.17465665806518718,0.0054120099441400575,-0.9488476418638722,0.17506143791000725,0.004495637846899431,0.48182895198958803,0.32547544929775946,-0.0006363688794292874,-0.9955489365619609,0.3190617784792585,0.0052660771587258095,0.09842044427494008,0.1716117570256556,0.0002967706082646031,0.19317791837867734,0.1695530699138676,-8.911747111132251e-05,0.5120306466078229,0.3152342530077885,-0.0007878505288084044,7.6,0.0,0.075,0.185,0.115
0.796,12.0,3.0501655506073404e+16,-0.9470082692168297,0.33941912450694106,0.0051457095748951255,0.19419905472503118,0.1319803726688847,-0.00026563172176153927,-1.3153178044437626,0.12937962761537103,0.005785241772026945,-0.9479837337603292,0.33273068598173666,0.0051228576789682624,0.1641125810589133,0.1278275651196768,-0.00016248005066162274,-1.2107748717273576,0.18033082926177899,0.005572401954253368,-0.937533351921515,0.3287391857092665,0.005065090150524195,0.22251984769578256,0.17677731215378273,-0.00020333668172128717,-1.1725827808060394,0.17465665806518718,0.005400805564403546,-0.9488481933459472,0.17506143791000725,0.004495636319095517,0.47903345743212644,0.32547544929775946,-0.0006254140107673143,-0.9934799500089809,0.3190617784792585,0.005258442860164878,0.09942838785783206,0.1716117570256556,0.00029276525100286206,0.1945236490432831,0.1695530699138676,-9.4499393859239e-05,0.5118412929319245,0.3152342530077885,-0.0007871855744001377,7.6,0.0,0.075,0.185,0.115
0.798,12.0,3.050165558128704e+16,-0.9470082692168211,0.33941912450694106,0.005145709574895083,0.18995433037427026,0.1319803726688847,-0.0002488747282245859,-1.3135325051191429,0.12937962761537103,0.005778789728236534,-0.947983733760329,0.33273068598173666,0.005122857678968263,0.1597258131213469,0.1278275651196768,-0.000145140063756946,-1.208614988237976,0.18033082926177899,0.005564422803956547,-0.9375333519212635,0.3287391857092665,0.0050650901505231265,0.2173772772261172,0.17677731215378273,-0.00018297014216799934,-1.1694604887442013,0.17465665806518718,0.005388957755484906,-0.948849127562109,0.17506143791000725,0.0044956385250238175,0.47618103537812556,0.32547544929775946,-0.000614232032537468,-0.9912509507185114,0.3190617784792585,0.005250166913952958,0.10044293728319742,0.1716117570256556,0.0002887334766712941,0.1958695271103419,0.1695530699138676,-9.988231651766199e-05,0.5116288924618866,0.3152342530077885,-0.0007864281596965439,7.6,0.0,0.075,0.185,0.115
0.8,12.0,3.0495940258324096e+16,-0.9470082692168134,0.33941912450694106,0.005145709574895049,0.1856544871716268,0.1319803726688847,-0.0002318958308215422,-1.3115752658903412,0.12937962761537103,0.0057716485309380556,-0.9479837337603291,0.33273068598173666,0.0051228576789682624,0.15528765455741253,0.1278275651196768,-0.0001275929920066804,-1.2062904068594855,0.18033082926177899,0.00555578326999902,-0.9375333519210274,0.3287391857092665,0.00506509015052212,0.21218423906330106,0.17677731215378273,-0.00016239986028933784,-1.1661783950064952,0.17465665806518718,0.005376468587237553,-0.9488469149401636,0.17506143791000725,0.004495642261888465,0.4732693022207118,0.32547544929775946,-0.0006028223443214644,-0.9888627265725048,0.3190617784792585,0.00524125091679108,0.10146409360041081,0.1716117570256556,0.0002846752789698327,0.19721544957424708,0.1695530699138676,-0.00010526582878589719,0.5113935162635326,0.3152342530077885,-0.0007855785578163924,7.6,0.0,0.075,0.185,0.115
0.802,12.0,3.050165556631697e+16,-0.9470082692168069,0.33941912450694106,0.005145709574895018,0.18129989219505105,0.1319803726688847,-0.00021469645801096838,-1.3094464574232603,0.12937962761537103,0.005763819574022849,-0.9479837337603292,0.33273068598173666,0.0051228576789682624,0.15079849539914114,0.1278275651196768,-0.00010984035775094292,-1.203801546831144,0.18033082926177899,0.005546484944485058,-0.9375333519208056,0.3287391857092665,0.005065090150521176,0.20694121031046944,0.17677731215378273,-0.00014162770763807332,-1.1627370583637784,0.17465665806518718,0.005363340212286729,-0.9488476112038942,0.17506143791000725,0.004495633411400683,0.4703031047403411,0.32547544929775946,-0.0005911754116918093,-0.9863149039604693,0.3190617784792585,0.005231698020207054,0.10249185732861374,0.1716117570256556,0.00028059065370097914,0.19856131301209973,0.1695530699138676,-0.00011064951864151796,0.5111352381775746,0.3152342530077885,-0.0007846370530229762,7.6,0.0,0.075,0.185,0.115
0.804,12.0,3.049594015582207e+16,-0.9470082692168015,0.33941912450694106,0.005145709574894992,0.1768909224476082,0.1319803726688847,-0.00019727807810466537,-1.3071464725218167,0.12937962761537103,0.005755304340154525,-0.9479837337603289,0.33273068598173666,0.005122857678968263,0.1462587350840123,0.1278275651196768,-9.188372111785736e-05,-1.2011488485437634,0.18033082926177899,0.005536529504371692,-0.9375333519205966,0.3287391857092665,0.0050650901505202885,0.20164867723307286,0.17677731215378273,-0.00012065559262674686,-1.1591370581202978,0.17465665806518718,0.005349574865715862,-0.9488470365830539,0.17506143791000725,0.004495636196455606,0.46727958735603387,0.32547544929775946,-0.0005793106217703266,-0.9836083917793763,0.3190617784792585,0.005221506729758911,0.10352622845214927,0.1716117570256556,0.0002764795987881674,0.19990701359695776,0.1695530699138676,-0.00011603297239292854,0.5108541348080262,0.3152342530077885,-0.0007836039406791442,7.6,0.0,0.075,0.185,0.115
0.806,12.0,3.050165548091653e+16,-0.9470082692167965,0.33941912450694106,0.00514570957489497,0.1724279648178086,0.1319803726688847,-0.000179642199114894,-1.3046757260699358,0.12937962761537103,0.0057461044005487506,-0.9479837337603291,0.33273068598173666,0.005122857678968262,0.1416687824119783,0.1278275651196768,-7.372467985734199e-05,-1.198332773475235,0.18033082926177899,0.005525918711222169,-0.9375333519204002,0.3287391857092665,0.005065090150519452,0.19630713520485807,0.17677731215378273,-9.948546031716054e-05,-1.155378994029766,0.17465665806518718,0.00533517486474194,-0.9488490591845138,0.17506143791000725,0.004495633897972245,0.4642019694798556,0.32547544929775946,-0.0005672165522330976,-0.9807431283985628,0.3190617784792585,0.005210680681034539,0.10456720641602368,0.1716117570256556,0.00027234211429402527,0.20125244711119172,0.1695530699138676,-0.00012141577473236065,0.510550285510272,0.3152342530077885,-0.0007824795272009509,7.6,0.0,0.075,0.185,0.115
0.808,12.0,3.050165555647962e+16,-0.9470082692167914,0.33941912450694106,0.00514570957489495,0.16791141603844614,0.1319803726688847,-0.0001617903685956955,-1.3020346549705824,0.12937962761537103,0.005736221414741227,-0.9479837337603298,0.33273068598173666,0.0051228576789682624,0.13702905550108915,0.1278275651196768,-5.536486916920602e-05,-1.1953538041232517,0.18033082926177899,0.005514654410948055,-0.9375333519202158,0.3287391857092665,0.005065090150518667,0.1909170886525137,0.17677731215378273,-7.811929220430137e-05,-1.1514634862087454,0.17465665806518718,0.005320142608379813,-0.9488495507121617,0.17506143791000725,0.004495641988378084,0.4610674519943744,0.32547544929775946,-0.0005549060807283846,-0.9777200569961471,0.3190617784792585,0.005199219627511285,0.10561479012139607,0.1716117570256556,0.00026817820243852763,0.20259750895994505,0.1695530699138676,-0.00012679750878929653,0.510223772378794,0.3152342530077885,-0.0007812641300099342,7.6,0.0,0.075,0.185,0.115
0.81,12.0,3.0495940209570628e+16,-0.9470082692167865,0.33941912450694106,0.00514570957489493,0.1633416826439796,0.1319803726688847,-0.00014372417347824573,-1.2992237180818649,0.12937962761537103,0.005725657130343814,-0.9479837337603303,0.33273068598173666,0.005122857678968267,0.1323399817417171,0.1278275651196768,-3.680596152564941e-05,-1.192212443935222,0.18033082926177899,0.005502738533540123,-0.9375333519200427,0.3287391857092665,0.005065090150517929,0.18547905099893672,0.17677731215378273,-5.655910599492386e-05,-1.1473911750472847,0.17465665806518718,0.00530448057709573,-0.9488469769881384,0.17506143791000725,0.004495643954488676,0.45787520057575837,0.32547544929775946,-0.0005423680107864597,-0.9745398219158818,0.3190617784792585,0.005187127341901622,0.10666897792109685,0.1716117570256556,0.0002639878676170381,0.20394209418469653,0.1695530699138676,-0.00013217775618430984,0.5098746802345591,0.3152342530077885,-0.000779958077484022,7.6,0.0,0.075,0.185,0.115
0.812,12.0,3.05016555799686e+16,-0.9470082692167815,0.33941912450694106,0.00514570957489491,0.15871918092643353,0.1319803726688847,-0.00012544523990037958,-1.296243396150196,0.12937962761537103,0.005714413382788944,-0.9479837337603304,0.33273068598173666,0.0051228576789682685,0.12760199774938366,0.1278275651196768,-1.80496664881612e-05,-1.188909217235383,0.18033082926177899,0.005490173092788004,-0.9375333519198799,0.3287391857092665,0.005065090150517238,0.17999354460513872,0.17677731215378273,-3.480695538061596e-05,-1.1431627211168403,0.17465665806518718,0.005288191332449887,-0.9488473803419839,0.17506143791000725,0.0044956336595925826,0.45463010464495096,0.32547544929775946,-0.0005295990051119956,-0.971202156868793,0.3190617784792585,0.005174406401580561,0.10772976761517616,0.1716117570256556,0.000259771116418235,0.20528609747692322,0.1695530699138676,-0.00013755609708331575,0.5095030966120674,0.3152342530077885,-0.0007785617089070822,7.6,0.0,0.075,0.185,0.115
0.8140000000000001,12.0,3.0495940531341424e+16,-0.9470082692167777,0.33941912450694106,0.00514570957489489,0.15404433688984354,0.1319803726688847,-0.00010695523303019527,-1.293094191740533,0.12937962761537103,0.005702492095062269,-0.9479837337603302,0.33273068598173666,0.0051228576789682685,0.12281554931620091,0.1278275651196768,9.022694811725574e-07,-1.185444669149135,0.18033082926177899,0.0054769601859886476,-0.9375333519197272,0.3287391857092665,0.005065090150516586,0.17446110071082357,0.17677731215378273,-1.2864929805423975e-05,-1.1387788050755185,0.17465665806518718,0.0052712775167281095,-0.9488485868145928,0.17506143791000725,0.004495635273007965,0.45133086619082247,0.32547544929775946,-0.000516618621388766,-0.9677078257238747,0.3190617784792585,0.005161055741392206,0.1087971564464833,0.1716117570256556,0.0002555279576419177,0.20662941319186134,0.1695530699138676,-0.00014293211025222252,0.5091091117460644,0.3152342530077885,-0.0007770753744171155,7.6,0.0,0.075,0.185,0.115
0.8160000000000001,12.0,3.0501655527635736e+16,-0.9470082692167747,0.33941912450694106,0.005145709574894875,0.1493175862032441,0.1319803726688847,-8.82558568838353e-05,-1.2897766291637087,0.12937962761537103,0.005689895277423617,-0.94798373376033,0.33273068598173666,0.005122857678968268,0.11798109136093024,0.1278275651196768,2.0048063213903565e-05,-1.1818193655245985,0.18033082926177899,0.005463101993643656,-0.9375333519195853,0.3287391857092665,0.005065090150515974,0.16888225937362156,0.17677731215378273,9.264845771836616e-06,-1.1342401275706326,0.17465665806518718,0.0052537418525628226,-0.9488500376449954,0.17506143791000725,0.0044956400988984,0.4479774145214405,0.32547544929775946,-0.000503421667572252,-0.9640574141154553,0.3190617784792585,0.005147078416812533,0.10987114109627802,0.1716117570256556,0.00025125840231668916,0.20797193536236325,0.1695530699138676,-0.00014830537311197502,0.5086928185579187,0.3152342530077885,-0.0007754994349531037,7.6,0.0,0.075,0.185,0.115
0.8180000000000001,12.0,3.050165563426349e+16,-0.9470082692167725,0.33941912450694106,0.0051457095748948635,0.1445393741522113,0.1319803726688847,-6.934885413743752e-05,-1.286291254400861,0.12937962761537103,0.00567662502711632,-0.9479837337603291,0.33273068598173666,0.005122857678968267,0.11309908787765938,0.1278275651196768,3.938589503498624e-05,-1.1780338928514038,0.18033082926177899,0.00544860077914551,-0.9375333519194523,0.3287391857092665,0.005065090150515408,0.16325756940699232,0.17677731215378273,3.158021112064469e-05,-1.129547409138589,0.17465665806518718,0.005235587142543279,-0.9488482382847785,0.17506143791000725,0.004495645902220011,0.44456747261511964,0.32547544929775946,-0.0004900078608947243,-0.9602518880440366,0.3190617784792585,0.005132476770378856,0.11095171767987487,0.1716117570256556,0.0002469624637175103,0.20931355771284818,0.1695530699138676,-0.00015367546179398262,0.508254312641666,0.3152342530077885,-0.0007738342622005208,7.6,0.0,0.075,0.185,0.115
0.8200000000000001,12.0,3.050165553896511e+16,-0.9470082692167706,0.33941912450694106,0.005145709574894855,0.1397101555889537,0.1319803726688847,-5.023600593330635e-05,-1.2826386350249617,0.12937962761537103,0.0056626835280649285,-0.9479837337603277,0.33273068598173666,0.0051228576789682624,0.1081700118831131,0.1278275651196768,5.8913908968069694e-05,-1.174088858176727,0.18033082926177899,0.005433458888452731,-0.9375333519193267,0.3287391857092665,0.005065090150514875,0.15758758831681302,0.17677731215378273,5.407897098716163e-05,-1.1247013901021248,0.17465665806518718,0.005216816268815105,-0.9488476379811566,0.17506143791000725,0.004495638704779143,0.4411047689716072,0.32547544929775946,-0.00047636809326944074,-0.9562912599327688,0.3190617784792585,0.0051172546660931805,0.11203888174232153,0.1716117570256556,0.00024264015738312289,0.21065417367334463,0.1695530699138676,-0.00015904195119592236,0.5077936922497234,0.3152342530077885,-0.0007720802385355099,7.6,0.0,0.075,0.185,0.115
0.8220000000000001,12.0,3.0501655669021284e+16,-0.947008269216768,0.33941912450694106,0.005145709574894846,0.13483039488096601,0.1319803726688847,-3.0919131680275936e-05,-1.2788193601194657,0.12937962761537103,0.005648073050561331,-0.947983733760326,0.33273068598173666,0.005122857678968257,0.1031943453626001,0.1278275651196768,7.863021294625477e-05,-1.1699848890185895,0.18033082926177899,0.005417678749754024,-0.9375333519192072,0.3287391857092665,0.005065090150514373,0.15187288223664455,0.17677731215378273,7.675889534787883e-05,-1.1197028304648953,0.17465665806518718,0.005197432192669248,-0.9488476422885577,0.17506143791000725,0.004495636303564655,0.4375892332533288,0.32547544929775946,-0.00046251727869539106,-0.9521761801433596,0.3190617784792585,0.0051014121536481095,0.11313262825411222,0.1716117570256556,0.00023829150113333626,0.21199367639362215,0.1695530699138676,-0.00016440441503790814,0.5073110582782745,0.3152342530077885,-0.0007702377569677395,7.6,0.0,0.075,0.185,0.115
0.8240000000000001,12.0,3.0501655487597456e+16,-0.9470082692167651,0.33941912450694106,0.005145709574894836,0.12990056585825338,0.1319803726688847,-1.1400088848325218e-05,-1.2748340401940887,0.12937962761537103,0.005632795950939347,-0.9479837337603247,0.33273068598173666,0.00512285767896825,0.09817257921460384,0.1278275651196768,9.853287902830682e-05,-1.1657226332764248,0.18033082926177899,0.005401262873121474,-0.9375333519190943,0.3287391857092665,0.005065090150513894,0.14611402586169359,0.17677731215378273,9.96177196685527e-05,-1.1145525098034361,0.17465665806518718,0.00517743795412033,-0.9488485066994562,0.17506143791000725,0.00449563632079426,0.43402144750331006,0.32547544929775946,-0.00044845513582227747,-0.9479072157364798,0.3190617784792585,0.005084951834490472,0.11423295160693711,0.1716117570256556,0.0002339165150861735,0.21333195875741032,0.1695530699138676,-0.00016976242591901824,0.5068065142523276,0.3152342530077885,-0.000768307221081944,7.6,0.0,0.075,0.185,0.115
0.8260000000000001,12.0,3.050165554798083e+16,-0.9470082692167625,0.33941912450694106,0.0051457095748948245,0.12492115175912942,0.1319803726688847,8.319227242525318e-06,-1.2706833070977288,0.12937962761537103,0.005616854671237839,-0.9479837337603243,0.33273068598173666,0.005122857678968246,0.09310521319401803,0.1278275651196768,0.00011861994362029182,-1.161302759138924,0.18033082926177899,0.005384213850152815,-0.9375333519189889,0.3287391857092665,0.005065090150513443,0.14031160238147933,0.17677731215378273,0.00012265314516835658,-1.109251227156521,0.17465665806518718,0.005156836671474493,-0.9488496926209954,0.17506143791000725,0.004495639778437853,0.4304014016116473,0.32547544929775946,-0.0004341839928222024,-0.9434850501558159,0.3190617784792585,0.005067875976862953,0.11533984560946901,0.1716117570256556,0.00022951522167487392,0.2146689133967026,0.1695530699138676,-0.0001751155553741709,0.5062801663104494,0.3152342530077885,-0.0007662890449781564,7.6,0.0,0.075,0.185,0.115
0.8280000000000001,12.0,3.0501655667194896e+16,-0.9470082692167606,0.33941912450694106,0.005145709574894815,0.1198926451745951,0.1319803726688847,2.8236883639021162e-05,-1.2663678139285373,0.12937962761537103,0.0056002517388524,-0.9479837337603241,0.33273068598173666,0.005122857678968244,0.08799275585404402,0.1278275651196768,0.00013888940770263508,-1.1567259549891817,0.18033082926177899,0.005366534353602812,-0.9375333519188909,0.3287391857092665,0.005065090150513023,0.1344662034112094,0.17677731215378273,0.0001458628390892136,-1.1037998009119194,0.17465665806518718,0.005135631540886833,-0.94884768064342,0.17506143791000725,0.004495644522124011,0.4267268429703577,0.32547544929775946,-0.0004197038092555514,-0.9389107513587531,0.3190617784792585,0.005050187314540297,0.11645330348318805,0.1716117570256556,0.0002250876456647463,0.21600443270614292,0.1695530699138676,-0.00018046337393134006,0.5057321231891762,0.3152342530077885,-0.0007641836532106434,7.6,0.0,0.075,0.185,0.115
0.8300000000000001,12.0,3.050165558175527e+16,-0.9470082692167585,0.33941912450694106,0.005145709574894806,0.11481554799130297,0.1319803726688847,4.835090997715846e-05,-1.2618882349411535,0.12937962761537103,0.0055829897661756325,-0.9479837337603236,0.33273068598173666,0.005122857678968243,0.08283572448675246,0.1278275651196768,0.0001593392370625311,-1.1519929293071485,0.18033082926177899,0.005348227137003843,-0.9375333519187994,0.3287391857092665,0.00506509015051263,0.12857842892187482,0.17677731215378273,0.0001692444349702933,-1.098199068690572,0.17465665806518718,0.0051138258359084265,-0.9488469113175587,0.17506143791000725,0.004495636474213709,0.4230015433570316,0.32547544929775946,-0.0004050055746903929,-0.9341844347818914,0.3190617784792585,0.005031890119352046,0.11757331785824565,0.1716117570256556,0.00022063381416987017,0.21733840885749248,0.1695530699138676,-0.0001858054511691013,0.5051624962071048,0.3152342530077885,-0.0007619914807255506,7.6,0.0,0.075,0.185,0.115
0.8320000000000001,12.0,3.0495940869566324e+16,-0.9470082692167573,0.33941912450694106,0.0051457095748947985,0.10969037133313057,0.1319803726688847,6.865929871032695e-05,-1.257245265451128,0.12937962761537103,0.005565071450226098,-0.9479837337603235,0.33273068598173666,0.005122857678968242,0.07763464506231459,0.1278275651196768,0.00017996736253169738,-1.1471044105694002,0.18033082926177899,0.005329295034275709,-0.9375333519187111,0.3287391857092665,0.005065090150512264,0.12264888716907497,0.17677731215378273,0.00019279553292763163,-1.0924498872282036,0.17465665806518718,0.0050914229070230365,-0.9488486067434048,0.17506143791000725,0.004495633396910264,0.41922685086420725,0.32547544929775946,-0.00039010437623708863,-0.929306628452272,0.3190617784792585,0.0050129848530446,0.11869988076936883,0.1716117570256556,0.00021615375666963978,0.2186707338141748,0.1695530699138676,-0.00019114135577449955,0.5045713992486653,0.3152342530077885,-0.0007597129727972653,7.6,0.0,0.075,0.185,0.115
0.834,12.0,3.0501655599309984e+16,-0.9470082692167558,0.33941912450694106,0.005145709574894793,0.10451763550132602,0.1319803726688847,8.916000534301655e-05,-1.252439621736505,0.12937962761537103,0.005546499572265996,-0.9479837337603243,0.33273068598173666,0.005122857678968241,0.07239005216691526,0.1278275651196768,0.00020077168022944886,-1.1420611471462494,0.18033082926177899,0.005309740959324716,-0.9375333519186277,0.3287391857092665,0.005065090150511911,0.11667819462058635,0.17677731215378273,0.00021651369993883103,-1.0865531322543869,0.17465665806518718,0.005068426181173563,-0.9488488240775784,0.17506143791000725,0.004495640178613649,0.41540021825191864,0.32547544929775946,-0.0003750056062657912,-0.924278510377747,0.3190617784792585,0.004993473627726122,0.11983298365180567,0.1716117570256556,0.00021164750502514706,0.22000129934589624,0.1695530699138676,-0.0001964706556012288,0.5039589487475774,0.3152342530077885,-0.0007573485849635073,7.6,0.0,0.075,0.185,0.115
0.836,12.0,3.0495940968643108e+16,-0.9470082692167548,0.33941912450694106,0.005145709574894788,0.09929786991330368,0.1319803726688847,0.00010985094867023476,-1.2474720409366526,0.12937962761537103,0.005527276997407505,-0.9479837337603256,0.33273068598173666,0.005122857678968244,0.06710248893935365,0.1278275651196768,0.00022175005181104617,-1.136863907196205,0.18033082926177899,0.005289567905632113,-0.9375333519185504,0.3287391857092665,0.0050650901505115776,0.11066697588266573,0.17677731215378273,0.00024039647013278555,-1.0805096983690714,0.17465665806518718,0.005044839161278296,-0.9488460324272923,0.17506143791000725,0.004495641047950342,0.4115209297199838,0.32547544929775946,-0.00035969907581663677,-0.9191009834008393,0.3190617784792585,0.004973361155428022,0.1209726173373133,0.1716117570256556,0.0002071150934953997,0.22132999704334014,0.1695530699138676,-0.0002017929177281146,0.5033252636699939,0.3152342530077885,-0.0007548987829591556,7.6,0.0,0.075,0.185,0.115
0.838,12.0,3.050165564573381e+16,-0.9470082692167539,0.33941912450694106,0.005145709574894784,0.09403161304002966,0.1319803726688847,0.00013073001102232413,-1.2423432809482795,0.12937962761537103,0.005507406674208095,-0.9479837337603264,0.33273068598173666,0.0051228576789682494,0.061772507006335645,0.1278275651196768,0.0002429003047212926,-1.131513478557789,0.18033082926177899,0.005268778945831935,-0.9375333519184772,0.3287391857092665,0.005065090150511267,0.10461586362511555,0.17677731215378273,0.00026444134508446797,-1.074320498916601,0.17465665806518718,0.005020665425737035,-0.9488462646990186,0.17506143791000725,0.004495629881349199,0.40759400068893203,0.32547544929775946,-0.0003441819216888973,-0.9137740490608302,0.3190617784792585,0.004952651047520392,0.12211877205018927,0.1716117570256556,0.00020255655875336915,0.22265671833293174,0.1695530699138676,-0.00020710770851789019,0.5026704654973322,0.3152342530077885,-0.0007523640426488214,7.6,0.0,0.075,0.185,0.115
0.84,12.0,3.0501655487151108e+16,-0.9470082692167525,0.33941912450694106,0.00514570957489478,0.08871941234204267,0.1319803726688847,0.00015179503851542022,-1.2370541203186927,0.12937962761537103,0.005486891634254603,-0.9479837337603269,0.33273068598173666,0.005122857678968252,0.056400666416477445,0.1278275651196768,0.0002642202324533646,-1.1260106686387394,0.18033082926177899,0.005247377231278272,-0.9375333519184094,0.3287391857092665,0.005065090150510975,0.09852549850512339,0.17677731215378273,0.00028864579411466874,-1.0679864658572362,0.17465665806518718,0.004995908627927153,-0.9488489505537846,0.17506143791000725,0.004495630810436103,0.40361946014091143,0.32547544929775946,-0.0003284742055646903,-0.9082985322413457,0.3190617784792585,0.004931343310160354,0.12327143740334731,0.1716117570256556,0.0001979719399018653,0.22398135449167186,0.1695530699138676,-0.0002124145936762566,0.5019946782087976,0.3152342530077885,-0.0007497448499581747,7.6,0.0,0.075,0.185,0.115
0.842,12.0,3.0501655531112164e+16,-0.9470082692167516,0.33941912450694106,0.005145709574894775,0.08336182420411525,0.1319803726688847,0.00017304384130736818,-1.2316053581363098,0.12937962761537103,0.0054657349917362555,-0.9479837337603273,0.33273068598173666,0.005122857678968254,0.05098753557301387,0.1278275651196768,0.0002857075948127974,-1.120356304302601,0.18033082926177899,0.005225365991602073,-0.9375333519183471,0.3287391857092665,0.005065090150510704,0.09239652908986673,0.17677731215378273,0.0003130072545946374,-1.061508549636192,0.17465665806518718,0.004970572495689694,-0.9488499800513297,0.17506143791000725,0.004495641553855167,0.3995946661341561,0.32547544929775946,-0.0003125760433726079,-0.9026757070641913,0.3190617784792585,0.004909441242882417,0.1244306023944388,0.1716117570256556,0.00019336127848923313,0.2253037966620368,0.1695530699138676,-0.00021771313831121707,0.5012980282635994,0.3152342530077885,-0.0007470417008040365,7.6,0.0,0.075,0.185,0.115
0.844,12.0,3.0501655657841492e+16,-0.9470082692167501,0.33941912450694106,0.005145709574894771,0.07795941386854849,0.1319803726688847,0.00019447419385907783,-1.2259978139184249,0.12937962761537103,0.005443939943006724,-0.947983733760328,0.33273068598173666,0.0051228576789682555,0.0455336911652343,0.1278275651196768,0.0003073601181866517,-1.1145512317527315,0.18033082926177899,0.005202748534257519,-0.9375333519182886,0.3287391857092665,0.005065090150510454,0.08622961177790572,0.17677731215378273,0.000337523132255664,-1.0548877190502137,0.17465665806518718,0.004944660830805516,-0.9488478396785317,0.17506143791000725,0.004495645671845348,0.3955189500695273,0.32547544929775946,-0.00029647686734558663,-0.8969065509034585,0.3190617784792585,0.004886949942173799,0.1255962554020207,0.1716117570256556,0.00018872461852486715,0.22662393586694188,0.1695530699138676,-0.00022300290699267677,0.500580644582863,0.3152342530077885,-0.0007442551010232435,7.6,0.0,0.075,0.185,0.115
0.846,12.0,3.0501655578594624e+16,-0.9470082692167491,0.33941912450694106,0.005145709574894765,0.07251275536711937,0.1319803726688847,0.0002160838352013449,-1.220232327496245,0.12937962761537103,0.0054215097661351845,-0.947983733760328,0.33273068598173666,0.005122857678968258,0.04003971809864256,0.1278275651196768,0.00032917549581777,-1.1085963164137276,0.18033082926177899,0.005179528244058042,-0.9375333519182344,0.3287391857092665,0.005065090150510221,0.08002541071937559,0.17677731215378273,0.000362190801503508,-1.048124961111707,0.17465665806518718,0.004918177508461604,-0.948846965410204,0.17506143791000725,0.004495637110354156,0.3913961574560205,0.32547544929775946,-0.0002801740030870714,-0.8909913381253054,0.3190617784792585,0.004863873317530868,0.1267683841817713,0.1716117570256556,0.00018406200649453953,0.22794166302476668,0.1695530699138676,-0.00022828346381229713,0.4998426585312409,0.3152342530077885,-0.000741385566300298,7.6,0.0,0.075,0.185,0.115
0.848,12.0,3.0495940894904252e+16,-0.9470082692167489,0.33941912450694106,0.00514570957489476,0.0670224314516919,0.1319803726688847,0.00023787046920706136,-1.2143097588972334,0.12937962761537103,0.005398447820446464,-0.9479837337603273,0.33273068598173666,0.005122857678968258,0.03450620942386149,0.1278275651196768,0.00035115138808413694,-1.1024924428102953,0.18033082926177899,0.005155708582702026,-0.9375333519181839,0.3287391857092665,0.005065090150510004,0.0737845977349863,0.17677731215378273,0.00038700760573762854,-1.0412212809104542,0.17465665806518718,0.004891126476707576,-0.9488485755027017,0.17506143791000725,0.004495633613280844,0.38722770543351076,0.32547544929775946,-0.00026368283263304427,-0.8849307523899387,0.3190617784792585,0.004840212466418256,0.1279469758627545,0.1716117570256556,0.00017937349137553716,0.22925686896443886,0.1695530699138676,-0.00023355437244359633,0.49908420389822383,0.3152342530077885,-0.0007384336220938094,7.6,0.0,0.075,0.185,0.115
0.85,12.0,3.050165560522633e+16,-0.9470082692167485,0.33941912450694106,0.0051457095748947594,0.06148903352349606,0.1319803726688847,0.00025983176486877126,-1.208230988224756,0.12937962761537103,0.005374757546050418,-0.9479837337603271,0.33273068598173666,0.0051228576789682555,0.028933766264283015,0.1278275651196768,0.00037328542278326126,-1.0962405144435776,0.18033082926177899,0.005131293088288297,-0.9375333519181362,0.3287391857092665,0.005065090150509802,0.0675078522338342,0.17677731215378273,0.0004119708576751857,-1.0341777014729117,0.17465665806518718,0.004863511755902565,-0.9488487238844171,0.17506143791000725,0.004495640053650836,0.3830111081316512,0.32547544929775946,-0.00024700902454300523,-0.8787261225879146,0.3190617784792585,0.004815970123476789,0.12913201694373408,0.1716117570256556,0.00017465912465160438,0.2305694444405747,0.1695530699138676,-0.0002388151962022851,0.4983054168791561,0.3152342530077885,-0.0007353998035617413,7.6,0.0,0.075,0.185,0.115
0.852,12.0,3.0495941093650296e+16,-0.9470082692167473,0.33941912450694106,0.005145709574894759,0.055913161561085375,0.1319803726688847,0.00028196535658155466,-1.2019969155350536,0.12937962761537103,0.005350442463360508,-0.9479837337603269,0.33273068598173666,0.005122857678968255,0.02332299774247298,0.1278275651196768,0.00039557519542157514,-1.0898414536649557,0.18033082926177899,0.005106285374821426,-0.937533351918091,0.3287391857092665,0.005065090150509611,0.06119586113004402,0.17677731215378273,0.00043707783967979414,-1.0269952636191235,0.17465665806518718,0.004835337438152396,-0.948845876952738,0.17506143791000725,0.004495640647177697,0.37874571459515183,0.32547544929775946,-0.0002301426353355669,-0.872378503303671,0.3190617784792585,0.004791151604268692,0.13032349328953866,0.1716117570256556,0.00016991896032768605,0.23187928014867348,0.1695530699138676,-0.00024406549810682842,0.4975064360559563,0.3152342530077885,-0.0007322846554854703,7.6,0.0,0.075,0.185,0.115
0.854,12.0,3.0501655657500256e+16,-0.9470082692167467,0.33941912450694106,0.005145709574894753,0.05029542404698456,0.1319803726688847,0.00030426884443119734,-1.195608460711557,0.12937962761537103,0.005325506172601699,-0.9479837337603272,0.33273068598173666,0.005122857678968254,0.01767452090534829,0.1278275651196768,0.00041801826950881526,-1.083296201547345,0.18033082926177899,0.005080689131706938,-0.9375333519180469,0.3287391857092665,0.005065090150509431,0.05484931875824925,0.17677731215378273,0.0004623258040949548,-1.0196750258172718,0.17465665806518718,0.004806607686737243,-0.9488480823973076,0.17506143791000725,0.004495629259450981,0.37443814557033855,0.32547544929775946,-0.0002130810611895695,-0.8658878086780036,0.3190617784792585,0.004765761127131718,0.13152139012747874,0.1716117570256556,0.00016515305494446775,0.23318626674036355,0.1695530699138676,-0.0002493048409392236,0.4966874023775471,0.3152342530077885,-0.0007290887321926711,7.6,0.0,0.075,0.185,0.115
0.856,12.0,3.050165550906762e+16,-0.9470082692167472,0.33941912450694106,0.005145709574894752,0.04463643789302664,0.1319803726688847,0.0003267397944876006,-1.189066563336559,0.12937962761537103,0.005299952353307711,-0.9479837337603276,0.33273068598173666,0.0051228576789682555,0.011988960648126379,0.1278275651196768,0.000440612176857314,-1.0766057177539996,0.18033082926177899,0.005054508123236496,-0.9375333519180044,0.3287391857092665,0.005065090150509254,0.04846892678792298,0.17677731215378273,0.0004877119735821339,-1.012218064035875,0.17465665806518718,0.004777326735529836,-0.9488503505475919,0.17506143791000725,0.004495638081229259,0.37008514607784837,0.32547544929775946,-0.0001958507850903164,-0.8592555479721934,0.3190617784792585,0.004739798348629049,0.1327256920438165,0.1716117570256556,0.00016036146759270742,0.23449029483869724,0.1695530699138676,-0.00025453278730598383,0.49584845913999637,0.3152342530077885,-0.0007258125974790344,7.6,0.0,0.075,0.185,0.115
0.858,12.0,3.050165557679075e+16,-0.9470082692167482,0.33941912450694106,0.005145709574894753,0.038936828364400315,0.1319803726688847,0.0003493757391034323,-1.1823721825602629,0.12937962761537103,0.00527378476380772,-0.9479837337603277,0.33273068598173666,0.005122857678968257,0.006266949637063748,0.1278275651196768,0.0004633544178862017,-1.069770980404843,0.18033082926177899,0.005027746188063114,-0.9375333519179635,0.3287391857092665,0.005065090150509084,0.04205539413656779,0.17677731215378273,0.0005132335414634391,-1.004625471593664,0.17465665806518718,0.004747498888404249,-0.9488492115317559,0.17506143791000725,0.0044956471538303965,0.3656846212093061,0.32547544929775946,-0.00017843878712035566,-0.8524830648157369,0.3190617784792585,0.004713269305805808,0.13393638298028984,0.1716117570256556,0.00015554425992735633,0.23579125505349235,0.1695530699138676,-0.0002597488996993186,0.49498975196637207,0.3152342530077885,-0.0007224568245288314,7.6,0.0,0.075,0.185,0.115
0.86,12.0,3.049594154496745e+16,-0.9470082692167491,0.33941912450694106,0.005145709574894757,0.03319722900241752,0.1319803726688847,0.00037217417721793755,-1.1755262969672322,0.12937962761537103,0.005247007240702536,-0.9479837337603275,0.33273068598173666,0.005122857678968257,0.0005091282309916626,0.1278275651196768,0.00048624246193045223,-1.0627929859403478,0.18033082926177899,0.005000407238666488,-0.9375333519179246,0.3287391857092665,0.005065090150508921,0.03560943688177759,0.17677731215378273,0.0005388876720688598,-0.9968983590071457,0.17465665806518718,0.004717128518635405,-0.9488473358342736,0.17506143791000725,0.004495642597767053,0.3612391411878357,0.32547544929775946,-0.00016083668764618663,-0.8455709793151521,0.3190617784792585,0.004686179373179981,0.13515344623069125,0.1716117570256556,0.00015070149618146302,0.23708903799671768,0.1695530699138676,-0.00026495274055849907,0.49411142878631403,0.3152342530077885,-0.0007190219958343343,7.6,0.0,0.075,0.185,0.115
0.862,12.0,3.049594075112844e+16,-0.9470082692167501,0.33941912450694106,0.00514570957489476,0.027418281546005868,0.1319803726688847,0.0003951325746658688,-1.1685299044402486,0.12937962761537103,0.005219623698330412,-0.9479837337603275,0.33273068598173666,0.005122857678968256,-0.005283855598342432,0.1278275651196768,0.0005092737475547405,-1.0556727489829778,0.18033082926177899,0.004972495260808507,-0.9375333519178888,0.3287391857092665,0.005065090150508765,0.02913177817218511,0.17677731215378273,0.0005646715010880206,-0.9890378538358882,0.17465665806518718,0.004686220068289332,-0.9488483139281918,0.17506143791000725,0.004495635094977123,0.35675198314538115,0.32547544929775946,-0.00014305476756030488,-0.8385198190283205,0.3190617784792585,0.0046585310311776425,0.13637686443750316,0.1716117570256556,0.00014583324317985735,0.2383835342979198,0.1695530699138676,-0.00027014387233140034,0.4932136398153255,0.3152342530077885,-0.0007155087031141021,7.6,0.0,0.075,0.185,0.115
0.864,12.0,3.0501655554510236e+16,-0.9470082692167507,0.33941912450694106,0.005145709574894765,0.021600635851935945,0.1319803726688847,0.0004182483644915154,-1.1613840220216036,0.12937962761537103,0.005191638128222479,-0.9479837337603276,0.33273068598173666,0.005122857678968256,-0.011111346347116741,0.1278275651196768,0.0005324456828720769,-1.0484113021962154,0.18033082926177899,0.004944014312979027,-0.9375333519178553,0.3287391857092665,0.005065090150508622,0.022623148137299164,0.17677731215378273,0.0005905821359263906,-0.9810451005255333,0.17465665806518718,0.004654778047604302,-0.9488495813174086,0.17506143791000725,0.004495639007352796,0.3522217617544792,0.32547544929775946,-0.00012510613539048676,-0.8313308717018508,0.3190617784792585,0.004630326390030316,0.13760661958859008,0.1716117570256556,0.00014093957035260973,0.23967463461968896,0.1695530699138676,-0.00027532185753620885,0.49229653753378666,0.3152342530077885,-0.000711917547230148,7.6,0.0,0.075,0.185,0.115
0.866,12.0,3.05016556698149e+16,-0.9470082692167502,0.33941912450694106,0.005145709574894767,0.015744949813797756,0.1319803726688847,0.0004415189472677951,-1.1540896857718403,0.12937962761537103,0.005163054598547898,-0.9479837337603274,0.33273068598173666,0.005122857678968257,-0.016972681061447878,0.1278275651196768,0.0005557556458671742,-1.0410096961411894,0.18033082926177899,0.004914968525831977,-0.9375333519178237,0.3287391857092665,0.005065090150508487,0.01608428379625587,0.17677731215378273,0.0006166166560659343,-0.9729212602485737,0.17465665806518718,0.004622807034362882,-0.9488476359870945,0.17506143791000725,0.0044956440769096636,0.3476463872232579,0.32547544929775946,-0.00010698524982687907,-0.8240055554526025,0.3190617784792585,0.004601570600724437,0.13884269301394925,0.1716117570256556,0.00013602054974826207,0.24096222967316117,0.1695530699138676,-0.0002804862588232855,0.4913602766656935,0.3152342530077885,-0.0007082491381039926,7.6,0.0,0.075,0.185,0.115
0.868,12.0,3.050165558117829e+16,-0.9470082692167493,0.33941912450694106,0.005145709574894765,0.009851889279735841,0.1319803726688847,0.0004649416914203478,-1.1466479506259644,0.12937962761537103,0.005133877253548846,-0.9479837337603274,0.33273068598173666,0.005122857678968256,-0.0228671894205638,0.1278275651196768,0.0005792009847244988,-1.0334689991309283,0.18033082926177899,0.004885362101611873,-0.937533351917794,0.3287391857092665,0.005065090150508361,0.009515928965484376,0.17677731215378273,0.0006427721134301074,-0.964667510742904,0.17465665806518718,0.004590311673255043,-0.9488469209150293,0.17506143791000725,0.004495636295588407,0.34302980998074245,0.32547544929775946,-8.868375170199383e-05,-0.816544349719377,0.3190617784792585,0.004572269335727444,0.14008506538252044,0.1716117570256556,0.0001310762560468254,0.24224621023355408,0.1695530699138676,-0.0002856366390371743,0.4904050141571248,0.3152342530077885,-0.0007045040946316199,7.6,0.0,0.075,0.185,0.115
0.87,12.0,3.049594082648085e+16,-0.9470082692167491,0.33941912450694106,0.005145709574894761,0.003922127968949603,0.1319803726688847,0.0004885139335565954,-1.1390598902471447,0.12937962761537103,0.005104110312965341,-0.9479837337603275,0.33273068598173666,0.005122857678968256,-0.02879419382113041,0.1278275651196768,0.0006027790181609623,-1.0257902970822523,0.18033082926177899,0.004855199313570829,-0.937533351917767,0.3287391857092665,0.005065090150508242,0.002918834165304431,0.17677731215378273,0.0006690455327531935,-0.9562850461481723,0.17465665806518718,0.004557296675232365,-0.9488486602393774,0.17506143791000725,0.004495633435300146,0.3383735438246954,0.32547544929775946,-7.021744273193198e-05,-0.8089481386580725,0.3190617784792585,0.004542424512794542,0.14133371669905606,0.1716117570256556,0.00012610676657254062,0.24352646715573412,0.1695530699138676,-0.000290772561278746,0.48943090915443993,0.3152342530077885,-0.0007006830445973451,7.6,0.0,0.075,0.185,0.115
0.872,12.0,3.050165559407534e+16,-0.9470082692167491,0.33941912450694106,0.00514570957489476,-0.0020436526130245217,0.1319803726688847,0.0005122329787997404,-1.1313265968779258,0.12937962761537103,0.005073758071450063,-0.9479837337603273,0.33273068598173666,0.005122857678968256,-0.03475300946271538,0.1278275651196768,0.0006264870357632289,-1.0179746933653304,0.18033082926177899,0.004824484505376125,-0.937533351917743,0.3287391857092665,0.005065090150508134,-0.0037062434745329404,0.17677731215378273,0.0006954339119539133,-0.9477750768399589,0.17465665806518718,0.0045237668168534384,-0.9488489128281618,0.17506143791000725,0.004495640392597538,0.33367518737747276,0.32547544929775946,-5.159237810774386e-05,-0.8012184450166953,0.3190617784792585,0.004512039668549324,0.14258862630105268,0.1716117570256556,0.00012111216130639813,0.24480289138981212,0.1695530699138676,-0.0002958935889674661,0.4884381229822108,0.3152342530077885,-0.0006967866245866057,7.6,0.0,0.075,0.185,0.115
0.874,12.0,3.049594087477345e+16,-0.9470082692167491,0.33941912450694106,0.00514570957489476,-0.008044763260239108,0.1319803726688847,0.000536096101127637,-1.1234491811889689,0.12937962761537103,0.005042824897973187,-0.9479837337603275,0.33273068598173666,0.0051228576789682555,-0.04074294443437797,0.1278275651196768,0.0006503222983295687,-1.0100233086509212,0.18033082926177899,0.004793222090508437,-0.9375333519177204,0.3287391857092665,0.005065090150508038,-0.010358540310349516,0.17677731215378273,0.0007219342225132627,-0.9391388292617994,0.17465665806518718,0.004489726939620584,-0.9488461492250144,0.17506143791000725,0.0044956414029526754,0.328934177782826,0.32547544929775946,-3.279895231885322e-05,-0.7933565183905401,0.3190617784792585,0.004481120893983815,0.1438497728557448,0.1716117570256556,0.00011609252289841166,0.24607537399676502,0.1695530699138676,-0.0003009992859037781,0.4874268191208904,0.3152342530077885,-0.0006928154798976891,7.6,0.0,0.075,0.185,0.115
0.876,12.0,3.0501655637542424e+16,-0.9470082692167491,0.33941912450694106,0.00514570957489476,-0.014080507153460316,0.1319803726688847,0.0005601005437164953,-1.1154287721253437,0.12937962761537103,0.00501131523521736,-0.9479837337603276,0.33273068598173666,0.005122857678968256,-0.04676329980238046,0.1278275651196768,0.0006742820382162191,-1.0019372807553146,0.18033082926177899,0.004761416551650801,-0.9375333519176988,0.3287391857092665,0.005065090150507947,-0.017037286281073268,0.17677731215378273,0.000748543409856529,-0.9303775457550744,0.17465665806518718,0.004455181949307946,-0.9488464035426553,0.17506143791000725,0.004495630348540087,0.32415570881446076,0.32547544929775946,-1.3834913940266258e-05,-0.7853627181911134,0.3190617784792585,0.004449673187479195,0.14511713435716217,0.1716117570256556,0.00011104793667964319,0.24734380616408103,0.1695530699138676,-0.0003060892163315897,0.4863971631842215,0.3152342530077885,-0.0006887702644524077,7.6,0.0,0.075,0.185,0.115
0.878,12.0,3.050165547799237e+16,-0.9470082692167491,0.33941912450694106,0.00514570957489476,-0.020150179948479625,0.1319803726688847,0.0005842435192893802,-1.1072665167503923,0.12937962761537103,0.004979233598962859,-0.9479837337603274,0.33273068598173666,0.005122857678968257,-0.05281336969899954,0.1278275651196768,0.0006983634596882291,-0.9937177644830034,0.18033082926177899,0.004729072440068374,-0.9375333519176791,0.3287391857092665,0.005065090150507862,-0.02374170500579349,0.17677731215378273,0.000775258393739424,-0.9214924843867923,0.17465665806518718,0.0044201368152810465,-0.9488491064536309,0.17506143791000725,0.00449563136581065,0.3193399628642737,0.32547544929775946,5.278961933194771e-06,-0.7772382130644313,0.3190617784792585,0.004417697986681487,0.1463906881232514,0.1716117570256556,0.0001059784906739737,0.24860807922142544,0.1695530699138676,-0.00031116294500085375,0.48534932289638794,0.3152342530077885,-0.000684651640705732,7.6,0.0,0.075,0.185,0.115
0.88,12.0,3.0501655521185384e+16,-0.9470082692167491,0.33941912450694106,0.00514570957489476,-0.026253069865599853,0.1319803726688847,0.0006085222104694573,-1.098963580087185,0.12937962761537103,0.0049465845774630535,-0.9479837337603274,0.33273068598173666,0.005122857678968256,-0.05889244141243377,0.1278275651196768,0.0007225637392747053,-0.9853659314670966,0.18033082926177899,0.00469619437497913,-0.9375333519176606,0.3287391857092665,0.005065090150507782,-0.03047101388232191,0.17677731215378273,0.0008020760686383049,-0.9124849187752903,0.17465665806518718,0.004384596569807918,-0.9488501488655516,0.17506143791000725,0.004495642177454553,0.31448443738775167,0.32547544929775946,2.4541945733943084e-05,-0.7689846121996985,0.3190617784792585,0.004385199966174759,0.14767041079306306,0.1716117570256556,0.00010088427560961677,0.24986808465632476,0.1695530699138676,-0.0003162200372302314,0.4842834680689125,0.3152342530077885,-0.0006804602795543977,7.6,0.0,0.075,0.185,0.115
0.882,12.0,3.0501655647323276e+16,-0.9470082692167491,0.33941912450694106,0.00514570957489476,-0.032388457780284215,0.1319803726688847,0.0006329337701379383,-1.0905211449575924,0.12937962761537103,0.004913372830810225,-0.9479837337603275,0.33273068598173666,0.005122857678968256,-0.06499979547779332,0.1278275651196768,0.0007468800261284423,-0.9768829700075036,0.18033082926177899,0.004662787042915503,-0.9375333519176445,0.3287391857092665,0.005065090150507709,-0.03722442418674141,0.17677731215378273,0.0008289933041444185,-0.9033561379138764,0.17465665806518718,0.00434856630736191,-0.9488480179764309,0.17506143791000725,0.004495646347102236,0.30958861093649553,0.32547544929775946,4.396404764003115e-05,-0.7606032301790082,0.3190617784792585,0.0043521855627158285,0.14895627832400515,0.1716117570256556,9.576538493037012e-05,0.25112371412986634,0.1695530699138676,-0.00032126005896982866,0.4831997705773032,0.3152342530077885,-0.0006761968602444959,7.6,0.0,0.075,0.185,0.115
0.884,12.0,3.050165556770685e+16,-0.9470082692167491,0.33941912450694106,0.00514570957489476,-0.03855561731495639,0.1319803726688847,0.0006574753217966757,-1.081940411818992,0.12937962761537103,0.004879603090291854,-0.9479837337603273,0.33273068598173666,0.005122857678968256,-0.07113470576915736,0.1278275651196768,0.0007713094423898806,-0.9682700849069085,0.18033082926177899,0.00462885519707713,-0.9375333519176301,0.3287391857092665,0.005065090150507644,-0.044001141173945726,0.17677731215378273,0.0008560069453620965,-0.8941074459924275,0.17465665806518718,0.0043120511839162545,-0.9488471503580339,0.17506143791000725,0.004495637823545753,0.304656495699518,0.32547544929775946,6.354735344505569e-05,-0.7520946865601286,0.3190617784792585,0.004318660034633067,0.15024826598916413,0.1716117570256556,9.062191480660175e-05,0.2523748594924109,0.1695530699138676,-0.000326282576863995,0.4820984043374524,0.3152342530077885,-0.0006718620702780587,7.6,0.0,0.075,0.185,0.115
0.886,12.0,3.049594074291855e+16,-0.9470082692167491,0.33941912450694106,0.00514570957489476,-0.04475381493193942,0.1319803726688847,0.0006821439599353643,-1.0732225985986357,0.12937962761537103,0.004845280157737452,-0.9479837337603275,0.33273068598173666,0.0051228576789682555,-0.07729643959268807,0.1278275651196768,0.0007958490835553366,-0.9595284973045577,0.18033082926177899,0.00459440365667475,-0.9375333519176181,0.3287391857092665,0.005065090150507587,-0.050800364179134576,0.17677731215378273,0.0008831138133109138,-0.8847401622169827,0.17465665806518718,0.004275056416230459,-0.9488487647663703,0.17506143791000725,0.0044956343530721645,0.2996896626655732,0.32547544929775946,8.327581439296572e-05,-0.7434600019557136,0.3190617784792585,0.004284625860157548,0.1515463483746942,0.1716117570256556,8.545396414596585e-05,0.2536214127993155,0.1695530699138676,-0.00033128715831417323,0.4809795452817911,0.3152342530077885,-0.0006674566053186555,7.6,0.0,0.075,0.185,0.115
0.888,12.0,3.0501655593937388e+16,-0.9470082692167491,0.33941912450694106,0.00514570957489476,-0.0509823100275212,0.1319803726688847,0.0007069367504032965,-1.0643689405256977,0.12937962761537103,0.004810408904856027,-0.9479837337603276,0.33273068598173666,0.005122857678968256,-0.08348425778079245,0.1278275651196768,0.0008204960188494594,-0.950659444507883,0.18033082926177899,0.004559437306265347,-0.9375333519176067,0.3287391857092665,0.005065090150507538,-0.057621286720270226,0.17677731215378273,0.0009103107053316693,-0.8752556206273474,0.17465665806518718,0.00423758728112868,-0.9488489155473148,0.17506143791000725,0.00449564081070551,0.2946857601096379,0.32547544929775946,0.00010314314652874512,-0.7347008304917256,0.3190617784792585,0.004250087121739889,0.15285049937727616,0.1716117570256556,8.026163460384561e-05,0.25486326632666384,0.1695530699138676,-0.0003362733715417916,0.4798433713352018,0.3152342530077885,-0.0006629811690960104,7.6,0.0,0.075,0.185,0.115
0.89,12.0,3.0495940939076156e+16,-0.9470082692167491,0.33941912450694106,0.00514570957489476,-0.057240355027133996,0.1319803726688847,0.0007318507307856237,-1.0553806899610265,0.12937962761537103,0.004774994272564274,-0.9479837337603274,0.33273068598173666,0.005122857678968257,-0.08969741478731309,0.1278275651196768,0.000845247291601877,-0.9416641798219836,0.18033082926177899,0.004523961095078648,-0.9375333519175956,0.3287391857092665,0.005065090150507492,-0.06446309660146832,0.17677731215378273,0.0009375943954962119,-0.8656551699127321,0.17465665806518718,0.0041996491147701384,-0.948846069447866,0.17506143791000725,0.004495641413829288,0.28964427826435307,0.32547544929775946,0.00012315875675248633,-0.7258185536037893,0.3190617784792585,0.004215050435883937,0.15416069220164658,0.1716117570256556,7.504503059351775e-05,0.25610031258700194,0.1695530699138676,-0.000341240785651185,0.4786900623906933,0.3152342530077885,-0.0006584364733096531,7.6,0.0,0.075,0.185,0.115
0.892,12.0,3.0501655646173616e+16,-0.9470082692167491,0.33941912450694106,0.00514570957489476,-0.06352719548163548,0.1319803726688847,0.0007568829107840748,-1.046259116224625,0.12937962761537103,0.00473904127030559,-0.9479837337603274,0.33273068598173666,0.005122857678968256,-0.09593515878374102,0.1278275651196768,0.0008700999196279596,-0.9325439723769875,0.18033082926177899,0.00448798003633505,-0.9375333519175841,0.3287391857092665,0.005065090150507448,-0.0713249760173171,0.17677731215378273,0.0009649616350210042,-0.855940173225458,0.17465665806518718,0.004161247311911678,-0.9488462573925698,0.17506143791000725,0.004495630029431493,0.2845704745634024,0.32547544929775946,0.00014332468413362555,-0.7168136666188911,0.3190617784792585,0.004179521328332191,0.15547689935819833,0.1716117570256556,6.980425929603607e-05,0.2573324443450761,0.1695530699138676,-0.0003461889706925374,0.47751980028484065,0.3152342530077885,-0.0006538232375316191,7.6,0.0,0.075,0.185,0.115
0.894,12.0,3.050165548969394e+16,-0.9470082692167491,0.33941912450694106,0.00514570957489476,-0.06984207016467833,0.1319803726688847,0.0007820302726020807,-1.037005505420882,0.12937962761537103,0.004702554975359984,-0.9479837337603275,0.33273068598173666,0.005122857678968256,-0.10219673175643512,0.1278275651196768,0.0008950508956136713,-0.923300106953322,0.18033082926177899,0.004451499206555066,-0.9375333519175733,0.3287391857092665,0.005065090150507403,-0.07820610165810678,0.17677731215378273,0.0009924091526843993,-0.8461120079927498,0.17465665806518718,0.004122387325162581,-0.9488489073777345,0.17506143791000725,0.004495630781210309,0.27946458532918006,0.32547544929775946,0.00016361989893742823,-0.7076874680582675,0.3190617784792585,0.004143501780392599,0.1567990926606534,0.1716117570256556,6.453943066982904e-05,0.2585595546335701,0.1695530699138676,-0.0003511174977248339,0.47633276877299335,0.3152342530077885,-0.0006491421891082086,7.6,0.0,0.075,0.185,0.115
0.896,12.0,3.0501655535350012e+16,-0.9470082692167491,0.33941912450694106,0.00514570957489476,-0.07618421117115569,0.1319803726688847,0.0008072897713342522,-1.027621160261578,0.12937962761537103,0.004665540532145012,-0.9479837337603274,0.33273068598173666,0.005122857678968256,-0.10848136960483513,0.1278275651196768,0.0009200971875044477,-0.9139338838049109,0.18033082926177899,0.0044145237448604034,-0.9375333519175624,0.3287391857092665,0.00506509015050736,-0.08510564481596043,0.17677731215378273,0.001019933655247558,-0.836172065726642,0.17465665806518718,0.004083074664231748,-0.9488499080655483,0.17506143791000725,0.0044956413811509666,0.2743241566421929,0.32547544929775946,0.0001840434558743176,-0.6984416931853552,0.3190617784792585,0.004106996986150104,0.158127243223809,0.1716117570256556,5.9250657460008795e-05,0.2597815367688405,0.1695530699138676,-0.0003560259388788101,0.4751291535042555,0.3152342530077885,-0.0006443940630608193,7.6,0.0,0.075,0.185,0.115
0.898,12.0,3.0501655663443924e+16,-0.9470082692167491,0.33941912450694106,0.00514570957489476,-0.0825528440167091,0.1319803726688847,0.0008326583353601615,-1.01810739988669,0.12937962761537103,0.004628003151507796,-0.9479837337603274,0.33273068598173666,0.005122857678968256,-0.11478830224065494,0.1278275651196768,0.0009452357388980477,-0.9044466184803257,0.18033082926177899,0.004377058852266759,-0.9375333519175512,0.3287391857092665,0.005065090150507315,-0.09202277149184547,0.17677731215378273,0.0010475318278789728,-0.8261217518320267,0.17465665806518718,0.004043314895167317,-0.9488477447697621,0.17506143791000725,0.004495645383902222,0.2691487189323288,0.32547544929775946,0.00020460517062226624,-0.6890777831568944,0.3190617784792585,0.004070013886658455,0.15946132146135802,0.1716117570256556,5.393805520738637e-05,0.2609982843666452,0.1695530699138676,-0.00036091386741989175,0.47390914199624073,0.3152342530077885,-0.000639579601985868,7.6,0.0,0.075,0.185,0.115
0.9,12.0,3.0501655585245276e+16,-0.9470082692167491,0.33941912450694106,0.00514570957489476,-0.08894718773828592,0.1319803726688847,0.0008581328667423753,-1.0084655596830217,0.12937962761537103,0.004589948110008244,-0.9479837337603276,0.33273068598173666,0.005122857678968256,-0.1211167536880454,0.1278275651196768,0.000970463469441327,-0.8948396416419147,0.18033082926177899,0.004339109790968418,-0.9375333519175406,0.3287391857092665,0.00506509015050727,-0.0989566425034549,0.17677731215378273,0.0010752003345825129,-0.8159624854128661,0.17465665806518718,0.004003113639588856,-0.948846852480202,0.17506143791000725,0.004495636730719077,0.2639423439808091,0.32547544929775946,0.00022530692146172272,-0.6795964868528278,0.3190617784792585,0.0040325582465446114,0.1608012970837844,0.1716117570256556,4.860174225719027e-05,0.2622096913578643,0.1695530699138676,-0.00036578085781111035,0.4726729236096058,0.3152342530077885,-0.0006346995559538089,7.6,0.0,0.075,0.185,0.115
0.902,12.0,3.0495940996823816e+16,-0.9470082692167491,0.33941912450694106,0.00514570957489476,-0.09536645499573258,0.1319803726688847,0.0008837102416286826,-0.9986969911006783,0.12937962761537103,0.004551380749193572,-0.9479837337603275,0.33273068598173666,0.005122857678968257,-0.12746594218471033,0.1278275651196768,0.0009957772752308889,-0.8851142988829341,0.18033082926177899,0.004300681883614774,-0.9375333519175295,0.3287391857092665,0.005065090150507229,-0.10590641359394935,0.17677731215378273,0.0011029358186289504,-0.8056956990765958,0.17465665806518718,0.003962476573912213,-0.9488484486270196,0.17506143791000725,0.0044956331615608365,0.2587066574375781,0.32547544929775946,0.00024613242126780133,-0.6699989506433682,0.3190617784792585,0.003994633061328345,0.16214713909633469,0.1716117570256556,4.3241839767484746e-05,0.2634156520042104,0.1695530699138676,-0.0003706264857759869,0.4714206895223659,0.3152342530077885,-0.0006297546824072691,7.6,0.0,0.075,0.185,0.115
0.904,12.0,3.0501655613324604e+16,-0.9470082692167491,0.33941912450694106,0.00514570957489476,-0.10180985217441046,0.1319803726688847,0.0009093873106584691,-0.9888030614674187,0.12937962761537103,0.004512306474864197,-0.9479837337603274,0.33273068598173666,0.005122857678968256,-0.1338350802839623,0.1278275651196768,0.0010211740292175486,-0.875271950542708,0.18033082926177899,0.004261780512578852,-0.9375333519175184,0.3287391857092665,0.005065090150507184,-0.11287123554153282,0.17677731215378273,0.0011307349029909283,-0.7953228387367502,0.17465665806518718,0.003921409428567132,-0.9488485864461004,0.17506143791000725,0.004495639546148107,0.2534393546106769,0.32547544929775946,0.0002670751674407255,-0.6602869495062194,0.3190617784792585,0.003956242916490507,0.1634988157970666,0.1716117570256556,3.7858471717283625e-05,0.2646160609139246,0.1695530699138676,-0.0003754503283613713,0.4701526327039953,0.3152342530077885,-0.0006247457460583094,7.6,0.0,0.075,0.185,0.115
0.906,12.0,3.049594121026879e+16,-0.9470082692167491,0.33941912450694106,0.00514570957489476,-0.10827657948882019,0.1319803726688847,0.0009351608993731807,-0.9787851538009031,0.12937962761537103,0.004472730756331159,-0.9479837337603276,0.33273068598173666,0.005122857678968256,-0.14022337495770784,0.1278275651196768,0.0010466505816145563,-0.8653139715198375,0.18033082926177899,0.004222411119217948,-0.9375333519175085,0.3287391857092665,0.00506509015050714,-0.11985025426985627,0.17677731215378273,0.0011585941907812623,-0.784845363413837,0.17465665806518718,0.0038799179872077497,-0.9488477488127707,0.17506143791000725,0.00449564009742443,0.24814151413519975,0.32547544929775946,0.0002881443787483302,-0.6504617467981323,0.3190617784792585,0.003917394911941911,0.16485629477497532,0.1716117570256556,3.2451764914355974e-05,0.2658108130574567,0.1695530699138676,-0.00038025196400022797,0.4688689478893169,0.3152342530077885,-0.0006196735187848272,7.6,0.0,0.075,0.185,0.115
0.908,12.0,3.0501655674601104e+16,-0.9470082692167491,0.33941912450694106,0.00514570957489476,-0.11476583108722106,0.1319803726688847,0.0009610278086308196,-0.9686446666188671,0.12937962761537103,0.0044326591256650975,-0.9479837337603276,0.33273068598173666,0.005122857678968257,-0.14663002770034575,0.1278275651196768,0.0010722037603095385,-0.8552417510834914,0.18033082926177899,0.004182579203126466,-0.9375333519175003,0.3287391857092665,0.0050650901505071,-0.12684261095923638,0.17677731215378273,0.001186510265694556,-0.7742647450344807,0.17465665806518718,0.0038380080859160967,-0.9488475484511613,0.17506143791000725,0.004495636746891112,0.242815082429052,0.32547544929775946,0.00030933574065023883,-0.6405244862261866,0.3190617784792585,0.0038780941011095633,0.16621954290819882,0.1716117570256556,2.702184900272109e-05,0.26699980378312654,0.1695530699138676,-0.00038503097257435636,0.4675698315521833,0.3152342530077885,-0.0006145387795261134,7.6,0.0,0.075,0.185,0.115
0.91,12.0,3.0501655502851624e+16,-0.9470082692167491,0.33941912450694106,0.00514570957489476,-0.12127679515723114,0.1319803726688847,0.0009869848150244232,-0.9583830137472439,0.12937962761537103,0.004392097176936952,-0.9479837337603273,0.33273068598173666,0.005122857678968257,-0.1530542346335628,0.1278275651196768,0.0010978303712800904,-0.8450566926827991,0.18033082926177899,0.004142290321381082,-0.9375333519174941,0.3287391857092665,0.005065090150507068,-0.13384744215866776,0.17677731215378273,0.0012144796924520764,-0.7635824682288691,0.17465665806518718,0.0037956856123986717,-0.9488482475911671,0.17506143791000725,0.0044956359454446735,0.23746098281898595,0.32547544929775946,0.0003306414674748298,-0.6304764864619754,0.3190617784792585,0.0038383450588217807,0.16758852636230248,0.1716117570256556,2.156885646982709e-05,0.26818292883276384,0.1695530699138676,-0.0003897869354770358,0.4662554818789546,0.3152342530077885,-0.0006093423141775792,7.6,0.0,0.075,0.185,0.115
0.912,12.0,3.050165557104296e+16,-0.9470082692167491,0.33941912450694106,0.00514570957489476,-0.12780865403239422,0.1319803726688847,0.0010130286713044634,-0.9480016241262643,0.12937962761537103,0.004351050565450459,-0.9479837337603274,0.33273068598173666,0.0051228576789682555,-0.1594951866120149,0.1278275651196768,0.0011235271990129583,-0.8347602137543755,0.18033082926177899,0.004101550087778312,-0.9375333519174888,0.3287391857092665,0.005065090150507043,-0.14086387989861857,0.17677731215378273,0.001242499017249802,-0.7528000301265282,0.17465665806518718,0.003752956505176225,-0.9488493011190847,0.17506143791000725,0.004495638742004697,0.23207952737244028,0.32547544929775946,0.00035205786591509404,-0.6203191753590862,0.3190617784792585,0.0037981530597649355,0.16896321058864452,0.1716117570256556,1.6092922653412444e-05,0.2693600843573235,0.1695530699138676,-0.00039451943567558504,0.4649260987417747,0.3152342530077885,-0.0006040849154846644,7.6,0.0,0.075,0.185,0.115
0.914,12.0,3.050165569652014e+16,-0.9470082692167491,0.33941912450694106,0.00514570957489476,-0.13436058429969913,0.1319803726688847,0.0010391561068051156,-0.9375019416145587,0.12937962761537103,0.004309525006966542,-0.9479837337603275,0.33273068598173666,0.005122857678968256,-0.1659520693298847,0.1278275651196768,0.0011492910069267669,-0.8243537455279958,0.18033082926177899,0.004060364172064617,-0.9375333519174841,0.3287391857092665,0.005065090150507021,-0.1478910518045912,0.17677731215378273,0.0012705647682096052,-0.7419189401504516,0.17465665806518718,0.0037098267527668613,-0.9488471841521017,0.17506143791000725,0.004495642956116368,0.22666876020349044,0.32547544929775946,0.0003735836877012767,-0.6100543476815062,0.3190617784792585,0.0037575238153533786,0.17034356032282263,0.1716117570256556,1.0594185748044272e-05,0.2705311669324746,0.1695530699138676,-0.00039922805777382366,0.4635818836716508,0.3152342530077885,-0.0005987673829359448,7.6,0.0,0.075,0.185,0.115
0.916,12.0,3.0501655653397172e+16,-0.9470082692167492,0.33941912450694106,0.00514570957489476,-0.14093175690803722,0.1319803726688847,0.0010653638278743354,-0.9268854247912879,0.12937962761537103,0.00426752627691972,-0.9479837337603273,0.33273068598173666,0.005122857678968256,-0.17242406342829125,0.1278275651196768,0.001175118537798246,-0.8138387328304575,0.18033082926177899,0.004018738299159099,-0.93753335191748,0.3287391857092665,0.005065090150507002,-0.15492808121143398,0.17677731215378273,0.001298673455833496,-0.7309407198096187,0.17465665806518718,0.0036663023928625547,-0.9488461394329737,0.17506143791000725,0.004495634488248436,0.22123266040317352,0.32547544929775946,0.0003952267563770761,-0.5996828927103152,0.3190617784792585,0.003716464504643059,0.17172953958320283,0.1716117570256556,5.072786811331831e-06,0.2716960735741594,0.1695530699138676,-0.000403912388074428,0.46222303983133917,0.3152342530077885,-0.0005933905226554493,7.6,0.0,0.075,0.185,0.115
0.918,12.0,3.0501655555503176e+16,-0.9470082692167499,0.33941912450694106,0.005145709574894761,-0.14752133727758254,0.1319803726688847,0.0010916485183076875,-0.9161535467563314,0.12937962761537103,0.004225060209626636,-0.9479837337603275,0.33273068598173666,0.0051228576789682555,-0.1789103446035412,0.1278275651196768,0.0012010065141918721,-0.8032166338876533,0.18033082926177899,0.003976678248368946,-0.9375333519174766,0.3287391857092665,0.005065090150506987,-0.16197408727838988,0.17677731215378273,0.0013268215734608668,-0.7198669024899244,0.17465665806518718,0.003622389511499224,-0.9488477914479705,0.17506143791000725,0.004495630309371924,0.21577321437583083,0.32547544929775946,0.00041697115557834375,-0.5892060232186813,0.3190617784792585,0.003674978684758295,0.17312111166953134,0.1716117570256556,-4.7113023018896527e-07,0.27285470175412074,0.1695530699138676,-0.00040857201464116735,0.4608497719880407,0.3152342530077885,-0.0005879551472942026,7.6,0.0,0.075,0.185,0.115
0.92,12.0,3.0501655648461984e+16,-0.9470082692167505,0.33941912450694106,0.005145709574894764,-0.1541284854100833,0.1319803726688847,0.001118006839785869,-0.9053077949285585,0.12937962761537103,0.0041821326974868095,-0.9479837337603276,0.33273068598173666,0.005122857678968256,-0.18541008371621337,0.1278275651196768,0.0012269516388928722,-0.7924889201248757,0.18033082926177899,0.00393418985259773,-0.9375333519174732,0.3287391857092665,0.005065090150506972,-0.169028185104867,0.17677731215378273,0.0013550055977286904,-0.7086990332435478,0.17465665806518718,0.003578094242220446,-0.9488479900918511,0.17506143791000725,0.004495636917431912,0.21028800405618409,0.32547544929775946,0.0004388089396877145,-0.5786256476428092,0.3190617784792585,0.003633071206791759,0.17451823916163034,0.1716117570256556,-6.037418575502995e-06,0.274006949415394,0.1695530699138676,-0.0004132065273610126,0.45946228648591086,0.3152342530077885,-0.0005824620759210089,7.6,0.0,0.075,0.185,0.115
0.922,12.0,3.0495941646657736e+16,-0.9470082692167503,0.33941912450694106,0.005145709574894766,-0.16075235600004503,0.1319803726688847,0.0011444354323158722,-0.8943496708422097,0.12937962761537103,0.004138749690175718,-0.9479837337603274,0.33273068598173666,0.005122857678968257,-0.19192244690105176,0.1278275651196768,0.0012529505953435608,-0.7816570759653885,0.18033082926177899,0.003891278997546619,-0.9375333519174712,0.3287391857092665,0.00506509015050696,-0.1760894858469086,0.17677731215378273,0.001383221989034599,-0.6974386685767983,0.17465665806518718,0.0035334227652349397,-0.9488472051936718,0.17506143791000725,0.004495637712007433,0.20477814518932788,0.32547544929775946,0.0004607497809663015,-0.5679431418029711,0.3190617784792585,0.003590749704488271,0.1759208839181783,0.1716117570256556,-1.162592854389899e-05,0.2751527149877624,0.1695530699138676,-0.0004178155180061056,0.45806079121838605,0.3152342530077885,-0.0005769121339124895,7.6,0.0,0.075,0.185,0.115
0.924,12.0,3.0495940654605656e+16,-0.9470082692167496,0.33941912450694106,0.0051457095748947655,-0.16739209854679124,0.1319803726688847,0.001170930914675719,-0.883280689941419,0.12937962761537103,0.004094917193830323,-0.9479837337603274,0.33273068598173666,0.005122857678968256,-0.19844659567765913,0.1278275651196768,0.0012790000480829144,-0.7707225986272859,0.18033082926177899,0.00384795162090867,-0.937533351917469,0.3287391857092665,0.005065090150506951,-0.18315709683436493,0.17677731215378273,0.0014114671920027653,-0.6860873762364474,0.17465665806518718,0.0034883813065679416,-0.9488488745485145,0.17506143791000725,0.004495634572414716,0.19924702609225994,0.32547544929775946,0.0004827892164337263,-0.5571595441041959,0.3190617784792585,0.003548019681128919,0.1773290070755758,0.1716117570256556,-1.7236507570090876e-05,0.2762918974031718,0.1695530699138676,-0.0004223985802955792,0.4566454956003316,0.3152342530077885,-0.0005713061528423902,7.6,0.0,0.075,0.185,0.115
0.926,12.0,3.0501655584880012e+16,-0.9470082692167496,0.33941912450694106,0.005145709574894763,-0.17404685746739126,0.1319803726688847,0.0011974898848627039,-0.8721023813729004,0.12937962761537103,0.004050641270227161,-0.9479837337603275,0.33273068598173666,0.005122857678968256,-0.20498168706197525,0.1278275651196768,0.0013050966431893437,-0.7596869979186731,0.18033082926177899,0.0038042137115562595,-0.9375333519174661,0.3287391857092665,0.0050650901505069415,-0.19023012168872838,0.17677731215378273,0.0014397376359525907,-0.6746467349945966,0.17465665806518718,0.0034429761372065386,-0.948849069208384,0.17506143791000725,0.0044956412498340865,0.1936924122563933,0.32547544929775946,0.0005049136928219981,-0.5462767750713647,0.3190617784792585,0.0035048852903338174,0.17874256904689745,0.1716117570256556,-2.2869000199680856e-05,0.2774243961111028,0.1695530699138676,-0.00042695530995721676,0.455216610540014,0.3152342530077885,-0.0005656449703701723,7.6,0.0,0.075,0.185,0.115
0.928,12.0,3.0495940787758284e+16,-0.9470082692167504,0.33941912450694106,0.005145709574894763,-0.18071577221043744,0.1319803726688847,0.001224108920545104,-0.8608162877768311,0.12937962761537103,0.004005928035953086,-0.9479837337603274,0.33273068598173666,0.005122857678968256,-0.2115268736785227,0.1278275651196768,0.001331237008726608,-0.7485517960311914,0.18033082926177899,0.0037600713087218088,-0.9375333519174632,0.3287391857092665,0.005065090150506931,-0.1973076604416241,0.17677731215378273,0.0014680297353700444,-0.6631183344321114,0.17465665806518718,0.003397213572239135,-0.9488462577666963,0.17506143791000725,0.004495642028473565,0.18811390551972798,0.32547544929775946,0.0005271321481654646,-0.5352964846451062,0.3190617784792585,0.0034613542142024932,0.18016152952093084,0.1716117570256556,-2.8523248084967423e-05,0.278550111093898,0.1695530699138676,-0.0004314853047889409,0.45377434841090225,0.3152342530077885,-0.0005599294301289019,7.6,0.0,0.075,0.185,0.115
0.93,12.0,3.0501655633473784e+16,-0.9470082692167505,0.33941912450694106,0.0051457095748947655,-0.18739797737065325,0.1319803726688847,0.0012507845795172888,-0.8494239650759582,0.12937962761537103,0.003960783661568808,-0.9479837337603275,0.33273068598173666,0.005122857678968256,-0.2180813038734049,0.1278275651196768,0.001357417755192798,-0.7373185273319185,0.18033082926177899,0.0037155305011718816,-0.9375333519174608,0.3287391857092665,0.005065090150506919,-0.20438880965395048,0.17677731215378273,0.0014963398903816273,-0.6515037747206321,0.17465665806518718,0.0033510999699891946,-0.9488464726985674,0.17506143791000725,0.004495630782706815,0.18251689455509099,0.32547544929775946,0.000549446175112126,-0.5242194440772486,0.3190617784792585,0.0034174330524974587,0.18158584746130316,0.1716117570256556,-3.4199089981100996e-05,0.2796689428820407,0.1695530699138676,-0.0004359881647201216,0.4523189230233005,0.3152342530077885,-0.000554160381612455,7.6,0.0,0.075,0.185,0.115
0.932,12.0,3.0501655475836148e+16,-0.9470082692167499,0.33941912450694106,0.005145709574894766,-0.1940926028043188,0.1319803726688847,0.001277513400158152,-0.8379269822629567,0.12937962761537103,0.003915214370765317,-0.9479837337603277,0.33273068598173666,0.005122857678968256,-0.22464412182804558,0.1278275651196768,0.001383635475972327,-0.7259887381536722,0.18033082926177899,0.00367059742637479,-0.9375333519174581,0.3287391857092665,0.005065090150506909,-0.21147266253564145,0.17677731215378273,0.001524664487230933,-0.6398046664032075,0.17465665806518718,0.003304641731143277,-0.9488491433001075,0.17506143791000725,0.004495631642434298,0.17690172581703265,0.32547544929775946,0.0005718342189706739,-0.5130472148135619,0.3190617784792585,0.0033731248902260287,0.18301548110569615,0.1716117570256556,-3.989636174259026e-05,0.28078079256938376,0.1695530699138676,-0.0004404634918726924,0.45085054959581733,0.3152342530077885,-0.000548338680062048,7.6,0.0,0.075,0.185,0.115
0.934,12.0,3.050165552057581e+16,-0.9470082692167493,0.33941912450694106,0.005145709574894764,-0.20079877374550048,0.1319803726688847,0.001304291901892814,-0.8263269211860687,0.12937962761537103,0.003869226439513311,-0.9479837337603276,0.33273068598173666,0.005122857678968257,-0.23121446767364912,0.1278275651196768,0.0014098867477908895,-0.7145639865837441,0.18033082926177899,0.0036252782696618046,-0.9375333519174555,0.3287391857092665,0.005065090150506899,-0.21855830906604062,0.17677731215378273,0.0015529998987576967,-0.6280226301735676,0.17465665806518718,0.0032578452978735788,-0.9488501593226514,0.17506143791000725,0.0044956423248404586,0.17126604374992085,0.32547544929775946,0.0005942948939229073,-0.501781786664054,0.3190617784792585,0.0033284359731712812,0.18445038796515031,0.1716117570256556,-4.5614896320162244e-05,0.2818855618283249,0.1695530699138676,-0.00044491089062206467,0.44936944472667434,0.3152342530077885,-0.0005424651863521153,7.6,0.0,0.075,0.185,0.115
0.936,12.0,3.05016556479756e+16,-0.9470082692167491,0.33941912450694106,0.005145709574894761,-0.20751561092306783,0.1319803726688847,0.001331116585657541,-0.8146253763330537,0.12937962761537103,0.0038228261952057588,-0.9479837337603272,0.33273068598173666,0.005122857678968257,-0.2377914776063679,0.1278275651196768,0.0014361681311733036,-0.7030458422510955,0.18033082926177899,0.0035795792633820924,-0.9375333519174528,0.3287391857092665,0.005065090150506889,-0.2256448361148699,0.17677731215378273,0.0015813424848792935,-0.616159296654077,0.17465665806518718,0.0032107171529550194,-0.9488480069932952,0.17506143791000725,0.004495646388930634,0.16560948245905893,0.32547544929775946,0.0006168376221913544,-0.4904248554506995,0.3190617784792585,0.0032833742605732504,0.18589052482345875,0.1716117570256556,-5.1354523757978885e-05,0.28298315292492654,0.1695530699138676,-0.0004493299676578293,0.4478758263648586,0.3152342530077885,-0.0005365407668755433,7.6,0.0,0.075,0.185,0.115
0.9380000000000001,12.0,3.050165556937499e+16,-0.9470082692167489,0.33941912450694106,0.00514570957489476,-0.21424223067848083,0.1319803726688847,0.0013579839343678102,-0.8028239546134782,0.12937962761537103,0.003776020015793699,-0.947983733760327,0.33273068598173666,0.0051228576789682555,-0.24437428400316133,0.1278275651196768,0.001462476170904179,-0.6914358861120432,0.18033082926177899,0.003533506686051498,-0.9375333519174508,0.3287391857092665,0.005065090150506878,-0.23273132756376888,0.17677731215378273,0.0016096885930746107,-0.6042163061724031,0.17465665806518718,0.003163263818877057,-0.9488471220685221,0.17506143791000725,0.00449563777961321,0.15993623126812578,0.32547544929775946,0.0006394638673548021,-0.47897742907506385,0.3190617784792585,0.003237946535719832,0.18733584773665168,0.1716117570256556,-5.711507119121262e-05,0.2840734687339772,0.1695530699138676,-0.0004537203320442358,0.44636991378112234,0.3152342530077885,-0.0005305662934282805,7.6,0.0,0.075,0.185,0.115
0.9400000000000001,12.0,3.0495940776801096e+16,-0.9470082692167486,0.33941912450694106,0.0051457095748947594,-0.22097774508433102,0.1319803726688847,0.0013848904133894622,-0.7909242751393752,0.12937962761537103,0.003728814328915397,-0.9479837337603272,0.33273068598173666,0.005122857678968255,-0.2509620155383351,0.1278275651196768,0.0014888073964913527,-0.6797357102344583,0.18033082926177899,0.0034870668614952888,-0.9375333519174492,0.3287391857092665,0.005065090150506869,-0.23981686442840294,0.17677731215378273,0.0016380345588702064,-0.5921953085369135,0.17465665806518718,0.003115491856950361,-0.94884872261989,0.17506143791000725,0.004495634239914117,0.1542480228144844,0.32547544929775946,0.0006621568721185347,-0.4674409050379294,0.3190617784792585,0.0031921568302172893,0.18878631203257196,0.1716117570256556,-6.289636284398437e-05,0.2851564127539922,0.1695530699138676,-0.0004580815952804385,0.4448519275388337,0.3152342530077885,-0.0005245426430933353,7.6,0.0,0.075,0.185,0.115
0.9420000000000001,12.0,3.0501655597068064e+16,-0.9470082692167483,0.33941912450694106,0.005145709574894759,-0.22772126206362245,0.1319803726688847,0.0014118324710128628,-0.7789279690043024,0.12937962761537103,0.0036812156110189852,-0.9479837337603277,0.33273068598173666,0.0051228576789682555,-0.2575537973007383,0.1278275651196768,0.0015151583226320476,-0.6679469175805155,0.18033082926177899,0.0034402661579849493,-0.937533351917447,0.3287391857092665,0.0050650901505068634,-0.2469005249811126,0.17677731215378273,0.0016663767063287427,-0.5800979628108442,0.17465665806518718,0.0030674078664084028,-0.9488488624188397,0.17506143791000725,0.004495640642119589,0.1485426437224932,0.32547544929775946,0.0006849097059331002,-0.4558172989632755,0.3190617784792585,0.0031460107340687514,0.19024187231054243,0.1716117570256556,-6.869822002766547e-05,0.2862318891221507,0.1695530699138676,-0.00046241337136049835,0.44332208946468293,0.3152342530077885,-0.0005184706981241807,7.6,0.0,0.075,0.185,0.115
0.9440000000000001,12.0,3.0495940988659932e+16,-0.9470082692167474,0.33941912450694106,0.005145709574894758,-0.23447188550977585,0.1319803726688847,0.0014388065389300286,-0.7668366790608304,0.12937962761537103,0.0036332303864786935,-0.9479837337603277,0.33273068598173666,0.005122857678968257,-0.26414875091160306,0.1278275651196768,0.0015415254496816604,-0.6560711217880256,0.18033082926177899,0.003393110987369178,-0.9375333519174437,0.3287391857092665,0.005065090150506855,-0.2539813848740884,0.17677731215378273,0.0016947113485395813,-0.5679259370852682,0.17465665806518718,0.0030190184835041257,-0.9488460077303404,0.17506143791000725,0.004495641201315388,0.1428197298594098,0.32547544929775946,0.000707731222301065,-0.44410835365875184,0.3190617784792585,0.0030995163097701363,0.1917024824411257,0.1716117570256556,-7.452046113954736e-05,0.28729980262916727,0.1695530699138676,-0.0004667152768331324,0.4417806226192474,0.3152342530077885,-0.0005123513458275777,7.6,0.0,0.075,0.185,0.115
0.9460000000000001,12.0,3.0501655650203516e+16,-0.9470082692167475,0.33941912450694106,0.005145709574894754,-0.2412287154073375,0.1319803726688847,0.0014658090327146422,-0.7546520596964893,0.12937962761537103,0.003584865226704806,-0.9479837337603275,0.33273068598173666,0.005122857678968257,-0.27074599464301347,0.1278275651196768,0.0015679052641251194,-0.6441099469503693,0.18033082926177899,0.0033456078041992185,-0.9375333519174399,0.3287391857092665,0.005065090150506841,-0.26105851726305795,0.17677731215378273,0.0017230347881114845,-0.5556809082508958,0.17465665806518718,0.0029703303806018215,-0.9488461890741432,0.17506143791000725,0.004495629782561391,0.1370847101136421,0.32547544929775946,0.0007306228777533986,-0.432314934936256,0.3190617784792585,0.0030526805285520414,0.1931680955659769,0.1716117570256556,-8.036290166188043e-05,0.28836005873409415,0.1695530699138676,-0.00047098693086119873,0.4402277512674193,0.3152342530077885,-0.0005061854784458355,7.6,0.0,0.075,0.185,0.115
0.9480000000000001,12.0,3.050165549399755e+16,-0.9470082692167482,0.33941912450694106,0.005145709574894754,-0.247990847953384,0.1319803726688847,0.0014928363523048888,-0.7423757766082044,0.12937962761537103,0.0035361267492474415,-0.9479837337603275,0.33273068598173666,0.005122857678968256,-0.2773446435369901,0.1278275651196768,0.0015942942390507612,-0.6320650273950672,0.18033082926177899,0.0032977631048485933,-0.937533351917436,0.3287391857092665,0.005065090150506826,-0.26813099293147347,0.17677731215378273,0.0017513433176673627,-0.5433645617687277,0.17465665806518718,0.002921350265264332,-0.9488488341073796,0.17506143791000725,0.004495630507936601,0.13133796455346952,0.32547544929775946,0.0007535629567364695,-0.42043869411956325,0.3190617784792585,0.003005506853662058,0.19463866409779004,0.1716117570256556,-8.622535416128519e-05,0.2894125635790533,0.1695530699138676,-0.00047522795528090624,0.43866370084870054,0.3152342530077885,-0.0004999739930385232,7.6,0.0,0.075,0.185,0.115
0.9500000000000001,12.0,3.050165553986995e+16,-0.947008269216748,0.33941912450694106,0.005145709574894757,-0.2547573756795934,0.1319803726688847,0.0015198848824890749,-0.7300095065752603,0.12937962761537103,0.003487021616894302,-0.9479837337603279,0.33273068598173666,0.005122857678968256,-0.28394380952516957,0.1278275651196768,0.0016206888346266678,-0.6199380074610205,0.18033082926177899,0.003249583426627385,-0.9375333519174326,0.3287391857092665,0.0050650901505068105,-0.2751978804151678,0.17677731215378273,0.0017796332203410248,-0.5309785914396139,0.17465665806518718,0.0028720848793356594,-0.9488498312081449,0.17506143791000725,0.004495641088069547,0.12557716763705137,0.32547544929775946,0.0007765499389771598,-0.4084817077316826,0.3190617784792585,0.0029580018903952866,0.19611413972033873,0.1716117570256556,-9.21076282885378e-05,0.29045722400389423,0.1695530699138676,-0.0004794379746607429,0.4370886979473681,0.3152342530077885,-0.0004937177913636482,7.6,0.0,0.075,0.185,0.115
0.9520000000000001,12.0,3.050165566812397e+16,-0.947008269216748,0.33941912450694106,0.005145709574894756,-0.2615273875749741,0.1319803726688847,0.0015469509933939123,-0.7175549372308094,0.12937962761537103,0.0034375565367625255,-0.9479837337603272,0.33273068598173666,0.005122857678968258,-0.29054260154906403,0.1278275651196768,0.0016470854985793854,-0.6077305412744475,0.18033082926177899,0.003201075346891198,-0.9375333519174286,0.3287391857092665,0.005065090150506796,-0.28225824612747874,0.17677731215378273,0.0018079007702758022,-0.5185246991727265,0.17465665806518718,0.0028225409980192043,-0.9488476654520046,0.17506143791000725,0.004495645076472608,0.11980198502918572,0.32547544929775946,0.0007995931266428323,-0.39644575772859014,0.3190617784792585,0.0029101739448437647,0.19759447338861125,0.1716117570256556,-9.800953077873253e-05,0.2914939475607761,0.1695530699138676,-0.0004836166163601066,0.4355029702625143,0.3152342530077885,-0.0004874177797583184,7.6,0.0,0.075,0.185,0.115
0.9540000000000001,12.0,3.050165559000621e+16,-0.9470082692167481,0.33941912450694106,0.005145709574894756,-0.2682999692092414,0.1319803726688847,0.0015740310409754353,-0.7050137668319643,0.12937962761537103,0.003387738259384722,-0.9479837337603267,0.33273068598173666,0.0051228576789682555,-0.29714012568088166,0.1278275651196768,0.0016734806666749633,-0.5954442925235494,0.18033082926177899,0.003152245482144906,-0.9375333519174237,0.3287391857092665,0.00506509015050678,-0.28931115448481315,0.17677731215378273,0.001836142233125046,-0.5060045947529906,0.17465665806518718,0.0027727254289516548,-0.9488467716288675,0.17506143791000725,0.004495636413448047,0.11401664152791391,0.32547544929775946,0.000822693857074295,-0.38433193876117205,0.3190617784792585,0.002862030144831395,0.19907961532904123,0.1716117570256556,-0.00010393086545182262,0.2925226425286711,0.1695530699138676,-0.00048776351058763413,0.43390674657796546,0.3152342530077885,-0.00048107486901890307,7.6,0.0,0.075,0.185,0.115
0.9560000000000001,12.0,3.049594106237066e+16,-0.9470082692167479,0.33941912450694106,0.005145709574894757,-0.27507420285681283,0.1319803726688847,0.0016011213675125044,-0.6923877040285037,0.12937962761537103,0.003337573577789341,-0.9479837337603275,0.33273068598173666,0.005122857678968254,-0.30373548524489913,0.1278275651196768,0.0016998707632022339,-0.5830809342319344,0.18033082926177899,0.0031031004871413135,-0.9375333519174189,0.3287391857092665,0.00506509015050676,-0.2963556680326356,0.17677731215378273,0.0018643538665543836,-0.49341999560750827,0.17465665806518718,0.002722645011272711,-0.9488483670017296,0.17506143791000725,0.004495632838155499,0.1082229019832215,0.32547544929775946,0.0008458352310793822,-0.3721417321113717,0.3190617784792585,0.002813574868961722,0.20056951503983392,0.1716117570256556,-0.00010987143321354253,0.2935432179277867,0.1695530699138676,-0.000491878290459214,0.4323002567320837,0.3152342530077885,-0.0004746899742807078,7.6,0.0,0.075,0.185,0.115
0.9580000000000001,12.0,3.0501655618143244e+16,-0.9470082692167481,0.33941912450694106,0.005145709574894756,-0.28184916762141105,0.1319803726688847,0.0016282183021027903,-0.6796784676302249,0.12937962761537103,0.003287069326575499,-0.9479837337603281,0.33273068598173666,0.005122857678968256,-0.3103277809393654,0.1278275651196768,0.0017262522014583038,-0.5706421485308308,0.18033082926177899,0.0030536470539748537,-0.9375333519174156,0.3287391857092665,0.005065090150506742,-0.3033908475718717,0.17677731215378273,0.0018925319207456733,-0.480772626570995,0.17465665806518718,0.002672306614690782,-0.94884850466702,0.17506143791000725,0.004495639219646947,0.10241858046807482,0.32547544929775946,0.0008690101892581519,-0.3598772334687385,0.3190617784792585,0.002764814042362521,0.20206412129138887,0.1716117570256556,-0.0001158310320567133,0.2945555835339046,0.1695530699138676,-0.0004959605920556764,0.430683731587455,0.3152342530077885,-0.00046826401489718085,7.6,0.0,0.075,0.185,0.115
0.96,12.0,3.0495941275656484e+16,-0.9470082692167481,0.33941912450694106,0.005145709574894757,-0.2886239395612561,0.1319803726688847,0.001655318161161183,-0.6668877863729784,0.12937962761537103,0.0032362323809823836,-0.947983733760328,0.33273068598173666,0.005122857678968259,-0.3169161109589146,0.1278275651196768,0.001752621384236169,-0.5581296264301222,0.18033082926177899,0.0030038919111704393,-0.9375333519174108,0.3287391857092665,0.005065090150506729,-0.31041575228570684,0.17677731215378273,0.0019206726389026177,-0.46806421965026873,0.17465665806518718,0.002621717138544729,-0.9488476673832061,0.17506143791000725,0.004495639770308109,0.09660488635342271,0.32547544929775946,0.0008922274753187385,-0.34754002887477775,0.3190617784792585,0.002715756047791988,0.20356338212681918,0.1716117570256556,-0.00012180945706293311,0.2955596498926334,0.1695530699138676,-0.000500010054480148,0.4290574030004679,0.3152342530077885,-0.00046179791431866593,7.6,0.0,0.075,0.185,0.115
0.962,12.0,3.0501655679362028e+16,-0.947008269216748,0.33941912450694106,0.005145709574894757,-0.29539759181483144,0.1319803726688847,0.0016824172489205633,-0.6540173986834054,0.12937962761537103,0.003185069655953398,-0.9479837337603272,0.33273068598173666,0.005122857678968258,-0.3234995711174809,0.1278275651196768,0.0017789747043143655,-0.5455450675882315,0.18033082926177899,0.002953841822767605,-0.9375333519174059,0.3287391857092665,0.005065090150506709,-0.31742943986674915,0.17677731215378273,0.0019487722577579583,-0.4552965137878218,0.17465665806518718,0.0025708835108618237,-0.9488474677767336,0.17506143791000725,0.0044956364211728534,0.0907838975913364,0.32547544929775946,0.000915482251777347,-0.33513158107746416,0.3190617784792585,0.0026664072294161453,0.20506724486256814,0.1716117570256556,-0.00012780650040465435,0.29655532833357295,0.1695530699138676,-0.0005040263199150632,0.4274215037907875,0.3152342530077885,-0.0004552925999707176,7.6,0.0,0.075,0.185,0.115
0.964,12.0,3.0501655507527896e+16,-0.9470082692167481,0.33941912450694106,0.005145709574894756,-0.30216919472720566,0.1319803726688847,0.0017095118579348646,-0.6410690524424186,0.12937962761537103,0.0031335881051951057,-0.9479837337603266,0.33273068598173666,0.0051228576789682555,-0.3300772549716932,0.1278275651196768,0.0018053085449486308,-0.5328901800808904,0.18033082926177899,0.0029035035874000422,-0.9375333519174014,0.3287391857092665,0.005065090150506689,-0.32443096664456034,0.17677731215378273,0.0019768270080821274,-0.44247125462451187,0.17465665806518718,0.0025198126874120363,-0.9488481679960911,0.17506143791000725,0.004495635622746964,0.08495666131564819,0.32547544929775946,0.0009387662068256923,-0.32265351985208907,0.3190617784792585,0.0026167734382268907,0.20657565608912334,0.1716117570256556,-0.00013382195134765019,0.2975425309843878,0.1695530699138676,-0.0005080090336788215,0.4257762677107276,0.3152342530077885,-0.0004487490031319961,7.6,0.0,0.075,0.185,0.115
0.966,12.0,3.0501655575648076e+16,-0.9470082692167482,0.33941912450694106,0.005145709574894757,-0.3089378159768946,0.1319803726688847,0.0017365982695843613,-0.6280445047474564,0.12937962761537103,0.0030817947202311587,-0.9479837337603264,0.33273068598173666,0.005122857678968253,-0.3366482539447346,0.1278275651196768,0.00183161928036548,-0.5201666801688243,0.18033082926177899,0.0028528840373706777,-0.9375333519173976,0.3287391857092665,0.005065090150506672,-0.33141938771352336,0.17677731215378273,0.0020048331151933723,-0.4295901942613986,0.17465665806518718,0.0024685116507587963,-0.9488492228597937,0.17506143791000725,0.004495638423624393,0.07912360871366127,0.32547544929775946,0.000962075151928445,-0.3101075777084976,0.3190617784792585,0.00256686119332539,0.208088561671829,0.1716117570256556,-0.00013985559625387102,0.29852117078478746,0.1695530699138676,-0.0005119578442820809,0.4241219294145257,0.3152342530077885,-0.00044216805881175625,7.6,0.0,0.075,0.185,0.115
0.968,12.0,3.0495940103486116e+16,-0.947008269216748,0.33941912450694106,0.005145709574894757,-0.3157025207032416,0.1319803726688847,0.0017636727545831175,-0.6149455216735447,0.12937962761537103,0.0030296965294513097,-0.947983733760325,0.33273068598173666,0.005122857678968252,-0.3432116574506486,0.1278275651196768,0.0018579032762576456,-0.5073762920643836,0.18033082926177899,0.002801990037722413,-0.9375333519173944,0.3287391857092665,0.005065090150506657,-0.3383937570610356,0.17677731215378273,0.0020327867994692243,-0.41665509102075954,0.17465665806518718,0.0024169874093063434,-0.9488471074288648,0.17506143791000725,0.004495642643079204,0.07328289119791073,0.32547544929775946,0.0009854073623363929,-0.29749584402261375,0.3190617784792585,0.0025166774247510244,0.20960590675179658,0.1716117570256556,-0.00014590721858469358,0.29949116150041066,0.1695530699138676,-0.0005158724034836795,0.4224587244275256,0.3152342530077885,-0.0004355507056269488,7.6,0.0,0.075,0.185,0.115
0.97,12.0,3.0501655550407068e+16,-0.9470082692167482,0.33941912450694106,0.005145709574894756,-0.32246237163430386,0.1319803726688847,0.0017907315734885052,-0.6017738780331926,0.12937962761537103,0.002977300597155663,-0.9479837337603237,0.33273068598173666,0.005122857678968247,-0.3497665530190726,0.1278275651196768,0.0018841568902813015,-0.4945207476971508,0.18033082926177899,0.0027508284853046505,-0.9375333519173902,0.3287391857092665,0.005065090150506643,-0.34535312769600635,0.17677731215378273,0.0020606842768592735,-0.40366770920632145,0.17465665806518718,0.002365246996343787,-0.9488478813175267,0.17506143791000725,0.004495634181355488,0.06744000623348723,0.32547544929775946,0.001008770232399395,-0.2848192956036635,0.3190617784792585,0.0024662304900074893,0.2111276357469145,0.1716117570256556,-0.00015197659890456395,0.3004524177366119,0.1695530699138676,-0.0005197523663461723,0.42078688911526996,0.3152342530077885,-0.0004288978856789483,7.6,0.0,0.075,0.185,0.115
0.972,12.0,3.0501655685317412e+16,-0.9470082692167479,0.33941912450694106,0.005145709574894757,-0.3292164292152272,0.1319803726688847,0.001817770977212754,-0.5885313571351631,0.12937962761537103,0.0029246140225942545,-0.9479837337603225,0.33273068598173666,0.005122857678968242,-0.35631202642039256,0.1278275651196768,0.0019103764725549976,-0.4816017864785563,0.18033082926177899,0.0026994063078357193,-0.937533351917386,0.3287391857092665,0.0050650901505066275,-0.35229655177764224,0.17677731215378273,0.0020885217593991563,-0.3906298188627326,0.17465665806518718,0.0023132974690860345,-0.948847368019137,0.17506143791000725,0.0044956372769101366,0.06159261099699965,0.32547544929775946,0.0010321417722570889,-0.2720801137073777,0.3190617784792585,0.0024155242963316875,0.21265369235295675,0.1716117570256556,-0.00015806351488503568,0.3014048549521473,0.1695530699138676,-0.0005235973912909773,0.41910666065250873,0.3152342530077885,-0.0004222105444299258,7.6,0.0,0.075,0.185,0.115
0.974,12.0,3.0501655528347988e+16,-0.9470082692167481,0.33941912450694106,0.005145709574894756,-0.3359637517370845,0.1319803726688847,0.0018447872075364477,-0.5752197505421464,0.12937962761537103,0.0028716439390021366,-0.9479837337603217,0.33273068598173666,0.005122857678968237,-0.3628471617912865,0.1278275651196768,0.0019365583661602776,-0.46862115506553964,0.18033082926177899,0.002647730462961341,-0.9375333519173817,0.3287391857092665,0.005065090150506609,-0.3592230807445053,0.17677731215378273,0.0021162954557257,-0.37754319553432,0.17465665806518718,0.0022611459077116793,-0.9488478146758604,0.17506143791000725,0.004495635223716577,0.05574328737626407,0.32547544929775946,0.0010555313532030393,-0.25927973649309793,0.3190617784792585,0.0023645675687465452,0.21418401954479108,0.1716117570256556,-0.00016416774130920464,0.30234838947275783,0.1695530699138676,-0.0005274071401531188,0.4174182769921263,0.3152342530077885,-0.0004154896305788809,7.6,0.0,0.075,0.185,0.115
0.976,12.0,3.050165560847321e+16,-0.9470082692167489,0.33941912450694106,0.005145709574894757,-0.3427033954661716,0.1319803726688847,0.001871776497623877,-0.5618408578273693,0.12937962761537103,0.0028183975126300697,-0.9479837337603206,0.33273068598173666,0.005122857678968234,-0.3693710417606501,0.1278275651196768,0.0019626989076438534,-0.4555806071232855,0.18033082926177899,0.0025958079373092744,-0.937533351917378,0.3287391857092665,0.005065090150506594,-0.3661317654438242,0.17677731215378273,0.002144001571593152,-0.36440962002315236,0.17465665806518718,0.002208799414398029,-0.9488486661617943,0.17506143791000725,0.00449563701034347,0.049892472087315634,0.32547544929775946,0.0010789286476859817,-0.2464199368597487,0.3190617784792585,0.0023133660598894257,0.21571855957768726,0.1716117570256556,-0.00017028905007654193,0.3032829385046472,0.1695530699138676,-0.0005311812782355609,0.41572197683399204,0.3152342530077885,-0.00040873609593735115,7.6,0.0,0.075,0.185,0.115
0.978,12.0,3.049594068065231e+16,-0.94700826921675,0.33941912450694106,0.0051457095748947594,-0.3494344147737344,0.1319803726688847,0.0018987350725402253,-0.5483964863301746,0.12937962761537103,0.0027648819417709614,-0.9479837337603197,0.33273068598173666,0.0051228576789682295,-0.3758827475758825,0.1278275651196768,0.0019887944275213077,-0.44248190308706303,0.18033082926177899,0.002543645745540258,-0.9375333519173742,0.3287391857092665,0.005065090150506577,-0.3730216562610409,0.17677731215378273,0.0021716363103904276,-0.3512308781464514,0.17465665806518718,0.002156265112353358,-0.9488463891910549,0.17506143791000725,0.0044956404162872065,0.044038321921487524,0.32547544929775946,0.0011023319088417753,-0.2335028428547805,0.3190617784792585,0.0022619268613560286,0.21725725398872528,0.1716117570256556,-0.0001764272102081267,0.3042084201478525,0.1695530699138676,-0.0005349194743631185,0.4140179995937384,0.3152342530077885,-0.0004019508953048141,7.6,0.0,0.075,0.185,0.115
0.98,12.0,3.050165560016737e+16,-0.9470082692167507,0.33941912450694106,0.005145709574894764,-0.35615586226611173,0.1319803726688847,0.0019256591497704765,-0.5348884509106038,0.12937962761537103,0.0027111044557821826,-0.9479837337603195,0.33273068598173666,0.005122857678968225,-0.38238135922952005,0.1278275651196768,0.0020148412507822373,-0.4293268099232026,0.18033082926177899,0.0024912509293953684,-0.937533351917372,0.3287391857092665,0.005065090150506563,-0.3798918032495735,0.17677731215378273,0.002199195873659295,-0.3380087604933775,0.17465665806518718,0.002103550144846554,-0.9488470363682732,0.17506143791000725,0.004495631308404248,0.038186342268889895,0.32547544929775946,0.0011257485095050876,-0.2205294697156151,0.3190617784792585,0.002210258485336156,0.21880004359830385,0.1716117570256556,-0.00018258198785227876,0.30512475340950485,0.1695530699138676,-0.0005386214009359396,0.41230658537147036,0.3152342530077885,-0.0003951349863437996,7.6,0.0,0.075,0.185,0.115
0.982,12.0,3.0495941158132244e+16,-0.9470082692167501,0.33941912450694106,0.005145709574894767,-0.3628667889152782,0.1319803726688847,0.001952544939739986,-0.5213185737030154,0.12937962761537103,0.0026570723141038995,-0.9479837337603199,0.33273068598173666,0.005122857678968224,-0.38886595558619524,0.1278275651196768,0.0020408356973967874,-0.4161171008892471,0.18033082926177899,0.0024386305567399265,-0.9375333519173709,0.3287391857092665,0.005065090150506555,-0.38674125626078565,0.17677731215378273,0.0022266764616134254,-0.32474506218122534,0.17465665806518718,0.0020506616742342588,-0.9488482491537562,0.17506143791000725,0.004495633897113121,0.03233559426913732,0.32547544929775946,0.0011491564281154783,-0.20750182180526336,0.3190617784792585,0.0021583649927794943,0.2203468685117499,0.1716117570256556,-0.00018875314629059303,0.30603185821697837,0.1695530699138676,-0.000542286733982549,0.4105879749204105,0.3152342530077885,-0.0003882893294547274,7.6,0.0,0.075,0.185,0.115
0.984,12.0,3.050165564338582e+16,-0.9470082692167493,0.33941912450694106,0.005145709574894765,-0.3695662441897629,0.1319803726688847,0.0019793886463366516,-0.5076886838687757,0.12937962761537103,0.002602792805273546,-0.947983733760321,0.33273068598173666,0.005122857678968226,-0.39533561450990473,0.1278275651196768,0.002066774082823488,-0.4028545552933071,0.18033082926177899,0.002385791720604104,-0.9375333519173713,0.3287391857092665,0.0050650901505065495,-0.3935690650741317,0.17677731215378273,0.0022540742736582736,-0.31144158261106514,0.17465665806518718,0.00199760688098565,-0.94884807754569,0.17506143791000725,0.004495638748255054,0.02648545396999115,0.32547544929775946,0.0011725594201144887,-0.19442186219956545,0.3190617784792585,0.0021062544011380877,0.2218976681210286,0.1716117570256556,-0.0001949404459443772,0.3069296554309245,0.1695530699138676,-0.0005459151532124431,0.4088624096154842,0.3152342530077885,-0.00038141488765048795,7.6,0.0,0.075,0.185,0.115
0.986,12.0,3.0501655470587892e+16,-0.9470082692167491,0.33941912450694106,0.005145709574894761,-0.37625327618593746,0.1319803726688847,0.0020061864674345907,-0.49400061734805073,0.12937962761537103,0.0025482732459365873,-0.9479837337603223,0.33273068598173666,0.005122857678968231,-0.40178941299157084,0.1278275651196768,0.002092652718518326,-0.3895409582526531,0.18033082926177899,0.0023327415382203443,-0.9375333519173714,0.3287391857092665,0.005065090150506551,-0.40037427952747195,0.17677731215378273,0.002281385508911658,-0.2981001252228615,0.17465665806518718,0.0019443929627050091,-0.9488487969141841,0.17506143791000725,0.004495638061822789,0.02063853780976979,0.32547544929775946,0.0011959599813110733,-0.1812910668130018,0.3190617784792585,0.0020539345627152957,0.22345238110655477,0.1716117570256556,-0.00020114364438149202,0.30781806685818996,0.1695530699138676,-0.0005495063420682275,0.40713013142184845,0.3152342530077885,-0.00037451262643078276,7.6,0.0,0.075,0.185,0.115
0.988,12.0,3.0501655537947412e+16,-0.947008269216749,0.33941912450694106,0.00514570957489476,-0.38292693175964543,0.1319803726688847,0.0020329345954192887,-0.4802562166107365,0.12937962761537103,0.0024935209798536873,-0.9479837337603237,0.33273068598173666,0.005122857678968236,-0.4082264272768776,0.1278275651196768,0.0021184679124449904,-0.3761781004515746,0.18033082926177899,0.0022794871500577286,-0.9375333519173712,0.3287391857092665,0.005065090150506552,-0.407155949647528,0.17677731215378273,0.0023086063667250183,-0.28472249725010274,0.17465665806518718,0.001891027133152195,-0.9488498636464354,0.17506143791000725,0.004495640939296766,0.014795303154784157,0.32547544929775946,0.0012193476459519586,-0.16811124667287888,0.3190617784792585,0.0020014113811690415,0.22501094543910544,0.1716117570256556,-0.00020736249632359672,0.3086970152646159,0.1695530699138676,-0.0005530599877772895,0.4053913828633691,0.3152342530077885,-0.00036758351365623977,7.6,0.0,0.075,0.185,0.115
0.99,12.0,3.050165566288087e+16,-0.9470082692167489,0.33941912450694106,0.00514570957489476,-0.38958625665815727,0.1319803726688847,0.0020596292177141205,-0.4664573304065608,0.12937962761537103,0.00243854337690443,-0.9479837337603249,0.33273068598173666,0.005122857678968242,-0.4146457329943648,0.1278275651196768,0.0021442159695862174,-0.36276777789854436,0.18033082926177899,0.0022260357188534146,-0.9375333519173713,0.3287391857092665,0.005065090150506551,-0.4139131257804754,0.17677731215378273,0.0023357330472052427,-0.271310509473969,0.17465665806518718,0.00183751662126116,-0.9488477541147453,0.17506143791000725,0.00449564520622577,0.008953924768277615,0.32547544929775946,0.0012427205845719012,-0.15488456650544402,0.3190617784792585,0.0019486921006085494,0.22657329838183382,0.1716117570256556,-0.00021359675365379937,0.30956642438771614,0.1695530699138676,-0.0005565757814029932,0.4036464069910503,0.3152342530077885,-0.0003606285194223224,7.6,0.0,0.075,0.185,0.115
0.992,12.0,3.050165558212423e+16,-0.9470082692167487,0.33941912450694106,0.0051457095748947594,-0.3962302956524354,0.1319803726688847,0.002086266517308168,-0.45260581351438955,0.12937962761537103,0.0023833478320877273,-0.9479837337603256,0.33273068598173666,0.005122857678968246,-0.4210464052837632,0.1278275651196768,0.002169893192456167,-0.34931179168271265,0.18033082926177899,0.0021723944286412933,-0.9375333519173715,0.3287391857092665,0.005065090150506551,-0.4206448587226455,0.17677731215378273,0.0023627617517370325,-0.25786597597708094,0.17465665806518718,0.001783868670156625,-0.9488469053285714,0.17506143791000725,0.0044956367680990105,0.003118680773069076,0.32547544929775946,0.0012660860981179274,-0.1416122671923932,0.3190617784792585,0.00189578537993881,0.22813937649238503,0.1716117570256556,-0.00021984616542471293,0.3104262189492322,0.1695530699138676,-0.0005600534178953942,0.40189544735142024,0.3152342530077885,-0.0003536486159330472,7.6,0.0,0.075,0.185,0.115
0.994,12.0,3.049594092622892e+16,-0.9470082692167485,0.33941912450694106,0.0051457095748947594,-0.402858092669689,0.1319803726688847,0.0021128426732852806,-0.43870352649077304,0.12937962761537103,0.0023279417645190423,-0.9479837337603257,0.33273068598173666,0.0051228576789682494,-0.4274275189245478,0.1278275651196768,0.00219549588161376,-0.335811947729781,0.18033082926177899,0.0021185704837779666,-0.9375333519173717,0.3287391857092665,0.005065090150506553,-0.42735019985131734,0.17677731215378273,0.002389688683505713,-0.24439071389686262,0.17465665806518718,0.0017300905361690723,-0.9488485364137584,0.17506143791000725,0.004495633372954315,-0.002708615905825413,0.32547544929775946,0.0012894270740987615,-0.12829597058228612,0.3190617784792585,0.001842696182686607,0.22970911562511337,0.1716117570256556,-0.00022611047786691774,0.311276324667563,0.1695530699138676,-0.0005634925961414585,0.4001387479548779,0.3152342530077885,-0.00034664477737452696,7.6,0.0,0.075,0.185,0.115
0.996,12.0,3.050165560650919e+16,-0.9470082692167483,0.33941912450694106,0.005145709574894759,-0.4094686909262011,0.1319803726688847,0.002139353861354295,-0.42475233541776547,0.12937962761537103,0.0022723326164245765,-0.9479837337603255,0.33273068598173666,0.0051228576789682494,-0.433788148464699,0.1278275651196768,0.002221020336176898,-0.3222700565572695,0.18033082926177899,0.00206457110796624,-0.9375333519173711,0.3287391857092665,0.005065090150506553,-0.43402820125558855,0.17677731215378273,0.0024165100480204003,-0.2308865431785452,0.17465665806518718,0.0016761894878481991,-0.9488487020295149,0.17506143791000725,0.004495639897295063,-0.008530109905458497,0.32547544929775946,0.0013127362608143396,-0.11493790645678835,0.3190617784792585,0.0017894309962461783,0.23128245093340158,0.1716117570256556,-0.0002323894343978311,0.31211666827006707,0.1695530699138676,-0.0005668930190147817,0.3983765532440045,0.3152342530077885,-0.0003396179797883576,7.6,0.0,0.075,0.185,0.115
0.998,12.0,3.0495941099844384e+16,-0.9470082692167481,0.33941912450694106,0.005145709574894758,-0.41606113306040976,0.1319803726688847,0.0021657962543803434,-0.4107541116500523,0.12937962761537103,0.002216527852132546,-0.9479837337603249,0.33273068598173666,0.005122857678968249,-0.44012736834965344,0.1278275651196768,0.0022464628543375034,-0.30868793302921577,0.18033082926177899,0.002010403543276194,-0.9375333519173716,0.3287391857092665,0.005065090150506551,-0.4406779158673016,0.17677731215378273,0.002443222053637485,-0.21735528632784598,0.17465665806518718,0.0016221728049749297,-0.9488478862458428,0.17506143791000725,0.004495640559758088,-0.014344549617742453,0.32547544929775946,0.001336022236812872,-0.10153979230297971,0.3190617784792585,0.0017359987397441874,0.23285931687208186,0.1716117570256556,-0.00023868277563098396,0.3129471775052353,0.1695530699138676,-0.0005702543934247979,0.3966091080618438,0.3152342530077885,-0.000332569200944864,7.6,0.0,0.075,0.185,0.115
1.0,12.0,3.050165566549105e+16,-0.9470082692167482,0.33941912450694106,0.005145709574894757,-0.4226344612662244,0.1319803726688847,0.002192166022917178,-0.39671073156142117,0.12937962761537103,0.0021605349570616933,-0.9479837337603243,0.33273068598173666,0.005122857678968246,-0.4464442530514187,0.1278275651196768,0.002271819733877321,-0.29506739611035054,0.18033082926177899,0.001956075049163979,-0.9375333519173721,0.3287391857092665,0.005065090150506553,-0.44729839759201484,0.17677731215378273,0.0024698209120843375,-0.20379876816336545,0.17465665806518718,0.0015680477775721327,-0.9488477027893365,0.17506143791000725,0.0044956372966234,-0.020149816532265462,0.32547544929775946,0.0013592799956620076,-0.08810321832168272,0.3190617784792585,0.0016824062831289528,0.23443964719995902,0.1716117570256556,-0.0002449902393857051,0.313767781154732,0.1695530699138676,-0.0005735764303654709,0.3948366576201559,0.3152342530077885,-0.0003254994202162211,7.6,0.0,0.075,0.185,0.115
1.002,12.0,3.0501655493030616e+16,-0.947008269216748,0.33941912450694106,0.005145709574894757,-0.42918771742656137,0.1319803726688847,0.0022184593357404366,-0.38262407629060663,0.12937962761537103,0.002104361436707169,-0.947983733760324,0.33273068598173666,0.005122857678968244,-0.45273787719784153,0.1278275651196768,0.002297087272684382,-0.2814102686197748,0.18033082926177899,0.001901592901488518,-0.9375333519173712,0.3287391857092665,0.005065090150506555,-0.45388870143999016,0.17677731215378273,0.0024963028389831904,-0.1902188155687239,0.17465665806518718,0.0015138217049142106,-0.9488484147306855,0.17506143791000725,0.0044956365627973754,-0.02594482669085168,0.32547544929775946,0.0013825010633200996,-0.07462993669104735,0.3190617784792585,0.0016286599872037649,0.23602337498243547,0.1716117570256556,-0.00025131156069721375,0.3145784090453019,0.1695530699138676,-0.0005768588449634576,0.3930594474676484,0.3152342530077885,-0.0003184096184494696,7.6,0.0,0.075,0.185,0.115
1.004,12.0,3.050165556065212e+16,-0.9470082692167482,0.33941912450694106,0.005145709574894756,-0.43571994324707436,0.1319803726688847,0.0022446723603817844,-0.3684960314865499,0.12937962761537103,0.0020480148156239108,-0.9479837337603237,0.33273068598173666,0.0051228576789682425,-0.45900731570201375,0.1278275651196768,0.002322261769270074,-0.2677183769841616,0.18033082926177899,0.0018469643915262153,-0.9375333519173709,0.3287391857092665,0.005065090150506551,-0.4604478836571843,0.17677731215378273,0.0025226640543750917,-0.17661725724447927,0.17465665806518718,0.0014595018945356441,-0.9488494776609503,0.17506143791000725,0.004495639410562771,-0.031729114318476644,0.32547544929775946,0.0014056811039544446,-0.06112179799583612,0.3190617784792585,0.0015747668606812234,0.23761043259423836,0.1716117570256556,-0.0002576464718271195,0.3153789920605418,0.1695530699138676,-0.0005801013565257372,0.3912777234581891,0.3152342530077885,-0.00031130077783943965,7.6,0.0,0.075,0.185,0.115
1.006,12.0,3.0501655685707336e+16,-0.9470082692167479,0.33941912450694106,0.005145709574894757,-0.4422301803900724,0.1319803726688847,0.0022708012636638362,-0.35432848705310016,0.12937962761537103,0.001991502636407684,-0.9479837337603232,0.33273068598173666,0.005122857678968242,-0.46525164389178714,0.1278275651196768,0.0023473395232867624,-0.25399355099054144,0.18033082926177899,0.0017921968249837623,-0.9375333519173715,0.3287391857092665,0.0050650901505065495,-0.46697500185623064,0.17677731215378273,0.0025489007832438684,-0.1629959234598604,0.17465665806518718,0.001405095661238666,-0.9488473672875266,0.17506143791000725,0.00449564366228383,-0.037504497164083904,0.32547544929775946,0.0014288182544649444,-0.04758100457889585,0.3190617784792585,0.0015207343059003785,0.23920075172224858,0.1716117570256556,-0.0002639947022743311,0.316169462152534,0.1695530699138676,-0.000583303688586697,0.3894917317190045,0.3152342530077885,-0.0003041738818016024,7.6,0.0,0.075,0.185,0.115
1.008,12.0,3.0501655604810892e+16,-0.9470082692167481,0.33941912450694106,0.005145709574894756,-0.44871747060859124,0.1319803726688847,0.002296842212235828,-0.34012333689320084,0.12937962761537103,0.0019348324586738847,-0.9479837337603241,0.33273068598173666,0.00512285767896824,-0.4714699376393899,0.1278275651196768,0.002372316836045856,-0.2402376235386799,0.18033082926177899,0.0017372975210092818,-0.9375333519173717,0.3287391857092665,0.005065090150506553,-0.47346911514738665,0.17677731215378273,0.002575009256040054,-0.14935664580434485,0.17465665806518718,0.0013506103261001904,-0.9488465200613657,0.17506143791000725,0.004495635220790136,-0.04326669092444807,0.32547544929775946,0.0014519197858473734,-0.034008832812969084,0.3190617784792585,0.0014665711322326175,0.24079426336843196,0.1716117570256556,-0.00027035597878637195,0.3169497523533399,0.1695530699138676,-0.0005864655689546656,0.3877017186188683,0.3152342530077885,-0.00029702991484486385,7.6,0.0,0.075,0.185,0.115
1.01,12.0,3.0495941232779316e+16,-0.9470082692167489,0.33941912450694106,0.005145709574894757,-0.45518085588061635,0.1319803726688847,0.002322791373109904,-0.32588247865258935,0.12937962761537103,0.0018780118580342875,-0.9479837337603256,0.33273068598173666,0.005122857678968243,-0.47766127349112436,0.1278275651196768,0.002397190011036267,-0.22645243039309962,0.18033082926177899,0.0016822738112018355,-0.9375333519173711,0.3287391857092665,0.005065090150506553,-0.4799292842694292,0.17677731215378273,0.0026009857092046777,-0.13570125693911667,0.17465665806518718,0.001296053215478128,-0.9488481546427818,0.17506143791000725,0.004495631831885492,-0.04901387715487596,0.32547544929775946,0.00147496856088883,-0.020406938238504424,0.3190617784792585,0.0014122824451689101,0.2423908978528722,0.1716117570256556,-0.0002767300253711055,0.31771979678635187,0.1695530699138676,-0.0005895867297578892,0.38590793073628454,0.3152342530077885,-0.00028986986244431925,7.6,0.0,0.075,0.185,0.115
1.012,12.0,3.0501655628705844e+16,-0.94700826921675,0.33941912450694106,0.0051457095748947594,-0.4616193785434276,0.1319803726688847,0.002348644914198004,-0.31160781346304567,0.12937962761537103,0.0018210484250718415,-0.9479837337603282,0.33273068598173666,0.0051228576789682494,-0.4838247287971266,0.1278275651196768,0.0024219553544432048,-0.21263980993476153,0.18033082926177899,0.0016271330386195145,-0.9375333519173716,0.3287391857092665,0.005065090150506551,-0.4863545717204827,0.17677731215378273,0.002626826385692848,-0.12203159034843891,0.17465665806518718,0.0012414316600172154,-0.9488483253044178,0.17506143791000725,0.004495638370211157,-0.054748195458043686,0.32547544929775946,0.0014979573058105419,-0.006777582621159404,0.3190617784792585,0.0013578748668710517,0.2439905848169058,0.1716117570256556,-0.0002831165633088665,0.3184795306775014,0.1695530699138676,-0.0005926669074899371,0.3841106148276684,0.3152342530077885,-0.00028269471091398415,7.6,0.0,0.075,0.185,0.115
1.014,12.0,3.049594139730485e+16,-0.9470082692167507,0.33941912450694106,0.005145709574894764,-0.468032081428051,0.1319803726688847,0.0023743990048492496,-0.29730124568522875,0.12937962761537103,0.0017639497643136667,-0.9479837337603304,0.33273068598173666,0.005122857678968259,-0.4899593818411696,0.1278275651196768,0.0024466091756672136,-0.1988016029124607,0.18033082926177899,0.001571882556786162,-0.9375333519173721,0.3287391857092665,0.005065090150506553,-0.4927440418887663,0.17677731215378273,0.002652527535497062,-0.10834948009097567,0.17465665806518718,0.0011867529936545043,-0.9488475157927638,0.17506143791000725,0.0044956390528577,-0.060468390626717196,0.32547544929775946,0.0015208945790232127,0.006877486746184458,0.3190617784792585,0.0013033574444016715,0.24559325322635867,0.1716117570256556,-0.00028951531116500084,0.31922889036632107,0.1695530699138676,-0.0005957058430545352,0.3823100177955301,0.3152342530077885,-0.0002755054472795195,7.6,0.0,0.075,0.185,0.115
1.016,12.0,3.0501655686923856e+16,-0.9470082692167502,0.33941912450694106,0.005145709574894767,-0.4744180079937991,0.1319803726688847,0.002400049816387743,-0.2829646826511309,0.12937962761537103,0.0017067234932023991,-0.9479837337603321,0.33273068598173666,0.0051228576789682685,-0.49606431197049267,0.1278275651196768,0.0024711477878433855,-0.1849396521939514,0.18033082926177899,0.0015165297286969589,-0.9375333519173712,0.3287391857092665,0.005065090150506555,-0.4990967611832313,0.17677731215378273,0.0026780854161701966,-0.09465676055109386,0.17465665806518718,0.0011320245526246513,-0.9488473395647687,0.17506143791000725,0.0044956358148110845,-0.06617234167353414,0.32547544929775946,0.0015437753596979067,0.02055665187707116,0.3190617784792585,0.0012487371669322963,0.24719883137488444,0.1716117570256556,-0.0002959259848028123,0.31996781331685925,0.1695530699138676,-0.0005987032818098139,0.3805063866566657,0.3152342530077885,-0.0002683030591509663,7.6,0.0,0.075,0.185,0.115
1.018,12.0,3.050165551390115e+16,-0.9470082692167494,0.33941912450694106,0.005145709574894765,-0.48077620246287867,0.1319803726688847,0.0024255935226507354,-0.268600034406189,0.12937962761537103,0.0016493772410660077,-0.947983733760333,0.33273068598173666,0.0051228576789682755,-0.5021385997256407,0.1278275651196768,0.002495567508360678,-0.17105580251684843,0.18033082926177899,0.0014610819258229215,-0.9375333519173709,0.3287391857092665,0.005065090150506551,-0.5054117981640749,0.17677731215378273,0.0027034962933480565,-0.08095526619018388,0.17465665806518718,0.0010772536744651242,-0.9488480594675283,0.17506143791000725,0.004495635109899104,-0.07185896307945498,0.32547544929775946,0.0015665911638851745,0.03425813472380408,0.3190617784792585,0.0011940205064087492,0.24880724688740433,0.1716117570256556,-0.0003023482973969154,0.32069623812844494,0.1695530699138676,-0.0006016589736119667,0.3786999685103587,0.3152342530077885,-0.00026108853459550873,7.6,0.0,0.075,0.185,0.115
1.02,12.0,3.050165558105724e+16,-0.947008269216749,0.33941912450694106,0.005145709574894762,-0.4871057099550539,0.1319803726688847,0.0024510263005270536,-0.25420921345108477,0.12937962761537103,0.0015919186480862402,-0.9479837337603342,0.33273068598173666,0.005122857678968279,-0.5081813269702927,0.1278275651196768,0.0025198646593812698,-0.15715190023933137,0.18033082926177899,0.0014055465271145095,-0.9375333519173715,0.3287391857092665,0.0050650901505065495,-0.5116882236731214,0.17677731215378273,0.0027287564412714306,-0.06724683129802855,0.17465665806518718,0.0010224476970214843,-0.9488491309069264,0.17506143791000725,0.004495637989510142,-0.07752778806278675,0.32547544929775946,0.0015893376495088578,0.04798006056607962,0.3190617784792585,0.0011392145750218176,0.2504184267236484,0.1716117570256556,-0.00030878195944699494,0.3214141045463013,0.1695530699138676,-0.0006045726728583094,0.3768910105065967,0.3152342530077885,-0.00025386286201028074,7.6,0.0,0.075,0.185,0.115
1.022,12.0,3.049594016606252e+16,-0.9470082692167486,0.33941912450694106,0.00514570957489476,-0.4934055766223406,0.1319803726688847,0.0024763443304957546,-0.23979413448327042,0.12937962761537103,0.0015343553642658233,-0.947983733760335,0.33273068598173666,0.005122857678968283,-0.514191577021067,0.1278275651196768,0.0025440355683598783,-0.14322979309068928,0.18033082926177899,0.0013499309180044414,-0.9375333519173717,0.3287391857092665,0.005065090150506553,-0.5179251109640417,0.17677731215378273,0.0027538621433076164,-0.05353328974425602,0.17465665806518718,0.000967613957452863,-0.9488470294382183,0.17506143791000725,0.004495642275267734,-0.08318063361893831,0.32547544929775946,0.001612012949442185,0.06172020450879549,0.3190617784792585,0.0010843268716527155,0.2520322971817977,0.1716117570256556,-0.0003152266787919712,0.3221213534720059,0.1695530699138676,-0.0006074441385297349,0.37507975981430786,0.3152342530077885,-0.00024662702999523267,7.6,0.0,0.075,0.185,0.115
1.024,12.0,3.050165555429961e+16,-0.9470082692167483,0.33941912450694106,0.005145709574894759,-0.4996748497837124,0.1319803726688847,0.002501543797164901,-0.22535671413825525,0.12937962761537103,0.0014766950483945658,-0.9479837337603343,0.33273068598173666,0.005122857678968287,-0.5201684347772766,0.1278275651196768,0.002568076568562975,-0.12929132992173753,0.18033082926177899,0.0012942424894098732,-0.9375333519173711,0.3287391857092665,0.005065090150506553,-0.5241215358323953,0.17677731215378273,0.002778809692471298,-0.03981647472990808,0.17465665806518718,0.0009127597912377729,-0.9488478150904035,0.17506143791000725,0.004495633869392902,-0.08881197406332733,0.32547544929775946,0.0016346243316667911,0.0754774606206709,0.3190617784792585,0.0010293662958818519,0.25364878390222806,0.1716117570256556,-0.00032168216062456844,0.32281792697379563,0.1695530699138676,-0.0006102731342325532,0.3732664635896207,0.3152342530077885,-0.00023938202722607738,7.6,0.0,0.075,0.185,0.115
1.026,12.0,3.0501655688639732e+16,-0.9470082692167474,0.33941912450694106,0.005145709574894758,-0.5059125780598048,0.1319803726688847,0.0025266208898103884,-0.21089887073068736,0.12937962761537103,0.0014189453670145052,-0.947983733760332,0.33273068598173666,0.005122857678968284,-0.5261109868506231,0.1278275651196768,0.0025919839995878135,-0.11533836045514169,0.18033082926177899,0.0012384886367340661,-0.9375333519173716,0.3287391857092665,0.005065090150506551,-0.5302765767454776,0.17677731215378273,0.002803595391944712,-0.02609821853916469,0.17465665806518718,0.0008578925311803811,-0.9488473117062898,0.17506143791000725,0.004495637012001643,-0.09442412639603674,0.32547544929775946,0.0016571496934443472,0.08924952445314847,0.3190617784792585,0.0009743372714343504,0.25526781187135383,0.1716117570256556,-0.0003281481075062899,0.3235037682967152,0.1695530699138676,-0.0006130594282397121,0.3714513689441515,0.3152342530077885,-0.00023212884232732867,7.6,0.0,0.075,0.185,0.115
1.028,12.0,3.050165553116543e+16,-0.9470082692167475,0.33941912450694106,0.005145709574894754,-0.5121178115075923,0.1319803726688847,0.0025515718029147584,-0.19642252399526638,0.12937962761537103,0.0013611139933842335,-0.9479837337603306,0.33273068598173666,0.005122857678968275,-0.5320183216948091,0.1278275651196768,0.0026157542078811993,-0.10137273503567994,0.18033082926177899,0.0011826767588676828,-0.9375333519173721,0.3287391857092665,0.005065090150506553,-0.536389314971963,0.17677731215378273,0.0028282155555970413,-0.012380352291250066,0.17465665806518718,0.0008030195064174076,-0.9488477667215435,0.17506143791000725,0.004495634998465188,-0.1000144878607831,0.32547544929775946,0.001679598302775185,0.10303484187992246,0.3190617784792585,0.00091924901610444,0.2568893054255728,0.1716117570256556,-0.00033462421938279296,0.3241788218726061,0.1695530699138676,-0.0006158027935313904,0.36963472291332405,0.3152342530077885,-0.0002248684637454519,7.6,0.0,0.075,0.185,0.115
1.03,12.0,3.050165561088156e+16,-0.9470082692167483,0.33941912450694106,0.005145709574894754,-0.518289601755029,0.1319803726688847,0.002576392736705908,-0.18192959482752336,0.12937962761537103,0.0013032086064425498,-0.9479837337603294,0.33273068598173666,0.005122857678968269,-0.5378895297350563,0.1278275651196768,0.0026393835472579433,-0.08739630438048598,0.18033082926177899,0.0011268142571898357,-0.9375333519173712,0.3287391857092665,0.005065090150506555,-0.5424588347113112,0.17677731215378273,0.002852666508502983,0.0013352943074434846,0.17465665806518718,0.000748148041425749,-0.9488486252571514,0.17506143791000725,0.0044956368185262024,-0.10558260285730874,0.32547544929775946,0.0017019597486341703,0.11683152979229446,0.3190617784792585,0.0008641077463973441,0.2585131882553111,0.1716117570256556,-0.0003411101935996689,0.3248430333299362,0.1695530699138676,-0.0006185030078349541,0.3678167724247253,0.3152342530077885,-0.00021760187962214218,7.6,0.0,0.075,0.185,0.115
1.032,12.0,3.049594070870247e+16,-0.9470082692167483,0.33941912450694106,0.005145709574894758,-0.5244270021356265,0.1319803726688847,0.0026010798976956553,-0.16742200502449786,0.12937962761537103,0.0012452368897715776,-0.9479837337603282,0.33273068598173666,0.005122857678968264,-0.5437237034974991,0.1278275651196768,0.002662868379418932,-0.07341091932929736,0.18033082926177899,0.00107090853456906,-0.937533351917371,0.3287391857092665,0.005065090150506551,-0.5484842232229257,0.17677731215378273,0.0028769445874603753,0.015046893210976103,0.17465665806518718,0.0006932854550309749,-0.9488463542349889,0.17506143791000725,0.004495640252668635,-0.11113029811320331,0.32547544929775946,0.0017242322086202728,0.13063735591472997,0.3190617784792585,0.0008089209947478562,0.26013938340916815,0.1716117570256556,-0.00034760572491862205,0.3254963495034661,0.1695530699138676,-0.0006211598536642744,0.36599776426650116,0.3152342530077885,-0.00021033007766774726,7.6,0.0,0.075,0.185,0.115
1.034,12.0,3.0501655601928852e+16,-0.947008269216748,0.33941912450694106,0.005145709574894758,-0.530529067822949,0.1319803726688847,0.0026256294992180454,-0.152901677025356,0.12937962761537103,0.0011872065305594756,-0.9479837337603275,0.33273068598173666,0.005122857678968259,-0.5495199377384485,0.1278275651196768,0.0026862050744687034,-0.05941843059474369,0.18033082926177899,0.0010149669943643055,-0.9375333519173715,0.3287391857092665,0.00506509015050655,-0.5544645709550525,0.17677731215378273,0.002901046141506834,0.028752618281195533,0.17465665806518718,0.0006384390594168444,-0.9488470064340462,0.17506143791000725,0.004495631168579984,-0.1166520601905153,0.32547544929775946,0.001746422989643851,0.1444512097920467,0.3190617784792585,0.0007536976902581141,0.2617678132981611,0.1716117570256556,-0.0003541105055340502,0.3261387184437527,0.1695530699138676,-0.0006237731183583941,0.3641779450557969,0.3152342530077885,-0.0002030540450348506,7.6,0.0,0.075,0.185,0.115
1.036,12.0,3.049594117875042e+16,-0.9470082692167482,0.33941912450694106,0.005145709574894756,-0.5365948559650143,0.1319803726688847,0.0026500377619673348,-0.13837053365197818,0.12937962761537103,0.0011291252185629081,-0.9479837337603275,0.33273068598173666,0.005122857678968256,-0.555277329573503,0.1278275651196768,0.002709390011432501,-0.04542068851271532,0.18033082926177899,0.0009589970394260907,-0.9375333519173716,0.3287391857092665,0.005065090150506553,-0.5603989716733939,0.17677731215378273,0.0029249675324353407,0.04245064553475345,0.17465665806518718,0.0005836161591359666,-0.9488482234615103,0.17506143791000725,0.0044956337773762135,-0.12214881821608727,0.32547544929775946,0.001768510037953099,0.1582709958072594,0.3190617784792585,0.0006984422747488471,0.2633983997000692,0.1716117570256556,-0.0003606242250900221,0.3267700894264863,0.1695530699138676,-0.0006263425941195405,0.3623575612072463,0.3152342530077885,-0.00019577476819203365,7.6,0.0,0.075,0.185,0.115
1.038,12.0,3.050165564468817e+16,-0.9470082692167479,0.33941912450694106,0.005145709574894757,-0.5426234258185808,0.1319803726688847,0.0026743009145355962,-0.12383049784955455,0.12937962761537103,0.0010710006450693967,-0.9479837337603276,0.33273068598173666,0.005122857678968256,-0.5609949786064871,0.1278275651196768,0.002732419578772719,-0.03141954279284079,0.18033082926177899,0.0009030060710979773,-0.9375333519173711,0.3287391857092665,0.005065090150506553,-0.5662865225894173,0.17677731215378273,0.0029487051353087068,0.05613915338976741,0.17465665806518718,0.000528824050121735,-0.948848055439079,0.17506143791000725,0.0044956386454860706,-0.12762118995289992,0.32547544929775946,0.0017904970700553869,0.17209466622071268,0.3190617784792585,0.0006431631306879963,0.2650310637638763,0.1716117570256556,-0.00036714657069765433,0.3273904129616611,0.1695530699138676,-0.0006288680780504747,0.36053685890151316,0.3152342530077885,-0.00018849323279783125,7.6,0.0,0.075,0.185,0.115
1.04,12.0,3.050165547170634e+16,-0.9470082692167481,0.33941912450694106,0.005145709574894756,-0.5486138388832924,0.1319803726688847,0.0026984151939498623,-0.10928349242722112,0.12937962761537103,0.0010128405018597025,-0.9479837337603274,0.33273068598173666,0.005122857678968257,-0.5666719870582025,0.1278275651196768,0.0027552901749046555,-0.01741684226910927,0.18033082926177899,0.0008470014882184791,-0.9375333519173717,0.3287391857092665,0.005065090150506551,-0.5721263244883482,0.17677731215378273,0.0029722553389728,0.06981632291209587,0.17465665806518718,0.0004740700187016791,-0.9488487778406378,0.17506143791000725,0.0044956379733963455,-0.13306655976919166,0.32547544929775946,0.0018123865570026374,0.1859206687806472,0.3190617784792585,0.0005878684490341833,0.266665726014313,0.1716117570256556,-0.00037367722695288286,0.327999640802577,0.1695530699138676,-0.0006313493721911741,0.35871608405389005,0.3152342530077885,-0.00018121042357489858,7.6,0.0,0.075,0.185,0.115
1.042,12.0,3.050165553891725e+16,-0.9470082692167486,0.33941912450694106,0.005145709574894757,-0.5545651590356765,0.1319803726688847,0.0027223768462087084,-0.09473143979877588,0.12937962761537103,0.0009546524801703687,-0.9479837337603275,0.33273068598173666,0.005122857678968256,-0.5723074598949711,0.1278275651196768,0.0027779982087115175,-0.0034144346506718576,0.18033082926177899,0.000790990686123553,-0.9375333519173726,0.3287391857092665,0.005065090150506553,-0.5779174818568303,0.17677731215378273,0.0029956145465685237,0.08348033806119096,0.17465665806518718,0.00041936134061236523,-0.9488498471407005,0.17506143791000725,0.00449564086300258,-0.13848447146306442,0.32547544929775946,0.0018341680362678045,0.19974712113972204,0.3190617784792585,0.0005325644387944451,0.26830230635649616,0.1716117570256556,-0.00038021587595462957,0.32859772595467057,0.1695530699138676,-0.0006337862835548376,0.35689548228295787,0.3152342530077885,-0.00017392732418440614,7.6,0.0,0.075,0.185,0.115
1.044,12.0,3.050165566372568e+16,-0.9470082692167491,0.33941912450694106,0.005145709574894759,-0.5604764526629671,0.1319803726688847,0.002746182126818245,-0.08017626172350457,0.12937962761537103,0.0008964442696565877,-0.9479837337603277,0.33273068598173666,0.005122857678968256,-0.5779005049569564,0.1278275651196768,0.0028005401000585914,0.010585833727146086,0.18033082926177899,0.0007349810556498033,-0.937533351917373,0.3287391857092665,0.005065090150506556,-0.5836591030102266,0.17677731215378273,0.003018779176042452,0.09712938593550068,0.17465665806518718,0.0003647052800159849,-0.9488477397850689,0.17506143791000725,0.0044956451402028315,-0.14387675199683303,0.32547544929775946,0.0018558396830432955,0.21357179237924956,0.3190617784792585,0.0004772586293581458,0.26994072408066694,0.1716117570256556,-0.00038676219732336226,0.32918462268417464,0.1695530699138676,-0.0006361786241632119,0.35507529887931055,0.3152342530077885,-0.0001666449171006774,7.6,0.0,0.075,0.185,0.115
1.046,12.0,3.050165558285871e+16,-0.9470082692167501,0.33941912450694106,0.00514570957489476,-0.5663467887967364,0.1319803726688847,0.0027698273013274073,-0.06561987904715587,0.12937962761537103,0.0008382235573555024,-0.9479837337603276,0.33273068598173666,0.005122857678968257,-0.5834502330862418,0.1278275651196768,0.002822912280306533,0.024582118151586268,0.18033082926177899,0.0006789799821385317,-0.9375333519173727,0.3287391857092665,0.005065090150506558,-0.589350300219549,0.17677731215378273,0.003041745660656037,0.11076165701737992,0.17465665806518718,0.000310109088518746,-0.9488468928449032,0.17506143791000725,0.004495636710780304,-0.1492391373887918,0.32547544929775946,0.00187740880517837,0.22739338648777677,0.3190617784792585,0.00042195994440003573,0.271580897867026,0.1716117570256556,-0.0003933158682200454,0.3297602865266041,0.1695530699138676,-0.0006385262110812282,0.35325577877434905,0.3152342530077885,-0.00015936418348608817,7.6,0.0,0.075,0.185,0.115
1.048,12.0,3.049594093498977e+16,-0.9470082692167506,0.33941912450694106,0.005145709574894765,-0.5721752392463195,0.1319803726688847,0.0027933086458624846,-0.051064211443099916,0.12937962761537103,0.0007799980266501076,-0.9479837337603273,0.33273068598173666,0.005122857678968257,-0.5889557582546476,0.1278275651196768,0.0028451111928236746,0.038572575780918834,0.18033082926177899,0.000622994844440771,-0.9375333519173727,0.3287391857092665,0.005065090150506557,-0.5949901898380009,0.17677731215378273,0.0030645104494933274,0.12437534541748282,0.17465665806518718,0.00025558000419122906,-0.9488485254979822,0.17506143791000725,0.004495633323019642,-0.15456982827754234,0.32547544929775946,0.0018988583467462051,0.24121023106022674,0.3190617784792585,0.00036667356796592687,0.27322274579066563,0.1716117570256556,-0.0003998765633654816,0.33032467429506684,0.1695530699138676,-0.0006408288664509461,0.35143716650914875,0.3152342530077885,-0.00015208610306624215,7.6,0.0,0.075,0.185,0.115
1.05,12.0,3.0501655607072984e+16,-0.9470082692167501,0.33941912450694106,0.005145709574894766,-0.5779608787320087,0.1319803726688847,0.0028166224476608172,-0.036511177153705096,0.12937962761537103,0.0007217753562338838,-0.9479837337603274,0.33273068598173666,0.0051228576789682555,-0.5944161976912721,0.1278275651196768,0.0028671332934972977,0.05255536589259029,0.18033082926177899,0.0005670330139234406,-0.9375333519173734,0.3287391857092665,0.005065090150506557,-0.6005778924271122,0.17677731215378273,0.0030870700079671342,0.13796864911860032,0.17465665806518718,0.00020112525059081743,-0.948848692447267,0.17506143791000725,0.004495639853631958,-0.15987097979672163,0.32547544929775946,0.0019201811103012072,0.2550200490929646,0.3190617784792585,0.000311406189676127,0.2748661853265987,0.1716117570256556,-0.00040644395506004015,0.33087774408839826,0.1695530699138676,-0.000643086417524797,0.349619706203404,0.3152342530077885,-0.00014481165400544093,7.6,0.0,0.075,0.185,0.115
1.052,12.0,3.049594110662356e+16,-0.9470082692167493,0.33941912450694106,0.005145709574894765,-0.5837027850180011,0.1319803726688847,0.0028397650056035738,-0.02196269273196745,0.12937962761537103,0.0006635632190763046,-0.9479837337603274,0.33273068598173666,0.005122857678968256,-0.5998306720097375,0.1278275651196768,0.0028889750512437955,0.06652865013102438,0.18033082926177899,0.0005111018534767548,-0.9375333519173733,0.3287391857092665,0.00506509015050656,-0.6061125328824524,0.17677731215378273,0.00310942081832358,0.15153977021891174,0.17465665806518718,0.00014675203578634743,-0.9488478777995176,0.17506143791000725,0.004495640521429097,-0.16514136005888494,0.32547544929775946,0.0019413857163779245,0.2688210853625176,0.3190617784792585,0.0002561669175451755,0.2765111333548833,0.1716117570256556,-0.00041301771320377236,0.33141945529911804,0.1695530699138676,-0.0006452986966981227,0.3478036415244544,0.3152342530077885,-0.00013754181278246192,7.6,0.0,0.075,0.185,0.115
1.054,12.0,3.050165566593185e+16,-0.9470082692167492,0.33941912450694106,0.005145709574894761,-0.5894000390450844,0.1319803726688847,0.0028627326307475434,-0.007420672783428318,0.12937962761537103,0.0006053692813893539,-0.9479837337603274,0.33273068598173666,0.005122857678968256,-0.6051983053351212,0.1278275651196768,0.002910632948517657,0.08049059275504236,0.18033082926177899,0.0004552087165230184,-0.9375333519173726,0.3287391857092665,0.00506509015050656,-0.6115932405588954,0.17677731215378273,0.0031315593801449406,0.1650869151746143,0.17465665806518718,9.246755138510177e-05,-0.9488476953122432,0.17506143791000725,0.0044956372628381,-0.17037887527389525,0.32547544929775946,0.001962467237426578,0.28261171930985673,0.3190617784792585,0.00020096277246696358,0.2781575061658435,0.1716117570256556,-0.0004195975053169109,0.33194976862120723,0.1695530699138676,-0.0006474655415410018,0.34598921565639673,0.3152342530077885,-0.00013027755406666363,7.6,0.0,0.075,0.185,0.115
1.056,12.0,3.0501655493421184e+16,-0.9470082692167497,0.33941912450694106,0.005145709574894761,-0.5950517250630385,0.1319803726688847,0.002885521646855877,0.007112970291583901,0.12937962761537103,0.0005472012015951973,-0.9479837337603276,0.33273068598173666,0.005122857678968256,-0.610518225430557,0.1278275651196768,0.0029321034818191923,0.09443936088486825,0.18033082926177899,0.00039936094602694653,-0.9375333519173716,0.3287391857092665,0.005065090150506556,-0.6170191493954312,0.17677731215378273,0.0031534822108507123,0.17860829504190004,0.17465665806518718,3.8278971562291544e-05,-0.9488484080821602,0.17506143791000725,0.004495636532889002,-0.1755824680989541,0.32547544929775946,0.001983417298286619,0.29639017422843017,0.3190617784792585,0.000145800236677607,0.2798052194653845,0.1716117570256556,-0.00042618299656075167,0.33246864605770526,0.1695530699138676,-0.0006495867948293585,0.34417667126928597,0.3152342530077885,-0.00012301985059443287,7.6,0.0,0.075,0.185,0.115
1.058,12.0,3.0501655561001188e+16,-0.94700826921675,0.33941912450694106,0.005145709574894763,-0.6006569307627345,0.1319803726688847,0.002908128390927693,0.02163632655535319,0.12937962761537103,0.0004890666292951485,-0.9479837337603275,0.33273068598173666,0.005122857678968257,-0.6157895638234885,0.1278275651196768,0.002953383162200935,0.10837312474868588,0.18033082926177899,0.00034356587350764295,-0.9375333519173711,0.3287391857092665,0.005065090150506553,-0.6223893980394977,0.17677731215378273,0.0031751858461968557,0.19210212571824697,0.17465665806518718,-1.580654790685143e-05,-0.9488494717222312,0.17506143791000725,0.00449563938396867,-0.18075170071549845,0.32547544929775946,0.0020042316695868543,0.3101545805609944,0.3190617784792585,9.068641700331326e-05,0.2814541883804028,0.1716117570256556,-0.00043277384975891564,0.33297605092812416,0.1695530699138676,-0.0006516623045753507,0.3423662504884306,0.3152342530077885,-0.00011576967304598984,7.6,0.0,0.075,0.185,0.115
1.06,12.0,3.0501655686021972e+16,-0.94700826921675,0.33941912450694106,0.005145709574894764,-0.6062147474079119,0.1319803726688847,0.0029305492137264772,0.03614748878978233,0.12937962761537103,0.0004309732042400714,-0.9479837337603274,0.33273068598173666,0.005122857678968256,-0.6210114559315549,0.1278275651196768,0.0029744685157726608,0.12229005792871557,0.18033082926177899,0.0002878308180523724,-0.9375333519173717,0.3287391857092665,0.005065090150506551,-0.6277031299708214,0.17677731215378273,0.003196666840773122,0.20556662818299198,0.17465665806518718,-6.978187061223918e-05,-0.9488473619583079,0.17506143791000725,0.004495643638528953,-0.18588841709305232,0.32547544929775946,0.0020249086000530317,0.32390272101217465,0.3190617784792585,3.5628791673056434e-05,0.28310432746429015,0.1716117570256556,-0.0004393697254189889,0.3334719478756801,0.1695530699138676,-0.0006536919240570263,0.34055819486378514,0.3152342530077885,-0.00010852798992256841,7.6,0.0,0.075,0.185,0.115
1.062,12.0,3.0501655605094064e+16,-0.9470082692167501,0.33941912450694106,0.005145709574894764,-0.61172426996662,0.1319803726688847,0.0029527804803071867,0.050644552752971375,0.12937962761537103,0.0003729285553023548,-0.9479837337603274,0.33273068598173666,0.005122857678968256,-0.6261830411880945,0.1278275651196768,0.0029953560842049267,0.13618833760677423,0.18033082926177899,0.00023216308533225365,-0.9375333519173719,0.3287391857092665,0.005065090150506553,-0.6329594936247466,0.17677731215378273,0.0032179217684984167,0.21900002873714924,0.17465665806518718,-0.00012363988047121922,-0.9488465152568278,0.17506143791000725,0.00449563519947326,-0.19098837753594808,0.32547544929775946,0.002045455465563247,0.3376333183400168,0.3190617784792585,-1.9363770131664682e-05,0.28475555070253084,0.1716117570256556,-0.0004459702817545382,0.3339563028743396,0.1695530699138676,-0.0006556755118472499,0.3387527453394444,0.3152342530077885,-0.0001012957674239865,7.6,0.0,0.075,0.185,0.115
1.064,12.0,3.0495941236272336e+16,-0.9470082692167502,0.33941912450694106,0.005145709574894765,-0.6171845972423019,0.1319803726688847,0.002974818570542019,0.06512561743533175,0.12937962761537103,0.0003149402994495986,-0.9479837337603274,0.33273068598173666,0.005122857678968256,-0.6313034631672467,0.1278275651196768,0.0030160424252310856,0.1500661448092884,0.18033082926177899,0.000176569966620019,-0.9375333519173709,0.3287391857092665,0.005065090150506554,-0.6381576425150315,0.17677731215378273,0.003238947223114117,0.23240055924244551,0.17465665806518718,-0.00017737348268784825,-0.9488481502911558,0.17506143791000725,0.0044956318126673405,-0.19604980524109328,0.32547544929775946,0.00206585530733483,0.35134471954276797,0.3190617784792585,-7.42861594430333e-05,0.2864077715183919,0.1716117570256556,-0.000452575174707501,0.33442908323568016,0.1695530699138676,-0.000657612931841888,0.3369501422232435,0.3152342530077885,-9.407396932662349e-05,7.6,0.0,0.075,0.185,0.115
1.066,12.0,3.050165562893935e+16,-0.9470082692167503,0.33941912450694106,0.005145709574894765,-0.6225948320045028,0.1319803726688847,0.0029966598796447464,0.07958878531520376,0.12937962761537103,0.0002570160407201571,-0.9479837337603276,0.33273068598173666,0.005122857678968256,-0.6363718697086352,0.1278275651196768,0.003036524113147694,0.16392166465172633,0.18033082926177899,0.00012105873780996236,-0.9375333519173707,0.3287391857092665,0.0050650901505065495,-0.6432967353561043,0.17677731215378273,0.003259739818675257,0.24576645735954372,0.17465665806518718,-0.00023097560470903333,-0.9488483213449507,0.17506143791000725,0.0044956383528046515,-0.20107487456231807,0.32547544929775946,0.0020861010181554107,0.3650346668392462,0.3190617784792585,-0.00012913176425403795,0.2880609027787056,0.1716117570256556,-0.00045918405797094533,0.3348902576155636,0.1695530699138676,-0.0006595040532872503,0.3351506251564675,0.3152342530077885,-8.68635568618199e-05,7.6,0.0,0.075,0.185,0.115
1.068,12.0,3.0495941400210304e+16,-0.9470082692167502,0.33941912450694106,0.0051457095748947655,-0.6279540811191852,0.1319803726688847,0.0030183008186935503,0.09403216261394051,0.12937962761537103,0.00019916336920066906,-0.9479837337603275,0.33273068598173666,0.005122857678968257,-0.6413874130416157,0.1278275651196768,0.0030567977393132486,0.1777530865824131,0.18033082926177899,6.56366584402106e-05,-0.9375333519173719,0.3287391857092665,0.0050650901505065495,-0.6483759361847564,0.17677731215378273,0.0032802961900395486,0.2590959667854084,0.17465665806518718,-0.0002844391971774262,-0.9488475121739628,0.17506143791000725,0.004495639037019832,-0.20606237748698458,0.32547544929775946,0.00210620129544031,0.37870142803358264,0.3190617784792585,-0.0001838915534399508,0.2897148567997433,0.1716117570256556,-0.0004657965830122001,0.3353397960206208,0.1695530699138676,-0.0006613487508067841,0.3333544330836744,0.3152342530077885,-7.966548859471589e-05,7.6,0.0,0.075,0.185,0.115
1.07,12.0,3.050165568711999e+16,-0.9470082692167501,0.33941912450694106,0.005145709574894765,-0.633261455678632,0.1319803726688847,0.0030397378151522797,0.10845385955042472,0.12937962761537103,0.00014138986000572208,-0.9479837337603274,0.33273068598173666,0.005122857678968256,-0.6463492499090684,0.1278275651196768,0.00307685991264517,0.19155860462570007,0.18033082926177899,1.0310970717463564e-05,-0.9375333519173726,0.3287391857092665,0.005065090150506554,-0.6533944144812549,0.17677731215378273,0.0033006129933541564,0.272387337489795,0.17465665806518718,-0.0003377572348808849,-0.9488473362429355,0.17506143791000725,0.0044956358003358805,-0.21101024601627763,0.32547544929775946,0.0021261513071389763,0.39234340802331696,0.3190617784792585,-0.00023855859821729665,0.29136954535318027,0.1716117570256556,-0.0004724123990963508,0.33577766981454676,0.1695530699138676,-0.0006631469044270129,0.3315618042226361,0.3152342530077885,-7.248072030354357e-05,7.6,0.0,0.075,0.185,0.115
1.072,12.0,3.050165551408063e+16,-0.94700826921675,0.33941912450694106,0.005145709574894765,-0.638516071130921,0.1319803726688847,0.003060967313390067,0.12285199059498327,0.12937962761537103,8.370307225978524e-05,-0.9479837337603275,0.33273068598173666,0.005122857678968256,-0.6512565416907218,0.1278275651196768,0.0030967072601149805,0.2053364176244522,0.18033082926177899,-4.491110145568433e-05,-0.9375333519173727,0.3287391857092665,0.005065090150506556,-0.6583513452898576,0.17677731215378273,0.003320686906540151,0.28563882595082546,0.17465665806518718,-0.00039092271769843127,-0.9488480564055408,0.17506143791000725,0.004495635096611771,-0.21591744846323135,0.32547544929775946,0.0021459427812561484,0.4059588569547431,0.3190617784792585,-0.0002931265181762339,0.2930248796721512,0.1716117570256556,-0.0004790311533100987,0.3362038517242051,0.1695530699138676,-0.0006648983996027167,0.3297729760344001,0.3152342530077885,-6.531020485939033e-05,7.6,0.0,0.075,0.185,0.115
1.074,12.0,3.0501655581224308e+16,-0.9470082692167501,0.33941912450694106,0.005145709574894764,-0.6437170474089507,0.1319803726688847,0.003081985775199223,0.13722467472266667,0.12937962761537103,2.6110548081551056e-05,-0.9479837337603273,0.33273068598173666,0.005122857678968256,-0.6561084545259888,0.1278275651196768,0.0031163364272415945,0.2190847294818237,0.18033082926177899,-0.00010002235345069288,-0.9375333519173729,0.3287391857092665,0.005065090150506557,-0.6632459093387163,0.17677731215378273,0.003340514629774561,0.2988486953896182,0.17465665806518718,-0.00044392867154255313,-0.9488491280732011,0.17506143791000725,0.004495637977262192,-0.22078357274600688,0.32547544929775946,0.002165571591043963,0.4195459336212066,0.3190617784792585,-0.0003475883139019385,0.29468077045739466,0.1716117570256556,-0.00048565249058598237,0.3366183158455403,0.1695530699138676,-0.0006666031272413499,0.3279881851934773,0.3152342530077885,-5.815489210644631e-05,7.6,0.0,0.075,0.185,0.115
1.076,12.0,3.049594016817622e+16,-0.9470082692167502,0.33941912450694106,0.005145709574894765,-0.6488635090590009,0.1319803726688847,0.003102789680311342,0.151570035665856,0.12937962761537103,-3.138018842918256e-05,-0.9479837337603275,0.33273068598173666,0.0051228576789682555,-0.6609041594362951,0.1278275651196768,0.0031357440785826623,0.2328017494022859,0.18033082926177899,-0.00015501560088017886,-0.937533351917373,0.3287391857092665,0.005065090150506558,-0.6680772931591505,0.17677731215378273,0.003360092885969996,0.3120152160039381,0.17465665806518718,-0.0004967681492977242,-0.9488470268058543,0.17506143791000725,0.004495642263932833,-0.22561048678193701,0.32547544929775946,0.0021850360881750653,0.43310244963506317,0.3190617784792585,-0.00040193662056779256,0.2963371278834872,0.1716117570256556,-0.0004922760537269563,0.33702103764929725,0.1695530699138676,-0.0006682609837266909,0.32620766755815844,0.3152342530077885,-5.101572874275506e-05,7.6,0.0,0.075,0.185,0.115
1.078,12.0,3.050165555444452e+16,-0.9470082692167503,0.33941912450694106,0.005145709574894765,-0.6539545853688085,0.1319803726688847,0.003123375526911543,0.1658862021661661,0.12937962761537103,-8.876163220193989e-05,-0.9479837337603276,0.33273068598173666,0.005122857678968256,-0.6656428324468875,0.1278275651196768,0.003154926898223888,0.2464856921318728,0.18033082926177899,-0.00020988368056202767,-0.9375333519173725,0.3287391857092665,0.005065090150506558,-0.6728446892042746,0.17677731215378273,0.0033794184212517335,0.3251366652008395,0.17465665806518718,-0.0005494342317550038,-0.9488478126364268,0.17506143791000725,0.004495633858863446,-0.23039274348617475,0.32547544929775946,0.002204343744318786,0.4466273542907183,0.3190617784792585,-0.00045616268462321877,0.2979938616051652,0.1716117570256556,-0.0004989014834313265,0.33741199398654625,0.1695530699138676,-0.0006698718709417186,0.32443165814096403,0.3152342530077885,-4.3893658201479724e-05,7.6,0.0,0.075,0.185,0.115
1.08,12.0,3.050165568877482e+16,-0.9470082692167502,0.33941912450694106,0.0051457095748947655,-0.6589894104951425,0.1319803726688847,0.0031437398321507728,0.1801713082256093,0.12937962761537103,-0.00014602629820318025,-0.9479837337603275,0.33273068598173666,0.005122857678968257,-0.6703236547081012,0.1278275651196768,0.003173881590266257,0.26013477819761965,0.18033082926177899,-0.00026461945148037523,-0.9375333519173723,0.3287391857092665,0.005065090150506556,-0.6775472959669526,0.17677731215378273,0.003398488005432229,0.3382113278282529,0.17465665806518718,-0.0006019200285426093,-0.9488473094110623,0.17506143791000725,0.004495637002185736,-0.23513271513298123,0.32547544929775946,0.0022234727711357366,0.4601183915773409,0.3190617784792585,-0.0005102623032458393,0.2996508807637345,0.1716117570256556,-0.0005055284183180385,0.3377911630940132,0.1695530699138676,-0.0006714356962907147,0.3226603910792309,0.3152342530077885,-3.6789620532702076e-05,7.6,0.0,0.075,0.185,0.115
1.082,12.0,3.050165553129298e+16,-0.9470082692167501,0.33941912450694106,0.005145709574894765,-0.6639671235908586,0.1319803726688847,0.003163879132656109,0.19442349335698556,0.12937962761537103,-0.00020316672244095313,-0.9479837337603274,0.33273068598173666,0.005122857678968256,-0.6749458126160708,0.1278275651196768,0.003192604879311112,0.2737472341461541,0.18033082926177899,-0.00031921579574336267,-0.9375333519173714,0.3287391857092665,0.0050650901505065555,-0.6821843180971054,0.17677731215378273,0.003417298432482942,0.35123749640555924,0.17465665806518718,-0.0006542186790522629,-0.9488477645682294,0.17506143791000725,0.004495634989284279,-0.2398278749457508,0.32547544929775946,0.002242432657722963,0.4735740710287654,0.3190617784792585,-0.0005642264523923297,0.30130809399356645,0.1716117570256556,-0.0005121564949523155,0.33815852459921314,0.1695530699138676,-0.0006729523727205824,0.32089409960583964,0.3152342530077885,-2.9704552285769515e-05,7.6,0.0,0.075,0.185,0.115
1.084,12.0,3.0501655611001524e+16,-0.94700826921675,0.33941912450694106,0.005145709574894765,-0.668886868931417,0.1319803726688847,0.0031837899850389734,0.2086409028334653,0.12937962761537103,-0.0002601754629664581,-0.9479837337603274,0.33273068598173666,0.005122857678968256,-0.6795084979328695,0.1278275651196768,0.00321109351094299,0.2873212927814122,0.18033082926177899,-0.0003736656195375004,-0.9375333519173712,0.3287391857092665,0.005065090150506552,-0.6867549665182738,0.17677731215378273,0.003435846521003553,0.36421347135296883,0.17465665806518718,-0.0007063233533614882,-0.9488486232312884,0.17506143791000725,0.0044956368099129465,-0.24447783860216693,0.32547544929775946,0.002261213296974041,0.48699257570967674,0.3190617784792585,-0.0006180491701980277,0.3029654094286808,0.1716117570256556,-0.0005187853478716434,0.33851405952538727,0.1695530699138676,-0.0006744218187413822,0.31913301602008665,0.3152342530077885,-2.263938639220453e-05,7.6,0.0,0.075,0.185,0.115
1.086,12.0,3.0495940710236964e+16,-0.9470082692167501,0.33941912450694106,0.005145709574894764,-0.6737477960408446,0.1319803726688847,0.003203468966401207,0.22282168793733206,0.12937962761537103,-0.00031704510087237714,-0.9479837337603276,0.33273068598173666,0.005122857678968256,-0.6840109079060563,0.1278275651196768,0.0032293442522101853,0.30085519340144473,0.18033082926177899,-0.0004279618540785329,-0.9375333519173716,0.3287391857092665,0.005065090150506551,-0.6912584585435037,0.17677731215378273,0.003454129114688226,0.3771375612198277,0.17465665806518718,-0.0007582272531511266,-0.9488463523241317,0.17506143791000725,0.004495640244565182,-0.24908449922139989,0.32547544929775946,0.0022798131515997058,0.5003717419323997,0.3190617784792585,-0.0006717231889216731,0.3046227347094129,0.1716117570256556,-0.0005254146096121008,0.3388577502962411,0.1695530699138676,-0.0006758439584460787,0.31737737165870433,0.3152342530077885,-1.5595052049192537e-05,7.6,0.0,0.075,0.185,0.115
1.088,12.0,3.0501655602035812e+16,-0.9470082692167502,0.33941912450694106,0.005145709574894765,-0.6785490598171238,0.1319803726688847,0.0032229126748389175,0.2369640062078475,0.12937962761537103,-0.00037376824128784416,-0.9479837337603275,0.33273068598173666,0.005122857678968257,-0.6884522453876165,0.1278275651196768,0.0032473538921029325,0.3143471820342805,0.18033082926177899,-0.000482097456558663,-0.9375333519173717,0.3287391857092665,0.005065090150506553,-0.6956940179904917,0.17677731215378273,0.0034721430827891453,0.3900080829117417,0.17465665806518718,-0.0008099236126185622,-0.9488470046274349,0.17506143791000725,0.004495631160936556,-0.25364244069392095,0.32547544929775946,0.0022982397940766374,0.5137105481489626,0.3190617784792585,-0.0007252398538125651,0.3062799769891663,0.1716117570256556,-0.0005320439107350293,0.3391895807404842,0.1695530699138676,-0.0006772187215294941,0.3156273968670336,0.3152342530077885,-8.572474603663284e-06,7.6,0.0,0.075,0.185,0.115
1.09,12.0,3.049594118012503e+16,-0.9470082692167503,0.33941912450694106,0.005145709574894765,-0.6832898206569921,0.1319803726688847,0.003242117729944034,0.25106602168821135,0.12937962761537103,-0.00043033751436990586,-0.9479837337603274,0.33273068598173666,0.005122857678968256,-0.6928317189522784,0.1278275651196768,0.003265119242029173,0.32779551167282156,0.18033082926177899,-0.0005360654110900062,-0.937533351917371,0.3287391857092665,0.005065090150506553,-0.7000608752959873,0.17677731215378273,0.0034898853205770977,0.4028233619165076,0.17465665806518718,-0.0008614056993862182,-0.9488482217498255,0.17506143791000725,0.004495633770149768,-0.2581526681639157,0.32547544929775946,0.002316471559966722,0.5270069818371498,0.3190617784792585,-0.0007785950786788163,0.3079370429412483,0.1716117570256556,-0.0005386728798540429,0.3395095360961694,0.1695530699138676,-0.0006785460433064665,0.31388332097035204,0.3152342530077885,-1.5725754369804167e-06,7.6,0.0,0.075,0.185,0.115
1.092,12.0,3.050165564478428e+16,-0.9470082692167502,0.33941912450694106,0.0051457095748947655,-0.687969244580133,0.1319803726688847,0.003261080773303507,0.26512590517157825,0.12937962761537103,-0.0004867455762913613,-0.9479837337603275,0.33273068598173666,0.005122857678968256,-0.6971485430151895,0.1278275651196768,0.0032826371362878206,0.3411984425087279,0.18033082926177899,-0.0005898587296441703,-0.9375333519173712,0.3287391857092665,0.00506509015050655,-0.7043582676294315,0.17677731215378273,0.0035073527497990796,0.41558173252881375,0.17465665806518718,-0.0009126668154052816,-0.9488480538142241,0.17506143791000725,0.004495638638639331,-0.26261587985998075,0.32547544929775946,0.0023345124698467006,0.5402590854107248,0.3190617784792585,-0.0008317808134315652,0.30959383876578894,0.1716117570256556,-0.0005453011436623708,0.33981760301483155,0.1695530699138676,-0.0006798258647292073,0.3121453722453616,0.3152342530077885,5.403728149745879e-06,7.6,0.0,0.075,0.185,0.115
1.094,12.0,3.050165547179771e+16,-0.9470082692167501,0.33941912450694106,0.005145709574894765,-0.6925865033527404,0.1319803726688847,0.0032797984689960707,0.2791418344460969,0.12937962761537103,-0.0005429851102248289,-0.9479837337603273,0.33273068598173666,0.005122857678968256,-0.7014019379489363,0.1278275651196768,0.0032999044325394654,0.3545542421652689,0.18033082926177899,-0.0006434704529877956,-0.9375333519173716,0.3287391857092665,0.005065090150506551,-0.7085854390058223,0.17677731215378273,0.0035245423191328576,0.4282815380736776,0.17465665806518718,-0.0009637002978545063,-0.9488487762955458,0.17506143791000725,0.004495637966896926,-0.2670295568814293,0.32547544929775946,0.002352365316630961,0.5534654097299385,0.3190617784792585,-0.0008847892277258652,0.3112502701967422,0.1716117570256556,-0.0005519283269605334,0.3401137695654245,0.1695530699138676,-0.0006810581324038558,0.31041377789183944,0.3152342530077885,1.2355523049707663e-05,7.6,0.0,0.075,0.185,0.115
1.096,12.0,3.0501655539004204e+16,-0.94700826921675,0.33941912450694106,0.005145709574894765,-0.6971407746104415,0.1319803726688847,0.0032982675040865005,0.29311199453894304,0.12937962761537103,-0.0005990488273229036,-0.9479837337603275,0.33273068598173666,0.0051228576789682555,-0.7055911301998891,0.1278275651196768,0.003316918012274453,0.3678611859291056,0.18033082926177899,-0.0006968936516139596,-0.9375333519173713,0.3287391857092665,0.005065090150506553,-0.7127416403977842,0.17677731215378273,0.00354145100463842,0.44092113112860276,0.17465665806518718,-0.0010144995200339615,-0.9488498456691855,0.17506143791000725,0.0044956408568222125,-0.27139333405189503,0.32547544929775946,0.002370020024716755,0.5666241775229108,0.3190617784792585,-0.0009376145250027201,0.3129062425089678,0.1716117570256556,-0.0005585540526843463,0.34039802523805546,0.1695530699138676,-0.0006822427986062276,0.308688764004456,0.3152342530077885,1.9281900463796298e-05,7.6,0.0,0.075,0.185,0.115
1.098,12.0,3.050165566380865e+16,-0.9470082692167501,0.33941912450694106,0.005145709574894764,-0.7016312419805594,0.1319803726688847,0.003316484589117305,0.3070345779593101,0.12937962761537103,-0.0006549294676942881,-0.9479837337603276,0.33273068598173666,0.005122857678968256,-0.7097153524038576,0.1278275651196768,0.003333674781278264,0.38111755698097155,0.18033082926177899,-0.0007501214266693065,-0.9375333519173715,0.3287391857092665,0.005065090150506551,-0.7168261298468288,0.17677731215378273,0.003558075810206268,0.4534988737444146,0.17465665806518718,-0.0010650578922536626,-0.9488477383816986,0.17506143791000725,0.004495645134316771,-0.2757091233313576,0.32547544929775946,0.0023874751333986177,0.5797332647383051,0.3190617784792585,-0.0009902495961746094,0.31456166052539447,0.1716117570256556,-0.0005651779419332489,0.3406703609475164,0.1695530699138676,-0.0006833798212967514,0.306970555544763,0.3152342530077885,2.6181956013330067e-05,7.6,0.0,0.075,0.185,0.115
1.1,12.0,3.0501655582937932e+16,-0.9470082692167502,0.33941912450694106,0.005145709574894765,-0.706057095203697,0.1319803726688847,0.0033344464585977765,0.32090778494032374,0.12937962761537103,-0.0007106198013757563,-0.9479837337603275,0.33273068598173666,0.005122857678968257,-0.713773843501041,0.1278275651196768,0.003350171670094138,0.3943216466252254,0.18033082926177899,-0.0008031469108767703,-0.9375333519173719,0.3287391857092665,0.005065090150506553,-0.720838172573796,0.17677731215378273,0.0035744137680024466,0.46601313766474944,0.17465665806518718,-0.0011153688627169097,-0.9488468915048749,0.17506143791000725,0.004495636705166823,-0.2799727746135414,0.32547544929775946,0.002404738290516468,0.5927915014661266,0.3190617784792585,-0.0010426859450361865,0.31621642862426186,0.1716117570256556,-0.0005717996139989555,0.34093076903661107,0.1695530699138676,-0.0006844691641345953,0.3052593763133561,0.3152342530077885,3.3054789852102084e-05,7.6,0.0,0.075,0.185,0.115
