t,ncon,contact_force_total,q_joint_0,qref_joint_0,tau_joint_0,q_joint_3,qref_joint_3,tau_joint_3,q_joint_4,qref_joint_4,tau_joint_4,q_joint_1,qref_joint_1,tau_joint_1,q_joint_5,qref_joint_5,tau_joint_5,q_joint_6,qref_joint_6,tau_joint_6,q_joint_2,qref_joint_2,tau_joint_2,q_joint_7,qref_joint_7,tau_joint_7,q_joint_8,qref_joint_8,tau_joint_8,input_uniform_close,input_uniform_diff,object_adaptive_sphere_x,object_adaptive_sphere_y,object_adaptive_sphere_z
0.0,1.0,9.249999577710588,0.0,0.0,0.0,0.0,0.0,0.0,0.0,0.0,0.0,0.0,0.0,0.0,0.0,0.0,0.0,0.0,0.0,0.0,0.0,0.0,0.0,0.0,0.0,0.0,0.0,0.0,0.0,0.0,0.0,0.045,0.125,0.0785
0.002,1.0,7.529499656268724,-1.7204781961541927e-12,0.0,0.0,1.5934630273105952e-12,0.0,0.0,6.350758442179893e-14,0.0,0.0,0.0,0.0,0.0,0.0,0.0,0.0,0.0,0.0,0.0,0.0,0.0,0.0,0.0,0.0,0.0,0.0,0.0,0.0,0.0,0.0,0.045033299998479756,0.12499999999999946,0.07850000000004773
0.004,1.0,6.055724318388999,9.166643868815644e-09,0.008888888888888889,5.3333333343656205e-05,1.960482792723838e-07,0.008888888888888889,5.3333333323772554e-05,5.640592050913069e-07,0.008888888888888889,5.3333333332952284e-05,1.093471632643252e-08,0.008888888888888889,5.333333333333333e-05,1.9441073572579048e-07,0.008888888888888889,5.333333333333333e-05,5.639939406405551e-07,0.008888888888888889,5.333333333333333e-05,1.0934716326432516e-08,0.008888888888888889,5.333333333333333e-05,1.9441073572579058e-07,0.008888888888888889,5.333333333333333e-05,5.639939406405553e-07,0.008888888888888889,5.333333333333333e-05,0.08,0.0,0.045128534093715526,0.12500000000303502,0.07850000005080156
0.006,1.0,4.794258865225151,4.5866399097931336e-08,0.017777777777777778,0.00010666661166680347,9.802146232183106e-07,0.017777777777777778,0.00010666549037699103,2.820250517720547e-06,0.017777777777777778,0.00010666328231143613,5.4679911649488425e-08,0.017777777777777778,0.00010666660105836871,9.720518467425902e-07,0.017777777777777778,0.00010666550020225232,2.819925154591746e-06,0.017777777777777778,0.00010666328270302282,5.4679911649488365e-08,0.017777777777777778,0.00010666660105836871,9.720518467425906e-07,0.017777777777777778,0.00010666550020225232,2.8199251545917456e-06,0.017777777777777778,0.00010666328270302282,0.16,0.0,0.045272354865619764,0.12500000001516365,0.07850000025298275
0.008,1.0,3.718041782157737,1.285064027024189e-07,0.026666666666666665,0.0001599997248016054,2.7445469782381515e-06,0.026666666666666665,0.00015999411871226067,7.896468210729265e-06,0.026666666666666665,0.00015998307849689365,1.5313666838676738e-07,0.026666666666666665,0.0001599996719205301,2.7217356444275228e-06,0.026666666666666665,0.00015999416768891953,7.895558783902948e-06,0.026666666666666665,0.00015998308044907244,1.5313666838676736e-07,0.026666666666666665,0.0001599996719205301,2.721735644427523e-06,0.026666666666666665,0.00015999416768891953,7.895558783902948e-06,0.026666666666666665,0.00015998308044907244,0.24,0.0,0.045454652624379,0.12500000004240097,0.07850000070693011
0.01,1.0,2.8032393799876587,2.7558519212301975e-07,0.035555555555555556,0.00021333256229491714,5.881040291002618e-06,0.035555555555555556,0.0002133168660514639,1.6920248944719643e-05,0.035555555555555556,0.00021328595452406899,3.2825670684198364e-07,0.035555555555555556,0.00021333241451332302,5.832259780567708e-06,0.035555555555555556,0.00021331700291946678,1.6918303608498832e-05,0.035555555555555556,0.00021328595998062992,3.282567068419838e-07,0.035555555555555556,0.00021333241451332302,5.832259780567708e-06,0.035555555555555556,0.00021331700291946678,1.6918303608498835e-05,0.035555555555555556,0.00021328595998062992,0.32,0.0,0.045666801810740024,0.12500000009069626,0.07850000151178652
0.012,1.0,2.0288765255108907,5.057269222968232e-07,0.044444444444444446,0.0002666650131555139,1.0781620633734073e-05,0.044444444444444446,0.00026663138042492065,3.101859343956327e-05,0.044444444444444446,0.00026656514517299837,6.02067699485854e-07,0.044444444444444446,0.0002666646971264256,1.0692399908243058e-05,0.044444444444444446,0.0002666316731079833,3.101503392055338e-05,0.044444444444444446,0.0002665651568450157,6.020676994858545e-07,0.044444444444444446,0.0002666646971264256,1.0692399908243058e-05,0.044444444444444446,0.0002666316731079833,3.101503392055338e-05,0.044444444444444446,0.0002665651568450157,0.4,0.0,0.04590147008121522,0.12500000016591528,0.07850000276533033
0.014,1.0,1.3765084225033877,8.377121217360836e-07,0.05333333333333333,0.0003199969656384662,1.7838132519946308e-05,0.05333333333333333,0.00031993531027619756,5.1317788348188294e-05,0.05333333333333333,0.0003198138884393626,9.96698578815306e-07,0.05333333333333333,0.00031999638759380304,1.769090232984515e-05,0.05333333333333333,0.0003199358456005505,5.1311911475320415e-05,0.05333333333333333,0.00031981390979647666,9.966985788153063e-07,0.05333333333333333,0.00031999638759380304,1.769090232984515e-05,0.05333333333333333,0.0003199358456005505,5.1311911475320415e-05,0.05333333333333333,0.00031981390979647666,0.48,0.0,0.04615245028900607,0.12500000027383193,0.07850000456380653
0.016,1.0,0.8299289745181624,1.290504827674093e-06,0.06222222222222223,0.000373328307060603,2.744232955196048e-05,0.06222222222222223,0.0003732263045382137,7.894322836869556e-05,0.06222222222222223,0.00037302542660324424,1.5344048362377158e-06,0.06222222222222223,0.0003733273531418605,2.721647662707764e-05,0.06222222222222223,0.0003732271879193543,7.893420754898775e-05,0.06222222222222223,0.0003730254618644815,1.5344048362377162e-06,0.06222222222222223,0.0003733273531418605,2.7216476627077644e-05,0.06222222222222223,0.0003732271879193543,7.893420754898775e-05,0.06222222222222223,0.0003730254618644815,0.56,0.0,0.046414512731923006,0.12500000042012577,0.07850000700188586
0.018000000000000002,1.0,0.3749117416134279,1.8832767089939784e-06,0.07111111111111111,0.0004266589236377006,3.99858678292427e-05,0.07111111111111111,0.00042650201268935493,0.0001150192386026241,0.07111111111111111,0.0004261930072964545,2.237593809440465e-06,0.07111111111111111,0.0004266574602376493,3.9657788267777065e-05,0.07111111111111111,0.0004265033678069042,0.00011500612513410463,0.07111111111111111,0.0004261930614213727,2.237593809440466e-06,0.07111111111111111,0.0004266574602376493,3.9657788267777065e-05,0.07111111111111111,0.0004265033678069042,0.00011500612513410463,0.07111111111111111,0.0004261930614213727,0.64,0.0,0.04668327533154964,0.12500000061038471,0.07850001017270983
0.02,1.0,0.0,2.635428773691532e-06,0.08000000000000002,0.00047998870033974614,5.586030155742116e-05,0.08000000000000002,0.0004797600847930246,0.00016066889716772617,0.08000000000000002,0.0004793098845683844,3.128849955722669e-06,0.08000000000000002,0.0004799865744371435,5.540345118438511e-05,0.08000000000000002,0.0004797620532703934,0.00016065062130310958,0.08000000000000002,0.0004793099632491955,3.1288499557226695e-06,0.08000000000000002,0.0004799865744371435,5.540345118438512e-05,0.08000000000000002,0.0004797620532703934,0.00016065062130310958,0.08000000000000002,0.0004793099632491955,0.7200000000000002,0.0,0.046955089668915484,0.12500000085011176,0.07850001416800483
0.022,1.0,0.0,3.5836834839447166e-06,0.08888888888888889,0.0005333175207606911,7.544126843701189e-05,0.08888888888888889,0.0005329981715239888,0.00021701322789082817,0.08888888888888889,0.000532369319950327,4.230960108785522e-06,0.08888888888888889,0.000533314560233599,7.484202031889534e-05,0.08888888888888889,0.000533000912626227,0.00021698922977045698,0.08888888888888889,0.0005323694296055148,4.230960108785522e-06,0.08888888888888889,0.000533314560233599,7.484202031889534e-05,0.08888888888888889,0.000533000912626227,0.00021698922977045698,0.08888888888888889,0.0005323694296055148,0.8,0.0,0.0472276229125842,0.12500000110729081,0.07850001845416868
0.024,1.0,0.0,4.765877313109054e-06,0.09777777777777777,0.0005866451645657629,9.910351691479922e-05,0.09777777777777777,0.0005862140190560446,0.0002851716220959969,0.09777777777777777,0.0005853645872993216,5.566938716500295e-06,0.09777777777777777,0.0005866412809060139,9.836198412908767e-05,0.09777777777777777,0.0005862176145447533,0.00028514188368380683,0.09777777777777777,0.0005853647312880439,5.566938716500296e-06,0.09777777777777777,0.0005866412809060139,9.836198412908767e-05,0.09777777777777777,0.0005862176145447533,0.0002851418836838069,0.09777777777777777,0.0005853647312880439,0.88,0.0,0.04749985431064515,0.1250000013644236,0.07850002301041575
0.026000000000000002,2.0,77.67806356673431,6.157058077615248e-06,0.10666666666666666,0.0006399714047361213,0.00012728010822482888,0.10666666666666666,0.0006394053788985111,0.0003662640208869579,0.10666666666666666,0.000638288970267424,7.108191056306083e-06,0.10666666666666666,0.0006399665983677009,0.00012639979031335157,0.10666666666666666,0.0006394098280952254,0.0003662286530438997,0.10666666666666666,0.0006382891486978971,7.160053057198652e-06,0.10666666666666666,0.0006399665983677009,0.00012635175705085427,0.10666666666666666,0.0006394098280952254,0.0003662267386747021,0.10666666666666666,0.0006382891486978971,0.96,0.0,0.047760781974784505,0.12500000189450386,0.07850003196692118
0.028,2.0,87.10230247136109,7.688189795327227e-06,0.11555555555555558,0.0006932963909848678,0.00016044510677760005,0.11555555555555558,0.0006925696526839845,0.00046141004957338813,0.11555555555555558,0.0006911357492080117,8.77987227024942e-06,0.11555555555555558,0.0006932906841869956,0.0001594348959883222,0.11555555555555558,0.0006925749345914533,0.00046136937209798247,0.11555555555555558,0.0006911359614150701,9.033848432058565e-06,0.11555555555555558,0.0006932903730149903,0.00015919967191140917,0.11555555555555558,0.0006925752227910284,0.0004613599961991122,0.11555555555555558,0.0006911359729012853,1.0400000000000003,0.0,0.048009237498576655,0.1250000027235993,0.07850004589450092
0.03,2.0,104.31999439816377,9.385498141650812e-06,0.12444444444444445,0.0007466205375278948,0.00019898453173934763,0.12444444444444445,0.0007457039960260012,0.0005717237011857399,0.12444444444444445,0.0007438982063692265,1.061031265691365e-05,0.12444444444444445,0.0007466139874330453,0.0001978513831850533,0.12444444444444445,0.0007457100572907368,0.0005716779509529389,0.12444444444444445,0.0007438984504340788,1.1212173331190879e-05,0.12444444444444445,0.0007466124635760745,0.00019729397228816206,0.12444444444444445,0.0007457114686351983,0.0005716557271981715,0.12444444444444445,0.0007438985066894721,1.12,0.0,0.048232388859390796,0.1250000041478269,0.07850006971702625
0.032,2.0,116.45951269086385,1.1273500141745078e-05,0.13333333333333336,0.0007999436870111503,0.0002432861802727857,0.13333333333333336,0.000798806092809564,0.0006983167424873874,0.13333333333333336,0.0007965696577928857,1.2625671796119292e-05,0.13333333333333336,0.0007999363381240586,0.0002420355391706472,0.13333333333333336,0.0007988128917008898,0.0006982660908212979,0.13333333333333336,0.0007965699322942825,1.3719204571066215e-05,0.13333333333333336,0.000799932726960013,0.0002410228048080245,0.13333333333333336,0.0007988162361662713,0.000698225696109383,0.13333333333333336,0.0007965700656368111,1.2000000000000002,0.0,0.04843373284449131,0.1250000060582325,0.07850010162761788
0.034,2.0,119.99998316948123,1.3375853286714215e-05,0.14222222222222222,0.0008532656923324829,0.00029373885671148445,0.14222222222222222,0.0008518736162516967,0.0008422985078973583,0.14222222222222222,0.000849143432878409,1.4851152164730324e-05,0.14222222222222222,0.0008532575793025567,0.000292374748187606,0.14222222222222222,0.0008518811200983094,0.0008422430644228052,0.14222222222222222,0.0008491437367884056,1.657947240095981e-05,0.14222222222222222,0.0008532510181059069,0.00029077421138190237,0.14222222222222222,0.0008518871965044852,0.0008421791852584963,0.14222222222222222,0.000849143979156677,1.28,0.0,0.04861312161660413,0.12500000845558826,0.07850014164220838
0.036000000000000004,2.0,119.99998316985273,1.5715568131775573e-05,0.1511111111111111,0.0009065864115469465,0.00035073219102565377,0.1511111111111111,0.0009049042335263978,0.001004775717375769,0.1511111111111111,0.0009016128756192826,1.7311215575026594e-05,0.1511111111111111,0.0009065775597536783,0.00034925730649482947,0.1511111111111111,0.000904912418177541,0.0010047155336716943,0.1511111111111111,0.0009016132082801299,1.9817885576132703e-05,0.1511111111111111,0.0009065671898322609,0.0003469361213691149,0.1511111111111111,0.0009049220213983752,0.0010046228196622002,0.1511111111111111,0.0009016135915551157,1.36,0.0,0.04877207439191508,0.12500001134411548,0.07850018983381511
0.038,2.0,119.99998317024478,1.8315035232932664e-05,0.16000000000000003,0.0009599057065912096,0.0004146566290424143,0.16000000000000003,0.0009578956068538462,0.0011868523016412742,0.16000000000000003,0.0009539713456957456,2.00294905541028e-05,0.16000000000000003,0.0009598961327065501,0.0004130725234427624,0.16000000000000003,0.0009579044561610312,0.001186787379254315,0.16000000000000003,0.0009539717067979699,2.345975639551171e-05,0.16000000000000003,0.0009598810926865433,0.000409896343666464,0.16000000000000003,0.0009579183832717856,0.0011866603922716969,0.16000000000000003,0.000953972263082027,1.4400000000000004,0.0,0.04891282227877074,0.1250000147319188,0.07850024633988349
0.04,2.0,119.99998317066202,2.1196121344030044e-05,0.1688888888888889,0.0010132234431219358,0.00048590335831901474,0.1688888888888889,0.0010108453935590788,0.0013896292253371295,0.1688888888888889,0.0010062122195234856,2.302882449177462e-05,0.1688888888888889,0.0010132131563900088,0.00048421068825500236,0.1688888888888889,0.0010108548981926768,0.0013895595253736815,0.1688888888888889,0.0010062126090578075,2.7530825701677647e-05,0.1688888888888889,0.0010131925747949603,0.00048004255871666296,0.1688888888888889,0.0010108739552713345,0.0013893926896871467,0.1688888888888889,0.0010062133709797033,1.52,0.0,0.04903754011066354,0.12500001863083812,0.07850031135990891
0.042,2.0,119.99998317110956,2.4380338148411822e-05,0.17777777777777778,0.0010665394899386025,0.0005648641666322719,0.17777777777777778,0.0010637512465167527,0.0016142043080534909,0.17777777777777778,0.001058328891314644,2.63314889103292e-05,0.17777777777777778,0.0010665284937197161,0.0005630628947686533,0.17777777777777778,0.0010637614025371367,0.0016141297593840539,0.17777777777777778,0.0010583293095144247,3.205728784102154e-05,0.17777777777777778,0.0010665014817124567,0.000557762310430815,0.17777777777777778,0.0010637864113143666,0.0016139173183728843,0.17777777777777778,0.0010583303105285438,1.6,0.0,0.04914804527147889,0.12500002305603417,0.07850038514860815
0.044,2.0,119.99998317159103,2.7888987542409116e-05,0.18666666666666668,0.0011198537179711095,0.0006519313219827752,0.18666666666666668,0.0011166108150002065,0.0018616720467747505,0.18666666666666668,0.0011103147741516792,2.9959361997732045e-05,0.18666666666666668,0.0011198420110665381,0.000650020887010395,0.18666666666666668,0.0011166216226313882,0.0018615925528329333,0.18666666666666668,0.0011103152214436958,3.70658155819818e-05,0.18666666666666668,0.001119807656272954,0.0006434429980196146,0.18666666666666668,0.0011166534261374153,0.0018613285314032187,0.18666666666666668,0.0011103164960897629,1.6800000000000002,0.0,0.04924594977794477,0.12500002802541954,0.07850046800650419
0.046,2.0,119.9999831721112,3.174328250522201e-05,0.19555555555555554,0.0011731659994080787,0.0007474974750118567,0.19555555555555554,0.0011694217454014367,0.0021331234398123677,0.19555555555555554,0.0011621633010526846,3.3934081867947436e-05,0.19555555555555554,0.0011731535771613468,0.0007454769316689763,0.19555555555555554,0.0011694332080112709,0.0021330388841752372,0.19555555555555554,0.0011621637780163355,4.258358498933192e-05,0.19555555555555554,0.0011731109384398412,0.0007374718677279259,0.19555555555555554,0.0011694726753452157,0.0021327170557685357,0.19555555555555554,0.0011621653621449138,1.76,0.0,0.04933268343118623,0.12500003355927067,0.07850056027352567
0.048,2.0,119.99998317267327,3.5964448351056175e-05,0.20444444444444446,0.0012264762069716356,0.0008519555793914085,0.20444444444444446,0.0012221816818165957,0.002429645812071745,0.20444444444444446,0.0012138679260277926,3.827717560889703e-05,0.20444444444444446,0.0012264630621754591,0.0008498237127819912,0.20444444444444446,0.0012221938050766528,0.0024295560629971815,0.20444444444444446,0.0012138684333616154,4.863830025254787e-05,0.20444444444444446,0.001226411165156731,0.0008402360044673727,0.20444444444444446,0.0012222418354602992,0.002429169920271314,0.20444444444444446,0.0012138703643320556,1.8400000000000003,0.0,0.04940951436287689,0.12500003967991616,0.07850066232386542
0.05,2.0,119.99998317328027,4.0573808189800286e-05,0.21333333333333332,0.0012797842133098936,0.000965698826642833,0.21333333333333332,0.0012748882665236515,0.002752322641538173,0.21333333333333332,0.0012654221251275695,4.3010168339990876e-05,0.21333333333333332,0.0012797703369463466,0.000963454244729293,0.21333333333333332,0.0012749010577233078,0.0027522275556192055,0.21333333333333332,0.0012654226636220167,5.525821846634715e-05,0.21333333333333332,0.0012797081701984847,0.0009521223233415517,0.21333333333333332,0.0012749585839731958,0.002751770284041565,0.21333333333333332,0.0012654249804783721,1.92,0.0,0.049477567268818926,0.12500004641148654,0.07850077456186688
0.052000000000000005,2.0,119.9999831739361,4.5592855655422675e-05,0.2222222222222222,0.0013330898904841944,0.0010891205925504573,0.2222222222222222,0.0013275391403734763,0.003102233386895708,0.2222222222222222,0.0013168193974841041,4.815467579045473e-05,0.2222222222222222,0.0013330752723232934,0.0010867618002818463,0.2222222222222222,0.0013275526078649574,0.0031021328119741893,0.2222222222222222,0.001316819967999618,6.247217436155759e-05,0.2222222222222222,0.0013330017840225352,0.0010735175610584622,0.2222222222222222,0.001327620599393284,0.003101597265701088,0.2222222222222222,0.001316822711629084,2.0,0.0,0.04953783958990141,0.12500005377971482,0.07850089741874906
0.054,2.0,119.99998317464369,5.104331735228143e-05,0.23111111111111116,0.0013863931095327345,0.0012226143928976236,0.23111111111111116,0.0013801319431113643,0.0034804533162157212,0.23111111111111116,0.0013680532663452925,5.3732483311397244e-05,0.23111111111111116,0.0013863777386119243,0.001220139851007456,0.23111111111111116,0.001380146095864976,0.003480347093679836,0.23111111111111116,0.0013680538697948218,7.030960498454329e-05,0.23111111111111116,0.0013862918336204975,0.0012048082672247206,0.23111111111111116,0.001380225561300316,0.0034797257732058187,0.23111111111111116,0.0013680570830724604,2.0800000000000005,0.0,0.04959121587119451,0.125000061811778,0.07850103135001578
0.056,2.0,119.99998317540641,5.694720698581034e-05,0.24,0.0014396937400958862,0.00136657384670078,0.24,0.0014326643136426142,0.003888053336670004,0.24,0.0014191172801027057,5.976561373229099e-05,0.24,0.0014396776051001316,0.0013639820177987995,0.24,0.0014326791608939551,0.0038879413032430494,0.24,0.001419117917437921,7.880057432348743e-05,0.24,0.0014395781423700927,0.0013463807955161036,0.24,0.0014327711503966517,0.0038872263343954234,0.24,0.001419121645360765,2.16,0.0,0.049638480504021046,0.1250000705361722,0.07850117683342314
0.058,2.0,119.99998317622756,6.33268727580144e-05,0.2488888888888889,0.0014929916500914186,0.0015213926454737034,0.2488888888888889,0.0014851338902531288,0.004326099825237767,0.2488888888888889,0.0014700050133133135,6.627638605358747e-05,0.2488888888888889,0.0014929747396509397,0.0015186820296762334,0.2488888888888889,0.0014851494412265406,0.0043259818143499135,0.2488888888888889,0.0014700056855138752,8.79757978799076e-05,0.2488888888888889,0.0014928605298873926,0.0014986212947189427,0.2488888888888889,0.0014852550485602368,0.004325164928279159,0.2488888888888889,0.0014700099753269609,2.24,0.0,0.04968032903283913,0.12500007998261506,0.07850133436740259
0.06,2.0,119.99998317710968,7.020503930031979e-05,0.2577777777777778,0.0015462867054301186,0.0016874645273385644,0.2577777777777778,0.0015375383107938245,0.004795654460387367,0.2577777777777778,0.0015207100677152399,7.328746661791922e-05,0.2577777777777778,0.001546269008350345,0.0016846336893405333,0.2577777777777778,0.001537554574488609,0.004795530303208007,0.2577777777777778,0.0015207107757805672,9.786666718385836e-05,0.2577777777777778,0.0015461388118793874,0.0016619156996368616,0.2577777777777778,0.0015376749388983529,0.004794602817086888,0.2577777777777778,0.0015207156770969917,2.3200000000000003,0.0,0.04971737818834433,0.12500009018197042,0.07850150446985535
0.062,2.0,119.99998317805736,7.76048451697402e-05,0.2666666666666667,0.0015995787697641983,0.0018651832550284808,0.2666666666666667,0.0015898752128359688,0.005297774054722793,0.2666666666666667,0.0015712260732376761,8.082191411258156e-05,0.2666666666666667,0.0015995602752002928,0.0018622308442184567,0.2666666666666667,0.0015898921978639573,0.005297643580918641,0.2666666666666667,0.0015712268181807523,0.00010850527425135802,0.2666666666666667,0.0015994127999968972,0.0018366497218573277,0.2666666666666667,0.0015900285058021793,0.005296596379114,0.2666666666666667,0.001571232383097479,2.4000000000000004,0.0,0.04975017479006675,0.12500010116619106,0.07850168767725006
0.064,2.0,119.99998317907352,8.55498767365163e-05,0.27555555555555555,0.001652867704262315,0.002054942597009042,0.27555555555555555,0.0016421422338031625,0.005833510388592252,0.27555555555555555,0.0016215466890049965,8.890321951610326e-05,0.27555555555555555,0.001652848401848658,0.0020518673619656785,0.27555555555555555,0.0016421599482680227,0.005833373426865553,0.27555555555555555,0.0016215474718478213,0.00011992443598266222,0.27555555555555555,0.001652682301687825,0.002023208840372457,0.27555555555555555,0.0016423134350021895,0.005832196942388831,0.27555555555555555,0.0016215537550586493,2.48,0.0,0.04977920364564124,0.1250001129682762,0.07850188454396761
0.066,2.0,119.99998318016199,9.406419913292766e-05,0.28444444444444444,0.0017061533674062475,0.0022571363110927786,0.28444444444444444,0.0016943370110846124,0.0064039100446620575,0.28444444444444444,0.0016716656043351131,9.755534190298567e-05,0.28444444444444444,0.0017061332473495702,0.0022539371095752986,0.28444444444444444,0.0016943554624948727,0.006403766423114001,0.28444444444444444,0.0016716664261054732,0.00013215771850009613,0.28444444444444444,0.0017059471200507705,0.0022219782920484825,0.28444444444444444,0.0016945274136244322,0.006402450619191035,0.28444444444444444,0.0016716734850123337,2.56,0.0,0.049804894559638574,0.12500012562224086,0.07850209564184742
0.068,2.0,119.99998318132643,0.00010317238480523174,0.2933333333333334,0.0017594356148052028,0.0024721581300386503,0.2933333333333334,0.0017464571821334438,0.007010014243463688,0.2933333333333334,0.001721576539732028,0.00010680274085699809,0.2933333333333334,0.0017594146679485825,0.0024688339353914077,0.2933333333333334,0.0017464763773425488,0.007009863789820226,0.2933333333333334,0.0017215774014613162,0.00014523946142424928,0.2933333333333334,0.0017592070536889997,0.0024333430619382732,0.2933333333333334,0.0017466681302477094,0.007008398141449212,0.2933333333333334,0.0017215852962848542,2.6400000000000006,0.0,0.04982762855215931,0.12500013916309496,0.07850232155989836
0.07,2.0,119.99998318257116,0.00011289954010773733,0.3022222222222222,0.001812714299024502,0.002700401748723816,0.3022222222222222,0.0017985003845531016,0.007652858679925628,0.3022222222222222,0.0017712732478725511,0.00011667040610860018,0.3022222222222222,0.0018126925168881914,0.0026969516534518095,0.3022222222222222,0.0017985203297209847,0.007652701221656205,0.3022222222222222,0.0017712741505944121,0.00015920480208743266,0.3022222222222222,0.001812461896564788,0.0026576878734312476,0.3022222222222222,0.0017987332749617039,0.0076510746970459,0.3022222222222222,0.0017712829444846382,2.72,0.0,0.04984774337613067,0.12500015362683045,0.07850256290414359
0.07200000000000001,2.0,119.99998318390047,0.00012327133029522964,0.3111111111111111,0.0018659892694260203,0.0029422608125515112,0.3111111111111111,0.0018504642561743237,0.008333473360904555,0.3111111111111111,0.0018207495145871131,0.00012718388490085233,0.3111111111111111,0.0018659666442300152,0.0029386840296868116,0.3111111111111111,0.001850484956745956,0.008333308725258698,0.3111111111111111,0.0018207504593367296,0.00017408969968339726,0.3111111111111111,0.0018657114378541422,0.0028953971782350097,0.3111111111111111,0.0018507205394260793,0.008331509767057916,0.3111111111111111,0.0018207602184843914,2.8000000000000003,0.0,0.04986553841224934,0.12500016905041436,0.07850282029757456
0.074,2.0,119.99998318531932,0.0001343140032029148,0.32000000000000006,0.001919260372018229,0.003198128906820881,0.32000000000000006,0.0019023464351246913,0.009052882443732821,0.32000000000000006,0.001869999159834573,0.00013836930749695856,0.32000000000000006,0.0019192368966905954,0.0031944247695853308,0.32000000000000006,0.0019023678958218794,0.009052710457714821,0.32000000000000006,0.001870000147648448,0.00018993095935241516,0.32000000000000006,0.0019189554618018999,0.00314685514618299,0.32000000000000006,0.0019026276169305904,0.009050726963959824,0.32000000000000006,0.0018700109413976528,2.880000000000001,0.0,0.049881279011639024,0.12500018547178726,0.0785030943801944
0.076,2.0,119.99998318683205,0.00014605441184889435,0.32888888888888884,0.001972527449314116,0.003468399546834717,0.32888888888888884,0.0019541445598924077,0.009812104075801025,0.32888888888888884,0.0019190160386709362,0.0001502534111676547,0.32888888888888884,0.0019725031174883515,0.0034645675070088607,0.32888888888888884,0.001954166784715821,0.009811924566099087,0.32888888888888884,0.001919017070587044,0.00020676625620093088,0.32888888888888884,0.0019721937475772186,0.0034124456548623437,0.32888888888888884,0.001954452202456235,0.009809743870818136,0.32888888888888884,0.0019190289715495742,2.96,0.0,0.049895200348413236,0.12500020292986586,0.0785033858091335
0.078,2.0,119.9999831884441,0.00015852003615049275,0.3377777777777778,0.0020257903401955735,0.003753466168561494,0.3377777777777778,0.0020058562693856586,0.010612150235195983,0.3377777777777778,0.0019677940422118604,0.00016286356293502064,0.3377777777777778,0.002025765146199661,0.003749505793890867,0.3377777777777778,0.002005879261624614,0.010611963028078994,0.3377777777777778,0.001967795119270072,0.00022463415925509962,0.3377777777777778,0.002025426069129461,0.00369255227905633,0.3377777777777778,0.002006191992737493,0.010609571881503696,0.3377777777777778,0.001967808203441758,3.04,0.0,0.04990751083734137,0.1250002214645485,0.0785036952588245
0.08,2.0,119.99998319016063,0.0001717390039101357,0.3466666666666667,0.0020790488797830975,0.004053722119701084,0.3466666666666667,0.002057479202988631,0.011454026572415522,0.3466666666666667,0.0020163270985888242,0.00017622778129902888,0.3466666666666667,0.0020790228186223897,0.0040496330906056865,0.3466666666666667,0.0020575029652366546,0.011453831493607944,0.3466666666666667,0.002016328221831526,0.0002435741553476421,0.3466666666666667,0.0020786521950444696,0.003987558279995349,0.3466666666666667,0.002057844686325662,0.011451216041949463,0.3466666666666667,0.002016342568710978,3.12,0.0,0.04991839516560804,0.1250002411167237,0.07850402342122524
0.082,2.0,119.99998319198752,0.00018574011119778044,0.35555555555555557,0.0021323028993098726,0.004369560651030105,0.35555555555555557,0.002109011000615127,0.01233873225318244,0.35555555555555557,0.0020646091738988404,0.0001903747571317942,0.35555555555555557,0.002132275966645539,0.004365342756829289,0.35555555555555557,0.0021090355347896995,0.012338529127725663,0.35555555555555557,0.002064610344371686,0.0002636266729375621,0.35555555555555557,0.0021318718884012476,0.004297846594410788,0.35555555555555557,0.0021094079836533612,0.012335674892480738,0.35555555555555557,0.0020646260370816363,3.2,0.0,0.04992801698214591,0.12500026192828018,0.078504371006081
0.084,2.0,119.99998319393052,0.0002005528422335299,0.36444444444444446,0.0021855522259994803,0.004701374907924549,0.36444444444444446,0.002160449302760486,0.013267259802380674,0.36444444444444446,0.0021126342731475722,0.00020533387389071796,0.36444444444444446,0.002185524418123876,0.004697028042745536,0.36444444444444446,0.0021604746101256908,0.01326704845448738,0.36444444444444446,0.002112635491900313,0.00028483310586239244,0.36444444444444446,0.0021850849066290413,0.004623799823385778,0.36444444444444446,0.002160879587100202,0.0132639403112447,0.36444444444444446,0.0021126526173117824,3.2800000000000002,0.0,0.04993652128313081,0.125000283942119,0.07850473874121852
0.08600000000000001,2.0,119.99998319599621,0.0002162073888551727,0.37333333333333335,0.002238796682946599,0.005049557921974854,0.37333333333333335,0.002211791750552453,0.014240594949137198,0.37333333333333335,0.002160396441185716,0.00022113522727404292,0.37333333333333335,0.002238767996756656,0.005045082080477231,0.37333333333333335,0.002211817831743527,0.014240375202043841,0.37333333333333335,0.0021603977092730757,0.0003072358370227586,0.37333333333333335,0.0022382910013648257,0.0049658002209969345,0.37333333333333335,0.0022122572010596854,0.014236997358765865,0.37333333333333335,0.002160416358132532,3.3600000000000003,0.0,0.049944036527886614,0.12500030720216646,0.07850512737286612
0.088,2.0,119.99998319819028,0.0002327346696399878,0.38222222222222224,0.0022920360890002025,0.005414502602622878,0.38222222222222224,0.0022630359858014843,0.015259716473073578,0.38222222222222224,0.0022078897636385103,0.0002378096444197493,0.38222222222222224,0.0022920065219696893,0.005409897875642191,0.38222222222222224,0.00226306284085047,0.015259488148894905,0.38222222222222224,0.0022078910821210704,0.0003308782619991762,0.38222222222222224,0.002291489918311197,0.005324229682741113,0.38222222222222224,0.002263538532007352,0.01525582412365391,0.38222222222222224,0.002207911349180738,3.4400000000000004,0.0,0.0499506765155935,0.1250003317533879,0.07850553766599458
0.09,2.0,119.99998320052075,0.0002501663487377258,0.3911111111111111,0.0023452702586488267,0.005796601728761847,0.3911111111111111,0.0023141796510509293,0.016325596051751358,0.3911111111111111,0.002255108367828225,0.00025538870273021544,0.3911111111111111,0.0023452398088001478,0.005791868298951779,0.3911111111111111,0.0023142072794128136,0.016325358971339955,0.3911111111111111,0.0022551097377732972,0.00035580481260112824,0.3911111111111111,0.0023446813970946713,0.0056994697337411585,0.3911111111111111,0.00231472128857022,0.01632139156949007,0.3911111111111111,0.002255131721924743,3.52,0.0,0.049956542049772755,0.12500035764180234,0.07850597040467544
0.092,2.0,119.9999832029941,0.0002685348544613795,0.3999999999999999,0.002398499001907573,0.006196247940249889,0.3999999999999999,0.0023652203896274283,0.017439198109335616,0.3999999999999999,0.0023020464236894913,0.00027390474839013534,0.3999999999999999,0.002398467667783618,0.00619138607778319,0.3999999999999999,0.0023652487902062888,0.01743895209214868,0.3999999999999999,0.0023020478461719595,0.0003820609803486029,0.3999999999999999,0.0023978651711243928,0.006091901516724598,0.3999999999999999,0.0023658031815975526,0.01743466338291812,0.3999999999999999,0.002302071650583059,3.5999999999999996,0.0,0.049961722414485064,0.1250003849144973,0.07850642639245298
0.094,2.0,119.99998320561811,0.0002878733976743104,0.4088888888888889,0.002451722124206565,0.006613833729295329,0.4088888888888889,0.0024161558456918344,0.018601479666501122,0.4088888888888889,0.00234869814467732,0.00029339091463271113,0.4088888888888889,0.002451689904842993,0.00660884378766842,0.4088888888888889,0.0024161850168666343,0.018601224530476076,0.4088888888888889,0.0023486996207804415,0.0004096933398864092,0.4088888888888889,0.0024510409674512418,0.006501905779769185,0.4088888888888889,0.002416781924232986,0.01859659582296567,0.4088888888888889,0.002348725353035825,3.6800000000000006,0.0,0.04996629668348455,0.1250004136196437,0.07850690645272748
0.096,2.0,119.99998320840038,0.00030821599000540413,0.4177777777777778,0.002504939426280621,0.007049751431678369,0.4177777777777778,0.002466983664290895,0.019813390191605558,0.4177777777777778,0.00239505778866766,0.0003138811397992832,0.4177777777777778,0.0025049063211788707,0.007044633843652035,0.4177777777777778,0.0024670136039406563,0.01981312575304558,0.4177777777777778,0.0023950593194838102,0.00043874957233172926,0.4177777777777778,0.0025042085066273485,0.006929862863809139,0.4177777777777778,0.002467655231988052,0.019808137571621334,0.4177777777777778,0.002395087091728873,3.7600000000000002,0.0,0.04997033488117874,0.1250004438065111,0.07850741142914763
0.098,2.0,119.99998321134953,0.0003295974619186358,0.42666666666666664,0.0025581507040599674,0.007504393217778739,0.42666666666666664,0.00251770149140993,0.021075871453154236,0.42666666666666664,0.0024411196588503665,0.0003354101852292609,0.42666666666666664,0.002558116713161204,0.007499148491477625,0.42666666666666664,0.0025177321969380873,0.021075597526624468,0.42666666666666664,0.0024411212454817266,0.00046927848855551045,0.42666666666666664,0.0025573675025660093,0.007376152689895908,0.42666666666666664,0.002518420822817145,0.0210702295856931,0.42666666666666664,0.002441151174570272,3.84,0.0,0.04997389901212199,0.1250004755254826,0.07850794218601023
0.1,2.0,119.99998321447401,0.0003520534806589247,0.43555555555555564,0.002611355748561822,0.007978151083383189,0.43555555555555564,0.0025683069740266616,0.022389857373580655,0.43555555555555564,0.0024868781046144084,0.0003580136530106548,0.43555555555555564,0.002611320872221958,0.007972779798568974,0.43555555555555564,0.002568338442384468,0.022389573771815458,0.43555555555555564,0.002486879748173587,0.0005013300523984481,0.43555555555555564,0.002610517662402001,0.007841154746207205,0.43555555555555564,0.0025690764171939586,0.022383804949972892,0.43555555555555564,0.002486911955819175,3.920000000000001,0.0,0.04997704397388553,0.1250005088280695,0.07850849960866593
0.10200000000000001,2.0,119.99998321778278,0.00037562056809252946,0.4444444444444444,0.002664554345782713,0.008471416840250105,0.4444444444444444,0.0026187977601663673,0.023756273884367178,0.4444444444444444,0.0025323275224251826,0.00038172800361615356,0.4444444444444444,0.0026645185847486027,0.008465919644777052,0.4444444444444444,0.0026188299878752526,0.02375598041818865,0.4444444444444444,0.002532329224035774,0.000534955403822462,0.4444444444444444,0.002663658686352276,0.008325248074798043,0.4444444444444444,0.0026196197381894233,0.0237497887317322,0.4444444444444444,0.0025323638369668293,4.0,0.0,0.04997981836647502,0.12500054376692593,0.07850908460392972
0.10400000000000001,2.0,119.9999832212854,0.0004003361184573821,0.4533333333333333,0.0027177462765914447,0.008984582106411313,0.4533333333333333,0.002669171498958499,0.025176038782529917,0.4533333333333333,0.002577462356693797,0.00040659057344524455,0.4533333333333333,0.002717709631978303,0.008978959712868101,0.4533333333333333,0.0026692044821313376,0.02517573526077764,0.4533333333333333,0.002577464117490868,0.0005702068819987242,0.4533333333333333,0.002716790267577065,0.008828811258087444,0.4533333333333333,0.0026700485115512115,0.02516909783657331,0.4533333333333333,0.0025775012676096066,4.08,0.0,0.04998226520998255,0.12500058039586268,0.07850969810049524
0.106,2.0,119.99998322499152,0.000426238416036426,0.4622222222222223,0.0027709313166225896,0.009518038296193332,0.4622222222222223,0.0027194258406948663,0.026650061588491807,0.4622222222222223,0.002622277100638154,0.00043263959228930535,0.4622222222222223,0.0027708937898926625,0.009512291478731543,0.4622222222222223,0.002719459575056125,0.026649747817963695,0.4622222222222223,0.002622278921768668,0.0006071380483334551,0.4622222222222223,0.002769912092041342,0.009352222405074427,0.4622222222222223,0.0027203604657848094,0.026642640865660434,0.4622222222222223,0.002622318746313894,4.160000000000001,0.0,0.04998442258084248,0.12500061876986082,0.07851034104935235
0.108,2.0,119.99998322891109,0.0004533666527650103,0.4711111111111111,0.0028241092361704478,0.010072176609942342,0.4711111111111111,0.0027695584368895064,0.0281792434053676,0.4711111111111111,0.002666766297135716,0.00045991420073383473,0.4711111111111111,0.002824070829112931,0.010066306201289031,0.4711111111111111,0.002769592917794277,0.028178919190771586,0.4711111111111111,0.0026667681797588843,0.0006458037094328648,0.4711111111111111,0.002823023838376666,0.009895859137276862,0.4711111111111111,0.00277055333223622,0.028171317974354827,0.4711111111111111,0.002666810821472704,4.24,0.0,0.049986324175891855,0.12500065894508477,0.07851101442420719
0.11,2.0,119.99998323305502,0.0004817609457819453,0.48,0.0028772798000834096,0.010647388023438583,0.48,0.002819566940340346,0.0297644767796844,0.48,0.0027109245395677945,0.0004884544675095769,0.48,0.002877240514795597,0.010641394912088362,0.48,0.002819602162792266,0.029764141923600627,0.48,0.0027109264848553705,0.0006862599400087866,0.48,0.0028761251777434027,0.010460098574386687,0.48,0.002820624845176339,0.029756020732277604,0.48,0.0027109720921538708,4.32,0.0,0.04998799981239855,0.12500070097889446,0.0785117192219041
0.112,2.0,119.99998323743452,0.0005114623549324743,0.48888888888888893,0.002930442767658642,0.011244063276987208,0.48888888888888893,0.002869449005192702,0.03140664556356099,0.48888888888888893,0.002754746472655227,0.0005183014068025554,0.48888888888888893,0.0029304026065282763,0.011237948404567627,0.48888888888888893,0.0028694849638608035,0.031406299866414175,0.48888888888888893,0.0027547484817917298,0.0007285641057267129,0.48888888888888893,0.002929215773693281,0.011045317319634974,0.48888888888888893,0.0028705727418870137,0.031397631984823815,0.48888888888888893,0.002754797208939668,4.4,0.0,0.04998947587129961,0.12500074492985722,0.07851245646284956
0.114,2.0,119.99998324206081,0.0005425129002305775,0.4977777777777778,0.002983597892537072,0.011862592864173542,0.4977777777777778,0.002919202287004744,0.033106624778369204,0.4977777777777778,0.002798226793285301,0.0005494969955313779,0.4977777777777778,0.0029835568582258516,0.011856357222976682,0.4977777777777778,0.002919238976239261,0.03310626803841065,0.4977777777777778,0.0027982288674681817,0.0007727748859981224,0.4977777777777778,0.0029822952820323066,0.011651891444860243,0.4977777777777778,0.002920394762748857,0.03309702571615101,0.4977777777777778,0.002798280874757724,4.48,0.0,0.049990775690075304,0.12500079085775856,0.07851322719143711
0.116,2.0,119.99998324694624,0.0005749555792870756,0.5066666666666667,0.003036744922598617,0.012503367020271678,0.5066666666666667,0.0029688244428149593,0.03486528047990001,0.5066666666666667,0.002841360251329785,0.0005820841905991572,0.5066666666666667,0.003036703018026812,0.012497011650943994,0.5066666666666667,0.0029688618566621403,0.03486491249319899,0.5066666666666667,0.0028413623917695366,0.0008189522967191576,0.5066666666666667,0.0030353633506840115,0.012280196475273383,0.5066666666666667,0.002970088651330839,0.03485506691366522,0.5066666666666667,0.002841417845703094,4.5600000000000005,0.0,0.04999191991095936,0.1250008388236124,0.07851403247647369
0.11800000000000001,2.0,119.99998325210291,0.0006088343847094426,0.5155555555555555,0.0030898835998576105,0.013166775710295954,0.5155555555555555,0.0030183131312117033,0.0366834696250571,0.5155555555555555,0.002884141650453933,0.0006161069461263775,0.5155555555555555,0.0030898408281897385,0.01316030169967805,0.5155555555555555,0.0030183512634276697,0.03668309018550104,0.5155555555555555,0.002884143858374139,0.0008671577129578962,0.5155555555555555,0.0030884196195530185,0.012930607373912485,0.5155555555555555,0.0030196521544816933,0.03667261143402702,0.5155555555555555,0.002884202931851342,4.640000000000001,0.0,0.04999292678954246,0.12500088888967034,0.07851487341160678
0.12,2.0,119.9999832575435,0.0006441943214787134,0.5244444444444445,0.00314301366035841,0.01385320861668548,0.5244444444444445,0.003067666012404891,0.03856203994010025,0.5244444444444445,0.0029265658489163243,0.0006516102306703386,0.5244444444444445,0.0031429700249899087,0.013846617095793233,0.5244444444444445,0.0030677048564685984,0.038561648839403245,0.5244444444444445,0.002926568125553661,0.0009174538915926396,0.5244444444444445,0.0031414637203889197,0.013603498525780822,0.5244444444444445,0.003069083022423192,0.038550505870700136,0.5244444444444445,0.002926630998062505,4.720000000000001,0.0,0.049993812468255086,0.12500094111943005,0.07851575111575228
0.122,2.0,119.99998326328257,0.0006810814243085224,0.5333333333333334,0.003196134834071129,0.014563055126612299,0.5333333333333334,0.0031168807482998876,0.04050182979046042,0.5333333333333334,0.002968627760359399,0.0006886400444361982,0.5333333333333334,0.003196090338615979,0.01455634726875075,0.5333333333333334,0.003116920297425241,0.0405014268181798,0.5333333333333334,0.002968630106963581,0.0009699049939038282,0.5333333333333334,0.003194495276650445,0.014299243721661194,0.5333333333333334,0.003118379008845316,0.04048958742306449,0.5333333333333334,0.0029686969647758,4.800000000000001,0.0,0.0499945912187094,0.12500099557764272,0.07851666673352341
0.124,2.0,119.99998326933277,0.0007195427749910532,0.5422222222222222,0.0032492468447874816,0.015296704318904161,0.5422222222222222,0.0031659550025736594,0.04250366805214859,0.5422222222222222,0.00301032235459057,0.0007272434364841805,0.5422222222222222,0.0032492014930667157,0.015289881337905781,0.5422222222222222,0.0031659952497208282,0.04250325299570889,0.5422222222222222,0.0030103247724242543,0.0010245766081223846,0.5422222222222222,0.00324751390336991,0.015018216141599726,0.5422222222222222,0.0031675378710033656,0.042490683767115706,0.5422222222222222,0.003010395808794946,4.88,0.0,0.0499952756564301,0.12500105233031938,0.07851762143565988
0.126,2.0,119.99998327570967,0.0007596265197343139,0.5511111111111111,0.0033023494100167202,0.01605454495057331,0.5511111111111111,0.0032148864407532418,0.04456837398477956,0.5511111111111111,0.003051644658353775,0.0007674685219373317,0.5511111111111111,0.0033023032060477612,0.016047608099152275,0.5511111111111111,0.003214927378639232,0.04456794662950362,0.5511111111111111,0.003051647148692413,0.0010815357719374755,0.5511111111111111,0.0033005192070179323,0.01576078833805223,0.5511111111111111,0.0032165573698170686,0.04455461292777241,0.5511111111111111,0.0030517225640639724,4.96,0.0,0.04999587693110547,0.12500111144473638,0.07851861641945797
0.128,2.0,119.99998328242779,0.0008013818864951307,0.56,0.0033554422408815948,0.016836965442942862,0.56,0.0032636727302965602,0.046696757106232105,0.56,0.0030925897560913234,0.0008093644991938456,0.56,0.0033553951888683764,0.01682991601115727,0.56,0.0032637143514050865,0.04669631723537886,0.56,0.0030925923202229787,0.0011408509949668822,0.56,0.0033535107853683755,0.01652733221868612,0.56,0.0032654352699716866,0.04668218315281247,0.56,0.003092672322433366,5.040000000000001,0.0,0.0499964048951359,0.1250011729894396,0.07851965290920106
0.13,2.0,119.99998328950316,0.0008448592023121519,0.5688888888888889,0.0034085250420143624,0.017644353867362548,0.5688888888888889,0.003312311540675676,0.04888961706896633,0.5688888888888889,0.0031331527906959407,0.0008529816671478252,0.5688888888888889,0.00340847714633817,0.01763719318117696,0.5688888888888889,0.00331235383726639,0.04888916446377482,0.5688888888888889,0.0031331554299210604,0.0012025922811933652,0.5688888888888889,0.003406488227363532,0.017318219028830847,0.5688888888888889,0.003314169340021217,0.048874192788459205,0.5688888888888889,0.0031332402344164587,5.12,0.0,0.04999686825294322,0.12500123703424756,0.07852073215659082
0.132,2.0,119.99998329695178,0.0008901099106430022,0.5777777777777777,0.0034615975114527936,0.018477097930505896,0.5777777777777777,0.0033608005434624913,0.05114774353801867,0.5777777777777777,0.0031733289642528685,0.0008983714424223229,0.5777777777777777,0.0034615487766637794,0.018469827350446784,0.5777777777777777,0.0033608435075796047,0.05114727797775802,0.5777777777777777,0.0031733316798840177,0.0012668311513706141,0.5777777777777777,0.0034594511129795065,0.018133819333569737,0.5777777777777777,0.0033627573524936815,0.051131430156637875,0.5777777777777777,0.0031734215099359113,5.2,0.0,0.04999727469322551,0.12500130365025314,0.07852185544117907
0.134,2.0,119.99998330479056,0.0009371865887097633,0.5866666666666668,0.003514659340536143,0.019335584959241016,0.5866666666666668,0.0034091374124169656,0.05347191607069497,0.5866666666666668,0.0032131135387718887,0.0009455863766184193,0.5866666666666668,0.003514609771345467,0.01932820587913808,0.5866666666666668,0.00340918103589732,0.053471437332719904,0.5866666666666668,0.003213116332133453,0.001333640665402577,0.5866666666666668,0.003512399013091777,0.018974502999466073,0.5866666666666668,0.0034111970839985823,0.05345467343392292,0.5866666666666668,0.0032132114190601734,5.280000000000001,0.0,0.04999763100609488,0.12500137290982435,0.07852302407080015
0.136,2.0,119.99998331303684,0.0009861429648569476,0.5955555555555555,0.0035677102138010745,0.020220201885067256,0.5955555555555555,0.003457319823577887,0.055862903997981515,0.5955555555555555,0.003252501836909163,0.0009946801735840854,0.5955555555555555,0.0035676598150736222,0.02021271573087403,0.5955555555555555,0.0034573640980585046,0.05586241185779305,0.5955555555555555,0.003252504709337014,0.0014030954447001708,0.5955555555555555,0.0035653314893409178,0.019840639175916195,0.5955555555555555,0.0034594863153365363,0.05584469053219563,0.5955555555555555,0.0032526052927297953,5.36,0.0,0.04999794318681666,0.12500144488660345,0.07852423938200426
0.138,2.0,119.99998332170878,0.0010370339359261926,0.6044444444444445,0.003620749808877525,0.02113133522811015,0.6044444444444445,0.0035053454553562635,0.058321466307693554,0.6044444444444445,0.0032914892426787776,0.001045707706706569,0.6044444444444445,0.0036206985856251624,0.021123743456797683,0.6044444444444445,0.003505390372281423,0.05832096053900466,0.6044444444444445,0.0032914921955199085,0.0014752716945195885,0.6044444444444445,0.003618248093998466,0.020732596276122294,0.6044444444444445,0.00350762283161117,0.05830223898103198,0.6044444444444445,0.003291598523473493,5.44,0.0,0.04999821652767354,0.12500151965550482,0.07852550274049123
0.14,2.0,119.9999833308253,0.0010899155846518778,0.6133333333333334,0.003673777796384443,0.022069371080667203,0.6133333333333334,0.0035532119886313392,0.0608483515293807,0.6133333333333334,0.0033300712021538392,0.0010987250362321961,0.6133333333333334,0.0036737257537597613,0.02206167517918488,0.6133333333333334,0.0035532575392592143,0.06084783190418649,0.6133333333333334,0.0033300742367659724,0.0015502472262866294,0.6133333333333334,0.003671148369832883,0.02165074195767761,0.6133333333333334,0.0035556044223432662,0.06082806581183975,0.6133333333333334,0.0033301865661138088,5.520000000000001,0.0,0.04999845569930602,0.12500159729271132,0.07852681554154546
0.14200000000000002,2.0,119.99998334040583,0.0011448451970819907,0.6222222222222222,0.0037267938398254223,0.02303469509029707,0.6222222222222222,0.00360091710684933,0.06344429762100812,0.6222222222222222,0.003368243224157049,0.0011537894266174568,0.6222222222222222,0.0037267409831159403,0.023026896574595137,0.6222222222222222,0.003600963282258224,0.0634437639096604,0.6222222222222222,0.0033682463419082145,0.0016281014799116973,0.6222222222222222,0.003724031849975614,0.022595443102756543,0.6222222222222222,0.003603428881587268,0.0634229074437639,0.6222222222222222,0.003368364938462295,5.6000000000000005,0.0,0.04999866482272712,0.1250016778756693,0.0785281792104715
0.14400000000000002,2.0,119.9999833504699,0.0012018812800286746,0.6311111111111112,0.003779797595484175,0.02402769244244475,0.6311111111111112,0.0036484584961248845,0.06611003185743206,0.6311111111111112,0.0034060008809406184,0.0012109593639153579,0.6311111111111112,0.0037797439301069623,0.024019792856553417,0.6311111111111112,0.0036485052872190964,0.06610948382871795,0.6311111111111112,0.0034060040832087045,0.001708915546100328,0.6311111111111112,0.0037768980577871972,0.02356706579790226,0.6311111111111112,0.003651094008050128,0.06608748957137871,0.6311111111111112,0.003406129222004084,5.680000000000001,0.0,0.04999884753307377,0.12500176148308156,0.07852959520303082
0.146,2.0,119.99998336103894,0.0012610835785529038,0.6400000000000001,0.003832788712319829,0.025048747842595604,0.6400000000000001,0.0036958338453453323,0.06884627072068808,0.6400000000000001,0.0034433398088554086,0.001270294573201175,0.6400000000000001,0.0038327342438165086,0.02504074875775595,0.6400000000000001,0.00369588124286068,0.06884570814191236,0.6400000000000001,0.003443343097027693,0.0017927721886643354,0.6400000000000001,0.003829746506723399,0.02456597531340422,0.6400000000000001,0.003698597605212587,0.0688225270541849,0.6400000000000001,0.0034434750625717287,5.760000000000002,0.0,0.04999900703603662,0.12500184819489937,0.07853106500587954
0.148,2.0,119.99998337213412,0.00132251309348791,0.6488888888888888,0.0038857668318620156,0.026098245497950853,0.6488888888888888,0.0037430408462777597,0.07165371979210983,0.6488888888888888,0.003480255709009205,0.0013318560360418162,0.6488888888888888,0.0038857115658941263,0.026090148511793133,0.6488888888888888,0.0037430888407867973,0.0716531424291809,0.6488888888888888,0.003480259084481859,0.0018797558668388794,0.6488888888888888,0.003882576700201347,0.025592536082258033,0.6488888888888888,0.003745937481452908,0.07162872380792965,0.6488888888888888,0.0034803981710082236,5.84,0.0,0.04999914615780336,0.12500193809231203,0.07853259013700735
0.15,2.0,119.99998338377839,0.0013862320990060191,0.6577777777777777,0.003938731588105739,0.027176569098617518,0.6577777777777777,0.0037900771936789615,0.07453307364629586,0.6577777777777777,0.0035167443479140075,0.0013957060080132043,0.6577777777777777,0.003938675530450415,0.027168375834382634,0.6577777777777777,0.0037901257755959075,0.07453248126381508,0.6577777777777777,0.003516747812091581,0.0019699527576109953,0.6577777777777777,0.003935388131465633,0.026647111678699962,0.6577777777777777,0.0037931114501731176,0.0745067726977669,0.6577777777777777,0.0035168943238190883,5.92,0.0,0.04999926738925579,0.12500203125773515,0.07853417214617782
0.152,2.0,119.99998339599385,0.0014523041602338097,0.6666666666666666,0.003991682607405964,0.028284101798305494,0.6666666666666666,0.003836940585408295,0.07748501574694185,0.6666666666666666,0.003552801558122225,0.001461908036270096,0.6666666666666666,0.00399162576395192,0.02827581390410595,0.6666666666666666,0.003836989744993704,0.07748440810829596,0.6666666666666666,0.0035528051124171095,0.002063450778065346,0.6666666666666666,0.003988180283454334,0.02773006479630838,0.6666666666666666,0.0038401173299278005,0.0774573554332752,0.6666666666666666,0.0035529593638133983,6.0,0.0,0.04999937292507674,0.1250021277747969,0.07853581261536989
0.154,2.0,119.99998340880518,0.0015207941509204964,0.6755555555555556,0.004044619508371931,0.029421226194524766,0.6755555555555556,0.0038836287225435004,0.0805102183445549,0.6755555555555556,0.0035884232388516822,0.001530526977173039,0.6755555555555556,0.004044561885115713,0.02941284534264151,0.6755555555555556,0.0038836784499086978,0.08050959521201145,0.6755555555555556,0.0035884268846835578,0.002160339607753194,0.6755555555555556,0.004040952628664942,0.028841757225664334,0.6755555555555556,0.0038869529445554832,0.0804811424653498,0.6755555555555556,0.003588589200733682,6.08,0.0,0.04999946469834872,0.12500222772832223,0.07853751315922113
0.156,2.0,119.99998342223674,0.0015917682711646022,0.6844444444444444,0.004097541901761143,0.030588324308275707,0.6844444444444444,0.003930139309499518,0.08360934237606657,0.6844444444444444,0.0036236053565993367,0.0016016290139773072,0.6844444444444444,0.0040974835048036284,0.03057985219448753,0.6844444444444444,0.003930189594610817,0.08360870351087203,0.6844444444444444,0.0036236090953945983,0.0022607107110908155,0.6844444444444444,0.004093704629020148,0.02998254983156343,0.6844444444444444,0.00393361612331268,0.08357879288498557,0.6844444444444444,0.003623779811874568,6.16,0.0,0.049999544411159634,0.12500233120431511,0.07853927542547237
0.158,2.0,119.9999834363138,0.0016652940652042447,0.6933333333333334,0.004150449390373013,0.03178577756322533,0.6933333333333334,0.003976470054150346,0.08678303736636041,0.6933333333333334,0.003658343945743601,0.0016752816745886662,0.6933333333333334,0.004150390225916136,0.03177721590616792,0.6933333333333334,0.003976520886833075,0.08678238252884099,0.6933333333333334,0.003658347778934768,0.002364657359793823,0.6933333333333334,0.0041464357357334555,0.031152802529771054,0.6933333333333334,0.003980104701010619,0.08675095432396643,0.6933333333333334,0.0036585272426900867,6.24,0.0,0.04999961356167259,0.12500243828993876,0.07854110109541423
0.16,2.0,119.99998345106351,0.0017414404392763598,0.7022222222222222,0.004203341568942108,0.03301396676436253,0.7022222222222222,0.0040226186679539816,0.0900319413317302,0.7022222222222222,0.003692635109135171,0.0017515538493911532,0.7022222222222222,0.004203281643285801,0.03300531730491438,0.7022222222222222,0.004022670037896326,0.09003127028139504,0.7022222222222222,0.0036926390381602876,0.002472274655354087,0.7022222222222222,0.00419914538917457,0.032352874263313014,0.7022222222222222,0.004026416518154707,0.08999826285747749,0.7022222222222222,0.003692827607389535,6.32,0.0,0.049999673468064845,0.1250025490734936,0.0785429918843355
0.162,2.0,119.99998346651198,0.0018202776795503725,0.7111111111111111,0.004256218024031009,0.0342732720761254,0.7111111111111111,0.0040685828660804915,0.09335668068528385,0.7111111111111111,0.0037264750186762857,0.0018305158091521693,0.7111111111111111,0.00425615734357032,0.034264536576817925,0.7111111111111111,0.00406863476283718,0.09335599318093052,0.7111111111111111,0.0037264790449782967,0.0025836595515661975,0.7111111111111111,0.0042518330187345426,0.03358312297829352,0.7111111111111111,0.004072549421086789,0.09332134290865474,0.7111111111111111,0.003726677089521802,6.4,0.0,0.04999972528969461,0.1250026636443928,0.07854494954197351
0.164,2.0,119.99998348268812,0.00190187747014199,0.72,0.004309078333922698,0.03556407299999358,0.72,0.004114360367543248,0.09675787014430812,0.72,0.0037598599158882966,0.0019122392230103361,0.72,0.004309016905145087,0.03555525324444318,0.72,0.004114412780539092,0.09675716594413022,0.72,0.003759864040914417,0.0026989108771106325,0.72,0.004304498042690602,0.03484390559923248,0.72,0.0041185012621302395,0.09672080715508748,0.72,0.003760071942548071,6.48,0.0,0.049999770045813755,0.12500278209313584,0.07854697585296659
0.166,2.0,119.99998349962095,0.0019863129112130127,0.7288888888888889,0.004361922068512481,0.036886748351538774,0.7288888888888889,0.004159948895333373,0.10023611263960862,0.7288888888888889,0.003792786112467485,0.0019967971765516694,0.7288888888888889,0.004361859897995272,0.036877846143898635,0.7288888888888889,0.0041600018138666746,0.10023539150130553,0.7288888888888889,0.0037927903376685523,0.002818129358201046,0.7288888888888889,0.00435713986807067,0.03613557800391382,0.7288888888888889,0.004164269899737939,0.10019725643728791,0.7288888888888889,0.0037930084904028087,6.5600000000000005,0.0,0.049999808632108234,0.12500290451127913,0.07854907263730894
0.168,2.0,119.99998351733996,0.0020736585371631147,0.7377777777777778,0.004414748789199389,0.03824167623692644,0.7377777777777778,0.004205346176557434,0.10379199922683954,0.7377777777777778,0.003825249990829015,0.0020842641899799026,0.7377777777777778,0.004414685883607356,0.038232693401356196,0.7377777777777778,0.004205399589803274,0.10379126090772793,0.7377777777777778,0.0038252543176588334,0.00294141764130333,0.7377777777777778,0.00440975789051746,0.03745849499773685,0.7377777777777778,0.004209853198643183,0.10375127966914215,0.7377777777777778,0.003825483128042939,6.640000000000001,0.0,0.04999984183531578,0.1250030309914044,0.0785512417508079
0.17,2.0,119.99998353587691,0.002163990334919659,0.7466666666666667,0.004467558048777021,0.03962923402886201,0.7466666666666667,0.004250549942578442,0.10742610899983665,0.7466666666666667,0.003857248004638963,0.002174716236387002,0.7466666666666667,0.004467494414860121,0.03962017240901326,0.7466666666666667,0.004250603839591863,0.1074253532569638,0.7466666666666667,0.0038572524345536325,0.003068880315934343,0.7466666666666667,0.004462351494152181,0.03881301028756215,0.7466666666666667,0.004255249030013579,0.10738345375035624,0.7466666666666667,0.003857492321985148,6.720000000000001,0.0,0.04999987034614204,0.12500316162708425,0.07855348508554372
0.17200000000000001,2.0,119.99998355526364,0.0022573857623319447,0.7555555555555556,0.004520349391323816,0.04104979834197459,0.7555555555555556,0.004295557929160162,0.11113900900596704,0.7555555555555556,0.003888776679334314,0.0022682307601299186,0.7555555555555556,0.004520285035915012,0.0410406598004907,0.7555555555555556,0.0042956122988792545,0.11113823559622589,0.7555555555555556,0.0038887812137915513,0.00320062393754844,0.7555555555555556,0.004514920051437728,0.04019947645504385,0.7555555555555556,0.004300455271607961,0.1110943434809108,0.7555555555555556,0.003889032610831196,6.800000000000001,0.0,0.049999894770671065,0.1250032965128451,0.07855580457033219
0.17400000000000002,2.0,119.99998357553255,0.002353923766676374,0.7644444444444445,0.004573122352092675,0.04250374500763139,0.7644444444444445,0.004340367876614819,0.11493125416350881,0.7644444444444445,0.003919832612630864,0.0023648866953198673,0.7644444444444445,0.004573057282105887,0.042494531425660106,0.7644444444444445,0.004340422707863723,0.1149304628437545,0.7644444444444445,0.0039198372530893115,0.0033367570505201797,0.7644444444444445,0.004567462923041376,0.041618244929439885,0.7644444444444445,0.004345469807936404,0.11488450147753701,0.7644444444444445,0.003920100605781202,6.880000000000001,0.0,0.04999991564044362,0.12500343574412706,0.07855820217119021
0.176,2.0,119.99998359671844,0.0024536848032791006,0.7733333333333334,0.004625876457399942,0.043991449048176125,0.7733333333333334,0.004384977529954212,0.1188033871810731,0.7733333333333334,0.003950412475018948,0.0024647644844306856,0.7733333333333334,0.004625810679828081,0.043982162324893576,0.7733333333333334,0.00438503281144604,0.11880257770824096,0.7733333333333334,0.0039504172229374735,0.0034773902112318292,0.7733333333333334,0.004619979457696879,0.0430696659598918,0.7733333333333334,0.004390290530423361,0.11875446809222678,0.7733333333333334,0.003950692991134779,6.960000000000001,0.0,0.04999993342135712,0.12500357941724094,0.07856067989180422
0.178,2.0,119.999983618856,0.002556750854262936,0.7822222222222222,0.004678611224513659,0.04551328465058472,0.7822222222222222,0.0044293846390442764,0.12275593847908071,0.7822222222222222,0.003980513010246894,0.002567946097032956,0.7822222222222222,0.004678544746426749,0.045503926702729465,0.7822222222222222,0.004429440359383971,0.12275511061030575,0.7822222222222222,0.003980517867083887,0.003622636011274527,0.7822222222222222,0.004672468992065942,0.04455408858716559,0.7822222222222222,0.004434915337573982,0.12270477133278902,0.7822222222222222,0.003980806524779972,7.04,0.0,0.04999994852152309,0.12500372762932213,0.0785632397740022
0.18,2.0,119.99998364198214,0.002663205447425535,0.7911111111111112,0.00473132616154109,0.047069625139531494,0.7911111111111112,0.004473586958763159,0.12678942611330535,0.7911111111111112,0.004010131035792183,0.0026745150486606477,0.7911111111111112,0.00473125899008447,0.047060197900947516,0.7911111111111112,0.004473643106450291,0.12678857960604287,0.7911111111111112,0.004010136003004833,0.0037726091007722054,0.7911111111111112,0.0047249308505990205,0.046071860614845216,0.7911111111111112,0.004479342135143674,0.126735926785464,0.7911111111111112,0.004010438038669933,7.120000000000001,0.0,0.049999961298202875,0.1250038804782814,0.0785658838982288
0.182,2.0,119.9999836661339,0.0027731336752559736,0.7999999999999998,0.004784020767315446,0.04866084294985919,0.7999999999999998,0.00451758224916281,0.13090435570049452,0.7999999999999998,0.004039263443320167,0.002784556419817306,0.7999999999999998,0.004783952909708035,0.048651348371046774,0.7999999999999998,0.004517638812594314,0.130903490312642,0.7999999999999998,0.004039268522363742,0.003927426211837613,0.7999999999999998,0.004777364345395366,0.04762332857997003,0.7999999999999998,0.004523568836310927,0.13084843753960695,0.7999999999999998,0.004039584439287215,7.199999999999999,0.0,0.04999997206392814,0.12500403806275195,0.07856861438402422
0.184,2.0,119.99998369134991,0.002886622214096939,0.8088888888888889,0.004836694531281797,0.05028730959844624,0.8088888888888889,0.004561368275634178,0.13510122034607938,0.8088888888888889,0.004067907199130366,0.0028981568751290225,0.8088888888888889,0.004836625994814429,0.05027774964611978,0.8088888888888889,0.004561425243107053,0.1351003358360995,0.8088888888888889,0.004067912391457481,0.004087206182170022,0.8088888888888889,0.004829768776062308,0.04920883772310775,0.8088888888888889,0.004567593361853513,0.13504279411445225,0.8088888888888889,0.004068242708095692,7.28,0.0,0.04999998109190072,0.12500420048203348,0.0785714333905069
0.186,2.0,119.99998371767039,0.003003759343460055,0.8177777777777778,0.004889346933382085,0.05194939565546471,0.8177777777777778,0.004604942809075989,0.13938050057398396,0.8177777777777778,0.004096059344590191,0.0030154046826514755,0.8177777777777778,0.004889277725415892,0.051939772312116515,0.8177777777777778,0.004605000168789949,0.13937959670102862,0.8177777777777778,0.00409606465165007,0.004252069978804438,0.8177777777777778,0.004882143429573647,0.05082873195785421,0.8177777777777778,0.004611413640328021,0.13931947438796813,0.8177777777777778,0.004096409901979954,7.360000000000001,0.0,0.04999998862075543,0.12500436783603236,0.07857434311686005
0.188,2.0,119.99998374513619,0.0031246349655019204,0.8266666666666665,0.004941977443939239,0.053647470715022294,0.8266666666666665,0.0046483036260672106,0.14374266425854393,0.8266666666666665,0.004123716996556096,0.0031363897333385863,0.8266666666666665,0.004941907571904091,0.053637785978491684,0.8266666666666665,0.0046483613661273005,0.14374174078257923,0.8266666666666665,0.004123722419793828,0.004422140722022375,0.8266666666666665,0.004934487580127172,0.0524833538397512,0.8266666666666665,0.004655027608252874,0.14367894352781263,0.8266666666666665,0.004124083153672191,7.4399999999999995,0.0,0.04999999485875981,0.12500454022519808,0.07857734580282247
0.19,2.0,119.99998377378976,0.0032493406246685893,0.8355555555555556,0.0049945855235403215,0.05538190336518191,0.8355555555555556,0.0046914485090432,0.14818816655854472,0.8355555555555556,0.0041508773477820695,0.0032612035606805344,0.8355555555555556,0.004994514994933302,0.05537215924822879,0.8355555555555556,0.004691506617462384,0.14818722324047684,0.8355555555555556,0.0041508828886378584,0.00459754370943447,0.8355555555555556,0.004986800489001199,0.05417304453461391,0.8355555555555556,0.004698433210294827,0.14812165392440016,0.8355555555555556,0.004151259672166458,7.5200000000000005,0.0,0.04999999998751637,0.12500471775045605,0.07858044372918374
0.192,2.0,119.99998380367487,0.0033779695275165294,0.8444444444444446,0.005047170622918655,0.05715306115735249,0.8444444444444446,0.004734375246475576,0.1527174498533881,0.8444444444444446,0.004177537667315399,0.0033899393605188845,0.8444444444444446,0.005047099445302584,0.057143259687234785,0.8444444444444446,0.004734433711177295,0.1527164864551901,0.8444444444444446,0.004177543327223807,0.004778406440245491,0.8444444444444446,0.005039081404410061,0.05589814378625899,0.8444444444444446,0.004741628399458984,0.15264804512608815,0.8444444444444446,0.004177936743120267,7.600000000000001,0.0,0.050000004165225265,0.12500490051313598,0.0785836392182838
0.194,2.0,119.99998383483681,0.0035106165627180825,0.8533333333333333,0.0050997321828349,0.05896131057504447,0.8533333333333333,0.0047770816330558845,0.15733094368139638,0.8533333333333333,0.004203695300879671,0.0035226920110469294,0.8533333333333333,0.005099660363836887,0.05895145379309889,0.8533333333333333,0.004777140441876591,0.15732995996623558,0.8533333333333333,0.0042037010812688595,0.004964858639712461,0.8533333333333333,0.005091329561358527,0.057658989883624695,0.8533333333333333,0.004784611137282446,0.1572585437764924,0.8533333333333333,0.004204111729243471,7.68,0.0,0.050000007529558715,0.12500508861489645,0.07858693463451752
0.196,2.0,119.9999838673216,0.003647378321259636,0.8622222222222222,0.005152269633957025,0.06080701700198379,0.8622222222222222,0.004819565469883066,0.1620290646802626,0.8622222222222222,0.004229347671244955,0.0036595580930034732,0.8622222222222222,0.005152197181267052,0.060797106963209245,0.8622222222222222,0.004819624610574741,0.16202806041262877,0.8622222222222222,0.00422935357353592,0.005157032283806901,0.8622222222222222,0.005143544181495059,0.059455919627274284,0.8622222222222222,0.004827379394031585,0.16195356355393994,0.8622222222222222,0.004229782070674379,7.760000000000001,0.0,0.050000010200192554,0.125005282157645,0.0785903323848441
0.198,2.0,119.99998390117726,0.003788353116841025,0.8711111111111113,0.00520478239673911,0.06269054468957796,0.8711111111111113,0.0048618245646547655,0.16681221652965433,0.8711111111111113,0.004254492278585092,0.0038006359100682943,0.8711111111111113,0.005204709318108647,0.06268058346222126,0.8711111111111113,0.004861884024887412,0.16681119147548856,0.8711111111111113,0.004254498304190895,0.0053550616240923945,0.8711111111111113,0.005195724472963827,0.06128926829527391,0.8711111111111113,0.004869931148903022,0.16673350511306714,0.8711111111111113,0.004254945285343028,7.840000000000002,0.0,0.050000012281034956,0.12500548124345365,0.07859383491930166
0.2,2.0,119.99998393645345,0.003933641006484649,0.8799999999999999,0.005257269881298953,0.06461225672372815,0.8799999999999999,0.004903856731862531,0.17168078989597954,0.8799999999999999,0.004279126700822073,0.003946025509467871,0.8799999999999999,0.00525719618453959,0.06460224638887153,0.8799999999999999,0.004903916499226672,0.1716797438228036,0.8799999999999999,0.0042791328511470675,0.005559083212828888,0.8799999999999999,0.0052478696302554455,0.06315936960843624,0.8799999999999999,0.004912264390228356,0.1715987560285708,0.8799999999999999,0.004279598969321597,7.92,0.0,0.05000001386218798,0.12500568597446998,0.07859744473152735
0.202,2.0,119.99998397320087,0.004083343811363029,0.8888888888888888,0.005309731487294425,0.06657251499098107,0.8888888888888888,0.004945659792990964,0.17663516237932075,0.8888888888888888,0.004303248593957456,0.004095828702800024,0.8888888888888888,0.005309657180276526,0.06656245764213113,0.8888888888888888,0.004945719855000104,0.17663409505636696,0.8888888888888888,0.004303254870396511,0.0057692359283153865,0.8888888888888888,0.00529997883405636,0.06506655569492102,0.8888888888888888,0.004954377115682715,0.1765496907411193,0.8888888888888888,0.004303740797161909,8.0,0.0,0.05000001502167321,0.12500589645282312,0.07860116435928294
0.20400000000000001,2.0,119.99998401147194,0.004237565137853681,0.8977777777777779,0.005362166603798489,0.06857168014401457,0.8977777777777779,0.004987231576720781,0.1816756984625449,0.8977777777777779,0.004326855692390743,0.004250149087086275,0.8977777777777779,0.005362091694449868,0.06856157788669233,0.8977777777777779,0.004987291920813881,0.18167460966088653,0.8977777777777779,0.004326862096328466,0.005985661000482894,0.8977777777777779,0.005352051251096775,0.06701115705418383,0.8977777777777779,0.004996267332497141,0.1815866705054305,0.8977777777777779,0.004327368522219952,8.080000000000002,0.0,0.05000001582694932,0.12500611278052495,0.07860499638498629
0.20600000000000002,2.0,119.99998405132104,0.004396410398830257,0.9066666666666666,0.005414574609172878,0.07061011156645114,0.9066666666666666,0.0050285699191359124,0.1868027494625947,0.9066666666666666,0.004349945809224731,0.004409092066060928,0.9066666666666666,0.005414499105477482,0.07059996651778278,0.9066666666666666,0.005028630532679846,0.18680163895527682,0.9066666666666666,0.004349952342034681,0.006208502036749651,0.9066666666666666,0.005404086033997103,0.06899350252026419,0.9066666666666666,0.005037933057674897,0.18671004334052319,0.9066666666666666,0.004350479976967417,8.16,0.0,0.05000001633624603,0.125006335059366,0.07860894343624897
0.20800000000000002,2.0,119.99998409280369,0.004559986835199171,0.9155555555555557,0.005466954870940353,0.07268816733699317,0.9155555555555557,0.005069672663934628,0.1920166534839679,0.9155555555555557,0.0043725168365577665,0.004572764871705927,0.9155555555555557,0.005466878780936969,0.0726779816253013,0.9155555555555557,0.005069733534226638,0.19201552104613837,0.9155555555555557,0.004372523499601673,0.0064379050481509536,0.9155555555555557,0.005456082321112837,0.07101391922440449,0.9155555555555557,0.005079372318211749,0.19192014398214685,0.9155555555555557,0.004373073073290195,8.240000000000002,0.0,0.05000001659973617,0.12500656339080604,0.07861300818642017
0.21,2.0,119.99998413597709,0.004728403537690959,0.9244444444444446,0.005519306745655473,0.07480620419287443,0.9244444444444446,0.005110537662644709,0.19731773537438907,0.9244444444444446,0.00439456674576286,0.004741276586040758,0.9244444444444446,0.005519230077436432,0.07479597995726954,0.9244444444444446,0.005110598776914861,0.19731658078343,0.9244444444444446,0.004394573540389838,0.006674018475755999,0.9244444444444446,0.005508039236377762,0.07307273255699065,0.9244444444444446,0.005120583151320241,0.1972172938373965,0.9244444444444446,0.004395145802773787,8.320000000000002,0.0,0.05000001666056504,0.12500679787585897,0.07861719335513695
0.212,2.0,119.99998418090087,0.004901771468915766,0.9333333333333331,0.005571629578773853,0.07696457749262184,0.9333333333333331,0.005151162774842752,0.2027063066826796,0.9333333333333331,0.004416093587753664,0.004914738163176802,0.9333333333333331,0.0055715523404837545,0.07695431688259381,0.9333333333333331,0.0051512241202563815,0.20270512971833915,0.9333333333333331,0.004416100515299419,0.006916993217384425,0.9333333333333331,0.005559955889145463,0.07517026612880619,0.9333333333333331,0.005161563604658055,0.20260180094151664,0.9333333333333331,0.00441669623697562,8.399999999999999,0.0,0.050000016555754014,0.12500703861497206,0.07862150170888159
0.214,2.0,119.9999842276354,0.005080203485692521,0.9422222222222222,0.005623922704519838,0.07916364117812213,0.9422222222222222,0.005191545868377602,0.20818266561883012,0.9422222222222222,0.004437095493237255,0.00509326245164564,0.9422222222222222,0.005623844904354272,0.07915334635313148,0.9422222222222222,0.00519160743203777,0.20818146606335425,0.9422222222222222,0.004437102555023298,0.007166982654635367,0.9422222222222222,0.005611831374029027,0.07730684173159084,0.9422222222222222,0.005202311736560496,0.2080739599168992,0.9422222222222222,0.004437722527684234,8.48,0.0,0.050000016316993204,0.12500728570789926,0.07862593606154568
0.216,2.0,119.99998427624419,0.005263814361661489,0.9511111111111111,0.0056761854457525115,0.0814037477359878,0.9511111111111111,0.005231684819597934,0.21374709701627922,0.9511111111111111,0.004457570672953686,0.00527696421701093,0.9511111111111111,0.0056761070919567926,0.08139342086505656,0.9511111111111111,0.005231746588547879,0.21374587465454378,0.9511111111111111,0.0044575778702865415,0.007424142680242061,0.9511111111111111,0.005663664770738855,0.07948277929789513,0.9511111111111111,0.005242825616277122,0.2136340519342797,0.9511111111111111,0.004458222907165272,8.56,0.0,0.050000015971336624,0.12500753925356806,0.07863049927500157
0.218,2.0,119.99998432679179,0.005452720810189964,0.96,0.005728417113830031,0.08368524815821693,0.96,0.005271577513584073,0.21939987229640254,0.96,0.004477517417902324,0.005465960164773634,0.96,0.005728338214697934,0.0836748914195191,0.96,0.005271639474809661,0.21939862691604536,0.96,0.0044775247520727375,0.007688631725765167,0.96,0.005715455143918548,0.08169839686022229,0.96,0.005283103324212629,0.21928234467613505,0.96,0.004478195688394322,8.64,0.0,0.05000001554181132,0.1250077993499402,0.07863519425968134
0.22,2.0,119.99998437934437,0.005647041507580964,0.9688888888888889,0.0057806170084721935,0.08600849190214191,0.9688888888888889,0.005311221844384032,0.22514124943521488,0.9688888888888889,0.004496934099554918,0.005660368963580487,0.9688888888888889,0.005780537572344692,0.08599810748259314,0.9688888888888889,0.005311283984816219,0.225139980826768,0.9688888888888889,0.004496941571837061,0.007960610789638164,0.9688888888888889,0.005767201542978742,0.08395401050944924,0.9688888888888889,0.0053231429521719996,0.22501909230228645,0.9688888888888889,0.004497639265276523,8.72,0.0,0.050000015047950847,0.12500806609386544,0.07864002397516347
0.222,2.0,119.99998443397135,0.005846897116594991,0.9777777777777779,0.005832784417621181,0.08837382684966158,0.9777777777777779,0.005350615715253816,0.23097147293228848,0.9777777777777779,0.0045158191700553785,0.005860311268745659,0.9777777777777779,0.005832704452885184,0.08836341694450815,0.9777777777777779,0.0053506780217711086,0.23097018088931026,0.9777777777777779,0.004515826781706059,0.008240243465578324,0.9777777777777779,0.0058189030019288384,0.0862499343525179,0.9777777777777779,0.005362942603609972,0.23084453541771002,0.9777777777777779,0.004516552112852948,8.8,0.0,0.05000001450626217,0.12500833958092888,0.07864499143076752
0.224,2.0,119.99998449074292,0.006052410310294928,0.9866666666666665,0.005884918617300429,0.09078159926575213,0.9866666666666665,0.005389757038902029,0.23689077378188947,0.9866666666666665,0.004534171162406268,0.006065909746095703,0.9866666666666665,0.005884838132387525,0.0907711660781591,0.9866666666666665,0.00538981949833295,0.23688945810109677,0.9866666666666665,0.004534178914664138,0.008527695971376897,0.9866666666666665,0.005870558539206529,0.08858648046938868,0.9866666666666665,0.005402500393884891,0.23675890104255767,0.9866666666666665,0.004534932787493739,8.879999999999999,0.0,0.050000013930634066,0.1250086199052906,0.07865009968615708
0.226,2.0,119.99998454973232,0.006263705796224218,0.9955555555555556,0.005937018871471565,0.09323215375625182,0.9955555555555556,0.005428643737738821,0.2428993694463343,0.9955555555555556,0.004551988690641997,0.006277289096148,0.9955555555555556,0.00593693787485676,0.09322169949689012,0.9955555555555556,0.005428706336864379,0.2428980299277345,0.9955555555555556,0.004551996584726753,0.008823137178082306,0.9955555555555556,0.005922167157505072,0.0909639588692478,0.9955555555555556,0.005441814450517002,0.24276240258438989,0.9955555555555556,0.004552779927077988,8.96,0.0,0.050000013332693986,0.1250089071595183,0.07865535185195119
0.228,2.0,119.99998461101498,0.00648091034092869,1.0044444444444445,0.005989084431889322,0.09572583322491486,1.0044444444444445,0.005467273744129156,0.24899746383156776,1.0044444444444445,0.004569270449988661,0.006494576078632909,1.0044444444444445,0.005989002932089779,0.09571536011154737,1.0044444444444445,0.005467336469685327,0.24899610027859062,1.0044444444444445,0.00456927848710026,0.00912673863959024,1.0044444444444445,0.005973727843598174,0.09338267744596032,1.0044444444444445,0.0054808829134511804,0.24885523981262211,1.0044444444444445,0.004570092251160328,9.040000000000001,0.0,0.050000012722119715,0.12500920143441202,0.07866075109034455
0.23,2.0,119.99998467466745,0.006704152794832322,1.0133333333333334,0.006041114537954429,0.09826297882972992,1.0133333333333334,0.005505645000650511,0.2551852472649631,1.0133333333333334,0.004586015217010594,0.006717899537369991,1.0133333333333334,0.0060410325435282025,0.09825248908679657,1.0133333333333334,0.005505707839330716,0.25518385948459255,1.0133333333333334,0.004586023398328457,0.009438674622654694,1.0133333333333334,0.006025239568162459,0.09584294193276077,1.0133333333333334,0.005519703935324239,0.2550375988351857,1.0133333333333334,0.004586868561124268,9.120000000000001,0.0,0.050000012106911254,0.12500950281882123,0.07866630061573672
0.232,2.0,119.99998474077046,0.00693356411747742,1.0222222222222224,0.00609310841656434,0.10084392993849915,1.0222222222222224,0.005543755460354955,0.2614628964753451,1.0222222222222224,0.004602221849743555,0.006947390425508682,1.0222222222222224,0.006093025936109114,0.10083342579670075,1.0222222222222224,0.005543818398812555,0.2614614842782506,1.0222222222222224,0.004602230176425779,0.009759122137334042,1.0222222222222224,0.006076701285597406,0.09834505585617348,1.0222222222222224,0.00555827568173677,0.26130965207740375,1.0222222222222224,0.004603107740322221,9.200000000000001,0.0,0.05000001149362791,0.12500981139945344,0.07867200369537053
0.234,2.0,119.99998480940522,0.007169277403139598,1.031111111111111,0.006145065281961802,0.10346902408367327,1.031111111111111,0.005581603087035672,0.26783057457523557,1.031111111111111,0.004617889287814596,0.007183181831143969,1.031111111111111,0.006144982324113615,0.10345850777955433,1.031111111111111,0.005581666111886463,0.26782913777590345,1.031111111111111,0.004617897760997163,0.010088260967886406,1.031111111111111,0.006128111933842662,0.10088932048915476,1.031111111111111,0.0055965963315296255,0.2676715582630826,1.031111111111111,0.004618808754202244,9.280000000000001,0.0,0.05000001088759468,0.12501012726067431,0.07867786364998021
0.23600000000000002,2.0,119.99998488065712,0.007411427906828199,1.0399999999999998,0.006196984335581162,0.10613859691643913,1.0399999999999998,0.005619185855497959,0.27428843104532147,1.0399999999999998,0.004633016552548585,0.007425409003317509,1.0399999999999998,0.006196900909013136,0.10612807069196938,1.0399999999999998,0.005619248953322673,0.2742869694621857,1.0399999999999998,0.004633025173344578,0.010426273704128595,1.0399999999999998,0.00617947043419268,0.10347603480344933,1.0399999999999998,0.005634664077065071,0.27412346239781765,1.0399999999999998,0.004633970650421503,9.36,0.0,0.05000001029308183,0.12501045048429918,0.07868388385444912
0.23800000000000002,2.0,119.9999849546128,0.007660153070682634,1.048888888888889,0.006248864765892364,0.10885298216005583,1.048888888888889,0.005656501751834699,0.28083660172114416,1.048888888888889,0.004647602747061405,0.0076742093784148094,1.048888888888889,0.006248780879313429,0.1088424482622105,1.048888888888889,0.005656564909181518,0.2808351151767169,1.048888888888889,0.00464761151656022,0.010773345773272972,1.048888888888889,0.006230775691108563,0.10610549542115343,1.048888888888889,0.005672477124512638,0.28066549575451394,1.048888888888889,0.004648592558946427,9.440000000000001,0.0,0.05000000971346093,0.1250107811493753,0.07869006773847756
0.24,2.0,119.9999850313625,0.007915592550775324,1.057777777777778,0.006300705748242572,0.1116125115624359,1.057777777777778,0.005693548773706333,0.28747520878200855,1.057777777777778,0.004661647056339803,0.007929722606969026,1.057777777777778,0.006300621410396179,0.11160197224277482,1.057777777777778,0.005693611977093405,0.2874736971030101,1.057777777777778,0.004661655975606366,0.011129665472256692,1.057777777777778,0.006282026592027029,0.10877799656547728,1.057777777777778,0.005710033694139747,0.28729777586111926,1.057777777777778,0.004662673692139584,9.520000000000001,0.0,0.05000000915134031,0.12501111933195466,0.07869641878726104
0.242,2.0,119.99998511099867,0.008177888244331823,1.0666666666666669,0.00635250644469535,0.11441751484796835,1.0666666666666669,0.005730324930625386,0.2942043607421105,1.0666666666666669,0.00467514874730795,0.008192090580882007,1.0666666666666669,0.006352421664358187,0.1144069723622138,1.0666666666666669,0.005730388166543352,0.2942028237595989,1.0666666666666669,0.004675157817381941,0.01149542400057776,1.0666666666666669,0.0063332220071664605,0.11149383001069978,1.0666666666666669,0.0057473320206071375,0.29402040649056876,1.0666666666666669,0.0046762133448332854,9.600000000000001,0.0,0.05000000860868243,0.1250114651048571,0.07870294054217887
0.244,2.0,119.99998519361642,0.008447184317378773,1.0755555555555554,0.006404266003867342,0.11726831966858045,1.0755555555555554,0.005766828244245522,0.3010241524438797,1.0755555555555554,0.004688107168880669,0.008461457461073222,1.0755555555555554,0.00640418078984804,0.11725777627619376,1.0755555555555554,0.00576689149916005,0.30102258999338005,1.0755555555555554,0.004688116390775739,0.011870815493652386,1.0755555555555554,0.006384360789329866,0.11425328503130842,1.0755555555555554,0.005784370353269134,0.30083347765293866,1.0755555555555554,0.00468921089438992,9.68,0.0,0.05000000808690546,0.12501181853742319,0.0787096366014938
0.246,2.0,119.99998527931405,0.008723627232830296,1.0844444444444443,0.006455983560762393,0.12016525155403564,1.0844444444444443,0.005803056748655184,0.3079346650535361,1.0844444444444443,0.0047005217520033876,0.008737969705567186,1.0844444444444443,0.006455897921900227,0.12015470951779256,1.0844444444444443,0.005803120009009503,0.307933076975169,1.0844444444444443,0.004700531126706386,0.012256037056708137,1.0844444444444443,0.006435441773704751,0.11705664835031769,1.0844444444444443,0.0058211469564788156,0.30773706558980696,1.0844444444444443,0.004701665800749034,9.76,0.0,0.05000000758697112,0.12501217969525683,0.0787165106210626
0.248,2.0,119.9999853681931,0.009007365779023464,1.0933333333333333,0.006507658236603017,0.12310863386146483,1.0933333333333333,0.005839008490675785,0.31493596605885577,1.0933333333333333,0.004712392009678783,0.009021776098030006,1.0933333333333333,0.006507572181766597,0.12309809544702971,1.0933333333333333,0.005839071742893244,0.31493435219746496,1.0933333333333333,0.004712401538148986,0.012651288799227377,1.0933333333333333,0.0064864637776597504,0.11990420408675938,1.0933333333333333,0.005857660109898094,0.31473123277081744,1.0933333333333333,0.004713577606461158,9.84,0.0,0.050000007109460384,0.12501254863995684,0.07872356631505807
0.25,2.0,119.99998546035724,0.009298551098713395,1.1022222222222222,0.006559289138659192,0.12609878772412905,1.1022222222222222,0.005874681530164544,0.32202810926914277,1.1022222222222222,0.004723717536980199,0.00931302777676562,1.1022222222222222,0.006559202676745153,0.12608825519962777,1.1022222222222222,0.005874744760651155,0.32202646947442287,1.1022222222222222,0.004723727220148543,0.01305677386995546,1.1022222222222222,0.006537425600537969,0.12279623370233862,1.1022222222222222,0.005893908108812777,0.32181602789244435,1.1022222222222222,0.004724945936708429,9.92,0.0,0.050000006654638746,0.12501292542883743,0.07873080745670265
0.252,2.0,119.9999855559143,0.009597336718538603,1.1111111111111112,0.0066108753600743865,0.1291360319994114,1.1111111111111112,0.0059100739403218925,0.32921113481740344,1.1111111111111112,0.00473449801105181,0.009611878264182234,1.1111111111111112,0.006610788500006073,0.1291255076350031,1.1111111111111112,0.005910137135468901,0.3292094689440262,1.1111111111111112,0.00473450784982013,0.013472698492488095,1.1111111111111112,0.006588326023446935,0.12573301594724948,1.1111111111111112,0.005929889264452636,0.3289914858789534,1.1111111111111112,0.004735770499312001,10.0,0.0,0.05000000622251224,0.12501331011463715,0.07873823787901367
0.254,2.0,119.99998565497481,0.00990387857896698,1.12,0.006662415979688769,0.13222068321603675,1.12,0.005945183808003533,0.3364850691647179,1.12,0.0047447331910955804,0.009918483496739515,1.12,0.006662328730414907,0.13221016928348447,1.12,0.005945246954189983,0.3364833770724581,1.12,0.0047447431863358435,0.013899272001452245,1.12,0.006639163809045073,0.1287148268051444,1.12,0.005965601904316504,0.33625762788555513,1.12,0.004746051084726281,10.080000000000002,0.0,0.05000000581287551,0.1250137027452156,0.07874586147556104
0.256,2.0,119.99998575765255,0.010218335064732926,1.1288888888888888,0.006713910061859531,0.13535305552051777,1.1288888888888888,0.005980009234037112,0.3438499251068037,1.1288888888888888,0.004754422918345026,0.010233001855386902,1.1288888888888888,0.006713822432352897,0.13534255429275788,1.1288888888888888,0.005980072317632426,0.3438482066606644,1.1288888888888888,0.0047544330708985845,0.014336706879294867,1.1288888888888888,0.006689937701324621,0.13174193943725207,1.1288888888888888,0.006001044372502467,0.34361446130374557,1.1288888888888888,0.004755787566020003,10.16,0.0,0.050000005425352934,0.1250141033632379,0.07875368220123699
0.258,2.0,119.99998586406528,0.01054086703577591,1.1377777777777778,0.00676535665627827,0.13853346062282637,1.1377777777777778,0.00601454833354356,0.3513057017827668,1.1377777777777778,0.004763567116025845,0.010555594196503397,1.1377777777777778,0.006765268655534345,0.13852297437353697,1.1377777777777778,0.00601461134091012,0.35130395685310334,1.1377777777777778,0.004763577426702681,0.01478521879369367,1.1377777777777778,0.006740646425390898,0.13481462412563838,1.1377777777777778,0.006036215030043154,0.3510619797688294,1.1377777777777778,0.0047649798988441934,10.24,0.0,0.050000005059433646,0.1250145120058463,0.0787617040730385
0.26,2.0,119.9999859743341,0.010871637858690702,1.1466666666666667,0.006816754797785345,0.14176220774129003,1.1466666666666667,0.006048799236263043,0.35885238468603314,1.1466666666666667,0.0047721657893034,0.010886423883349072,1.1466666666666667,0.00681666643482098,0.14175173874445823,1.1466666666666667,0.006048862153758779,0.3588506131486764,1.1466666666666667,0.00477217625888138,0.015245026635603972,1.1466666666666667,0.006791288687237838,0.13793314821560576,1.1466666666666667,0.00607111225524617,0.35860016316961985,1.1466666666666667,0.004773628121387024,10.32,0.0,0.050000004714501375,0.12501492870431835,0.07876993117086259
0.262,2.0,119.99998608858337,0.011210813438699445,1.1555555555555554,0.006868103506181189,0.1450396035467125,1.1555555555555554,0.006082760086885592,0.3664899456774546,1.1555555555555554,0.0047802190252171336,0.01122565681803837,1.1555555555555554,0.006868014790033239,0.1450291540762007,1.1555555555555554,0.0060828229008665835,0.36648814741383356,1.1555555555555554,0.004780229654441274,0.015716352557955594,1.1555555555555554,0.006841863173519709,0.1410977760572263,1.1555555555555554,0.006105734444039697,0.3662289776603094,1.1555555555555554,0.004781732354315614,10.4,0.0,0.05000000438985971,0.12501535348371165,0.0787783676383146
0.264,2.0,119.99998620694178,0.011558562252155518,1.1644444444444444,0.00691940178603447,0.14836595210571926,1.1644444444444444,0.006116429045386391,0.37421834300058293,1.1644444444444444,0.004787726992601939,0.011573461474045248,1.1644444444444444,0.0069193127257584355,0.14835552443483044,1.1644444444444444,0.006116491742209462,0.37421651789784616,1.1644444444444444,0.004787737782183665,0.016199422015013582,1.1644444444444444,0.0068923685513189335,0.14430876894600445,1.1644444444444444,0.006140080010323309,0.3739483756745046,1.1644444444444444,0.00478929280070481,10.48,0.0,0.05000000408475339,0.12501578636249375,0.07878701768352972
0.266,2.0,119.9999863295419,0.011915055379589022,1.1733333333333336,0.006970648626487069,0.1517415548233281,1.1733333333333336,0.006149804287365686,0.38203752129910407,1.1733333333333336,0.004794689941996504,0.01193000892924996,1.1733333333333336,0.00697055923115573,0.1517311512243701,1.1733333333333336,0.006149866853391019,0.3820356692502398,1.1733333333333336,0.004794700892612924,0.016694463802416338,1.1733333333333336,0.006942803467909919,0.14756638506266576,1.1733333333333336,0.006174147386323974,0.38175829594141913,1.1733333333333336,0.004796309745952974,10.560000000000002,0.0,0.05000000379838625,0.12501622735215803,0.07879588558000812
0.268,2.0,119.99998645651975,0.012280466539303592,1.1822222222222223,0.007021843001055799,0.1551667103847457,1.1822222222222223,0.0061828840043933655,0.38994741163642443,1.1822222222222223,0.004801108205538709,0.01229547289953719,1.1822222222222223,0.007021753279757834,0.15515633312859473,1.1822222222222223,0.006182946425987113,0.3899455325403802,1.1822222222222223,0.004801119317831895,0.017201710097904572,1.1822222222222223,0.0069931665505188366,0.1508708794120678,1.1822222222222223,0.006207935022957339,0.389658663504216,1.1822222222222223,0.004802783557684819,10.64,0.0,0.05000000352993613,0.12501667645682374,0.07880497566746376
0.27,2.0,119.99998658801591,0.012654972121533985,1.191111111111111,0.007072983867430846,0.15864171469639177,1.191111111111111,0.006215666404358193,0.3979479315174025,1.191111111111111,0.00480698219684812,0.012670029772954993,1.191111111111111,0.007072893829269442,0.15863136605205497,1.191111111111111,0.006215728667895097,0.3979460252792033,1.191111111111111,0.004806993471424385,0.017721396502754234,1.191111111111111,0.007043456406079239,0.1542225037612308,1.191111111111111,0.006241441390194259,0.3976493897404933,1.191111111111111,0.00480871468564137,10.72,0.0,0.05000000327856738,0.12501713367282064,0.07881429235268708
0.272,2.0,119.99998672417516,0.013038751223173802,1.2,0.007124070167270797,0.16216686082615236,1.2,0.006248149711821648,0.4060389849122154,1.2,0.004812312410895585,0.013053858644443824,1.2,0.00712397982136227,0.16215654306032956,1.2,0.006248211803687671,0.40603705144308055,1.2,0.00481232384832478,0.018253762083926362,1.2,0.007093671620983474,0.15762150657648494,1.2,0.006274664977432615,0.4057303723849038,1.2,0.004814103661557039,10.8,0.0,0.05000000304344104,0.12501759898825726,0.07882384011042187
0.274,2.0,119.99998686514719,0.013431985683082352,1.208888888888889,0.0071751008259942906,0.16574243894286472,1.208888888888889,0.006280332168376419,0.4142204622823525,1.208888888888889,0.004817099423860041,0.013447141351144713,1.208888888888889,0.0071750101814666714,0.16573215431950944,1.208888888888889,0.006280394074971356,0.4142185014998116,1.208888888888889,0.0048171110246748505,0.018799049416946434,1.208888888888889,0.007143810760829776,0.1610681329597327,1.208888888888889,0.006307604293874424,0.4139014955539007,1.208888888888889,0.004818951099023911,10.88,0.0,0.05000000282372327,0.12501807238257226,0.07883362348425643
0.276,2.0,119.99998701108521,0.01383486011797946,1.2177777777777778,0.007226074752568173,0.1693687362550363,1.2177777777777778,0.006312212033009478,0.4224922406087261,1.2177777777777778,0.004821343892972552,0.013850062508295452,1.2177777777777778,0.007225983818559799,0.1693584870349161,1.2177777777777778,0.006312273740749611,0.42249025243673366,1.2177777777777778,0.004821355657667797,0.019357504629525638,1.2177777777777778,0.007193872370164989,0.1645626245838244,1.2177777777777778,0.006340257868908271,0.4221626297726007,1.2177777777777778,0.004823257693343263,10.96,0.0,0.050000002618592124,0.1250185538260682,0.07884364708752926
0.278,2.0,119.99998716214813,0.014247561958936823,1.2266666666666668,0.007276990839292124,0.17304603694880138,1.2266666666666668,0.006343787582469783,0.4308541834218893,1.2266666666666668,0.004825046556347644,0.014262809545723306,1.2266666666666668,0.007276899624950229,0.17303582538905754,1.2266666666666668,0.0063438490777905044,0.4308521677909378,1.2266666666666668,0.004825058485379599,0.019929377445936,1.2266666666666668,0.0072438549722228475,0.16810521962704555,1.2266666666666668,0.006372624252497055,0.43051363200375425,1.2266666666666668,0.0048270242213643965,11.040000000000003,0.0,0.050000002427242916,0.12501904327942756,0.07885391560424948
0.28,2.0,119.99998731849848,0.01467028148847414,1.2355555555555555,0.007327847961579712,0.17677462212511902,1.2355555555555555,0.006375057111640525,0.43930614083435066,1.2355555555555555,0.004828208232801998,0.014685572744942517,1.2355555555555555,0.007327756476058993,0.17676445047882558,1.2355555555555555,0.0063751183809989875,0.43930409768158263,1.2355555555555555,0.004828220326587706,0.020514921232151064,1.2355555555555555,0.007293757068657718,0.171696152706716,1.2355555555555555,0.006404702015571059,0.4389543456788142,1.2355555555555555,0.004830251541310808,11.120000000000001,0.0,0.05000000224889254,0.1250195406932099,0.07886443379003188
0.28200000000000003,2.0,119.9999874803053,0.015103211878268043,1.2444444444444445,0.007378644977735823,0.18055476973621637,1.2444444444444445,0.0064060189339159536,0.44784794957497465,1.2444444444444445,0.004830829821660563,0.015118545276864551,1.2444444444444445,0.007378553230197012,0.18054464025193873,1.2444444444444445,0.0064060799637937135,0.447845878844293,1.2444444444444445,0.004830842080577171,0.021114393041763352,1.2444444444444445,0.00734357713927376,0.17533565481190028,1.2444444444444445,0.0064364897504263704,0.4474846007310925,1.2444444444444445,0.004832940592593781,11.200000000000001,0.0,0.05000000208278268,0.1250200460073297,0.0788752064730473
0.28400000000000003,2.0,119.99998764774138,0.015546549227481403,1.2533333333333334,0.007429380728730392,0.1843867545212826,1.2533333333333334,0.006436671381582702,0.4564794330254571,1.2533333333333334,0.0048329123025501524,0.015561923240128754,1.2533333333333334,0.007429288728338814,0.18437666944263564,1.2533333333333334,0.006436732158488368,0.4564773346676343,1.2533333333333334,0.0048329247269342426,0.0217280536626895,1.2533333333333334,0.00739331364174942,0.17902395323522985,1.2533333333333334,0.006467986071128599,0.45610421363099374,1.2533333333333334,0.004835092395613446,11.280000000000001,0.0,0.05000000192818222,0.12502055915051444,0.07888623855498784
0.28600000000000003,2.0,119.99998782098555,0.01600049260172027,1.2622222222222224,0.007480054037968446,0.18827084794141863,1.2622222222222224,0.006467012806205639,0.4652004012588635,1.2622222222222224,0.004834456735180592,0.016015905700060725,1.2622222222222224,0.007479961793892562,0.18826080950662447,1.2622222222222224,0.00646707331667752,0.465198275231649,1.2622222222222224,0.004834469325327529,0.02235616766467346,1.2622222222222224,0.007442965011357197,0.1827612715038383,1.2622222222222224,0.006499189613921956,0.46481298742331617,1.2622222222222224,0.004836708051547372,11.360000000000001,0.0,0.050000001784389035,0.1250210800397418,0.07889753501204753
0.28800000000000003,2.0,119.99998800022195,0.016465244072625455,1.271111111111111,0.007530663711056345,0.1922073181138489,1.271111111111111,0.006497041579018155,0.47401065108021834,1.271111111111111,0.004835464259113485,0.01648069472826519,1.271111111111111,0.007530571232466303,0.1921973285552941,1.271111111111111,0.006497101809626919,0.4740084973484447,1.271111111111111,0.004835477015276772,0.022999003447597678,1.271111111111111,0.007492529660678626,0.18654782930941122,1.271111111111111,0.0065300990376436375,0.4736107117666072,1.271111111111111,0.004837788742126769,11.440000000000001,0.0,0.050000001650731075,0.1250216085796557,0.07890910089591827
0.29,2.0,119.99998818564002,0.01694100875810515,1.2800000000000002,0.007581208535564249,0.19619642974540136,1.2800000000000002,0.006526756091316909,0.4829099660691327,1.2800000000000002,0.004835936093518692,0.01695649544286004,1.2800000000000002,0.007581115831630411,0.19618649128919416,1.2800000000000002,0.0065268160286682374,0.48290778460481976,1.2800000000000002,0.004835949015909334,0.023656833290611756,1.2800000000000002,0.007542005979314415,0.19038384243735282,1.2800000000000002,0.0065607130241435345,0.482497162974563,1.2800000000000002,0.004838335729400359,11.520000000000003,0.0,0.05000000152656702,0.12502214466196016,0.07892094133480132
0.292,2.0,119.99998837743524,0.017427994863214724,1.2888888888888888,0.007631687280784701,0.2002384440652637,1.2888888888888888,0.0065561547548609244,0.4918981166244577,1.2888888888888888,0.004835873536918537,0.01744351604935751,1.2888888888888888,0.007631594360676172,0.2002285589307908,1.2888888888888888,0.006556214385598167,0.4918959074069154,1.2888888888888888,0.004835886625704414,0.024329933402087403,1.2888888888888888,0.007591392333589663,0.19426952269507258,1.2888888888888888,0.006591030278709217,0.49147210405946007,1.2888888888888888,0.004838350355485955,11.6,0.0,0.050000001411286535,0.12502268816479048,0.07893306153443434
0.294,2.0,119.99998857580928,0.017926413721689374,1.2977777777777777,0.007682098697487378,0.20433361875702297,1.2977777777777777,0.006585236002275083,0.5009748600109496,1.2977777777777777,0.00483527796691992,0.01794196788219813,1.2977777777777777,0.007682005570370521,0.20432378915650637,1.2977777777777777,0.006585295313081921,0.5009726230268792,1.2977777777777777,0.004835291222225174,0.025018583970408088,1.2977777777777777,0.007640687066254142,0.19820507783939528,1.2977777777777777,0.006621049530496231,0.5005352847776056,1.2977777777777777,0.004837834042309906,11.68,0.0,0.050000001304310156,0.12502323895206066,0.07894546677913404
0.296,2.0,119.99998878096945,0.018436479838134658,1.3066666666666666,0.007732441517669863,0.2084822078899978,1.3066666666666666,0.006613998287457862,0.5101399404079341,1.3066666666666666,0.004834150839934302,0.01845206544694267,1.3066666666666666,0.0077323481927068114,0.2084724360280514,1.3066666666666666,0.0066140572650609615,0.510137675651527,1.3066666666666666,0.004834164261838725,0.025723069215601076,1.3066666666666666,0.007689888496177552,0.2021907115030988,1.3066666666666666,0.006650769532963628,0.509686441676795,1.3066666666666666,0.004836788291334366,11.76,0.0,0.050000001205088955,0.12502379687278667,0.07895816243285451
0.298,2.0,119.99998899312936,0.018958410930879716,1.3155555555555554,0.007782714454304524,0.2126844618498721,1.3155555555555554,0.0066424400859933464,0.5193930889599543,1.3155555555555554,0.004832493690885728,0.01897402646312668,1.3155555555555554,0.007782620940651676,0.21267474992305843,1.3155555555555554,0.006642498717165024,0.5193907964329899,1.3155555555555554,0.00483250727942417,0.026443677441818973,1.3155555555555554,0.007738994918039727,0.20622662312058476,1.3155555555555554,0.00668018906431474,0.5189252981457634,1.3155555555555554,0.004835214683272563,11.84,0.0,0.05000000111310397,0.12502436176038426,0.07897115394026134
0.3,2.0,119.99998921250942,0.0194924279754972,1.3244444444444443,0.007832916201081386,0.21694062726864055,1.3244444444444443,0.006670559895567433,0.5287340238293886,1.3244444444444443,0.00483030813290694,0.019508071907781775,1.3244444444444443,0.007832822507887907,0.21693097746502754,1.3244444444444443,0.006670618167128316,0.5287317035413299,1.3244444444444443,0.0048303218880687265,0.02718070109067719,1.3244444444444443,0.007788004602015752,0.21031300785268764,1.3244444444444443,0.006709306927943158,0.5282515644656165,1.3244444444444443,0.004833114877792086,11.92,0.0,0.05000000102786542,0.125024933431941,0.07898444682782141
0.302,2.0,119.99998943933687,0.020038755248993526,1.3333333333333333,0.007883045432147018,0.2212509469538763,1.3333333333333333,0.006698356236388156,0.5381624502510239,1.3333333333333333,0.004827595857023668,0.020054426059627255,1.3333333333333333,0.00788295156855331,0.22124136145259424,1.3333333333333333,0.006698414135209835,0.5381601022191111,1.3333333333333333,0.00482760977875202,0.02793443679545307,1.3333333333333333,0.007836915793455936,0.21445005651062915,1.3333333333333333,0.006738121952883874,0.5376649378632289,1.3333333333333333,0.004830490613206301,12.0,0.0,0.05000000094891186,0.12502551168746118,0.07899804670490838
0.304,2.0,119.99998965726977,0.020597612023740393,1.3333333333333333,0.007879767468506039,0.22561546296566307,1.3333333333333333,0.006672494318276741,0.5476774965232024,1.3333333333333333,0.004771025298493856,0.02061330819307047,1.3333333333333333,0.007879673443642236,0.2256059439364038,1.3333333333333333,0.006672551831284434,0.5476751207725401,1.3333333333333333,0.0047710393866853325,0.02870517366894554,1.3333333333333333,0.007832393379227282,0.21863776177609465,1.3333333333333333,0.006713299660936225,0.5471645386350463,1.3333333333333333,0.004774010372820626,12.0,0.0,0.05000000087580919,0.12502609630114514,0.07901195906515171
0.306,2.0,119.99998988221186,0.021169212507097697,1.3333333333333333,0.007876414327857557,0.23003401663421896,1.3333333333333333,0.0066463072222060215,0.5572777141166831,1.3333333333333333,0.004713935020860785,0.021184932517835098,1.3333333333333333,0.007876320150841578,0.23002456623673173,1.3333333333333333,0.006646364336381577,0.5572753106803248,1.3333333333333333,0.004713949275364759,0.02949319317545043,1.3333333333333333,0.007827768957986326,0.22287591828411757,1.3333333333333333,0.006688173429343432,0.5567489102583415,1.3333333333333333,0.0047170127681897215,12.0,0.0,0.05000000080814962,0.1250266870207067,0.07902618928435909
0.308,2.0,119.999990114361,0.021753774143700014,1.3333333333333333,0.007872984724957413,0.2345064454111066,1.3333333333333333,0.006619795900194686,0.5669616419385775,1.3333333333333333,0.0046563337152999,0.021769516481183557,1.3333333333333333,0.00787289040489299,0.2344970657947508,1.3333333333333333,0.006619852602579609,0.5669592108576129,1.3333333333333333,0.004656348135918051,0.03029878081404056,1.3333333333333333,0.007823040840947296,0.22716431636085332,1.3333333333333333,0.006662744490295294,0.5664165835225706,1.3333333333333333,0.00465950653844995,12.0,0.0,0.05000000074555055,0.12502728357460563,0.07904074281610181
0.31,2.0,119.99999035391374,0.022351517619363315,1.3333333333333333,0.0078694773551378,0.23903258281910666,1.3333333333333333,0.00659296132753336,0.576727806573681,1.3333333333333333,0.0045982301483685345,0.02236728077182474,1.3333333333333333,0.007869382901112899,0.23902327612240531,1.3333333333333333,0.006593017605231496,0.5767253478973217,1.3333333333333333,0.004598244734854322,0.031122226126378282,1.3333333333333333,0.007818207315115757,0.2315027419730533,1.3333333333333333,0.006637014101834879,0.5761660767701603,1.3333333333333333,0.004601500498864576,12.0,0.0,0.05000000068765344,0.12502788567127754,0.07905562519297928
0.312,2.0,119.99999060107037,0.022962666866088766,1.3333333333333333,0.00786589089428382,0.24361225840100542,1.3333333333333333,0.00656580450308536,0.5865747225276656,1.3333333333333333,0.004539633160557914,0.022978449324918774,1.3333333333333333,0.007865796315369052,0.2436030267511996,1.3333333333333333,0.006565860343265568,0.5865722363133274,1.3333333333333333,0.0045396479126160695,0.03196382270423975,1.3333333333333333,0.00781326664324173,0.2358909766776977,1.3333333333333333,0.00661098354816168,0.5859958961392439,1.3333333333333333,0.004543003539379038,12.0,0.0,0.0500000006341227,0.12502849299831176,0.07907084202720376
0.314,2.0,119.99999085603126,0.023587449067911284,1.3333333333333333,0.007862223998803467,0.24824529766754475,1.3333333333333333,0.006538326449593967,0.5965008924720988,1.3333333333333333,0.004480551664834006,0.023603249327926557,1.3333333333333333,0.007862129304050487,0.24823614318014908,1.3333333333333333,0.006538381839492803,0.596498378785483,1.3333333333333333,0.004480566582120035,0.032823868196727175,1.3333333333333333,0.007808217063774561,0.24032879757182113,1.3333333333333333,0.006584654139933813,0.5959045358083068,1.3333333333333333,0.004484024623164536,12.0,0.0,0.050000000584644516,0.12502910522159247,0.07908639901111937
0.316,2.0,119.99999111900021,0.024226094667382982,1.3333333333333333,0.007858475305592532,0.25293152204474406,1.3333333333333333,0.0065105282139947315,0.6065048074912525,1.3333333333333333,0.004420994645167407,0.024241911227093956,1.3333333333333333,0.00785838050403244,0.2529224468231035,1.3333333333333333,0.006510583140919105,0.6065022664064238,1.3333333333333333,0.004421009727287102,0.03370266431714445,1.3333333333333333,0.007803056790819636,0.24481597724256401,1.3333333333333333,0.006558027214569073,0.605890478242699,1.3333333333333333,0.004424572785150158,12.0,0.0,0.05000000053892572,0.12502972198440482,0.07910230191766533
0.318,2.0,119.99999139018328,0.02487883737251579,1.3333333333333333,0.007854643431995703,0.2576707488207715,1.3333333333333333,0.006482410867731535,0.6165849473306643,1.3333333333333333,0.004360971155052485,0.02489466873439524,1.3333333333333333,0.007854548532637435,0.25766175495561944,1.3333333333333333,0.006482465319061379,0.6165823789301276,1.3333333333333333,0.004360986401561457,0.03460051684951107,1.3333333333333333,0.007797784014097133,0.24935228371748472,1.3333333333333333,0.006531104136544616,0.6159521944429738,1.3333333333333333,0.004364657130543805,12.0,0.0,0.05000000049669269,0.12503034290650591,0.07911855660079205
0.32,2.0,119.99999166978839,0.025545914164035705,1.3333333333333335,0.007850726975764907,0.26246279109251613,1.3333333333333335,0.006453975507075372,0.6267397806474122,1.3333333333333335,0.004300490316016015,0.025561758834788083,1.3333333333333335,0.00785063198759363,0.26245388066153386,1.3333333333333335,0.006454029470266284,0.6267371850221861,1.3333333333333335,0.004300505726419235,0.0355177356546883,1.3333333333333335,0.007792396898902934,0.2539374804151664,1.3333333333333335,0.006503886297695093,0.6260881441950114,1.3333333333333335,0.004304286833342158,12.000000000000002,0.0,0.05000000045769025,0.1250309675831616,0.07913516899583636
0.322,2.0,119.9999919580261,0.026227565302823823,1.3333333333333333,0.007846724515015785,0.2673074577119907,1.3333333333333333,0.006425223253444903,0.6369677652620628,1.3333333333333333,0.004239561316115526,0.026243421793655314,1.3333333333333333,0.007846629446991271,0.2672986327793688,1.3333333333333333,0.006425276716030796,0.6369651425117507,1.3333333333333333,0.0042395768898668825,0.03645463467609093,1.3333333333333333,0.00778689358607187,0.2585713260961535,1.3333333333333333,0.006476375117509001,0.6362967763218856,1.3333333333333333,0.0042434711348299315,12.0,0.0,0.050000000421680624,0.12503159558414884,0.0791521451198612
0.324,2.0,119.99999225511033,0.026924034337437803,1.3333333333333333,0.007842634608183057,0.2722045532326791,1.3333333333333333,0.006396155253728056,0.6472673484122503,1.3333333333333333,0.004178193408427623,0.02693990116432696,1.3333333333333333,0.007842539469238068,0.27219581584868024,1.3333333333333333,0.006396208203323786,0.6472646986451098,1.3333333333333333,0.004178209144929495,0.037411531944957395,1.3333333333333333,0.007781272191943454,0.2632535748142528,1.3333333333333333,0.006448572043423078,0.6465765289374331,1.3333333333333333,0.004182219342068686,12.0,0.0,0.05000000038844239,0.12503222645272397,0.07916949107196396
0.326,2.0,119.99999256125767,0.027635568111622256,1.3333333333333333,0.007838455793975373,0.27715387785592627,1.3333333333333333,0.006366772680603925,0.6576369670078476,1.3333333333333333,0.004116395909526498,0.0276514437955912,1.3333333333333333,0.007838360593014038,0.27714523005645,1.3333333333333333,0.006366825104907918,0.6576342903408567,1.3333333333333333,0.004116411808129341,0.03838874958514991,1.3333333333333333,0.007775530808330254,0.2679839758682347,1.3333333333333333,0.0064204785511144825,0.6569258297014818,1.3333333333333333,0.004120540826375401,12.0,0.0,0.05000000035776954,0.1250328597045563,0.07918721303355651
0.328,2.0,119.99999287668727,0.028362416771728727,1.333333333333333,0.007834186591330264,0.2821552273774589,1.333333333333333,0.00633707673286444,0.6680750478876846,1.333333333333333,0.004054178197952913,0.02837829983911485,1.333333333333333,0.007834091337226451,0.2821466711836086,1.333333333333333,0.006337128619661299,0.6680723444466056,1.333333333333333,0.004054194257954858,0.03938661381745605,1.333333333333333,0.0077696675024891,0.27276227375396983,1.333333333333333,0.00639209614479059,0.6673430960766992,1.333333333333333,0.004058445021791107,11.999999999999998,0.0,0.050000000329470475,0.1250334948266275,0.07920531726861954
0.33,2.0,119.99999320162163,0.02910483377397577,1.3333333333333333,0.007829825499369628,0.2872083931341152,1.3333333333333333,0.006307068635735247,0.6785800080777723,1.3333333333333333,0.003991549712673893,0.029120722756703823,1.3333333333333333,0.00782973020096531,0.2871999305517671,1.3333333333333333,0.006307119972898349,0.6785772779972127,1.3333333333333333,0.003991565933320366,0.04040545496336212,1.3333333333333333,0.007763680317095263,0.27758820811703744,1.3333333333333333,0.006363426357476181,0.677826735587017,1.3333333333333333,0.003995941423539805,12.0,0.0,0.050000000303367154,0.12503413127609564,0.07922381012393283
0.332,2.0,119.99999353628648,0.029863075891487324,1.3333333333333333,0.007825370997356145,0.2923131619508541,1.3333333333333333,0.0062767496411953085,0.6891502550509891,1.3333333333333333,0.003928519951533366,0.02987896932734187,1.3333333333333333,0.007825275663459776,0.2923047949702286,1.3333333333333333,0.0062768004166893964,0.6891474984744606,1.3333333333333333,0.003928536332016724,0.04144560744826812,1.3333333333333333,0.007757567270219827,0.28246151370584077,1.3333333333333333,0.006334470751297776,0.6883751460775922,1.3333333333333333,0.003933039586477898,12.0,0.0,0.0500000002792942,0.1250347684791239,0.07924269802928291
0.334,2.0,119.99999388090987,0.03063740322105412,1.3333333333333333,0.007820821544651076,0.2974693160881082,1.3333333333333333,0.0062461210282948754,0.699784186988186,1.3333333333333333,0.003865098469694065,0.030653299653952262,1.3333333333333333,0.00782072618403595,0.2974610466833438,1.3333333333333333,0.006246171230178628,0.69978140406816,1.3333333333333333,0.0038651150091532365,0.042507409804113376,1.3333333333333333,0.007751326355310392,0.2873819203252663,1.3333333333333333,0.0063052309177649545,0.6989867159762618,1.3333333333333333,0.0038697491235344466,12.0,0.0,0.05000000025709811,0.12503540582967368,0.07926198749764911
0.336,2.0,119.9999942357232,0.03142807918956776,1.3333333333333333,0.007816175580673676,0.30267663318954113,1.3333333333333333,0.00621518410347135,0.7104801930406671,1.3333333333333333,0.0038012948780708836,0.03144397716983207,1.3333333333333333,0.007816080202076286,0.30266846331827074,1.3333333333333333,0.006215233719899937,0.7104773839386281,1.3333333333333333,0.0038013115755910396,0.043591204671381244,1.3333333333333333,0.007744955541175319,0.29234915279092316,1.3333333333333333,0.006275708478048402,0.7096598245564505,1.3333333333333333,0.003806079704142429,12.0,0.0,0.05000000023663644,0.1250360426882611,0.07928168512536816
0.338,2.0,119.99999460096109,0.0322353705600813,1.3333333333333333,0.007811431524862593,0.30793488623026327,1.3333333333333333,0.006183940200862752,0.7212366535940016,1.3333333333333333,0.0037371188417559967,0.03225126864471283,1.3333333333333333,0.007811336136981008,0.30792681783319376,1.3333333333333333,0.006183989220090375,0.7212338184804973,1.3333333333333333,0.003737135696368231,0.0446973388004505,1.3333333333333333,0.007738452771971712,0.2973629308839985,1.3333333333333333,0.00624590508325446,0.7203928422014892,1.3333333333333333,0.0037420410526612965,12.0,0.0,0.050000000217777125,0.12503667838067645,0.07930179759227804
0.34,2.0,119.99999497686099,0.03305954743745314,1.3333333333333333,0.007806587776639512,0.3132438434655594,1.3333333333333333,0.00615239068261842,0.7320519405331223,1.3333333333333333,0.0036725800784359903,0.033075444190404577,1.3333333333333333,0.007806492388131724,0.31323587846605344,1.3333333333333333,0.006152439093000837,0.7320490795878112,1.3333333333333333,0.003672597089117016,0.04582616305226052,1.3333333333333333,0.007731815967197297,0.30242296930676643,1.3333333333333333,0.006215822414696009,0.7311841306703045,1.3333333333333333,0.003677642946791064,12.0,0.0,0.05000000020039771,0.12503731219666642,0.0793223316618407
0.342,2.0,119.99999536366346,0.03390088327353388,1.3333333333333333,0.007801642715375281,0.3186032683801765,1.3333333333333333,0.006120536939206644,0.7429244175086684,1.3333333333333333,0.003607688356801266,0.033916777265982544,1.3333333333333333,0.007801547334857572,0.31859540868383807,1.3333333333333333,0.006120584729203679,0.7429215309203644,1.3333333333333333,0.0036077055224731326,0.04697803239825649,1.3333333333333333,0.0077250430216864365,0.30752897763878634,1.3333333333333333,0.006185462184159401,0.7420320433644354,1.3333333333333333,0.0036128952159781725,12.0,0.0,0.05000000018438476,0.12503794338857774,0.07934329418124397
0.34400000000000003,2.0,119.99999576161184,0.034759654871857476,1.3333333333333333,0.007796594700358797,0.32401291963821965,1.3333333333333333,0.00608838038971894,0.753852440204527,1.3333333333333333,0.003542453494947989,0.0347755446824782,1.3333333333333333,0.007796499336404104,0.3240051671324825,1.3333333333333333,0.006088427547896971,0.7538495281712407,1.3333333333333333,0.003542470814477813,0.04815330591958047,1.3333333333333333,0.007718131805610461,0.3126806602938281,1.3333333333333333,0.006154826134167281,0.7529349255963388,1.3333333333333333,0.0035478077398133872,12.0,0.0,0.05000000016963322,0.1250385711699623,0.07936469208148157
0.34600000000000003,2.0,119.99999617095223,0.035636142391799554,1.3333333333333333,0.007791442070768855,0.3294725510337013,1.3333333333333333,0.006055922482170681,0.7648343566065287,1.3333333333333333,0.0034768853587728377,0.03565202660703742,1.3333333333333333,0.0077913467319051305,0.3294649075874209,1.3333333333333333,0.006055968997205105,0.7648314193355064,1.3333333333333333,0.003476902830972555,0.04935234680547313,1.3333333333333333,0.007711080164482517,0.3178777164775602,1.3333333333333333,0.006123916038237031,0.7638911148589406,1.3333333333333333,0.003482390446421967,12.0,0.0,0.05000000015604582,0.1250391947141425,0.07938653237741138
0.34800000000000003,2.0,119.99999659193463,0.03653062935216721,1.3333333333333333,0.007786183145649203,0.33498191144178746,1.3333333333333333,0.006023164693797792,0.7758685072722544,1.3333333333333333,0.003410993860360828,0.036546506566509936,1.3333333333333333,0.007786087840357775,0.3349743789048365,1.3333333333333333,0.0060232105544754735,0.7758655449800138,1.3333333333333333,0.0034110114839869614,0.05057552235085081,1.3333333333333333,0.007703885919167161,0.32311984014603795,1.3333333333333333,0.0060927337011346385,0.7748989410963929,1.3333333333333333,0.0034166533108463564,12.0,0.0,0.050000000143532536,0.12503981315273632,0.0794088221677911
0.35000000000000003,2.0,119.999997024811,0.03744340263418509,1.3333333333333333,0.007780816223886996,0.34054074477078333,1.3333333333333333,0.0059901085313492745,0.7869532256019093,1.3333333333333333,0.003344788956366473,0.03745927145043506,1.3333333333333333,0.00778072096060094,0.34053332497365096,1.3333333333333333,0.00599015372657098,0.7869502385142718,1.3333333333333333,0.003344806730119917,0.051823203953021466,1.3333333333333333,0.007696546865894895,0.3284067199650288,1.3333333333333333,0.006061280959123771,0.7859567269759955,1.3333333333333333,0.003350606353421642,12.0,0.0,0.05000000013201012,0.1250404255741418,0.07943156863529037
0.352,2.0,119.99999746983622,0.03837475248384343,1.3333333333333333,0.0077753395841948895,0.3461487899149008,1.3333333333333333,0.0059567555313753,0.7980868381102176,1.3333333333333333,0.003278280646388544,0.03839061151338922,1.3333333333333333,0.007775244371297388,0.34614148466829575,1.3333333333333333,0.005956800050158094,0.7980838264623381,1.3333333333333333,0.0032782985689143685,0.0530957671075028,1.3333333333333333,0.0076890607762818705,0.3337380392702106,1.3333333333333333,0.006029559680209826,0.7970627881612419,1.3333333333333333,0.0032842596381440266,12.0,0.0,0.05000000012140156,0.12504103102197944,0.07945477904647878
0.354,2.0,119.99999792726754,0.03932497251357403,1.3333333333333333,0.007769751485096939,0.3518057807078469,1.3333333333333333,0.005923107260510595,0.8092676646992971,1.3333333333333333,0.0032114789713386938,0.03934082037666136,1.3333333333333333,0.007769656330919665,0.3517985918023048,1.3333333333333333,0.005923151091990225,0.80926462873569,1.3333333333333333,0.0032114970412259708,0.0543935914029051,1.3333333333333333,0.0076814253973549835,0.3391134760282807,1.3333333333333333,0.005997571764378736,0.8082154335859484,1.3333333333333333,0.0032176232710325486,12.0,0.0,0.05000000011163565,0.12504162849349248,0.07947846075178881
0.356,2.0,119.99999839736626,0.040294359703220504,1.3333333333333333,0.007764050164918555,0.35751144587727474,1.3333333333333333,0.005889165315752918,0.8204940189324671,1.3333333333333333,0.003144394011804217,0.040310195029222534,1.3333333333333333,0.007763955077740031,0.35750437508276944,1.3333333333333333,0.005889208449186171,0.8204909589070298,1.3333333333333333,0.0031444122275858595,0.05571706051484085,1.3333333333333333,0.00767363845158257,0.3445327027990106,1.3333333333333333,0.005965319143830316,0.8194129657294271,1.3333333333333333,0.0031507073984843093,12.0,0.0,0.0500000001026466,0.12504221693790404,0.07950262118545261
0.358,2.0,119.99999888039457,0.04128321440026926,1.3333333333333333,0.007758233841780676,0.36326550900013455,1.3333333333333333,0.0058549313247363505,0.8317642083089475,1.3333333333333333,0.003077035886405197,0.04129903582795609,1.3333333333333333,0.007758138829824664,0.36325855806569396,1.3333333333333333,0.005854973749503383,0.8317611244849803,1.3333333333333333,0.0030770542465578207,0.05706656219882242,1.3333333333333333,0.0076656976369109545,0.3499953866982847,1.3333333333333333,0.005932803783205936,0.8306536808926622,1.3333333333333333,0.0030835222056234367,12.0,0.0,0.05000000009437363,0.12504279525473033,0.07952726786541164
0.36,2.0,119.99999937661879,0.04229184031930769,1.3333333333333333,0.007752300713598384,0.3690676884589645,1.3333333333333333,0.005820406945999192,0.8430765345394049,1.3333333333333333,0.0030094147501463146,0.04230764649711503,1.3333333333333333,0.007752205785032263,0.369060859112291,1.3333333333333333,0.005820448651605836,0.8430734271896274,1.3333333333333333,0.003009433253090118,0.05844248828210896,1.3333333333333333,0.007657600626807065,0.35550118936215747,1.3333333333333333,0.005900027679810291,0.8419358694754489,1.3333333333333333,0.003016077914644026,12.0,0.0,0.050000000086760574,0.12504336229204935,0.079552408393198
0.362,2.0,119.99999988630587,0.04332054454067614,1.3333333333333333,0.007746248958084153,0.37491769739915864,1.3333333333333333,0.005785593869246213,0.8544292938223016,1.3333333333333333,0.0029415407927635704,0.04333633412697304,1.3333333333333333,0.00774615412101731,0.3749109913462541,1.3333333333333333,0.005785634845326254,0.8544261632288663,1.3333333333333333,0.002941559436862235,0.05984523465446274,1.3333333333333333,0.007649345070307345,0.36104976691196555,1.3333333333333333,0.005866992863827055,0.8532578162544566,1.3333333333333333,0.0029483847831473066,12.0,0.0,0.05000000007975558,0.12504391684472443,0.07957805045378646
0.364,2.0,120.00000040972695,0.04436963750828018,1.3333333333333333,0.007740076732755943,0.38081524368724956,1.3333333333333333,0.0057504938156050485,0.8658207771210049,1.3333333333333333,0.00287342423706619,0.044385409171635595,1.3333333333333333,0.007739981995238162,0.3808086626120455,1.3333333333333333,0.005750534051922476,0.8658176235755074,1.3333333333333333,0.0028734430206268017,0.06127520125777482,1.3333333333333333,0.007640928592073224,0.3666407699205315,1.3333333333333333,0.005833701398528206,0.8646178006621765,1.3333333333333333,0.0028804531024732597,12.0,0.0,0.05000000007331079,0.12504445765258165,0.07960420181541573
0.366,2.0,120.00000094715371,0.04543943302652935,1.3333333333333333,0.007733782174950318,0.38676002987024266,1.3333333333333333,0.005715108537876502,0.8772492704416138,1.3333333333333333,0.0028050753372739702,0.04545518544597754,1.3333333333333333,0.0077336875449701865,0.38675357543423516,1.3333333333333333,0.005715148024327727,0.8772460942450994,1.3333333333333333,0.0028050942585469553,0.0627327920745196,1.3333333333333333,0.007632348792453351,0.3722738433794934,1.3333333333333333,0.00580015538047681,0.8760140970667134,1.3333333333333333,0.0028122931960269403,12.0,0.0,0.05000000006738201,0.1250449833985406,0.07963087032937792
0.368,2.0,120.00000149886165,0.04653024825636875,1.3333333333333333,0.007727363401840824,0.3927517531360385,1.3333333333333333,0.005679439820778544,0.8887130551114591,1.3333333333333333,0.0027365043773503166,0.04654598012167341,1.3333333333333333,0.007727268887324135,0.39274542697792875,1.3333333333333333,0.005679478547394589,0.8887098565744258,1.3333333333333333,0.0027365234345294036,0.06421841511499712,1.3333333333333333,0.007623603247552882,0.37794862666779566,1.3333333333333333,0.005766356939723039,0.8874449750523841,1.3333333333333333,0.002743915417599719,12.0,0.0,0.05000000006192848,0.1250454927066976,0.07965806392977468
0.37,2.0,120.0000020651271,0.04764240371036941,1.3333333333333333,0.007720818510461787,0.39879010527497916,1.3333333333333333,0.005643489481183769,0.9002104080582349,1.3333333333333333,0.0026677216693312446,0.0476581137222864,1.3333333333333333,0.007720724119269959,0.39878390901031907,1.3333333333333333,0.005643527438132428,0.9002071875006339,1.3333333333333333,0.002667740860553445,0.0657324824033217,1.3333333333333333,0.007614689509310017,0.3836647535213772,1.3333333333333333,0.005732308239993226,0.8989086997010827,1.3333333333333333,0.0026753301496856953,12.0,0.0,0.05000000005691258,0.12504598414036108,0.07968579063323894
0.372,2.0,120.0000026462285,0.048776223246843435,1.3333333333333333,0.007714145577737784,0.4048747726425539,1.3333333333333333,0.0056072593683501246,0.9117396020897193,1.3333333333333333,0.00259873755165059,0.04879191011738202,1.3333333333333333,0.007714051317666281,0.40486870786339746,1.3333333333333333,0.005607296545938085,0.911736359840951,1.3333333333333333,0.0025987568749961964,0.06727540996211502,1.3333333333333333,0.0076056051055800695,0.3894218520040896,1.3333333333333333,0.005698011478871737,0.910403531874375,1.3333333333333333,0.0026065478017935034,12.0,0.0,0.05000000005229963,0.12504645620003788,0.07971405853862058
0.374,2.0,120.00000324244672,0.049932034062949625,1.3333333333333333,0.00770734266051894,0.41100543612329915,1.3333333333333333,0.005570751364144677,0.9232989061740412,1.3333333333333333,0.002529562387461684,0.04994769651563206,1.3333333333333333,0.007707248539295708,0.4109995043978595,1.3333333333333333,0.005570787752819615,0.9232956425729485,1.3333333333333333,0.0025295818409542935,0.06884761779586147,1.3333333333333333,0.007596347540227309,0.39521954447988095,1.3333333333333333,0.005663468887975463,0.9219277284962829,1.3333333333333333,0.0025375788087537497,12.0,0.0,0.05000000004805764,0.12504690732137028,0.07974287582663481
0.376,2.0,120.00000385406335,0.051110166686755026,1.3333333333333333,0.007700407795622302,0.4171817710959272,1.3333333333333333,0.005533967383260205,0.9348865857204522,1.3333333333333333,0.0024602065629557523,0.05112580345687443,1.3333333333333333,0.007700313820906208,0.4171759739682396,1.3333333333333333,0.005534002973612843,0.9348833011153097,1.3333333333333333,0.0024602261445623086,0.07044952987288321,1.3333333333333333,0.007586914293224831,0.4010574475862784,1.3333333333333333,0.005628682733120714,0.9334795428367224,1.3333333333333333,0.002468433629022302,12.0,0.0,0.0500000000441571,0.1250473358730228,0.07977225075947167
0.378,2.0,120.00000448136285,0.05231095496821797,1.3333333333333335,0.007693338999879471,0.42340344739971736,1.3333333333333335,0.005496909373424438,0.9465009028605614,1.3333333333333335,0.0023906804856772875,0.052326564803094354,1.3333333333333335,0.007693245179258754,0.42339778638930825,1.3333333333333335,0.005496944156190563,0.9464975976090613,1.3333333333333335,0.002390700193308143,0.07208157410589189,1.3333333333333335,0.007577302820762703,0.40693517220920267,1.3333333333333335,0.00559365531448233,0.9450572247955551,1.3333333333333335,0.0023991227429796666,12.000000000000002,0.0,0.05000000004057083,0.12504774015451842,0.0798021916803653
0.38,2.0,120.00000512462978,0.053534736069057676,1.3333333333333333,0.007686134270190693,0.42967012930220294,1.3333333333333333,0.005459579315601696,0.9581401167299909,1.3333333333333333,0.0023209945828366312,0.053550317728291975,1.3333333333333333,0.0076860406111814335,0.4296646059037653,1.3333333333333333,0.00545961328166415,0.9581367911992255,1.3333333333333333,0.002321014414345632,0.0737441823310741,1.3333333333333333,0.007567510555364649,0.4128523234591473,1.3333333333333333,0.005558388966744783,0.9566590211872184,1.3333333333333333,0.002329656651226669,12.0,0.0,0.05000000003727378,0.12504811839402305,0.07983270701312119
0.382,2.0,120.00000578415052,0.05478185045147562,1.3333333333333333,0.007678791583585654,0.4359814754681867,1.3333333333333333,0.005421979224186782,0.9698024837504129,1.3333333333333333,0.0022511592996200544,0.05479740270720169,1.3333333333333333,0.007678698093630249,0.4359760911512618,1.3333333333333333,0.005422012364577408,0.9697991383168533,1.3333333333333333,0.002251179252804647,0.07543779028566687,1.3333333333333333,0.007557534906013555,0.41880850064875574,1.3333333333333333,0.005522886059245116,0.9682831760258958,1.3333333333333333,0.0022600458728766894,12.0,0.0,0.05000000003424285,0.12504846874607847,0.07986380526160004
0.384,2.0,120.000006460213,0.056052641865693614,1.3333333333333333,0.007671308897291146,0.4423371389301169,1.3333333333333333,0.005384111147190879,0.9814862579119257,1.3333333333333333,0.002181185097497522,0.056068163502827985,1.3333333333333333,0.007671215583756789,0.4423318951387825,1.3333333333333333,0.005384143453092429,0.9814828929613969,1.3333333333333333,0.00218120517009888,0.07716283758397961,1.3333333333333333,0.007547373258285998,0.424803297271827,1.3333333333333333,0.0054871489961074655,0.9799279308111908,1.3333333333333333,0.002190300943844625,12.0,0.0,0.05000000003145677,0.1250487892892824,0.07989549500915667
0.386,2.0,120.00000715310507,0.05734745733627349,1.333333333333333,0.007663684148805836,0.4487367670598551,1.333333333333333,0.005345977166419297,0.9931896910557287,1.333333333333333,0.002111082452528444,0.05736294715276282,1.333333333333333,0.00766359101898303,0.44873166521242075,1.333333333333333,0.0053460086291673035,0.9931863069833816,1.333333333333333,0.002111102642231617,0.07891976769181878,1.333333333333333,0.00753702297449612,0.4308363009837814,1.333333333333333,0.005451180216369036,0.9915915248142683,1.333333333333333,0.0021204324151328537,11.999999999999998,0.0,0.05000000002889595,0.12504907802391554,0.07992778491803207
0.388,2.0,120.00000786311668,0.0586666471471832,1.3333333333333333,0.007655915255982359,0.4551800015418673,1.3333333333333333,0.005307579397640869,1.0049110331570574,1.3333333333333333,0.002040861853665627,0.058682103954249235,1.3333333333333333,0.0076558223170834225,0.45517504303057615,1.3333333333333333,0.005307610008725475,1.004907630367336,1.3333333333333333,0.00204088215809971,0.08070902789927106,1.3333333333333333,0.007526481393849088,0.436907093583618,1.3333333333333333,0.005414982194097311,1.0032721953644261,1.3333333333333333,0.00205045085111439,12.0,0.0,0.050000000026542334,0.12504933286951506,0.07996068372869712
0.39,2.0,120.00000859053766,0.060010564825574014,1.3333333333333333,0.0076480001171169,0.46166647834786717,1.3333333333333333,0.005268919990748797,1.0166485326083357,1.3333333333333333,0.001970533801057655,0.060025987447956,1.3333333333333333,0.0076479073762745035,0.4616616645386052,1.3333333333333333,0.005268949741816543,1.0166451115149424,1.3333333333333333,0.001970554217795983,0.08253106929180092,1.3333333333333333,0.007515745832604373,0.44301525099739214,1.3333333333333333,0.0053785574384982915,1.014968178136063,1.3333333333333333,0.0019803668278134427,12.0,0.0,0.05000000002437931,0.12504955166239376,0.07999420025914633
0.392,2.0,120.00000933565858,0.061379567124233626,1.3333333333333335,0.007639936611046557,0.4681958277129424,1.3333333333333335,0.005230001129912797,1.0284004365025095,1.3333333333333335,0.001900108804349987,0.06139495440042805,1.3333333333333335,0.007639844075312265,0.46819115994495447,1.3333333333333335,0.00523003001276837,1.0283969975283647,1.3333333333333335,0.0019001293309103464,0.08438634671961841,1.3333333333333335,0.007504813584249196,0.44916034326324394,1.3333333333333335,0.005341908494015648,1.026677707436005,1.3333333333333335,0.0019101909311836224,12.000000000000002,0.0,0.05000000002239155,0.12504973215310483,0.08002834340413956
0.394,2.0,120.00001009877025,0.06277401400267979,1.3333333333333333,0.007631722597254598,0.4747676741131908,1.3333333333333333,0.005190825033722346,1.04016499091652,1.3333333333333333,0.001829597380984943,0.06278936478517731,1.3333333333333333,0.0076316302735974315,0.4747631536988047,1.3333333333333333,0.0051908530403302735,1.0401615344937196,1.3333333333333333,0.0018296180148298115,0.08627531876527286,1.3333333333333333,0.007493681919682289,0.4553419345180059,1.3333333333333333,0.005305037940420536,1.0383990164911552,1.3333333333333333,0.00183993375538397,12.0,0.0,0.05000000002056499,0.1250498720038514,0.08006312213439015
0.396,2.0,120.00001088016415,0.06419426860685937,1.3333333333333333,0.007623355915983921,0.4813816362448962,1.3333333333333333,0.005151393955320855,1.051940441194879,1.3333333333333333,0.0017590100545008794,0.06420958176237875,1.3333333333333333,0.007623263811288935,0.4813772644692535,1.3333333333333333,0.005151421077807172,1.0519369677646475,1.3333333333333333,0.001759030793037682,0.08819844770942806,1.3333333333333333,0.0074823480874083624,0.46155958298541755,1.3333333333333333,0.005267948392891964,1.0501303377364357,1.3333333333333333,0.0017696059010530686,12.0,0.0,0.050000000018886645,0.1250499687858406,0.08009854549569773
0.398,2.0,120.00001168013101,0.06564069724741738,1.3333333333333333,0.007614834388358844,0.48803732700526914,1.3333333333333333,0.005111710182530623,1.0637250322333065,1.3333333333333333,0.001688357352830726,0.06565597165713646,1.3333333333333333,0.007614742509425728,0.4880331051260644,1.3333333333333333,0.005111736413184478,1.063721542245947,1.3333333333333333,0.0016883781934121146,0.0901561994947747,1.3333333333333333,0.0074708093137434315,0.4678128409659751,1.3333333333333333,0.005230642502087495,1.0618699031029806,1.3333333333333333,0.0016992179735813853,12.0,0.0,0.05000000001734457,0.12505001997658208,0.08013462260802356
0.4,2.0,120.00001249896196,0.06711366937650116,1.3333333333333333,0.007606155816515496,0.49473435347478006,1.3333333333333333,0.005071776037968385,1.075517008762395,1.3333333333333333,0.0016176498066001607,0.06712890393628464,1.3333333333333333,0.00760606417005718,0.4947302827220074,1.3333333333333333,0.005071801369243613,1.0755135026772342,1.3333333333333333,0.001617670746524318,0.09214904368803588,1.3333333333333333,0.007459062803031352,0.47410125482844223,1.3333333333333333,0.005193122954204149,1.0736159443065503,1.3333333333333333,0.001628780581382116,12.0,0.0,0.050000000015927804,0.12505002295713,0.08017136266450686
0.402,2.0,120.00001333694708,0.0686135575630646,1.3333333333333333,0.007597317983740993,0.5014723169011093,1.3333333333333333,0.005031593879151319,1.08731461563126,1.3333333333333333,0.001546897947425629,0.06862875118368832,1.3333333333333333,0.007597226576382292,0.5014683984768172,1.3333333333333333,0.005031618303667955,1.087311093916591,1.3333333333333333,0.0015469189839365943,0.09417745344002142,1.3333333333333333,0.007447105737871784,0.48042436500304836,1.3333333333333333,0.0051553924710293466,1.0853666931361328,1.3333333333333333,0.001558304334160698,12.0,0.0,0.05000000001462621,0.12504997500926882,0.08020877493041982
0.404,2.0,120.00001419437726,0.07014073746663739,1.3333333333333333,0.007588318654621612,0.5082508126847389,1.3333333333333333,0.004991166098593344,1.0991160980911407,1.3333333333333333,0.001476112306212439,0.0701558890740094,1.3333333333333333,0.00758822749289787,0.5082470477627933,1.3333333333333333,0.004991189609139096,1.0991125612241617,1.3333333333333333,0.001476133436500453,0.09624190544368708,1.3333333333333333,0.0074349352793598705,0.4867817059763992,1.3333333333333333,0.005117453809981709,1.0971203817426944,1.3333333333333333,0.0014877998411832029,12.0,0.0,0.05000000001343051,0.1250498733126424,0.08024686874205979
0.406,2.0,120.00001507154123,0.07169558780952504,1.3333333333333333,0.007579155575200175,0.5150694303662101,1.3333333333333333,0.004950495123891566,1.1109197020789139,1.3333333333333333,0.001405303411453155,0.07171069634490289,1.3333333333333333,0.007579064665555943,0.515065820092065,1.3333333333333333,0.00495051771342324,1.1109161505456626,1.3333333333333333,0.0014053246326550296,0.09834287989015475,1.3333333333333333,0.0074225485673378765,0.4931728062881245,1.3333333333333333,0.005079309764141604,1.1088752429280522,1.3333333333333333,0.001417277709543833,12.0,0.0,0.05000000001233212,0.1250497149418261,0.08028565350557626
0.40800000000000003,2.0,120.00001596872745,0.07327849034740475,1.3333333333333333,0.007569826473142849,0.5219277536150676,1.3333333333333333,0.004909583417802739,1.1227236745004852,1.3333333333333333,0.0013344817875265162,0.07329355476760929,1.3333333333333333,0.007569735821930583,0.5219242991055454,1.3333333333333333,0.004909605079447609,1.12272010879577,1.3333333333333333,0.0013345030967260238,0.10048086042265018,1.3333333333333333,0.007409942720659072,0.49959718852928603,1.3333333333333333,0.005040963162271253,1.1206295104338275,1.3333333333333333,0.0013467485424316866,12.0,0.0,0.05000000001132318,0.12504949686334207,0.08032513869573091
0.41000000000000003,2.0,120.00001688622373,0.07488982983828348,1.3333333333333333,0.007560329057915571,0.5288253602205145,1.3333333333333333,0.004868433478309594,1.1345262635140188,1.3333333333333333,0.0012636579529970886,0.07490484911590871,1.3333333333333333,0.007560238671394344,0.5288220625635934,1.3333333333333333,0.0048684542053667275,1.1345226841413465,1.3333333333333333,0.0012636793472253788,0.10265633408831469,1.3333333333333333,0.007397114837464099,0.5060543693425693,1.3333333333333333,0.005002416868824283,1.1323814192304553,1.3333333333333333,0.0012762229373970344,12.0,0.0,0.05000000001039645,0.1250492159326171,0.08036533385458847
0.41200000000000003,2.0,120.00001782431548,0.07652999400978389,1.3333333333333333,0.0075506610209702995,0.5357618220837965,1.3333333333333333,0.004827047838676913,1.146325718812973,1.3333333333333333,0.0011928424189158872,0.07654496713340288,1.3333333333333333,0.007550570905304547,0.5357586823384077,1.3333333333333333,0.004827067624618439,1.1463221262844723,1.3333333333333333,0.0011928638951519206,0.104869791287848,1.3333333333333333,0.007384061995470112,0.5125438594242802,1.3333333333333333,0.004963673783944584,1.14412920580621,1.3333333333333333,0.0012057114846172677,12.0,0.0,0.05000000000954527,0.12504886889088382,0.0804062485901364
0.41400000000000003,2.0,120.00001878328771,0.07819937352472489,1.3333333333333333,0.007540820035941296,0.5427367052123365,1.3333333333333333,0.00478542906749722,1.1581202919089033,1.3333333333333333,0.0011220456871221618,0.07821429949909173,1.3333333333333333,0.007540730197199583,0.5427337244081695,1.3333333333333333,0.004785447905969554,1.158116686745245,1.3333333333333333,0.001122067242293166,0.10712172572293946,1.3333333333333333,0.007370781252272912,0.5190651635281687,1.3333333333333333,0.004924736843454318,1.1558711084562192,1.3333333333333333,0.0011352247651627394,12.0,0.0,0.050000000008763514,0.12504845236202405,0.08044789257483137
0.41600000000000004,2.0,120.00001976342308,0.07989836194496353,1.333333333333333,0.007530803758851649,0.549749569715637,1.333333333333333,0.004743579768725979,1.1699082364140003,1.333333333333333,0.0010512782485465784,0.07991323979121098,1.333333333333333,0.0075307142030054475,0.549746748852954,1.333333333333333,0.004743597653550981,1.1699046191443139,1.333333333333333,0.001051299879528528,0.10941263434144541,1.333333333333333,0.007357269645662361,0.5256177804710992,1.333333333333333,0.004885609018830986,1.1676053675714304,1.333333333333333,0.001064773349262683,11.999999999999998,0.0,0.050000000008045546,0.12504796284935588,0.08049027554407019
0.418,2.0,120.00002076500263,0.0816273556934654,1.3333333333333333,0.007520609828330218,0.5567999698029695,1.3333333333333333,0.004701502581706178,1.1816878083233255,1.3333333333333333,0.0009805505815159976,0.08164218444929829,1.3333333333333333,0.007520520561252734,0.556797309852429,1.3333333333333333,0.004701519506882275,1.1816841794851118,1.3333333333333333,0.0009805722851341163,0.11174301728027083,1.3333333333333333,0.007343524193951327,0.5322012031405874,1.3333333333333333,0.0048462933171734045,1.179330225927501,1.3333333333333333,0.000994367794571417,12.0,0.0,0.05000000000738619,0.1250473967323633,0.0805334072945832
0.42,2.0,120.00002178830542,0.08338675401457132,1.3333333333333333,0.007510235865839207,0.5638874537828655,1.3333333333333333,0.004659200181182183,1.1934572662967118,1.3333333333333333,0.0009098731500600464,0.08340153273445544,1.3333333333333333,0.00751014689330421,0.563884955685355,1.3333333333333333,0.004659216140885426,1.193453626435752,1.3333333333333333,0.0009098949230893286,0.11411337780591395,1.3333333333333333,0.007329541896318374,0.5388149185042221,1.3333333333333333,0.004806792781156475,1.1910439289735768,1.3333333333333333,0.0009240186444349941,12.0,0.0,0.05000000000678069,0.12504675026336923,0.0805772976827478
0.422,2.0,120.00002283360806,0.0851769589324284,1.3333333333333333,0.007499679475912571,0.5710115640644264,1.3333333333333333,0.004616675277302806,1.2052148719402935,1.3333333333333333,0.0008392564022197289,0.08519168668777485,1.3333333333333333,0.007499590803593267,0.571009228730904,1.3333333333333333,0.0046166902658878696,1.2052112216105557,1.3333333333333333,0.0008392782413854874,0.116524222252633,1.3333333333333333,0.007315319733164516,0.5454584076209904,1.3333333333333333,0.004767110488974667,1.2027447251209304,1.3333333333333333,0.0008537364261585387,12.0,0.0,0.05000000000622466,0.12504601956415234,0.08062195662281994
0.424,2.0,120.00002390118486,0.08699837520755406,1.3333333333333333,0.007488938246405429,0.5781718371604655,1.3333333333333333,0.004573930615613441,1.216958890087634,1.3333333333333333,0.0007687107683582384,0.08701305108689895,1.3333333333333333,0.00748884987987335,0.5781696654718111,1.3333333333333333,0.004573944627614576,1.2169552298511743,1.3333333333333333,0.0007687326703366652,0.11897605995819496,1.3333333333333333,0.007300854666484202,0.5521311456545217,1.3333333333333333,0.004727249554274057,1.214430866031424,1.3333333333333333,0.0007835316492744169,12.0,0.0,0.05000000000571408,0.1250452006225075,0.08066739408508136
0.426,2.0,120.00002499130787,0.08885141029150244,1.3333333333333333,0.007478009748754675,0.5853678036924961,1.3333333333333333,0.004530968977037207,1.2286875890804154,1.3333333333333333,0.0006982466594741954,0.08886603340068173,1.3333333333333333,0.007477921693478606,0.5853657964993723,1.3333333333333333,0.004530982007169133,1.228683919507277,1.3333333333333333,0.0006982686208929536,0.12146940319716677,1.3333333333333333,0.007286143640250829,0.5588326018882693,1.3333333333333333,0.004687213126072869,1.226100606905768,1.3333333333333333,0.0007134148038114554,12.0,0.0,0.05000000000524526,0.1250442892887508,0.08071362009390015
0.428,2.0,120.0000261042455,0.09073647427960282,1.3333333333333333,0.007466891538250985,0.5925989883975774,1.3333333333333333,0.004487793177845023,1.2403992410486577,1.3333333333333333,0.0006278744655175071,0.09075104374192232,1.3333333333333333,0.00746680379959591,0.592597146520299,1.3333333333333333,0.004487805221003766,1.240395562716766,1.3333333333333333,0.0006278964829563379,0.12400476711170987,1.3333333333333333,0.007271183580816999,0.5655622397426419,1.3333333333333333,0.004647004388670384,1.2377522067715439,1.3333333333333333,0.0006433963585653912,12.0,0.0,0.05000000000481478,0.1250432812721693,0.08076064472570237
0.43,2.0,120.00002724026412,0.09265397986174068,1.3333333333333333,0.007455581154322382,0.5998649101370299,1.3333333333333333,0.004444406069614535,1.252092122190436,1.3333333333333333,0.0005576045537080532,0.09266849481814096,1.3333333333333333,0.0074554937375484655,0.5998632343654442,1.3333333333333333,0.004444417120878205,1.25208843568549,1.3333333333333333,0.0005576266236994036,0.12658266963984027,1.3333333333333333,0.00725597139732974,0.5723195167941005,1.3333333333333333,0.004606626561544149,1.2493839287709572,1.3333333333333333,0.0005734867593707364,12.0,0.0,0.05000000000441954,0.12504217213741622,0.08080847810685257
0.432,2.0,120.00002839962596,0.09460434227115244,1.3333333333333333,0.0074440761208295556,0.6071650819070296,1.3333333333333333,0.00440081053917782,1.2637645130510609,1.3333333333333333,0.0004874472668573837,0.09461880188036859,1.3333333333333333,0.007443989031091155,0.6071635730004054,1.3333333333333333,0.004400820593807335,1.2637608189664213,1.3333333333333333,0.0004874693858870596,0.1292036314411166,1.3333333333333333,0.007240503982160958,0.5791038847962362,1.3333333333333333,0.004566082899235396,1.2609940404482933,1.3333333333333333,0.0005036964273742566,12.0,0.0,0.050000000004056654,0.12504095730085243,0.08085713041144049
0.434,2.0,120.00002958259074,0.09658797923120588,1.3333333333333333,0.007432373946373085,0.6144990108510903,1.3333333333333333,0.004357009508557822,1.2754146988016912,1.3333333333333333,0.0004174129216936344,0.09660238266992194,1.3333333333333333,0.007432287188717788,0.614497669538017,1.3333333333333333,0.004357018561997567,1.2754109977382657,1.3333333333333333,0.00041743508620147154,0.13186817581971957,1.3333333333333333,0.0072247782113533,0.5859147897028375,1.3333333333333333,0.004525376691222583,1.2725808140370418,1.3333333333333333,0.00043403575731023957,12.0,0.0,0.050000000003723476,0.12503963202683455,0.08090661185897181
0.436,2.0,120.00003078941432,0.09860531090013867,1.3333333333333335,0.007420472124612765,0.6218661982744419,1.3333333333333335,0.0043130059348934595,1.2870409695173475,1.3333333333333335,0.00034751180718985353,0.09861965736313673,1.3333333333333335,0.00742038570398047,0.6218650252527388,1.3333333333333335,0.004313013982771899,1.2870372620834716,1.3333333333333335,0.0003475340135704066,0.13457682864488746,1.3333333333333335,0.0072087909450816836,0.5927516716929632,1.3333333333333335,0.0044845112617829756,1.2841425267466593,1.3333333333333335,0.00036451511577775,12.000000000000002,0.0,0.0500000000034176,0.12503819142395098,0.08095693271196056
0.438,2.0,120.00003202034972,0.10065675981372864,1.3333333333333333,0.007408368134599168,0.6292661396603111,1.3333333333333333,0.004268802810353348,1.2986416204542925,1.3333333333333333,0.0002777541828959147,0.10067104851403244,1.3333333333333333,0.007408282055821179,0.6292651355969455,1.3333333333333333,0.0042688098484835665,1.2986379072656078,1.3333333333333333,0.0002777764274991701,0.13733011826867259,1.3333333333333333,0.007192539028130675,0.5996139651980285,1.3333333333333333,0.0044434899698422205,1.2956774610489394,1.3333333333333333,0.00029514483952004377,12.0,0.0,0.050000000003136785,0.1250366304412066,0.08100810327342041
0.44,2.0,120.00003327564433,0.10274275082586991,1.3333333333333333,0.007396059441117628,0.6366983246881093,1.3333333333333333,0.004224403162038133,1.3102149523267494,1.3333333333333333,0.0002081502772742443,0.10275698099488295,1.3333333333333333,0.007395973708915805,0.6366974902191259,1.3333333333333333,0.004224409186418326,1.3102112340060785,1.3333333333333333,0.0002081725564063528,0.14012857544098542,1.3333333333333333,0.007176019290387964,0.6065010989309171,1.3333333333333333,0.004402316208811829,1.3071839049639595,1.3333333333333333,0.00022593523370636293,12.0,0.0,0.05000000000287899,0.1250349438641572,0.08106013388425293
0.442,2.0,120.00003455554369,0.10486371104703031,1.3333333333333333,0.0073835434950447806,0.6441622372535338,1.3333333333333333,0.004179810051871344,1.3217592715829252,1.3333333333333333,0.00013871028603950285,0.1048778819346681,1.3333333333333333,0.007383458114030702,0.6441615729839929,1.3333333333333333,0.004179815058685244,1.3217555487601433,1.3333333333333333,0.0001387325959635284,0.14297273322189358,1.3333333333333333,0.0071592285473540875,0.6134124959171271,1.3333333333333333,0.004360993406414497,1.3186601523455703,1.3333333333333333,0.00015689657021624237,12.0,0.0,0.05000000000264234,0.12503312631099453,0.08111303492052972
0.444,2.0,120.00003586028788,0.10702006978056582,1.333333333333333,0.0073708177337178165,0.6516573554905842,1.333333333333333,0.004135026576478795,1.333272890680307,1.333333333333333,6.944437050244723e-05,0.10703418065538242,1.333333333333333,0.00737073270839199,0.6516568619945103,1.333333333333333,0.004135030562096041,1.333269163992211,1.333333333333333,6.946670743913818e-05,0.14586312689114397,1.333333333333333,0.007142163600668637,0.6203475735279599,1.333333333333333,0.004319525024497236,1.3301045031664003,1.333333333333333,8.803908592657628e-05,11.999999999999998,0.0,0.05000000000242509,0.12503117222858412,0.08116681679066656
0.446,2.0,120.00003719011302,0.10921225845686944,1.3333333333333333,0.0073578795813166046,0.6591831517954962,1.3333333333333333,0.004090055867056494,1.3447541283602045,1.3333333333333333,3.626559181570954e-07,0.10922630860617802,1.3333333333333333,0.007357794916067704,0.6591828296158369,1.3333333333333333,0.004090058828032938,1.3447503984503768,1.3333333333333333,3.850160467337993e-07,0.14880029385487814,1.3333333333333333,0.007124821238653136,0.6273057435157594,1.3333333333333333,0.004277914558832241,1.3415152638023415,1.3333333333333333,1.93729810015979e-05,12.0,0.0,0.05000000000222567,0.12502907588845605,0.08122148993248633
0.448,2.0,120.0000385452515,0.11144071056533232,1.3333333333333333,0.007344726449258784,0.6667390928525946,1.3333333333333333,0.0040449010892270225,1.356201309921501,1.3333333333333333,-6.852477016122727e-05,0.11145469929531968,1.3333333333333333,0.0073446421483629315,0.666738942501189,1.3333333333333333,0.004044903022304979,1.3561975774401736,1.3333333333333333,-6.850239070226128e-05,0.15178477354951123,1.3333333333333333,0.007107198236870732,0.63428641205121,1.3333333333333333,0.004236165538905443,1.3528907473164853,1.3333333333333333,-4.909158281404969e-05,12.0,0.0,0.05000000000204262,0.12502683138275097,0.08127706481016898
0.45,2.0,120.00003992593093,0.1137058615840964,1.3333333333333335,0.007331355736608007,0.674324639662065,1.3333333333333335,0.003999565442884433,1.3676127674935896,1.3333333333333335,-0.0001372078595290045,0.11371978821993145,1.3333333333333335,0.007331271804228084,0.6743246616196231,1.3333333333333335,0.003999566344992867,1.3676090330975026,1.3333333333333335,-0.00013718546464104041,0.15481710734274698,1.3333333333333335,0.007089291358702934,0.6412889797626974,1.3333333333333335,0.004194281527692741,1.3642292737424753,1.3333333333333335,-0.00011734448389891083,12.000000000000002,0.0,0.05000000000187459,0.12502443262012286,0.08133355191108536
0.452,2.0,120.00004133237451,0.11600814890757875,1.3333333333333333,0.007317764830495421,0.6819392475696437,1.3333333333333333,0.00395405216202761,1.3789868403084589,1.3333333333333333,-0.00020567660496153818,0.1160220127935148,1.3333333333333333,0.007317681270680411,0.6819394422857346,1.3333333333333333,0.003954052030282261,1.3789831046607168,1.3333333333333333,-0.000205654198585016,0.15789783843170205,1.3333333333333333,0.007071097355943519,0.6483128417777402,1.3333333333333333,0.004152266121423815,1.3755291703672485,1.3333333333333333,-0.00018537564245485206,12.0,0.0,0.05000000000172035,0.12502187332159984,0.08139096174251262
0.454,2.0,120.00004276480098,0.11834801177174901,1.3333333333333333,0.007303951106554527,0.6895823662982227,1.3333333333333333,0.003908364514582137,1.390321874971899,1.3333333333333333,-0.0002739210418507536,0.11836181227121972,1.3333333333333333,0.007303867923238911,0.6895827341912735,1.3333333333333333,0.003908363346285592,1.3903181387418246,1.3333333333333333,-0.00027389862796430145,0.1610275117381145,1.3333333333333333,0.0070526129694097875,0.6553573877664955,1.3333333333333333,0.004110122949333559,1.3867887720131287,1.3333333333333333,-0.00025317502220349166,12.0,0.0,0.05000000000157878,0.12501914701640546,0.08144930482822868
0.456,2.0,120.0000442234235,0.12072589117714237,1.3333333333333333,0.0072899119293695054,0.6972534399813671,1.3333333333333333,0.003862505802210664,1.4016162257337987,1.3333333333333333,-0.0003419312498313949,0.1207396276728514,1.3333333333333333,0.007289829126372681,0.6972539814386725,1.3333333333333333,0.003862503594852359,1.4016124895967839,1.3333333333333333,-0.00034190883245094827,0.16420667380061282,1.3333333333333333,0.007033834929571312,0.6624220019873434,1.3333333333333333,0.004067855673401026,1.3980064213192411,1.3333333333333333,-0.00032073263207877247,12.0,0.0,0.050000000001448844,0.12501624703774217,0.08150859170498315
0.458,2.0,120.00004570845209,0.12314222980959205,1.3333333333333333,0.007275644652937146,0.7049519071987418,1.3333333333333333,0.003816479360111797,1.4128682547575022,1.3333333333333333,-0.00040969735440279286,0.12315590170359618,1.3333333333333333,0.007275562233962891,0.7049526225764825,1.3333333333333333,0.003816476111367965,1.4128645193948557,1.3333333333333333,-0.0004096749375807036,0.16743587266402304,1.3333333333333333,0.007014759957196322,0.6695060633345534,1.3333333333333333,0.004025467988075939,1.4091804690222165,1.3333333333333333,-0.00038803852791544725,12.0,0.0,0.050000000001329585,0.12501316651853875,0.08156883291884194
0.46,2.0,120.0000472200918,0.1255974719586661,1.3333333333333333,0.007261146621142447,0.7126772010134401,1.3333333333333333,0.003770288556807549,1.4240763323881949,1.3333333333333333,-0.0004772095285450138,0.12561107867245178,1.3333333333333333,0.0072610645897784225,0.7126780906367125,1.3333333333333333,0.0037702842645411048,1.4240725984869878,1.3333333333333333,-0.0004771871163691346,0.17071565776569358,1.3333333333333333,0.006995384764015861,0.6766089453880373,1.3333333333333333,0.003982963619992679,1.4203092742361492,1.3333333333333333,-0.00045508281413329945,12.0,0.0,0.05000000000122013,0.12500989838716467,0.08163003902140341
0.462,2.0,120.00004875854084,0.12809206343379495,1.3333333333333333,0.007246415168248003,0.7204287490112102,1.3333333333333333,0.003723936793919359,1.4352388374202882,1.3333333333333333,-0.0005444579943291696,0.12810560440834826,1.3333333333333333,0.007246333527965289,0.720429813174065,1.3333333333333333,0.0037239314561797244,1.435235105673197,1.3333333333333333,-0.000544435590921927,0.1740465798188184,1.3333333333333333,0.006975706053405838,0.6837300164651875,1.3333333333333333,0.003940346327671776,1.4313912047317772,1.3333333333333333,-0.0005218556454168955,12.0,0.0,0.05000000000111966,0.1250064353631134,0.08169222056588293
0.464,2.0,120.00005032399645,0.13062645147807733,1.3333333333333333,0.00723144761939723,0.7282059733415712,1.3333333333333333,0.003677427505932738,1.446354157363774,1.3333333333333333,-0.0006114330245217299,0.13063992617394732,1.3333333333333333,0.007231366373549911,0.7282072123070626,1.3333333333333333,0.00367742112095561,1.4463504284689201,1.3333333333333333,-0.0006114106340391819,0.17742919069274138,1.3333333333333333,0.006955720521087089,0.6908686396748066,1.3333333333333333,0.0038976199012088746,1.442424637214849,1.3333333333333333,-0.0005883472283906635,12.0,0.0,0.050000000001027466,0.12500276995265672,0.0817553881030639
0.466,2.0,120.00005191664785,0.13320108467975375,1.3333333333333333,0.007216241291131536,0.736008290760811,1.3333333333333333,0.003630764159950572,1.4574206887095142,1.3333333333333333,-0.0006781249441826441,0.13321449257710893,1.3333333333333333,0.007216160442956316,0.736009704761056,1.3333333333333333,0.003630756726157624,1.4574169633703038,1.3333333333333333,-0.0006781025708135213,0.18086404329022596,1.3333333333333333,0.006935424855843551,0.6980241729731255,1.3333333333333333,0.00385478816195116,1.4534079576036443,1.3333333333333333,-0.0006545478232890947,12.0,0.0,0.05000000000094284,0.12499889444447387,0.0818195521771121
0.468,2.0,120.00005353668084,0.13581641288133797,1.3333333333333333,0.007200793491921477,0.743835112676857,1.3333333333333333,0.003583950255435134,1.4684368371934422,1.3333333333333333,-0.0007445241322570859,0.13582975348001594,1.3333333333333333,0.007200713044537347,0.7438367019131039,1.3333333333333333,0.0035839417714336637,1.4684331161183994,1.3333333333333333,-0.0007445017802218232,0.18435169142167662,1.3333333333333333,0.006914815740258644,0.7051959692219134,1.3333333333333333,0.003811854962161247,1.4643395613056105,1.3333333333333333,-0.0007204477456218662,12.0,0.0,0.05000000000086518,0.12499480090525716,0.08188472332125125
0.47000000000000003,2.0,120.00005518427722,0.1384728870863983,1.3333333333333333,0.007185101522711972,0.75168584519601,1.3333333333333333,0.003536989323938858,1.4794010180596358,1.3333333333333333,-0.0008106210231606537,0.13848615990594854,1.3333333333333333,0.007185021479119904,0.7516876098387176,1.3333333333333333,0.0035369797885213762,1.4793973019622377,1.3333333333333333,-0.0008105986967103971,0.18789268967629963,1.3333333333333333,0.006893889851469941,0.7123833762486786,1.3333333333333333,0.0037688241846685192,1.4752178534930838,1.3333333333333333,-0.0007860373678336634,12.0,0.0,0.0500000000007939,0.12499048117529785,0.08195091205329702
0.47200000000000003,2.0,120.00005685961315,0.14117095936398238,1.3333333333333333,0.0071691626774816105,0.7595598891715309,1.3333333333333333,0.0034898849288239396,1.4903116563222396,1.3333333333333333,-0.000876406108357815,0.14118416394370212,1.3333333333333333,0.0071690830405643086,0.7595618293604568,1.3333333333333333,0.0034898743409676938,1.4903079459207467,1.3333333333333333,-0.0008763838117734268,0.19148759329019346,1.3333333333333333,0.006872643861942202,0.719585736908959,1.3333333333333333,0.003725699742507928,1.4860412493780542,1.3333333333333333,-0.000851307120958503,12.0,0.0,0.050000000000728496,0.12498592686405506,0.08201812887104698
0.47400000000000003,2.0,120.00005856286099,0.1439110827506805,1.333333333333333,0.007152974243816105,0.7674566402540677,1.333333333333333,0.0034426406649708126,1.5011671870261998,1.333333333333333,-0.0009418699379334395,0.14392421864964344,1.333333333333333,0.0071528950163377856,0.7674587560983661,1.333333333333333,0.0034426290238372577,1.5011634830434855,1.333333333333333,-0.0009418476755244818,0.1951369580113604,1.333333333333333,0.0068510744402588385,0.7268023891507026,1.333333333333333,0.0036824855785462444,1.496808174485941,1.333333333333333,-0.0009162474962683267,11.999999999999998,0.0,0.05000000000066847,0.1249811293457112,0.08208638424752411
0.47600000000000003,2.0,120.00006029418978,0.14669371115032395,1.3333333333333333,0.007136533503495917,0.7753754889439111,1.3333333333333333,0.0033952601584755935,1.5119660555067829,1.3333333333333333,-0.001007003122157199,0.14670677794740203,1.3333333333333333,0.007136454688102139,0.7753777805222415,1.3333333333333333,0.003395247463409803,1.5119623586701603,1.3333333333333333,-0.0010069808982609131,0.19884133996163345,1.3333333333333333,0.006829178251931837,0.7340326660807366,1.3333333333333333,0.003639185665095784,1.5075170649283398,1.3333333333333333,-0.000980849046915646,12.0,0.0,0.05000000000061339,0.12497607975471732,0.08215568862607131
0.47800000000000004,2.0,120.00006205376246,0.1495192992313166,1.3333333333333333,0.007119837733098056,0.7833158206450666,1.3333333333333333,0.0033477470663365334,1.5227067176478455,1.3333333333333333,-0.0010717963330406977,0.1495322965251946,1.3333333333333333,0.007119759332315587,0.7833182880057105,1.3333333333333333,0.0033477333168665507,1.5227030286888927,1.3333333333333333,-0.0010717741520209622,0.20260129549551423,1.3333333333333333,0.006806951960230199,0.741275896033322,1.3333333333333333,0.00359580400351558,1.518166367674703,1.3333333333333333,-0.0010451023895700394,12.0,0.0,0.05000000000056284,0.1249707689813319,0.08222605241529442
0.48,2.0,120.00006384173926,0.15238830232159994,1.3333333333333335,0.007102884204612102,0.7912770157211276,1.3333333333333335,0.0033001050761296015,1.5333876401388233,1.3333333333333335,-0.0011362403058870721,0.15240122973078302,1.3333333333333335,0.007102806220848834,0.7912796588821157,1.3333333333333335,0.003300090271965738,1.5333839597932073,1.3333333333333335,-0.0011362181721333556,0.20641738105592056,1.3333333333333335,0.006784392227026915,0.7485314026407932,1.3333333333333335,0.003552344623800069,1.5287545408229153,1.3333333333333335,-0.0011089982060482173,12.000000000000002,0.0,0.05000000000051645,0.12496518766715727,0.08229748598385152
0.482,2.0,120.00006565827653,0.15530117630125306,1.3333333333333333,0.0070856701860704,0.7992584495529369,1.3333333333333333,0.003252337905673234,1.544007300730408,1.3333333333333333,-0.0012003258408329405,0.15531403346406691,1.3333333333333333,0.007085592621615302,0.7992612685021849,1.3333333333333333,0.0032523220467073053,1.544003629737706,1.3333333333333333,-0.0012003037587592442,0.2102901530268434,1.3333333333333333,0.006761495713664477,0.7557985049062785,1.3333333333333333,0.0035088115841552404,1.5392800538687248,1.3333333333333333,-0.0011725272449374922,12.0,0.0,0.05000000000047388,0.12495932620067719,0.08236999965508597
0.484,2.0,120.00006750352713,0.15825837749273083,1.3333333333333333,0.007068192942192481,0.807259492598019,1.3333333333333333,0.003204449302682378,1.5545641884888788,1.3333333333333333,-0.0012640438043824487,0.15827116406731478,1.3333333333333333,0.007068115799215597,0.8072624872934735,1.3333333333333333,0.00320443238898689,1.5545605275923982,1.3333333333333333,-0.0012640217784262364,0.21422016758291626,1.3333333333333333,0.006738259081838938,0.7630765172785005,1.3333333333333333,0.0034652089705623284,1.5497413879739892,1.3333333333333333,-0.0012356803232123493,12.0,0.0,0.050000000000434815,0.12495317471280021,0.0824436037015008
0.486,2.0,120.0000693776405,0.1612603625487458,1.3333333333333333,0.007050449735043615,0.8152795104517707,1.3333333333333333,0.0031564430444118857,1.565056804049055,1.3333333333333333,-0.0013273851309332733,0.1612730782130385,1.3333333333333333,0.007050373015596112,0.8152826808215633,1.3333333333333333,0.0031564250762391587,1.565053153995652,1.3333333333333333,-0.0013273631655543894,0.21820798053590176,1.3333333333333333,0.006714678994502502,0.7703647497286508,1.3333333333333333,0.003421540896328997,1.5601370362336948,1.3333333333333333,-0.0012984483278439356,12.0,0.0,0.05000000000039897,0.12494672307241268,0.08251830833907259
0.488,2.0,120.00024713952882,0.16432010484806414,1.3333333333333333,0.007032437824707524,0.8234703216228493,1.3333333333333333,0.003108322937289375,1.5748694761068993,1.3333333333333333,-0.00139034082429433,0.16433274569149578,1.3333333333333333,0.007032361530721769,0.8234736336578434,1.3333333333333333,0.0031083039150706197,1.5748659769718865,1.3333333333333333,-0.0013903189239739128,0.22225414717810277,1.3333333333333333,0.006690752116784588,0.7776625078293382,1.3333333333333333,0.003377811501628095,1.5704655039417086,1.3333333333333333,-0.0013608222174021694,12.0,0.0,0.05000000000036608,0.12493991327438964,0.08259458832416837
0.49,2.0,120.00023206734636,0.16746157807632817,1.3333333333333333,0.007014079370911614,0.8321088718003078,1.3333333333333333,0.003059178070262904,1.5828800504330813,1.3333333333333333,-0.0014492168566413964,0.16747414066898347,1.3333333333333333,0.007014003525851025,0.8321122958442652,1.3333333333333333,0.0030591581980529393,1.582876824378127,1.3333333333333333,-0.0014491958618313193,0.22639335838110644,1.3333333333333333,0.006666475116931383,0.7852669949981685,1.3333333333333333,0.00333402495302397,1.5794926945608938,1.3333333333333333,-0.001422793023650252,12.0,0.0,0.0500000000003359,0.12493272715911517,0.0826725065528807
0.492,2.0,120.00021513339138,0.17068169615023632,1.3333333333333333,0.006995230531542031,0.8411359539034875,1.3333333333333333,0.003007346769198153,1.5893187452528759,1.3333333333333333,-0.0014972803025984885,0.17069418078567009,1.3333333333333333,0.0069951551559860985,0.8411394949301279,1.3333333333333333,0.0030073262249344086,1.5893157720218034,1.3333333333333333,-0.0014972609462687628,0.23063931522006473,1.3333333333333333,0.006641639849713361,0.7932784283075163,1.3333333333333333,0.003288398030010988,1.5867942634386236,1.3333333333333333,-0.0014769561673653633,12.0,0.0,0.05000000000030821,0.12492510540100114,0.08275251534224382
0.494,2.0,120.00020112843396,0.17397733221238929,1.3333333333333333,0.006975909823098581,0.8504933248534042,1.3333333333333333,0.0029531842765790745,1.5944121523924075,1.3333333333333333,-0.0015359124715172558,0.17398973917032423,1.3333333333333333,0.006975834915285979,0.8504969874743692,1.3333333333333333,0.0029531630304192326,1.5944094131094475,1.3333333333333333,-0.0015358946321308209,0.2349873791232066,1.3333333333333333,0.006616164108679611,0.8016346081749465,1.3333333333333333,0.003240329430154902,1.5926168765119435,1.3333333333333333,-0.0015207655806317422,12.0,0.0,0.0500000000002828,0.12491705899067189,0.08283436680341584
0.496,2.0,120.00018955898562,0.17734582958295408,1.3333333333333333,0.006956136006725664,0.8601299827755519,1.3333333333333333,0.002897040050879574,1.5983579836992128,1.3333333333333333,-0.0015664729143544456,0.17735815913213215,1.3333333333333333,0.006956061564978054,0.860133771258748,1.3333333333333333,0.0028970180751537846,1.5983554607898662,1.3333333333333333,-0.0015664564786566856,0.23943358399066977,1.3333333333333333,0.006590075725260759,0.8102810458792749,1.3333333333333333,0.003190192350950321,1.5971758681028305,1.3333333333333333,-0.0015557012590716615,12.0,0.0,0.050000000000259476,0.12490857958081833,0.08291799951420734
0.498,2.0,120.00018002851749,0.18078493683294022,1.3333333333333333,0.006935925022502276,0.8700013125932089,1.3333333333333333,0.0028392201033466884,1.6013285139814455,1.3333333333333333,-0.0015901479021952771,0.1807971892335533,1.3333333333333333,0.006935851045207208,0.8700052308808593,1.3333333333333333,0.0028391973724475115,1.6013261910958985,1.3333333333333333,-0.001590132764739198,0.24397454412688085,1.3333333333333333,0.006563398496055981,0.8191700514342799,1.3333333333333333,0.0031383137247243506,1.6006589925640708,1.3333333333333333,-0.0015830552086169836,12.0,0.0,0.050000000000238076,0.12489965757947065,0.08300336035565742
0.5,2.0,120.00017221611552,0.18429275288500258,1.3333333333333333,0.006915290379002358,0.8800683269832804,1.3333333333333333,0.002779992124440746,1.603473630407264,1.3333333333333333,-0.0016079710838886735,0.18430492839078247,1.3333333333333333,0.006915216864598679,0.880072378709553,1.3333333333333333,0.0027799686147148435,1.6034714923465847,1.3333333333333333,-0.0016079571465753913,0.24860737675838196,1.3333333333333333,0.006536152735238715,0.8282599288749265,1.3333333333333333,0.00308497969139432,1.6032297218672409,1.3333333333333333,-0.0016039539553844256,12.0,0.0,0.050000000000218446,0.12489028231361826,0.08309040351232519
0.502,2.0,120.00016586025836,0.1878676803485451,1.333333333333333,0.006894243482689984,0.8902969926881892,1.333333333333333,0.002719590038100316,1.6049235320640842,1.333333333333333,-0.0016208417824435863,0.1878797792085765,1.333333333333333,0.006894170429655303,0.8903011811963029,1.333333333333333,0.00271956572774268,1.6049215647093666,1.333333333333333,-0.00162082895407951,0.25332963599586666,1.333333333333333,0.006508355739449706,0.8375142614300247,1.333333333333333,0.0030304404267504394,1.6050301655278358,1.333333333333333,-0.0016193783312034471,11.999999999999998,0.0,0.05000000000020043,0.12488044216051754,0.08317908960005098
0.504,2.0,120.00016074638728,0.19150838565351755,1.3333333333333333,0.006872793917908729,0.9006576331274581,1.3333333333333333,0.0026582180438708644,1.6057911186259741,1.3333333333333333,-0.0016295411923845059,0.19152040811382484,1.3333333333333333,0.006872721324748541,0.9006619614861933,1.3333333333333333,0.0026581929128221826,1.6057893088705375,1.3333333333333333,-0.0016295293882562004,0.25813925625933426,1.3333333333333333,0.006480022184024799,0.8469012771938321,1.3333333333333333,0.002974914431419851,1.6061836548634236,1.3333333333333333,-0.0016301809931670156,12.0,0.0,0.050000000000183904,0.12487012465291288,0.08326938490117089
0.506,2.0,120.0001566973128,0.19521376482823674,1.3333333333333333,0.0068509496860788945,0.9111243991332709,1.3333333333333333,0.002596054201235251,1.6061741028345873,1.3333333333333333,-0.0016347467117558453,0.19522571113318463,1.3333333333333333,0.00685087755131705,0.9111288701528327,1.3333333333333333,0.00259602823108284,1.6061724385192897,1.3333333333333333,-0.0016347358532232256,0.2630345035750957,1.3333333333333333,0.006451164462443993,0.8563932867828971,1.3333333333333333,0.002918592336837007,1.6067970290095708,1.3333333333333333,-0.0016371019291805422,12.0,0.0,0.05000000000016874,0.12485931656322966,0.0833612606909865
0.508,2.0,120.00015356575929,0.19898291398823645,1.3333333333333335,0.00682871741103058,0.9216748004451238,1.3333333333333335,0.0025332536052003756,1.6061568777108657,1.3333333333333335,-0.0016370446170075228,0.19899478438177615,1.3333333333333335,0.006828645733200894,0.9216794166923234,1.3333333333333335,0.0025332267790830047,1.606155347562556,1.3333333333333335,-0.0016370346311157375,0.26801393345949065,1.3333333333333335,0.006421792978549427,0.8659661852800029,1.3333333333333335,0.0028616402793026187,1.6069626560368293,1.3333333333333335,-0.0016407821740574238,12.000000000000002,0.0,0.05000000000015482,0.12484800397084815,0.0834546926422779
0.51,2.0,120.00015122853627,0.2028151037787762,1.3333333333333333,0.006806102516070581,0.9322892913412973,1.3333333333333333,0.0024699511973292564,1.605812166033177,1.3333333333333333,-0.0016369412662651946,0.2028268985055624,1.3333333333333333,0.006806031293709343,0.932294055154032,1.3333333333333333,0.002469923499846059,1.605810759606272,1.3333333333333333,-0.0016369320853753368,0.27307635434580346,1.3333333333333333,0.006391916399243055,0.8755990115219381,1.3333333333333333,0.0028042028883199822,1.6067602188684438,1.3333333333333333,-0.0016417759362209762,12.0,0.0,0.05000000000014206,0.12483617231579473,0.08354966029700014
0.512,2.0,120.00014958195712,0.2067097571533197,1.3333333333333333,0.006783109377327343,0.942950904462153,1.3333333333333333,0.0024062642519522156,1.6052024765994717,1.3333333333333333,-0.0016348729961990626,0.20672147645971792,1.3333333333333333,0.006783038608966625,0.9429558179631761,1.3333333333333333,0.002406235669075808,1.6052011842206226,1.3333333333333333,-0.0016348645576376329,0.2782207957025045,1.3333333333333333,0.006361541873925179,0.8852735584819743,1.3333333333333333,0.002746405930868371,1.6062582924462432,1.3333333333333333,-0.0016405613132106632,12.0,0.0,0.05000000000013035,0.12482380644155709,0.08364614659616763
0.514,2.0,120.00014853821507,0.21066642998179666,1.3333333333333333,0.006759741457080082,0.9536449274957998,1.3333333333333333,0.0023422945732270817,1.6043813890979028,1.3333333333333333,-0.0016312148595968305,0.21067807411679632,1.3333333333333333,0.006759671141241693,0.9536499926057819,1.3333333333333333,0.002342265092220943,1.6043802018136923,1.3333333333333333,-0.0016312071053237362,0.28344648014362633,1.3333333333333333,0.006330675225784973,0.8949740291330023,1.3333333333333333,0.0026883586491081536,1.605515735689907,1.3333333333333333,-0.0016375497546774595,12.0,0.0,0.0500000000001196,0.12481089062921823,0.08374413746041903
0.516,2.0,120.00014802251036,0.21468479407179134,1.3333333333333333,0.00673600142010922,0.9643586179544936,1.3333333333333333,0.002278130435025201,1.6033946870076363,1.3333333333333333,-0.0016262883345874175,0.21469636328783684,1.3333333333333333,0.006735931555299221,0.9643638364043832,1.3333333333333333,0.0022781000443653082,1.6033935965352306,1.3333333333333333,-0.0016262812108821544,0.28875279895427153,1.3333333333333333,0.006299321119138242,0.9046867327558668,1.3333333333333333,0.002630155825201986,1.6045829192052818,1.3333333333333333,-0.0016330944141394427,12.0,0.0,0.05000000000010974,0.12479740862468662,0.08384362141495022
0.518,2.0,120.00014797075607,0.2187646222576255,1.3333333333333333,0.006711891235569252,0.9750809517744194,1.3333333333333333,0.002213848292273038,1.6022813558083997,1.3333333333333333,-0.0016203681220458184,0.21877611681137454,1.3333333333333333,0.006711821820272978,0.9750863251171168,1.3333333333333333,0.0022138169815737008,1.6022803544890682,1.3333333333333333,-0.0016203615792113842,0.2941392905524514,1.3333333333333333,0.006267483206274371,0.9143998171827977,1.3333333333333333,0.002571879603464799,1.6035028073874358,1.3333333333333333,-0.0016274975152316916,12.0,0.0,0.05000000000010069,0.12478334366046011,0.08394458925346919
0.52,2.0,120.00014851039353,0.22290577527026126,1.3333333333333333,0.006687412266454248,0.9858024019264345,1.3333333333333333,0.002149514289353483,1.6010744618660546,1.3333333333333333,-0.0016136881348503987,0.22291719542327795,1.3333333333333333,0.006687343299131752,0.9858079315477989,1.3333333333333333,0.0021494820492972988,1.6010735426214573,1.3333333333333333,-0.00161368212693441,0.29960562148772335,1.3333333333333333,0.006235164256685292,0.9241030329414883,1.3333333333333333,0.002513601096903213,1.6023119115039175,1.3333333333333333,-0.001621016844324615,12.0,0.0,0.050000000000092394,0.12476867847308566,0.08404703373661272
0.522,2.0,120.00015202031113,0.2271083081968685,1.3333333333333333,0.0066625653483784325,0.9965159067149606,1.3333333333333333,0.0020851855884413922,1.5997971781545035,1.3333333333333333,-0.0016064467711963282,0.22711965407270304,1.3333333333333333,0.0066624968274603315,0.9965215927719939,1.3333333333333333,0.0020851524107132063,1.5997963389331349,1.3333333333333333,-0.0016064412557287443,0.3051516050098458,1.3333333333333333,0.006202366271073659,0.9337877804432175,1.3333333333333333,0.0024553818023510697,1.601040057068186,1.3333333333333333,-0.0016138714690235054,12.0,0.0,0.05000000000008478,0.1247533946383884,0.08415095342336197
0.524,2.0,120.00015557494285,0.23137270369368138,1.3333333333333333,0.006637350150818788,1.0072189805363003,1.3333333333333333,0.002020904559710236,1.5984541132684411,1.3333333333333333,-0.0015987830689270215,0.2313839753584881,1.3333333333333333,0.006637282075563782,1.0072248225970344,1.3333333333333333,0.002020870443368036,1.598453354385093,1.3333333333333333,-0.0015987780335988099,0.3107775811474198,1.3333333333333333,0.0061690903699409255,0.9434497187932074,1.3333333333333333,0.0023972733173406946,1.5996993595029556,1.3333333333333333,-0.0016062403424091163,12.0,0.0,0.05000000000007779,0.12473747246393102,0.08425635279159582
0.526,2.0,120.00015916837802,0.23569952931418023,1.3333333333333333,0.006611763777837911,1.017910114901574,1.3333333333333333,0.0019566861167821976,1.597045934201712,1.3333333333333333,-0.0015907246796106472,0.23571072685154276,1.3333333333333333,0.006611696147849071,1.0179161125142817,1.3333333333333333,0.0019566510644177934,1.597045255960314,1.3333333333333333,-0.0015907201263105583,0.31648424529368857,1.3333333333333333,0.006135334513115481,0.9530872536148649,1.3333333333333333,0.0023393016872407554,1.5982904642413012,1.3333333333333333,-0.0015981961570177342,12.0,0.0,0.050000000000071376,0.12472089086970146,0.08436324254861952
0.528,2.0,120.00016279676883,0.2400893418958678,1.3333333333333333,0.006585802824114919,1.0285878077412154,1.3333333333333333,0.0018925393105905563,1.5955733199136446,1.3333333333333333,-0.0015822756052102727,0.2401004654065262,1.3333333333333333,0.006585735638890743,1.0285939604347933,1.3333333333333333,0.0018925033249143092,1.5955727226071628,1.3333333333333333,-0.001582271535761885,0.322272280055575,1.3333333333333333,0.006101094528237868,0.9626987976558462,1.3333333333333333,0.0022814764783108104,1.596814029825395,1.3333333333333333,-0.0015897427854478074,12.0,0.0,0.0500000000000655,0.12470362864643135,0.0844716316107223
0.53,2.0,120.00016645683351,0.24454268757423211,1.3333333333333333,0.006559463948624793,1.0392505634484905,1.3333333333333333,0.0018284731535527072,1.5940369611993632,1.3333333333333333,-0.001573439919481868,0.244553737175804,1.3333333333333333,0.0065593972075608424,1.039256870732843,1.3333333333333333,0.0018284362373912396,1.5940364451097027,1.3333333333333333,-0.001573436335642977,0.32814235479989995,1.3333333333333333,0.006066366319666549,0.9722827711874897,1.3333333333333333,0.0022238072140649224,1.5952707278358835,1.3333333333333333,-0.0015808841789523706,12.0,0.0,0.0500000000000601,0.12468566420609069,0.08458152854262874
0.532,2.0,120.00017014576343,0.2490601017373088,1.333333333333333,0.006532743874554606,1.0498968929710686,1.333333333333333,0.001764496619309055,1.5924375605639907,1.333333333333333,-0.0015642217671961811,0.24907107756400507,1.333333333333333,0.0065326775769451745,1.0499033543374923,1.333333333333333,0.0017644587756029408,1.5924371259619023,1.333333333333333,-0.0015642186706582178,0.33409512520071294,1.333333333333333,0.006031145871200599,0.981837602401319,1.333333333333333,0.00216630337287506,1.5936612428202106,1.333333333333333,-0.001571624367015303,11.999999999999998,0.0,0.050000000000055146,0.12466697556899793,0.08469294152441992
0.534,2.0,120.0001738611482,0.2536421089328377,1.3333333333333333,0.006505639389576146,1.0605253139405264,1.3333333333333333,0.001700618642173588,1.59077583209982,1.3333333333333333,-0.0015546253633839445,0.25365301113517236,1.3333333333333333,0.006505573534615969,1.0605319288620967,1.3333333333333333,0.001700579873975046,1.590775479244811,1.3333333333333333,-0.0015546227557714145,0.34013123279104446,1.3333333333333333,0.005995429248795722,0.9913617278002155,1.3333333333333333,0.0021089743855920856,1.5919862722194456,1.3333333333333333,-0.001561967456921264,12.0,0.0,0.05000000000005061,0.12464754035350958,0.08480587832151691
0.536,2.0,120.00017760091393,0.2582892227378201,1.3333333333333333,0.006478147346402973,1.0711343508315645,1.3333333333333333,0.0016368481163568413,1.5890525013656824,1.3333333333333333,-0.0015446549925989205,0.2583000514823148,1.3333333333333333,0.006478081933188965,1.0711411187635218,1.3333333333333333,0.0016368084268274196,1.5890522305059311,1.3333333333333333,-0.0015446528754688665,0.3462513045194355,1.3333333333333333,0.005959212603253734,1.0008535925842097,1.3333333333333333,0.002051829633198707,1.590246526293474,1.3333333333333333,-0.0015519176333166737,12.0,0.0,0.05000000000004644,0.12462733576792158,0.08492034625715761
0.538,2.0,120.00018136327446,0.2630019455985015,1.3333333333333335,0.00645026466357308,1.0817225351442588,1.3333333333333335,0.0015731938950106139,1.5872683052678576,1.3333333333333335,-0.0015343150081940937,0.26301270106738445,1.3333333333333335,0.006450199691106112,1.0817294555243948,1.3333333333333335,0.00157315328741887,1.5872681166401326,1.3333333333333335,-0.001534313383035586,0.35245595231159704,1.3333333333333335,0.005922492172883388,1.0103116510308494,1.3333333333333335,0.001994878444494743,1.5884427280444058,1.3333333333333335,-0.001541479157760843,12.000000000000002,0.0,0.050000000000042615,0.12460633860428151,0.08503635218690547
0.54,2.0,120.0001851466895,0.26778076864735195,1.3333333333333333,0.00642198832640899,1.0922884056039284,1.3333333333333333,0.001509664789134447,1.5854239919419628,1.3333333333333333,-0.0015236098316071458,0.2677914510382521,1.3333333333333333,0.006421923793595693,1.092295477852973,1.3333333333333333,0.0015096232668536306,1.5854238857715464,1.3333333333333333,-0.0015236086998407959,0.3587457726375492,1.3333333333333333,0.005885264286130417,1.0197343668701149,1.3333333333333333,0.001938130093814903,1.5865756131380542,1.3333333333333333,-0.0015306563682664352,12.0,0.0,0.0500000000000391,0.12458452523386725,0.0851539024748159
0.542,2.0,120.00018894983646,0.27262617150243573,1.3333333333333333,0.0063933153881158885,1.102830508374222,1.3333333333333333,0.0014462695663764293,1.5835203206353488,1.3333333333333333,-0.0015125439516517774,0.27263678102807126,1.3333333333333333,0.006393251293770486,1.1028377318962297,1.3333333333333333,0.0014462271328821617,1.5835202971359643,1.3333333333333333,-0.0015125433146292787,0.3651213460845859,1.3333333333333333,0.005847525364174704,1.0291202136538553,1.3333333333333333,0.0018815937987793103,1.5846459298233342,1.3333333333333333,-0.0015194536788283256,12.0,0.0,0.05000000000003589,0.12456187160413282,0.08527300297095727
0.544,2.0,120.00019277158427,0.2775386220535959,1.3333333333333333,0.006364242970985385,1.1133473972798575,1.3333333333333333,0.0013830169497546674,1.5815580615895823,1.3333333333333333,-0.001501121923812093,0.2775491589414588,1.3333333333333333,0.006364179313831572,1.113354771462592,1.3333333333333333,0.0013829736086226215,1.5815581209633272,1.3333333333333333,-0.0015011217828157864,0.37158323693640827,1.3333333333333333,0.005809271923492484,1.0384676751197368,1.3333333333333333,0.0018252787180768678,1.5826544388494288,1.3333333333333333,-0.0015078755789400056,12.0,0.0,0.050000000000032935,0.12453835323696026,0.0853936589900426
0.546,2.0,120.00019661097039,0.28251857623909776,1.333333333333333,0.006334768267678422,1.123837634036122,1.333333333333333,0.001319915616320853,1.5795379959226636,1.333333333333333,-0.0014893483695374958,0.2825290407311331,1.333333333333333,0.006334705046351246,1.123845158251441,1.333333333333333,0.0013198713712244464,1.5795381383599458,1.333333333333333,-0.0014893487257799647,0.3781319927587646,1.333333333333333,0.005770500578381549,1.0477752455496914,1.333333333333333,0.0017691939492815775,1.5806019133805693,1.333333333333333,-0.0014959266330965746,11.999999999999998,0.0,0.05000000000003023,0.12451394522808712,0.08551587529097472
0.548,2.0,120.00020046718788,0.2875664778157323,1.3333333333333333,0.0063048885425654125,1.1342997884827968,1.3333333333333333,0.0012569741957832675,1.57746091551066,1.3333333333333333,-0.0014772279755359823,0.28757687016801375,1.3333333333333333,0.0063048257556132005,1.134307462087035,1.3333333333333333,0.0012569290504913532,1.5774611411901396,1.3333333333333333,-0.0014772288301596755,0.3847681439919313,1.3333333333333333,0.005731208043447412,1.0570414301228723,1.3333333333333333,0.0017133485267018514,1.5784891389082742,1.3333333333333333,-0.0014836114802834165,12.0,0.0,0.05000000000002775,0.12448862224760412,0.08563965605714731
0.55,2.0,120.00020433957133,0.2926827581248618,1.3333333333333333,0.006274601133105606,1.144732438820612,1.3333333333333333,0.0011942012691032189,1.5753276228684814,1.3333333333333333,-0.0014647654930639606,0.29269307860726274,1.3333333333333333,0.0062745387789919175,1.1447402611549626,1.3333333333333333,0.0011941552274777893,1.5753279319570161,1.3333333333333333,-0.0014647668471408379,0.3914922035503641,1.3333333333333333,0.005691391136048412,1.0662647452631218,1.3333333333333333,0.0016577514192627656,1.5763169131608903,1.3333333333333333,-0.001470934833449646,12.0,0.0,0.05000000000002547,0.12446235854143889,0.08576500487737607
0.552,2.0,120.0002082275882,0.2978678358564625,1.3333333333333335,0.006243903451250831,1.1551341718487067,1.3333333333333335,0.0011316053670763293,1.5731389310295487,1.3333333333333335,-0.0014519657372108873,0.29787808475232364,1.3333333333333335,0.0062438415283564246,1.1551421422396007,1.3333333333333335,0.001131558433070225,1.5731393236821454,1.3333333333333335,-0.001451967591742096,0.3983046664298436,1.3333333333333335,0.005651046778697817,1.0754437189809662,1.3333333333333335,0.0016024115284212703,1.5740860460102803,1.3333333333333335,-0.0014579014789653409,12.000000000000002,0.0,0.05000000000002338,0.1244351279337579,0.08589192472735996
0.554,2.0,120.00021213082856,0.30312211681287293,1.3333333333333333,0.006212792984861224,1.1655035832018632,1.3333333333333333,0.0010691949689077595,1.570895663424138,1.3333333333333333,-0.0014388335861772927,0.30313229441866624,1.3333333333333333,0.0062127314914860576,1.165511700961346,1.3333333333333333,0.0010691471465623956,1.5708961397839072,1.3333333333333333,-0.0014388359420928728,0.40520600932243417,1.3333333333333333,0.005610172001420939,1.0845768912101614,1.3333333333333333,0.001547337686114202,1.5717973593755015,1.3333333333333333,-0.0014445162760616825,12.0,0.0,0.050000000000021465,0.1244069038302334,0.08602041795159428
0.556,2.0,120.0002160490015,0.3084459936736727,1.3333333333333333,0.006181267299122761,1.175839277586526,1.3333333333333333,0.0010069785007888203,1.5685986537561956,1.3333333333333333,-0.0014253739805448285,0.30845610029866233,1.3333333333333333,0.006181206233488002,1.1758475420126329,1.3333333333333333,0.0010069297942319232,1.5685992139543117,1.3333333333333333,-0.0014253768387034436,0.4121966902395702,1.3333333333333333,0.005568763944065395,1.0936628141388118,1.3333333333333333,0.001492538652739031,1.5694516871233184,1.3333333333333333,-0.0014307841562530093,12.0,0.0,0.05000000000001971,0.12437765922213244,0.08615048624567465
0.558,2.0,120.00021998192935,0.3138398457628845,1.3333333333333333,0.0061493240379579634,1.1861398690148166,1.3333333333333333,0.0009449643344808432,1.5662487458784446,1.3333333333333333,-0.0014115919225371738,0.31384988172878453,1.3333333333333333,0.006149263398208026,1.1861482793919433,1.3333333333333333,0.0009449147479242024,1.5662493900341108,1.3333333333333333,-0.0014115952837258706,0.41927714814357514,1.3333333333333333,0.005526819858562578,1.1027000525350952,1.3333333333333333,0.0014380231151671285,1.567049874965397,1.3333333333333333,-0.0014167101227399107,12.0,0.0,0.05000000000001809,0.12434736669119534,0.08628213063894538
0.56,2.0,120.00022392954443,0.3193040388195025,1.3333333333333333,0.006116960925422692,1.1964039810359106,1.3333333333333333,0.0008831607859110999,1.5638467936656162,1.3333333333333333,-0.0013974924752706683,0.3193140044601323,1.3333333333333333,0.0061169007096272925,1.196412536635183,1.3333333333333333,0.0008831103236483396,1.5638475218860335,1.3333333333333333,-0.0013974963402046652,0.4264478025879158,1.3333333333333333,0.0054843371111385495,1.1116871840676292,1.3333333333333333,0.0013837996847894285,1.5645927803520256,1.3333333333333333,-0.0014022992497923822,12.0,0.0,0.05000000000001661,0.12431599841527737,0.08641535147745744
0.562,2.0,120.00022789188415,0.3248389247721943,1.3333333333333333,0.006084175767082985,1.2066302469642791,1.3333333333333333,0.0008215761137845359,1.5613936608856478,1.3333333333333333,-0.0013830807619936976,0.3248488204331315,1.3333333333333333,0.0060841159732392056,1.2066389470439174,1.3333333333333333,0.0008215247801889017,1.561394473265989,1.3333333333333333,-0.0013830851313162014,0.4337090533664845,1.3333333333333333,0.005441313184472505,1.1206227996205176,1.3333333333333333,0.0013298768955942242,1.5620812723622144,1.3333333333333333,-0.0013875566821121544,12.0,0.0,0.05000000000001525,0.12428352617473415,0.0865501484072111
0.5640000000000001,2.0,120.00023186909341,0.3304448415188962,1.3333333333333333,0.006050966451366833,1.2168173101043984,1.3333333333333333,0.0007602185182143249,1.5588902210687077,1.3333333333333333,-0.0013683619653138872,0.33045466755712744,1.3333333333333333,0.006050907077401211,1.216826153910079,1.3333333333333333,0.0007601663177364953,1.558891117692096,1.3333333333333333,-0.0013683668395959346,0.4410612801721963,1.3333333333333333,0.005397745679801093,1.1295055036031179,1.3333333333333333,0.0012762632022768942,1.559516231590022,1.3333333333333333,-0.0013724876341732867,12.0,0.0,0.050000000000014,0.12424992135953575,0.0866865203576663
0.5660000000000001,2.0,120.00023586141711,0.3361221127119154,1.3333333333333333,0.006017330950886623,1.2269638239716225,1.3333333333333333,0.0006990961393736091,1.5563373573739099,1.3333333333333333,-0.0013533413264122465,0.3361318694954854,1.3333333333333333,0.006017271994657235,1.2269728107368367,1.3333333333333333,0.000699043076539525,1.5563383383114024,1.3333333333333333,-0.001353346706152577,0.4485048422651805,1.3333333333333333,0.005353632318966822,1.1383339142545772,1.3333333333333333,0.0012229669783812925,1.5568985500269674,1.3333333333333333,-0.0013570973895401322,12.0,0.0,0.050000000000012854,0.1242151549770981,0.0868244655255102
0.5680000000000001,2.0,120.00023986920175,0.34187104754906644,1.3333333333333333,0.005983267323728507,1.2370684525089837,1.3333333333333333,0.0006382170561702645,1.5537359624535945,1.3333333333333333,-0.0013380241442434598,0.3418807354567258,1.3333333333333333,0.005983208783027088,1.23707758145539,1.3333333333333333,0.0006381631355789792,1.5537370277641696,1.3333333333333333,-0.001338030029868415,0.45604007815083797,1.3333333333333333,0.005308970946408917,1.1471066639431824,1.3333333333333333,0.0011699965144725364,1.5542291309403822,1.3333333333333333,-0.001341391300161805,12.0,0.0,0.050000000000011806,0.12417919766082376,0.08696398135867701
0.5700000000000001,2.0,120.0002438928936,0.3476919405712968,1.3333333333333333,0.0059487737147056,1.2471298702997395,1.3333333333333333,0.0005775892849460975,1.551086938315055,1.3333333333333333,-0.0013224157747215672,0.3477015599921484,1.3333333333333333,0.005948715587259645,1.2471391406375139,1.3333333333333333,0.0005775345112676593,1.5510880880456046,1.3333333333333333,-0.0013224221665850179,0.4636673052680265,1.3333333333333333,0.005263759531094972,1.1558223994605736,1.3333333333333333,0.0011173600163409052,1.5515088887475657,1.3333333333333333,-0.0013253747856422934,12.0,0.0,0.05000000000001084,0.12414201967934595,0.08710506454062009
0.5720000000000001,2.0,120.00024793303749,0.35358507146719587,1.3333333333333333,0.005913848356572219,1.2571467627755384,1.3333333333333333,0.0005172207782015623,1.548391196179602,1.3333333333333333,-0.0013065216298903302,0.3535946228003405,1.3333333333333333,0.0059137906400471086,1.257156173703719,1.3333333333333333,0.0005171651561749164,1.5483924303649286,1.3333333333333333,-0.0013065285282736281,0.4713868196876298,1.3333333333333333,0.005217996168391841,1.1644797823108735,1.3333333333333333,0.0010650656032365577,1.548738748885611,1.3333333333333333,-0.0013090533324853944,12.0,0.0,0.05000000000000996,0.1241035909464719,0.0872477109748388
0.5740000000000001,2.0,120.00025199027512,0.3595507048847313,1.3333333333333333,0.005878489571196825,1.2671178264201084,1.3333333333333333,0.00045711942334676923,1.5456496563388582,1.3333333333333333,-0.0012903471770776122,0.35956018853891275,1.3333333333333333,0.005878432263197957,1.2671273771269358,1.3333333333333333,0.00045706295777768615,1.5456509750016756,1.3333333333333333,-0.001290354582189572,0.4791988958217546,1.3333333333333333,0.00517167908187422,1.1730774889947806,1.3333333333333333,0.001013121306134759,1.5459196476767694,1.3333333333333333,-0.0012924324933136667,12.0,0.0,0.05000000000000915,0.12406388103182245,0.08739191576966773
0.5760000000000001,2.0,120.000256065343,0.3655890902505149,1.333333333333333,0.0058426957706916105,1.2770417689684093,1.333333333333333,0.00039729304147934785,1.5428632480081859,1.333333333333333,-0.0012738979380331511,0.3655985066437649,1.333333333333333,0.005842638868766521,1.2770514586316621,1.333333333333333,0.0003972357372383835,1.5428646511591255,1.333333333333333,-0.0012739058500100553,0.4871037861437928,1.333333333333333,0.005124806625069471,1.1816142112886832,1.333333333333333,0.0009615350660313147,1.5430525321892312,1.333333333333333,-0.001275517886060618,11.999999999999998,0.0,0.050000000000008406,0.12402285917216599,0.08753767322333643
0.578,2.0,120.00026015907164,0.3717004615968629,1.3333333333333333,0.00580646545849691,1.286917309601209,1.3333333333333333,0.000337749386189544,1.540032909177156,1.3333333333333333,-0.0012571794880491156,0.3717098111561459,1.3333333333333333,0.00580640896013741,1.2869271373885345,1.3333333333333333,0.00033769124821002674,1.540034396814776,1.3333333333333333,-0.0012571879069547536,0.4951017209195742,1.3333333333333333,0.005077377283137243,1.190088656518843,1.3333333333333333,0.0009103147322679006,1.5401383600932028,1.3333333333333333,-0.0012583151931353878,12.0,0.0,0.050000000000007726,0.12398049428344529,0.08768497680931153
0.58,2.0,120.00026427238387,0.37788503739688445,1.3333333333333335,0.005769797230418824,1.296743179135071,1.3333333333333335,0.000278496142392747,1.5371595864569694,1.3333333333333335,-0.0012401974550629356,0.37789432055774264,1.3333333333333335,0.005769741133063126,1.2967531442043099,1.3333333333333335,0.000278437175668794,1.5371611585677691,1.3333333333333335,-0.0012402063808886555,0.5031929079498273,1.3333333333333335,0.005029389674482555,1.198499547830703,1.3333333333333335,0.0008594680608869422,1.5371780995121673,1.3333333333333335,-0.0012408301605592162,12.000000000000002,0.0,0.0500000000000071,0.12393675497349611,0.08783381916193425
0.582,2.0,120.00026840629268,0.3841430204078068,1.3333333333333333,0.0057326897756186926,1.306518120207751,1.3333333333333333,0.0002195409251895737,1.5342442349247507,1.3333333333333333,-0.0012229575187418166,0.3841522376140061,1.3333333333333333,0.005732634076653544,1.3065282217072576,1.3333333333333333,0.00021948113477414033,1.534245891483189,1.3333333333333333,-0.0012229669514066152,0.5113775323241533,1.3333333333333333,0.004980842552301036,1.2068456244533694,1.3333333333333333,0.0008090027130157816,1.5341727288692217,1.3333333333333333,-0.0012230685970730044,12.0,0.0,0.050000000000006525,0.12389160955545638,0.08798419206236785
0.584,2.0,120.0002725618985,0.3904745975227195,1.3333333333333333,0.0056951418775531585,1.3162408874590172,1.3333333333333333,0.00016089127875349398,1.53128781796464,1.3333333333333333,-0.0012054654095485047,0.3904837492258962,1.3333333333333333,0.005695086574315963,1.3162511245279747,1.3333333333333333,0.00016083066975645412,1.531289558933157,1.3333333333333333,-0.0012054753488991339,0.5196557561867089,1.3333333333333333,0.00493173480605508,1.2151256419593222,1.3333333333333333,0.0007589262532797832,1.5311232367283896,1.3333333333333333,-0.0012050363732153309,12.0,0.0,0.050000000000006,0.12384502606186473,0.08813608642487124
0.586,2.0,120.00027674038817,0.3968799396309019,1.3333333333333333,0.005657152414863683,1.325910247706921,1.3333333333333333,0.00010255467524589613,1.5282913071056092,1.3333333333333333,-0.001187726907787841,0.39688902629021056,1.3333333333333333,0.005657097504644623,1.3259206194756492,1.3333333333333333,0.0001024932528321516,1.528293132434653,1.3333333333333333,-0.0011877373535989424,0.5280277185137822,1.3333333333333333,0.004882065462879746,1.2233383725194027,1.3333333333333333,0.0007092461482440666,1.5280306216308148,1.3333333333333333,-0.001186739420370338,12.0,0.0,0.05000000000000551,0.1237969722594469,0.08828949228341569
0.588,2.0,120.00028094303045,0.4033592014868769,1.3333333333333333,0.005618720362214588,1.335524980119545,1.3333333333333333,4.453851375847418e-05,1.5252556818559415,1.3333333333333333,-0.0011697478426336558,0.40336822356863966,1.3333333333333333,0.005618665842258737,1.3355354857098052,1.3333333333333333,4.44762831461043e-05,1.525257591483998,1.3333333333333333,-0.001169758794607918,0.5364935349034345,1.3333333333333333,0.004831833688917307,1.231482605153127,1.3333333333333333,0.0006599697648835834,1.5248958919257518,1.3333333333333333,-0.0011681837297848894,12.0,0.0,0.05000000000000507,0.1237474156645878,0.0884443987786628
0.59,2.0,120.00028517117408,0.40991252158831837,1.3333333333333333,0.005579844791078739,1.3450838763822763,1.3333333333333333,-1.3149880717270523e-05,1.5221819295343149,1.3333333333333333,-0.0011515340911356497,0.40992147956567637,1.3333333333333333,0.005579790658588162,1.3450945149075677,1.3333333333333333,-1.3212914258831532e-05,1.5221839233879424,1.3333333333333333,-0.001151545548903989,0.5450532973773697,1.3333333333333333,0.004781038790579392,1.239557145974374,1.3333333333333333,0.0006111043690812381,1.5217200655962693,1.3333333333333333,-0.0011493753515545114,12.0,0.0,0.05000000000000466,0.12369632355948697,0.08860079414532229
0.592,2.0,120.0002894262442,0.4165400220629245,1.3333333333333333,0.005540524870470089,1.3545857408606419,1.3333333333333333,-7.050325829365845e-05,1.5190710450974345,1.3333333333333333,-0.0011330915772058896,0.4165489164154907,1.3333333333333333,0.005540471122605942,1.354596511426494,1.3333333333333333,-7.056708944540668e-05,1.5190731230913006,1.3333333333333333,-0.001133103540327655,0.5537070741951792,1.3333333333333333,0.004729680215735781,1.2475608184324951,1.3333333333333333,0.0005626571241537559,1.5185041700795983,1.3333333333333333,-0.001130320393577616,12.0,0.0,0.050000000000004284,0.12364366300899379,0.08875866569990946
0.594,2.0,120.00029370973985,0.42324180856435223,1.3333333333333335,0.005500759867622454,1.3640293907587597,1.3333333333333335,-0.00012751444516385035,1.51592403096417,1.3333333333333335,-0.0011144262705846061,0.42325063977786725,1.3333333333333335,0.0055007065015070565,1.364040292463018,1.3333333333333335,-0.00012757906855896285,1.5159261930010928,1.3333333333333335,-0.0011144387385478027,0.5624549096811013,1.3333333333333335,0.004677757554828926,1.255492463548888,1.3333333333333335,0.0005146350894050302,1.5152492420820594,1.3333333333333335,-0.0011110250204775887,12.000000000000002,0.0,0.050000000000003944,0.12358940087811882,0.088917999828922
0.596,2.0,120.00029802322709,0.43001797017729787,1.3333333333333333,0.005460549148613886,1.373413656273455,1.3333333333333333,-0.00018417634455255883,1.512741896836153,1.3333333333333333,-0.0010955441857850201,0.43002673874328795,1.3333333333333333,0.0054604961613327965,1.3734246882065606,1.3333333333333333,-0.00018424175477810812,1.5127441428071466,1.3333333333333333,-0.001095557158006557,0.571296824063419,1.3333333333333333,0.004625270541913392,1.263350940149078,1.3333333333333333,0.0004670452187066716,1.5119563273885122,1.3333333333333333,-0.0010914954524923566,12.0,0.0,0.05000000000000363,0.12353350385021628,0.08907878197745661
0.598,2.0,120.00030236833987,0.4368685793317926,1.3333333333333333,0.005419892178936212,1.3827373807440957,1.3333333333333333,-0.0002404819376407299,1.5095256595148037,1.3333333333333333,-0.0010764513810169185,0.4368772857472305,1.3333333333333333,0.005419839567540273,1.3827485419893601,1.3333333333333333,-0.0002405481292393641,1.5095279892991256,1.3333333333333333,-0.0010764648568428804,0.5802328133266064,1.3333333333333333,0.004572219055619486,1.2711351250903489,1.3333333333333333,0.0004198943591055322,1.5086264806662792,1.3333333333333333,-0.0010717379643310735,12.0,0.0,0.05000000000000335,0.1234759384458319,0.08924099663828668
0.6,2.0,120.00030674676931,0.44379369172677136,1.3333333333333333,0.005378788524009245,1.3919994207982034,1.3333333333333333,-0.0002964242844645746,1.5062763427147525,1.3333333333333333,-0.0010571539570888224,0.4438023364937407,1.3333333333333333,0.005378736285516617,1.392010710432075,1.3333333333333333,-0.00029649125193616135,1.506278756179955,1.3333333333333333,-0.0010571679357947539,0.5892628490763265,1.3333333333333333,0.004518603120040362,1.27884391348496,1.3333333333333333,0.0003731892494579063,1.5052607652635057,1.3333333333333333,-0.001051758883997676,12.0,0.0,0.050000000000003084,0.12341667104220978,0.08940462734142138
0.602,2.0,120.00031116026425,0.4507933462629611,1.3333333333333333,0.005337237849639372,1.4011986464928918,1.3333333333333333,-0.00035199652478922074,1.5029949768736384,1.3333333333333333,-0.0010376580562885156,0.4508019298883235,1.3333333333333333,0.005337185981037555,1.4012100635852178,1.3333333333333333,-0.0003520642625924499,1.5029974738756233,1.3333333333333333,-0.001037672537079731,0.598386878417363,1.3333333333333333,0.004464422905542041,1.286476218918986,1.3333333333333333,0.0003269365190902391,1.5018602530019218,1.3333333333333333,-0.0010315645915810348,12.0,0.0,0.05000000000000284,0.12335566789345025,0.08956965664416834
0.604,2.0,120.00031561062352,0.45786756498512154,1.333333333333333,0.005295239922422232,1.410333941452194,1.333333333333333,-0.00040719187895735275,1.4996825989582627,1.333333333333333,-0.001017969861241832,0.4578760879801879,1.333333333333333,0.005295188420670058,1.4103454850664763,1.333333333333333,-0.0004072603815113087,1.4996851793413388,1.333333333333333,-0.0010179848432537418,0.6076048238445598,1.333333333333333,0.00440967872949582,1.2940309736668145,1.333333333333333,0.0002811426864860822,1.4984260239639866,1.333333333333333,-0.0010111615180115328,11.999999999999998,0.0,0.05000000000000262,0.12329289515131053,0.08973606612172058
0.606,2.0,120.00032009969172,0.4650163530336622,1.3333333333333333,0.00525279461008927,1.41940420300033,1.3333333333333333,-0.0004620036487131647,1.4963402522670928,1.3333333333333333,-0.000998095593749577,0.4650248159138676,1.3333333333333333,0.005252743472118872,1.4194158721939734,1.3333333333333333,-0.00046207291039885814,1.496342915864036,1.3333333333333333,-0.0009981110760480334,0.6169165831468288,1.3333333333333333,0.004354371056932641,1.3015071289013331,1.3333333333333333,0.00023581415799911243,1.494959166274398,1.3333333333333333,-0.0009905561437839202,12.0,0.0,0.05000000000000242,0.12322831888663825,0.08990383635828988
0.608,2.0,120.00032462935275,0.47223969860564646,1.3333333333333333,0.005209901881798026,1.4284083422909726,1.3333333333333333,-0.0005164252180019804,1.4929689862291058,1.3333333333333333,-0.0009780415136025572,0.4722481018902292,1.3333333333333333,0.005209851104516794,1.4284201361155282,1.3333333333333333,-0.0005164952331638406,1.4929717328612229,1.3333333333333333,-0.0009780574951842164,0.6263220293242702,1.3333333333333333,0.004298500501119027,1.3089036548998352,1.3333333333333333,0.00019095722659200076,1.4914607758759635,1.3333333333333333,-0.0009697549976463882,12.0,0.0,0.05000000000000223,0.12316190511142705,0.09007294693880775
0.61,2.0,120.00032920152395,0.4795375729251843,1.3333333333333333,0.005166561808366121,1.4373452844325665,1.3333333333333333,-0.0005704500537458359,1.4895698561989792,1.3333333333333333,-0.0009578139173746352,0.4795459171368694,1.3333333333333333,0.005166511388658625,1.4373572019339682,1.3333333333333333,-0.0005705208166931697,1.4895726856761735,1.3333333333333333,-0.0009578303971673377,0.6358210105184383,1.3333333333333333,0.004242067824054379,1.3162195412456712,1.3333333333333333,0.00014657807060098848,1.4879319562998372,1.3333333333333333,-0.0009487646552557813,12.0,0.0,0.05000000000000206,0.12309361980148269,0.09024337644121569
0.612,2.0,120.0003338181518,0.4869099302232022,1.3333333333333333,0.005122774562448894,1.446213968609754,1.3333333333333333,-0.0006240717065953994,1.4861439232486338,1.3333333333333333,-0.0009374191371938756,0.48691821588788936,1.3333333333333333,0.005122724497178783,1.4462260088285486,1.3333333333333333,-0.0006241432116038097,1.486146835369474,1.3333333333333333,-0.0009374361140570415,0.6454133499557718,1.3333333333333333,0.00418507393688937,1.3234537970256741,1.3333333333333333,0.00010268275252597237,1.4843738184301316,1.3333333333333333,-0.0009275917377990238,12.0,0.0,0.0500000000000019,0.12302342891968633,0.09041510242936626
0.614,2.0,120.00033848120367,0.4943567077265709,1.3333333333333333,0.005078540418660786,1.4550133482009608,1.3333333333333333,-0.000677283811658524,1.4826922539551446,1.3333333333333333,-0.000916863539491803,0.4943649353730271,1.3333333333333333,0.005078490704672664,1.4550255101725322,1.3333333333333333,-0.0006773560529712919,1.4826952485069353,1.3333333333333333,-0.0009168810122168445,0.6550988459041928,1.3333333333333333,0.004127519900265369,1.3306054510233771,1.3333333333333333,5.927721784595486e-05,1.4807874802629277,1.3333333333333333,-0.0009062429105807902,12.0,0.0,0.05000000000000175,0.12295129843984137,0.09058810144655616
0.616,2.0,120.00034319266186,0.5018778256565583,1.3333333333333333,0.005033859753640574,1.463742390892196,1.3333333333333333,-0.0007300800892057655,1.4792159201850417,1.3333333333333333,-0.000896153523730868,0.5018859958161158,1.3333333333333333,0.005033810387761837,1.4637546736469826,1.3333333333333333,-0.0007301530610351938,1.4792189969438971,1.3333333333333333,-0.0008961714910416125,0.6648772716428656,1.3333333333333333,0.004069406924574843,1.3376735519080494,1.3333333333333333,1.6367293859736787e-05,1.4771740666597113,1.3333333333333333,-0.0008847248815775668,12.0,0.0,0.05000000000000162,0.1228771943710882,0.09076234900971258
0.618,2.0,120.00034795451865,0.5094731872365669,1.333333333333333,0.004988733046060649,1.4724000787871139,1.333333333333333,-0.000782454345353178,1.4757159988750261,1.333333333333333,-0.0008752955211102517,0.5094813004428262,1.333333333333333,0.004988684025103303,1.4724124813508201,1.333333333333333,-0.0007825280418818976,1.4757191576059456,1.333333333333333,-0.0008753139816633847,0.6747483754450943,1.333333333333333,0.004010736370142804,1.344657168419566,1.333333333333333,-2.6041311448298023e-05,1.4735347090952755,1.333333333333333,-0.0008630443999582695,11.999999999999998,0.0,0.050000000000001495,0.12280108278287075,0.09093781960425353
0.62,2.0,120.00035276876656,0.5171426787091039,1.3333333333333333,0.004943160876580598,1.4809854085133907,1.3333333333333333,-0.0008344004727226837,1.4721935718091377,1.3333333333333333,-0.0008542959932501573,0.5171507354976422,1.3333333333333333,0.0049431121973430425,1.480997929907192,1.3333333333333333,-0.0008344748881049213,1.4721968122660831,1.3333333333333333,-0.0008543149456356743,0.6847118805743213,1.3333333333333333,0.003951509747329434,1.3515553895491317,1.3333333333333333,-6.794301051739682e-05,1.4698705454001344,1.3333333333333333,-0.0008412082545716536,12.0,0.0,0.050000000000001384,0.12272292983043756,0.09111448667964288
0.622,2.0,120.00035763739328,0.524886169361921,1.3333333333333333,0.004897143927745376,1.4894973913254628,1.3333333333333333,-0.0008859124510803445,1.4686497253924102,1.3333333333333333,-0.0008331614308548265,0.524894170270006,1.3333333333333333,0.004897095587014146,1.4895100305662048,1.3333333333333333,-0.0008859875794431527,1.4686530473183856,1.3333333333333333,-0.0008331808735964992,0.694767485293179,1.3333333333333333,0.003891728716554072,1.358367324715871,1.3333333333333333,-0.00010933233729479053,1.466182719497504,1.3333333333333333,-0.0008192232724008069,12.0,0.0,0.05000000000000128,0.12264270178085832,0.09129232264566044
0.624,2.0,120.00036256237539,0.5327035115632527,1.3333333333333335,0.004850682983828475,1.4979350532036761,1.3333333333333335,-0.0009369843479527757,1.4650855504210647,1.3333333333333335,-0.0008118983523544605,0.5327114571295625,1.3333333333333335,0.004850634978379965,1.497947809304067,1.3333333333333335,-0.0009370601833972278,1.4650889535481983,1.3333333333333335,-0.0008119182839103129,0.7049148628855297,1.3333333333333335,0.003831395088240927,1.3650921039393016,1.3333333333333335,-0.00015020394829522488,1.4624723811349138,1.3333333333333335,-0.0007970963169850225,12.000000000000002,0.0,0.05000000000000119,0.12256036503953656,0.09147129886940668
0.626,2.0,120.0003675456687,0.5405945408060716,1.3333333333333333,0.004803778930620483,1.5062974349498912,1.3333333333333333,-0.0009876103192220573,1.4615021418492886,1.3333333333333333,-0.0007905133025263887,0.5406024315704204,1.3333333333333333,0.004803731257222625,1.5063103069186878,1.3333333333333333,-0.0009876868558244024,1.461505625898916,1.3333333333333333,-0.0007905337212891905,0.71515366169142,1.3333333333333333,0.0037705108226868214,1.3717288780077013,1.3333333333333333,-0.00019055262363580993,1.458740685610522,1.3333333333333333,-0.0007748342868094836,12.0,0.0,0.050000000000001106,0.12247588617719747,0.09165138567306179
0.628,2.0,120.00037258920204,0.5485590757612687,1.3333333333333333,0.00475643275516357,1.5145835922795887,1.3333333333333333,-0.0010377846096993478,1.4579005985526619,1.3333333333333333,-0.0007690128510957322,0.5485669122643387,1.3333333333333333,0.004756385410577477,1.5145965791217773,1.3333333333333333,-0.0010378618415121275,1.4579041632354108,1.3333333333333333,-0.0007690337553934969,0.7254835051548578,1.3333333333333333,0.0037090780298514796,1.37827681864238,1.3333333333333333,-0.00023037326804620806,1.4549887934942112,1.3333333333333333,-0.0007524441136631328,12.0,0.0,0.05000000000000103,0.12238923195732908,0.09183255233241777
0.63,2.0,120.0003776948726,0.556596918339658,1.3333333333333333,0.004708645545432388,1.522792595910523,1.3333333333333333,-0.0010875015536775327,1.4542820230882905,1.3333333333333333,-0.0007474035913159716,0.5566047011227375,1.3333333333333333,0.004708598526413968,1.5228056966274925,1.3333333333333333,-0.001087579474730664,1.4542856681041672,1.3333333333333333,-0.0007474249794124654,0.7359039918843118,1.3333333333333333,0.0036470989690708527,1.3847351186578656,1.3333333333333333,-0.0002696609118542801,1.4512178703435559,1.3333333333333333,-0.0007299327609652676,12.0,0.0,0.05000000000000096,0.12230036936405349,0.09201476707620225
0.632,2.0,120.00038286453383,0.5647078537626955,1.3333333333333333,0.004660418489962052,1.530923531647963,1.3333333333333333,-0.0011367555754631389,1.4506475214517192,1.3333333333333333,-0.0007256921385297432,0.5647155833674234,1.3333333333333333,0.004660371793263575,1.5309367452376734,1.3333333333333333,-0.0011368341797649557,1.4506512464901968,1.3333333333333333,-0.0007257140086250034,0.7464146957258173,1.3333333333333333,0.003584576048694129,1.3911029921180131,1.3333333333333333,-0.00030841071194719397,1.447429086414756,1.3333333333333333,-0.0007073072220613357,12.0,0.0,0.05000000000000089,0.1222092656304044,0.09219799708621143
0.634,2.0,120.00038809999228,0.5728916506417937,1.3333333333333333,0.0046117528774238265,1.538975500466564,1.3333333333333333,-0.0011855411898877785,1.4469982028306965,1.3333333333333333,-0.0007038851287103154,0.5728993276099105,1.3333333333333333,0.004611706499795459,1.5389888259237081,1.3333333333333333,-0.001185620471426041,1.4470020075708045,1.3333333333333333,-0.0007039074789411815,0.7570151658485622,1.3333333333333333,0.003521511825645096,1.3973796744880427,1.3333333333333333,-0.0003466179527080793,1.4436236163686387,1.3333333333333333,-0.000684574518488537,12.0,0.0,0.05000000000000083,0.12211588826698565,0.0923822084982697
0.636,2.0,120.000393402996,0.5811480610661025,1.3333333333333333,0.004562650096149238,1.5469476185889126,1.3333333333333333,-0.0012338530027993842,1.4433351793558735,1.3333333333333333,-0.0006819892169841792,0.581155685939208,1.3333333333333333,0.004562604034340537,1.5469610549050716,1.3333333333333333,-0.0012339329555422491,1.443339063466288,1.3333333333333333,-0.0006820120454248277,0.7677049268428126,1.3333333333333333,0.0034579090049086264,1.4035644227825141,1.3333333333333333,-0.0003842780469282565,1.4398026389718388,1.3333333333333333,-0.0006617416982118325,12.0,0.0,0.05000000000000077,0.12202020509098448,0.09256736640403224
0.638,2.0,120.00039877523385,0.5894768206986216,1.3333333333333333,0.004513111633603384,1.554839017560785,1.3333333333333333,-0.001281685711533476,1.4396595658485194,1.3333333333333333,-0.0006600110761352416,0.5894843940179395,1.3333333333333333,0.004513065884364752,1.554852563724578,1.3333333333333333,-0.0012817663294304304,1.439663528987655,1.3333333333333333,-0.0006600343807977281,0.7784834788300274,1.3333333333333333,0.0033937704389431244,1.4096565157092433,1.3333333333333333,-0.0004213865366950853,1.4359673367932773,1.3333333333333333,-0.0006388158338310332,12.0,0.0,0.050000000000000724,0.12192218425551272,0.09275343485364643
0.64,2.0,120.00040421831926,0.597877648880498,1.3333333333333333,0.00446313907580827,1.562648844323157,1.3333333333333333,-0.00132903410536471,1.4359724795653466,1.3333333333333333,-0.0006379573950911168,0.5978851711866473,1.3333333333333333,0.004463093635892363,1.5626624993203853,1.3333333333333333,-0.0013291153823474686,1.4359765213814495,1.3333333333333333,-0.00063798117392593,0.7893502975850001,1.3333333333333333,0.003329099127019835,1.4156552538091633,1.3333333333333333,-0.0004579390942554604,1.432118895896059,1.3333333333333333,-0.000615804020759664,12.0,0.0,0.050000000000000676,0.12182179427924753,0.09294037685928702
0.642,2.0,120.00903443207335,0.6063502487433563,1.3333333333333333,0.004412734106717012,1.5703762612810082,1.3333333333333333,-0.0013758930659389425,1.4322750399405373,1.3333333333333333,-0.0006158348773920799,0.6063577205761299,1.3333333333333333,0.0044126889728801156,1.5703900240947921,1.3333333333333333,-0.001375974995922312,1.432279160071779,1.3333333333333333,-0.0006158591282886974,0.800304834669852,1.3333333333333333,0.003263898214489999,1.4215599595921375,1.3333333333333333,-0.0004939315228549805,1.4282585055249222,1.3333333333333333,-0.0005927133753763538,12.0,0.0,0.050000000000000634,0.12171900407634248,0.09312815439957932
0.644,2.0,120.00713883306904,0.61515198339001,1.3333333333333333,0.004361898507539862,1.5771392108896374,1.3333333333333333,-0.0014222575676860493,1.4288801480344782,1.3333333333333333,-0.0005936502396432241,0.6151596547860266,1.3333333333333333,0.0043618536765432205,1.5771523879252325,1.3333333333333333,-0.0014223401445687533,1.428884567647776,1.3333333333333333,-0.0005936749604306746,0.8113465175796948,1.3333333333333333,0.0031981709919808874,1.427369977668725,1.3333333333333333,-0.0005293597575528258,1.424387357789377,1.3333333333333333,-0.0005695510331495335,12.0,0.0,0.0500000000000006,0.12161055931357986,0.09332201731748739
0.646,2.0,120.00551628681998,0.624370384861425,1.3333333333333333,0.00430908809965994,1.5826236423360789,1.3333333333333333,-0.0014628352653378246,1.425901595158034,1.3333333333333333,-0.0005732808882068694,0.6243782572885934,1.3333333333333333,0.00430904207128384,1.582636221460424,1.3333333333333333,-0.0014629143275513953,1.4259063189454833,1.3333333333333333,-0.0005733074058866561,0.8224747498997652,1.3333333333333333,0.003131920894521831,1.4330846748779038,1.3333333333333333,-0.0005642198660123503,1.4205066473426737,1.3333333333333333,-0.000546324146736263,12.0,0.0,0.050000000000000565,0.12149523361801016,0.09352377910920397
0.648,2.0,120.00426480389919,0.6339483284006373,1.333333333333333,0.004253777690831448,1.5870093795637659,1.333333333333333,-0.001495741854016475,1.4232785097263294,1.333333333333333,-0.0005554095709482061,0.6339564010704708,1.333333333333333,0.004253730456268438,1.5870213553762378,1.333333333333333,-0.0014958173287625454,1.4232835400967296,1.333333333333333,-0.0005554379136729013,0.8336889114738294,1.333333333333333,0.003065151500601407,1.4387034404107557,1.333333333333333,-0.0005985080492674246,1.4166175710567521,1.333333333333333,-0.0005230398840560442,11.999999999999998,0.0,0.05000000000000054,0.12137352297860253,0.09373232706353207
0.65,2.0,120.00331466358767,0.6438360960579305,1.3333333333333333,0.004196310029596176,1.5904538333111555,1.3333333333333333,-0.0015220562773825958,1.4209574654678665,1.3333333333333333,-0.0005396710583579769,0.6438443660314461,1.3333333333333333,0.004196261593577175,1.59046520677335,1.3333333333333333,-0.0015221281322574272,1.4209628026783496,1.3333333333333333,-0.0005397012405803783,0.8449883585836404,1.3333333333333333,0.0029978665311570234,1.4442256859301126,1.3333333333333333,-0.0006322206424645347,1.4127213276933246,1.3333333333333333,-0.0004997054263405132,12.0,0.0,0.05000000000000051,0.12124596125270398,0.09394649859734863
0.652,2.0,120.00259753001106,0.6539904232833357,1.3333333333333333,0.004136983423652417,1.5930946426880483,1.3333333333333333,-0.0015427229998669337,1.4188916459124565,1.3333333333333333,-0.0005257447928071994,0.6539988858815452,1.3333333333333333,0.004136933803811323,1.5931054199763501,1.3333333333333333,-0.0015427912406401005,1.4188972884367557,1.3333333333333333,-0.0005257768160700982,0.8563724241392275,1.3333333333333333,0.002930069848498157,1.4496508456861696,1.3333333333333333,-0.0006653541155806759,1.4088191175712526,1.3333333333333333,-0.000476327966159948,12.0,0.0,0.05000000000000049,0.12111296678736785,0.09416533043402633
0.654,2.0,120.00205987796673,0.6643736805902805,1.3333333333333333,0.004076057460299986,1.5950519907982532,1.3333333333333333,-0.0015585678561282905,1.4170401032662672,1.3333333333333333,-0.0005133498754747397,0.6643823297448116,1.3333333333333333,0.004076006684710728,1.5950621823153632,1.3333333333333333,-0.0015586325198581013,1.417046048113738,1.3333333333333333,-0.0005133837306205344,0.8678404178797846,1.3333333333333333,0.0028617654551646343,1.4549783766280682,1.3333333333333333,-0.0006979050741170183,1.40491214223038,1.3333333333333333,-0.0004529147054275158,12.0,0.0,0.05000000000000047,0.12097490101261624,0.09438796695122853
0.656,2.0,120.00165988922234,0.6749531618629405,1.3333333333333333,0.004013757916458317,1.5964306595983224,1.3333333333333333,-0.0015703119447895199,1.4153670934110996,1.3333333333333333,-0.0005022406195976035,0.6749619904151125,1.3333333333333333,0.00401370602153113,1.596440279124009,1.3333333333333333,-0.00157037309389218,1.4153733364021452,1.3333333333333333,-0.000502276288682428,0.8793916265849173,1.3333333333333333,0.002792957492721292,1.4602077585114501,1.3333333333333333,-0.0007298702597684095,1.401001604091993,1.3333333333333333,-0.00042947285338228094,12.0,0.0,0.05000000000000045,0.12083207705080408,0.09461364936524969
0.658,2.0,120.00136498642024,0.6857004643462457,1.3333333333333333,0.003950281028822357,1.5973218529275515,1.3333333333333333,-0.001578583957589935,1.4138414801462786,1.3333333333333333,-0.0004922025604665978,0.6857094643016807,1.3333333333333333,0.003950228057509325,1.5973309168912253,1.3333333333333333,-0.001578641674744055,1.4138480161492952,1.3333333333333333,-0.0004922400184128719,0.8910253142960028,1.3333333333333333,0.0027236502404904958,1.4653384940019871,1.3333333333333333,-0.0007612465510687012,1.3970887061160777,1.3333333333333333,-0.0004060096245519587,12.0,0.0,0.05000000000000043,0.12068476695625911,0.09484170580765662
0.66,2.0,120.00114987371393,0.6965909476426958,1.3333333333333333,0.003885797213922526,1.5978048133834637,1.3333333333333333,-0.0015839311175653093,1.4124362022685268,1.3333333333333333,-0.0004830488808776723,0.696600110387517,1.3333333333333333,0.0038857432141899155,1.59781334024323,1.3333333333333333,-0.0015839855013473523,1.4124430254029754,1.3333333333333333,-0.00048308809689577185,0.9027407225474063,1.3333333333333333,0.0026538481142239826,1.4703701087748895,1.3333333333333333,-0.0007920309640119232,1.3931746514555552,1.3333333333333333,-0.0003825322366964668,12.0,0.0,0.05000000000000042,0.1205332078027698,0.09507154224600729
0.662,2.0,120.00099498071384,0.7076032609609195,1.333333333333333,0.0038204543141438234,1.5979482558458078,1.333333333333333,-0.001586828880300784,1.4111277975504912,1.333333333333333,-0.0004746172136111628,0.7076125774447284,1.333333333333333,0.0038203993376748962,1.5979562655604702,1.333333333333333,-0.0015868800414593816,1.411134901360234,1.333333333333333,-0.00047465815241785414,0.9145370706072933,1.333333333333333,0.0025835556647155603,1.475302151610396,1.333333333333333,-0.0008222206526493388,1.389260643107671,1.333333333333333,-0.0003590479087333329,11.999999999999998,0.0,0.050000000000000405,0.12037760680495309,0.09530263419931234
0.664,2.0,120.0008852278158,0.7187189294721926,1.3333333333333333,0.0037543804342344824,1.59781163791871,1.3333333333333333,-0.0015876895350748473,1.4098959781306655,1.3333333333333333,-0.0004667667853029478,0.7187283903622986,1.3333333333333333,0.003754324535331629,1.5978191515007996,1.3333333333333333,-0.0015877375933628219,1.409903355731261,1.3333333333333333,-0.0004668094081614038,0.9264135557277715,1.3333333333333333,0.00251277757635624,1.48013419448525,1.3333333333333333,-0.0008518129096623759,1.385347883562725,1.3333333333333333,-0.00033556385864602677,12.0,0.0,0.05000000000000039,0.12021814563153294,0.0955345191985376
0.666,2.0,120.00080904781936,0.7299219919818061,1.3333333333333333,0.003687686423166844,1.597446285321014,1.3333333333333333,-0.0015868698275122602,1.4087232522637925,1.3333333333333333,-0.0004593758687839933,0.7299315877925754,1.3333333333333333,0.003687629657826208,1.5974533244603384,1.3333333333333333,-0.001586914909004798,1.4087308964670482,1.3333333333333333,-0.0004594201343875666,0.938369353404088,1.3333333333333333,0.0024415186656333706,1.4848658326601663,1.3333333333333333,-0.0008808051669115003,1.3814375744503287,1.3333333333333333,-0.000312087301376351,12.0,0.0,0.05000000000000038,0.12005498404401557,0.09576678994270461
0.668,2.0,120.00075761196143,0.7411986832547091,1.3333333333333335,0.0036204680481091646,1.596896388271587,1.3333333333333335,-0.0015846777119260837,1.4075945877988607,1.3333333333333335,-0.0004523395135827539,0.7412084044553849,1.3333333333333335,0.0036204104732445487,1.5969029750200474,1.3333333333333335,-0.0015847199467620295,1.407602491217569,1.3333333333333335,-0.00045238537880228823,0.9504036176426051,1.3333333333333335,0.002369783879575473,1.4894966847632907,1.3333333333333335,-0.0009091949959609966,1.3775309161833769,1.3333333333333335,-0.00028862544670197113,12.000000000000002,0.0,0.05000000000000037,0.11988826297295711,0.09599908810192637
0.67,2.0,120.00072421896358,0.7525371552855763,1.3333333333333333,0.003552807900471745,1.5961998831574975,1.3333333333333333,-0.0015813783296295223,1.4064971131492734,1.3333333333333333,-0.0004455675267931647,0.7525469923894862,1.3333333333333333,0.00355274957326769,1.596206039667036,1.3333333333333333,-0.001581417850120285,1.406505268284728,1.3333333333333333,-0.000445614947305415,0.9625154812372713,1.3333333333333333,0.0022975782941443692,1.49402639286966,1.3333333333333333,-0.0009369801085797445,1.3736291075999307,1.3333333333333333,-0.00026518549710026165,12.0,0.0,0.050000000000000364,0.1197181071257155,0.09623109871992655
0.672,2.0,120.00070381394707,0.7639272326030631,1.3333333333333333,0.003484777068286542,1.5953892322110999,1.3333333333333333,-0.0015771992989449856,1.4054198518949592,1.3333333333333333,-0.0004389826788956408,0.7639371762407512,1.3333333333333333,0.0034847180456630826,1.5953949805176166,1.3333333333333333,-0.001577236238002216,1.4054282512095464,1.3333333333333333,-0.00043903160970836907,0.9747040560543021,1.3333333333333333,0.002224907112576372,1.4984546225766646,1.3333333333333333,-0.0009641583572179604,1.3697333456032008,1.3333333333333333,-0.00024177464559958485,12.0,0.0,0.05000000000000036,0.1195446272039635,0.09646254517015192
0.674,2.0,120.00071299888576,0.7753606931034817,1.3333333333333333,0.0034164366043816213,1.5944904078752347,1.3333333333333333,-0.0015723353932665996,1.4043540919715347,1.3333333333333333,-0.0004325191113697557,0.7753707366275092,1.3333333333333333,0.0034163769425554925,1.5944957626663399,1.3333333333333333,-0.0015723698831057002,1.4043627302035848,1.3333333333333333,-0.0004325695072572788,0.9869684333247802,1.3333333333333333,0.002151775663674187,1.5027810630755212,1.3333333333333333,-0.000990727735459988,1.365844824799831,1.3333333333333333,-0.00021840007361920532,12.0,0.0,0.05000000000000035,0.1193679088282832,0.09669319984112454
0.676,2.0,120.00072955867819,0.7868342131370011,1.3333333333333333,0.0033478358413791096,1.5935126948724194,1.3333333333333333,-0.0015669424472514084,1.4032970135692446,1.3333333333333333,-0.00042612455182920874,0.7868443550799672,1.3333333333333333,0.003347775580234944,1.5935176565630955,1.3333333333333333,-0.0015669745759980397,1.403305889967151,1.3333333333333333,-0.0004261763812215094,0.9993076839448819,1.3333333333333333,0.0020781894000513183,1.5070054272187592,1.3333333333333333,-0.0010166863784531275,1.3619647371366783,1.3333333333333333,-0.00019506894879898606,12.0,0.0,0.05000000000000034,0.11918798007918903,0.09692291804209127
0.678,2.0,120.00074479438214,0.7983470760578593,1.3333333333333333,0.003278994721177993,1.5924564016807337,1.3333333333333333,-0.001561076169234517,1.402248979984805,1.3333333333333333,-0.0004197820814154683,0.7983573149334593,1.3333333333333333,0.0032789338695201967,1.592460970747639,1.3333333333333333,-0.0015611059393785735,1.4022580937397937,1.3333333333333333,-0.00041983533980290713,1.011720858783434,1.3333333333333333,0.0020041538963307083,1.5111274515837265,1.3333333333333333,-0.0010420325633125555,1.3580942715362905,1.3333333333333333,-0.00017178842282007035,12.0,0.0,0.050000000000000336,0.1190048311856632,0.09715161091094168
0.68,2.0,120.00075889505402,0.809898541489599,1.3333333333333333,0.003209917543652844,1.5913218635314277,1.3333333333333333,-0.0015547384100844024,1.401210351674218,1.3333333333333333,-0.0004134938799088306,0.8099088757932582,1.3333333333333333,0.0032098561103992436,1.5913260405127225,1.3333333333333333,-0.001554765824485834,1.4012197019202348,1.3333333333333333,-0.0004135485624387627,1.0242069889965058,1.3333333333333333,0.001929674847299395,1.5151468965321215,1.3333333333333333,-0.0010667647095023596,1.3542346135312788,1.3333333333333333,-0.0001485656292177433,12.0,0.0,0.050000000000000336,0.11881844703006034,0.09737920376044502
0.682,2.0,120.00077201595539,0.8214878502409017,1.3333333333333333,0.0031406087510624054,1.59010943923477,1.3333333333333333,-0.0015479311811885665,1.400181485327651,1.3333333333333333,-0.00040726211004530867,0.8214982784503652,1.3333333333333333,0.00314054674524045,1.5901132247299783,1.3333333333333333,-0.0015479562430763356,1.4001910711412613,1.3333333333333333,-0.0004073182115214094,1.0367650863487325,1.3333333333333333,0.0018547580660209651,1.5190635462655548,1.3333333333333333,-0.0010908813791927297,1.3503869448977903,1.3333333333333333,-0.00012540768118767342,12.0,0.0,0.050000000000000336,0.11862882173336128,0.09760561805336797
0.684,2.0,120.00078429249052,0.8331142281512157,1.3333333333333333,0.00307107289855459,1.588819508715151,1.3333333333333333,-0.0015406566354086212,1.399162733125284,1.3333333333333333,-0.0004010889119659069,0.8331247487271101,1.3333333333333333,0.0030710103292978085,1.5888229033850425,1.3333333333333333,-0.0015406793483798702,1.399172553525585,1.3333333333333333,-0.0004011464268475682,1.0493941435410763,1.3333333333333333,0.0017794094819076043,1.5228772088771483,1.3333333333333333,-0.0011143812775933296,1.3465524432882812,1.3333333333333333,-0.00010232166938674236,12.0,0.0,0.050000000000000336,0.11843595282258286,0.09783077739701258
0.686,2.0,120.00079584149191,0.8447768891130765,1.3333333333333333,0.003001314631092705,1.5874524710911504,1.3333333333333333,-0.001532917052290907,1.3981544421329506,1.3333333333333333,-0.0003949763987517048,0.8447875004994462,1.3333333333333333,0.003001251507637339,1.5874554756576391,1.3333333333333333,-0.0015329374203102554,1.398164496081497,1.3333333333333333,-0.0003950353211535105,1.0620931345447175,1.3333333333333333,0.0017036351387535419,1.526587716399175,1.3333333333333333,-0.0011372632532628902,1.3427322818637926,1.3333333333333333,-7.931465972968743e-05,12.0,0.0,0.050000000000000336,0.11823984089876882,0.0980546071793548
0.6880000000000001,2.0,120.00080676289761,0.8564750374469154,1.3333333333333333,0.002931338665321541,1.5860087431837548,1.3333333333333333,-0.001524714826546903,1.397156953808181,1.3333333333333333,-0.000388926652797704,0.8564857380717399,1.3333333333333333,0.0029312749970033226,1.5860113584298088,1.3333333333333333,-0.0015247328539458353,1.397167240208923,1.3333333333333333,-0.0003889869764889822,1.0748610149407802,1.3333333333333333,0.0016274411927316944,1.530194924846747,1.3333333333333333,-0.0011595262983950506,1.3389276289259342,1.3333333333333333,-5.639369118275583e-05,12.0,0.0,0.050000000000000336,0.11804048936315567,0.09827703427921863
0.6900000000000001,2.0,120.00081714156147,0.8682078697676483,1.3333333333333333,0.0028611497753185068,1.5844887583601615,1.3333333333333333,-0.0015160524591025296,1.3961706035933676,1.3333333333333333,-0.0003829417228490861,0.8682186580433422,1.3333333333333333,0.00286108557156956,1.5844909851297198,1.3333333333333333,-0.0015160681505788532,1.3961811212926023,1.3333333333333333,-0.00038300344125353857,1.0876967222655873,1.3333333333333333,0.0015508339103553182,1.5336987142575547,1.3333333333333333,-0.0011811695490804826,1.3351396475487767,1.3333333333333333,-3.356577355560564e-05,12.0,0.0,0.050000000000000336,0.1178379041912211,0.09849798683691352
0.6920000000000001,2.0,120.00082704906066,0.8799745764532327,1.3333333333333333,0.0027907527813941096,1.5828929656399224,1.3333333333333333,-0.0015069325501609692,1.3951957205776464,1.3333333333333333,-0.0003770236215602063,0.8799854507771319,1.3333333333333333,0.0027906880517399465,1.5828948048378166,1.3333333333333333,-0.001506945910778319,1.3952064683639822,1.3333333333333333,-0.00037708672775561424,1.1005991763611478,1.3333333333333333,0.0014738196664064755,1.5370989887276616,1.3333333333333333,-0.0012021922855453284,1.3313694952108572,1.3333333333333333,-1.0837885292660499e-05,12.0,0.0,0.050000000000000336,0.11763209374609626,0.09871739407424907
0.6940000000000001,2.0,120.00083654540484,0.8917743428022232,1.3333333333333333,0.0027201525412806032,1.5812218290055646,1.3333333333333333,-0.001497357793839535,1.3942326272129686,1.3333333333333333,-0.00037117432346587886,0.8917853015570585,1.3333333333333333,0.0027200872953372086,1.581223281597444,1.3333333333333333,-0.0014973688290269003,1.3942436038173043,1.3333333333333333,-0.00037123881018389374,1.1135672797305753,1.3333333333333333,0.0013964049418331128,1.540395676443361,1.3333333333333333,-0.0012225939323659701,1.327618323427501,1.3333333333333333,1.178302873485615e-05,12.0,0.0,0.050000000000000336,0.11742306862429294,0.09893518615487089
0.6960000000000001,2.0,120.00084568060903,0.9036063499489347,1.3333333333333333,0.0026493539431866604,1.5794758268720435,1.3333333333333333,-0.0014873309740333883,1.3932816390729277,1.3333333333333333,-0.00036539576327781196,0.9036173915032953,1.3333333333333333,0.0026492881906576486,1.5794768938843002,1.3333333333333333,-0.0014873396895846648,1.3932928431684433,1.3333333333333333,-0.0003654616229038261,1.1265999178981403,1.3333333333333333,0.0013185963216165474,1.543588729709095,1.3333333333333333,-0.0012423740586601669,1.3238872773836607,1.3333333333333333,3.429005943499375e-05,12.0,0.0,0.050000000000000336,0.1172108415279145,0.09915129407751844
0.6980000000000001,2.0,120.00085449610899,0.9154697755902016,1.3333333333333333,0.002578361900306391,1.5776554516790915,1.3333333333333333,-0.0014768549612322612,1.3923430646453532,1.3333333333333333,-0.0003596898344375665,0.9154808982989893,1.3333333333333333,0.0025782956509802276,1.5776561341987847,1.3333333333333333,-0.001476861363305802,1.3923544948475155,1.3333333333333333,-0.00035975705901066,1.1396959597736587,1.3333333333333333,0.0012404004926111578,1.5466781249714405,1.3333333333333333,-0.0012615323782545712,1.3201774955674772,1.3333333333333333,5.6676335698035095e-05,12.0,0.0,0.050000000000000336,0.11699542715852815,0.09936564959615754
0.7000000000000001,2.0,120.00086302601636,0.9273637945661242,1.3333333333333333,0.00250718134645879,1.5757612095782194,1.3333333333333333,-0.0014659327100745494,1.3914172051516318,1.3333333333333333,-0.00035405838787211955,0.927374996770999,1.3333333333333333,0.002507114610206064,1.5757615087529988,1.3333333333333333,-0.0014659368051927087,1.3914288600182139,1.3333333333333333,-0.00035412696908509344,1.1528542580209253,1.3333333333333333,0.0011618242413580476,1.5496638628391626,1.3333333333333333,-0.0012800687498286437,1.31649010940476,1.3333333333333333,7.893502659513629e-05,12.0,0.0,0.050000000000000336,0.11677684212871146,0.09957818516204461
0.7020000000000001,2.0,120.00087129821493,0.9392875793280108,1.3333333333333324,0.0024358172326032494,1.5737936201922225,1.3333333333333326,-0.001454567257469321,1.3905043543872562,1.3333333333333328,-0.00034850323090979395,0.9392988593578294,1.333333333333333,0.002435750019374004,1.5737935372302478,1.3333333333333333,-0.0014545690525179934,1.3905162324183695,1.3333333333333335,-0.0003485731601092823,1.1660736494298969,1.3333333333333337,0.0010828744518744501,1.5525459680993374,1.333333333333334,-0.001297983177034972,1.3128262428945912,1.3333333333333341,0.00010105934357144442,12.0,9.51619735392991e-16,0.05000000000000034,0.11655510488797788,0.09978883388368018
0.704,2.0,120.0008782736496,0.9512401246442106,1.3161904761904752,0.002261417381174787,1.571752943970995,1.3204761904761897,-0.0015199045782961966,1.389604379789231,1.3247619047619041,-0.0003944546977521122,0.9512515444883404,1.3290476190476188,0.0023384925581387364,1.5717527317696645,1.3333333333333333,-0.0014427612233814874,1.3896172860622398,1.3376190476190477,-0.0003173831087959309,1.1793528494481484,1.3419047619047624,0.001054986674849193,1.5553247609790144,1.3461904761904768,-0.0012381329514531637,1.3091882152578944,1.3504761904761913,0.0002258996854896007,12.0,0.017142857142858105,0.05000000000000035,0.11633023839416151,0.09999752724438485
0.706,2.0,120.00088504107853,0.9632202475957654,1.299047619047619,0.0020868449664204506,1.5696391837760346,1.3076190476190475,-0.001584803378111685,1.388716721633903,1.3161904761904761,-0.0004404834215925293,0.9632319975255315,1.3247619047619046,0.0022410621616413854,1.569639597354381,1.3333333333333333,-0.0014305163906179871,1.3887330745019482,1.341904761904762,-0.00028627514494486704,1.1926904542074093,1.3504761904761904,0.0010267400461682517,1.55800085673982,1.359047619047619,-0.001177662851588372,1.3055795398686243,1.3676190476190475,0.0003505849941669186,12.0,0.03428571428571431,0.050000000000000364,0.11610227013780725,0.10020419514659061
0.708,2.0,120.00089160552766,0.9752267634134327,1.2819047619047619,0.0019121070858539788,1.5674523581215334,1.2947619047619046,-0.0016492636740847804,1.387840811406968,1.3076190476190475,-0.00048658604408913274,0.9752391633229934,1.3204761904761904,0.0021434651577039534,1.5674546528716642,1.3333333333333333,-0.001417837584126287,1.3878646424610528,1.3461904761904762,-0.000255255589868832,1.2060850476359108,1.359047619047619,0.0009981429890412589,1.5605748942056292,1.371904761904762,-0.0011165765690103484,1.3020037202820263,1.3847619047619046,0.0004750941893596821,12.0,0.05142857142857146,0.05000000000000039,0.11587122947472879,0.10040876823387473
0.71,2.0,120.00089797020632,0.9872584856702735,1.2647619047619045,0.001737210848090831,1.5651925011491867,1.2819047619047619,-0.0017132855773006291,1.3869760718043909,1.299047619047619,-0.0005327591541560941,0.9872719863887564,1.3161904761904761,0.0020457078772048963,1.5651984311174911,1.3333333333333333,-0.0014047279172299857,1.3870130255929627,1.3504761904761904,-0.00022433071190917442,1.2195352018902479,1.3676190476190475,0.0009692039998988201,1.5630475358168254,1.3847619047619046,-0.0010548779366623476,1.2984642494653056,1.401904761904762,0.0005994062497364143,12.0,0.06857142857142862,0.05000000000000043,0.11563714758460832,0.10061117792504687
0.712,2.0,120.00090413683894,0.9993142264704608,1.2476190476190474,0.0015621633716926433,1.5628596626013143,1.269047619047619,-0.0017768692926094065,1.386121916737377,1.2904761904761903,-0.0005789992879692032,0.9993294110434138,1.311904761904762,0.0019477966530960333,1.5628714788007347,1.3333333333333333,-0.0013911905867049473,1.386179250243756,1.3547619047619046,-0.00019350672498634846,1.23303947778802,1.3761904761904762,0.0009399316458013698,1.5654194676794755,1.3976190476190475,-0.0009925709291866674,1.2949646090319809,1.4190476190476191,0.0007235002174938812,12.0,0.08571428571428577,0.050000000000000495,0.1154000574405342,0.10081135644907249
0.714,2.0,120.00091010594002,1.0113927966358593,1.2304761904761903,0.0013869717840343772,1.5604539077911366,1.256190476190476,-0.0018400151184650292,1.385277751341198,1.2819047619047619,-0.000625302928995691,1.0114103815742912,1.3076190476190475,0.001849737819453802,1.5604743565456607,1.3333333333333333,-0.001377228872804409,1.385364333219196,1.359047619047619,-0.00016278978717682157,1.246596425240996,1.3847619047619046,0.0009103345618433076,1.5676913996093451,1.4104761904761904,-0.0009296596632197103,1.2915082684802,1.4361904761904762,0.0008473552029509724,12.0,0.10285714285714292,0.05000000000000059,0.11515999378003997,0.10100923688225324
0.716,2.0,120.00091587704966,1.0234930058914113,1.2133333333333332,0.001211643220184843,1.5579753175694042,1.2433333333333332,-0.0019027234467468204,1.3844429719877565,1.2733333333333332,-0.0006716665080471889,1.023513842386869,1.3033333333333332,0.0017515377105542522,1.5580076388918198,1.3333333333333333,-0.0013628461392739646,1.3845692815558381,1.3633333333333333,-0.0001321859993151766,1.2602045836885474,1.3933333333333333,0.0008804214485540238,1.5698640651706834,1.4233333333333333,-0.0008661483976560707,1.288098684435298,1.4533333333333334,0.0009709503891188005,12.0,0.12000000000000008,0.050000000000000724,0.11491699307709795,0.10120475318712945
0.718,2.0,120.00092144893442,1.0356136630499737,1.196190476190476,0.001036184821794388,1.5554239882868315,1.2304761904761903,-0.001964994762559284,1.3836169663018374,1.2647619047619045,-0.0007180864033551115,1.0356387381542607,1.299047619047619,0.0016532026599644998,1.5554719142906934,1.3333333333333333,-0.0013480458333509193,1.3837950922961793,1.3676190476190475,-0.00010170140362074376,1.273902941869623,1.401904761904762,0.0008502010692972877,1.571834476565962,1.4361904761904762,-0.0008020415338812432,1.2847709427994807,1.4704761904761905,0.0010942650362453553,12.0,0.13714285714285723,0.0500000000000009,0.11467109351462336,0.10139784025265842
0.72,2.0,120.0009268197513,1.0477535761969723,1.179047619047619,0.0008606037359858711,1.5528000317519843,1.2176190476190474,-0.0020268296440067047,1.382799113181037,1.256190476190476,-0.0007645589406681679,1.0477840139652381,1.2947619047619046,0.0015547389996458634,1.5528677850986576,1.3333333333333333,-0.001332831485744161,1.3830427522678577,1.371904761904762,-7.134198234850375e-05,1.2877573874484813,1.4104761904761904,0.0008194394916394044,1.573428915566918,1.4490476190476191,-0.0007367211451100571,1.2815820355827479,1.4876190476190476,0.0012170886289174017,12.0,0.1542857142857144,0.05000000000000112,0.11442233495712689,0.10158843393529446
0.722,2.0,120.00093198719073,1.0599115528750316,1.1619047619047618,0.0006849071142467369,1.550103575184407,1.2047619047619045,-0.002088228761940479,1.3819887828193962,1.2476190476190474,-0.0008110803933719382,1.0599486154710758,1.2904761904761903,0.0014561530590657132,1.5501958675659853,1.3333333333333333,-0.0013172067105919462,1.382313237866939,1.3761904761904762,-4.1113656464288884e-05,1.3017448786558596,1.4190476190476191,0.0007877413895948267,1.57470075716034,1.461904761904762,-0.0006691449219729365,1.278519856353572,1.5047619047619047,0.0013390792150749413,12.0,0.17142857142857154,0.0500000000000014,0.11417075892322437,0.10177647110065544
0.724,2.0,120.00093694859436,1.07208640026859,1.1447619047619044,0.000509102111321237,1.5473347611628778,1.1919047619047618,-0.002149192879677871,1.3811853367347817,1.239047619047619,-0.0008576469826306635,1.0721314890313238,1.286190476190476,0.001357451164316402,1.547456791821715,1.3333333333333333,-0.001301175205395912,1.381607514845354,1.3804761904761904,-1.1022284344491151e-05,1.3158452151062507,1.4276190476190476,0.0007552450137791276,1.5756966295275918,1.4747619047619047,-0.0005996331143906115,1.2755742314740797,1.521904761904762,0.0014603094333071405,12.0,0.18857142857142872,0.05000000000000174,0.11391640855776858,0.10196188966550951
0.726,2.0,120.00094149852987,1.0842769254104572,1.1276190476190475,0.0003331958841027456,1.5444937475533114,1.179047619047619,-0.0022097228526915536,1.380388127796779,1.2304761904761903,-0.0009042548775515486,1.0843315818348125,1.2819047619047619,0.0012586396372406283,1.5446512018708887,1.3333333333333333,-0.0012847407509302905,1.3809265381061162,1.3847619047619046,1.8926339499304224e-05,1.3300406767170057,1.4361904761904762,0.000722071566505353,1.5764572574550308,1.4876190476190476,-0.0005284654914512652,1.272736680606296,1.539047619047619,0.001580840325441236,12.0,0.20571428571428585,0.05000000000002893,0.11365932860340677,0.10214462863997772
0.728,2.0,120.00094596815165,1.0964819353320399,1.1104761904761902,0.000157195590394398,1.541580707470814,1.166190476190476,-0.0022698196281770123,1.3795965002669728,1.2219047619047618,-0.0009509001953521037,1.0965478420774994,1.2776190476190474,0.0011597247947054098,1.5417797555471389,1.3333333333333333,-0.0012679072112253326,1.3802712514940554,1.389047619047619,4.872648564901727e-05,1.3443157285230871,1.4447619047619047,0.0006883273682693942,1.5770181582397216,1.5004761904761905,-0.00045588640187304197,1.2700002177509602,1.5561904761904763,0.0017007227735050816,12.0,0.22285714285714298,0.05000000000004615,0.11339956537144937,0.10232462816930334
0.73,2.0,120.0009504398533,1.108700237198294,1.093333333333333,-1.8891611992240877e-05,1.5385958292478432,1.153333333333333,-0.002329484244824886,1.3788097898451057,1.2133333333333332,-0.0009975790016018378,1.1087792191589747,1.2733333333333332,0.0010607129475350026,1.5388431244464302,1.3333333333333333,-0.0012506785332828336,1.3796425875882883,1.3933333333333333,7.837249103566757e-05,1.3586567593377916,1.4533333333333334,0.0006541056288614775,1.5774102590934445,1.5133333333333334,-0.000382108949438329,1.2673591743751342,1.5733333333333335,0.0018199986934942399,12.0,0.24000000000000016,0.05000000000007591,0.11313716671189845,0.10250182957560994
0.732,2.0,120.00095463391176,1.1209306386073474,1.076190476190476,-0.00019505856604690798,1.5355393162813433,1.1404761904761902,-0.002388717832629918,1.3780273236947023,1.2047619047619045,-0.0010442873104992074,1.12102466370504,1.269047619047619,0.0009616103993318656,1.535841993977737,1.3333333333333333,-0.0012330587466785818,1.3790414675248588,1.3976190476190475,0.00010785876018455553,1.373051850430972,1.461904761904762,0.0006194880154018226,1.577660444662166,1.5261904761904763,-0.00030731869741780883,1.2648090422624472,1.5904761904761906,0.0019387020966063382,12.0,0.25714285714285734,0.050000000000080765,0.11287218198256385,0.10267617539914997
0.734,2.0,120.0009587126033,1.1331719477281696,1.0590476190476188,-0.0003712981173583718,1.5324113869877274,1.1276190476190475,-0.002447521611973775,1.3772484204970283,1.196190476190476,-0.0010910210850253574,1.1332831277466926,1.2647619047619045,0.0008624234463411868,1.5327770632990785,1.3333333333333333,-0.0012150519638664226,1.3784688008001993,1.401904761904762,0.0001371797662794192,1.3874905708359613,1.4704761904761905,0.0005845460402713103,1.5777920423437641,1.539047619047619,-0.00023167695368728224,1.2623463339640268,1.6076190476190477,0.0020568600321396032,12.0,0.27428571428571447,0.050000000000061655,0.11260466201719119,0.10284760943915432
0.736,2.0,120.00096239999668,1.145422973480281,1.0419047619047617,-0.0005476031149404479,1.5292122747230397,1.1147619047619046,-0.0025058968933549365,1.376472390502717,1.1876190476190474,-0.001137776237267886,1.1455535648596191,1.2604761904761903,0.0007631583763769862,1.5296490452757059,1.3333333333333333,-0.0011966623797944713,1.3779254850849925,1.4061904761904762,0.00016633005234166154,1.4019637962829838,1.4790476190476192,0.0005493422892699474,1.5778252522544947,1.551904761904762,-0.0001553236826340134,1.2599684589482352,1.6247619047619049,0.0021744934247872683,12.0,0.29142857142857165,0.05000000000004079,0.11233465909257441,0.10301607679397123
0.738,2.0,120.00096567603951,1.1576825256585226,1.0247619047619045,-0.0007239664123102587,1.5259422277363808,1.1019047619047617,-0.002563845076909668,1.3756985355955011,1.179047619047619,-0.0011845486287305885,1.1578349303556854,1.256190476190476,0.0006638214679851417,1.5264586663960176,1.3333333333333333,-0.0011778942716542359,1.3774124060349322,1.4104761904761904,0.00019530423234718786,1.4164663960532038,1.4876190476190476,0.0005139315080163827,1.577770219345714,1.5647619047619048,-7.838008495553916e-05,1.257675844571132,1.641904761904762,0.002291617817739161,12.0,0.3085714285714288,0.050000000000009946,0.11206222689459287,0.10318152390051676
0.74,2.0,120.00096887913155,1.1699494151632372,1.0076190476190474,-0.000900380868236851,1.5226015090436755,1.0890476190476188,-0.0026213676521325718,1.374926149344329,1.1704761904761902,-0.0012313340707158656,1.1701261813653534,1.2519047619047619,0.0005644189892944587,1.5232066667584538,1.3333333333333333,-0.001158751998376106,1.3769304371223177,1.4147619047619047,0.00022409699236183479,1.4309966903459268,1.4961904761904763,0.00047834448082363504,1.5776283058980827,1.5776190476190477,-9.070303599973961e-07,1.2554715713080102,1.659047619047619,0.0024082306468589227,12.0,0.3257142857142859,0.050000000000015345,0.11178742048323302,0.10334389857250441
0.742,2.0,120.00097184889594,1.1822224541796664,0.9904761904761902,-0.0010768393481222825,1.5191903963310973,1.076190476190476,-0.0026784661971191977,1.3741545170672942,1.1619047619047618,-0.0012781283246374035,1.1824262769652005,1.2476190476190474,0.00046495719752216404,1.5198938000213338,1.3333333333333333,-0.0011392400005507234,1.3764804394654406,1.4190476190476191,0.00025270309155180873,1.4455530531455896,1.5047619047619047,0.00044259128649586766,1.5774007535711045,1.5904761904761906,7.708730746864756e-05,1.2533587400320436,1.6761904761904765,0.0025243134292947974,12.0,0.3428571428571431,0.050000000000010016,0.11151029625649865,0.10350315003814409
0.744,2.0,120.00097458275752,1.1945004563413502,0.973333333333333,-0.0012533347250780003,1.5157091818639952,1.063333333333333,-0.002735142377986586,1.3733829159020559,1.153333333333333,-0.0013249271024037665,1.1947341783163743,1.2433333333333332,0.00036544233820879593,1.5165208333392197,1.3333333333333333,-0.0011193628001280032,1.3760632616610817,1.4233333333333333,0.0002811173632073563,1.4601338560260684,1.5133333333333334,0.0004066816811264631,1.5770888280703521,1.6033333333333335,0.00015559547857337374,1.25134042731492,1.6933333333333334,0.0026398475598077386,12.0,0.3600000000000002,0.05000000000000558,0.11123091191324096,0.10365922897674337
0.746,2.0,120.00097707833069,1.2067822369014658,0.9561904761904758,-0.001429859880905246,1.5121581723843684,1.0504761904761901,-0.0027913979483268304,1.3726106148792483,1.1447619047619044,-0.0013717260668409087,1.2070488487910227,1.239047619047619,0.00026588064438746794,1.5130885473019275,1.3333333333333333,-0.0010991250000353188,1.3756797396235614,1.4276190476190476,0.00030933471574779505,1.4747374685390218,1.521904761904762,0.0003706254352721623,1.5766938190857334,1.6161904761904764,0.00023460988872074575,1.249419684800227,1.7104761904761907,0.0027548145789676242,12.0,0.37714285714285745,0.050000000000001904,0.11094932641495854,0.10381208755425855
0.748,2.0,120.00097933343679,1.21906661290205,0.9390476190476187,-0.0016064077071230828,1.508537689003859,1.0376190476190474,-0.002847234748591926,1.3718368750004106,1.136190476190476,-0.001418520832132634,1.219369254095694,1.2347619047619047,0.00016627833582529217,1.5095977358698305,1.3333333333333333,-0.0010785312838115658,1.3753306964290501,1.4319047619047618,0.00033735013368720246,1.4893622585982678,1.5304761904761905,0.0003344323316230127,1.576217040222334,1.629047619047619,0.0003141227997713143,1.2475995385862266,1.7276190476190478,0.002869196176912925,12.0,0.3942857142857145,0.0499999999999989,0.11066559994654841,0.10396167945771417
0.75,2.0,120.00098134611207,1.2313524033405934,0.9219047619047616,-0.0017829711059837306,1.5048480670925501,1.0247619047619045,-0.0029026547054517276,1.371060949320538,1.1276190476190475,-0.0014653069642881786,1.2316943623919405,1.2304761904761903,6.664161828297788e-05,1.5060492063052315,1.3333333333333333,-0.0010575864152189834,1.3750169421651555,1.4361904761904762,0.00036515867856855657,1.504006592860064,1.539047619047619,0.0002981121626961074,1.5756598289237194,1.641904761904762,0.0003941263300945672,1.2458829886182332,1.744761904761905,0.00298297419705407,12.0,0.4114285714285717,0.04999999999999645,0.11037979387604865,0.10410795992845556
0.752,2.0,120.00098311462506,1.2436384293338574,0.9047619047619044,-0.001959542991472134,1.5010896561636153,1.0119047619047616,-0.0029576598311267313,1.3702820830352938,1.1190476190476188,-0.0015120799816375143,1.244023144414035,1.226190476190476,-3.302331720878682e-05,1.5024437790998209,1.3333333333333333,-0.0010362952378313896,1.374739273785848,1.4404761904761905,0.00039275548986621,1.5186688370991717,1.5476190476190477,0.0002616747285539014,1.575023546387583,1.6547619047619049,0.0004746124550291131,1.2442730080908047,1.761904761904762,0.0030961306397191734,12.0,0.4285714285714289,0.049999999999994486,0.11009197071340075,0.10425088579418233
0.754,2.0,120.00098463748103,1.2559235142787664,0.8876190476190473,-0.0021361162902888606,1.497262819753857,0.9990476190476187,-0.0030122522226959797,1.3694995135729264,1.1104761904761902,-0.0015588353553546215,1.256354573583714,1.2219047619047618,-0.00013271029505563937,1.4987822878982286,1.3333333333333333,-0.0010146626745989255,1.3744984749717855,1.4447619047619047,0.0004201357858563406,1.5333473565805817,1.5561904761904763,0.0002251298345478281,1.5743095774736313,1.6676190476190478,0.0005555730073887885,1.2427725428599508,1.7790476190476192,0.0032086476657408876,12.0,0.44571428571428595,0.04999999999999293,0.10980219406826698,0.1043904154997172
0.756,2.0,120.00098591342808,1.2682064840102498,0.8704761904761901,-0.002312683942815458,1.4933679353001699,0.9861904761904758,-0.003066434061380288,1.3687124706909193,1.1019047619047617,-0.0016055685100089883,1.268687626121883,1.2176190476190474,-0.00023241315578800004,1.4950655794176753,1.3333333333333333,-0.0009926937273893723,1.3742953159960876,1.4490476190476191,0.0004472948644550021,1.5480405164267992,1.5647619047619048,0.00018848728908793833,1.5735193306035893,1.6804761904761907,0.0006369996780153562,1.24138451086556,1.7961904761904766,0.003320507599983155,12.0,0.4628571428571432,0.04999999999999173,0.10951052860694119,0.10452650913646888
0.758,2.0,120.00098694146797,1.2804861669559118,0.8533333333333329,-0.0024892389040615014,1.4894053940119578,0.973333333333333,-0.003120207611801021,1.3679201765774085,1.093333333333333,-0.0016522748241455175,1.2810212811572215,1.2133333333333332,-0.0003321257567312985,1.4912945133637243,1.3333333333333333,-0.000970393476506052,1.3741305535956096,1.4533333333333334,0.0004742281040234748,1.5627466819805795,1.5733333333333335,0.00015175690143920574,1.5726542376532204,1.6933333333333334,0.0007188840163784645,1.2401118015642358,1.8133333333333335,0.0034316929348066415,12.0,0.4800000000000003,0.04999999999999083,0.10921704000839469,0.10465912847055064
0.76,2.0,120.00098772085542,1.2927613942874203,0.8361904761904758,-0.0026657741445926158,1.4853756007395351,0.9604761904761902,-0.003173575221214606,1.3671218459573917,1.0847619047619046,-0.0016989496308930235,1.293354520831644,1.209047619047619,-0.0004318419726576153,1.4874699623421332,1.3333333333333333,-0.0009477670801823464,1.374004930847762,1.4576190476190476,0.0005009309641406277,1.5765920980028805,1.581904761904762,0.00011494847954509436,1.5718331840207957,1.7061904761904763,0.000801217431223535,1.239334620860533,1.8304761904761908,0.00354218633347173,12.0,0.49714285714285744,0.04999999999999016,0.10892179491950181,0.10478823696951982
0.762,2.0,120.00098825110561,1.3050310000685192,0.8190476190476186,-0.0028422826514388107,1.4812789738385348,0.9476190476190473,-0.0032265393187229274,1.36631668620375,1.076190476190476,-0.001745588218601495,1.3056863304025743,1.2047619047619045,-0.0005315556964184367,1.4835928117667987,1.3333333333333333,-0.0009248197740528,1.373919177052913,1.461904761904762,0.0005273989863420004,1.5879420286524313,1.5904761904761906,8.330455483986077e-05,1.5712605948600389,1.7190476190476192,0.0008832866101609405,1.2397708492685466,1.847619047619048,0.0036497065605510903,12.0,0.5142857142857147,0.04999999999998972,0.1086248609094918,0.10491379982770643
0.764,2.0,120.00098853199424,1.3172938213995704,0.8019047619047615,-0.003018757428982547,1.4771159450303477,0.9347619047619045,-0.003279102414459782,1.3655038974530989,1.0676190476190475,-0.0017921858315082147,1.318015698342008,1.2004761904761903,-0.0006312608395583044,1.4796639597637897,1.3333333333333333,-0.0009015568706007926,1.3738740076224143,1.4661904761904763,0.0005536277948253789,1.597094836411791,1.599047619047619,6.663354237112662e-05,1.5708835722496965,1.731904761904762,0.0009638650022683391,1.2413003515076173,1.864761904761905,0.0037499463329601504,12.0,0.5314285714285718,0.04999999999998944,0.10832630642367579,0.10503578399010206
0.766,2.0,120.00098856356178,1.3295486985585476,0.7847619047619043,-0.0031951914998259966,1.472886959258613,0.9219047619047616,-0.003331267098753517,1.3646826727264845,1.0590476190476188,-0.0018387376704328804,1.3303416164323396,1.196190476190476,-0.0007309513329091915,1.4756843170714602,1.3333333333333333,-0.0008779837585827389,1.3738701239722761,1.4704761904761905,0.0005796130971226572,1.6043628635165843,1.6076190476190477,6.314526724354064e-05,1.5706603098726348,1.744761904761905,0.0010432699950732505,1.2437902836172727,1.8819047619047622,0.0038436264623828696,12.0,0.5485714285714289,0.04999999999998931,0.10802620073649939,0.10515415817478277
0.768,2.0,120.00098834611217,1.341794475138407,0.7676190476190472,-0.0033715779056370026,1.4685924745417795,0.9090476190476187,-0.0033830360412659653,1.3638521980549292,1.0504761904761901,-0.001885238893501766,1.342663079858945,1.1919047619047618,-0.0008306211271654669,1.4716548069366289,1.3333333333333333,-0.0008541059024287617,1.3739082134225253,1.4747619047619047,0.0006053506847377714,1.610019033253996,1.6161904761904764,7.096567604335257e-05,1.5705649938036108,1.7576190476190479,0.0011217524264784781,1.2471193608875373,1.8990476190476193,0.00393154401258208,12.0,0.5657142857142861,0.049999999999989296,0.10772461390397266,0.1052688928938428
0.77,2.0,120.00098788021555,1.3540299981807706,0.75047619047619,-0.003547909707973302,1.4642329618217595,0.8961904761904758,-0.0034344119901078226,1.363011652609835,1.0419047619047617,-0.0019316846169010052,1.3549790872995087,1.1876190476190474,-0.0009302641934393856,1.467576365006819,1.3333333333333333,-0.0008299288416197736,1.3739889491022657,1.4790476190476192,0.000630836433750563,1.6143018468576937,1.6247619047619049,8.845722904745256e-05,1.5705712512846737,1.7704761904761908,0.0011994671800354796,1.2511836540834202,1.9161904761904767,0.004014426691817637,12.0,0.5828571428571433,0.04999999999998938,0.1074216167155307,0.10537996047281818
0.772,2.0,120.00098716670647,1.3662541183058636,0.733333333333333,-0.003724179989084626,1.4598089048086877,0.8833333333333331,-0.003485397770930559,1.362160208838245,1.0333333333333332,-0.001978069915659011,1.3672886410101035,1.1833333333333331,-0.0010298745237970533,1.4634499392185432,1.3333333333333333,-0.0008054581900409143,1.3741129898604627,1.4833333333333334,0.0006560663053864064,1.6174195069340558,1.6333333333333333,0.00011418891885383742,1.5706477292053531,1.7833333333333334,0.0012765724922919586,1.2558967553827542,1.9333333333333336,0.00409289807549948,12.0,0.6000000000000003,0.04999999999998954,0.10711728064537888,0.10548733506858217
0.774,2.0,120.00098620668457,1.3784656898386534,0.7161904761904757,-0.0039003818526923274,1.45532079982181,0.8704761904761901,-0.003535996285994986,1.361297032602958,1.0247619047619045,-0.0020243898244580423,1.3795907469080242,1.179047619047619,-0.0011294461317749077,1.459276489681624,1.3333333333333333,-0.0007806996353112595,1.3742809801824678,1.4876190476190476,0.0006810363465515095,1.61955333465697,1.641904761904762,0.00014691152982423717,1.5707645754873607,1.7961904761904766,0.0013532564819107406,1.2611848433617239,1.950476190476191,0.00416747661056062,12.0,0.6171428571428575,0.04999999999998977,0.10681167780337784,0.10559099268569648
0.776,2.0,120.0009850015116,1.3906635709311468,0.6990476190476186,-0.004076508424746209,1.450769155626516,0.8576190476190473,-0.0035862105132165767,1.3604212833274907,1.0161904761904759,-0.0020706393384748935,1.3918844146513938,1.1747619047619047,-0.001228973052876717,1.4550569885595364,1.3333333333333333,-0.0007556589380897441,1.3744935501122937,1.4919047619047618,0.0007057426903337643,1.6208608415633194,1.6504761904761907,0.00018553713491532432,1.570898850778311,1.8090476190476192,0.0014296982613615512,1.2669824532674558,1.9676190476190478,0.004238605225543944,12.0,0.6342857142857147,0.04999999999999005,0.10650488088552351,0.10569091119120559
0.778,2.0,120.00098355281077,1.4028466236808046,0.6819047619047615,-0.004252552854158312,1.4461544932675365,0.8447619047619044,-0.00363604350518767,1.359532114145875,1.0076190476190474,-0.0021168134142506598,1.4041686577155585,1.1704761904761902,-0.0013284493450512213,1.4507924199457634,1.3333333333333333,-0.0007303419313572186,1.3747513151806496,1.4961904761904763,0.0007301815564690956,1.6214785567949908,1.659047619047619,0.00022912066490579798,1.5710357877103158,1.8219047619047621,0.0015060354667587065,1.273230444214181,1.9847619047619052,0.004306676708966696,12.0,0.6514285714285718,0.049999999999990365,0.10619696312407878,0.10578707032786283
0.78,2.0,120.00098186246507,1.4150137142450414,0.6647619047619042,-0.004428508313513402,1.4414773458983232,0.8319047619047615,-0.0036854983881766503,1.358628672057276,0.9990476190476187,-0.002162906970589537,1.416442493466298,1.166190476190476,-0.0014278690891504954,1.446483779736152,1.3333333333333333,-0.0007047545196745806,1.3750548763387405,1.5004761904761905,0.0007543492517732453,1.621524603142096,1.6676190476190478,0.00027684294494434214,1.5711669952140532,1.834761904761905,0.0015823567023095352,1.2798756183500117,2.001904761904762,0.004372045906143486,12.0,0.668571428571429,0.049999999999990705,0.10588799823741274,0.10587945172577995
0.782,2.0,120.00097993261431,1.4271637129517827,0.6476190476190471,-0.004604367999755966,1.4367382586066337,0.8190476190476186,-0.003734578361104228,1.357710098085412,0.9904761904761902,-0.002208914889486515,1.428704943229878,1.1619047619047618,-0.0015272263893692174,1.4421320754972604,1.3333333333333333,-0.0006789026784169128,1.3754048198978301,1.5047619047619047,0.0007782421705389857,1.6211010054819723,1.6761904761904765,0.00032799523829028267,1.5712873178530298,1.847619047619048,0.0016587123144299683,1.2868711453957165,2.0190476190476194,0.004435032004185646,12.0,0.6857142857142862,0.04999999999999108,0.10557806037960457,0.10596803891249432
0.784,2.0,120.00097776565087,1.4392954944060572,0.63047619047619,-0.004780125134853557,1.4319377882363415,0.8061904761904758,-0.0037832866944969477,1.3567755274427507,0.9819047619047616,-0.0022548320170839025,1.4409550323599816,1.1576190476190473,-0.0016265153736649838,1.4377383263306875,1.3333333333333333,-0.0006527924529835629,1.3758017174745665,1.5090476190476192,0.0008018567948987343,1.620295692483168,1.684761904761905,0.00038196539567959543,1.571393317234091,1.8604761904761906,0.001735133235738965,1.294176328589581,2.0361904761904768,0.004495915984768562,12.0,0.7028571428571433,0.04999999999999146,0.10526722408986873,0.10605281732144947
0.786,2.0,120.00097536421825,1.451407937592607,0.6133333333333328,-0.0049557729664363465,1.427076503205494,0.793333333333333,-0.0038316267294180514,1.3558240896994576,0.973333333333333,-0.0023006531646565056,1.4531917903015565,1.153333333333333,-0.0017257301941598908,1.4333035627333788,1.3333333333333333,-0.0006264299579841257,1.3762461259420609,1.5133333333333334,0.0008251896951526017,1.619184241209104,1.6933333333333334,0.0004382258451009924,1.5714828956304188,1.8733333333333335,0.001811640096595455,1.3017559271386077,2.0533333333333337,0.0045549420284625155,12.0,0.7200000000000004,0.04999999999999185,0.10495556424185805,0.10613377429888811
0.788,2.0,120.00097273120633,1.4634999259745038,0.5961904761904757,-0.005131304768412788,1.422154983320643,0.7804761904761901,-0.0038796018763758234,1.354854908957064,0.9647619047619045,-0.0023463731096253185,1.46541425065162,1.1490476190476189,-0.0018248650275236261,1.4288288264539,1.3333333333333333,-0.0005998213764002731,1.3767385873867113,1.5176190476190476,0.0008482375300619207,1.6178314180881967,1.701904761904762,0.0004963231241739483,1.5715550040733148,1.8861904761904764,0.0018882454833603459,1.3095795373828778,2.0704761904761906,0.004612321580025497,12.0,0.7371428571428575,0.049999999999992245,0.1046431559929015,0.10621089910915767
0.79,2.0,120.00096986974683,1.4755703475877642,0.5790476190476184,-0.005306713841561313,1.4171738195874748,0.7676190476190471,-0.003927215614209576,1.3538671040268198,0.9561904761904758,-0.0023919865965995294,1.4776214512170687,1.1447619047619044,-0.0019239140753382928,1.4243151703446757,1.3333333333333333,-0.0005729729587234003,1.3772796290707563,1.521904761904762,0.0008709970471083049,1.6162925396621883,1.7104761904761907,0.0005558686343279638,1.571609400702005,1.8990476190476193,0.001964955689845827,1.3176210381698197,2.0876190476190484,0.004668237061417024,12.0,0.7542857142857149,0.04999999999999264,0.10433007473323296,0.10628418293843186
0.792,2.0,120.0009667832112,1.4876180951319613,0.5619047619047615,-0.005481993514098016,1.4121336140177638,0.7547619047619044,-0.003974471488953422,1.3528597886126903,0.9476190476190474,-0.0024374883384466342,1.489812434069545,1.1404761904761904,-0.0020228715644452695,1.4197636582101907,1.3333333333333333,-0.0005458910220680546,1.3778697634005406,1.526190476190476,0.0008934650827183188,1.614614673379555,1.7190476190476192,0.000616530476312585,1.5716464519179851,1.9119047619047622,0.002041772167216544,1.325858094119691,2.1047619047619053,0.004722845199552514,12.0,0.7714285714285718,0.049999999999993036,0.10401639603526687,0.1063536188968531
0.794,2.0,120.0009634752021,1.499642066056836,0.5447619047619042,-0.005657137142220343,1.4070349794326842,0.7419047619047615,-0.004021373112678014,1.3518320714989585,0.9390476190476187,-0.00248287301739043,1.5019862455974091,1.136190476190476,-0.002121731747274415,1.4151753646511518,1.3333333333333333,-0.0005185819492611446,1.3785094879004727,1.5304761904761905,0.0009156385624538998,1.6128376964739264,1.7276190476190478,0.000678026245436957,1.571666969858513,1.9247619047619051,0.00211869271706352,1.3342717110838642,2.121904761904762,0.004776280006710428,12.0,0.788571428571429,0.04999999999999344,0.10370219560297632,0.106419202019103
0.796,2.0,120.00095994955211,1.5116411626449129,0.527619047619047,-0.005832138110626734,1.401878539262506,0.7290476190476185,-0.004067924162310394,1.3507830567423806,0.9304761904761901,-0.00252813528613661,1.514141936554877,1.1319047619047617,-0.0022204889021558843,1.4105513749046126,1.3333333333333333,-0.0004910521879069112,1.3791992851926482,1.5347619047619048,0.0009375145011685926,1.6109952289833698,1.7361904761904765,0.0007401166782993007,1.5716720805669862,1.937619047619048,0.0021957124665632098,1.3428458386497102,2.1390476190476195,0.004828655447782532,12.0,0.8057142857142863,0.049999999999993834,0.10338754922142873,0.10648092926341036
0.798,2.0,120.0009562103169,1.5236142920901339,0.5104761904761899,-0.006006989833012338,1.396664927342712,0.7161904761904757,-0.004114128378432181,1.3497118438688491,0.9219047619047616,-0.0025732697690257146,1.5262785621083836,1.1276190476190475,-0.0023191373336149766,1.4058927846800642,1.3333333333333333,-0.0004633082494276759,1.3799396229821128,1.539047619047619,0.0009590900031298246,1.609115455198252,1.744761904761905,0.0008026000546712111,1.5716631180032887,1.950476190476191,0.002272824659455229,1.351567015039835,2.156190476190477,0.0048800678252446,12.0,0.8228571428571434,0.04999999999999422,0.10307253270653323,0.1065387995090079
0.8,2.0,120.00095226176876,1.5355603665725246,0.49333333333333274,-0.006181685752540807,1.3913947877065713,0.7033333333333329,-0.004159989564056275,1.3486175280745032,0.913333333333333,-0.002618271063213097,1.5383951818802335,1.123333333333333,-0.0024176713726503036,1.4012006999914977,1.3333333333333333,-0.00043535670808038553,1.3807309540477302,1.5433333333333334,0.0009803622621073237,1.6072198612031288,1.7533333333333334,0.0008653072688104881,1.571641642117929,1.9633333333333336,0.0023500212919802693,1.360424991517481,2.173333333333334,0.004930597909760993,12.0,0.8400000000000005,0.04999999999999461,0.10275722185505336,0.10659281355205107
0.802,2.0,120.00094810839313,1.547478303328912,0.4761904761904755,-0.006356219342292295,1.3860687743742035,0.6904761904761899,-0.004205511583382289,1.3474992004312338,0.9047619047619044,-0.0026631337398755925,1.550490859989603,1.1190476190476188,-0.002516085376995688,1.3964762369854458,1.3333333333333333,-0.0004072041999489864,1.3815737162386248,1.5476190476190477,0.0010013285614279051,1.6053146452992741,1.761904761904762,0.0009281094042098,1.5716098115054153,1.9761904761904767,0.002427293004435287,1.3694168426268636,2.190476190476191,0.0049803071937522606,12.0,0.8571428571428578,0.049999999999995,0.10244169239493821,0.10664297410001425
0.804,2.0,120.00094375488,1.559367024719719,0.4590476190476185,-0.0065305841056877605,1.3806875511381782,0.6776190476190471,-0.004250698360530938,1.3463559480965168,0.8961904761904759,-0.0027078523454445477,1.562564665090964,1.1147619047619046,-0.0026143737313661904,1.3917205217650153,1.3333333333333333,-0.000378857421912675,1.3824683324761557,1.551904761904762,0.0010219862739968227,1.603399286938356,1.7704761904761908,0.0009909692710614996,1.571569815130378,1.9890476190476194,0.0025046268452532244,1.378542966851336,2.207619047619048,0.005029213229953107,12.0,0.8742857142857148,0.04999999999999538,0.10212601993602351,0.10668928576458155
0.806,2.0,120.23398090573991,1.5712254582918643,0.44190476190476136,-0.006704773576889747,1.3752517913456885,0.6647619047619043,-0.004295553878257643,1.3451868545275092,0.8876190476190473,-0.002752421402864817,1.5746156704099985,1.1104761904761902,-0.0027125308476886427,1.386934690209922,1.3333333333333333,-0.000350323130590092,1.3834152107613849,1.5561904761904763,0.0010423328622859236,1.601473393731803,1.7790476190476192,0.0010538899926555794,1.5715235219676793,2.001904761904762,0.002582009680646304,1.3878038384781743,2.2247619047619054,0.005077313627463416,12.0,0.8914285714285719,0.04999999999999576,0.10181027992115387,0.10673175505305085
0.808,2.0,120.16690530256767,1.5816095076075922,0.4247619047619041,-0.006878781321179762,1.3708309730978516,0.6519047619047614,-0.004340082176645563,1.3441781166041868,0.8790476190476186,-0.0027968354128793432,1.5851496666680998,1.106190476190476,-0.0028105511653171355,1.3832219131326415,1.3333333333333333,-0.0003216081412595324,1.3846103750724315,1.5604761904761906,0.0010623658782888342,1.5995366856393356,1.7876190476190479,0.001116873923323469,1.571472521837835,2.014761904761905,0.002659430296765354,1.3971999950211431,2.2419047619047623,0.005124605540559528,12.0,0.9085714285714291,0.049999999999996166,0.10153129500955638,0.10676808477016118
0.81,2.0,120.12588629548718,1.5900429047391362,0.4076190476190469,-0.0070439427599312725,1.3677869174021082,0.6390476190476184,-0.004390700124301399,1.3433858354097892,0.8704761904761901,-0.0028422115567679805,1.5936742233005816,1.1019047619047617,-0.0028994694285800282,1.380955463156242,1.3333333333333333,-0.00029933147879584966,1.3861138865840525,1.5647619047619048,0.00108090917813684,1.5975889810707942,1.7961904761904766,0.001179922743306846,1.5714181613059803,2.027619047619048,0.002736879154687278,1.4067320261442129,2.2590476190476196,0.005171085744158859,12.0,0.9257142857142864,0.0499999999999966,0.10130337880506318,0.10679773689975265
0.812,2.0,120.09427180733566,1.596797847685582,0.39047619047618976,-0.007197400285577679,1.365926113022168,0.6261904761904756,-0.004449578647269796,1.3427695169250666,0.8619047619047615,-0.002888886441030166,1.6004713535584743,1.0976190476190473,-0.0029763310540892062,1.3799360328597101,1.3333333333333333,-0.0002857327789374522,1.3878848328376958,1.5690476190476192,0.0010976023947814003,1.595630184641453,1.804761904761905,0.001243037542146665,1.571361575313448,2.0404761904761908,0.0028143481750212626,1.4164005638835768,2.276190476190477,0.005216750700277585,12.0,0.9428571428571435,0.04999999999999706,0.10111916843911803,0.10682189759348353
0.8140000000000001,2.0,120.07005513715347,1.6021129290916616,0.37333333333333263,-0.007340787086113496,1.365076858555687,0.6133333333333328,-0.004515556678133011,1.3422945354595153,0.8533333333333329,-0.002936617101550402,1.6057881327392318,1.093333333333333,-0.0030428281213508474,1.3799869290894031,1.3333333333333333,-0.0002796161971582611,1.389888420034266,1.5733333333333335,0.001112691002973826,1.5936602763932126,1.8133333333333335,0.0013062188921512835,1.571303715024865,2.0533333333333337,0.002891830548119314,1.426206274021878,2.293333333333334,0.005261596616698542,12.0,0.9600000000000006,0.04999999999999753,0.10097280359601547,0.10684149257746327
0.8160000000000001,2.0,120.05162358974108,1.6061970224472133,0.3561904761904755,-0.007475534717407117,1.3650873053253132,0.6004761904761899,-0.0045876040084769825,1.3419311747401024,0.8447619047619044,-0.0029851957841856656,1.609840749108246,1.0890476190476188,-0.003100443082149678,1.380952049858126,1.3333333333333333,-0.0002799215745364192,1.392094964801799,1.5776190476190477,0.00112638376550869,1.5916793023146867,1.8219047619047621,0.0013694669130692972,1.5712453723208555,2.0661904761904766,0.0029693205669936696,1.436149848484478,2.310476190476191,0.005305619498725878,12.0,0.9771428571428578,0.049999999999998004,0.10085908403863174,0.106857313618982
0.8180000000000001,2.0,120.0376897811542,1.6092327344497914,0.3390476190476184,-0.00760289642039757,1.3658235711788063,0.587619047619047,-0.004664809546237597,1.3416538496555495,0.8361904761904758,-0.0030344441912977596,1.612818101596658,1.0847619047619046,-0.003150473066078049,1.3826939298554084,1.3333333333333333,-0.00028571229914875663,1.3944790774272051,1.581904761904762,0.0011388587826177772,1.5896873660115876,1.8304761904761908,0.0014327813289690247,1.571187201319257,2.0790476190476195,0.003046813480360584,1.4462319986418282,2.327619047619048,0.005348815194807422,12.0,0.9942857142857149,0.04999999999999846,0.10077340556532603,0.10687002875995737
0.8200000000000001,2.0,120.02723240666054,1.6113794715271519,0.32190476190476125,-0.007723967835270181,1.3671679530739196,0.5747619047619043,-0.004746369998501412,1.3414404708502512,0.8276190476190473,-0.003084208812219013,1.614884994509877,1.0804761904761904,-0.003194051466722806,1.3850918853089538,1.3333333333333333,-0.0002961635791324508,1.397018996201766,1.5861904761904762,0.0011502683925796262,1.587684621395231,1.8390476190476193,0.0014961615182161902,1.5711297372656154,2.0919047619047624,0.0031243053635130326,1.4564534494147228,2.3447619047619055,0.005391179436720464,12.0,1.011428571428572,0.04999999999999891,0.10071170111052787,0.10688019553037414
0.8220000000000001,2.0,120.019446006388,1.612776163020858,0.3047619047619039,-0.007839705400591488,1.3690172551323068,0.5619047619047612,-0.0048315791470149505,1.3412719226811054,0.8190476190476186,-0.0031343571108157957,1.6161849737236864,1.076190476190476,-0.0032321671099164073,1.3880402767961704,1.3333333333333333,-0.0003105513118537231,1.399696041453674,1.5904761904761906,0.0011607431656465471,1.5856712662716117,1.847619047619048,0.0015596065573429021,1.5710734130961064,2.1047619047619053,0.0032017930049777392,1.4668149340905783,2.3619047619047624,0.005432707874940238,12.0,1.0285714285714294,0.04999999999999933,0.10067038666903927,0.10688827517399986
0.8240000000000001,2.0,120.01369894494914,1.61354367876096,0.2876190476190468,-0.007950942692410867,1.3712812406509316,0.5490476190476183,-0.004919817816508131,1.3411316315148423,0.81047619047619,-0.0031847743932294924,1.616842843844436,1.0719047619047617,-0.0032656812709135484,1.3914468997099385,1.3333333333333333,-0.0003282416607770227,1.402494164768155,1.5947619047619048,0.0011703951798493844,1.5836475367265654,1.8561904761904766,0.0016231152595131894,1.5710185739424447,2.117619047619048,0.003279273807137651,1.477317189769032,2.3790476190476197,0.005473396109742249,12.0,1.0457142857142865,0.04999999999999971,0.1006463117533344,0.10689464665159813
0.8260000000000001,2.0,120.00949866040388,1.6137869745807396,0.27047619047618965,-0.008058404929708623,1.3738812106708165,0.5361904761904756,-0.005010544586762736,1.3410052063629743,0.8019047619047615,-0.003235361217660485,1.6169669014278254,1.0676190476190475,-0.003295342777352331,1.395231505686282,1.3333333333333333,-0.00034868139825963154,1.4053995742688474,1.599047619047619,0.0011793207256767843,1.581613702186855,1.864761904761905,0.0016866862082120378,1.5709654898881984,2.130476190476191,0.0033567456992024784,1.4879609533429636,2.396190476190477,0.00551323971852867,12.0,1.0628571428571436,0.05000000000000006,0.10063671410989188,0.10689961969600555
0.8280000000000001,2.0,120.00646357170902,1.6135969956337193,0.25333333333333274,-0.008162721847484442,1.376748707571329,0.5233333333333329,-0.0051032872640249015,1.3408801377484942,0.793333333333333,-0.0032860312381778477,1.6166509154870339,1.063333333333333,-0.0033218014085669542,1.3993244538065246,1.3333333333333333,-0.00037138903411769285,1.4084004210006815,1.6033333333333335,0.0011876025543869164,1.5795700592366022,1.8733333333333335,0.0017503177868788708,1.5709143718879477,2.1433333333333335,0.0034342070606708107,1.4987469565201494,2.413333333333334,0.005552234279942223,12.0,1.0800000000000005,0.050000000000038236,0.10063917843017378,0.10690344653982023
0.8300000000000001,2.0,120.00429844637976,1.613052364110397,0.2361904761904754,-0.008264439116659463,1.3798243393509213,0.5104761904761899,-0.005197635102570835,1.340745543724674,0.7847619047619043,-0.0033367093979195395,1.615975883100515,1.0590476190476188,-0.0033456197786364906,1.4036654873236605,1.3333333333333333,-0.000395946722839148,1.411486534685859,1.6076190476190477,0.0011953117597101972,1.577516924804231,1.8819047619047622,0.0018140082160089598,1.5708653892692281,2.156190476190477,0.003511656625815175,1.509675920368675,2.430476190476191,0.005590375403736249,12.0,1.0971428571428579,0.050000000000111795,0.10065159879795446,0.10690633216576599
0.8320000000000001,2.0,120.00277835537953,1.6122208750528635,0.21904761904761827,-0.008364028470376672,1.3830567184360374,0.49761904761904696,-0.005293231750391246,1.3405919543176585,0.7761904761904758,-0.0033873304052051897,1.6150115848946218,1.0547619047619046,-0.0033672838700316635,1.4082026296671364,1.3333333333333333,-0.0004219929239419633,1.414649199631591,1.611904761904762,0.001202509363313418,1.575454633491847,1.8904761904761909,0.0018777555940317598,1.5708186766214773,2.1690476190476193,0.003589093378670347,1.5207485530988127,2.4476190476190482,0.00562765876350224,12.0,1.114285714285715,0.05000000000022723,0.10067214461990227,0.10690844307584081
0.834,2.0,120.0017306966104,1.6111608213941546,0.20190476190476114,-0.008461896678888614,1.38640150776355,0.48476190476190417,-0.0053897688820448,1.340411127491965,0.7676190476190472,-0.0034378374401916683,1.6138179624699611,1.0504761904761901,-0.0033872123665105902,1.4128911922779306,1.3333333333333333,-0.0004492157780028188,1.4178809635158311,1.6161904761904764,0.0012092476593533118,1.5733835361507744,1.8990476190476193,0.0019415579133346347,1.5707743374895564,2.1819047619047622,0.0036665165116997094,1.5319655488212984,2.4647619047619056,0.005664080109978558,12.0,1.1314285714285721,0.050000000000345,0.10069922979109402,0.10690991466317902
0.836,2.0,120.00102588924818,1.6099221670425663,0.1847619047619049,-0.0085583934997935,1.3898205663289693,0.47190476190476205,-0.005486980475152729,1.3401958911626222,0.7590476190476191,-0.0034881810506660754,1.6124463374510214,1.0461904761904761,-0.00340576491767691,1.4176928861820615,1.3333333333333333,-0.00047734715366758396,1.4211754732883064,1.6204761904761904,0.0012155713617621555,1.5713039985929074,1.9076190476190473,0.0020054130688096374,1.5707324477129894,2.1947619047619042,0.003743925403634087,1.5433275864168605,2.4819047619047616,0.0056996352785007795,12.0,1.1485714285714284,0.05000000000042903,0.10073148485536569,0.10691085731882775
0.838,2.0,120.00056639646718,1.6085475847954749,0.16761904761904778,-0.008653818716541112,1.3932811862036685,0.45904761904761915,-0.005584637683688101,1.3399400068857061,0.7504761904761905,-0.00353831820411859,1.610940489689594,1.041904761904762,-0.003423249453277557,1.4225750289939667,1.3333333333333333,-0.0005061573170923692,1.4245273336025208,1.6247619047619046,0.0012215185888415894,1.5692164004274392,1.916190476190476,0.0020693188655854116,1.5706930584379735,2.2076190476190476,0.0038213195994363496,1.5548353285088763,2.4990476190476185,0.0057343201957845485,12.0,1.1657142857142855,0.05000000000049382,0.10076773192585622,0.10691136142627358
0.84,2.0,120.00027962739222,1.6070733740492797,0.15047619047619043,-0.008748428365915707,1.3967554131044415,0.44619047619047614,-0.005682544260079154,1.33963805172438,0.7419047619047618,-0.003588211469885666,1.6093376102424084,1.0376190476190477,-0.0034399286524232782,1.4275098391083565,1.3333333333333333,-0.0005354501739638006,1.4279319841121412,1.6290476190476189,0.0012271217126705882,1.5671211340135232,1.9247619047619047,0.0021332730260067933,1.570656198826678,2.2204761904761905,0.003898698792229302,1.566489420531779,2.5161904761904763,0.0057681308860896,12.0,1.1828571428571428,0.05000000000054242,0.10080696214270174,0.10691150140101718
0.842,2.0,120.0001120688328,1.6055302716387883,0.13333333333333353,-0.008842440244295677,1.4002194428689587,0.43333333333333346,-0.005780532478626648,1.339285315466077,0.7333333333333334,-0.0036378283103462796,1.6076691430547145,1.0333333333333332,-0.0034560256614544513,1.4324738090922482,1.3333333333333333,-0.0005650590346501394,1.4313855926798646,1.6333333333333333,0.0012324080953271528,1.565139809391424,1.9333333333333331,0.0021972731959188597,1.5706349571889886,2.233333333333333,0.0039760628070399295,1.5774934123359385,2.533333333333333,0.005801063476809326,12.0,1.1999999999999997,0.05000000000057744,0.10084831545383653,0.10691133892543167
0.844,2.0,120.00003923440036,1.6039441676974542,0.1161904761904764,-0.00893603877268987,1.4036530865669463,0.42047619047619067,-0.0058784595143566085,1.3388777108967782,0.7247619047619048,-0.0036871404642250336,1.6059615277604686,1.029047619047619,-0.0034717291440425732,1.4374471506823436,1.3333333333333333,-0.0005948428545534897,1.4348849621080741,1.6376190476190475,0.0012374007296350974,1.563487744292363,1.9419047619047616,0.002260589715080026,1.5706482920056843,2.246190476190476,0.004053333114008924,1.5864462390371379,2.55047619047619,0.0058378966688415095,12.0,1.2171428571428569,0.050000000000601064,0.10089106251689038,0.10691092551652805
0.846,2.0,120.00003540690545,1.6023278450347083,0.09904761904761927,-0.009029379291899009,1.407045801456826,0.40761904761904777,-0.005976204233687391,1.3384128892938334,0.7161904761904763,-0.0037361234082378117,1.6042323376889298,1.0247619047619048,-0.0034871977379913833,1.4424165720136333,1.3333333333333333,-0.0006246829040940623,1.4384280730484382,1.6419047619047618,0.0012421187987801258,1.5621239464874452,1.9504761904761903,0.002321930677102964,1.5706850701621713,2.2590476190476187,0.004130395962251607,1.5936390378910354,2.567619047619047,0.005887036851491455,12.0,1.234285714285714,0.050000000000615025,0.10093480842365589,0.1069102970991085
0.848,2.0,120.00003246087407,1.6006812703257107,0.08190476190476192,-0.009122538498779678,1.4103964422554194,0.39476190476190476,-0.006073703380169527,1.3378902196789288,0.7076190476190476,-0.0037847630500487148,1.6024840043321091,1.0204761904761903,-0.003502536883276437,1.4473797797577037,1.3333333333333333,-0.0006544994320818,1.4420149710902732,1.6461904761904762,0.001246574418852228,1.5610126614636561,1.959047619047619,0.002381542035361042,1.5707359083258696,2.2719047619047616,0.004207318150455542,1.5993251950621326,2.584761904761905,0.005946737201225217,12.0,1.2514285714285713,0.05000000000062081,0.10097937228549143,0.10690947825850398
0.85,2.0,120.00003018899304,1.5990037252238398,0.0647619047619048,-0.009215516193382836,1.413704364831738,0.38190476190476197,-0.006170950082103945,1.3373091716384256,0.699047619047619,-0.003833055603787859,1.6007160583093796,1.016190476190476,-0.003517761168849798,1.4523365844150118,1.3333333333333333,-0.0006842786785462228,1.4456460937801334,1.6504761904761904,0.0012507673163155034,1.560122357391496,1.9676190476190474,0.0024396383169323476,1.5707934695666843,2.2847619047619045,0.004284155978616209,1.603725883032535,2.6019047619047617,0.006015477401055775,12.0,1.2685714285714285,0.050000000000619806,0.1010247877471509,0.10690848254226865
0.852,2.0,120.0000284379422,1.5972945832280048,0.04761904761904767,-0.009308308065628754,1.4169688574894619,0.36904761904761907,-0.0062679404747047135,1.3366692113355672,0.6904761904761905,-0.0038809978869734107,1.5989281230980865,1.0119047619047619,-0.0035328677784277063,1.457286730580143,1.3333333333333333,-0.0007140195064900712,1.4493218585876415,1.6547619047619047,0.0012546948658906274,1.5594251411224636,1.976190476190476,0.0024964087127938807,1.5708524037136933,2.2976190476190474,0.004360953468314179,1.6070338854169384,2.6190476190476186,0.006091930416090502,12.0,1.2857142857142856,0.05000000000061319,0.10107103635833443,0.10690732174343394
0.854,2.0,120.00002709281594,1.595553292936997,0.030476190476190546,-0.009400910356510885,1.4201891534811422,0.35619047619047617,-0.006364670287793915,1.3359698037060224,0.6819047619047619,-0.003928586696584832,1.597119898122522,1.0076190476190476,-0.0035478544528742334,1.4622299095321993,1.3333333333333333,-0.0007437203834808579,1.4530426650016808,1.6590476190476189,0.0012583545627598643,1.5588963455519156,1.9847619047619047,0.002552020581836647,1.5709090563465935,2.3104761904761904,0.004437742720574982,1.6094169903156923,2.636190476190476,0.006174939544641226,12.0,1.3028571428571427,0.050000000000602,0.10111810345224163,0.10690600475225369
0.856,2.0,120.00002606658222,1.593779364383435,0.01333333333333342,-0.009493319757621983,1.4233644412235495,0.3433333333333334,-0.006461134920886853,1.335210414263406,0.6733333333333333,-0.003975818822236134,1.59529114493366,1.0033333333333334,-0.003562719388735132,1.4671657695218874,1.3333333333333333,-0.0007733794571931964,1.4568088962357124,1.663333333333333,0.001261744009989914,1.5585142148639677,1.9933333333333332,0.002606621926688506,1.570961096457344,2.3233333333333333,0.004514545661920439,1.6110209973521286,2.6533333333333333,0.006263498058105847,12.0,1.3199999999999998,0.050000000000587116,0.101165977444995,0.10690453807279288
0.858,2.0,120.00002529264779,1.5919723578841318,-0.003809523809523707,-0.009585533329157753,1.4264938726369407,0.3304761904761906,-0.006557329504484154,1.3343905105846776,0.6647619047619048,-0.004022691057009008,1.5934416759143477,0.999047619047619,-0.003577461155316246,1.4720939241793003,1.3333333333333333,-0.0008029946171313247,1.4606209206125853,1.6676190476190476,0.001264860908300011,1.5582596376035016,2.0019047619047616,0.002660343282244764,1.571007161074189,2.3361904761904757,0.0045913762783987904,1.6119723796308147,2.6704761904761902,0.00635673115874437,12.0,1.337142857142857,0.05000000000056929,0.10121464926364136,0.1069029262450075
0.86,2.0,120.00002471956643,1.5901318749468003,-0.020952380952380834,-0.009677548433019077,1.429576569953197,0.3176190476190477,-0.006653248950107359,1.3335095635327385,0.6561904761904762,-0.004069200206365208,1.5915713450481113,0.9947619047619047,-0.003592078626914658,1.4770139593882667,1.3333333333333333,-0.0008325635450758022,1.4644790926865943,1.6719047619047618,0.001267703047753059,1.5581159042713557,2.01047619047619,0.0027132993172361308,1.571046555727488,2.349047619047619,0.004668242747840581,1.6123806383849337,2.687619047619047,0.0064538800079293945,12.0,1.354285714285714,0.05000000000054916,0.10126411187906369,0.10690117218957945
0.862,2.0,120.00002430723904,1.5882575508572172,-0.03809523809523818,-0.00976936267825223,1.4326116312743038,0.3047619047619048,-0.006748887991147754,1.332567048263227,0.6476190476190475,-0.004115343095482146,1.589680040374238,0.9904761904761904,-0.003606570927431525,1.4819254389094016,1.3333333333333333,-0.0008620837563296009,1.4683837541501972,1.676190476190476,0.0012702683010232905,1.5580684868782195,2.019047619047619,0.0027655902886575797,1.5710790038545732,2.3619047619047615,0.004745149237063641,1.6123403846855904,2.704761904761905,0.006554287598261827,12.0,1.3714285714285714,0.050000000000527255,0.10131435992449098,0.10689927748961965
0.864,2.0,120.00002402414776,1.586349048639753,-0.05523809523809531,-0.009860973876571874,1.4355981351108513,0.2919047619047619,-0.006844241216217252,1.331562445054051,0.639047619047619,-0.004161116575293648,1.587767677820847,0.9861904761904761,-0.003620937385102571,1.4868279089820302,1.3333333333333333,-0.0008915526334564104,1.4723352345642993,1.6804761904761905,0.0012725546179559598,1.5581048094344987,2.0276190476190474,0.0028173033644449674,1.5711045048321963,2.374761904761905,0.00482209740544399,1.6119331778460289,2.721904761904762,0.006657386263315029,12.0,1.3885714285714286,0.05000000000050398,0.10136538938384787,0.10689724262077657
0.866,2.0,120.00002384532765,1.5844060541403746,-0.07238095238095243,-0.009952380006124232,1.4385351440879888,0.279047619047619,-0.006939303096379394,1.3304952399892527,0.6304761904761904,-0.0042065175274671645,1.5858341961640587,0.9819047619047618,-0.003635177495496511,1.4917209020927549,1.3333333333333333,-0.0009209674538921817,1.4763338519440412,1.6847619047619047,0.0012745600211856326,1.558214021596114,2.036190476190476,0.0028685140005358634,1.5711232626341716,2.3876190476190473,0.004899087256721106,1.6112291484832513,2.7390476190476187,0.00676268664720954,12.0,1.4057142857142857,0.05000000000047966,0.10141719733708505,0.10689506713918195
0.868,2.0,120.0000237508568,1.5824282720271288,-0.08952380952380956,-0.010043579181985104,1.4414217079717837,0.2661904761904761,-0.007034068007385076,1.3293649255231097,0.6219047619047618,-0.004251542868506945,1.5838795529074494,0.9776190476190476,-0.0036492908912700668,1.4966039400638584,1.3333333333333333,-0.0009503254125565298,1.4803799132263018,1.689047619047619,0.0012762826026214663,1.5583867958850484,2.044761904761905,0.0029192872989947448,1.5711356295727021,2.4004761904761907,0.004976117567052115,1.6102884312805752,2.756190476190476,0.006869767966243349,12.0,1.4228571428571428,0.05000000000045449,0.10146978175199851,0.1068927498349431
0.87,2.0,120.00002372472164,1.5804154225406142,-0.10666666666666669,-0.010134569632162773,1.4442568661408193,0.2533333333333332,-0.007128530247830703,1.3281710009457102,0.6133333333333333,-0.004296189553138659,1.5819037209136266,0.9733333333333333,-0.0036632773174446968,1.5014765365865252,1.3333333333333333,-0.000979623640383151,1.4844737146404283,1.6933333333333334,0.0012777205206421893,1.5586151469338703,2.0533333333333332,0.0029696792246897094,1.5711420608688567,2.413333333333333,0.005053186222563786,1.6091624289588158,2.7733333333333334,0.0069782694123165494,12.0,1.44,0.050000000000428584,0.10152314131397573,0.10689028885748365
0.872,2.0,120.00002376554862,1.5783672388839274,-0.12380952380952381,-0.010225349678100829,1.4470396495858935,0.2404761904761905,-0.007222684053987773,1.3269129727637494,0.6047619047619047,-0.004340454577102833,1.5799066856258746,0.9690476190476189,-0.003677136611196046,1.5063381993183098,1.3333333333333333,-0.001008859219519152,1.488615542003442,1.6976190476190476,0.0012788719978717156,1.5588922704940875,2.0619047619047617,0.0030197376898253485,1.5711430782877147,2.426190476190476,0.005130290491929717,1.607894926567715,2.7904761904761903,0.0070878825691042474,12.0,1.457142857142857,0.05000000000040291,0.10157727528675764,0.10688768181790116
0.874,2.0,120.00002384374599,1.5762834650955961,-0.14095238095238094,-0.01031591771901785,1.449769082553294,0.2276190476190476,-0.007316523611801075,1.3255903550169907,0.5961904761904762,-0.00438433497943964,1.5778884428087891,0.9647619047619047,-0.0036908686851838193,1.5111884315987647,1.3333333333333333,-0.0010380291959098593,1.4928056709482531,1.7019047619047618,0.0012797353194079193,1.5592124001710501,2.0704761904761906,0.0030695035198926184,1.571139241333089,2.439047619047619,0.005207427244559425,1.6065230731037137,2.8076190476190472,0.007198344726307994,12.0,1.4742857142857142,0.05000000000037761,0.10163218339823135,0.10688492587248781
0.876,2.0,120.00002395955397,1.5741638542483485,-0.1580952380952383,-0.010406272219145007,1.4524441839468785,0.2147619047619045,-0.007410043066748338,1.3242026695513005,0.5876190476190475,-0.004427827844387659,1.5758489967789762,0.9604761904761904,-0.003704473513995593,1.5160267338067506,1.3333333333333333,-0.0010671305895925886,1.4970443670875484,1.7061904761904763,0.0012803088314533389,1.5595706800491436,2.079047619047619,0.0031190113132594137,1.5711311247207322,2.4519047619047623,0.00528459312343004,1.6050782455820536,2.824761904761905,0.007309432989949148,12.0,1.4914285714285715,0.0500000000003538,0.10168786574708405,0.1068820177909638
0.878,2.0,120.00002410620093,1.5720081671065398,-0.17523809523809541,-0.010496411696918664,1.455063968394552,0.2019047619047618,-0.0075032365322527,1.3227494462290037,0.5790476190476189,-0.00447093030302209,1.5737883588562624,0.956190476190476,-0.0037179511235310007,1.5208526045526811,1.3333333333333333,-0.001096160402840504,1.5013318861514688,1.7104761904761905,0.0012805909403318526,1.5599630515525156,2.0876190476190475,0.0031682902054194235,1.5711193010420832,2.4647619047619047,0.0053617846802470346,1.603586809016308,2.841904761904762,0.007420959097936251,12.0,1.5085714285714287,0.050000000000331134,0.10174432272593732,0.10687895401210525
0.88,2.0,120.0000242781658,1.569816171011708,-0.19238095238095254,-0.010586334716924954,1.4576274471468595,0.1890476190476189,-0.007596098096081599,1.3212302231079323,0.5704761904761904,-0.00451363953451688,1.5717065461320188,0.9519047619047618,-0.003731301581709004,1.5256655416389062,1.3333333333333333,-0.0011251156273160872,1.505668474084157,1.7147619047619047,0.0012805801116626153,1.5603861530505823,2.0961904761904764,0.003217364547827765,1.5711043276968792,2.4776190476190476,0.005438998479461787,1.602070784265116,2.859047619047619,0.007532764860187866,12.0,1.5257142857142858,0.0500000000003096,0.10180155495849214,0.10687573068920549
0.882,2.0,120.00002447093492,1.5675876389926966,-0.2095238095238099,-0.010676039883213107,1.4601336288111253,0.1761904761904758,-0.007688621825738303,1.3196445465891997,0.5619047619047617,-0.004555952767219024,1.5696035804616444,0.9476190476190475,-0.003744524991077828,1.5304650428555493,1.3333333333333333,-0.0011539932498334379,1.5100543671119695,1.7190476190476192,0.0012802748697807727,1.5608372308658196,2.104761904761905,0.0032662545102679357,1.5710867373158823,2.4904761904761905,0.005516231176675867,1.600548434374741,2.8761904761904766,0.007644718151552163,12.0,1.5428571428571431,0.050000000000289195,0.1018595632476801,0.1068723437271425
0.884,2.0,120.00002468080837,1.565322349059589,-0.2266666666666668,-0.01076552583395618,1.4625815199512786,0.16333333333333333,-0.007780801772866752,1.3179919715389872,0.5533333333333332,-0.004597867279535199,1.5674794876402796,0.9433333333333332,-0.003757621482769867,1.5352506066418972,1.3333333333333333,-0.0011827902571332962,1.5144897917887639,1.7233333333333332,0.001279673797328182,1.5613140604754008,2.1133333333333333,0.003314976614805082,1.5710670310175883,2.503333333333333,0.005593479576104704,1.5990347788597674,2.8933333333333335,0.007756709393751556,12.0,1.56,0.05000000000026989,0.10191834853295054,0.10686878881263077
0.886,2.0,120.00002490474654,1.5630200836481472,-0.2438095238095237,-0.010854791237214676,1.4649701255779692,0.15047619047619043,-0.007872631976850529,1.3162720613886707,0.5447619047619048,-0.004639380400662495,1.5653342967282888,0.939047619047619,-0.0037705912115559635,1.5400217326379024,1.3333333333333333,-0.0012115036398513835,1.5189749650226962,1.7276190476190476,0.0012787755349817026,1.5618148768194482,2.1219047619047617,0.003363544208576166,1.571045673947817,2.5161904761904763,0.005670740671037329,1.5975420443073047,2.9104761904761904,0.007868648469698538,12.0,1.577142857142857,0.05000000000025166,0.10197791185498362,0.1068650614389065
0.888,2.0,120.00002514024499,1.5606806291875277,-0.26095238095238105,-0.01094383478760317,1.4672984495490617,0.13761904761904753,-0.00796410646775353,1.3144843882168438,0.5361904761904761,-0.004680489511189168,1.5631680394991707,0.9347619047619047,-0.003783434351798305,1.5447779221458422,1.3333333333333333,-0.001240130395827415,1.5235100940881787,1.7319047619047618,0.0012775787812923935,1.5623383127382675,2.13047619047619,0.0034119678819404522,1.571023092640881,2.5290476190476188,0.005748011670598812,1.596080058748578,2.9276190476190473,0.007980462019870457,12.0,1.5942857142857143,0.05000000000023449,0.1020382543264571,0.10686115692587203
0.89,2.0,120.00002538523705,1.558303775769015,-0.2780952380952382,-0.011032655203696595,1.4695654948969168,0.12476190476190463,-0.008055219268722942,1.3126285328161476,0.5276190476190475,-0.004721192043586777,1.5609807499875425,0.9304761904761905,-0.0037961510941378817,1.5495186785184865,1.3333333333333333,-0.0012686675328750536,1.5280953766259877,1.736190476190476,0.0012760822926137841,1.5628833446599786,2.139047619047619,0.0034602558378561093,1.5709996738176377,2.541904761904762,0.005825290015583287,1.5946565964034125,2.9447619047619047,0.008092091076079961,12.0,1.6114285714285714,0.05000000000021833,0.10209937710774648,0.10685707043653798
0.892,2.0,120.00002563801036,1.5558893168975756,-0.2952380952380955,-0.011121251226042664,1.4717702640958532,0.11190476190476173,-0.008145964397952931,1.3107040847472966,0.5190476190476189,-0.004761485482611173,1.5587724641189316,0.926190476190476,-0.0038087416427823994,1.5542435074871257,1.3333333333333333,-0.0012971120711109192,1.532731000633987,1.7404761904761905,0.0012742848831012168,1.5634492445215993,2.1476190476190475,0.003508414217754414,1.5709757648223572,2.5547619047619046,0.005902573385665601,1.5932776786487635,2.961904761904762,0.008203488993008098,12.0,1.6285714285714288,0.050000000000203146,0.1021612813866451,0.10685279699044847
0.894,2.0,120.0000258971417,1.55343704931135,-0.31238095238095265,-0.01120962161567117,1.4739117592807371,0.09904761904761883,-0.008236335870289406,1.3087106423822619,0.5104761904761903,-0.004801367365626638,1.5565432194064341,0.9219047619047618,-0.0038212062132850187,1.5589519174403499,1.3333333333333333,-0.0013254610449227548,1.5374171444504854,1.7447619047619047,0.0012721854247675069,1.56403553534958,2.156190476190476,0.0035564473900132603,1.5709516797025134,2.567619047619048,0.0059798596967801446,1.5919478363444108,2.979047619047619,0.008314619642393132,12.0,1.645714285714286,0.050000000000188886,0.1022239683613589,0.10684833147464938
0.896,2.0,120.00002616144468,1.550946772856914,-0.32952380952380955,-0.011297765153010958,1.475988982425637,0.08619047619047615,-0.008326327698541566,1.3066478129382184,0.5019047619047619,-0.0048408352828650004,1.5542930547020364,0.9176190476190476,-0.0038335450307243196,1.5636434196624662,1.3333333333333333,-0.0013537115046420999,1.5421539767318921,1.749047619047619,0.0012697828475828016,1.564641952522844,2.164761904761905,0.0036043582164739492,1.5709277046288583,2.5804761904761904,0.006057147064642062,1.5906703382266196,2.996190476190476,0.00842545583907639,12.0,1.6628571428571428,0.05000000000017553,0.10228743922616765,0.10684366865265778
0.898,2.0,120.0000264299271,1.5484182904103505,-0.3466666666666669,-0.011385680637141486,1.4780009354898451,0.07333333333333303,-0.008415933894553824,1.3045152125035782,0.4933333333333332,-0.004879886877629311,1.5520220099926112,0.9133333333333332,-0.003845758328212219,1.568317528538815,1.3333333333333333,-0.0013818605179747978,1.5469416564260363,1.7533333333333334,0.0012670761396086476,1.565268412004058,2.1733333333333333,0.0036521482848629353,1.5709040982381957,2.5933333333333337,0.006134433772226853,1.589447389498251,3.0133333333333336,0.008535977970640284,12.0,1.6800000000000002,0.050000000000163025,0.10235169515925684,0.10683880317180676
0.9,2.0,120.00027796177861,1.5458378611844705,-0.3638095238095238,-0.011473366885319245,1.4799562960980792,0.06047619047619057,-0.008505148470081927,1.3023144016025323,0.4847619047619047,-0.004918519846450041,1.549821751735689,0.909047619047619,-0.0038578463456699534,1.5726902286470574,1.3333333333333333,-0.0014099051712328898,1.5518762865340667,1.7576190476190474,0.0012640643471580667,1.565914982841761,2.181904761904762,0.0036998180994042224,1.5708810917629046,2.606190476190476,0.0062117182677136834,1.588280304137641,3.0304761904761905,0.008646172805867637,12.0,1.697142857142857,0.05000000000015132,0.1024151662287088,0.10683386913736843
0.902,2.0,120.00019613641254,1.5431810876457297,-0.38095238095238115,-0.01156074145282111,1.4818713192116513,0.04761904761904745,-0.008594023490874191,1.3000484908127614,0.47619047619047605,-0.004956743552472337,1.5478545772430885,0.9047619047619047,-0.0038703590818427057,1.576258041783089,1.3333333333333333,-0.0014361413718823452,1.557128371186034,1.7619047619047619,0.001260170852224171,1.566581863250085,2.1904761904761907,0.003747367245806579,1.5708588893727455,2.619047619047619,0.006288999163708287,1.5871696541135873,3.0476190476190474,0.008756032460888439,12.0,1.7142857142857144,0.05000000000014039,0.1024778295364874,0.10682886816762459
0.904,2.0,120.00012091410046,1.5404527424245273,-0.3980952380952383,-0.011647657954445808,1.4837414023944302,0.03476190476190455,-0.00868265648669848,1.2977164443269724,0.4676190476190475,-0.0049945766591622835,1.5460848725334393,0.9004761904761904,-0.0038842703206013883,1.5791295847065163,1.3333333333333333,-0.0014575482506985341,1.562661287846356,1.766190476190476,0.0012543726300266527,1.567269359842246,2.199047619047619,0.003794794534785205,1.5708376686716667,2.631904761904762,0.006366275235192099,1.5861153983329896,3.064761904761905,0.008865553503889905,12.0,1.7314285714285715,0.05000000000013019,0.10253826196868088,0.10682392799079476
0.906,2.0,120.00006871358549,1.53765722890109,-0.41523809523809563,-0.011734145025975739,1.485562215991142,0.02190476190476165,-0.00877101984293801,1.2953172844151992,0.4590476190476188,-0.005032012951676121,1.5444802947412892,0.896190476190476,-0.00389936637805778,1.5814039252631713,1.3333333333333333,-0.0014747775082390984,1.568441508006887,1.7704761904761905,0.0012468894157790075,1.5679778696368458,2.2076190476190476,0.0038420981266608094,1.570817581313216,2.644761904761905,0.006443545416541429,1.5851169938196519,3.081904761904762,0.008974736181430635,12.0,1.7485714285714289,0.05000000000012067,0.10259742051237405,0.1068189669031132
0.908,2.0,120.00042386849752,1.5347899799372846,-0.43238095238095275,-0.011820229087692256,1.4873358308702225,0.009047619047618749,-0.00885908758166114,1.2928513283384842,0.45047619047619025,-0.005069046563634054,1.543069714486206,0.8919047619047618,-0.003915453197019165,1.5831742227330217,1.3333333333333333,-0.0014884235515790283,1.5739952278416312,1.7747619047619048,0.0012379223805301068,1.5687078644944972,2.2161904761904765,0.003889275639321784,1.5707987537158283,2.6576190476190478,0.006520808797834991,1.5841734913314809,3.099047619047619,0.009083583751367804,12.0,1.765714285714286,0.050000000000111795,0.10265463132202145,0.10681405586395845
0.91,2.0,120.00029489541645,1.5318393705696254,-0.44952380952380966,-0.011905882736766566,1.4890693306819254,-0.003809523809523929,-0.008946872128078478,1.2903199259228568,0.4419047619047618,-0.005105679398602334,1.541929236871503,0.8876190476190475,-0.003932704001202951,1.5845255611848257,1.3333333333333333,-0.0014990453363981306,1.5785181480287664,1.779047619047619,0.001230314347235927,1.5694598776772766,2.2247619047619045,0.003936324241604444,1.5707812878730107,2.6704761904761902,0.006598064620562172,1.5832836173647933,3.116190476190476,0.00919210190915397,12.0,1.782857142857143,0.05000000000010354,0.10271014282424418,0.10680917735503015
0.912,2.0,120.00018890143657,1.5288112282114008,-0.466666666666667,-0.011991036223417755,1.4907573556735974,-0.01666666666666683,-0.009034415984091554,1.2877219324256008,0.4333333333333331,-0.005141919555537142,1.5410169553115465,0.8833333333333332,-0.003951575421229018,1.5855185791743445,1.3333333333333333,-0.0015071533671089546,1.5821552229060762,1.7833333333333332,0.0012288911118274006,1.570234492255759,2.2333333333333334,0.003983240733936341,1.5707652622629367,2.6833333333333336,0.006675312272761937,1.5824458442651006,3.1333333333333337,0.009300298295811244,12.0,1.8000000000000003,0.05000000000009585,0.10276329492595307,0.10680440292315879
0.914,2.0,120.00011398265882,1.5257107094476463,-0.4838095238095239,-0.012075724512125548,1.49239503484344,-0.02952380952380973,-0.009121686991184442,1.2850563040455054,0.4247619047619047,-0.005177760165982177,1.5402961961732955,0.879047619047619,-0.003971816017583565,1.5862065706310586,1.3333333333333333,-0.0015131114750460673,1.5850327812994243,1.7876190476190477,0.0012327829482778286,1.5709241680924209,2.241904761904762,0.004030021617894017,1.5707579990160894,2.696190476190476,0.006752551283565236,1.5816611313776738,3.1504761904761907,0.00940818207726654,12.0,1.8171428571428572,0.050000000000088696,0.10281485990055733,0.10679966404290865
0.916,2.0,120.00006251353891,1.522542371980865,-0.5009523809523813,-0.012159978542400165,1.4939779338559387,-0.04238095238095263,-0.009208655923346356,1.2823220881564314,0.416190476190476,-0.005213194967130176,1.539734851758416,0.8747619047619046,-0.003993205748468345,1.5866362616644103,1.3333333333333333,-0.0015172394237863522,1.587261299585366,1.791904761904762,0.0012412318836320258,1.5714851336339342,2.2504761904761903,0.004077312134302616,1.5707609661323685,2.7090476190476194,0.00682973772018918,1.580928153207138,3.1676190476190476,0.009515747497448242,12.0,1.8342857142857145,0.050000000000082055,0.10286518714083666,0.10679493215124473
0.918,2.0,120.00002853753787,1.5193102329726023,-0.5180952380952384,-0.012243825660456622,1.4955020127948404,-0.05523809523809553,-0.009295296174564205,1.2795184154097674,0.40761904761904744,-0.005248218243224304,1.539304856088997,0.8704761904761904,-0.004015551967693353,1.5868485410654964,1.3333333333333333,-0.0015198175699864622,1.5889372555778114,1.7961904761904761,0.00125357505963066,1.5719343252251619,2.259047619047619,0.00412537491248211,1.5707713733993944,2.721904761904762,0.00690686277463436,1.5802439597885343,3.184761904761905,0.009623002509328602,12.0,1.8514285714285716,0.05000000000007588,0.10291458480029432,0.10679018163170145
0.92,2.0,120.00000743564983,1.5160178231530532,-0.5352380952380955,-0.012327289969264186,1.4969635869815672,-0.06809523809523843,-0.009381583505340473,1.2766444924070663,0.3990476190476189,-0.005282824778172891,1.5389817176251945,0.8661904761904761,-0.004038686279391126,1.5868791149902237,1.3333333333333333,-0.0015210912463929792,1.5901447751837483,1.8004761904761906,0.001269233609390275,1.5722877695586628,2.2676190476190476,0.004174108334363315,1.5707868257077842,2.734761904761905,0.006983943188175064,1.5796057082399046,3.2019047619047623,0.009729964812697368,12.0,1.8685714285714288,0.050000000000070155,0.10296332403251425,0.10678538942197113
0.922,2.0,119.99999565342839,1.5126682367407156,-0.5523809523809529,-0.012410392653204037,1.4983592908367969,-0.08095238095238133,-0.009467495807603692,1.2736995949341363,0.3904761904761902,-0.005317009811585257,1.5387441029912967,0.8619047619047617,-0.0040624617343225965,1.5867590933137505,1.3333333333333333,-0.0015212746899413427,1.5909570942698814,1.8047619047619048,0.001287702777468939,1.572559477253862,2.276190476190476,0.00422341623979088,1.5708053903339174,2.7476190476190476,0.007060993331467581,1.5790106941299584,3.219047619047619,0.009836651464846287,12.0,1.8857142857142861,0.050000000000064854,0.10301164286901604,0.1067805346831198
0.924,2.0,119.99999047898855,1.5092641772863578,-0.5695238095238098,-0.012493152277587153,1.4996860447074196,-0.09380952380952401,-0.009553012887877925,1.2706830617393978,0.38190476190476175,-0.005350768998176248,1.5385734663773267,0.8576190476190475,-0.004086750332233495,1.5865155144253529,1.3333333333333333,-0.0015205545598825038,1.5914378558089015,1.809047619047619,0.0013085431486664256,1.572761678594316,2.284761904761905,0.004273214565048258,1.570825550547682,2.7604761904761905,0.007138024800853639,1.578456345997745,3.236190476190476,0.009943078692363105,12.0,1.902857142857143,0.05000000000005996,0.1030597497536862,0.10677559851764244
0.926,2.0,119.99998986248386,1.5058079996061615,-0.5866666666666671,-0.012575585063718149,1.500941024542089,-0.10666666666666713,-0.00963811626824452,1.2675942888334473,0.3733333333333331,-0.0053840983704363885,1.5384537198184436,0.8533333333333332,-0.004111440798263961,1.5861718145828807,1.3333333333333333,-0.0015190930865521177,1.591642260247119,1.8133333333333335,0.0013313728651465917,1.572905033249545,2.2933333333333334,0.004323429928434105,1.5708461523167125,2.7733333333333334,0.007215046696713909,1.5779402205163642,3.253333333333334,0.010049261924013533,12.0,1.9200000000000004,0.05000000000005546,0.10310782675387734,0.10677056372677056
0.928,2.0,119.99999227112352,1.502301748002314,-0.603809523809524,-0.012657705140494113,1.5021216342726775,-0.11952380952380959,-0.009722789004395393,1.2644327242829272,0.3647619047619046,-0.005416994304429256,1.5383709400389582,0.8490476190476189,-0.004136436604624948,1.5857482473589757,1.3333333333333333,-0.0015170308874972846,1.591618085129285,1.8176190476190475,0.001355860724231571,1.5729988166780058,2.301904761904762,0.004373998371931302,1.5708663487412535,2.786190476190476,0.00729206594324258,1.5774599980348516,3.2704761904761908,0.010155215819758959,12.0,1.9371428571428573,0.050000000000051344,0.10315603246933427,0.10676541459979946
0.93,2.0,119.9999965731605,1.4987471909898569,-0.6209523809523814,-0.01273952477372817,1.5032254807428838,-0.1323809523809527,-0.009807015519921781,1.2611978634694907,0.35619047619047595,-0.005449453488554708,1.538313107985808,0.8447619047619046,-0.004161654211662322,1.5852622581805278,1.3333333333333333,-0.0015144894841538545,1.591406588309004,1.821904761904762,0.001381720060652862,1.5730510856014142,2.310476190476191,0.004424864242789111,1.5708855461626328,2.7990476190476192,0.0073690876218381945,1.5770134783065217,3.2876190476190477,0.010260954297505176,12.0,1.9542857142857146,0.05000000000004761,0.10320450466046238,0.10676013672993385
0.932,2.0,120.00000194566701,1.4951458527593557,-0.6380952380952385,-0.012821054574510571,1.5042503510166694,-0.1452380952380956,-0.009890781455885877,1.2578892447834908,0.3476190476190474,-0.00548147289510266,1.5382698775718497,0.8404761904761904,-0.004187021505057705,1.5847288184826351,1.3333333333333333,-0.0015115735490831672,1.5910433075439039,1.8261904761904761,0.0014087033272888326,1.5730688247339601,2.3190476190476192,0.004475979200677231,1.5709033546497904,2.811904761904762,0.007446115294452776,1.5765985762824595,3.304761904761905,0.0103664905587323,12.0,1.9714285714285718,0.05000000000004427,0.10325336261728633,0.10675471685241814
0.934,2.0,120.00000780164947,1.4914990416082614,-0.6552380952380956,-0.012902303687984708,1.5051941918963074,-0.1580952380952383,-0.009974073534671446,1.2545064457217423,0.3390476190476188,-0.0055130497544152324,1.5382323705062084,0.836190476190476,-0.004212476408288242,1.5841607235634954,1.3333333333333333,-0.0015083729108958113,1.59055876790539,1.8304761904761904,0.001436597297593719,1.5730580767599947,2.3276190476190477,0.004527301337310525,1.5709195443563948,2.824761904761905,0.007523151300672688,1.5762133179063975,3.3219047619047624,0.010471837113733817,12.0,1.9885714285714289,0.05000000000004136,0.10330270928990157,0.10674914270165013
0.936,2.0,120.00001373279486,1.4878078755717201,-0.672380952380953,-0.012983279963935284,1.5060550914811048,-0.1709523809523814,-0.010056879437092133,1.251049079359064,0.33047619047619015,-0.005544181531473313,1.538192994410594,0.8319047619047617,-0.00423796565160868,1.5835688578327192,1.3333333333333333,-0.0015049643413809727,1.5899791072069454,1.8347619047619048,0.0014652188211390885,1.5730240573731311,2.3361904761904766,0.004578794396582892,1.570934008283988,2.837619047619048,0.0076001970195759185,1.575855835888073,3.3390476190476193,0.01057700580684733,12.0,2.0057142857142862,0.0500000000000389,0.10335263320041062,0.10674340288466158
0.9380000000000001,2.0,120.00001946476641,1.4840733054775215,-0.6895238095238099,-0.013063990110573182,1.5068312626021503,-0.1838095238095241,-0.010139187691743774,1.247516791164138,0.3219047619047617,-0.005574865904725814,1.538145281710255,0.8276190476190475,-0.0042634436807492794,1.582962430788548,1.3333333333333333,-0.0015014131469963156,1.5893266285577599,1.839047619047619,0.0014944110710440421,1.5729712570170915,2.3447619047619046,0.004630427084332641,1.570946731331469,2.850476190476191,0.007677253093153217,1.5755243654578208,3.356190476190476,0.010682007841814419,12.0,2.022857142857143,0.05000000000003695,0.10340321015534922,0.10673748676885499
0.9400000000000001,2.0,120.00002482251969,1.4802961356410547,-0.7066666666666672,-0.013144439832865134,1.5075210279748459,-0.196666666666667,-0.010220987575612904,1.2439092561313745,0.313333333333333,-0.00560510074698483,1.5380837470490394,0.8233333333333331,-0.004288871690261532,1.5823491867358508,1.3333333333333333,-0.001497774584731288,1.5886202881667235,1.8433333333333333,0.0015240402286534405,1.5729035308051331,2.3533333333333335,0.004682172457897452,1.5709577651208873,2.8633333333333333,0.0077543196120111865,1.5752172401191031,3.373333333333334,0.01078685380725308,12.0,2.0400000000000005,0.05000000000003559,0.10345450477651015,0.10673138438226304
0.9420000000000001,2.0,120.00002842313613,1.4764770424054707,-0.7238095238095241,-0.013224633956703473,1.5081228069188044,-0.2095238095238099,-0.010302269024991935,1.240226176201848,0.30476190476190457,-0.00563488410821682,1.5380037612126547,0.8190476190476189,-0.004314216768008523,1.58173559096342,1.3333333333333333,-0.0014940951204151052,1.5878761256435447,1.8476190476190477,0.0015539925567139453,1.5728241779420782,2.361904761904762,0.004734007386597773,1.5709672078985844,2.8761904761904766,0.007831396266417536,1.5749328874215234,3.390476190476191,0.010891553702142526,12.0,2.0571428571428574,0.050000000000034905,0.10350657186691835,0.10672508632488031
0.9440000000000001,2.0,120.00002974067566,1.472616420290092,-0.7409523809523815,-0.013304576540147111,1.5086352240224263,-0.2223809523809528,-0.010383022555798543,1.2364673029035338,0.2961904761904759,-0.005664214200068233,1.5379025883680923,0.8147619047619046,-0.0043394511387045,1.5811238546780666,1.3333333333333333,-0.001490413545780521,1.5871076966173738,1.851904761904762,0.0015841718175673032,1.5727360118320313,2.3704761904761904,0.004785912075204673,1.5709751887542953,2.889047619047619,0.007908482466894209,1.574669824777707,3.4076190476190478,0.010996116961185147,12.0,2.0742857142857147,0.050000000000035016,0.10355944238618411,0.10671858570381337
0.9460000000000001,2.0,120.00003091499443,1.4687143837876084,-0.7580952380952384,-0.013384269950311984,1.5090571073048031,-0.23523809523809547,-0.010463239915563131,1.2326324374127473,0.28761904761904744,-0.005693089531706918,1.5377793608798385,0.8104761904761904,-0.004364558387351412,1.5805118834349603,1.3333333333333333,-0.0014867431280684,1.58632639648477,1.8561904761904762,0.001614496677438614,1.57264142192634,2.3790476190476193,0.0048378696432935285,1.570981855426143,2.901904761904762,0.0079855774389028,1.5744266553454642,3.4247619047619047,0.011100552479905186,12.0,2.0914285714285716,0.05000000000003608,0.10361313522852353,0.10671187672105714
0.9480000000000001,2.0,120.00003196204003,1.4647710123826396,-0.7752380952380957,-0.013463714874154225,1.5093873146227705,-0.2480952380952386,-0.010542914072400251,1.2287213948748845,0.27904761904761877,-0.005721508910190771,1.5376334256382445,0.806190476190476,-0.004389533308136175,1.5798976917343617,1.3333333333333333,-0.0014830713006097622,1.5855416764439738,1.8604761904761906,0.0016448987639485235,1.572542428250182,2.3876190476190478,0.004889865754156246,1.5709873650283586,2.914761904761905,0.008062680296014571,1.5742020639934264,3.4419047619047625,0.01120486863935579,12.0,2.108571428571429,0.05000000000003827,0.10366765697469925,0.10670495480422944
0.9500000000000001,2.0,120.00003289690423,1.4607863725539671,-0.7923809523809531,-0.013542911788581557,1.5096247181690328,-0.2609523809523815,-0.010622038173450912,1.2247340011830188,0.2704761904761901,-0.005749471226392167,1.5374642059845562,0.8019047619047617,-0.004414371982400897,1.5792796857244198,1.3333333333333333,-0.0014793861504061704,1.5847613050214087,1.8647619047619048,0.0016753213699075861,1.5724407294418457,2.396190476190476,0.004941888287641765,1.570991877125854,2.9276190476190482,0.008139790095544138,1.573994813364743,3.4590476190476194,0.011309073330325157,12.0,2.1257142857142863,0.050000000000041796,0.10372301614364239,0.10669781479896258
0.9520000000000001,2.0,120.00003373322758,1.4567605206798782,-0.80952380952381,-0.013621861092466664,1.5097682025005479,-0.27380952380952417,-0.010700605451871343,1.2206700925379592,0.26190476190476164,-0.005776975435669543,1.5372711912702666,0.7976190476190474,-0.0044390709501930525,1.5786566085369078,1.3333333333333333,-0.0014756781143465192,1.5839916027342322,1.869047619047619,0.0017057178841572624,1.5723377450455411,2.404761904761905,0.0049939270519203565,1.5709955486701002,2.9404761904761907,0.00821690588010202,1.5738037400499982,3.4761904761904763,0.0114131739769544,12.0,2.1428571428571432,0.0500000000000469,0.10377922005918487,0.10669045141149953
0.9540000000000001,2.0,120.00003448321323,1.4526935055463521,-0.8266666666666669,-0.01370056312407927,1.5098166628533003,-0.28666666666666685,-0.01077860921500329,1.2165295150621132,0.2533333333333332,-0.005804020555227756,1.5370539276739756,0.7933333333333332,-0.0044636271476216,1.5780274925039095,1.3333333333333333,-0.0014719396512214474,1.583237647333626,1.8733333333333333,0.0017360503835946064,1.5722346527155062,2.413333333333333,0.005045973529726752,1.5709985303956595,2.953333333333333,0.008294026707979399,1.5736277508774617,3.493333333333333,0.01151717755970001,12.0,2.16,0.05000000000005387,0.10383627500992611,0.10668285921955054
0.9560000000000001,2.0,120.00003515769524,1.4485853705153433,-0.8438095238095242,-0.013779018176135258,1.5097690037020701,-0.29952380952380975,-0.01085604283426266,1.212312124459287,0.24476190476190451,-0.005830605661801252,1.5368120101375438,0.7890476190476189,-0.004488037851758141,1.5773916174358795,1.3333333333333333,-0.0014681649550234576,1.5825034531020434,1.8776190476190475,0.0017662884017125289,1.572132420915293,2.421904761904762,0.005098020655135535,1.571000964352149,2.9661904761904765,0.008371151674768902,1.5734658193262312,3.510476190476191,0.011621090637592375,12.0,2.1771428571428575,0.050000000000063,0.10389418638618263,0.10667503268087483
0.9580000000000001,2.0,119.94724912697859,1.4444345890643482,-0.8609523809523816,-0.013857226508806351,1.5096252448296283,-0.31238095238095287,-0.010932899736498138,1.208018015232667,0.23619047619047584,-0.005856729889612867,1.5365467530577261,0.7847619047619045,-0.0045123006322538356,1.576747248203443,1.3333333333333333,-0.0014643497046152776,1.5817921149920118,1.881904761904762,0.0017964078528163114,1.5720318376314395,2.430476190476191,0.005150062617365388,1.5710029822773854,2.9790476190476194,0.008448279928172823,1.5733169820666273,3.527619047619048,0.0117249193697569,12.0,2.194285714285715,0.05000000158722433,0.10395296346572684,0.10666696645156619
0.96,2.0,119.86136749047411,1.4402274214064068,-0.8780952380952385,-0.013935178962957519,1.509394038865486,-0.32523809523809555,-0.011009180040406344,1.203649083609179,0.2276190476190474,-0.005882393805681717,1.5362725367837178,0.7804761904761903,-0.004536423375489215,1.5760833045391593,1.3333333333333333,-0.0014604834892206586,1.5811058671024747,1.8861904761904762,0.0018263901671907866,1.5719335355615893,2.439047619047619,0.005202094688497076,1.5710047045936624,2.9919047619047623,0.008525410677764262,1.5731803356297265,3.544761904761905,0.011828669536171664,12.0,2.2114285714285717,0.050000013401300614,0.10401263317147917,0.10665865598671444
0.962,2.0,119.75704587281831,1.4359423490538559,-0.8952380952380945,-0.01401279309986701,1.5090895105365931,-0.33809523809523756,-0.011084935661764342,1.1992083904829582,0.21904761904761938,-0.005907608787369359,1.5360118767294446,0.7761904761904763,-0.004560492363559449,1.575382926321698,1.3333333333333333,-0.0014564998272349565,1.5804462564161956,1.8904761904761902,0.001856221940242293,1.5718380141809594,2.447619047619047,0.005254113072344746,1.5710062400193365,3.004761904761904,0.00860254320100945,1.5730550332024889,3.561904761904761,0.011932346557650205,12.0,2.2285714285714278,0.050000048641745835,0.10407323033971082,0.10665009644190687
0.964,2.0,119.62929263520246,1.4315572655850695,-0.9123809523809523,-0.014089939808608851,1.5087261626664175,-0.3509523809523809,-0.011160251348933845,1.194699112660654,0.21047619047619048,-0.005932393200040607,1.5357876993312052,0.7719047619047619,-0.004584642688948096,1.5746290898863324,1.3333333333333333,-0.001452297557930189,1.5798143052519835,1.8947619047619046,0.0018858938900742541,1.571745659052766,2.456190476190476,0.005306114772057099,1.5710076855757749,3.017619047619047,0.008679676845598264,1.5729402815510556,3.5790476190476186,0.012035955515070779,12.0,2.2457142857142856,0.050000122819438074,0.10413478848422808,0.10664128156758379
0.966,2.0,119.47211831289358,1.427049251605024,-0.9295238095238092,-0.014166486450653272,1.5083190309326608,-0.3638095238095236,-0.011235214118855646,1.1901245775344627,0.20190476190476203,-0.005956766104535352,1.5356236197248214,0.7676190476190476,-0.004609011910272945,1.573804381928137,1.3333333333333333,-0.001447774539317995,1.5792105951479543,1.8990476190476189,0.001915399882773812,1.5716567587056107,2.4647619047619047,0.005358097474254832,1.5710091268378186,3.03047619047619,0.008756811029402492,1.572835338072328,3.5961904761904755,0.012139501167836521,12.0,2.2628571428571425,0.05000025199205719,0.10419733441348987,0.10663220309242474
0.968,2.0,119.27821277055249,1.4223943475207383,-0.9466666666666665,-0.014242295509630144,1.5078838386305948,-0.3766666666666667,-0.011309914185595965,1.1854882988249242,0.19333333333333336,-0.005980747465206776,1.5355442112600632,0.7633333333333333,-0.004633741718348929,1.5728907811520958,1.3333333333333333,-0.001442826291568823,1.5786353396457873,1.9033333333333333,0.0019447364291122744,1.57157151936261,2.473333333333333,0.0054100594477663345,1.5710106383659288,3.043333333333333,0.008833945238973087,1.5727395079714976,3.6133333333333333,0.012242987971566033,12.0,2.28,0.050000454267051374,0.1042608917824971,0.10662285064918901
0.97,2.0,119.03864591499928,1.4175673234207153,-0.9638095238095234,-0.014317223227981572,1.5074371517406897,-0.38952380952380916,-0.011384445888926424,1.180794013594304,0.1847619047619049,-0.006004358364378116,1.5355752699442846,0.7590476190476191,-0.004658979553274665,1.5718694448937829,1.3333333333333333,-0.0014373446869125753,1.5780884472879677,1.9076190476190473,0.00197390224783956,1.57149007777516,2.4819047619047616,0.0054619994552529095,1.5710122842695147,3.0561904761904755,0.00891107902694728,1.5726521415630188,3.63047619047619,0.012346420095028156,12.0,2.2971428571428567,0.05000075062514313,0.10432548205031303,0.10661321144445865
0.972,2.0,118.74251450676701,1.4125414471759443,-0.9809523809523804,-0.014391118226238574,1.5069965332410253,-0.40238095238095206,-0.011458908624729851,1.1760457204960775,0.17619047619047645,-0.006027621224422966,1.5357440741868131,0.7547619047619049,-0.004684880191094279,1.5707204998869058,1.3333333333333333,-0.0014312166693626978,1.5775695760346726,1.9119047619047618,0.0020028978877007645,1.571412512385797,2.49047619047619,0.005513916676206181,1.571014118860302,3.069047619047619,0.008988212008668625,1.5725726316923452,3.647619047619047,0.01244980143633617,12.0,2.3142857142857136,0.05000116586869397,0.10439112525881962,0.10660326982469452
0.974,2.0,118.37652975719962,1.4072882531625797,-0.9980952380952377,-0.014463820111627093,1.506580694625668,-0.41523809523809496,-0.011533407770874722,1.1712477190742234,0.16761904761904778,-0.0060505600372621786,1.5360796385634592,0.7504761904761905,-0.004711607302263736,1.5694228375269614,1.3333333333333333,-0.001424322999321435,1.5770781801794551,1.916190476190476,0.0020317254009348204,1.57133885301931,2.4990476190476185,0.00556581063997093,1.5710161873625101,3.0819047619047613,0.009065343858266756,1.5725004112756047,3.664761904761904,0.012553135638417354,12.0,2.331428571428571,0.050001729728987025,0.1044578406628761,0.10659300671872687
0.976,2.0,117.88636760600274,1.4017773157395277,-1.0152380952380946,-0.014535158090404045,1.506209641287451,-0.42809523809523764,-0.011608055596325434,1.1664046497106748,0.15904761904761933,-0.006073200600159625,1.5366129582612649,0.7461904761904763,-0.004739334974237897,1.567953915445321,1.3333333333333333,-0.001416537025161769,1.5766135507316135,1.9204761904761902,0.002060388061780411,1.5712690892787036,2.5076190476190474,0.005617681167598425,1.5710185266532515,3.094761904761904,0.009142474304396365,1.572434950954239,3.681904761904761,0.012656426103774938,12.0,2.348571428571428,0.050002478169679766,0.10452564723412774,0.10658239893454968
0.978,2.0,116.94532878430827,1.395967135561354,-1.0323809523809524,-0.01460494960872288,1.5059111021327782,-0.440952380952381,-0.011682972133438992,1.1615228349909705,0.15047619047619043,-0.006095570755406906,1.5373855024464784,0.7419047619047618,-0.004768249178139018,1.566283512424627,1.3333333333333333,-0.0014077234926719267,1.576174790485409,1.9247619047619047,0.0020888901241817473,1.5712031778025444,2.5161904761904763,0.005669528321470637,1.5710211660121431,3.1076190476190475,0.009219603125794777,1.572375756861515,3.6990476190476187,0.012759676008560277,12.0,2.3657142857142857,0.0500034419329577,0.1045945392038141,0.10657139777709776
0.98,2.0,115.69316293393095,1.389790828146356,-1.0495238095238093,-0.014672945670510982,1.5057305915281176,-0.45380952380952366,-0.011758323755653811,1.1566124036247483,0.14190476190476198,-0.0061177084385172515,1.5384627505139576,0.7376190476190476,-0.004798598728964585,1.5643641529373158,1.3333333333333333,-0.0013977010745477628,1.5757593048267249,1.929047619047619,0.002117236971373259,1.571141048522351,2.5247619047619043,0.00572135236175616,1.571024127863775,3.1204761904761904,0.009296730146784284,1.5723223684977057,3.7161904761904756,0.012862888315973764,12.0,2.3828571428571426,0.050004645746336805,0.10466448665815661,0.10655992174981536
0.982,2.0,114.03444938923796,1.3831724261129212,-1.0666666666666662,-0.014738744968878132,1.5057197784331622,-0.46666666666666634,-0.011834383549168704,1.1516849535271385,0.13333333333333353,-0.006139674421748489,1.5399194524820534,0.7333333333333334,-0.004830776503083746,1.562143105251092,1.3333333333333333,-0.0013861849176238952,1.5753582198314688,1.9333333333333331,0.0021454441710396497,1.5710826100427902,2.533333333333333,0.0057731537088658936,1.5710274285005437,3.133333333333333,0.009373855232817347,1.5722743567106472,3.7333333333333325,0.01296606578901376,12.0,2.3999999999999995,0.050006104451941806,0.10473543078648534,0.10654784700100783
0.984,2.0,111.85247830443674,1.3760309521930334,-1.0838095238095236,-0.014801891699534669,1.505933525870096,-0.47952380952380946,-0.01191146152774183,1.1467529939478813,0.12476190476190485,-0.006161538292591402,1.5418356553990915,0.729047619047619,-0.004865231000606606,1.5595642060636585,1.3333333333333333,-0.001372858631506552,1.5749602977265684,1.9376190476190476,0.0021735649667254725,1.5710277542533027,2.5419047619047617,0.0058249329111718295,1.5710310787765578,3.146190476190476,0.009450978286139595,1.57223132177831,3.7504761904761903,0.01306921100259326,12.0,2.417142857142857,0.05000784042376894,0.10480731933926023,0.10653502660076128
0.986,2.0,109.0088770545722,1.368280737415422,-1.1009523809523805,-0.014861899998872484,1.5064295739082734,-0.4923809523809519,-0.011989886869506288,1.141829943079375,0.1161904761904764,-0.00618337510654443,1.5442962417655863,0.7247619047619048,-0.00490244250382312,1.5565676651733058,1.3333333333333333,-0.0013573852363819516,1.5745536951452968,1.9419047619047616,0.002201666785069159,1.5709763602672018,2.55047619047619,0.005876690617337325,1.57103508476595,3.1590476190476187,0.009528099241626365,1.5721928915899608,3.767619047619047,0.013172326355044423,12.0,2.4342857142857137,0.05000987967563792,0.10488009832551333,0.10652127643297848
0.988,2.0,105.34801249592257,1.3598325913019402,-1.1180952380952378,-0.014918255853063958,1.5072676011284427,-0.505238095238095,-0.012070006014878213,1.1369300102818165,0.10761904761904773,-0.006205265372761964,1.547389682962753,0.7204761904761905,-0.004942920307736375,1.5530908364665286,1.3333333333333333,-0.0013394059910398354,1.5741262026502931,1.946190476190476,0.0022298206862710755,1.5709283042661604,2.559047619047619,0.005928427552682504,1.5710394479828471,3.1719047619047616,0.00960521806283287,1.5721587197585523,3.784761904761904,0.01327541407903166,12.0,2.451428571428571,0.05001225079678222,0.10495370919450778,0.10650636547682914
0.99,2.0,100.70834376898625,1.350596164286748,-1.1352380952380947,-0.01497042411924021,1.5085074276195147,-0.5180952380952377,-0.012152177035342082,1.13206791130316,0.09904761904761927,-0.006227294347405183,1.551205595719605,0.7161904761904763,-0.00498719524063366,1.5490698080427183,1.3333333333333333,-0.0013185450187991718,1.5736656732416288,1.9504761904761903,0.0022580999269553826,1.5708834781871883,2.567619047619047,0.00598014446011732,1.5710441650925826,3.1847619047619045,0.009682334740674344,1.572128483632048,3.801904761904761,0.013378476252877252,12.0,2.468571428571428,0.05001498323169932,0.10502808616245797,0.10649000604966023
0.992,2.0,94.94337024652047,1.3404838365585658,-1.1523809523809525,-0.015017862700006202,1.5102061333168988,-0.5309523809523811,-0.012236758851431374,1.1272583625194377,0.09047619047619038,-0.006249550324961817,1.555830766721926,0.7119047619047618,-0.005035805002889059,1.5444420560736656,1.3333333333333333,-0.0012944188482563103,1.573160684949302,1.9547619047619047,0.0022865773891216556,1.5708417900034706,2.576190476190476,0.0060318419880197255,1.5710492288202675,3.197619047619048,0.009759449295158791,1.5721018829029116,3.819047619047619,0.013481514812493425,12.0,2.4857142857142858,0.05001810471713227,0.10510315386472313,0.10647184558646394
0.994,2.0,87.95322243070953,1.3294163646917134,-1.1695238095238094,-0.01506004587649425,1.5124139478178842,-0.5438095238095237,-0.012324093942758534,1.1225153105041417,0.08190476190476192,-0.006272121603688055,1.5613434169936948,0.7076190476190476,-0.0050892703146172705,1.5391503429616475,1.3333333333333333,-0.001266652336441994,1.5726014613311554,1.959047619047619,0.002315321604589901,1.570803156616643,2.584761904761905,0.006083520688550606,1.5710546291503396,3.2104761904761903,0.009836561769935536,1.5720786384416983,3.8361904761904757,0.013584531559725384,12.0,2.5028571428571427,0.05002163775633811,0.1051788256033971,0.10645146247597555
0.996,2.0,79.7239269828899,1.3173302394678517,-1.1866666666666663,-0.01509649818815028,1.515168976054426,-0.5566666666666664,-0.012414483686907306,1.1178508881312383,0.07333333333333347,-0.0062950918630248496,1.5678057608327636,0.7033333333333334,-0.005148060501962169,1.533147854838941,1.3333333333333333,-0.0012349020577698858,1.5719810248451607,1.9633333333333332,0.0023443912320130667,1.5707674984678648,2.593333333333333,0.00613518106030014,1.571060354238337,3.2233333333333327,0.00991367222509796,1.5720584911128193,3.8533333333333326,0.013687528169349808,12.0,2.5199999999999996,0.050025595177891395,0.10525500266107064,0.1064283693272385
0.998,2.0,88.47791915679295,1.3042346633987234,-1.2038095238095237,-0.015126838579664252,1.5184570716628267,-0.5695238095238093,-0.012508156713469411,1.113266987172998,0.0647619047619048,-0.006318533900216001,1.5744908367413708,0.699047619047619,-0.005212548850710867,1.5269556002173859,1.3333333333333333,-0.0011988871290336464,1.5713592814504909,1.9676190476190474,0.0023738281366433205,1.5707347355567554,2.6019047619047617,0.006186823580621382,1.5710663910956175,3.236190476190476,0.009990780731712834,1.5720412005929796,3.8704761904761904,0.01379050619618023,12.0,2.537142857142857,0.05002968031879192,0.10534575025676131,0.10640067439066626
1.0,2.0,82.3577091581524,1.2901701363303093,-1.2209523809523806,-0.015151122266106624,1.522241652244532,-0.5823809523809522,-0.012605028144262674,1.1087610568156723,0.056190476190476346,-0.0063424590658951304,1.5800019336106317,0.6947619047619048,-0.005278373591876796,1.5215822874727332,1.3333333333333333,-0.0011617336013043157,1.5708496144938153,1.9719047619047618,0.002403272882725626,1.5707047846104232,2.61047619047619,0.006238448729516609,1.5710727260956794,3.2490476190476185,0.010067887367712006,1.572026544207848,3.8876190476190473,0.013893467082156406,12.0,2.554285714285714,0.050033869499094705,0.10545269633649047,0.10636768722627805
1.002,2.0,75.9379382307182,1.2750695312498135,-1.238095238095238,-0.015169592246553284,1.5265612435906404,-0.5952380952380951,-0.012704878484895763,1.1043467936931723,0.04761904761904767,-0.006366852055179748,1.5845041506524096,0.6904761904761905,-0.005337154458806647,1.5169136829561327,1.3333333333333333,-0.0011294937248363995,1.570435784854353,1.976190476190476,0.0024320451701799646,1.570677557191006,2.6190476190476186,0.0062900570066231724,1.5710793453411502,3.261904761904762,0.010144992214854496,1.5720143157986133,3.904761904761904,0.013996412163324338,12.0,2.571428571428571,0.05003783936677931,0.10559015614314224,0.10632756060955896
1.004,2.0,69.18033177481641,1.2588937109898395,-1.2552380952380948,-0.01518184575892745,1.5314335197481208,-0.6080952380952378,-0.012807938890115271,1.1000343126659373,0.03904761904761922,-0.006391795047873319,1.588139387027543,0.6861904761904762,-0.0053898820467716,1.5128502596823994,1.3333333333333333,-0.0011014820977367967,1.5701061736138704,1.9804761904761903,0.0024602424337310234,1.570652958567085,2.6276190476190475,0.006341648942568248,1.571086234922773,3.2747619047619043,0.010222095356524524,1.5720043246269544,3.921904761904761,0.014099342676636888,12.0,2.588571428571428,0.05004169837081702,0.10575152756782324,0.10628045304661037
1.006,2.0,62.152225404791366,1.241630664791704,-1.2723809523809522,-0.015187647980224752,1.5368561154354252,-0.6209523809523809,-0.012914315404203009,1.0958301705456084,0.030476190476190546,-0.006417348733138481,1.5910301145765127,0.6819047619047619,-0.005437407750736687,1.509295751757901,1.3333333333333333,-0.0010771015580943969,1.5698878416262634,1.9847619047619047,0.002487934386888206,1.5706308872038035,2.636190476190476,0.006393225105740346,1.5710933810954923,3.2876190476190477,0.010299196876177648,1.5719963943244735,3.939047619047619,0.014202259766523987,12.0,2.6057142857142854,0.0500454226956309,0.10593526629257574,0.10622604034823607
1.008,2.0,54.93233062374175,1.2232949026915945,-1.2895238095238095,-0.015186926845893081,1.5428073225719376,-0.6338095238095238,-0.013023993835469694,1.09173731938685,0.02190476190476187,-0.0064435524518450795,1.5932818255400165,0.6776190476190476,-0.005480466401744791,1.5061562485476474,1.3333333333333333,-0.001055774510547407,1.5698440517374095,1.989047619047619,0.0025149586645281333,1.5706112347499674,2.6447619047619044,0.006444786105348606,1.5711007703917366,3.30047619047619,0.010376296856284186,1.5719903618906736,3.956190476190476,0.014305164491196015,12.0,2.6228571428571428,0.05004897186950671,0.106139651984474,0.10616403494307063
1.01,2.0,47.624044864705404,1.203926533199896,-1.3066666666666664,-0.015179769416149567,1.5492470796682756,-0.6466666666666665,-0.013136843935431627,1.0877550722393714,0.01333333333333342,-0.0064704239163211,1.594985463762416,0.6733333333333333,-0.0055196909532400995,1.503368544362637,1.3333333333333333,-0.001036937491285885,1.5699615973859125,1.9933333333333332,0.0025409356895755423,1.5705938864190296,2.6533333333333333,0.006496332591500196,1.5711083896879563,3.313333333333333,0.010453395377649579,1.5719860767420146,3.9733333333333327,0.014408057828655957,12.0,2.6399999999999997,0.050052290327532355,0.10636278729419484,0.10609420491763598
1.012,2.0,40.33374526183132,1.1835898076651028,-1.3238095238095238,-0.015166416342056519,1.5561183927281483,-0.6595238095238096,-0.013252625335152512,1.0838791203451579,0.004761904761904745,-0.0064979590048648,1.5962192754685136,0.669047619047619,-0.005555627068288781,1.5008934043945938,1.3333333333333333,-0.0010202112661758225,1.5701714522671448,1.9976190476190476,0.002565944701398811,1.5705787216757183,2.6619047619047618,0.006547865252914393,1.5711162262372254,3.326190476190476,0.010530492519015118,1.5719833998133643,3.9904761904761905,0.014510940682405058,12.0,2.657142857142857,0.0500553097377212,0.10660259570685594,0.10601639511260524
1.014,2.0,33.1849320833215,1.162370987429159,-1.3409523809523807,-0.015147253131704903,1.563349265722981,-0.6723809523809521,-0.013370996070654603,1.0801016346981673,-0.003809523809523707,-0.006526131864928089,1.5970504910970689,0.6647619047619048,-0.005588744224239653,1.498712526050343,1.3333333333333333,-0.0010053604263675635,1.5703558492042384,2.0019047619047616,0.002590399857825701,1.5705656151520304,2.6704761904761902,0.006599384812802832,1.5711242676780848,3.3390476190476184,0.010607588356862359,1.5719822027122132,4.007619047619047,0.0146138138868341,12.0,2.674285714285714,0.050057951532686884,0.1068568507490955,0.10593054543444397
1.016,2.0,31.80136553384263,1.1403754593765387,-1.358095238095238,-0.015122797353146384,1.5708551617233515,-0.6852380952380954,-0.01349152416576646,1.0764114786144037,-0.012380952380952381,-0.006554895522474719,1.5975364937417311,0.6604761904761904,-0.005619445803725271,1.4967832584935568,1.3333333333333333,-0.0009922751563020591,1.5705154997543127,2.006190476190476,0.0026150077619174258,1.5705544377261116,2.679047619047619,0.0066508920233735325,1.571132502027667,3.3519047619047617,0.010684682965360062,1.5719823669252806,4.024761904761904,0.014716678212298145,12.0,2.6914285714285713,0.05006013052398625,0.10712319754721676,0.10583670776339983
1.018,2.0,25.313080493646304,1.1179843734447275,-1.375238095238095,-0.015093681327687802,1.5775038893000592,-0.6980952380952379,-0.013613702398911536,1.0731834471985684,-0.020952380952380834,-0.0065841831574007074,1.5977299774755003,0.6561904761904762,-0.005648076105307529,1.4950663903412993,1.3333333333333333,-0.000980699550961341,1.570650820289664,2.01047619047619,0.002639764144331264,1.5705450577058258,2.687619047619047,0.006702387659357613,1.5711409176653974,3.364761904761904,0.010761776416405423,1.5719837830765666,4.041904761904761,0.014819534369876885,12.0,2.708571428571428,0.050061788786703317,0.10739634172239138,0.10573644685224037
1.02,2.0,19.15418224500756,1.0953863267573307,-1.3923809523809523,-0.015062191954954077,1.582904597650811,-0.7109523809523808,-0.01373073762151464,1.0705179004397822,-0.029523809523809508,-0.006616243540334268,1.5976752692573828,0.6519047619047619,-0.005674951293424431,1.4935286760973043,1.3333333333333333,-0.0009703983420477961,1.5707629485725012,2.0147619047619045,0.002664666506833443,1.5705373420660496,2.696190476190476,0.006753872510907902,1.571149503312129,3.3776190476190475,0.010838868779721901,1.5719863502354614,4.059047619047619,0.014922383015826315,12.0,2.7257142857142855,0.05006285867464756,0.10767299755112965,0.10563053855879788
1.022,2.0,13.369709776587431,1.0726342518263299,-1.4095238095238096,-0.015029460817686842,1.587226886918279,-0.7238095238095237,-0.013840284728762009,1.0683027283147954,-0.03809523809523818,-0.006651678831210123,1.5974091056392479,0.6476190476190475,-0.005700337329830012,1.4921422563406532,1.3333333333333333,-0.0009611720565838264,1.5708538603449838,2.019047619047619,0.002689708022850707,1.5705311576953165,2.704761904761905,0.0068053473761751325,1.5711582480083703,3.39047619047619,0.010915960122984366,1.5719899752731816,4.076190476190476,0.015025224755730088,12.0,2.742857142857143,0.0500632663859497,0.10795183762727853,0.10551900426506572
1.024,2.0,7.999663748567224,1.0497932310427847,-1.4266666666666665,-0.014995805510957978,1.5906194207543738,-0.7366666666666666,-0.013943361321509676,1.0664301381417538,-0.046666666666666634,-0.006689816369888773,1.5969631833905364,0.6433333333333333,-0.005724454633835487,1.4908828961869653,1.3333333333333333,-0.0009528535380439198,1.5709258960814803,2.0233333333333334,0.002714876837930098,1.570526372613635,2.713333333333333,0.006856813053828099,1.5711671410942791,3.4033333333333333,0.010993050511949778,1.5719945722655495,4.093333333333333,0.015128060148360907,12.0,2.76,0.05006294816817236,0.10823141409787464,0.10540203230532476
1.026,2.0,3.0992825726188116,1.02693673843745,-1.4438095238095239,-0.014961616529113852,1.5932125007425368,-0.7495238095238095,-0.014040859381669102,1.0647972629814457,-0.05523809523809531,-0.006730009400279095,1.5963649970181053,0.639047619047619,-0.005747493386057505,1.4897294554613807,1.3333333333333333,-0.0009452973771217926,1.5709814553883445,2.0276190476190474,0.0027401589092254032,1.5705228571292904,2.721904761904762,0.006908270335746761,1.5711761721932491,3.4161904761904758,0.01107014001057718,1.572000061939929,4.110476190476191,0.015230889709263846,12.0,2.777142857142857,0.05006185255808409,0.10851028837997712,0.10527993059523992
1.028,2.0,1.225627599172141,1.0041373034922807,-1.4609523809523808,-0.014927334716338983,1.5951206285408084,-0.7623809523809524,-0.014133560718740936,1.0633095644594879,-0.06380952380952376,-0.006771640720745817,1.595639015212241,0.6347619047619047,-0.005769618553537204,1.488663065032252,1.3333333333333333,-0.0009383767327682846,1.5710228222824438,2.031904761904762,0.0027655398390985042,1.570520484908291,2.7304761904761903,0.006959720000081399,1.5711853312002293,3.429047619047619,0.01114722868112622,1.5720063711640042,4.1276190476190475,0.015333713914074712,12.0,2.794285714285714,0.05006007592131469,0.10878722984590501,0.10515320353390237
1.03,2.0,0.6907650850700415,0.9814131500261367,-1.4780952380952381,-0.014893395249525113,1.5964469194728086,-0.7752380952380953,-0.014222152342673424,1.0619053213333807,-0.07238095238095243,-0.006814143101042642,1.594811092992884,0.6304761904761904,-0.005790976948416304,1.4876638560989028,1.3333333333333333,-0.000931978390193513,1.571052047754641,2.036190476190476,0.0027910059234481925,1.570519133935833,2.7390476190476187,0.007011162804835967,1.571194608275331,3.4419047619047616,0.011224316584227194,1.5720134324739852,4.144761904761904,0.0154365332015874,12.0,2.8114285714285714,0.05005840097871192,0.10906197036643372,0.10502284122166695
1.032,2.0,0.40873498394510666,0.9587449380882692,-1.495238095238095,-0.014859907471585389,1.5972832092633555,-0.7880952380952377,-0.014307252945408279,1.0605472168974275,-0.08095238095238089,-0.006857146213714569,1.5939065050972192,0.6261904761904762,-0.005811723700814447,1.4867124472114215,1.3333333333333333,-0.0009259831365934175,1.57107093516383,2.0404761904761903,0.002816544856329296,1.5705186873547021,2.7476190476190476,0.007062599482099288,1.5712039938428055,3.454761904761904,0.01130140377891944,1.5720211836397793,4.161904761904761,0.015539347976584657,12.0,2.8285714285714283,0.05005764374504215,0.10933488823258022,0.1048900312054793
1.034,2.0,0.23488656231499916,0.9361123552865522,-1.5123809523809524,-0.01482675534281533,1.597709495077482,-0.8009523809523811,-0.01438941354129442,1.059204330226956,-0.08952380952380956,-0.006900426158527422,1.5929442915108813,0.6219047619047618,-0.005832010459154744,1.4857941803328176,1.3333333333333333,-0.0009202746832685293,1.5710810963236308,2.044761904761905,0.0028421458175884495,1.5705190341708035,2.756190476190476,0.007114030733014644,1.5712134785951017,3.4676190476190474,0.011378490322657451,1.5720295672646465,4.179047619047619,0.01564215861244704,12.0,2.8457142857142856,0.050058215640134865,0.10960646024809015,0.10475587978214734
1.036,2.0,0.15884089955446928,0.9134940683869803,-1.5295238095238097,-0.01479381698886217,1.5977953137203214,-0.813809523809524,-0.014469114113322036,1.05785147639645,-0.09809523809523824,-0.006943797409933165,1.5919255711864921,0.6176190476190475,-0.005851951463351003,1.4849078759297367,1.3333333333333333,-0.0009147650819969062,1.5710840475081724,2.0490476190476192,0.002867799136343931,1.570520069820936,2.7647619047619045,0.007165457223546607,1.5712230535014198,3.4804761904761907,0.011455576271286533,1.5720385304168754,4.196190476190476,0.015744965453554978,12.0,2.862857142857143,0.05005989307297812,0.10987704300995128,0.10462116523666858
1.038,2.0,0.13871236109942767,0.8908762125980263,-1.5466666666666666,-0.014760964410321882,1.5975866291560135,-0.8266666666666669,-0.01454677188232193,1.0564715222858547,-0.10666666666666669,-0.0069871088583787,1.590847408710328,0.6133333333333333,-0.005871553427118953,1.484055443424379,1.3333333333333333,-0.0009094472555784208,1.57108111940353,2.0533333333333332,0.002893495714950965,1.5705216966023758,2.7733333333333334,0.007216879581074385,1.5712327098199808,3.493333333333333,0.01153266167899148,1.5720480242910602,4.213333333333333,0.015847768817498747,12.0,2.88,0.050062461881253156,0.11014671247217672,0.1044862476401035
1.04,2.0,0.12145424470865854,0.8682590368187154,-1.563809523809524,-0.014728114418445303,1.597088358273065,-0.8395238095238098,-0.01462266263207894,1.055060804247714,-0.11523809523809536,-0.007030257705143701,1.5897094844172655,0.609047619047619,-0.005890798737976254,1.4832368771219677,1.3333333333333333,-0.0009043326605462738,1.5710734384902245,2.0576190476190477,0.002919227569293107,1.5705238239677555,2.781904761904762,0.0072682983918143165,1.5712424391130926,3.5061904761904765,0.011609746598222975,1.5720580038966323,4.230476190476191,0.01595056899711078,12.0,2.8971428571428572,0.05006574771490101,0.1104155471975091,0.10435127154281952
1.042,2.0,0.10736776107445345,0.845645441488202,-1.5809523809523809,-0.014695268506626578,1.5962977083672432,-0.8523809523809522,-0.014696815863924104,1.0536181920006928,-0.12380952380952381,-0.007073221968343427,1.5885114939028258,0.6047619047619047,-0.005909685477932165,1.4824521981276766,1.3333333333333333,-0.0008994212627318068,1.571061970166508,2.0619047619047617,0.002944987940487223,1.5705263686920186,2.7904761904761903,0.007319714199050609,1.571252233264036,3.519047619047619,0.01168683107960716,1.5720684277713897,4.247619047619048,0.01605336626233449,12.0,2.914285714285714,0.05006959082328558,0.11068358297031534,0.10421630610405368
1.044,2.0,0.1039165719325012,0.8230386501200025,-1.5980952380952382,-0.014662444077500641,1.5952117195808007,-0.8652380952380951,-0.01476921482163203,1.052142482002392,-0.1323809523809525,-0.007115994866289872,1.5872531468130306,0.6004761904761904,-0.005928211820559812,1.4817014497880634,1.3333333333333333,-0.00089471318876606,1.5710475391981626,2.066190476190476,0.0029707710361438085,1.5705292549208891,2.7990476190476192,0.0073711275021336045,1.5712620844947847,3.5319047619047614,0.011763915171844353,1.5720792577178853,4.2647619047619045,0.01615616086194309,12.0,2.9314285714285715,0.05007387093757374,0.11095085850208648,0.10408142390850637
1.046,2.0,0.10071536381716154,0.8004430133928855,-1.6152380952380951,-0.014629660472148585,1.593826719821764,-0.878095238095238,-0.014839841746056234,1.0506322681192968,-0.14095238095238094,-0.007158569177728637,1.5859341657819765,0.5961904761904762,-0.005946376023735327,1.480984693665551,1.3333333333333333,-0.0008902086987283808,1.5710308477420563,2.0704761904761906,0.0029965719076681676,1.5705324141122865,2.8076190476190472,0.0074225387561889485,1.5712719853836188,3.544761904761905,0.011840998921602721,1.5720904585606565,4.281904761904761,0.01625895302512126,12.0,2.9485714285714284,0.05007852278296544,0.11121740401438925,0.10394665946662801
1.048,2.0,0.09792767505522476,0.7778631420177956,-1.6323809523809525,-0.014596943794643026,1.5921389279111817,-0.8909523809523809,-0.01490867460464487,1.049086073815416,-0.14952380952380961,-0.007200936465858639,1.5845542855006098,0.5919047619047618,-0.005964176423263289,1.4803020059878613,1.3333333333333333,-0.0008859081619933069,1.571012491213152,2.0747619047619046,0.00302238634211909,1.570535784883483,2.816190476190476,0.007473948372469138,1.5712819288817708,3.5576190476190472,0.011918082373412572,1.572101997922422,4.299047619047619,0.01636174296292178,12.0,2.9657142857142857,0.050083544769389865,0.11148323935206912,0.10381200573471881
1.05,2.0,0.0960024881076142,0.755303569830749,-1.6495238095238098,-0.014564321709249633,1.5901446847973055,-0.9038095238095243,-0.014975690710324237,1.047502405214944,-0.1580952380952383,-0.007243087871463926,1.5831132519013855,0.5876190476190475,-0.005981611427289374,1.4796534745183174,1.3333333333333333,-0.0008818120359271684,1.5709929722421523,2.079047619047619,0.0030482107670068022,1.5705393127775655,2.824761904761905,0.0075253567192705316,1.5712919083283543,3.5704761904761906,0.01199516556956652,1.57211384601751,4.316190476190476,0.016464530869608324,12.0,2.982857142857143,0.050088924529538476,0.11174838295852554,0.10367746500915952
1.052,2.0,0.09457922157858581,0.7327686882658536,-1.6666666666666667,-0.014531821418984495,1.5878404968870639,-0.9166666666666667,-0.015040868108783835,1.0458797624227947,-0.16666666666666674,-0.007285014431289665,1.5816108213702988,0.5833333333333333,-0.005998679511408314,1.4790391955097015,1.3333333333333333,-0.0008779208471099049,1.570972714242666,2.083333333333333,0.0030740421665470846,1.5705429499629997,2.833333333333333,0.007576764123334605,1.5713019174629543,3.583333333333333,0.012072248550029873,1.5721259754609367,4.333333333333333,0.01656731692389494,12.0,3.0,0.050094652413696095,0.11201284913473024,0.10354304016832772
1.054,2.0,0.09352649526457886,0.7102630236303642,-1.6666666666666672,-0.014396612129595124,1.585223238427106,-0.9166666666666672,-0.015027042981322385,1.0442170427782276,-0.16666666666666696,-0.00727527857453677,1.580046910795022,0.5833333333333331,-0.005989664928221794,1.4784591614860019,1.3333333333333333,-0.0008742351730582097,1.5709520587871135,2.0833333333333335,0.0030741637145440055,1.570546639004322,2.8333333333333335,0.007576742300222003,1.5713119097898283,3.583333333333334,0.012072188495222276,1.5721382936758455,4.333333333333334,0.016567244147234383,12.0,3.0000000000000004,0.0501007217678054,0.11227664735500281,0.1034087348766797
1.056,1.0,0.0,0.6877976271799069,-1.6666666666666667,-0.014261578141782185,1.5822857596254993,-0.9166666666666667,-0.015011339430562636,1.0425125419515788,-0.16666666666666674,-0.007265302256669366,1.5784215966272415,0.5833333333333333,-0.005980281464770132,1.4779132578587664,1.3333333333333333,-0.0008707549689160117,1.5709312812385186,2.083333333333333,0.003074287647277317,1.5705503160252292,2.833333333333333,0.007576720165974067,1.57132180796379,3.583333333333333,0.01207212854126103,1.5721506594557937,4.333333333333333,0.016567170237944927,12.0,3.0,0.05010696061200146,0.11254011324547122,0.10327449040439214
1.058,1.0,0.0,0.6653896291433942,-1.6666666666666667,-0.014126785763079443,1.5790169078318095,-0.9166666666666667,-0.014993714557752997,1.0407635236951447,-0.16666666666666674,-0.007255075251709473,1.5767349634115098,0.5833333333333333,-0.0059705295797634495,1.4774013698169182,1.3333333333333333,-0.0008674795471525987,1.570910617490878,2.083333333333333,0.003074412312568887,1.5705539277067768,2.833333333333333,0.007576698103848623,1.571331547793158,3.583333333333333,0.012072069152217257,1.5721629559710848,4.333333333333333,0.016567096043265235,12.0,3.0,0.05011331118510145,0.1128033594399467,0.10314028749887909
1.06,1.0,0.0,0.6430432888516385,-1.6666666666666667,-0.013992337774860366,1.5754145187733504,-0.9166666666666667,-0.014974101446990856,1.038969199493793,-0.16666666666666674,-0.007244581142170869,1.5749871035013967,0.5833333333333333,-0.005960409780469059,1.4769233813242064,1.3333333333333333,-0.0008644082189015094,1.5708902686204413,2.083333333333333,0.0030745362950547303,1.5705574304461467,2.833333333333333,0.0075766764337593375,1.5713410766265217,3.583333333333333,0.012072010713241049,1.5721750874958662,4.333333333333333,0.01656702226417349,12.0,3.0,0.050119605486285516,0.11306671616071852,0.10300606391228631
1.062,0.0,0.0,0.6207628718058145,-1.6666666666666667,-0.013858259733109831,1.571476484584435,-0.9166666666666667,-0.0149524871126401,1.0371287562804647,-0.16666666666666674,-0.007233815196962759,1.5731781168249992,0.5833333333333333,-0.005949922621008381,1.4764791743038848,1.3333333333333333,-0.000861540287945239,1.570870404697409,2.083333333333333,0.00307465838827735,1.570560789478087,2.833333333333333,0.007576655417323118,1.5713503519138896,3.583333333333333,0.01207195354024087,1.5721869765308751,4.333333333333333,0.0165669494750248,12.0,3.0,0.050125899787469584,0.11333007288149034,0.10287184032569353
1.064,0.0,0.0,0.5985526469163057,-1.6666666666666667,-0.013724577230834888,1.56720075491842,-0.9166666666666667,-0.01492885890750661,1.0352413573808454,-0.16666666666666674,-0.0072227725376827895,1.5713081106883153,0.5833333333333333,-0.005939068700949996,1.4760686279676778,1.3333333333333333,-0.000858875045823309,1.5708511679521475,2.083333333333333,0.003074777571815545,1.570563977983532,2.833333333333333,0.007576635263131476,1.5713593399238752,3.583333333333333,0.01207189788851666,1.5721985612763478,4.333333333333333,0.01656687814081475,12.0,3.0,0.05013219408865365,0.11359342960226217,0.10273761673910076
1.066,0.0,0.0,0.5764168835971508,-1.6666666666666667,-0.013591315881497836,1.5625853381157917,-0.9166666666666667,-0.014903204529510522,1.0333061435058313,-0.16666666666666674,-0.007211448144285073,1.5693771996071122,0.5833333333333333,-0.005927848664129893,1.4756916182539288,1.3333333333333333,-0.0008564117678060673,1.570832675454548,2.083333333333333,0.0030748929922871132,1.57056697620595,2.833333333333333,0.007576616132098806,1.5713680146005393,3.583333333333333,0.012071843960456748,1.5722097934146988,4.333333333333333,0.01656680863234191,12.0,3.0,0.05013848838983772,0.11385678632303399,0.10260339315250798
1.068,0.0,0.0,0.5543598487429054,-1.6666666666666667,-0.013458501301582906,1.557628302422853,-0.9166666666666667,-0.014875512028694752,1.0313222337809511,-0.16666666666666674,-0.007199836861034988,1.5673855051597976,0.5833333333333333,-0.005916263197642674,1.4753480173468025,1.3333333333333333,-0.0008541497095235733,1.5708150214335612,2.083333333333333,0.0030750039472727097,1.5705697705920907,2.833333333333333,0.007576598142764298,1.5713763565452843,3.583333333333333,0.012071791912396764,1.5722206361671138,4.333333333333333,0.016566741239511806,12.0,3.0,0.05014478269102179,0.11412014304380581,0.1024691695659152
1.07,0.0,0.0,0.532385803585815,-1.6666666666666667,-0.013326159092457433,1.5523277772627881,-0.9166666666666667,-0.014845769814537118,1.02928872681276,-0.16666666666666674,-0.007187933402685707,1.5653331558554398,0.5833333333333333,-0.005904313030958786,1.4750376932545144,1.3333333333333333,-0.0008520881040808157,1.570798279336374,2.083333333333333,0.003075109871398631,1.5705723529701627,2.833333333333333,0.007576581376447455,1.571384352110779,3.583333333333333,0.012071741860728293,1.572231062592241,4.333333333333333,0.016566676182997314,12.0,3.0,0.050151076992205855,0.11438349976457764,0.10233494597932243
1.072,0.0,0.0,0.5104990004313971,-1.6666666666666667,-0.013194314821514891,1.546681954560828,-0.9166666666666667,-0.01481396666357673,1.0272047017921357,-0.16666666666666674,-0.00717573236087656,1.5632202870124778,0.5833333333333333,-0.005891998935132639,1.4747605094298009,1.3333333333333333,-0.0008502261595270868,1.5707825037030236,2.083333333333333,0.0030752103239817547,1.5705747197751443,2.833333333333333,0.007576565882179022,1.5713919925953095,3.583333333333333,0.012071693887335325,1.572241054098764,4.333333333333333,0.01656661362444655,12.0,3.0,0.05015737129338992,0.11464685648534946,0.10220072239272965
1.074,0.0,0.0,0.48870367927077657,-1.6666666666666667,-0.013062994002588384,1.540689090125195,-0.9166666666666667,-0.014780091727364969,1.0250692196343036,-0.16666666666666674,-0.007163228210752815,1.561047040644841,0.5833333333333333,-0.005879321722074868,1.4745163244202724,1.3333333333333333,-0.0008485630565788056,1.5707677319122355,2.083333333333333,0.0030753049777818564,1.5705768713280017,2.833333333333333,0.0075765516813491324,1.571399273527204,3.583333333333333,0.012071648044428143,1.572250599146836,4.333333333333333,0.016566553675407415,12.0,3.0,0.05016366559457399,0.11491021320612128,0.10206649880613687
1.076,0.0,0.0,0.4670040642683843,-1.6666666666666667,-0.01293222207562466,1.5343475050854694,-0.9166666666666667,-0.01474413454075117,1.022881324155297,-0.16666666666666674,-0.007150415317805823,1.558813565353171,0.5833333333333333,-0.005866282243869046,1.4743049915399873,1.3333333333333333,-0.0008470979465216346,1.5707539858376203,2.083333333333333,0.003075393608526585,1.570578811173054,2.833333333333333,0.007576538772031988,1.5714061940300923,3.583333333333333,0.012071604358836774,1.5722596921162002,4.333333333333333,0.016566496405118983,12.0,3.0,0.05016995989575806,0.11517356992689311,0.1019322752195441
1.078,0.0,0.0,0.44540436012393236,-1.6666666666666667,-0.012802024385610306,1.527655587389971,-0.9166666666666667,-0.014706085030512815,1.020640043284422,-0.16666666666666674,-0.007137287944931782,1.5565200162196398,0.5833333333333333,-0.005852881392119026,1.4741263585566,1.3333333333333333,-0.0008458299492399242,1.5707412734397628,2.083333333333333,0.0030754760849742765,1.5705805454756014,2.833333333333333,0.007576527132961674,1.5714127562607336,3.583333333333333,0.012071562835819446,1.5722683323213336,4.333333333333333,0.0165664418473028,12.0,3.0,0.050176254196942126,0.11543692664766493,0.10179805163295132
1.08,0.0,0.0,0.42390874830791253,-1.6666666666666667,-0.012672426160743596,1.5206117933637335,-0.9166666666666667,-0.014665933524339826,1.0183443903121427,-0.16666666666666674,-0.0071238402597065325,1.5541665547054815,0.5833333333333333,-0.005839120097317839,1.4739802673908518,1.3333333333333333,-0.0008447581513396005,1.5707295903088574,2.083333333333333,0.0030755523593614218,1.5705820824801964,2.833333333333333,0.00757651672714639,1.5714189649120178,3.583333333333333,0.012071523462435597,1.5722765231561995,4.333333333333333,0.016566390006071997,12.0,3.0,0.050182548498126194,0.11570028336843675,0.10166382804635854
1.082,0.0,0.0,0.4025213831702242,-1.6666666666666667,-0.012543452489847477,1.513214649328606,-0.9166666666666667,-0.014623670760182403,1.015993365172623,-0.16666666666666674,-0.007110066341872857,1.5517533485508532,0.5833333333333333,-0.00582499932823289,1.473866553827051,1.3333333333333333,-0.000843881604345111,1.5707189211640995,2.083333333333333,0.003075622458146854,1.5705834320285548,2.833333333333333,0.00757650750511882,1.571424826774498,3.583333333333333,0.012071486210527891,1.572284271353173,4.333333333333333,0.0165663408610628,12.0,3.0,0.05018884279931026,0.11596364008920858,0.10152960445976576
1.084,0.0,0.0,0.3812463879219289,-1.6666666666666667,-0.012415128299021347,1.5054627532870122,-0.9166666666666667,-0.014579287895971635,1.0135859557599787,-0.16666666666666674,-0.0070959601910357386,1.5492805716770017,0.5833333333333333,-0.00581052009130512,1.4737850472345928,1.3333333333333333,-0.0008431993229623065,1.5707092413097283,2.083333333333333,0.0030756864730154014,1.5705846051350407,2.833333333333333,0.00757649940782867,1.5714303503504925,3.583333333333333,0.012071451039353009,1.5722915863424654,4.333333333333333,0.01656629437188096,12.0,3.0,0.05019513710049433,0.1162269968099804,0.10139538087317299
1.086,0.0,0.0,0.36008785049054454,-1.6666666666666667,-0.012287478327531574,1.4973547766708741,-0.9166666666666667,-0.014532776519722073,1.011121139277081,-0.16666666666666674,-0.007081515734559873,1.5467484040909674,0.5833333333333333,-0.005795683430062011,1.4737355703015553,1.3333333333333333,-0.0008427102834075573,1.5707005180431712,2.083333333333333,0.0030757445521416285,1.570585613616873,2.833333333333333,0.007576492369189754,1.5714355455153857,3.583333333333333,0.012071417897897044,1.572298479699935,4.333333333333333,0.016566250481945207,12.0,3.0,0.0502014314016784,0.11649035353075222,0.10126115728658021
1.088,0.0,0.0,0.33904981924973415,-1.6666666666666672,-0.012160527102943271,1.488889466157214,-0.9166666666666672,-0.014484128660025249,1.0085978836155294,-0.16666666666666696,-0.007066726835662488,1.544157031793223,0.5833333333333331,-0.005780490424545806,1.473717938782049,1.3333333333333333,-0.0008424134218093324,1.570692712007886,2.0833333333333335,0.0030757968917409736,1.5705864697756524,2.8333333333333335,0.0075764863182987635,1.5714404232212822,3.583333333333334,0.012071386726907688,1.5723049646725609,4.333333333333334,0.016566209121800395,12.0,3.0000000000000004,0.050207725702862464,0.11675371025152405,0.10112693369998743
1.09,0.0,0.0,0.31813629862470805,-1.6666666666666663,-0.012034298915498403,1.4800656455519434,-0.9166666666666663,-0.014433336796943284,1.006015148765174,-0.16666666666666652,-0.0070515873016931754,1.5415066466887286,0.5833333333333334,-0.0057649421907593375,1.473731961259328,1.3333333333333333,-0.000842307632692294,1.5706857784819925,2.083333333333333,0.0030758437279526825,1.5705871861264542,2.833333333333333,0.0075764811813460835,1.5714449952386453,3.583333333333333,0.012071357460672307,1.5723110557720774,4.333333333333333,0.016566170211964635,12.0,2.9999999999999996,0.05021402000404653,0.11701706697229587,0.10099271011339465
1.092,0.0,0.0,0.29735124457514345,-1.6666666666666667,-0.011908817791748249,1.470882217743371,-0.9166666666666667,-0.01438039387331166,1.0033718882513103,-0.16666666666666674,-0.0070360908925910445,1.5387974465019059,0.5833333333333333,-0.005749039880132372,1.473777438926767,1.3333333333333333,-0.0008423917675559687,1.5706796685933848,2.083333333333333,0.003075885329108043,1.5705877751705377,2.833333333333333,0.007576476883241273,1.571449273931964,3.583333333333333,0.012071330028568127,1.5723167684283654,4.333333333333333,0.016566133665367532,12.0,3.0,0.0502203143052306,0.1172804236930677,0.10085848652680188
1.094,0.0,0.0,0.2766985599579279,-1.6666666666666667,-0.011784107467450861,1.4613381667269776,-0.9166666666666667,-0.014325293306460225,1.0006670505974062,-0.16666666666666674,-0.007020231329507862,1.5360296346960076,0.5833333333333333,-0.005732784679011436,1.4738541653886945,1.3333333333333333,-0.0008426646335606028,1.570674330452483,2.083333333333333,0.0030759219884396896,1.570588249207663,2.833333333333333,0.007576473348976772,1.5714532720658707,3.583333333333333,0.012071304356408213,1.5723221186951581,4.333333333333333,0.01656609938942981,12.0,3.0,0.05022660860641467,0.11754378041383952,0.1007242629402091
1.096,0.0,0.0,0.25618208977255064,-1.6666666666666667,-0.011660191359747569,1.4514325597030384,-0.9166666666666667,-0.014268029000361868,0.9978995808109423,-0.16666666666666674,-0.007004002303584438,1.5332034203972935,0.5833333333333333,-0.005716177808176046,1.473961926482829,1.3333333333333333,-0.0008431249923321675,1.5706697101949296,2.083333333333333,0.0030759540172851,1.570588620184038,2.833333333333333,0.00757647050475402,1.5714570026384693,3.583333333333333,0.012071280367604775,1.5723271230014815,4.333333333333333,0.01656606728782905,12.0,3.0,0.050232902907598735,0.11780713713461134,0.10059003935361632
1.098,0.0,0.0,0.235805616292495,-1.6666666666666667,-0.011537092538635305,1.441164549248711,-0.9166666666666667,-0.014208595358218232,0.9950684218896562,-0.16666666666666674,-0.006987397484865655,1.5303190183243287,0.5833333333333333,-0.005699220522383762,1.474100500125702,1.3333333333333333,-0.0008437715588969743,1.5706657529281263,2.083333333333333,0.0030759817388304207,1.5705888995720287,2.833333333333333,0.0075764682788957705,1.5714604787389397,3.583333333333333,0.01207125798416918,1.572331797943008,4.333333333333333,0.016566037261991108,12.0,3.0,0.0502391972087828,0.11807049385538317,0.10045581576702355
1.1,0.0,0.0,0.21557285408652443,-1.6666666666666667,-0.011414833697754971,1.4305333755662528,-0.9166666666666667,-0.01414698729549227,0.9921725163451902,-0.16666666666666674,-0.006970410531337938,1.5273766487226161,0.5833333333333333,-0.005681914109945973,1.4742696561820303,1.3333333333333333,-0.000844603000754212,1.570662403577405,2.083333333333333,0.0030760054824312405,1.5705890982779382,2.833333333333333,0.007576466602567826,1.5714637134267555,3.583333333333333,0.01207123712756636,1.5723361601081849,4.333333333333333,0.016566009212341953,12.0,3.0,0.05024549150996687,0.11833385057615499,0.10032159218043077
1.102,0.0,0.0,0.1954874449342962,-1.6666666666666672,-0.01129343712451915,1.419538368809081,-0.9166666666666672,-0.014083200253397522,0.9892108077408424,-0.16666666666666696,-0.006953035098071143,1.524376537304659,0.5833333333333331,-0.005664259892335698,1.4744691563585515,1.3333333333333333,-0.0008456179370921824,1.570659607629644,2.0833333333333335,0.0030760255785355706,1.570589226574358,2.8333333333333335,0.0075764654103323715,1.571466719630108,3.583333333333334,0.01207121771943947,1.5723402259345918,4.333333333333334,0.016565983039350893,12.0,3.0000000000000004,0.05025178581115094,0.11859720729692681,0.10018736859383799
1.104,0.0,0.0,0.1755529526412835,-1.6666666666666663,-0.011172924669605776,1.40817895148744,-0.9166666666666663,-0.014017230212854484,0.9861822422398149,-0.16666666666666652,-0.006935264846445054,1.521318915195431,0.5833333333333334,-0.005646259223827953,1.474698754122375,1.3333333333333333,-0.0008468149381513092,1.5706573117741676,2.083333333333333,0.0030760423542221344,1.5705892940538302,2.833333333333333,0.007576464640553851,1.5714695100613527,3.583333333333333,0.01207119968221935,1.5723440115915217,4.333333333333333,0.016565958644392448,12.0,2.9999999999999996,0.050258080112335006,0.11886056401769864,0.10005314500724521
1.106,0.0,0.0,0.1557728577585301,-1.6666666666666667,-0.011053317715847702,1.3964546409554999,-0.9166666666666667,-0.01394907370892464,0.9830857701600588,-0.16666666666666674,-0.006917093453438891,1.51820401888313,0.5833333333333333,-0.005627913491172586,1.474958194643483,1.3333333333333333,-0.0008481925247342508,1.570655464442692,2.083333333333333,0.003076056129354993,1.5705893096008048,2.833333333333333,0.007576464235677018,1.5714720971475045,3.583333333333333,0.012071182939631882,1.5723475328852516,4.333333333333333,0.01656593593045087,12.0,3.0,0.050264374413519074,0.11912392073847046,0.09991892142065244
1.108,0.0,0.0,0.13615055221329947,-1.6666666666666667,-0.010934637146551181,1.384365051981757,-0.9166666666666667,-0.013878727845733,0.9799203475315127,-0.16666666666666674,-0.006898514620960353,1.5150320901749867,0.5833333333333333,-0.005609224113298781,1.4752472147606126,1.3333333333333333,-0.000849749167860899,1.5706540162518112,2.083333333333333,0.003076067213343846,1.5705892813791218,2.833333333333333,0.00757646414239517,1.5714744929739932,3.583333333333333,0.012071167417114973,1.572350805183887,4.333333333333333,0.01656591480268849,12.0,3.0,0.05027066871470314,0.11938727745924228,0.09978469783405966
1.11,0.0,0.0,0.11668933385721214,-1.6666666666666667,-0.010816903313279797,1.3719098994046621,-0.9166666666666667,-0.01380619031189054,0.976684937651244,-0.16666666666666674,-0.006879522085189076,1.5118033761578213,0.5833333333333333,-0.005590192541049921,1.4755655429694212,1.3333333333333333,-0.0008514832885636761,1.5706529203530186,2.083333333333333,0.003076075902489131,1.5705892168325075,2.833333333333333,0.007576464311725268,1.5714767092400697,3.583333333333333,0.012071153042156038,1.572353843359042,4.333333333333333,0.01656589516889668,12.0,3.0,0.05027696301588721,0.1196506341800141,0.09965047424746688
1.112,0.0,0.0,0.09739240093898223,-1.6666666666666667,-0.010700136003143273,1.359089000875437,-0.9166666666666667,-0.013731459396427973,0.973378512631723,-0.16666666666666674,-0.006860109625907465,1.508518129162972,0.5833333333333333,-0.005570820256946929,1.4759128994315613,1.3333333333333333,-0.0008533932578165278,1.5706521326964762,2.083333333333333,0.0030760824778818864,1.5705891226958117,2.833333333333333,0.0075764646990049535,1.5714787572244033,3.583333333333333,0.012071139744559579,1.5723566617419449,4.333333333333333,0.016565876939845747,12.0,3.0,0.05028325731707128,0.11991399090078593,0.0995162506608741
1.114,0.0,0.0,0.07826284650937,-1.6666666666666667,-0.010584354405633893,1.3459022796900695,-0.9166666666666667,-0.013654534005252622,0.9700000549371933,-0.16666666666666674,-0.006840271075790338,1.5051766067351675,0.5833333333333333,-0.005551108774977832,1.476288996003078,1.3333333333333333,-0.0008554773965893685,1.5706516122156762,2.083333333333333,0.0030760872038211413,1.5705890050149534,2.833333333333333,0.007576465263825128,1.5714806477595644,3.583333333333333,0.01207112745665358,1.5723592740918542,4.333333333333333,0.01656586002954833,12.0,3.0,0.050289551618255345,0.12017734762155775,0.09938202707428133
1.116,0.0,0.0,0.05930365276645444,-1.6666666666666672,-0.010469577079056224,1.332349767712487,-0.9166666666666672,-0.013575413678140422,0.9665485589028551,-0.16666666666666696,-0.006820000329623161,1.5017790716048842,0.5833333333333331,-0.005531059640411006,1.4766935362803963,1.3333333333333333,-0.0008577339760184688,1.5706513209407742,2.0833333333333335,0.003076090326705944,1.5705888691737684,2.8333333333333335,0.007576465969910281,1.571482391214209,3.583333333333334,0.012071116113442618,1.5723616935749312,4.333333333333334,0.01656584435544888,12.0,3.0000000000000004,0.05029584591943941,0.12044070434232958,0.09924780348768855
1.118,0.0,0.0,0.04051768534979839,-1.6666666666666663,-0.010355821916598723,1.3184316083908942,-0.9166666666666663,-0.01349409860627492,0.9630230322313541,-0.16666666666666652,-0.00679929135341713,1.4983257916637056,0.5833333333333334,-0.005510674429629305,1.4771262156620817,1.3333333333333333,-0.0008601612176823785,1.570651224048747,2.083333333333333,0.003076092074355353,1.5705887199261643,2.833333333333333,0.007576466784957388,1.5714839974819106,3.583333333333333,0.012071105652714744,1.572363932751945,4.333333333333333,0.01656582983855041,12.0,2.9999999999999996,0.05030214022062348,0.1207040610631014,0.09911357990109577
1.12,0.0,0.0,0.02190768759252677,-1.6666666666666667,-0.01024310611209879,1.3041480598692181,-0.9166666666666667,-0.013410589650345367,0.9594224974608675,-0.16666666666666674,-0.0067781381933881245,1.4948170399422036,0.5833333333333333,-0.005489954749982234,1.477586721424527,1.3333333333333333,-0.0008627572939724906,1.5706512898586362,2.083333333333333,0.003076092655707517,1.5705885614321864,2.833333333333333,0.007576467680443013,1.5714854759756882,3.583333333333333,0.012071096015108534,1.5723660035733917,4.333333333333333,0.016565816403488327,12.0,3.0,0.05030843452180755,0.12096741778387322,0.098979356314503
1.122,0.0,0.0,0.0034762747407639204,-1.6666666666666667,-0.010131446125555162,1.289499498195523,-0.9166666666666667,-0.013324888359215309,0.9557459933989092,-0.16666666666666674,-0.006756534984765205,1.4912530945898632,0.5833333333333333,-0.005468902239653222,1.4780747328097368,1.3333333333333333,-0.0008655203285471629,1.570651489780048,2.083333333333333,0.003076092260848181,1.5705883972967833,2.833333333333333,0.00757646863140688,1.5714868356273877,3.583333333333333,0.01207108714414587,1.5723679173807907,4.333333333333333,0.016565803978559647,12.0,3.0,0.050314728822991615,0.12123077450464505,0.09884513272791022
1.124,0.0,0.0,-0.01477407184972089,-1.6666666666666667,-0.010020857648444584,1.2744864206291384,-0.9166666666666667,-0.013236996989173138,0.951992576515842,-0.16666666666666674,-0.006734475960393456,1.4876342388565944,0.5833333333333333,-0.00544751856753918,1.4785899211234386,1.3333333333333333,-0.0008684483968584211,1.5706517982227879,2.083333333333333,0.0030760910613197097,1.5705882306102326,2.833333333333333,0.007576469616219298,1.5714880848911572,3.583333333333333,0.012071078986235672,1.5723696849130797,4.333333333333333,0.016565792495715253,12.0,3.0,0.05032102312417568,0.12149413122541687,0.09871090914131744
1.1260000000000001,0.0,0.0,-0.03284101052943088,-1.6666666666666667,-0.009911355568901676,1.2591094490480699,-0.9166666666666667,-0.013146918523774831,0.9481613222919859,-0.16666666666666674,-0.006711955459095053,1.4839607610753995,0.5833333333333333,-0.005425805433139567,1.4791319498418491,1.3333333333333333,-0.0008715395267406319,1.5706521924750887,2.083333333333333,0.003076089210663271,1.5705880639893377,2.833333333333333,0.007576470616338603,1.5714892317503468,3.583333333333333,0.012071071490653056,1.5723713163171746,4.333333333333333,0.01656578189052152,12.0,3.0,0.05032731742535975,0.1217574879461887,0.09857668555472467
1.1280000000000001,0.0,0.0,-0.050722345173035255,-1.6666666666666667,-0.009802953936823415,1.2433693334580262,-0.9166666666666667,-0.013054656694288418,0.9442513265121539,-0.16666666666666674,-0.006688967933751917,1.4802329546457962,0.5833333333333333,-0.005403764566452398,1.4797004747255305,1.3333333333333333,-0.0008747916990510953,1.5706526525573494,2.083333333333333,0.003076086845149466,1.5705878996186542,2.833333333333333,0.007576471616063972,1.5714902837272378,3.583333333333333,0.012071064609497919,1.5723728211618846,4.333333333333333,0.016565772102096952,12.0,3.0,0.05033361172654382,0.12202084466696052,0.09844246196813189
1.1300000000000001,0.0,0.0,-0.06841603098831557,-1.6666666666666672,-0.009695665928961792,1.227266955604102,-0.9166666666666672,-0.01296021600074816,0.9402617065014398,-0.16666666666666696,-0.0066655079590729254,1.4764511180176356,0.5833333333333331,-0.005381397727874778,1.4802951439389131,1.3333333333333333,-0.0008782028483531832,1.57065316105769,2.0833333333333335,0.0030760840846559044,1.5705877392911258,2.8333333333333335,0.007576472602288076,1.5714912478950729,3.583333333333334,0.012071058297636576,1.5723742084544807,4.333333333333334,0.016565763073028695,12.0,3.0000000000000004,0.050339906027727886,0.12228420138773234,0.09830823838153911
1.1320000000000001,0.0,0.0,-0.0859201803049241,-1.6666666666666667,-0.009589503814070107,1.2108033326857726,-0.9166666666666667,-0.012863601733624613,0.9361916022961164,-0.16666666666666674,-0.0066415702390086396,1.4726155546749904,0.5833333333333333,-0.005358706708105814,1.4809155981742055,1.3333333333333333,-0.0008817708636334793,1.5706537029549699,2.083333333333333,0.003076081033653859,1.570587584447629,2.833333333333333,0.007576473564253243,1.5714921308919265,3.583333333333333,0.01207105251262956,1.572375486659318,4.333333333333333,0.016565754749273114,12.0,3.0,0.050346200328911954,0.12254755810850416,0.09817401479494633
1.1340000000000001,0.0,0.0,-0.1032330683314127,-1.6666666666666667,-0.009484478918170456,1.1939796211753957,-0.9166666666666667,-0.012764819996114637,0.932040177743597,-0.16666666666666674,-0.006617149613776699,1.4687265731198305,0.5833333333333333,-0.005335693328049943,1.4815614707785538,1.3333333333333333,-0.0008854935890452334,1.5706542654342432,2.083333333333333,0.003076077782270179,1.5705874362150245,2.833333333333333,0.007576474493314225,1.5714929389360066,3.583333333333333,0.012071047214648438,1.5723766637179946,4.333333333333333,0.016565747080044088,12.0,3.0,0.05035249463009602,0.12281091482927599,0.09803979120835356
1.1360000000000001,0.0,0.0,-0.12035313886870323,-1.6666666666666667,-0.009380601590011525,1.1767971207398567,-0.9166666666666667,-0.012663877727052374,0.9278066215255567,-0.16666666666666674,-0.006592241066461583,1.4647844868552422,0.5833333333333333,-0.005312359438718983,1.482232387883471,1.3333333333333333,-0.0008893688246713234,1.5706548376989435,2.083333333333333,0.003076074407394539,1.5705872954424072,2.833333333333333,0.007576475382709852,1.5714936778420332,3.583333333333333,0.01207104236638396,1.5723777470706048,4.333333333333333,0.01656574001769203,12.0,3.0,0.05035878893128009,0.12307427155004781,0.09790556762176078
1.1380000000000001,0.0,0.0,-0.13727900996789272,-1.6666666666666667,-0.009277881166787781,1.1592572782643265,-0.9166666666666667,-0.01256078272443914,0.9234901480985163,-0.16666666666666674,-0.006566839729153341,1.4607896143679846,0.5833333333333333,-0.005288706921131454,1.4829279685356918,1.3333333333333333,-0.0008933943273008258,1.5706554107834452,2.083333333333333,0.003076070973806337,1.5705871627353203,2.833333333333333,0.007576476227345555,1.5714943530383858,3.583333333333333,0.012071037932947799,1.5723787436777166,4.333333333333333,0.01656573351757637,12.0,3.0,0.05036508323246416,0.12333762827081964,0.097771344035168
1.1400000000000001,0.0,0.0,-0.15400947952001393,-1.6666666666666667,-0.009176325940192645,1.1413616919763234,-0.9166666666666667,-0.01245554366958596,0.9190899985464562,-0.16666666666666674,-0.006540940888591099,1.4567422791102131,0.5833333333333333,-0.0052647376862079084,1.4836478248287543,1.3333333333333333,-0.000897567811214151,1.5706559773690225,2.083333333333333,0.0030760675352993275,1.5705870384877765,2.833333333333333,0.007576477023588077,1.5714949695847518,3.583333333333333,0.012071033881769685,1.5723796600427493,4.333333333333333,0.0165657275379337,12.0,3.0,0.050371377533648225,0.12360098499159146,0.09763712044857523
1.1420000000000001,0.0,0.0,-0.17054353076510015,-1.6666666666666667,-0.009075943122879918,1.123112115667368,-0.9166666666666667,-0.012348170151857941,0.9146054413403565,-0.16666666666666674,-0.006514539991278738,1.4526428094802357,0.5833333333333333,-0.005240453674661279,1.484391562034726,1.3333333333333333,-0.0009018869489725265,1.5706565316056587,2.083333333333333,0.0030760641357858633,1.5705869229119807,2.833333333333333,0.00757647776907334,1.5714955321900455,3.583333333333333,0.012071030182491489,1.572380502234494,4.333333333333333,0.016565722039743505,12.0,3.0,0.05037767183483229,0.12386434171236328,0.09750289686198245
1.1440000000000001,0.0,0.0,-0.18688033770762563,-1.6666666666666672,-0.008976738815409403,1.1045104630084852,-0.9166666666666672,-0.01223867269400421,0.9100357729999486,-0.16666666666666696,-0.006487632648042142,1.4484915388021937,0.5833333333333331,-0.005215856856881415,1.485158778735618,1.3333333333333333,-0.0009063493722083571,1.570657068941624,2.0833333333333335,0.003076060810366049,1.5705868160657057,2.8333333333333335,0.007576478462528117,1.5714960452304036,3.583333333333334,0.01207102680685973,1.57238127590955,4.333333333333334,0.01656571698659304,12.0,3.0000000000000004,0.05038396613601636,0.1241276984331351,0.09736867327538967
1.1460000000000001,0.0,0.0,-0.20301927042510692,-1.6666666666666667,-0.008878717973754247,1.085558811954635,-0.9166666666666667,-0.012127062778050913,0.9053803186534268,-0.16666666666666674,-0.006460214637999693,1.4442888053045908,0.5833333333333333,-0.005190949232813163,1.4859490669541284,1.3333333333333333,-0.0009109526724137083,1.5706575859622782,2.083333333333333,0.0030760575863502545,1.5705867178773136,2.833333333333333,0.007576479103605764,1.571496512767091,3.583333333333333,0.012071023728617576,1.572381986334494,4.333333333333333,0.0165657123445427,12.0,3.0,0.05039026043720043,0.12439105515390693,0.0972344496887969
1.1480000000000001,0.0,0.0,-0.2189599002563478,-1.6666666666666667,-0.00878188437744936,1.0662594092318365,-0.9166666666666667,-0.012013352871727811,0.9006384324913851,-0.16666666666666674,-0.006432281911920561,1.4400349520976141,0.5833333333333333,-0.005165732831827545,1.4867620122834548,1.3333333333333333,-0.0009156944017247711,1.570658080239134,2.083333333333333,0.003076054484226329,1.570586628168451,2.833333333333333,0.007576479692736116,1.5714969385641762,3.583333333333333,0.012071020923397454,1.5723826384076407,4.333333333333333,0.016565708081993032,12.0,3.0,0.050396554738384496,0.12465441187467875,0.09710022610220412
1.1500000000000001,0.0,0.0,-0.2347020048554875,-1.6666666666666667,-0.008686240598461913,1.0466146748992784,-0.9166666666666667,-0.01189755645539102,0.8958094981118366,-0.16666666666666674,-0.00640383059494831,1.4357303271492146,0.5833333333333333,-0.0051402097125856855,1.4875971940159847,1.3333333333333333,-0.0009205720737007295,1.5706585501898522,2.083333333333333,0.003076051518565195,1.5705865466744762,2.833333333333333,0.007576480230989292,1.5714973261058633,3.583333333333333,0.01207101836861494,1.5723832366802624,4.333333333333333,0.016565704169554156,12.0,3.0,0.05040284903956856,0.12491776859545058,0.09696600251561134
1.1520000000000001,0.0,0.0,-0.2502455730976642,-1.6666666666666667,-0.008591787970867076,1.0266272069770928,-0.9166666666666667,-0.011779688049395672,0.8908929287538252,-0.16666666666666674,-0.006374856988671021,1.431375283259931,0.5833333333333333,-0.005114381962895288,1.4884541852707558,1.3333333333333333,-0.0009255831640959085,1.5706589949495384,2.083333333333333,0.003076048698860885,1.5705864730627008,2.833333333333333,0.007576480719953141,1.5714976786133863,3.583333333333333,0.012071016043364819,1.5723837853771858,4.333333333333333,0.016565700579918425,12.0,3.0,0.05040914334075263,0.12518112531622239,0.09683177892901856
1.154,0.0,0.0,-0.26559080982172645,-1.6666666666666667,-0.008498526561414015,1.0062997861286882,-0.9166666666666667,-0.011659763241862558,0.885888167417851,-0.16666666666666674,-0.006345357572522952,1.426970178036456,0.5833333333333333,-0.005088251699559586,1.4893325531196233,1.3333333333333333,-0.0009307251116245352,1.5706594142534416,2.083333333333333,0.003076046030302768,1.5705864069485471,2.833333333333333,0.007576481161623794,1.571497999061389,3.583333333333333,0.01207101392831968,1.5723842884166843,4.333333333333333,0.016565697287736884,12.0,3.0,0.0504154376419367,0.1254444820369942,0.09669755534242579
1.156,0.0,0.0,-0.2807381403950144,-1.6666666666666667,-0.008406455141069642,0.9856353803846153,-0.9166666666666667,-0.01153779871677213,0.880794686872111,-0.16666666666666674,-0.006315329004507106,1.4225153738639575,0.5833333333333333,-0.005061821068218737,1.4902318587121255,1.3333333333333333,-0.0009359953187177404,1.5706598083309478,2.083333333333333,0.003076043514479349,1.570586347909733,2.833333333333333,0.007576481558308716,1.5714982901937333,3.583333333333333,0.012071012005631664,1.5723847494296153,4.333333333333333,0.016565694269499893,12.0,3.0,0.050421731943120766,0.12570783875776603,0.09656333175583301
1.158,0.0,0.0,-0.2956882150847852,-1.6666666666666667,-0.008315571157629913,0.9646371498928565,-0.9166666666666667,-0.011413812282307693,0.8756119895443837,-0.16666666666666674,-0.006284768121232667,1.4180112378771723,0.5833333333333333,-0.005035092243183745,1.491151657399076,1.3333333333333333,-0.0009413911522727534,1.5706601778105855,2.083333333333333,0.0030760411500143116,1.5705862954986118,2.833333333333333,0.0075764819125416,1.571498554538689,3.583333333333333,0.012071010258837599,1.5723851717777635,4.333333333333333,0.016565691503422308,12.0,3.0,0.050428026244304834,0.12597119547853786,0.09642910816924023
1.16,0.0,0.0,-0.3104419132203722,-1.6666666666666667,-0.008225870709491288,0.9433084516782213,-0.9166666666666667,-0.01128782289935714,0.8703396073002714,-0.16666666666666674,-0.0062536719372663025,1.4134581419303072,0.5833333333333333,-0.005008067427263035,1.49209149885494,1.3333333333333333,-0.0009469099443944562,1.5706605236356241,2.083333333333333,0.003076038933136485,1.570586249252795,2.833333333333333,0.007576482227008328,1.5714987944234762,3.583333333333333,0.012071008672767865,1.5723855585713662,4.333333333333333,0.016565688969333418,12.0,3.0,0.0504343205454889,0.12623455219930968,0.09629488458264746
1.162,0.0,0.0,-0.3250003471296457,-1.6666666666666667,-0.008137348520677767,0.9216528443911743,-0.9166666666666667,-0.011159850710069329,0.8649771011094448,-0.16666666666666674,-0.006222037643801629,1.408856462565776,0.5833333333333333,-0.004980748851581843,1.4930509271990775,1.3333333333333333,-0.0009525489931296409,1.5706608469897436,2.083333333333333,0.0030760368581862533,1.5705862087041942,2.833333333333333,0.007576482504483228,1.5714990119881358,3.583333333333333,0.01207100723345914,1.572385912685805,4.333333333333333,0.0165656866485718,12.0,3.0,0.05044061484667297,0.1264979089200815,0.09616066099605468
1.164,0.0,0.0,-0.3393648658327904,-1.6666666666666667,-0.008049997917222126,0.8996740930239691,-0.9166666666666667,-0.011029917066347048,0.8595240606025023,-0.16666666666666674,-0.0061898626066566684,1.404206580981817,0.5833333333333333,-0.004953138775394657,1.4940294811159478,1.3333333333333333,-0.0009583055631944655,1.5706611492321776,2.083333333333333,0.0030760349180615366,1.5705861733866142,2.833333333333333,0.007576482747774833,1.571499209198718,3.583333333333333,0.012071005928071182,1.5723862367774633,4.333333333333333,0.01656568452388517,12.0,3.0,0.05044690914785704,0.12676126564085333,0.0960264374094619
1.166,0.0,0.0,-0.3535370584758259,-1.6666666666666667,-0.007963810805003258,0.8773761735694003,-0.9166666666666667,-0.010898044558143815,0.8539801035220586,-0.16666666666666674,-0.006157144363615015,1.3995088829990274,0.5833333333333333,-0.004925239485890902,1.495026693974389,1.3333333333333333,-0.0009641768866956872,1.5706614318416845,2.083333333333333,0.0030760331046069326,1.5705861428420338,2.833333333333333,0.007576482959680313,1.5714993878597847,3.583333333333333,0.01207100474480769,1.572386533298751,4.333333333333333,0.01656568257933522,12.0,3.0,0.050453203449041105,0.12702462236162515,0.09589221382286912
1.168,0.0,0.0,-0.3675187574856912,-1.6666666666666667,-0.007878777649145045,0.8547632775948634,-0.9166666666666667,-0.010764257041416403,0.8483448750727044,-0.16666666666666674,-0.006123880621132353,1.3947637590258628,0.5833333333333333,-0.004897053297994165,1.496042093946085,1.3333333333333333,-0.0009701601638463347,1.5706616963686681,2.083333333333333,0.003076031408949891,1.5705861166257022,2.833333333333333,0.007576483142947795,1.5714995496262272,3.583333333333333,0.012071003672841292,1.5723868045123108,4.333333333333333,0.016565680800207493,12.0,3.0,0.05045949775022517,0.12728797908239697,0.09575799023627635
1.17,0.0,0.0,-0.3813120414280898,-1.6666666666666667,-0.007794887455085853,0.8318398167017382,-0.9166666666666667,-0.010628579665569182,0.8426180471755165,-0.16666666666666674,-0.0060900692504362265,1.3899716040231407,0.5833333333333333,-0.004868582554155177,1.49707520412334,1.3333333333333333,-0.0009762525636765105,1.5706619443947585,2.083333333333333,0.0030760298217879893,1.570586094310178,2.833333333333333,0.007576483300245785,1.5714996960144085,3.583333333333333,0.012071002702242635,1.5723870525044181,4.333333333333333,0.016565679172926135,12.0,3.0,0.05046579205140924,0.1275513358031688,0.09562376664968357
1.172,0.0,0.0,-0.3949192375486681,-1.6666666666666667,-0.007712127751431462,0.8086104268374416,-0.9166666666666667,-0.01049103890021043,0.8367993176338355,-0.16666666666666674,-0.006055708283053099,1.3851328174675959,0.5833333333333333,-0.004839829624138844,1.498125542636278,1.3333333333333333,-0.00098245122474004,1.570662177499166,2.083333333333333,0.0030760283336314473,1.5705860754884298,2.833333333333333,0.007576483434138931,1.5714998284126442,3.583333333333333,0.012071001823913548,1.5723872791975992,4.333333333333333,0.01656567768497349,12.0,3.0,0.05047208635259331,0.12781469252394062,0.09548954306309079
1.174,0.0,0.0,-0.40834292397748717,-1.6666666666666667,-0.007630484574707992,0.7850799724248418,-0.9166666666666667,-0.01035166256102465,0.8308884092180658,-0.16666666666666674,-0.006020795905803014,1.380247803314528,0.5833333333333333,-0.004810796904805576,1.499192622769584,1.3333333333333333,-0.000988753255817669,1.5706623972311344,2.083333333333333,0.003076026935005002,1.5705860597761152,2.833333333333333,0.0075764835470694195,1.571499948091036,3.583333333333333,0.012071001029524131,1.57238748636249,4.333333333333333,0.016565676324814402,12.0,3.0,0.050478380653777376,0.12807804924471244,0.09535531947649802
1.176,0.0,0.0,-0.42158593157616503,-1.6666666666666667,-0.007549942456135077,0.761253550271163,-0.9166666666666667,-0.010210479834549051,0.8248850686782511,-0.16666666666666674,-0.005985330455308396,1.3753169699595822,0.5833333333333333,-0.004781486819887168,1.5002759530788956,1.3333333333333333,-0.0009951557366175044,1.5706626050878392,2.083333333333333,0.0030760256166131915,1.57058604681314,2.833333333333333,0.007576483641343307,1.5715000562106816,3.583333333333333,0.012071000311453781,1.5723876756289608,4.333333333333333,0.01656567508182506,12.0,3.0,0.050484674954961443,0.12834140596548427,0.09522109588990524
1.178,0.0,0.0,-0.43465134540653416,-1.6666666666666667,-0.0074704844105430105,0.7371364932160563,-0.9166666666666667,-0.010067521301626978,0.8187890656941537,-0.16666666666666674,-0.005949310412069507,1.3703407301997026,0.5833333333333333,-0.004751901819757494,1.5013750375069514,1.3333333333333333,-0.001001655718473374,1.5706628024971083,2.083333333333333,0.003076024369472963,1.5705860362646011,2.833333333333333,0.007576483719121158,1.5715001538322784,3.583333333333333,0.012070999662735908,1.5723878484965383,4.333333333333333,0.016565673946226232,12.0,3.0,0.05049096925614551,0.1286047626862561,0.09508687230331246
1.18,0.0,0.0,-0.4475425057991986,-1.6666666666666667,-0.0073920919275607955,0.712734373476247,-0.9166666666666667,-0.009922818959296338,0.8126001917734773,-0.16666666666666674,-0.005912734394164922,1.365319501193297,0.5833333333333333,-0.004722044381198216,1.5024893754995914,1.3333333333333333,-0.0010082502250417093,1.5706629908043783,2.083333333333333,0.0030760231850173484,1.570586027821202,2.833333333333333,0.007576483782412391,1.5715002419241506,3.583333333333333,0.012070999077006329,1.5723880063441535,4.333333333333333,0.01656567290902077,12.0,3.0,0.05049726355732958,0.12886811940702791,0.09495264871671968
1.182,0.0,0.0,-0.46026300900001216,-1.6666666666666667,-0.007314744965204809,0.688053005642133,-0.9166666666666667,-0.009776406240857483,0.8063182591097178,-0.16666666666666674,-0.005875601150640865,1.360253704419645,0.5833333333333333,-0.004691917007159783,1.5036184621216975,1.3333333333333333,-0.0010149362529975488,1.5706631712633317,2.083333333333333,0.0030760220551737283,1.5705860211992262,2.833333333333333,0.007576483833072786,1.571500321369721,3.583333333333333,0.012070998548455097,1.5723881504392452,4.333333333333333,0.016565671961935077,12.0,3.0,0.05050355785851365,0.12913147612779974,0.09481842513012691
1.184,0.0,0.0,-0.47281670737226217,-1.6666666666666667,-0.007238421945999928,0.6630984492799686,-0.9166666666666667,-0.0096283180338528,0.7999430994118855,-0.16666666666666674,-0.005837909554658308,1.3551437656375847,0.5833333333333333,-0.004661522226517871,1.5047617881731556,1.3333333333333333,-0.0010217107727301853,1.5706633450297054,2.083333333333333,0.0030760209724200083,1.5705860161401433,2.833333333333333,0.007576483872804641,1.5715003929744547,3.583333333333333,0.012070998071781672,1.572388281946252,4.333333333333333,0.016565671097364527,12.0,3.0,0.050509852159697714,0.12939483284857156,0.09468420154353413
1.186,0.0,0.0,-0.48520770913225875,-1.6666666666666667,-0.007163099755766427,0.6378770110918893,-0.9166666666666667,-0.009478590695679813,0.7934745627189947,-0.16666666666666674,-0.005799658596471313,1.349990114843505,0.5833333333333333,-0.004630862593825508,1.505918840304908,1.3333333333333333,-0.0010285707290389344,1.5706635131578002,2.083333333333333,0.0030760199298217657,1.5705860124099171,2.833333333333333,0.007576483903159139,1.5715004574723024,3.583333333333333,0.01207099764215327,1.5723884019345238,4.333333333333333,0.016565670308322487,12.0,3.0,0.05051614646088178,0.12965818956934339,0.09454997795694135
1.188,0.0,0.0,-0.49744037759613036,-1.6666666666666667,-0.0070887537452064475,0.6123952465850742,-0.9166666666666667,-0.009327262066551337,0.7869125162127497,-0.16666666666666674,-0.005760847376313969,1.3447931862286733,0.5833333333333333,-0.00459994068906103,1.5070891011351575,1.3333333333333333,-0.0010355130418294484,1.5706636765992608,2.083333333333333,0.003076018921053197,1.570586009798077,2.833333333333333,0.007576483925540496,1.5715005155316701,3.583333333333333,0.012070997255166185,1.5723885113856828,4.333333333333333,0.016565669588392853,12.0,3.0,0.05052244076206585,0.1299215462901152,0.09441575437034858
1.19,0.0,0.0,-0.5095193299159396,-1.6666666666666667,-0.007015357734423219,0.5866599612008734,-0.9166666666666667,-0.009174371479510446,0.7802568430422464,-0.16666666666666674,-0.005721475097276499,1.3395534181359219,0.5833333333333333,-0.00456875911737204,1.5082720493657782,1.3333333333333333,-0.0010425346068109454,1.5706638362037393,2.083333333333333,0.003076017940404434,1.5705860081166063,2.833333333333333,0.007576483941211536,1.5715005677609402,3.583333333333333,0.012070996906809978,1.572388611200466,4.333333333333333,0.0165656689316859,12.0,3.0,0.05052873506324992,0.13018490301088703,0.0942815307837558
1.192,0.0,0.0,-0.5214494352837923,-1.6666666666666667,-0.006942884020504362,0.5606782108548078,-0.9166666666666667,-0.009019959767205241,0.773507441174753,-0.16666666666666674,-0.005681541058253479,1.3342712530157153,0.5833333333333333,-0.0045373205088155314,1.5094671598989737,1.3333333333333333,-0.0010496322961946697,1.5706639927210921,2.083333333333333,0.0030760169827775624,1.5705860071986955,2.833333333333333,0.007576483951300361,1.571500614713572,3.583333333333333,0.01207099659343436,1.5723887022050775,4.333333333333333,0.0165656683327972,12.0,3.0,0.050535029364433985,0.13044825973165886,0.09414730719716302
1.194,0.0,0.0,-0.5332358125834414,-1.6666666666666667,-0.006871303388297246,0.5344573018390347,-0.9166666666666667,-0.008864069265128848,0.7666642222866954,-0.16666666666666674,-0.0056410446470485185,1.3289471373816188,0.5833333333333333,-0.004505627518094292,1.51067390395422,1.3333333333333333,-0.001056802959393843,1.5706641468048004,2.083333333333333,0.0030760160436734455,1.5705860068974031,2.833333333333333,0.007576483956807826,1.5715006568928076,3.583333333333333,0.012070996311718566,1.5723887851570828,4.333333333333333,0.016565667786769534,12.0,3.0,0.05054132366561805,0.13071161645243068,0.09401308361057024
1.196,0.0,0.0,-0.5448838274700213,-1.6666666666666667,-0.006800585124499351,0.5080047900402274,-0.9166666666666667,-0.008706743811034208,0.7597271107088607,-0.16666666666666674,-0.005599985333720173,1.3235815217651872,0.5833333333333333,-0.004473682824289713,1.5118917491855204,1.3333333333333333,-0.0010640434237253209,1.570664299016339,2.083333333333333,0.003076015119171196,1.5705860070842588,2.833333333333333,0.0075764839586155795,1.5715006947560077,3.583333333333333,0.012070996058643153,1.5723888607508678,4.333333333333333,0.016565667289057503,12.0,3.0,0.05054761796680212,0.1309749731732025,0.09387886002397747
1.198,0.0,0.0,-0.5563990888599962,-1.6666666666666667,-0.006730697035179874,0.48132847942787643,-0.9166666666666667,-0.008548028740241366,0.7526960424395206,-0.16666666666666674,-0.0055583626642531645,1.3181748606702866,0.5833333333333333,-0.004441489130591124,1.5131201597989914,1.3333333333333333,-0.0010713504951131228,1.5706644498302547,2.083333333333333,0.0030760142059019636,1.5705860076478382,2.833333333333333,0.007576483957494446,1.5715007287186407,3.583333333333333,0.012070995831463953,1.5723889296226965,4.333333333333333,0.01656566683549479,12.0,3.0,0.05055391226798619,0.13123832989397433,0.09374463643738469
1.2,0.0,0.0,-0.5677874448152049,-1.6666666666666667,-0.0066616054668400225,0.45443641977083066,-0.9166666666666667,-0.00838797087656726,0.7455709642386588,-0.16666666666666674,-0.005516176254637124,1.312727612526865,0.5833333333333333,-0.00440904916402172,1.5143585966707942,1.3333333333333333,-0.0010787209587939488,1.5706645996397421,2.083333333333333,0.0030760133010184704,1.5705860084923389,2.833333333333333,0.007576483954112969,1.57150075915795,3.583333333333333,0.012070995627688156,1.5723889923553882,4.333333333333333,0.01656566642226382,12.0,3.0,0.050560206569170256,0.13150168661474615,0.09361041285079191
1.202,0.0,0.0,-0.5790549778070307,-1.6666666666666667,-0.006593275331108771,0.4273369035434747,-0.9166666666666667,-0.008226618518624985,0.7383518328157597,-0.16666666666666674,-0.0054734257854319535,1.3072402396441838,0.5833333333333333,-0.00437636567516119,1.5156065174654174,1.3333333333333333,-0.0010861515800247657,1.5706647487625434,2.083333333333333,0.0030760124021615453,1.570586009536174,2.833333333333333,0.007576483949045965,1.5715007864163224,3.583333333333333,0.012070995445052298,1.5723890494826414,4.333333333333333,0.01656566604586767,12.0,3.0,0.050566500870354324,0.13176504333551797,0.09347618926419914
1.204,0.0,0.0,-0.59020799934924,-1.6666666666666667,-0.006525670133157815,0.40003846198731136,-0.9166666666666667,-0.008064021421260848,0.7310386141226768,-0.16666666666666674,-0.005430110996894558,1.301713208163518,0.5833333333333333,-0.0043434414378651035,1.5168633767543123,1.3333333333333333,-0.001093639104792505,1.5706648974470134,2.083333333333333,0.003076011507424738,1.5705860107106058,2.833333333333333,0.0075764839427829534,1.5715008108043764,3.583333333333333,0.012070995281502062,1.5723891014930274,4.333333333333333,0.01656566570310415,12.0,3.0,0.05057279517153839,0.1320284000562898,0.09334196567760636
1.206,0.0,0.0,-0.6012530439909073,-1.6666666666666667,-0.006458752003904561,0.3725498602988657,-0.9166666666666667,-0.00790023077192387,0.7236312827619438,-0.16666666666666674,-0.005386231684736061,1.296146988010336,0.5833333333333333,-0.004310279248981109,1.5181286261348748,1.3333333333333333,-0.001101180260525874,1.570665045878229,2.083333333333333,0.003076010615317918,1.5705860119584274,2.833333333333333,0.007576483935736364,1.5715008326037938,3.583333333333333,0.01207099513517374,1.5723891488336772,4.333333333333333,0.016565665391041835,12.0,3.0,0.05057908947272246,0.13229175677706162,0.09320774209101358
1.208,0.0,0.0,-0.6121968626640759,-1.6666666666666667,-0.006392481736054556,0.3448800919207436,-0.9166666666666667,-0.007735299161793195,0.7161298215195333,-0.16666666666666674,-0.005341787696571663,1.290542052845965,0.5833333333333333,-0.004276881928062017,1.5194017143497676,1.3333333333333333,-0.001108771756809249,1.5706651941840317,2.083333333333333,0.0030760097247306242,1.5705860132327094,2.833333333333333,0.007576483928249434,1.571500852069911,3.583333333333333,0.012070995004377236,1.572389191913682,4.333333333333333,0.016565665106997935,12.0,3.0,0.05058538377390653,0.13255511349783344,0.0930735185044208
1.21,0.0,0.0,-0.623046415384369,-1.6666666666666667,-0.006326818824015545,0.3170383719193197,-0.9166666666666667,-0.007569280551524462,0.7085342210295149,-0.16666666666666674,-0.0052967789291172,1.2848988800187484,0.5833333333333333,-0.00424325231707579,1.5206820874065656,1.3333333333333333,-0.001116410286098606,1.5706653424409227,2.083333333333333,0.003076008834895808,1.5705860144956139,2.833333333333333,0.007576483920603742,1.5715008694340906,3.583333333333333,0.012070994887580533,1.5723892311072278,4.333333333333333,0.016565664848517906,12.0,3.0,0.050591678075090595,0.13281847021860527,0.09293929491782803
1.212,0.0,0.0,-0.6338088633066491,-1.6666666666666667,-0.006261721507693788,0.2890341294398422,-0.9166666666666667,-0.0074022302315159185,0.7008444795763256,-0.16666666666666674,-0.00525120532617709,1.2792179505146999,0.5833333333333333,-0.004209393280112491,1.5219691886977094,1.3333333333333333,-0.0011240925244393942,1.5706654906797404,2.083333333333333,0.003076007945354462,1.570586015717285,2.833333333333333,0.007576483913026315,1.5715008849058891,3.583333333333333,0.012070994783395456,1.572389266756483,4.333333333333333,0.01656566461335663,12.0,3.0,0.05059797237627466,0.1330818269393771,0.09280507133123525
1.214,0.0,0.0,-0.644491560141978,-1.6666666666666667,-0.006197146820160105,0.26087699923764907,-0.9166666666666667,-0.007234204776639054,0.693060603038473,-0.16666666666666674,-0.005205066877457954,1.273499748907657,0.5833333333333333,-0.0041753077030882,1.5232624591207453,1.3333333333333333,-0.0011318151321862567,1.5706656388910682,2.083333333333333,0.003076007055921556,1.5705860168748178,2.833333333333333,0.007576483905696288,1.5715008986750365,3.583333333333333,0.012070994690564663,1.5723892991742576,4.333333333333333,0.0165656643994611,12.0,3.0,0.05060426667745873,0.1333451836601489,0.09267084774464247
1.216,0.0,0.0,-0.6551020429465193,-1.6666666666666667,-0.006133050639148134,0.2325768122926006,-0.9166666666666667,-0.007065261995425894,0.6851826049754584,-0.16666666666666674,-0.005158363618230839,1.267744763308939,0.5833333333333333,-0.004140998493445942,1.52456133719883,1.3333333333333333,-0.0011395747547244723,1.570665787030337,2.083333333333333,0.003076006166653589,1.5705860179513067,2.833333333333333,0.007576483898751092,1.5715009109132436,3.583333333333333,0.012070994607949779,1.5723893286464508,4.333333333333333,0.016565664204954453,12.0,3.0,0.0506105609786428,0.13360854038092074,0.0925366241580497
1.218,0.0,0.0,-0.6656480222975917,-1.6666666666666667,-0.006069387742320884,0.20414358552263065,-0.9166666666666667,-0.006895460873755604,0.6772105068575688,-0.16666666666666674,-0.005111095629852751,1.2619534853165095,0.5833333333333333,-0.004106468579853634,1.5258652592014705,1.3333333333333333,-0.0011473680231929807,1.5706659350225913,2.083333333333333,0.003076005277817976,1.5705860189349752,2.833333333333333,0.007576483892292158,1.571500921775851,3.583333333333333,0.012070994534520535,1.5723893554343007,4.333333333333333,0.016565664028121294,12.0,3.0,0.050616855279826865,0.13387189710169256,0.09240240057145692
1.22,0.0,0.0,-0.6761373718767643,-1.6666666666666667,-0.0060061118662144515,0.1755875106213783,-0.9166666666666667,-0.006724861513135784,0.6691443384359831,-0.16666666666666674,-0.005063263041145414,1.2561264099636469,0.5833333333333333,-0.004071720911899058,1.5271736592654757,1.3333333333333333,-0.0011551915552088237,1.5706660827669072,2.083333333333333,0.0030760043898644504,1.5705860198183839,2.833333333333333,0.007576483886390147,1.5715009314033321,3.583333333333333,0.012070994469344893,1.5723893797764548,4.333333333333333,0.016565663867394192,12.0,3.0,0.05062314958101093,0.13413525382246438,0.09226817698486414
1.222,0.0,0.0,-0.6865781174846184,-1.6666666666666667,-0.005943175768739415,0.1469189420540395,-0.9166666666666667,-0.00655352506372827,0.6609841382483844,-0.16666666666666674,-0.005014866030615899,1.2502640356671204,0.5833333333333333,-0.0040367584597818815,1.5284859695160864,1.3333333333333333,-0.0011630419555928545,1.570666230140452,2.083333333333333,0.003076003503398555,1.5705860205977173,2.833333333333333,0.007576483881089695,1.5715009399226618,3.583333333333333,0.012070994411580006,1.5723894018908706,4.333333333333333,0.01656566372134127,12.0,3.0,0.050629443882195,0.1343986105432362,0.09213395339827136
1.224,0.0,0.0,-0.6969784255165041,-1.6666666666666667,-0.0058805312950922905,0.11814838425471967,-0.9166666666666667,-0.006381513652324238,0.6527299542530407,-0.16666666666666674,-0.004965904829490307,1.244366864174877,0.5833333333333333,-0.004001584214002723,1.5298016201882556,1.3333333333333333,-0.001170915817096519,1.570666377002185,2.083333333333333,0.0030760026191572866,1.5705860212721432,2.833333333333333,0.007576483876413694,1.5715009474485653,3.583333333333333,0.012070994360464028,1.5723894219765633,4.333333333333333,0.016565663588654776,12.0,3.0,0.05063573818337907,0.13466196726400803,0.09199972981167859
1.226,0.0,0.0,-0.707346590933222,-1.6666666666666667,-0.0058181294469009754,0.08928647807751469,-0.9166666666666667,-0.006208890305528319,0.644381844582118,-0.16666666666666674,-0.004916379725518245,1.2384354005132352,0.5833333333333333,-0.003966201185049263,1.5311200397480447,1.3333333333333333,-0.0011788097211295342,1.5706665231962051,2.083333333333333,0.0030760017379868887,1.5705860218432437,2.833333333333333,0.00757648387236714,1.571500954084652,3.583333333333333,0.012070994315308607,1.5723894402152088,4.333333333333333,0.016565663468140618,12.0,3.0,0.050642032484563136,0.13492532398477985,0.09186550622508581
1.228,0.0,0.0,-0.7176910247649768,-1.6666666666666667,-0.0057559204544006684,0.060343986562129026,-0.9166666666666667,-0.006035718868465089,0.6359398784028915,-0.16666666666666674,-0.0048662910674927085,1.2324701529335862,0.5833333333333333,-0.003930612403079412,1.5324406550141043,1.3333333333333333,-0.0011867202384882685,1.570666668554756,2.083333333333333,0.0030760008608227674,1.5705860223145134,2.833333333333333,0.007576483868940536,1.5715009599244498,3.583333333333333,0.012070994275492086,1.5723894567726164,4.333333333333333,0.016565663358708748,12.0,3.0,0.050648326785747204,0.13518868070555168,0.09173128263849303
1.23,0.0,0.0,-0.7280202411911032,-1.6666666666666667,-0.00569385385141014,0.03133178008289747,-0.9166666666666667,-0.005862063919372775,0.6274041368735498,-0.16666666666666674,-0.004815639270417349,1.226471632858604,0.5833333333333333,-0.0038948209176015176,1.5337628912792067,1.3333333333333333,-0.0011946439300846263,1.5706668129009003,2.083333333333333,0.003075999988671463,1.5705860226909198,2.833333333333333,0.007576483866112918,1.5715009650523446,3.583333333333333,0.012070994240453301,1.5723894718000797,4.333333333333333,0.0165656632593643,12.0,3.0,0.05065462108693127,0.1354520374263235,0.09159705905190026
1.232,0.0,0.0,-0.7383428442418742,-1.6666666666666667,-0.005631878552853381,0.002260820957445304,-0.9166666666666667,-0.005687990680497385,0.6187747141784951,-0.16666666666666674,-0.0047644248212412995,1.220440354827962,0.5833333333333333,-0.003858829797151625,1.5350861724317943,1.3333333333333333,-0.0012025773476752408,1.570666956050883,2.083333333333333,0.0030759991225945966,1.5705860229785218,2.833333333333333,0.0075764838638544794,1.5715009695444346,3.583333333333333,0.012070994209685932,1.5723894854356149,4.333333333333333,0.01656566316919952,12.0,3.0,0.05066091538811534,0.13571539414709533,0.09146283546530748
1.234,0.0,0.0,-0.7486675141720984,-1.6666666666666667,-0.005569942934548755,-0.026857852402245308,-0.9166666666666667,-0.005513564925744672,0.6100517186264572,-0.16666666666666674,-0.004712648285070971,1.2143768364435543,0.5833333333333333,-0.003822642128967773,1.5364099210775128,1.3333333333333333,-0.0012105170345907666,1.5706670978161998,2.083333333333333,0.0030759982636947,1.5705860231841418,2.833333333333333,0.007576483862128868,1.5715009734693075,3.583333333333333,0.012070994182733392,1.5723894978050976,4.333333333333333,0.01656566308738631,12.0,3.0,0.05066720968929941,0.13597875086786715,0.0913286118787147
1.236,0.0,0.0,-0.7590029935591276,-1.6666666666666667,-0.00550799491496741,-0.05601314170803516,-0.9166666666666667,-0.005338852885586528,0.6012352737934111,-0.16666666666666674,-0.004660310311758744,1.2082815983142232,0.5833333333333333,-0.0037862610186613264,1.5377335586606926,1.3333333333333333,-0.0012184595264650776,1.5706672380053905,2.083333333333333,0.0030759974131027994,1.5705860233150868,2.833333333333333,0.007576483860895148,1.571500976888746,3.583333333333333,0.012070994159184155,1.572389509023304,4.333333333333333,0.01656566301316941,12.0,3.0,0.050673503990483475,0.13624210758863897,0.09119438829212193
1.238,0.0,0.0,-0.7693580731802749,-1.6666666666666667,-0.005445982038645235,-0.08519390529029715,-0.9166666666666667,-0.005163921149751789,0.5923255196912286,-0.16666666666666674,-0.004607411642760468,1.202155163999991,0.5833333333333333,-0.00374968958988534,1.5390565055857477,1.3333333333333333,-0.0012264013519641562,1.5706673764255816,2.083333333333333,0.003075996571967655,1.5705860233789148,2.833333333333333,0.007576483860109478,1.5715009798583695,3.583333333333333,0.012070994138667522,1.572389519194865,4.333333333333333,0.016565662945860177,12.0,3.0,0.05067979829166754,0.1365054643094108,0.09106016470552915
1.24,0.0,0.0,-0.7797415777264353,-1.6666666666666667,-0.005383851560918351,-0.11438897477297441,-0.9166666666666667,-0.004988836568258217,0.5833226139422489,-0.16666666666666674,-0.0045539531181473724,1.1959980599557933,0.5833333333333333,-0.0037129309839999468,1.5403781813384565,1.3333333333333333,-0.0012343390335144866,1.5706675128837948,2.083333333333333,0.0030759957414465086,1.5705860233832398,2.833333333333333,0.007576483859726509,1.5715009824282165,3.583333333333333,0.012070994120849781,1.5723895284151408,4.333333333333333,0.016565662884830808,12.0,3.0,0.05068609259285161,0.13676882103018262,0.09092594111893637
1.242,0.0,0.0,-0.7901623514098746,-1.6666666666666667,-0.005321550533641389,-0.14358717183092037,-0.9166666666666667,-0.004813666151362154,0.5742267329395205,-0.16666666666666674,-0.004499935683653494,1.1898108154747162,0.5833333333333333,-0.0036759883597347605,1.541698004607092,1.3333333333333333,-0.0012422690880307394,1.5706676471880463,2.083333333333333,0.0030759949226972297,1.5705860233355735,2.833333333333333,0.007576483859700559,1.5715009846432741,3.583333333333333,0.0120709941054307,1.572389536771022,4.333333333333333,0.016565662829509154,12.0,3.0,0.05069238689403568,0.13703217775095444,0.0907917175323436
1.244,0.0,0.0,-0.8006292435246907,-1.6666666666666667,-0.005259025891540753,-0.17277732493068712,-0.9166666666666667,-0.004638476969014478,0.5650380729723748,-0.16666666666666674,-0.0044453603976371235,1.1835939626307337,0.5833333333333333,-0.003638864892848298,1.5430153934033697,1.3333333333333333,-0.0012501880276425527,1.5706677791482557,2.083333333333333,0.0030759941168717205,1.570586023243199,2.833333333333333,0.007576483859986557,1.5715009865439582,3.583333333333333,0.012070994092140354,1.572389544341662,4.333333333333333,0.01656566277937387,12.0,3.0,0.050698681195219746,0.13729553447172627,0.09065749394575082
1.246,0.0,0.0,-0.8111510940183363,-1.6666666666666667,-0.0051962245388518565,-0.20194828595651584,-0.9166666666666667,-0.004463336050415878,0.5557568512972315,-0.16666666666666674,-0.004390228437834249,1.1773480362209454,0.5833333333333333,-0.0036015637757844028,1.54432976518318,1.3333333333333333,-0.0012580923604202186,1.5706679085769855,2.083333333333333,0.003075993325110464,1.5705860231130722,2.833333333333333,0.007576483860540805,1.5715009881665494,3.583333333333333,0.01207099408073625,1.5723895511991504,4.333333333333333,0.016565662733950028,12.0,3.0,0.05070497549640381,0.1375588911924981,0.09052327035915804
1.248,0.0,0.0,-0.8217367191318456,-1.6666666666666667,-0.005133093435889983,-0.23108894662517115,-0.9166666666666667,-0.004288310284260906,0.5463833071341131,-0.16666666666666674,-0.00433454110778339,1.1710735737073144,0.5833333333333333,-0.003564088217325673,1.5456405369670754,1.3333333333333333,-0.0012659785910990803,1.5706680352900293,2.083333333333333,0.0030759925485380857,1.5705860229517477,2.833333333333333,0.0075764838613215655,1.5715009895435894,3.583333333333333,0.012070994071000702,1.5723895574091253,4.333333333333333,0.016565662692805096,12.0,3.0,0.05071126979758788,0.1378222479132699,0.09038904677256526
1.25,0.0,0.0,-0.8323948971650379,-1.6666666666666667,-0.005069579685208926,-0.2601882545964048,-0.9166666666666667,-0.004113466320248974,0.536917702570243,-0.16666666666666674,-0.0042782998428046795,1.164771115157904,0.5833333333333333,-0.0035264414422438864,1.5469471254604785,1.3333333333333333,-0.0012738432218024527,1.5706681591068683,2.083333333333333,0.0030759917882598226,1.5705860227653259,2.833333333333333,0.0075764838622895125,1.5715009907042399,3.583333333333333,0.01207099406273846,1.5723895630313374,4.333333333333333,0.016565662655545245,12.0,3.0,0.05071756409877195,0.13808560463404174,0.09025482318597249
1.252,0.0,0.0,-0.8431343544210221,-1.6666666666666667,-0.005005630617009773,-0.2892352291901644,-0.9166666666666667,-0.003938870472421571,0.527360323353304,-0.16666666666666674,-0.004221506215421458,1.1584412031876132,0.5833333333333333,-0.003488626690947425,1.5482489471735856,1.3333333333333333,-0.0012816827527628717,1.5706682798510125,2.083333333333333,0.0030759910453587885,1.5705860225594188,2.833333333333333,0.007576483863408043,1.571500991674609,3.583333333333333,0.012070994055774558,1.5723895681201634,4.333333333333333,0.016565662621811975,12.0,3.0,0.050723858399956016,0.13834896135481356,0.09012059959937971
1.254,0.0,0.0,-0.85396375138184,-1.6666666666666667,-0.004941193873473868,-0.31821897662708304,-0.9166666666666667,-0.003764588624859014,0.517711479558417,-0.16666666666666674,-0.004164161940119824,1.152084382898409,0.5833333333333333,-0.00345064721912568,1.5495454185409312,1.3333333333333333,-0.0012894936830415143,1.5706683973502427,2.083333333333333,0.003075990320893923,1.5705860223391297,2.833333333333333,0.0075764838646434855,1.5715009924780472,3.583333333333333,0.012070994049952344,1.5723895727250774,4.333333333333333,0.016565662591279017,12.0,3.0,0.050730152701140084,0.13861231807558538,0.08998637601278693
1.256,0.0,0.0,-0.8648916691641181,-1.6666666666666667,-0.00487621749170896,-0.3471287047151788,-0.9166666666666667,-0.003590686140237502,0.5079715061146304,-0.16666666666666674,-0.004106268877350503,1.1457012018190593,0.5833333333333333,-0.003412506297390455,1.5508359560405878,1.3333333333333333,-0.0012972725112455877,1.5706685114367671,2.083333333333333,0.003075989615898542,1.570586022109047,2.833333333333333,0.00757648386596522,1.5715009931354156,3.583333333333333,0.012070994045131716,1.5723895768910812,4.333333333333333,0.016565662563649535,12.0,3.0,0.05073644700232415,0.1388756747963572,0.08985215242619415
1.258,0.0,0.0,-0.875926596300224,-1.6666666666666667,-0.004810649985015292,-0.37595373691292366,-0.9166666666666667,-0.0034172277717089278,0.4981407631786567,-0.16666666666666674,-0.004047829036687783,1.1392922098443614,0.5833333333333333,-0.0033742072109143565,1.5521199763129736,1.3333333333333333,-0.0013050157362435272,1.5706686219473072,2.083333333333333,0.0030759889313793955,1.5705860218732488,2.833333333333333,0.007576483867345716,1.571500993665329,3.583333333333333,0.012070994041187505,1.5723895806590977,4.333333333333333,0.016565662538653513,12.0,3.0,0.05074274130350822,0.13913903151712903,0.08971792883960138
1.26,0.0,0.0,-0.8870769158866995,-1.6666666666666667,-0.004744440422198657,-0.40468352570675864,-0.9166666666666667,-0.0032442775785224585,0.4882196363457159,-0.16666666666666674,-0.003988844579071941,1.1328579591738699,0.5833333333333333,-0.003335753259066169,1.5533968962792375,1.3333333333333333,-0.001312719857877842,1.5706687287231236,2.083333333333333,0.0030759882683161553,1.5705860216353147,2.833333333333333,0.0075764838687605056,1.571500994084378,3.583333333333333,0.012070994038008024,1.5723895840663311,4.333333333333333,0.01656566251604541,12.0,3.0,0.05074903560469229,0.13940238823790085,0.0895837052530086
1.262,0.0,0.0,-0.8983508931377656,-1.6666666666666667,-0.004677538504679804,-0.43330766524957887,-0.9166666666666667,-0.003071898845759448,0.47820853668959873,-0.16666666666666674,-0.003929317818074296,1.1263990042501228,0.5833333333333333,-0.00329714775504322,1.5546661332591984,1.3333333333333333,-0.0013203813776754255,1.5706688316099944,2.083333333333333,0.003075987627661257,1.5705860213983454,2.833333333333333,0.00757648387018811,1.5715009944073277,3.583333333333333,0.012070994035493731,1.5723895871465952,4.333333333333333,0.016565662495602013,12.0,3.0,0.050755329905876355,0.13966574495867268,0.08944948166641582
1.264,0.0,0.0,-0.9097566633775243,-1.6666666666666667,-0.004609894641173407,-0.4618159032155222,-0.9166666666666667,-0.0029001540085025275,0.46810790062641167,-0.16666666666666674,-0.003869251220137593,1.119915901696367,0.5833333333333333,-0.0032583940255007378,1.5559271050888117,1.3333333333333333,-0.001327996799555191,1.5706689304581538,2.083333333333333,0.003075987010340032,1.5705860211649871,2.833333333333333,0.007576483871609926,1.5715009946473002,3.583333333333333,0.012070994033556033,1.5723895899306144,4.333333333333333,0.01656566247712043,12.0,3.0,0.05076162420706042,0.1399291016794445,0.08931525807982305
1.266,0.0,0.0,-0.9213022205002127,-1.6666666666666667,-0.004541460019734855,-0.4901981518354042,-0.9166666666666667,-0.0027291045807068676,0.4579181895988602,-0.16666666666666674,-0.0038086474037584707,1.113409210253782,0.5833333333333333,-0.003219495410178202,1.557179230237136,1.3333333333333333,-0.0013355626305328707,1.5706690251222009,2.083333333333333,0.0030759864172510754,1.5705860209374598,2.833333333333333,0.007576483873010076,1.5715009948159389,3.583333333333333,0.012070994032116198,1.5723895924462985,4.333333333333333,0.01656566246041631,12.0,3.0,0.05076791850824449,0.14019245840021632,0.08918103449323027
1.268,0.0,0.0,-0.9329954059235678,-1.6666666666666667,-0.004472186676998724,-0.5184444980861912,-0.9166666666666667,-0.0025588110889875754,0.44763988958032763,-0.16666666666666674,-0.0037475091375931617,1.1068794907182073,0.5833333333333333,-0.003180455261522693,1.558421927922779,1.3333333333333333,-0.0013430753814228159,1.5706691154609858,2.083333333333333,0.003075985849266793,1.5705860207175881,2.833333333333333,0.00757648387437524,1.5715009949235577,3.583333333333333,0.012070994031104365,1.5723895947189928,4.333333333333333,0.016565662445322208,12.0,3.0,0.05077421280942856,0.14045581512098815,0.08904681090663749
1.27,0.0,0.0,-0.9448438980560995,-1.6666666666666667,-0.004402027564458594,-0.5465452130168358,-0.9166666666666667,-0.0023893330114828533,0.4372735104003737,-0.16666666666666674,-0.003685839337481966,1.1003273058763678,0.5833333333333333,-0.0031412769443092447,1.5596546182297972,1.3333333333333333,-0.0013505315675366738,1.570669201337479,2.083333333333333,0.003075985307234084,1.570586020506834,2.833333333333333,0.007576483875694469,1.5715009949792755,3.583333333333333,0.012070994030458653,1.5723895967717079,4.333333333333333,0.016565662431686043,12.0,3.0,0.050780507110612626,0.14071917184175997,0.08891258732004471
1.272,0.0,0.0,-0.9568552022949331,-1.6666666666666667,-0.004330936611663404,-0.574490760201476,-0.9166666666666667,-0.002220728721898986,0.4268195848955701,-0.16666666666666674,-0.003623641062402243,1.0937532204416052,0.5833333333333333,-0.0031019638352582078,1.5608767222230264,1.3333333333333333,-0.0013579277093787839,1.5706692826186313,2.083333333333333,0.0030759847919751243,1.5705860203063293,2.833333333333333,0.007576483876958994,1.5715009949911398,3.583333333333333,0.012070994030124347,1.5723895986253285,4.333333333333333,0.016565662419369753,12.0,3.0,0.05078680141179669,0.1409825285625318,0.08877836373345194
1.274,0.0,0.0,-0.969036641566905,-1.6666666666666667,-0.004258868786230402,-0.6022718033192922,-0.9166666666666667,-0.0020530554387911443,0.4162786678917763,-0.16666666666666674,-0.003560917509373421,1.0871578009891123,0.5833333333333333,-0.0030625193226496315,1.56208766206282,1.3333333333333333,-0.001365260333338159,1.570669359175226,2.083333333333333,0.003075984304288211,1.5705860201169095,2.833333333333333,0.0075764838781620224,1.5715009949662357,3.583333333333333,0.012070994030053161,1.5723896002988043,4.333333333333333,0.016565662408248027,12.0,3.0,0.05079309571298076,0.14124588528330362,0.08864414014685916
1.276,0.0,0.0,-0.9813953474218465,-1.6666666666666667,-0.00418578015059857,-0.6298792128681089,-0.9166666666666667,-0.0018863691800842474,0.4056513350260085,-0.16666666666666674,-0.003497672007350658,1.0805416158906742,0.5833333333333333,-0.0030229468059346743,1.563286861119175,1.3333333333333333,-0.00137252597237692,1.5706694308817313,2.083333333333333,0.003075983844948642,1.5705860199391464,2.833333333333333,0.007576483879298541,1.5715009949107874,3.583333333333333,0.012070994030202583,1.5723896018093246,4.333333333333333,0.016565662398207174,12.0,3.0,0.05079939001416483,0.14150924200407544,0.08850991656026638
1.278,0.0,0.0,-0.993938251683506,-1.6666666666666667,-0.004111627915468922,-0.6573040720260364,-0.9166666666666667,-0.0017207247227913473,0.39493818141793624,-0.16666666666666674,-0.003433908010156051,1.0739052352489182,0.5833333333333333,-0.0029832496953440457,1.5644737440852254,1.3333333333333333,-0.0013797211667150506,1.5706694976161508,2.083333333333333,0.0030759834147096104,1.5705860197733792,2.833333333333333,0.00757648388036512,1.5715009948302485,3.583333333333333,0.012070994030535274,1.5723896031724773,4.333333333333333,0.016565662389144052,12.0,3.0,0.0508056843153489,0.14177259872484727,0.0883756929736736
1.28,0.0,0.0,-1.0066720786603702,-1.6666666666666667,-0.004036370489898964,-0.6845376816819838,-0.9166666666666667,-0.0015561755678437823,0.38413982020274307,-0.16666666666666674,-0.0033696290885076178,1.0672492308310726,0.5833333333333333,-0.00294343141149351,1.5656477370900799,1.3333333333333333,-0.001386842464511353,1.5706695592598818,2.083333333333333,0.0030759830143030934,1.5705860196197452,2.833333333333333,0.007576483881359723,1.5715009947293836,3.583333333333333,0.012070994031018505,1.5723896044023937,4.333333333333333,0.016565662380965133,12.0,3.0,0.050811978616532964,0.1420359554456191,0.08824146938708083
1.282,0.0,0.0,-1.0196033379157758,-1.6666666666666667,-0.003959967528037779,-0.7115715646616926,-0.9166666666666667,-0.0013927739099080976,0.37325688093857967,-0.16666666666666674,-0.003304838921216459,1.0605741760022398,0.5833333333333333,-0.0029034953849864363,1.5668082678109856,1.3333333333333333,-0.0013938864225404796,1.5706696156975763,2.083333333333333,0.0030759826444407075,1.5705860194782086,2.833333333333333,0.0075764838822815275,1.5715009946123426,3.583333333333333,0.012070994031623697,1.572389605511881,4.333333333333333,0.016565662373585636,12.0,3.0,0.05081827291771703,0.1422993121663909,0.08810724580048805
1.284,0.0,0.0,-1.03273831759417,-1.6666666666666667,-0.0038823799725053454,-0.7383974691809962,-0.9166666666666667,-0.001230570612029845,0.3622900079031225,-0.16666666666666674,-0.0032395412856314784,1.0538806456581846,0.5833333333333333,-0.002863445056013439,1.5679547655848007,1.3333333333333333,-0.001400849606865914,1.5706696668170115,2.083333333333333,0.00307598230581454,1.570586019348587,2.833333333333333,0.007576483883130747,1.5715009944827274,3.583333333333333,0.012070994032325942,1.5723896065125424,4.333333333333333,0.01656566236692871,12.0,3.0,0.0508245672189011,0.14256266888716274,0.08797302221389527
1.286,0.0,0.0,-1.0460830782981825,-1.6666666666666667,-0.0038035700944349803,-0.76500737156229,-0.9166666666666667,-0.001069615184914023,0.3512398582948064,-0.16666666666666674,-0.0031737400474187356,1.0471692161576391,0.5833333333333333,-0.002823283873949108,1.5690866615187542,1.3333333333333333,-0.0014077285935088048,1.5706697125089675,2.083333333333333,0.0030759819990979296,1.5705860192305756,2.833333333333333,0.007576483883908476,1.5715009943436522,3.583333333333333,0.012070994033103633,1.5723896074148886,4.333333333333333,0.016565662360924743,12.0,3.0,0.05083086152008517,0.14282602560793456,0.0878387986273025
1.288,0.0,0.0,-1.05964344750931,-1.6666666666666667,-0.0037235015302109057,-0.7913934782536868,-0.9166666666666667,-0.0009099557706262602,0.3401071003551345,-0.16666666666666674,-0.003107439149768839,1.0404404652541313,0.5833333333333333,-0.0027830152969458353,1.5702033886004778,1.3333333333333333,-0.0014145199691125256,1.5706697526671165,2.083333333333333,0.0030759817249461936,1.5705860191237708,2.833333333333333,0.007576483884616545,1.5715009941977982,3.583333333333333,0.012070994033938085,1.5723896082284365,4.333333333333333,0.016565662355510668,12.0,3.0,0.050837155821269235,0.14308938232870638,0.08770457504070972
1.29,0.0,0.0,-1.0734250145434794,-1.6666666666666667,-0.003642139314944141,-0.8175482271930613,-0.9166666666666667,-0.0007516391304778798,0.32889241142907366,-0.16666666666666674,-0.0030406426021308075,1.0337494102101,0.5833333333333333,-0.002742642791524788,1.5711798643152772,1.3333333333333333,-0.0014212203316028673,1.5706720507869572,2.083333333333333,0.0030759814839972995,1.5705860190276901,2.833333333333333,0.007576483885257374,1.571500994047462,3.583333333333333,0.01207099403481321,1.5723896089618012,4.333333333333333,0.016565662350629378,12.0,3.0,0.0508434501224533,0.1433527390494782,0.08757035145411694
1.292,0.0,0.0,-1.0874331260315282,-1.6666666666666667,-0.0035594499127391244,-0.8434642885611647,-0.9166666666666667,-0.0005947106368416326,0.31759647598093305,-0.16666666666666674,-0.0029733544685744424,1.0271166179541147,0.5833333333333333,-0.0027024964612606,1.5719705019545198,1.3333333333333333,-0.0014270791858916638,1.5706768918636713,2.083333333333333,0.0030759676952782553,1.570586018941791,2.833333333333333,0.007576483885833858,1.5715009938946003,3.583333333333333,0.012070994035715226,1.5723896096227792,4.333333333333333,0.01656566234622919,12.0,3.0,0.05084974442363737,0.14361609577025003,0.08743612786752417
1.294,0.0,0.0,-1.1016728819136932,-1.6666666666666667,-0.0034754012438108313,-0.8691345649692599,-0.9166666666666667,-0.00043921426863301205,0.30621998358329067,-0.16666666666666674,-0.0029055788558855987,1.0205315548921725,0.5833333333333333,-0.0026626997077246885,1.5726009258208142,1.3333333333333333,-0.0014318230117271193,1.5706832585632944,2.083333333333333,0.0030759386488179706,1.5705860188654874,2.833333333333333,0.007576483886349252,1.5715009937408688,3.583333333333333,0.012070994036632397,1.5723896102184236,4.333333333333333,0.016565662342263324,12.0,3.0,0.05085603872482144,0.14387945249102185,0.08730190428093139
1.296,0.0,0.0,-1.1161491319365182,-1.6666666666666667,-0.0033899627085178415,-0.8945521911273417,-0.9166666666666667,-0.0002851926101844411,0.29476362689650437,-0.16666666666666674,-0.0028373199014997447,1.013984756669324,0.5833333333333333,-0.0026231893293530355,1.5730941733913117,1.3333333333333333,-0.001435605554924886,1.5706903402732035,2.083333333333333,0.003075900448620232,1.5705860187981642,2.833333333333333,0.007576483886807074,1.5715009935876587,3.583333333333333,0.012070994037554787,1.5723896107551139,4.333333333333333,0.016565662338689457,12.0,3.0,0.050862333026005506,0.14414280921179368,0.08716768069433861
1.298,0.0,0.0,-1.1308664726401272,-1.6666666666666667,-0.0033031052083808913,-0.9197105330390074,-0.9166666666666667,-0.00013268685323595,0.283228099656116,-0.16666666666666674,-0.0027685817613790267,1.0074679723614925,0.5833333333333333,-0.002583908540015945,1.5734703816369664,1.3333333333333333,-0.001438565040347871,1.5706975166951864,2.083333333333333,0.003075857958360777,1.5705860187391893,2.833333333333333,0.007576483887211013,1.5715009934361281,3.583333333333333,0.012070994038474047,1.5723896112386182,4.333333333333333,0.016565662335469314,12.0,3.0,0.050868627327189574,0.1444061659325655,0.08703345710774583
1.3,0.0,0.0,-1.1458292448235503,-1.6666666666666667,-0.003214801164159237,-0.9446031867684964,-0.9166666666666667,1.8263198234043988e-05,0.27161409468505493,-0.16666666666666674,-0.0026993685979366964,1.000974023420864,0.5833333333333333,-0.0025448078341689558,1.5737471267213359,1.3333333333333333,-0.001440822289821799,1.570704328460548,2.083333333333333,0.00307581489982888,1.570586018687926,2.833333333333333,0.007576483887564862,1.5715009932872308,3.583333333333333,0.012070994039383227,1.5723896116741505,4.333333333333333,0.01656566233256829,12.0,3.0,0.05087492162837364,0.14466952265333732,0.08689923352115306
1.302,0.0,0.0,-1.1610415314756903,-1.6666666666666667,-0.003125024531058699,-0.9692239768243917,-0.9166666666666667,0.00016761912061097806,0.2599223019469798,-0.16666666666666674,-0.0026296845681103302,0.9944966786865943,0.5833333333333333,-0.002505844140525184,1.5739397257138656,1.3333333333333333,-0.0014424827603280157,1.5707104497978848,2.083333333333333,0.0030757740292367106,1.5705860186437406,2.833333333333333,0.007576483887872443,1.5715009931417419,3.583333333333333,0.012070994040276615,1.5723896120664222,4.333333333333333,0.016565662329955093,12.0,3.0,0.05088121592955771,0.14493287937410915,0.08676500993456028
1.304,0.0,0.0,-1.1765071561595462,-1.6666666666666667,-0.0030337508111458584,-0.9935669542030199,-0.9166666666666667,0.00031534386094634947,0.2481534066563817,-0.16666666666666674,-0.0025595338116818794,0.9880305435604647,0.5833333333333333,-0.0024669800721195665,1.574061504424837,1.3333333333333333,-0.0014436383542831943,1.5707156638897515,2.083333333333333,0.0030757373012126896,1.5705860186060114,2.833333333333333,0.007576483888137555,1.5715009930002806,3.583333333333333,0.012070994041149549,1.5723896124196903,4.333333333333333,0.016565662327601465,12.0,3.0,0.05088751023074178,0.14519623609488097,0.0866307863479675
1.306,0.0,0.0,-1.1922296818374392,-1.6666666666666667,-0.0029409570630427235,-1.0176263941327879,-0.9166666666666667,0.00046140172521811886,0.2363080874602268,-0.16666666666666674,-0.0024889204399382906,0.9815709616975536,0.5833333333333333,-0.0024281832613627886,1.5741240350378751,1.3333333333333333,-0.0014443690265490221,1.5707198412077332,2.083333333333333,0.0030757060166614896,1.5705860185741345,2.833333333333333,0.0075764838883639295,1.571500992863331,3.583333333333333,0.012070994041998314,1.5723896127377992,4.333333333333333,0.016565662325481855,12.0,3.0,0.050893804531925844,0.1454595928156528,0.08649656276137473
1.308,0.0,0.0,-1.2082124101251814,-1.6666666666666667,-0.0028466219089753656,-1.0413967935585906,-0.9166666666666667,0.0006057583647967269,0.22438701470495517,-0.16666666666666674,-0.0024178485247613613,0.9751139277770288,0.5833333333333333,-0.0023894257701853223,1.5741373468286464,1.3333333333333333,-0.0014447442102272512,1.5707229208573175,2.083333333333333,0.003075680952753599,1.5705860185475289,2.833333333333333,0.007576483888555191,1.57150099273126,3.583333333333333,0.012070994042820013,1.57238961302422,4.333333333333333,0.0165656623235732,12.0,3.0,0.05090009883310991,0.14572294953642462,0.08636233917478195
1.31,0.0,0.0,-1.2244583809633578,-1.6666666666666667,-0.002750725539248912,-1.0648728684031072,-0.9166666666666667,0.0007483807613515432,0.21239084880159514,-0.16666666666666674,-0.0023463220882297313,0.9686560101007433,0.5833333333333333,-0.002350683566662173,1.5741101129105557,1.3333333333333333,-0.0014448240809718787,1.5707248947913461,2.083333333333333,0.0030756624748560935,1.5705860185256406,2.833333333333333,0.007576483888714825,1.5715009926043337,3.583333333333333,0.012070994043612436,1.5723896132820867,4.333333333333333,0.016565662321854677,12.0,3.0,0.05090639313429398,0.14598630625719644,0.08622811558818917
1.312,0.0,0.0,-1.2409703726941397,-1.6666666666666667,-0.0026532497142198537,-1.088049550639302,-0.9166666666666667,0.000889237210418643,0.20032023870061388,-0.16666666666666674,-0.0022743450928095713,0.9621942819219239,0.5833333333333333,-0.0023119360606044604,1.5740498156360068,1.3333333333333333,-0.0014446606774633347,1.5707257946487465,2.083333333333333,0.0030756506312519215,1.570586018507946,2.833333333333333,0.007576483888846155,1.5715009924827317,3.583333333333333,0.012070994044373996,1.572389613514227,4.333333333333333,0.016565662320307477,12.0,3.0,0.05091268743547805,0.14624966297796826,0.0860938920015964
1.314,0.0,0.0,-1.2577509025322813,-1.6666666666666667,-0.0025541777638351626,-1.11092198520584,-0.9166666666666667,0.0010282973038358114,0.1881758204869216,-0.16666666666666674,-0.0022019214322036838,0.9557262605375275,0.5833333333333333,-0.002273165691531544,1.573962893001625,1.3333333333333333,-0.001444298893816041,1.5707256809258192,2.083333333333333,0.003075645232107519,1.5705860184939535,2.833333333333333,0.007576483888952322,1.57150099236656,3.583333333333333,0.012070994045103606,1.5723896137231927,4.333333333333333,0.016565662318914636,12.0,3.0,0.050918981736662115,0.1465130196987401,0.08595966841500362
1.316,0.0,0.0,-1.2748022274191555,-1.6666666666666667,-0.002453494584806313,-1.1334855267944557,-0.9166666666666667,0.00116553191123504,0.17595821610419524,-0.16666666666666674,-0.00212905492292153,0.9492503336955919,0.5833333333333333,-0.0022343575632251655,1.573853769160069,1.3333333333333333,-0.0014437773580097501,1.570724653414352,2.083333333333333,0.003075645914445083,1.5705860184832048,2.833333333333333,0.007576483889036277,1.571500992255862,3.583333333333333,0.01207099404580064,1.5723896139112852,4.333333333333333,0.016565662317660844,12.0,3.0,0.05092527603784618,0.1467763764195119,0.08582544482841084
1.318,0.0,0.0,-1.2921263452488407,-1.6666666666666667,-0.0023511866354850677,-1.1557357365356142,-0.9166666666666667,0.0013009131607667338,0.1636680322164015,-0.16666666666666674,-0.0020557492966251723,0.9427666353351143,0.5833333333333333,-0.0021955020021735515,1.5737228651913815,1.3333333333333333,-0.001443122614960414,1.5707228746728128,2.083333333333333,0.0030756520795138867,1.5705860184752756,2.833333333333333,0.00757648388910077,1.571500992150629,3.583333333333333,0.012070994046464828,1.5723896140805802,4.333333333333333,0.01656566231653229,12.0,3.0,0.05093157033903025,0.14703973314028373,0.08569122124181806
1.32,0.0,0.0,-1.3097249964553737,-1.6666666666666667,-0.002247241928506956,-1.1776683786061475,-0.9166666666666667,0.001434414419213685,0.151305859213095,-0.16666666666666674,-0.0019820081932984093,0.9362756723964699,0.5833333333333333,-0.002156599812010686,1.5735697573560716,1.3333333333333333,-0.0014423371911482894,1.5707205027172726,2.083333333333333,0.0030756627519631214,1.570586018469776,2.833333333333333,0.0075764838891483445,1.5715009920508083,3.583333333333333,0.012070994047096224,1.572389614232949,4.333333333333333,0.016565662315516518,12.0,3.0,0.05093786464021432,0.14730308986105556,0.08555699765522529
1.322,0.0,0.0,-1.3275996659503122,-1.6666666666666667,-0.0021416500212677585,-1.1992794167799257,-0.9166666666666667,0.0015660102716368845,0.1388722703637565,-0.16666666666666674,-0.0019078351552785707,0.9297779529667948,0.5833333333333333,-0.00211765403437882,1.5733940293559263,1.3333333333333333,-0.0014414185441364302,1.5707176759567227,2.083333333333333,0.003075676983696363,1.5705860184663496,2.833333333333333,0.0075764838891813424,1.571500991956311,3.583333333333333,0.01207099404769515,1.5723896143700788,4.333333333333333,0.016565662314602304,12.0,3.0,0.050944158941398386,0.14756644658182738,0.08542277406863251
1.324,0.0,0.0,-1.3457515853997108,-1.6666666666666667,-0.0020344020042981272,-1.2205650109401096,-0.9166666666666667,0.0016956765006795535,0.1263678211251327,-0.16666666666666674,-0.0018332336221825395,0.9232739861049564,0.5833333333333333,-0.002078667717800769,1.5731952720927094,1.3333333333333333,-0.0014403641761355584,1.5707145147116879,2.083333333333333,0.003075693944259662,1.5705860184646732,2.833333333333333,0.007576483889201901,1.571500991867019,3.583333333333333,0.012070994048262132,1.57238961449349,4.333333333333333,0.01656566231377953,12.0,3.0,0.050950453242582454,0.1478298033025992,0.08528855048203973
1.326,0.0,0.0,-1.3641817358294954,-1.6666666666666667,-0.0019254904876017354,-1.2415215135691244,-0.9166666666666667,0.0018233900656406572,0.11379304860425556,-0.16666666666666674,-0.0017582069267507966,0.9167642816676184,0.5833333333333333,-0.0020396439166297385,1.5729730834270217,1.3333333333333333,-0.0014391716325562567,1.5707111227235278,2.083333333333333,0.003075712911729871,1.5705860184644551,2.833333333333333,0.0075764838892119594,1.5715009917827911,3.583333333333333,0.012070994048797884,1.5723896146045522,4.333333333333333,0.01656566231303906,12.0,3.0,0.05095674754376652,0.14809316002337103,0.08515432689544696
1.328,0.0,0.0,-1.3828908505480304,-1.6666666666666667,-0.001814909585023028,-1.262145466230218,-0.9166666666666667,0.0019491290814147462,0.10114847117856342,-0.16666666666666674,-0.0016827582916255337,0.9102493501381979,0.5833333333333333,-0.0020005856900057106,1.5727270679435614,1.3333333333333333,-0.0014378385005621307,1.5707075886261472,2.083333333333333,0.003075733263658832,1.5705860184654346,2.833333333333333,0.007576483889213267,1.5715009917034672,3.583333333333333,0.01207099404930325,1.5723896147044998,4.333333333333333,0.016565662312372685,12.0,3.0,0.05096304184495059,0.14835651674414285,0.08502010330885418
1.33,0.0,0.0,-1.4018794183744125,-1.6666666666666667,-0.0017026548967118181,-1.2824335960523554,-0.9166666666666667,0.002072872797381308,0.08843458827333296,-0.16666666666666674,-0.001606890827071381,0.9037297024598621,0.5833333333333333,-0.0019614961008291875,1.5724568367268104,1.3333333333333333,-0.0014363624076613691,1.5707039873619388,2.083333333333333,0.003075754468243115,1.5705860184673794,2.833333333333333,0.007576483889207391,1.5715009916288736,3.583333333333333,0.012070994049779194,1.5723896147944443,4.333333333333333,0.016565662311772998,12.0,3.0,0.05096933614613466,0.14861987346491468,0.0848858797222614
1.332,0.0,0.0,-1.4211476871606905,-1.6666666666666667,-0.0015887234897535253,-1.3023828122282395,-0.9166666666666667,0.002194601576314132,0.07565188029546491,-0.16666666666666674,-0.0015306075296399981,0.8972058498732612,0.5833333333333333,-0.0019223782147591729,1.572162007149639,1.3333333333333333,-0.0014347410203608625,1.5707003815308225,2.083333333333333,0.0030757760758283654,1.5705860184700848,2.833333333333333,0.007576483889195722,1.5715009915588263,3.583333333333333,0.012070994050226757,1.572389614875387,4.333333333333333,0.016565662311233333,12.0,3.0,0.050975630447318725,0.1488832301856865,0.08475165613566862
1.334,0.0,0.0,-1.440695667595831,-1.6666666666666667,-0.0014731138770358574,-1.3219902025334702,-0.9166666666666667,0.0023142968733694366,0.06280080872155872,-0.16666666666666674,-0.00145391128177279,0.8906783037593834,0.5833333333333333,-0.001883235099239568,1.5718422026762655,1.3333333333333333,-0.0014329720428978342,1.570696822666053,2.083333333333333,0.0030757977108150634,1.570586018473371,2.833333333333333,0.00757648388917949,1.5715009914931344,3.583333333333333,0.01207099405064704,1.5723896149482295,4.333333333333333,0.016565662310747676,12.0,3.0,0.05098192474850279,0.14914658690645832,0.08461743254907585
1.336,0.0,0.0,-1.460523137278815,-1.6666666666666667,-0.0013558259944250152,-1.3412530298732412,-0.9166666666666667,0.002431941215200821,0.04988181633716828,-0.16666666666666674,-0.0013768048523293528,0.8841475754877125,0.5833333333333333,-0.001844069822556301,1.5714970526803105,1.3333333333333333,-0.0014310532160575935,1.570693352433668,2.083333333333333,0.003075819064003681,1.5705860184770821,2.833333333333333,0.007576483889159772,1.571500991431603,3.583333333333333,0.012070994051041194,1.572389615013783,4.333333333333333,0.016565662310310623,12.0,3.0,0.05098821904968686,0.14940994362723015,0.08448320896248307
1.338,0.0,0.0,-1.48062964504778,-1.6666666666666667,-0.0012368611763271106,-1.36016872886155,-0.9166666666666667,0.002547518179239447,0.03689532762315785,-0.16666666666666674,-0.0012992908980230102,0.8776141762697359,0.5833333333333333,-0.0018048854529262755,1.5711261922782191,1.3333333333333333,-0.0014289823160818635,1.5706900037545461,2.083333333333333,0.003075839885397991,1.5705860184810838,2.833333333333333,0.007576483889137506,1.571500991374035,3.583333333333333,0.012070994051410381,1.5723896150727785,4.333333333333333,0.0165656623099173,12.0,3.0,0.05099451335087093,0.14967330034800197,0.08434898537589029
1.34,0.0,0.0,-1.5010145155516277,-1.6666666666666667,-0.0011162221297133202,-1.3787349024366395,-0.9166666666666667,0.0026610123731693,0.02384174928418193,-0.16666666666666674,-0.0012213719657389475,0.871078617017762,0.5833333333333333,-0.001765685057618416,1.5707292621780438,1.3333333333333333,-0.0014267571536693154,1.5706868018493747,2.083333333333333,0.0030758599774727215,1.5705860184852614,2.833333333333333,0.007576483889113496,1.571500991320234,3.583333333333333,0.01207099405175579,1.5723896151258734,4.333333333333333,0.016565662309563325,12.0,3.0,0.051000807652054996,0.1499366570687738,0.08421476178929752
1.342,0.0,0.0,-1.5216768540500152,-1.6666666666666667,-0.0009939129066902344,-1.396949318515308,-0.9166666666666667,0.0027724094146198367,0.010721470913497412,-0.16666666666666674,-0.001143050495705092,0.8645414082089545,0.5833333333333333,-0.0017264717021065726,1.5703059085433806,1.3333333333333333,-0.001424375573068263,1.5706837652076664,2.083333333333333,0.00307587918890375,1.5705860184895184,2.833333333333333,0.007576483889088431,1.571500991270005,3.583333333333333,0.012070994052078593,1.5723896151736594,4.333333333333333,0.01656566230924476,12.0,3.0,0.05100710195323906,0.15020001378954562,0.08408053820270474
1.344,0.0,0.0,-1.542615551427142,-1.6666666666666667,-0.0008699388756999094,-1.4148099066878124,-0.9166666666666667,0.002881695911091847,-0.002465134212414297,-0.16666666666666674,-0.0010643288254809848,0.8580030597544561,0.5833333333333333,-0.0016872484492537277,1.56985578287215,1.3333333333333333,-0.0014218354512602841,1.5706809064824894,2.083333333333333,0.003075897408754,1.5705860184937748,2.833333333333333,0.007576483889062888,1.5715009912231563,3.583333333333333,0.012070994052379968,1.5723896152166692,4.333333333333333,0.01656566230895804,12.0,3.0,0.05101339625442313,0.15046337051031744,0.08394631461611196
1.346,0.0,0.0,-1.563829289404253,-1.6666666666666667,-0.0007443066914371483,-1.432314754954328,-0.9166666666666667,0.0029888594401268737,-0.015717708216580948,-0.16666666666666674,-0.0009852091947255147,0.851464080873453,0.5833333333333333,-0.0016480183585267372,1.5693785418898283,1.3333333333333333,-0.0014191346972329004,1.5706782333129148,2.083333333333333,0.003075914561105062,1.5705860184979645,2.833333333333333,0.00757648388903735,1.5715009911795004,3.583333333333333,0.012070994052661061,1.572389615255382,4.333333333333333,0.016565662308699984,12.0,3.0,0.0510196905556072,0.15072672723108926,0.08381209102951918
1.348,0.0,0.0,-1.5838556739745022,-1.6666666666666667,-0.000617024263574483,-1.450522459088549,-0.9166666666666667,0.003093888529725968,-0.029236167277143586,-0.16666666666666674,-0.0009056937507005148,0.8449249799720153,0.5833333333333333,-0.0016087844852407187,1.5688738474566843,1.3333333333333333,-0.0014162712513389702,1.570675749076419,2.083333333333333,0.0030759306001225096,1.570586018502035,2.833333333333333,0.007576483889012211,1.5715009911388549,3.583333333333333,0.012070994052922996,1.572389615290229,4.333333333333333,0.016565662308467708,12.0,3.0,0.051025984856791266,0.1509900839518611,0.0836778674429264
1.35,0.0,0.0,-1.6001270688370477,-1.6666666666666667,-0.0004968659561529872,-1.4713067124038943,-0.9166666666666667,0.003203134754531294,-0.04336547506033385,-0.16666666666666674,-0.0008245829963371389,0.8383862645265375,0.5833333333333333,-0.0015695498798320923,1.56834136648854,1.3333333333333333,-0.0014132430847401066,1.5706734535736666,2.083333333333333,0.0030759455055414846,1.5705860185059448,2.833333333333333,0.007576483888987788,1.5715009911010434,3.583333333333333,0.012070994053166868,1.5723896153215982,4.333333333333333,0.016565662308258625,12.0,3.0,0.051032279157975334,0.1512534406726329,0.08354364385633363
1.352,0.0,0.0,-1.6131792596454717,-1.6666666666666667,-0.0003992375869777143,-1.4942912338053185,-0.9166666666666667,0.0033278402744233654,-0.058023805704370206,-0.16666666666666674,-0.0007398071496379974,0.8318484409715939,0.5833333333333333,-0.0015303175871592255,1.5677807708905247,1.3333333333333333,-0.00141004819893124,1.570671343648261,2.083333333333333,0.003075959278557999,1.5705860185096623,2.833333333333333,0.007576483888964329,1.5715009910658955,3.583333333333333,0.012070994053393739,1.5723896153498382,4.333333333333333,0.016565662308070408,12.0,3.0,0.0510385734591594,0.15151679739340473,0.08340942026974085
1.354,0.0,0.0,-1.6234781198496493,-1.6666666666666667,-0.0003209244421271702,-1.5191444701247399,-0.9166666666666667,0.0034657474028319105,-0.07314183999547375,-0.16666666666666674,-0.0006518571657737792,0.8253120145920121,0.5833333333333333,-0.0014910906458295641,1.5671917375032711,1.3333333333333333,-0.0014066846253431486,1.5706694137442057,2.083333333333333,0.0030759719381104316,1.570586018513165,2.833333333333333,0.007576483888942024,1.5715009910332478,3.583333333333333,0.012070994053604626,1.5723896153752632,4.333333333333333,0.01656566230790097,12.0,3.0,0.05104486776034347,0.15178015411417656,0.08327519668314808
1.356,0.0,0.0,-1.6314299537876384,-1.6666666666666667,-0.0002591312809021047,-1.545574770114872,-0.9166666666666667,0.003614866820748439,-0.08866001816088864,-0.16666666666666674,-0.000561148960027158,0.818777489418961,0.5833333333333333,-0.001451872087552073,1.5665739480609522,1.3333333333333333,-0.0014031504250196273,1.5706676564039688,2.083333333333333,0.003075983517534764,1.5705860185164375,2.833333333333333,0.007576483888921008,1.5715009910029436,3.583333333333333,0.012070994053800512,1.5723896153981554,4.333333333333333,0.01656566230774842,12.0,3.0,0.05105116206152754,0.15204351083494838,0.0831409730965553
1.358,0.0,0.0,-1.6373886274446179,-1.6666666666666667,-0.0002114202772741698,-1.5733267726779314,-0.9166666666666667,0.003773448620689232,-0.10452679004098306,-0.16666666666666674,-0.0004680398910346686,0.8122453681298407,0.5833333333333333,-0.0014126649365137664,1.5659270891605332,1.3333333333333333,-0.0013994436883657136,1.5706660627101967,2.083333333333333,0.003075994061576186,1.570586018519471,2.833333333333333,0.007576483888901373,1.5715009909748336,3.583333333333333,0.012070994053982338,1.5723896154187686,4.333333333333333,0.016565662307611067,12.0,3.0,0.051057456362711605,0.1523068675557202,0.08300674950996252
1.36,0.0,0.0,-1.6417551822301761,-1.6666666666666667,-0.00017566823533229315,-1.5980713337632897,-0.9166666666666667,0.0039399606360675885,-0.12270385308502343,-0.16666666666666674,-0.0003728392597541021,0.8057161519517534,0.5833333333333333,-0.0013734722087790448,1.5652508522415804,1.3333333333333333,-0.0013955625349632,1.5706646226742438,2.083333333333333,0.003076003623738818,1.5705860185222622,2.833333333333333,0.007576483888883172,1.5715009909487754,3.583333333333333,0.012070994054150996,1.5723896154373318,4.333333333333333,0.016565662307487388,12.0,3.0,0.05106375066389567,0.15257022427649203,0.08287252592336974
1.362,0.0,0.0,-1.6448041179012474,-1.6666666666666667,-0.00014946890661894364,-1.6182652811088145,-0.9166666666666667,0.0040884280025797375,-0.14382299025798972,-0.16666666666666674,-0.00026377688148985985,0.7991903405683289,0.5833333333333333,-0.0013342969117105209,1.5645449335759345,1.3333333333333333,-0.0013915051134494832,1.570663325574813,2.083333333333333,0.0030760122639545357,1.5705860185248115,2.833333333333333,0.007576483888866425,1.5715009909246338,3.583333333333333,0.012070994054307347,1.57238961545405,4.333333333333333,0.01656566230737601,12.0,3.0,0.05107004496507974,0.15283358099726385,0.08273830233677697
1.364,0.0,0.0,-1.6467276351324112,-1.6666666666666667,-0.00013117529259251627,-1.6345233536800647,-0.9166666666666667,0.004209591686652887,-0.1674777845247962,-0.16666666666666674,-0.0001370620584520621,0.7926684320296763,0.5833333333333333,-0.0012951420434099742,1.5638090342665423,1.3333333333333333,-0.0013872696014556073,1.5706621602500879,2.083333333333333,0.0030760200465511202,1.5705860185271239,2.833333333333333,0.007576483888851129,1.571500990902281,3.583333333333333,0.012070994054452196,1.5723896154691082,4.333333333333333,0.0165656623072757,12.0,3.0,0.05107633926626381,0.15309693771803567,0.08260407875018419
1.366,0.0,0.0,-1.6476962355341487,-1.6666666666666667,-0.00011963418920553348,-1.6473877889329434,-0.9166666666666667,0.004307140122080388,-0.19330850830739293,-0.16666666666666674,4.866707148776739e-06,0.7861509226652262,0.5833333333333333,-0.0012560105921780582,1.5630428602547186,1.3333333333333333,-0.0013828542055992542,1.5706611153467978,2.083333333333333,0.0030760270384994712,1.5705860185292064,2.833333333333333,0.007576483888837255,1.5715009908815958,3.583333333333333,0.012070994054586313,1.5723896154826724,4.333333333333333,0.016565662307185352,12.0,3.0,0.051082633567447876,0.1533602944388075,0.08246985516359141
1.368,0.0,0.0,-1.6478606009333574,-1.6666666666666667,-0.00011382258679510838,-1.657336194906015,-0.9166666666666667,0.00438432673359766,-0.2209973052591951,-0.16666666666666674,0.00015985104984435716,0.779638306999234,0.5833333333333333,-0.001216905535991358,1.5622461223351036,1.3333333333333333,-0.0013782571615283121,1.5706601795296913,2.083333333333333,0.0030760333079192115,1.5705860185310692,2.833333333333333,0.00757648388882476,1.5715009908624638,3.583333333333333,0.012070994054710424,1.5723896154948924,4.333333333333333,0.016565662307103966,12.0,3.0,0.05108892786863194,0.15362365115957932,0.08233563157699864
1.37,0.0,0.0,-1.6473534102281306,-1.6666666666666667,-0.00011283639439985605,-1.664788617134196,-0.9166666666666667,0.00444401716943609,-0.25026379919964287,-0.16666666666666674,0.00032598383155517006,0.7731310776687111,0.5833333333333333,-0.0011778298419954044,1.5614185361775792,1.3333333333333333,-0.0013734767340106222,1.5706593416548813,2.083333333333333,0.0030760389228218507,1.5705860185327232,2.833333333333333,0.007576483888813584,1.5715009908447775,3.583333333333333,0.012070994054825217,1.5723896155059027,4.333333333333333,0.016565662307030642,12.0,3.0,0.05109522216981601,0.15388700788035115,0.08220140799040586
1.372,0.0,0.0,-1.646291068836839,-1.6666666666666667,-0.00011587953863121658,-1.670113879027478,-0.9166666666666667,0.004488731702805175,-0.280861104067738,-0.16666666666666674,0.0005015827951978568,0.7666297253435619,0.5833333333333333,-0.0011387864660122673,1.5605598223554147,1.3333333333333333,-0.0013685112170654756,1.5706585909104867,2.083333333333333,0.0030760439500707106,1.5705860185341813,2.833333333333333,0.007576483888803659,1.5715009908284354,3.583333333333333,0.012070994054931335,1.5723896155158241,4.333333333333333,0.016565662306964584,12.0,3.0,0.05110151647100008,0.15415036460112297,0.08206718440381308
1.374,0.0,0.0,-1.644775334788734,-1.6666666666666667,-0.00012225358697896604,-1.6736352668900178,-0.9166666666666667,0.004520683274164868,-0.31257220791186613,-0.16666666666666674,0.0006851666244064277,0.760134738648705,0.5833333333333333,-0.0010997783520613718,1.559669706378927,1.3333333333333333,-0.0013633589341324887,1.5706579169279204,2.083333333333333,0.003076048454537078,1.5705860185354568,2.833333333333333,0.00757648388879491,1.5715009908133426,3.583333333333333,0.012070994055029385,1.5723896155247654,4.333333333333333,0.016565662306905052,12.0,3.0,0.051107810772184147,0.1544137213218948,0.0819329608172203
1.3760000000000001,0.0,0.0,-1.6428948325414023,-1.6666666666666667,-0.0001313479912675968,-1.6756356240080894,-0.9166666666666667,0.004541811601340107,-0.34520670372944307,-0.16666666666666674,0.0008754332474711963,0.7536466040879712,0.5833333333333333,-0.0010608084318922302,1.5587479187339603,1.3333333333333333,-0.001358018238273563,1.5706573098670649,2.083333333333333,0.0030760524984324755,1.5705860185365637,2.833333333333333,0.0075764838887872575,1.57150099079941,3.583333333333333,0.012070994055119941,1.5723896155328247,4.333333333333333,0.016565662306851404,12.0,3.0,0.051114105073368214,0.15467707804266662,0.08179873723062753
1.3780000000000001,0.0,0.0,-1.6407264509137571,-1.6666666666666667,-0.0001426310047515864,-1.6763619121333793,-0.9166666666666667,0.004553813744048536,-0.3785978403151946,-0.16666666666666674,0.0010712402223766579,0.7471658059695798,0.5833333333333333,-0.001021879624527828,1.5577941949245167,1.3333333333333333,-0.0013524875124037625,1.570656760478441,2.083333333333333,0.003076056140797609,1.5705860185375158,2.833333333333333,0.007576483888780616,1.5715009907865538,3.583333333333333,0.01207099405520354,1.5723896155400898,4.333333333333333,0.01656566230680305,12.0,3.0,0.05112039937455228,0.15494043476343844,0.08166451364403475
1.3800000000000001,0.0,0.0,-1.6383366253946314,-1.6666666666666667,-0.00015564129451745769,-1.6760292931621068,-0.9166666666666667,0.004558171472800275,-0.4125998670541642,-0.16666666666666674,0.0012715870418911672,0.7406928263330042,0.5833333333333333,-0.0009829948358174793,1.556808275518906,1.3333333333333333,-0.0013467651695471003,1.570656260145321,2.083333333333333,0.0030760594371293526,1.5705860185383271,2.833333333333333,0.007576483888774904,1.5715009907746957,3.583333333333333,0.012070994055280677,1.5723896155466401,4.333333333333333,0.01656566230675946,12.0,3.0,0.05112669367573635,0.15520379148421026,0.08153029005744197
1.3820000000000001,0.0,0.0,-1.6357825078181483,-1.6666666666666667,-0.00016998024763221188,-1.674824778800483,-0.9166666666666667,0.004556175758972641,-0.44708564768893544,-0.16666666666666674,0.0014755992023249846,0.7342281448770562,0.5833333333333333,-0.0009441569579980253,1.5557899061988152,1.3333333333333333,-0.001340849653113437,1.570655800908554,2.083333333333333,0.003076062439128073,1.570586018539011,2.833333333333333,0.007576483888770035,1.571500990763763,3.583333333333333,0.012070994055351825,1.572389615552547,4.333333333333333,0.016565662306720158,12.0,3.0,0.05113298797692042,0.1554671482049821,0.0813960664708492
1.3840000000000001,0.0,0.0,-1.6331130282433912,-1.6666666666666667,-0.00018530495309111085,-1.6729104914610193,-0.9166666666666667,0.004548948672802898,-0.481944519398158,-0.16666666666666674,0.0016825138861336123,0.7277722388890298,0.5833333333333333,-0.0009053688692623378,1.5547388378107376,1.3333333333333333,-0.0013347394371928916,1.5706553754766885,2.083333333333333,0.003076065194548674,1.570586018539581,2.833333333333333,0.0075764838887659326,1.5715009907536872,3.583333333333333,0.01207099405541742,1.5723896155578743,4.333333333333333,0.016565662306684718,12.0,3.0,0.051139282278104485,0.1557305049257539,0.08126184288425642
1.3860000000000001,0.0,0.0,-1.6303698550498698,-1.6666666666666667,-0.00020132183053965313,-1.6704265755070096,-0.9166666666666667,0.004537462948766116,-0.5170803749615042,-0.16666666666666674,0.0018916671163889478,0.721325583174757,0.5833333333333333,-0.000866633433334179,1.553654826419252,1.3333333333333333,-0.0013284330268644262,1.570654977223763,2.083333333333333,0.003076067747139867,1.5705860185400493,2.833333333333333,0.0075764838887625125,1.5715009907444049,3.583333333333333,0.012070994055477874,1.5723896155626798,4.333333333333333,0.016565662306652754,12.0,3.0,0.05114557657928855,0.15599386164652573,0.08112761929766364
1.3880000000000001,0.0,0.0,-1.6275882599325906,-1.6666666666666667,-0.00021778086970078192,-1.6674937942145431,-0.9166666666666667,0.004522559453042057,-0.5524099472888805,-0.16666666666666674,0.0021024822497690246,0.7148886499894506,0.5833333333333333,-0.0008279534990485427,1.5525376333616743,1.3333333333333333,-0.0013219289585155126,1.5706546001769446,2.083333333333333,0.0030760701366574204,1.570586018540428,2.833333333333333,0.007576483888759702,1.5715009907358566,3.583333333333333,0.012070994055533567,1.5723896155670154,4.333333333333333,0.01656566230662392,12.0,3.0,0.05115187088047262,0.15625721836729756,0.08099339571107086
1.3900000000000001,0.0,0.0,-1.6247978947854054,-1.6666666666666667,-0.00023447044040445688,-1.6642158444177215,-0.9166666666666667,0.004504962765287258,-0.5878612771092186,-0.16666666666666674,0.0023144596837332827,0.7084619089692149,0.5833333333333333,-0.0007893318999367038,1.551387025303657,1.3333333333333333,-0.001315225800170046,1.5706542389959748,2.083333333333333,0.0030760723989383307,1.5705860185407279,2.833333333333333,0.007576483888757431,1.5715009907279873,3.583333333333333,0.01207099405558486,1.5723896155709278,4.333333333333333,0.016565662306597905,12.0,3.0,0.05115816518165669,0.15652057508806938,0.08085917212447809
1.3920000000000001,0.0,0.0,-1.6220234875025212,-1.6666666666666667,-0.00025121263128756823,-1.6606814177121754,-0.9166666666666667,0.0044852950665063285,-0.6233723461099387,-0.16666666666666674,0.0025271676626553116,0.7020458270631279,0.5833333333333333,-0.0007507714538152899,1.5502027742953532,1.3333333333333333,-0.0013083221518219426,1.5706538889461847,2.083333333333333,0.0030760745660241497,1.5705860185409595,2.833333333333333,0.007576483888755631,1.5715009907207458,3.583333333333333,0.012070994055632075,1.572389615574459,4.333333333333333,0.01656566230657443,12.0,3.0,0.051164459482840756,0.1567839318088412,0.08072494853788531
1.3940000000000001,0.0,0.0,-1.6192854635848553,-1.6666666666666667,-0.00026785907498487303,-1.6569660342864996,-0.9166666666666667,0.004464088506273052,-0.658889859266373,-0.16666666666666674,0.002740234076659632,0.6956408684658051,0.5833333333333333,-0.0007122749623787679,1.5489846578278008,1.3333333333333333,-0.00130121664577212,1.5706535458666382,2.083333333333333,0.0030760766663228897,1.5705860185411324,2.833333333333333,0.007576483888754241,1.571500990714084,3.583333333333333,0.012070994055675523,1.572389615577647,4.333333333333333,0.016565662306553243,12.0,3.0,0.051170753784024824,0.15704728852961303,0.08059072495129253
1.3960000000000001,0.0,0.0,-1.6165985130619434,-1.6666666666666667,-0.00028428721849086894,-1.6531337722008168,-0.9166666666666667,0.004441796205718997,-0.6943691053900306,-0.16666666666666674,0.0029533391555982376,0.689247494550375,0.5833333333333333,-0.000673845210794831,1.54773245888923,1.3333333333333333,-0.0012939079469668053,1.570653206134772,2.083333333333333,0.003076078724800169,1.5705860185412552,2.833333333333333,0.007576483888753204,1.571500990707958,3.583333333333333,0.012070994055715495,1.5723896155805255,4.333333333333333,0.016565662306534116,12.0,3.0,0.05117704808520889,0.15731064525038485,0.08045650136469976
1.3980000000000001,0.0,0.0,-1.6139648520103957,-1.6666666666666667,-0.0003004089216283403,-1.6492181276445652,-0.9166666666666667,0.0044188026332049,-0.7297869035909412,-0.16666666666666674,0.0031662146323401833,0.6828661638018052,0.5833333333333333,-0.0006354849673022507,1.546445966021032,1.3333333333333333,-0.0012863947533353808,1.5706528666287196,2.083333333333333,0.003076080763191366,1.5705860185413358,2.833333333333333,0.007576483888752467,1.5715009907023265,3.583333333333333,0.012070994055752252,1.5723896155831254,4.333333333333333,0.016565662306516845,12.0,3.0,0.05118334238639296,0.15757400197115667,0.08032227777810698
1.4,0.0,0.0,-1.6113842931703541,-1.6666666666666667,-0.00031621088793762597,-1.6452225578054889,-0.9166666666666667,0.004395308765867391,-0.7651363016268377,-0.16666666666666674,0.003378721421545647,0.6764973317505292,0.5833333333333333,-0.0005971969828108317,1.5451249733731616,1.3333333333333333,-0.0012786757961261918,1.5706525246883343,2.083333333333333,0.0030760828002276805,1.5705860185413814,2.833333333333333,0.007576483888751984,1.5715009906971513,3.583333333333333,0.012070994055786039,1.5723896155854742,4.333333333333333,0.016565662306501246,12.0,3.0,0.05118963668757703,0.1578373586919285,0.0801880541915142
